model_id,estimator,feature_set,fit_days,metric,mean,se,t,p,ci_low,ci_high,n,calendar_days,missing_days,hac_lags,target
ols_core_raw_fit504_val126,ols,core,504,rank_ic,0.03476880305975505,0.0019521871133846387,17.810179578264925,5.892048163662076e-71,0.030942586626437948,0.038595019493072154,2266,2266,0,5,raw
ols_core_raw_fit504_val126,ols,core,504,ew_spread_bp,26.981663511121383,3.3938700422633183,7.950116879881393,1.863356301230587e-15,20.329800460075848,33.63352656216692,2266,2266,0,5,raw
ols_core_raw_fit504_val126,ols,core,504,cap_spread_bp,-2.1240905220326582,1.6640577294985681,-1.2764524237225305,0.20179563467794048,-5.385583740045347,1.1374026959800307,2266,2266,0,5,raw
ridge_core_raw_fit504_val126,ridge,core,504,rank_ic,0.034647970966093566,0.0019490519112038856,17.776833324409658,1.0684700620019951e-70,0.03082789941613499,0.03846804251605214,2266,2266,0,5,raw
ridge_core_raw_fit504_val126,ridge,core,504,ew_spread_bp,27.420989758333217,3.335643785178271,8.220598938105054,2.024893589431281e-16,20.883248074128943,33.95873144253749,2266,2266,0,5,raw
ridge_core_raw_fit504_val126,ridge,core,504,cap_spread_bp,-2.2110968767590418,1.6257268628610864,-1.36006664297087,0.17380883570966688,-5.397462976666059,0.9752692231479752,2266,2266,0,5,raw
lasso_core_raw_fit504_val126,lasso,core,504,rank_ic,0.03499380970747456,0.001968174824640567,17.77982792451642,1.0129039407207917e-70,0.03113625793590061,0.0388513614790485,2266,2266,0,5,raw
lasso_core_raw_fit504_val126,lasso,core,504,ew_spread_bp,27.791157860793028,3.3592042127988764,8.273137356432862,1.3047923397061974e-16,21.207238586992005,34.37507713459405,2266,2266,0,5,raw
lasso_core_raw_fit504_val126,lasso,core,504,cap_spread_bp,-2.4010325917837103,1.6341230480202629,-1.4693095447693225,0.1417488491182304,-5.6038549122102435,0.8017897286428224,2266,2266,0,5,raw
enet_core_raw_fit504_val126,enet,core,504,rank_ic,0.03499654157885338,0.0019680828104687784,17.782047276007425,9.735902077782193e-71,0.031139170151742206,0.03885391300596456,2266,2266,0,5,raw
enet_core_raw_fit504_val126,enet,core,504,ew_spread_bp,27.79252574953636,3.3588782743818313,8.274347409821305,1.291610603895193e-16,21.209245303293926,34.37580619577879,2266,2266,0,5,raw
enet_core_raw_fit504_val126,enet,core,504,cap_spread_bp,-2.400408324236097,1.6341903685730266,-1.4688670123127279,0.1418688635837757,-5.603362590521465,0.8025459420492713,2266,2266,0,5,raw
ols_all_raw_fit504_val126,ols,all,504,rank_ic,0.03282250606822043,0.0017769202028014885,18.471570088782006,3.497619076078149e-76,0.029339806467327905,0.03630520566911296,2266,2266,0,5,raw
ols_all_raw_fit504_val126,ols,all,504,ew_spread_bp,27.45177552695212,3.3776880004155534,8.12738640264428,4.386453743430181e-16,20.83162869512452,34.071922358779716,2266,2266,0,5,raw
ols_all_raw_fit504_val126,ols,all,504,cap_spread_bp,-1.0580493371142294,1.7609261934508562,-0.6008482019571693,0.5479410958651818,-4.50940125571112,2.393302581482661,2266,2266,0,5,raw
ridge_all_raw_fit504_val126,ridge,all,504,rank_ic,0.0345102803005425,0.00182770729091412,18.881732579445107,1.6121004840788587e-79,0.03092803983606955,0.038092520765015445,2266,2266,0,5,raw
ridge_all_raw_fit504_val126,ridge,all,504,ew_spread_bp,25.9006468077547,3.358523852593287,7.711913907580407,1.2394473672882577e-14,19.318061015453146,32.483232600056255,2266,2266,0,5,raw
ridge_all_raw_fit504_val126,ridge,all,504,cap_spread_bp,-0.8412905287667154,1.7144062757385126,-0.4907182974492518,0.6236257032709637,-4.201465084083645,2.5188840265502144,2266,2266,0,5,raw
lasso_all_raw_fit504_val126,lasso,all,504,rank_ic,0.03339128474720482,0.00185476003429345,18.003021485162016,1.8447476662876746e-72,0.029756021880025383,0.03702654761438426,2266,2266,0,5,raw
lasso_all_raw_fit504_val126,lasso,all,504,ew_spread_bp,25.882365593012572,3.284304922939758,7.880621988608004,3.2575541444869887e-15,19.44524622980305,32.3194849562221,2266,2266,0,5,raw
lasso_all_raw_fit504_val126,lasso,all,504,cap_spread_bp,-1.167967233786285,1.7768165964392504,-0.6573369677697165,0.5109642713210192,-4.650463769940256,2.3145293023676854,2266,2266,0,5,raw
enet_all_raw_fit504_val126,enet,all,504,rank_ic,0.033451501080161115,0.001855065608554789,18.032516438177034,1.082509755813678e-72,0.02981563929843485,0.03708736286188738,2266,2266,0,5,raw
enet_all_raw_fit504_val126,enet,all,504,ew_spread_bp,26.074072527273895,3.283966547732193,7.939810637011468,2.024901540016688e-15,19.63761636728446,32.51052868726333,2266,2266,0,5,raw
enet_all_raw_fit504_val126,enet,all,504,cap_spread_bp,-1.0801929448485301,1.7742132464900215,-0.608829263892324,0.5426376143476606,-4.557587008862858,2.397201119165797,2266,2266,0,5,raw
ols_textcore_raw_fit504_val126,ols,textcore,504,rank_ic,0.039211623249958916,0.0019217059076296558,20.404591094963546,1.5222976579804228e-92,0.03544514888212694,0.042978097617790895,2266,2266,0,5,raw
ols_textcore_raw_fit504_val126,ols,textcore,504,ew_spread_bp,21.045711541548012,3.5533171877361696,5.9228350382523285,3.16438232842573e-09,14.08133782793797,28.010085255158053,2266,2266,0,5,raw
ols_textcore_raw_fit504_val126,ols,textcore,504,cap_spread_bp,3.2473451782718628,2.4396513227722756,1.3310693819073176,0.18316618246906025,-1.5342835491973,8.028973905741026,2266,2266,0,5,raw
ridge_textcore_raw_fit504_val126,ridge,textcore,504,rank_ic,0.040438211241487526,0.0020917343952260694,19.332383372276606,2.8685548641572912e-83,0.03633848716162076,0.04453793532135429,2266,2266,0,5,raw
ridge_textcore_raw_fit504_val126,ridge,textcore,504,ew_spread_bp,20.024859043601204,3.5704331577772903,5.608523716508202,2.0405973908035713e-08,13.026938645150098,27.02277944205231,2266,2266,0,5,raw
ridge_textcore_raw_fit504_val126,ridge,textcore,504,cap_spread_bp,1.9595400779490033,2.3594569061908377,0.830504711829016,0.40625348493160296,-2.66491048125934,6.5839906371573464,2266,2266,0,5,raw
lasso_textcore_raw_fit504_val126,lasso,textcore,504,rank_ic,0.040343165324675447,0.0020553162067507053,19.628690316442768,8.795267030621869e-86,0.03631481958260258,0.04437151106674831,2266,2266,0,5,raw
lasso_textcore_raw_fit504_val126,lasso,textcore,504,ew_spread_bp,23.339391219916312,3.640936186578136,6.410271980584035,1.45260259197468e-10,16.203287424214558,30.475495015618066,2266,2266,0,5,raw
lasso_textcore_raw_fit504_val126,lasso,textcore,504,cap_spread_bp,3.2256082160157384,2.289631860658768,1.4087890160157335,0.15889756399889265,-1.261987768730878,7.713204200762355,2266,2266,0,5,raw
enet_textcore_raw_fit504_val126,enet,textcore,504,rank_ic,0.04033676980553017,0.0020573581560714023,19.606100030028145,1.3715436503257954e-85,0.03630442191633049,0.04436911769472986,2266,2266,0,5,raw
enet_textcore_raw_fit504_val126,enet,textcore,504,ew_spread_bp,23.13966246288701,3.641690698772519,6.354098790072025,2.0965207319218546e-10,16.00207985045837,30.27724507531565,2266,2266,0,5,raw
enet_textcore_raw_fit504_val126,enet,textcore,504,cap_spread_bp,3.1324280954118793,2.296910220835466,1.3637573062270176,0.1726439613850569,-1.369433213147576,7.6342894039713345,2266,2266,0,5,raw
ols_textall_raw_fit504_val126,ols,textall,504,rank_ic,0.03896663309197567,0.0017919202206777755,21.74574104489816,7.579862373477893e-105,0.03545453399627817,0.042478732187673174,2266,2266,0,5,raw
ols_textall_raw_fit504_val126,ols,textall,504,ew_spread_bp,26.58212358614978,3.576373037144028,7.4327043935487715,1.0639950702536251e-13,19.572561238067358,33.5916859342322,2266,2266,0,5,raw
ols_textall_raw_fit504_val126,ols,textall,504,cap_spread_bp,5.392912055025033,2.3495162640221183,2.29532867578152,0.021714295436725154,0.7879447964505806,9.997879313599487,2266,2266,0,5,raw
ridge_textall_raw_fit504_val126,ridge,textall,504,rank_ic,0.04142170399660831,0.0020316257687624443,20.388451767788,2.1174117338751737e-92,0.03743979065977042,0.045403617333446195,2266,2266,0,5,raw
ridge_textall_raw_fit504_val126,ridge,textall,504,ew_spread_bp,26.964574618646928,3.7889024204569552,7.116724482810751,1.1052210401553847e-12,19.53846233361466,34.390686903679196,2266,2266,0,5,raw
ridge_textall_raw_fit504_val126,ridge,textall,504,cap_spread_bp,3.859424721509563,2.1579704715619905,1.7884511268201086,0.07370325397736686,-0.370119682452855,8.08896912547198,2266,2266,0,5,raw
lasso_textall_raw_fit504_val126,lasso,textall,504,rank_ic,0.04005479315365806,0.001890209259614575,21.190666033360493,1.1643859823936492e-99,0.03635005108156937,0.04375953522574674,2266,2266,0,5,raw
lasso_textall_raw_fit504_val126,lasso,textall,504,ew_spread_bp,27.463413511261376,3.682802980113492,7.457204107729663,8.837774327400555e-14,20.24525230808215,34.6815747144406,2266,2266,0,5,raw
lasso_textall_raw_fit504_val126,lasso,textall,504,cap_spread_bp,4.5013520360223405,2.1504813059521286,2.093183522945976,0.036332775035194276,0.2864861269295078,8.716217945115172,2266,2266,0,5,raw
enet_textall_raw_fit504_val126,enet,textall,504,rank_ic,0.040044641813078374,0.0018887663695940288,21.201479684163143,9.25407625707829e-100,0.03634272775346361,0.04374655587269314,2266,2266,0,5,raw
enet_textall_raw_fit504_val126,enet,textall,504,ew_spread_bp,27.308553434923592,3.689997796906589,7.400696406327664,1.3547213497847957e-13,20.076290649954533,34.540816219892655,2266,2266,0,5,raw
enet_textall_raw_fit504_val126,enet,textall,504,cap_spread_bp,4.569626657417077,2.151188176047696,2.1242338110154058,0.033650597283305266,0.35337530839518383,8.78587800643897,2266,2266,0,5,raw
ols_core_raw_fit252_val126,ols,core,252,rank_ic,0.03515580411257737,0.001940355273432444,18.118230508574626,2.2883705201695986e-73,0.03135277765943741,0.03895883056571733,2266,2266,0,5,raw
ols_core_raw_fit252_val126,ols,core,252,ew_spread_bp,27.18049842302912,3.320919601316289,8.184630068206342,2.7314138908096386e-16,20.67161560889608,33.689381237162166,2266,2266,0,5,raw
ols_core_raw_fit252_val126,ols,core,252,cap_spread_bp,-1.9836489141012668,1.6827659919428313,-1.1788025926356238,0.23847679173197633,-5.281809652718035,1.3145118245155012,2266,2266,0,5,raw
ridge_core_raw_fit252_val126,ridge,core,252,rank_ic,0.035073072671551846,0.0019342744205733088,18.132418181467948,1.7681004323849753e-73,0.03128196447101108,0.03886418087209261,2266,2266,0,5,raw
ridge_core_raw_fit252_val126,ridge,core,252,ew_spread_bp,28.36930005159878,3.260580555584096,8.700689821330528,3.298727694194573e-18,21.978679593962354,34.75992050923521,2266,2266,0,5,raw
ridge_core_raw_fit252_val126,ridge,core,252,cap_spread_bp,-1.8443424088194398,1.6165093751206892,-1.140941362422807,0.25389432529431766,-5.012642564727338,1.3239577470884591,2266,2266,0,5,raw
lasso_core_raw_fit252_val126,lasso,core,252,rank_ic,0.035654807592673386,0.001962578711726217,18.16732617124571,9.365226236005779e-74,0.031808224000864985,0.03950139118448179,2266,2266,0,5,raw
lasso_core_raw_fit252_val126,lasso,core,252,ew_spread_bp,27.862075992740532,3.3368318944648303,8.349859050124287,6.834447670734973e-17,21.322005657124905,34.40214632835616,2266,2266,0,5,raw
lasso_core_raw_fit252_val126,lasso,core,252,cap_spread_bp,-2.375273302558041,1.6222661187133343,-1.4641699503913317,0.14314751848528331,-5.554856468575755,0.8043098634596739,2266,2266,0,5,raw
enet_core_raw_fit252_val126,enet,core,252,rank_ic,0.03567276315883229,0.001962770747608577,18.17469676593442,8.187995591093378e-74,0.031825803183610724,0.03951972313405386,2266,2266,0,5,raw
enet_core_raw_fit252_val126,enet,core,252,ew_spread_bp,27.87519012618657,3.337053454991782,8.353234523255551,6.641859033257407e-17,21.33468553991772,34.41569471245542,2266,2266,0,5,raw
enet_core_raw_fit252_val126,enet,core,252,cap_spread_bp,-2.3712562856087374,1.622164675813995,-1.4617851818397238,0.1438000859926096,-5.55064062719726,0.8081280559797852,2266,2266,0,5,raw
ols_all_raw_fit252_val126,ols,all,252,rank_ic,0.032601922578028616,0.0016677974741331396,19.547890606426243,4.299335663369788e-85,0.02933309959522079,0.03587074556083644,2266,2266,0,5,raw
ols_all_raw_fit252_val126,ols,all,252,ew_spread_bp,27.49370629931489,3.2575069931893528,8.440106608150797,3.1704835944951895e-17,21.109109913276395,33.87830268535338,2266,2266,0,5,raw
ols_all_raw_fit252_val126,ols,all,252,cap_spread_bp,-0.6820814470337953,1.861225949832177,-0.36646891103968177,0.714015206896315,-4.330017275796216,2.965854381728625,2266,2266,0,5,raw
ridge_all_raw_fit252_val126,ridge,all,252,rank_ic,0.03458638247140912,0.0018375825758648683,18.821675240978408,5.017286443921934e-79,0.030984786804095634,0.0381879781387226,2266,2266,0,5,raw
ridge_all_raw_fit252_val126,ridge,all,252,ew_spread_bp,27.31781987159704,3.325376769444792,8.214954805304076,2.1224417929504141e-16,20.800201168459093,33.83543857473499,2266,2266,0,5,raw
ridge_all_raw_fit252_val126,ridge,all,252,cap_spread_bp,-0.4802625855557075,1.796516151016566,-0.2673299570860796,0.7892151233896133,-4.001369539192697,3.0408443680812822,2266,2266,0,5,raw
lasso_all_raw_fit252_val126,lasso,all,252,rank_ic,0.03389204789022675,0.0017611210365341284,19.24458750258643,1.567058379293476e-82,0.03044031408620401,0.03734378169424949,2266,2266,0,5,raw
lasso_all_raw_fit252_val126,lasso,all,252,ew_spread_bp,27.02670713626863,3.2444078884309437,8.330243318863108,8.067637030313447e-17,20.667784523786334,33.38562974875093,2266,2266,0,5,raw
lasso_all_raw_fit252_val126,lasso,all,252,cap_spread_bp,0.27285823906963036,1.8048276970522399,0.1511824311624206,0.8798318088951921,-3.2645390454531276,3.810255523592388,2266,2266,0,5,raw
enet_all_raw_fit252_val126,enet,all,252,rank_ic,0.033898555027616836,0.0017640881598618,19.215907571349764,2.7242845231398345e-82,0.03044100576873417,0.0373561042864995,2266,2266,0,5,raw
enet_all_raw_fit252_val126,enet,all,252,ew_spread_bp,26.9144658568631,3.2404415906107653,8.30580188047463,9.914755109040623e-17,20.563317045260312,33.265614668465886,2266,2266,0,5,raw
enet_all_raw_fit252_val126,enet,all,252,cap_spread_bp,0.2886907015429067,1.798869526589961,0.16048451389921822,0.8724994196343296,-3.2370287834600338,3.8144101865458473,2266,2266,0,5,raw
ols_textcore_raw_fit252_val126,ols,textcore,252,rank_ic,0.037876842651950834,0.0018259407516579547,20.743741338572267,1.3963126585355246e-95,0.03429806454079725,0.04145562076310442,2266,2266,0,5,raw
ols_textcore_raw_fit252_val126,ols,textcore,252,ew_spread_bp,21.660253340246292,3.3313289624146893,6.501985719400709,7.926662703400596e-11,15.130968553258313,28.18953812723427,2266,2266,0,5,raw
ols_textcore_raw_fit252_val126,ols,textcore,252,cap_spread_bp,2.240345854771295,2.1272805029275963,1.0531501847960796,0.29227216539039236,-1.9290473159810464,6.409739025523637,2266,2266,0,5,raw
ridge_textcore_raw_fit252_val126,ridge,textcore,252,rank_ic,0.0398923840985438,0.0020273987036528796,19.676634904948603,3.4196827758250896e-86,0.03591875565708096,0.04386601254000664,2266,2266,0,5,raw
ridge_textcore_raw_fit252_val126,ridge,textcore,252,ew_spread_bp,18.625792733656375,3.4770227428290337,5.356822233064183,8.469837855657843e-08,11.810953384284794,25.440632083027957,2266,2266,0,5,raw
ridge_textcore_raw_fit252_val126,ridge,textcore,252,cap_spread_bp,3.0059192069675498,2.4047000395459217,1.2500183630117776,0.21129283943608457,-1.7072062641645007,7.7190446780996,2266,2266,0,5,raw
lasso_textcore_raw_fit252_val126,lasso,textcore,252,rank_ic,0.03986594797163187,0.0020595562642622537,19.35657144375811,1.7943789580217357e-83,0.035829291869544,0.04390260407371974,2266,2266,0,5,raw
lasso_textcore_raw_fit252_val126,lasso,textcore,252,ew_spread_bp,23.406280900549923,3.5833679644679854,6.5319222398152466,6.493086755457035e-11,16.38300874683807,30.429553054261778,2266,2266,0,5,raw
lasso_textcore_raw_fit252_val126,lasso,textcore,252,cap_spread_bp,1.4204165474843946,2.44512613616345,0.5809174939797231,0.5612960613427679,-3.371942617053547,6.212775712022337,2266,2266,0,5,raw
enet_textcore_raw_fit252_val126,enet,textcore,252,rank_ic,0.03988078008603844,0.0020624988506569935,19.336146574498557,2.666738022505716e-83,0.03583835662059547,0.0439232035514814,2266,2266,0,5,raw
enet_textcore_raw_fit252_val126,enet,textcore,252,ew_spread_bp,23.298224917491176,3.58515064132605,6.498534440626404,8.110622900139684e-11,16.27145878134144,30.32499105364091,2266,2266,0,5,raw
enet_textcore_raw_fit252_val126,enet,textcore,252,cap_spread_bp,1.2754445558391132,2.4280971858529754,0.5252856282978877,0.5993846465944996,-3.483538479395776,6.034427591074003,2266,2266,0,5,raw
ols_textall_raw_fit252_val126,ols,textall,252,rank_ic,0.03747111935834331,0.0016640505603244722,22.518017331779173,2.764634692235112e-112,0.03420964019165365,0.04073259852503297,2266,2266,0,5,raw
ols_textall_raw_fit252_val126,ols,textall,252,ew_spread_bp,27.477704666567785,3.3210458427367215,8.273810711364547,1.297440854117445e-16,20.96857442379734,33.98683490933823,2266,2266,0,5,raw
ols_textall_raw_fit252_val126,ols,textall,252,cap_spread_bp,1.9062506612443308,2.164241909644247,0.8807937101438331,0.37842948476077687,-2.335585535490583,6.148086857979244,2266,2266,0,5,raw
ridge_textall_raw_fit252_val126,ridge,textall,252,rank_ic,0.040831743068055995,0.002008802558139286,20.32640933406498,7.51012509288083e-92,0.036894562402051065,0.044768923734060925,2266,2266,0,5,raw
ridge_textall_raw_fit252_val126,ridge,textall,252,ew_spread_bp,26.881242594791797,3.7275523664397894,7.2114996523754415,5.533898941997781e-13,19.57537420608276,34.18711098350084,2266,2266,0,5,raw
ridge_textall_raw_fit252_val126,ridge,textall,252,cap_spread_bp,2.745092934489751,2.184575723539092,1.256579437787856,0.2089059643105895,-1.5365968051473988,7.026782674126901,2266,2266,0,5,raw
lasso_textall_raw_fit252_val126,lasso,textall,252,rank_ic,0.03866015903134283,0.0017969018697986342,21.514897213432803,1.129294046702013e-102,0.03513829608278483,0.042182021979900834,2266,2266,0,5,raw
lasso_textall_raw_fit252_val126,lasso,textall,252,ew_spread_bp,26.471854405928962,3.5024971031564207,7.5579946610299125,4.0933084346598644e-14,19.607086227786507,33.33662258407142,2266,2266,0,5,raw
lasso_textall_raw_fit252_val126,lasso,textall,252,cap_spread_bp,1.6558925026878737,2.175787889390012,0.7610541959364006,0.4466246972037514,-2.608573398514969,5.920358403890717,2266,2266,0,5,raw
enet_textall_raw_fit252_val126,enet,textall,252,rank_ic,0.03864165472114421,0.0018023325615280545,21.43980281218635,5.68540799348536e-102,0.0351091478123854,0.04217416162990302,2266,2266,0,5,raw
enet_textall_raw_fit252_val126,enet,textall,252,ew_spread_bp,26.23267756546821,3.4880038393859953,7.520828179502817,5.4430343061773466e-14,19.39631566233423,33.06903946860219,2266,2266,0,5,raw
enet_textall_raw_fit252_val126,enet,textall,252,cap_spread_bp,2.23387994390262,2.169280281608001,1.0297793064558416,0.3031136169764137,-2.0178312804219685,6.4855911682272085,2266,2266,0,5,raw
ols_core_raw_fit756_val126,ols,core,756,rank_ic,0.033894970200153085,0.0019560162681740724,17.328572748422896,2.863467880485605e-67,0.030061248761357462,0.03772869163894871,2266,2266,0,5,raw
ols_core_raw_fit756_val126,ols,core,756,ew_spread_bp,26.081669979298432,3.3796330120110376,7.717308325077176,1.1881200464127242e-14,19.457710994794176,32.70562896380269,2266,2266,0,5,raw
ols_core_raw_fit756_val126,ols,core,756,cap_spread_bp,-2.6250687659869656,1.6585053553223625,-1.5827918538597259,0.11346891404774911,-5.875679530585602,0.6255419986116704,2266,2266,0,5,raw
ridge_core_raw_fit756_val126,ridge,core,756,rank_ic,0.033782286206275075,0.0019466182643977344,17.35434564862002,1.8287218144505953e-67,0.029966984516407648,0.0375975878961425,2266,2266,0,5,raw
ridge_core_raw_fit756_val126,ridge,core,756,ew_spread_bp,26.89543158670072,3.3161778860356548,8.110370586558922,5.046561058211348e-16,20.395842363742666,33.395020809658774,2266,2266,0,5,raw
ridge_core_raw_fit756_val126,ridge,core,756,cap_spread_bp,-2.5333472846890333,1.6194398001252461,-1.5643355711605373,0.11773878266007422,-5.707390968065259,0.6406963986871927,2266,2266,0,5,raw
lasso_core_raw_fit756_val126,lasso,core,756,rank_ic,0.03434500399359923,0.0019933451065226562,17.229833349586556,1.5860762136145442e-66,0.030438119376055665,0.038251888611142794,2266,2266,0,5,raw
lasso_core_raw_fit756_val126,lasso,core,756,ew_spread_bp,26.39195580080434,3.3560410770397637,7.864014532290433,3.7201436265530674e-15,19.81423615916939,32.96967544243929,2266,2266,0,5,raw
lasso_core_raw_fit756_val126,lasso,core,756,cap_spread_bp,-2.6895859729199527,1.6469619237689577,-1.6330589882521525,0.10245659099037353,-5.917572027415911,0.5384000815760062,2266,2266,0,5,raw
enet_core_raw_fit756_val126,enet,core,756,rank_ic,0.03434419557109959,0.001993324856333198,17.2296028226313,1.5924096647828846e-66,0.030437350643198045,0.03825104049900114,2266,2266,0,5,raw
enet_core_raw_fit756_val126,enet,core,756,ew_spread_bp,26.390737469086744,3.3566872501802694,7.86213772750781,3.7763247941533185e-15,19.811751351368628,32.96972358680486,2266,2266,0,5,raw
enet_core_raw_fit756_val126,enet,core,756,cap_spread_bp,-2.681212230998223,1.6466056191600158,-1.6283269046330549,0.10345558756368947,-5.9084999412931305,0.5460754792966842,2266,2266,0,5,raw
ols_all_raw_fit756_val126,ols,all,756,rank_ic,0.03279964791994306,0.0018382163977227275,17.84319189001734,3.2650111992962384e-71,0.02919680998461556,0.03640248585527056,2266,2266,0,5,raw
ols_all_raw_fit756_val126,ols,all,756,ew_spread_bp,27.410255936811815,3.385190085230483,8.097109836284295,5.628025478610595e-16,20.775405288937993,34.04510658468564,2266,2266,0,5,raw
ols_all_raw_fit756_val126,ols,all,756,cap_spread_bp,-0.8272953209984981,1.786948417121415,-0.4629654180679616,0.6433891551988685,-4.329649860787329,2.6750592187903326,2266,2266,0,5,raw
ridge_all_raw_fit756_val126,ridge,all,756,rank_ic,0.033581091610116236,0.0019249239217652354,17.445412377295916,3.730165271645431e-68,0.029808310050476777,0.03735387316975569,2266,2266,0,5,raw
ridge_all_raw_fit756_val126,ridge,all,756,ew_spread_bp,25.94617263246934,3.5230013195511156,7.364792198197439,1.7742302407060752e-13,19.041216928662067,32.851128336276616,2266,2266,0,5,raw
ridge_all_raw_fit756_val126,ridge,all,756,cap_spread_bp,-0.8255766653166271,1.7832192600771233,-0.46296980062952064,0.6433860137864048,-4.320622191605953,2.6694688609726986,2266,2266,0,5,raw
lasso_all_raw_fit756_val126,lasso,all,756,rank_ic,0.033064612156342064,0.001884774820651023,17.543003967402942,6.727525488544833e-69,0.02937052138889812,0.03675870292378601,2266,2266,0,5,raw
lasso_all_raw_fit756_val126,lasso,all,756,ew_spread_bp,27.76385700721354,3.457227807901691,8.030670395441593,9.6941472020653e-16,20.987815017375866,34.53989899705122,2266,2266,0,5,raw
lasso_all_raw_fit756_val126,lasso,all,756,cap_spread_bp,-0.9668516918404545,1.7607850759330153,-0.5491026162452753,0.5829350299021239,-4.417927025184789,2.48422364150388,2266,2266,0,5,raw
enet_all_raw_fit756_val126,enet,all,756,rank_ic,0.033070585286565785,0.0018882468967913696,17.51390951191894,1.1221566480412687e-68,0.02936968937493518,0.03677148119819639,2266,2266,0,5,raw
enet_all_raw_fit756_val126,enet,all,756,ew_spread_bp,27.66860661250778,3.4533584367104053,8.01208652955941,1.1277846966102484e-15,20.900148450847844,34.437064774167716,2266,2266,0,5,raw
enet_all_raw_fit756_val126,enet,all,756,cap_spread_bp,-0.9829235370012703,1.760048540983734,-0.5584638798949775,0.5765276626624003,-4.432555288371659,2.4667082143691177,2266,2266,0,5,raw
ols_textcore_raw_fit756_val126,ols,textcore,756,rank_ic,0.0404872336367229,0.001974589144143876,20.504130571566055,1.977722824564679e-93,0.03661711002993714,0.044357357243508665,2266,2266,0,5,raw
ols_textcore_raw_fit756_val126,ols,textcore,756,ew_spread_bp,24.21308551556701,3.641338685387191,6.649501078472842,2.940881936808589e-11,17.07619283669569,31.34997819443833,2266,2266,0,5,raw
ols_textcore_raw_fit756_val126,ols,textcore,756,cap_spread_bp,4.523407375583859,2.5776870159572716,1.7548318890468586,0.07928806724987408,-0.528766339108917,9.575581090276636,2266,2266,0,5,raw
ridge_textcore_raw_fit756_val126,ridge,textcore,756,rank_ic,0.04060823972893785,0.002111543513932287,19.2315429262994,2.0154189159879403e-82,0.036469690489841416,0.04474678896803429,2266,2266,0,5,raw
ridge_textcore_raw_fit756_val126,ridge,textcore,756,ew_spread_bp,19.691470722077078,3.6507643236483704,5.393794004867046,6.898530163616961e-08,12.536104131682542,26.846837312471614,2266,2266,0,5,raw
ridge_textcore_raw_fit756_val126,ridge,textcore,756,cap_spread_bp,4.1692945346827015,2.384356485995981,1.7486036837067698,0.08035954911707795,-0.5039583041739037,8.842547373539308,2266,2266,0,5,raw
lasso_textcore_raw_fit756_val126,lasso,textcore,756,rank_ic,0.04045682926830976,0.0020852908104707552,19.40104903602228,7.561262296646057e-84,0.036369734382494745,0.04454392415412478,2266,2266,0,5,raw
lasso_textcore_raw_fit756_val126,lasso,textcore,756,ew_spread_bp,23.124438178007942,3.753196781791074,6.161264522605889,7.216632377085109e-10,15.768307658805801,30.48056869721008,2266,2266,0,5,raw
lasso_textcore_raw_fit756_val126,lasso,textcore,756,cap_spread_bp,5.919638712316383,2.5000598270686707,2.3677988215414754,0.017894263111711897,1.0196114920663524,10.819665932566412,2266,2266,0,5,raw
enet_textcore_raw_fit756_val126,enet,textcore,756,rank_ic,0.04047118561712478,0.0020874265351616345,19.388076627085226,9.730815496155911e-84,0.036379904787834746,0.04456246644641482,2266,2266,0,5,raw
enet_textcore_raw_fit756_val126,enet,textcore,756,ew_spread_bp,23.167772114335833,3.755977104326268,6.168241038437206,6.905382570858499e-10,15.806192263099305,30.52935196557236,2266,2266,0,5,raw
enet_textcore_raw_fit756_val126,enet,textcore,756,cap_spread_bp,6.100071457359802,2.5112395038684436,2.4291077963543244,0.01513603132952796,1.1781324732234193,11.022010441496185,2266,2266,0,5,raw
ols_textall_raw_fit756_val126,ols,textall,756,rank_ic,0.04038718967263722,0.0018720852202958106,21.57337135873312,3.1953619499845616e-103,0.0367179700648677,0.044056409280406744,2266,2266,0,5,raw
ols_textall_raw_fit756_val126,ols,textall,756,ew_spread_bp,27.61246871716502,3.6359404181775394,7.594312761320042,3.0943021192568947e-14,20.486156447603538,34.738780986726496,2266,2266,0,5,raw
ols_textall_raw_fit756_val126,ols,textall,756,cap_spread_bp,3.318118691081296,2.1663896385919674,1.5316352294030948,0.1256124739172364,-0.9279269770397041,7.564164359202296,2266,2266,0,5,raw
ridge_textall_raw_fit756_val126,ridge,textall,756,rank_ic,0.04134073606064609,0.002072387734246773,19.948359748264835,1.5488678130227023e-88,0.03727893073951985,0.04540254138177233,2266,2266,0,5,raw
ridge_textall_raw_fit756_val126,ridge,textall,756,ew_spread_bp,26.355457877709824,3.8017363963415223,6.932479038544636,4.13528839385547e-12,18.904191462165347,33.8067242932543,2266,2266,0,5,raw
ridge_textall_raw_fit756_val126,ridge,textall,756,cap_spread_bp,3.2256685802555727,2.284718707727611,1.411844954630688,0.1579956184997534,-1.252297801695439,7.703634962206584,2266,2266,0,5,raw
lasso_textall_raw_fit756_val126,lasso,textall,756,rank_ic,0.04075281635843972,0.001941721804504115,20.987978949356933,8.446146474431241e-98,0.03694711155361553,0.044558521163263906,2266,2266,0,5,raw
lasso_textall_raw_fit756_val126,lasso,textall,756,ew_spread_bp,25.478211061577493,3.7253035722924768,6.839230835058824,7.961950322538606e-12,18.176750228405833,32.77967189474916,2266,2266,0,5,raw
lasso_textall_raw_fit756_val126,lasso,textall,756,cap_spread_bp,3.281713992058024,2.274842382351318,1.4426115925737173,0.14912991591160632,-1.1768951478558547,7.740323131971903,2266,2266,0,5,raw
enet_textall_raw_fit756_val126,enet,textall,756,rank_ic,0.04075807069064612,0.001942307464725688,20.98435568562384,9.114992566283151e-98,0.03695121801288047,0.044564923368411766,2266,2266,0,5,raw
enet_textall_raw_fit756_val126,enet,textall,756,ew_spread_bp,25.63860525927926,3.7241099463415415,6.884492033986775,5.799409906331842e-12,18.339483889982446,32.93772662857607,2266,2266,0,5,raw
enet_textall_raw_fit756_val126,enet,textall,756,cap_spread_bp,3.0271901470066833,2.2672739334924854,1.3351673577191578,0.1818215777985389,-1.4165851057250496,7.470965399738416,2266,2266,0,5,raw
ols_characteristics_raw_fit504_val126,ols,characteristics,504,rank_ic,0.0675135122597086,0.003447184710255415,19.58511595240461,2.0713446105975463e-85,0.06075715437955084,0.07426987013986636,2266,2266,0,5,raw
ols_characteristics_raw_fit504_val126,ols,characteristics,504,ew_spread_bp,22.189485484405903,5.648541598185405,3.9283565675667997,8.552833691126444e-05,11.118547386786192,33.260423582025616,2266,2266,0,5,raw
ols_characteristics_raw_fit504_val126,ols,characteristics,504,cap_spread_bp,11.499896134649003,6.520568646109846,1.7636339342136687,0.07779363063269679,-1.280183570447397,24.279975839745404,2266,2266,0,5,raw
ridge_characteristics_raw_fit504_val126,ridge,characteristics,504,rank_ic,0.06896526675961913,0.0036198629632726263,19.05189988111301,6.336037181368484e-81,0.06187046572263435,0.07606006779660392,2266,2266,0,5,raw
ridge_characteristics_raw_fit504_val126,ridge,characteristics,504,ew_spread_bp,19.87269873517749,5.9004039857060375,3.3680234070954955,0.0007570916809741816,8.308119428957069,31.43727804139791,2266,2266,0,5,raw
ridge_characteristics_raw_fit504_val126,ridge,characteristics,504,cap_spread_bp,14.689560892853283,6.461031819938119,2.273562691259733,0.02299229279398746,2.026171222807289,27.352950562899277,2266,2266,0,5,raw
lasso_characteristics_raw_fit504_val126,lasso,characteristics,504,rank_ic,0.06847663699730874,0.003590835179913908,19.069835725222706,4.49715467312974e-81,0.06143872937025808,0.07551454462435941,2266,2266,0,5,raw
lasso_characteristics_raw_fit504_val126,lasso,characteristics,504,ew_spread_bp,20.5546819086214,5.853845077102559,3.511312929858954,0.0004458991700255958,9.08135638642329,32.028007430819514,2266,2266,0,5,raw
lasso_characteristics_raw_fit504_val126,lasso,characteristics,504,cap_spread_bp,16.480097604041557,6.511470574773149,2.530933283779095,0.01137594843177632,3.71784979109386,29.242345416989252,2266,2266,0,5,raw
enet_characteristics_raw_fit504_val126,enet,characteristics,504,rank_ic,0.06837207508494371,0.0036009665301897425,18.987145398805204,2.1785376284687074e-80,0.06131431037623765,0.07542983979364977,2266,2266,0,5,raw
enet_characteristics_raw_fit504_val126,enet,characteristics,504,ew_spread_bp,20.456212453334143,5.847369318674666,3.4983616287077006,0.000468125927806721,8.995579184427283,31.916845722241,2266,2266,0,5,raw
enet_characteristics_raw_fit504_val126,enet,characteristics,504,cap_spread_bp,16.54817721714057,6.526440886127369,2.5355591977114886,0.011226795158503656,3.75658813310125,29.33976630117989,2266,2266,0,5,raw
ols_characteristics_sentiment_raw_fit504_val126,ols,characteristics_sentiment,504,rank_ic,0.06814026609203472,0.003411706760204872,19.97248617227083,9.557564791727348e-89,0.061453443716221336,0.0748270884678481,2266,2266,0,5,raw
ols_characteristics_sentiment_raw_fit504_val126,ols,characteristics_sentiment,504,ew_spread_bp,24.08270411088317,5.670631677912892,4.246917359257399,2.167318553171199e-05,12.968470252581966,35.196937969184376,2266,2266,0,5,raw
ols_characteristics_sentiment_raw_fit504_val126,ols,characteristics_sentiment,504,cap_spread_bp,9.785647866188418,6.52022929504832,1.5008134566095652,0.13340381717511768,-2.9937667230492746,22.56506245542611,2266,2266,0,5,raw
ridge_characteristics_sentiment_raw_fit504_val126,ridge,characteristics_sentiment,504,rank_ic,0.06950379452488131,0.003592542494304814,19.346686820006806,2.1737431787402302e-83,0.06246254062311418,0.07654504842664844,2266,2266,0,5,raw
ridge_characteristics_sentiment_raw_fit504_val126,ridge,characteristics_sentiment,504,ew_spread_bp,22.607694046119573,5.955015264574631,3.7964124425690198,0.00014680517973066935,10.936078600167034,34.27930949207211,2266,2266,0,5,raw
ridge_characteristics_sentiment_raw_fit504_val126,ridge,characteristics_sentiment,504,cap_spread_bp,16.441622441587857,6.626313975613808,2.481262207329202,0.013091802923581216,3.45428569913037,29.428959184045343,2266,2266,0,5,raw
lasso_characteristics_sentiment_raw_fit504_val126,lasso,characteristics_sentiment,504,rank_ic,0.06899764080800244,0.003563293537719449,19.363445665540585,1.5702279215408529e-83,0.06201371380772801,0.07598156780827688,2266,2266,0,5,raw
lasso_characteristics_sentiment_raw_fit504_val126,lasso,characteristics_sentiment,504,ew_spread_bp,22.82347846329181,5.900487618293229,3.8680664954761337,0.00010970175302598963,11.258735240212559,34.38822168637106,2266,2266,0,5,raw
lasso_characteristics_sentiment_raw_fit504_val126,lasso,characteristics_sentiment,504,cap_spread_bp,16.359483316017872,6.615378905754145,2.4729472867817406,0.01340039069563748,3.3935789166537553,29.32538771538199,2266,2266,0,5,raw
enet_characteristics_sentiment_raw_fit504_val126,enet,characteristics_sentiment,504,rank_ic,0.06896184693278617,0.00357434151220928,19.293580844814475,6.0811839235859516e-83,0.061956266300409554,0.0759674275651628,2266,2266,0,5,raw
enet_characteristics_sentiment_raw_fit504_val126,enet,characteristics_sentiment,504,ew_spread_bp,22.82073131604314,5.906884120522855,3.863412731723462,0.00011181385031691303,11.243451178966794,34.39801145311949,2266,2266,0,5,raw
enet_characteristics_sentiment_raw_fit504_val126,enet,characteristics_sentiment,504,cap_spread_bp,15.968089762317904,6.640877342401258,2.4045150872405725,0.01619393775218733,2.9522093454633698,28.983970179172438,2266,2266,0,5,raw
ols_characteristics_attention_raw_fit504_val126,ols,characteristics_attention,504,rank_ic,0.06809322586513317,0.0034338414467116932,19.830043676111032,1.6389739831608407e-87,0.06136302030095733,0.074823431429309,2266,2266,0,5,raw
ols_characteristics_attention_raw_fit504_val126,ols,characteristics_attention,504,ew_spread_bp,23.24115058007176,5.670501006824939,4.0986061993638705,4.1564551977632124e-05,12.127172832396766,34.355128327746755,2266,2266,0,5,raw
ols_characteristics_attention_raw_fit504_val126,ols,characteristics_attention,504,cap_spread_bp,13.789590780275566,6.591593436676896,2.0919965578501287,0.03643882361571806,0.8703050436582487,26.708876516892882,2266,2266,0,5,raw
ridge_characteristics_attention_raw_fit504_val126,ridge,characteristics_attention,504,rank_ic,0.06988001895233661,0.0036244558576175264,19.28014071559725,7.886168949865418e-83,0.06277621600785102,0.07698382189682221,2266,2266,0,5,raw
ridge_characteristics_attention_raw_fit504_val126,ridge,characteristics_attention,504,ew_spread_bp,21.740063201304057,5.903422267344582,3.6826203881029427,0.00023084879035178163,10.16956817177689,33.31055823083123,2266,2266,0,5,raw
ridge_characteristics_attention_raw_fit504_val126,ridge,characteristics_attention,504,cap_spread_bp,14.866439047482888,6.740394967717209,2.205573874926465,0.027413849968783842,1.655507669182139,28.077370425783638,2266,2266,0,5,raw
lasso_characteristics_attention_raw_fit504_val126,lasso,characteristics_attention,504,rank_ic,0.06901640371738227,0.003583582168064253,19.259054343007552,1.1852334332050218e-82,0.06199271173233637,0.07604009570242817,2266,2266,0,5,raw
lasso_characteristics_attention_raw_fit504_val126,lasso,characteristics_attention,504,ew_spread_bp,21.03232599290355,5.903192176371412,3.562873334378172,0.0003668176982040033,9.462281933396964,32.60237005241014,2266,2266,0,5,raw
lasso_characteristics_attention_raw_fit504_val126,lasso,characteristics_attention,504,cap_spread_bp,10.935494772011234,6.728738457377016,1.6251924251896228,0.104121563947496,-2.25259026583732,24.123579809859788,2266,2266,0,5,raw
enet_characteristics_attention_raw_fit504_val126,enet,characteristics_attention,504,rank_ic,0.06921398381075124,0.003592249344721286,19.26758895856139,1.0051070034864098e-82,0.06217330447160991,0.07625466314989257,2266,2266,0,5,raw
enet_characteristics_attention_raw_fit504_val126,enet,characteristics_attention,504,ew_spread_bp,21.94550433415241,5.917604998029297,3.708511186782623,0.00020848145146300535,10.34721166328077,33.54379700502405,2266,2266,0,5,raw
enet_characteristics_attention_raw_fit504_val126,enet,characteristics_attention,504,cap_spread_bp,11.991694877032293,6.731642579778575,1.7813920948587763,0.07484841875084937,-1.202082136130013,25.1854718901946,2266,2266,0,5,raw
ols_characteristics_core_raw_fit504_val126,ols,characteristics_core,504,rank_ic,0.06847364439094392,0.003404348446679995,20.113582808399393,5.6120059406977435e-90,0.06180124404462625,0.07514604473726158,2266,2266,0,5,raw
ols_characteristics_core_raw_fit504_val126,ols,characteristics_core,504,ew_spread_bp,25.585735175188944,5.626910805323764,4.5470305217885505,5.440811045211018e-06,14.557192652535095,36.614277697842795,2266,2266,0,5,raw
ols_characteristics_core_raw_fit504_val126,ols,characteristics_core,504,cap_spread_bp,13.429587195085476,6.509632363863693,2.063033124518041,0.03910948113466281,0.6709422093163013,26.18823218085465,2266,2266,0,5,raw
ridge_characteristics_core_raw_fit504_val126,ridge,characteristics_core,504,rank_ic,0.07004768301027298,0.0035970392102273457,19.47370571082702,1.8350366953240283e-84,0.06299761570724897,0.07709775031329698,2266,2266,0,5,raw
ridge_characteristics_core_raw_fit504_val126,ridge,characteristics_core,504,ew_spread_bp,23.733739933221067,5.942274105021675,3.994050007414543,6.49541547015924e-05,12.0870967011136,35.38038316532853,2266,2266,0,5,raw
ridge_characteristics_core_raw_fit504_val126,ridge,characteristics_core,504,cap_spread_bp,15.418801327275688,6.75488650006984,2.282614419519302,0.022453090829069693,2.1794670674829852,28.65813558706839,2266,2266,0,5,raw
lasso_characteristics_core_raw_fit504_val126,lasso,characteristics_core,504,rank_ic,0.06949370969051034,0.0035556862227633765,19.544387591237406,4.6048460018354e-85,0.06252469275356887,0.07646272662745182,2266,2266,0,5,raw
lasso_characteristics_core_raw_fit504_val126,lasso,characteristics_core,504,ew_spread_bp,23.12769512993199,5.920832264245679,3.906156110787659,9.377594093623434e-05,11.523077133507718,34.73231312635626,2266,2266,0,5,raw
lasso_characteristics_core_raw_fit504_val126,lasso,characteristics_core,504,cap_spread_bp,15.177198887135019,6.708531075726437,2.262372897406836,0.023674373975959943,2.0287195895434547,28.325678184726584,2266,2266,0,5,raw
enet_characteristics_core_raw_fit504_val126,enet,characteristics_core,504,rank_ic,0.0694597044014444,0.0035656709048654035,19.48012204566208,1.618931492825561e-84,0.06247111784718587,0.07644829095570294,2266,2266,0,5,raw
enet_characteristics_core_raw_fit504_val126,enet,characteristics_core,504,ew_spread_bp,23.41600783402413,5.94208916606341,3.9407028705927445,8.124320855218574e-05,11.7697270756142,35.06228859243406,2266,2266,0,5,raw
enet_characteristics_core_raw_fit504_val126,enet,characteristics_core,504,cap_spread_bp,15.327780913327619,6.729536882098948,2.277687333002159,0.02274521297059131,2.138130991779713,28.517430834875526,2266,2266,0,5,raw
ols_characteristics_all_raw_fit504_val126,ols,characteristics_all,504,rank_ic,0.06747904498923979,0.003261613401604686,20.688854465719533,4.364593270733732e-95,0.06108640019060143,0.07387168978787816,2266,2266,0,5,raw
ols_characteristics_all_raw_fit504_val126,ols,characteristics_all,504,ew_spread_bp,29.247216741058626,5.458842662027787,5.357768771117908,8.425597439121026e-08,18.54808172621341,39.94635175590384,2266,2266,0,5,raw
ols_characteristics_all_raw_fit504_val126,ols,characteristics_all,504,cap_spread_bp,15.015565624017855,5.69260459048043,2.63773205838465,0.008346249873390178,3.8582656484488282,26.17286559958688,2266,2266,0,5,raw
ridge_characteristics_all_raw_fit504_val126,ridge,characteristics_all,504,rank_ic,0.06980797231495839,0.003451494520343413,20.22543333141746,5.847444230902478e-91,0.06304316736224795,0.07657277726766883,2266,2266,0,5,raw
ridge_characteristics_all_raw_fit504_val126,ridge,characteristics_all,504,ew_spread_bp,29.872070660539993,5.67777076784295,5.26123224800228,1.4309315063482987e-07,18.743844443093483,41.0002968779865,2266,2266,0,5,raw
ridge_characteristics_all_raw_fit504_val126,ridge,characteristics_all,504,cap_spread_bp,15.636867287767126,5.944324227602357,2.6305542377984072,0.008524576599932977,3.986205889237631,27.28752868629662,2266,2266,0,5,raw
lasso_characteristics_all_raw_fit504_val126,lasso,characteristics_all,504,rank_ic,0.06975380997977695,0.0035069348103397113,19.890249962479345,4.9428075409848894e-88,0.06288034405538132,0.07662727590417259,2266,2266,0,5,raw
lasso_characteristics_all_raw_fit504_val126,lasso,characteristics_all,504,ew_spread_bp,26.175066322067764,5.798415109122022,4.514175999729538,6.356341525233973e-06,14.810381540775714,37.53975110335981,2266,2266,0,5,raw
lasso_characteristics_all_raw_fit504_val126,lasso,characteristics_all,504,cap_spread_bp,11.909182731824206,6.370971041913434,1.8692884732132522,0.06158269093615506,-0.5776910568737481,24.39605652052216,2266,2266,0,5,raw
enet_characteristics_all_raw_fit504_val126,enet,characteristics_all,504,rank_ic,0.0698201328507566,0.003511299874978454,19.88441185223037,5.552953906121896e-88,0.06293811155687884,0.07670215414463435,2266,2266,0,5,raw
enet_characteristics_all_raw_fit504_val126,enet,characteristics_all,504,ew_spread_bp,26.52859357311051,5.817989895276057,4.559752431789288,5.12139610561488e-06,15.125542915951478,37.93164423026954,2266,2266,0,5,raw
enet_characteristics_all_raw_fit504_val126,enet,characteristics_all,504,cap_spread_bp,12.706147374992849,6.325397089336268,2.0087509440970326,0.04456355305940496,0.30859689197927764,25.10369785800642,2266,2266,0,5,raw
ols_characteristics_textcore_raw_fit504_val126,ols,characteristics_textcore,504,rank_ic,0.06275646849545238,0.00294637517220092,21.299551084858543,1.1461419971505367e-100,0.05698167927299558,0.06853125771790919,2266,2266,0,5,raw
ols_characteristics_textcore_raw_fit504_val126,ols,characteristics_textcore,504,ew_spread_bp,25.521040135337508,5.17301485952751,4.933494456976784,8.077133538504081e-07,15.382117319173062,35.65996295150195,2266,2266,0,5,raw
ols_characteristics_textcore_raw_fit504_val126,ols,characteristics_textcore,504,cap_spread_bp,9.737998396803567,5.944258457457757,1.6382192104359337,0.10137597362556942,-1.912534094611253,21.388530888218387,2266,2266,0,5,raw
ridge_characteristics_textcore_raw_fit504_val126,ridge,characteristics_textcore,504,rank_ic,0.06749411022516501,0.0033949613265075555,19.880671304906187,5.982800692019924e-88,0.060840108296303874,0.07414811215402614,2266,2266,0,5,raw
ridge_characteristics_textcore_raw_fit504_val126,ridge,characteristics_textcore,504,ew_spread_bp,22.694950069785307,5.628872879243955,4.031881791729784,5.533201781615408e-05,11.662561952912878,33.72733818665773,2266,2266,0,5,raw
ridge_characteristics_textcore_raw_fit504_val126,ridge,characteristics_textcore,504,cap_spread_bp,11.68317021839156,6.82201630354602,1.7125684986004441,0.08679195278245594,-1.687736038503708,25.054076475286827,2266,2266,0,5,raw
lasso_characteristics_textcore_raw_fit504_val126,lasso,characteristics_textcore,504,rank_ic,0.06926339314596824,0.0035302114395912663,19.620182623958545,1.0397898441295881e-85,0.062344305866558064,0.07618248042537842,2266,2266,0,5,raw
lasso_characteristics_textcore_raw_fit504_val126,lasso,characteristics_textcore,504,ew_spread_bp,23.122720929380474,5.835162976344092,3.962652118393369,7.412174930808256e-05,11.686011651824506,34.55943020693644,2266,2266,0,5,raw
lasso_characteristics_textcore_raw_fit504_val126,lasso,characteristics_textcore,504,cap_spread_bp,8.826945419190741,6.7331384849662745,1.3109704246986025,0.18986775583397453,-4.369763514263742,22.023654352645224,2266,2266,0,5,raw
enet_characteristics_textcore_raw_fit504_val126,enet,characteristics_textcore,504,rank_ic,0.06900481504137929,0.0035277730699275318,19.56044611531569,3.3612374873444566e-85,0.06209050687869102,0.07591912320406755,2266,2266,0,5,raw
enet_characteristics_textcore_raw_fit504_val126,enet,characteristics_textcore,504,ew_spread_bp,23.15495018835452,5.903669570051583,3.9221284175212072,8.777018876649455e-05,11.583970454428352,34.725929922280685,2266,2266,0,5,raw
enet_characteristics_textcore_raw_fit504_val126,enet,characteristics_textcore,504,cap_spread_bp,8.952720484742816,6.872429832387404,1.302700893729277,0.19267689681753042,-4.516994473015135,22.422435442500767,2266,2266,0,5,raw
ols_characteristics_textall_raw_fit504_val126,ols,characteristics_textall,504,rank_ic,0.062441598911610725,0.002868197862439428,21.770324749668276,4.434774821356821e-105,0.05682003440069468,0.06806316342252677,2266,2266,0,5,raw
ols_characteristics_textall_raw_fit504_val126,ols,characteristics_textall,504,ew_spread_bp,27.467308387084277,5.102252866879095,5.383368700792217,7.310457840589641e-08,17.467076527985014,37.46754024618354,2266,2266,0,5,raw
ols_characteristics_textall_raw_fit504_val126,ols,characteristics_textall,504,cap_spread_bp,13.87248028999148,5.446301481109303,2.5471377848084042,0.010861054027029398,3.197925538070093,24.547035041912864,2266,2266,0,5,raw
ridge_characteristics_textall_raw_fit504_val126,ridge,characteristics_textall,504,rank_ic,0.06760087890225513,0.0032810747872171306,20.60327279512923,2.565082112663346e-94,0.06117009048872714,0.07403166731578313,2266,2266,0,5,raw
ridge_characteristics_textall_raw_fit504_val126,ridge,characteristics_textall,504,ew_spread_bp,29.096837235575624,5.504742059475216,5.285776685120377,1.251725198072927e-07,18.307741054821356,39.88593341632989,2266,2266,0,5,raw
ridge_characteristics_textall_raw_fit504_val126,ridge,characteristics_textall,504,cap_spread_bp,18.341316841986387,5.840299291622144,3.1404755006814185,0.001686738148092507,6.894540571472195,29.78809311250058,2266,2266,0,5,raw
lasso_characteristics_textall_raw_fit504_val126,lasso,characteristics_textall,504,rank_ic,0.06923518537638665,0.0034630237992312215,19.992696958004334,6.37550098020996e-89,0.06244778345228839,0.0760225873004849,2266,2266,0,5,raw
lasso_characteristics_textall_raw_fit504_val126,lasso,characteristics_textall,504,ew_spread_bp,25.507091975300554,5.841413917636518,4.366595542611527,1.261980995808143e-05,14.058131077941956,36.95605287265915,2266,2266,0,5,raw
lasso_characteristics_textall_raw_fit504_val126,lasso,characteristics_textall,504,cap_spread_bp,10.492332391152209,6.44695953707073,1.6274853798631956,0.1036340512139742,-2.1434761112934417,23.12814089359786,2266,2266,0,5,raw
enet_characteristics_textall_raw_fit504_val126,enet,characteristics_textall,504,rank_ic,0.06931221961627028,0.003466250449926898,19.996310312121864,5.9300676833340114e-89,0.06251849357301781,0.07610594565952275,2266,2266,0,5,raw
enet_characteristics_textall_raw_fit504_val126,enet,characteristics_textall,504,ew_spread_bp,25.837230317608547,5.825835047262964,4.434940245990511,9.209783038952941e-06,14.418803445101934,37.25565719011516,2266,2266,0,5,raw
enet_characteristics_textall_raw_fit504_val126,enet,characteristics_textall,504,cap_spread_bp,10.515926021214975,6.402584228719266,1.642450242832419,0.10049672983567556,-2.032908475058946,23.064760517488896,2266,2266,0,5,raw
ols_characteristics_raw_fit252_val126,ols,characteristics,252,rank_ic,0.0653723604799649,0.003334138390669096,19.60697272282269,1.3482158056536173e-85,0.05883756931478114,0.07190715164514867,2266,2266,0,5,raw
ols_characteristics_raw_fit252_val126,ols,characteristics,252,ew_spread_bp,21.363579108447237,5.55123942623251,3.848434100588987,0.00011887526537024728,10.483349763472722,32.24380845342175,2266,2266,0,5,raw
ols_characteristics_raw_fit252_val126,ols,characteristics,252,cap_spread_bp,11.463195272603038,6.162270297087051,1.8602227296036935,0.06285402052860606,-0.6146325726885227,23.541023117894596,2266,2266,0,5,raw
ridge_characteristics_raw_fit252_val126,ridge,characteristics,252,rank_ic,0.06815002713032699,0.003579737388611886,19.037716941787593,8.3070582766701345e-81,0.06113387077453623,0.07516618348611775,2266,2266,0,5,raw
ridge_characteristics_raw_fit252_val126,ridge,characteristics,252,ew_spread_bp,18.143742800399504,5.928985136809824,3.0601768062724486,0.002212063622585131,6.523145467378965,29.764340133420042,2266,2266,0,5,raw
ridge_characteristics_raw_fit252_val126,ridge,characteristics,252,cap_spread_bp,13.93603022960628,6.664129444495825,2.091200410447701,0.03651010256017637,0.874576530081546,26.997483929131015,2266,2266,0,5,raw
lasso_characteristics_raw_fit252_val126,lasso,characteristics,252,rank_ic,0.06686903509098356,0.0035340907836611045,18.921142433616627,7.63808308711115e-80,0.05994234443691286,0.07379572574505426,2266,2266,0,5,raw
lasso_characteristics_raw_fit252_val126,lasso,characteristics,252,ew_spread_bp,18.349735024360267,5.933471490739282,3.0925799598093255,0.0019842477008755756,6.720344599216089,29.979125449504444,2266,2266,0,5,raw
lasso_characteristics_raw_fit252_val126,lasso,characteristics,252,cap_spread_bp,7.963461318565656,6.625429814126818,1.2019539172516585,0.2293813828993,-5.022142499220811,20.949065136352125,2266,2266,0,5,raw
enet_characteristics_raw_fit252_val126,enet,characteristics,252,rank_ic,0.06689664657737848,0.003535620583911119,18.92076510748705,7.692961881264136e-80,0.059966957569914214,0.07382633558484275,2266,2266,0,5,raw
enet_characteristics_raw_fit252_val126,enet,characteristics,252,ew_spread_bp,18.520404380492742,5.943832957286608,3.1159025688614586,0.0018338285146381188,6.87070585408879,30.170102906896695,2266,2266,0,5,raw
enet_characteristics_raw_fit252_val126,enet,characteristics,252,cap_spread_bp,7.9758428774301535,6.644280862195804,1.2004072438915978,0.2299812169183878,-5.046708315642359,20.998394070502666,2266,2266,0,5,raw
ols_characteristics_sentiment_raw_fit252_val126,ols,characteristics_sentiment,252,rank_ic,0.06598278803321185,0.0032956325508742635,20.021281806950224,3.5935630793561636e-89,0.05952346692722043,0.07244210913920328,2266,2266,0,5,raw
ols_characteristics_sentiment_raw_fit252_val126,ols,characteristics_sentiment,252,ew_spread_bp,23.76659780396737,5.550640475345902,4.281775753542441,1.8540777739960706e-05,12.887542381159118,34.64565322677562,2266,2266,0,5,raw
ols_characteristics_sentiment_raw_fit252_val126,ols,characteristics_sentiment,252,cap_spread_bp,8.82532577119228,6.232212046195997,1.4160823967116236,0.1567513814118027,-3.3895853833685496,21.040236925753106,2266,2266,0,5,raw
ridge_characteristics_sentiment_raw_fit252_val126,ridge,characteristics_sentiment,252,rank_ic,0.06854488825021668,0.003548997892149828,19.31387122033346,4.106101369833742e-83,0.06158898020039445,0.0755007963000389,2266,2266,0,5,raw
ridge_characteristics_sentiment_raw_fit252_val126,ridge,characteristics_sentiment,252,ew_spread_bp,19.8322641864101,5.8831240544677526,3.3710430041584987,0.0007488416723342656,8.301552923072046,31.362975449748156,2266,2266,0,5,raw
ridge_characteristics_sentiment_raw_fit252_val126,ridge,characteristics_sentiment,252,cap_spread_bp,12.373619719887284,6.751516193128697,1.8327171802506286,0.06684464101002334,-0.8591088596839338,25.606348299458503,2266,2266,0,5,raw
lasso_characteristics_sentiment_raw_fit252_val126,lasso,characteristics_sentiment,252,rank_ic,0.06756759441883406,0.0035088194656782857,19.256503527682252,1.2450734627013122e-82,0.060690434637851544,0.07444475419981658,2266,2266,0,5,raw
lasso_characteristics_sentiment_raw_fit252_val126,lasso,characteristics_sentiment,252,ew_spread_bp,19.52237870581338,5.839314403546686,3.3432655542499763,0.0008279862432446037,8.07753278045589,30.967224631170872,2266,2266,0,5,raw
lasso_characteristics_sentiment_raw_fit252_val126,lasso,characteristics_sentiment,252,cap_spread_bp,11.842200197866068,6.537058283407322,1.8115488166786757,0.07005593964967861,-0.9701986024515108,24.654598998183648,2266,2266,0,5,raw
enet_characteristics_sentiment_raw_fit252_val126,enet,characteristics_sentiment,252,rank_ic,0.06764144314993842,0.003516966359852181,19.232894554266196,1.9635663054020873e-82,0.06074831574978921,0.07453457055008762,2266,2266,0,5,raw
enet_characteristics_sentiment_raw_fit252_val126,enet,characteristics_sentiment,252,ew_spread_bp,19.389349262395335,5.857581919110005,3.310128570142359,0.0009325312614812603,7.908699664446713,30.869998860343955,2266,2266,0,5,raw
enet_characteristics_sentiment_raw_fit252_val126,enet,characteristics_sentiment,252,cap_spread_bp,11.389496053559482,6.538474537487778,1.7419194627521744,0.08152253780171267,-1.4256785537487495,24.204670660867713,2266,2266,0,5,raw
ols_characteristics_attention_raw_fit252_val126,ols,characteristics_attention,252,rank_ic,0.06604416023633387,0.0033195192630540694,19.89570025135839,4.433717619197783e-88,0.059538022034760954,0.0725502984379068,2266,2266,0,5,raw
ols_characteristics_attention_raw_fit252_val126,ols,characteristics_attention,252,ew_spread_bp,22.77237920972503,5.512346880889542,4.131158597560934,3.6093944296381955e-05,11.968377852889827,33.57638056656023,2266,2266,0,5,raw
ols_characteristics_attention_raw_fit252_val126,ols,characteristics_attention,252,cap_spread_bp,14.156074866190673,6.346615488240279,2.23049196732032,0.025714800139386634,1.7169370855156352,26.59521264686571,2266,2266,0,5,raw
ridge_characteristics_attention_raw_fit252_val126,ridge,characteristics_attention,252,rank_ic,0.06877507335259943,0.003596069535544549,19.125067708732413,1.561705191046984e-81,0.061726906577030435,0.07582324012816842,2266,2266,0,5,raw
ridge_characteristics_attention_raw_fit252_val126,ridge,characteristics_attention,252,ew_spread_bp,20.062420665503478,5.913724690562961,3.3925185420820836,0.0006925324468784911,8.4717332575148,31.653108073492156,2266,2266,0,5,raw
ridge_characteristics_attention_raw_fit252_val126,ridge,characteristics_attention,252,cap_spread_bp,14.755670835502082,6.846539743694113,2.1552012239602547,0.031146091186743732,1.3366995191395272,28.17464215186464,2266,2266,0,5,raw
lasso_characteristics_attention_raw_fit252_val126,lasso,characteristics_attention,252,rank_ic,0.0678898340331779,0.003536585076278041,19.19643740187533,3.9636352189538364e-82,0.060958254655411104,0.0748214134109447,2266,2266,0,5,raw
lasso_characteristics_attention_raw_fit252_val126,lasso,characteristics_attention,252,ew_spread_bp,20.28993474786991,5.865262427681496,3.459339628540782,0.000541501635695581,8.794231629738215,31.785637866001608,2266,2266,0,5,raw
lasso_characteristics_attention_raw_fit252_val126,lasso,characteristics_attention,252,cap_spread_bp,12.277711371270247,6.730066360782011,1.8243076238914853,0.06810557848429011,-0.9129763094270444,25.468399051967538,2266,2266,0,5,raw
enet_characteristics_attention_raw_fit252_val126,enet,characteristics_attention,252,rank_ic,0.06802186595108173,0.00353656475507992,19.233881085699096,1.9265618757636457e-82,0.06109032640213137,0.07495340550003209,2266,2266,0,5,raw
enet_characteristics_attention_raw_fit252_val126,enet,characteristics_attention,252,ew_spread_bp,19.961814617856824,5.867528200050818,3.4020824335678417,0.0006687446312085342,8.461670667484091,31.461958568229555,2266,2266,0,5,raw
enet_characteristics_attention_raw_fit252_val126,enet,characteristics_attention,252,cap_spread_bp,13.048029847426344,6.764534562870779,1.928888044869259,0.05374476230372457,-0.2102142679767809,26.30627396282947,2266,2266,0,5,raw
ols_characteristics_core_raw_fit252_val126,ols,characteristics_core,252,rank_ic,0.06639550333724514,0.003287298940153532,20.197586086936216,1.0280106928509418e-90,0.05995251580812753,0.07283849086636275,2266,2266,0,5,raw
ols_characteristics_core_raw_fit252_val126,ols,characteristics_core,252,ew_spread_bp,23.566554164159676,5.52509426499972,4.26536689400011,1.9957396767126822e-05,12.737568393571424,34.39553993474793,2266,2266,0,5,raw
ols_characteristics_core_raw_fit252_val126,ols,characteristics_core,252,cap_spread_bp,13.862834241671855,6.323157015555843,2.192391270304906,0.028351266433833677,1.469674222590628,26.255994260753084,2266,2266,0,5,raw
ridge_characteristics_core_raw_fit252_val126,ridge,characteristics_core,252,rank_ic,0.06911084622696076,0.0035624493219331126,19.399811753520957,7.745448661022355e-84,0.06212857385922272,0.07609311859469879,2266,2266,0,5,raw
ridge_characteristics_core_raw_fit252_val126,ridge,characteristics_core,252,ew_spread_bp,21.274745872794515,5.900783214267328,3.605410519294276,0.0003116598666273302,9.709423292252055,32.840068453336976,2266,2266,0,5,raw
ridge_characteristics_core_raw_fit252_val126,ridge,characteristics_core,252,cap_spread_bp,12.753348585836802,6.937432750230066,1.838338337105158,0.06601256528048771,-0.8437697497827834,26.350466921456388,2266,2266,0,5,raw
lasso_characteristics_core_raw_fit252_val126,lasso,characteristics_core,252,rank_ic,0.06806173050921871,0.003504047344256088,19.423747404779505,4.86100509622018e-84,0.061193923914353555,0.07492953710408387,2266,2266,0,5,raw
lasso_characteristics_core_raw_fit252_val126,lasso,characteristics_core,252,ew_spread_bp,21.04466503028843,5.898224165580018,3.5679662962112846,0.000359762766472598,9.484358093007783,32.60497196756908,2266,2266,0,5,raw
lasso_characteristics_core_raw_fit252_val126,lasso,characteristics_core,252,cap_spread_bp,10.93755499571585,6.692160762648706,1.6343831811038037,0.10217841753417618,-2.178839077827716,24.053949069259417,2266,2266,0,5,raw
enet_characteristics_core_raw_fit252_val126,enet,characteristics_core,252,rank_ic,0.06814281466887437,0.003512465719567036,19.400278923511884,7.6753840225488e-84,0.06125850836159141,0.07502712097615732,2266,2266,0,5,raw
enet_characteristics_core_raw_fit252_val126,enet,characteristics_core,252,ew_spread_bp,21.000481468576186,5.919444500697866,3.5477115236236036,0.00038859358187232675,9.398583438724687,32.60237949842769,2266,2266,0,5,raw
enet_characteristics_core_raw_fit252_val126,enet,characteristics_core,252,cap_spread_bp,12.492759381211142,6.732203554664298,1.8556716652686083,0.06350037189941732,-0.7021171225234113,25.687635884945696,2266,2266,0,5,raw
ols_characteristics_all_raw_fit252_val126,ols,characteristics_all,252,rank_ic,0.06533263004861097,0.0031322206236906857,20.85824655979365,1.282893370463657e-96,0.059193590434543635,0.07147166966267829,2266,2266,0,5,raw
ols_characteristics_all_raw_fit252_val126,ols,characteristics_all,252,ew_spread_bp,27.534566967572516,5.349038166626881,5.147573472061406,2.638776611008854e-07,17.05064480905367,38.01848912609137,2266,2266,0,5,raw
ols_characteristics_all_raw_fit252_val126,ols,characteristics_all,252,cap_spread_bp,13.01394156237738,5.709301799328815,2.2794278564687716,0.022641643975479204,1.823915658823175,24.203967465931584,2266,2266,0,5,raw
ridge_characteristics_all_raw_fit252_val126,ridge,characteristics_all,252,rank_ic,0.06821725986187112,0.003365987224727124,20.26664253528217,2.533637376433426e-91,0.06162004612898403,0.07481447359475821,2266,2266,0,5,raw
ridge_characteristics_all_raw_fit252_val126,ridge,characteristics_all,252,ew_spread_bp,27.550627732774117,5.592193807143374,4.926622481785486,8.366317628242872e-07,16.590129276205175,38.51112618934306,2266,2266,0,5,raw
ridge_characteristics_all_raw_fit252_val126,ridge,characteristics_all,252,cap_spread_bp,15.066761541010953,5.726236823022137,2.6311803033426,0.008508888028466914,3.843543600940505,26.289979481081403,2266,2266,0,5,raw
lasso_characteristics_all_raw_fit252_val126,lasso,characteristics_all,252,rank_ic,0.06820965551447108,0.003434697493356178,19.858999415934225,9.212773121113175e-88,0.06147777212970297,0.0749415388992392,2266,2266,0,5,raw
lasso_characteristics_all_raw_fit252_val126,lasso,characteristics_all,252,ew_spread_bp,25.344062890455522,5.715847860763501,4.433998858582314,9.25011157317902e-06,14.141206942248747,36.54691883866229,2266,2266,0,5,raw
lasso_characteristics_all_raw_fit252_val126,lasso,characteristics_all,252,cap_spread_bp,13.937914079295046,6.419731705114115,2.171105385633447,0.02992320703409068,1.3554711468614702,26.52035701172862,2266,2266,0,5,raw
enet_characteristics_all_raw_fit252_val126,enet,characteristics_all,252,rank_ic,0.06829659551760127,0.0034375065182573154,19.868062839987,7.691419043728266e-88,0.061559206545195255,0.07503398449000728,2266,2266,0,5,raw
enet_characteristics_all_raw_fit252_val126,enet,characteristics_all,252,ew_spread_bp,25.212689261671997,5.737992562973388,4.39399127568875,1.1128828379934576e-05,13.96643049468548,36.45894802865851,2266,2266,0,5,raw
enet_characteristics_all_raw_fit252_val126,enet,characteristics_all,252,cap_spread_bp,14.440152083599525,6.395782506348162,2.257761590433522,0.023960527057446477,1.9046487182058076,26.975655448993244,2266,2266,0,5,raw
ols_characteristics_textcore_raw_fit252_val126,ols,characteristics_textcore,252,rank_ic,0.05957821316713171,0.0027408453820395424,21.737166772537105,9.136751562912803e-105,0.054206254931141284,0.06495017140312213,2266,2266,0,5,raw
ols_characteristics_textcore_raw_fit252_val126,ols,characteristics_textcore,252,ew_spread_bp,24.840917510239112,4.954365553102474,5.013945225475637,5.33251726985731e-07,15.130539459912399,34.551295560565826,2266,2266,0,5,raw
ols_characteristics_textcore_raw_fit252_val126,ols,characteristics_textcore,252,cap_spread_bp,7.1562736368371835,5.572456449351878,1.2842224433480347,0.19906413450061566,-3.7655403093104463,18.078087582984814,2266,2266,0,5,raw
ridge_characteristics_textcore_raw_fit252_val126,ridge,characteristics_textcore,252,rank_ic,0.06582730279888929,0.003287037227117093,20.026333214553627,3.247043113103818e-89,0.05938482821789738,0.0722697773798812,2266,2266,0,5,raw
ridge_characteristics_textcore_raw_fit252_val126,ridge,characteristics_textcore,252,ew_spread_bp,21.919967790668682,5.604721847311514,3.910982273131592,9.192151936899569e-05,10.934914826573316,32.90502075476405,2266,2266,0,5,raw
ridge_characteristics_textcore_raw_fit252_val126,ridge,characteristics_textcore,252,cap_spread_bp,11.781997286473013,6.975740210903658,1.6889959961606338,0.09122019724131179,-1.8902022924059985,25.454196865352024,2266,2266,0,5,raw
lasso_characteristics_textcore_raw_fit252_val126,lasso,characteristics_textcore,252,rank_ic,0.06784782512476031,0.003467586278183786,19.566297615036387,2.9967746063766704e-85,0.0610514809062348,0.07464416934328583,2266,2266,0,5,raw
lasso_characteristics_textcore_raw_fit252_val126,lasso,characteristics_textcore,252,ew_spread_bp,20.230506994123978,5.871013103806094,3.4458289628086214,0.0005693105673032577,8.723532757901316,31.73748123034664,2266,2266,0,5,raw
lasso_characteristics_textcore_raw_fit252_val126,lasso,characteristics_textcore,252,cap_spread_bp,10.409999682938865,7.00951277717028,1.4851245748269186,0.13751082731935255,-3.328392909488217,24.14839227536595,2266,2266,0,5,raw
enet_characteristics_textcore_raw_fit252_val126,enet,characteristics_textcore,252,rank_ic,0.06801220431112828,0.003477200299330199,19.55947269538348,3.426018396173599e-85,0.0611970169574092,0.07482739166484736,2266,2266,0,5,raw
enet_characteristics_textcore_raw_fit252_val126,enet,characteristics_textcore,252,ew_spread_bp,20.566254331612672,5.8938090781455825,3.489467347673841,0.0004839841819663718,9.014600806692114,32.11790785653323,2266,2266,0,5,raw
enet_characteristics_textcore_raw_fit252_val126,enet,characteristics_textcore,252,cap_spread_bp,11.76475574605816,7.025903284856066,1.674483019345914,0.09403570890379556,-2.0057616511213894,25.53527314323771,2266,2266,0,5,raw
ols_characteristics_textall_raw_fit252_val126,ols,characteristics_textall,252,rank_ic,0.05918937163968978,0.0026515930000868596,22.322193352354937,2.249780180668215e-110,0.05399234485786102,0.06438639842151854,2266,2266,0,5,raw
ols_characteristics_textall_raw_fit252_val126,ols,characteristics_textall,252,ew_spread_bp,27.78770975427483,4.848101961077469,5.7316677696479665,9.944791674270012e-09,18.285604517184982,37.28981499136468,2266,2266,0,5,raw
ols_characteristics_textall_raw_fit252_val126,ols,characteristics_textall,252,cap_spread_bp,11.644572640913792,5.12814076527481,2.270720164267912,0.023163923555909453,1.5936014333234922,21.69554384850409,2266,2266,0,5,raw
ridge_characteristics_textall_raw_fit252_val126,ridge,characteristics_textall,252,rank_ic,0.06500208850729752,0.0031503831932514015,20.633073667527764,1.3855709503665954e-94,0.05882745091102449,0.07117672610357056,2266,2266,0,5,raw
ridge_characteristics_textall_raw_fit252_val126,ridge,characteristics_textall,252,ew_spread_bp,27.285183532790608,5.4937677886541065,4.966570226928918,6.814738212184006e-07,16.517596527602304,38.052770537978915,2266,2266,0,5,raw
ridge_characteristics_textall_raw_fit252_val126,ridge,characteristics_textall,252,cap_spread_bp,13.12651162230578,5.883844966552957,2.230941110264489,0.02568503012254329,1.5943873972447058,24.658635847366853,2266,2266,0,5,raw
lasso_characteristics_textall_raw_fit252_val126,lasso,characteristics_textall,252,rank_ic,0.06779332605305935,0.0034387104387289535,19.71475274263503,1.611016012186637e-86,0.06105357743988867,0.07453307466623002,2266,2266,0,5,raw
lasso_characteristics_textall_raw_fit252_val126,lasso,characteristics_textall,252,ew_spread_bp,24.067738667713517,5.776498760271969,4.16649248386238,3.093220863499874e-05,12.746009140840187,35.38946819458685,2266,2266,0,5,raw
lasso_characteristics_textall_raw_fit252_val126,lasso,characteristics_textall,252,cap_spread_bp,11.685282706161075,6.704945443256237,1.7427856505400812,0.08137106376652141,-1.4561688809270983,24.82673429324925,2266,2266,0,5,raw
enet_characteristics_textall_raw_fit252_val126,enet,characteristics_textall,252,rank_ic,0.0679396660226238,0.00344632164363533,19.713675346610447,1.645689478561494e-86,0.06118499972195767,0.07469433232328992,2266,2266,0,5,raw
enet_characteristics_textall_raw_fit252_val126,enet,characteristics_textall,252,ew_spread_bp,23.842653882102667,5.794524195360127,4.114687087025073,3.8770499635635805e-05,12.485595151650882,35.19971261255445,2266,2266,0,5,raw
enet_characteristics_textall_raw_fit252_val126,enet,characteristics_textall,252,cap_spread_bp,11.798279996397719,6.722338480181745,1.7550856790654703,0.07924465352151149,-1.3772613166462246,24.97382130944166,2266,2266,0,5,raw
ols_characteristics_raw_fit756_val126,ols,characteristics,756,rank_ic,0.06827740724441295,0.0034402320585314615,19.846744662207076,1.1757568334820897e-87,0.06153467631123119,0.0750201381775947,2266,2266,0,5,raw
ols_characteristics_raw_fit756_val126,ols,characteristics,756,ew_spread_bp,23.145955086037677,5.581653773335926,4.146791618750707,3.3716666313081445e-05,12.206114716127168,34.08579545594819,2266,2266,0,5,raw
ols_characteristics_raw_fit756_val126,ols,characteristics,756,cap_spread_bp,12.01024319978106,6.540078190666141,1.8364066681835427,0.06629753410724185,-0.8080745100004574,24.828560909562576,2266,2266,0,5,raw
ridge_characteristics_raw_fit756_val126,ridge,characteristics,756,rank_ic,0.06922865086674809,0.0036020779689769403,19.219087277672216,2.5623767877727135e-82,0.0621687077780481,0.07628859395544808,2266,2266,0,5,raw
ridge_characteristics_raw_fit756_val126,ridge,characteristics,756,ew_spread_bp,20.01153749193291,5.842450607834482,3.4251958356478487,0.0006143564108298554,8.560544719123177,31.46253026474264,2266,2266,0,5,raw
ridge_characteristics_raw_fit756_val126,ridge,characteristics,756,cap_spread_bp,16.552795937194173,6.563360862906438,2.5219999757660947,0.01166897162817492,3.6888450283578234,29.41674684603052,2266,2266,0,5,raw
lasso_characteristics_raw_fit756_val126,lasso,characteristics,756,rank_ic,0.06910031519813949,0.003593130043810928,19.23123136530028,2.0275637251953342e-82,0.06205790972050124,0.07614272067577774,2266,2266,0,5,raw
lasso_characteristics_raw_fit756_val126,lasso,characteristics,756,ew_spread_bp,20.709701344049762,5.80449235546397,3.567874686673504,0.00035988853850534144,9.333105378802315,32.08629730929721,2266,2266,0,5,raw
lasso_characteristics_raw_fit756_val126,lasso,characteristics,756,cap_spread_bp,16.80401850719178,6.361467264071737,2.6415318682998548,0.008253204234946932,4.3357717807806235,29.272265233602937,2266,2266,0,5,raw
enet_characteristics_raw_fit756_val126,enet,characteristics,756,rank_ic,0.06903221608709773,0.003583417388817778,19.264352598867212,1.0699508451488049e-82,0.062008847063440314,0.07605558511075514,2266,2266,0,5,raw
enet_characteristics_raw_fit756_val126,enet,characteristics,756,ew_spread_bp,20.082823078717507,5.867223694513414,3.4228834836308444,0.0006196063039370936,8.58327594823118,31.582370209203834,2266,2266,0,5,raw
enet_characteristics_raw_fit756_val126,enet,characteristics,756,cap_spread_bp,15.64434106178681,6.496673577881117,2.4080540409249243,0.016037806839620226,2.9110948298268475,28.37758729374677,2266,2266,0,5,raw
ols_characteristics_sentiment_raw_fit756_val126,ols,characteristics_sentiment,756,rank_ic,0.06884094433264426,0.003407043569128373,20.2054781325429,8.761704596426113e-91,0.06216326164339385,0.07551862702189467,2266,2266,0,5,raw
ols_characteristics_sentiment_raw_fit756_val126,ols,characteristics_sentiment,756,ew_spread_bp,24.12845776023567,5.599923881746779,4.308711737829783,1.6420822365267716e-05,13.152808635846245,35.1041068846251,2266,2266,0,5,raw
ols_characteristics_sentiment_raw_fit756_val126,ols,characteristics_sentiment,756,cap_spread_bp,11.423265814955688,6.643042256981765,1.7195834939857502,0.08550817865263674,-1.596857756506246,24.44338938641762,2266,2266,0,5,raw
ridge_characteristics_sentiment_raw_fit756_val126,ridge,characteristics_sentiment,756,rank_ic,0.06983830553291412,0.003569123466932927,19.567354892580568,2.9352577168321517e-85,0.06284295208134885,0.07683365898447939,2266,2266,0,5,raw
ridge_characteristics_sentiment_raw_fit756_val126,ridge,characteristics_sentiment,756,ew_spread_bp,21.85943097523809,5.9044667932826975,3.7021854369825213,0.00021375029379514229,10.286888712491299,33.431973237984884,2266,2266,0,5,raw
ridge_characteristics_sentiment_raw_fit756_val126,ridge,characteristics_sentiment,756,cap_spread_bp,14.89884424682121,6.682036842985537,2.229686036894762,0.02576829350796212,1.802292691199833,27.995395802442587,2266,2266,0,5,raw
lasso_characteristics_sentiment_raw_fit756_val126,lasso,characteristics_sentiment,756,rank_ic,0.06966323621575844,0.0035661475765670406,19.53459152209845,5.579048114145865e-85,0.06267371540213225,0.07665275702938464,2266,2266,0,5,raw
lasso_characteristics_sentiment_raw_fit756_val126,lasso,characteristics_sentiment,756,ew_spread_bp,22.59621532750765,5.843198438860353,3.86709702981006,0.00011013861407880387,11.14375683282069,34.04867382219461,2266,2266,0,5,raw
lasso_characteristics_sentiment_raw_fit756_val126,lasso,characteristics_sentiment,756,cap_spread_bp,17.554659634283468,6.551476395370927,2.6794967385804904,0.00737329215349687,4.714001853792155,30.39531741477478,2266,2266,0,5,raw
enet_characteristics_sentiment_raw_fit756_val126,enet,characteristics_sentiment,756,rank_ic,0.06972895801318385,0.003566083894380615,19.553370049162826,3.861497775080566e-85,0.0627395620143495,0.0767183540120182,2266,2266,0,5,raw
enet_characteristics_sentiment_raw_fit756_val126,enet,characteristics_sentiment,756,ew_spread_bp,22.539038504501736,5.869801372687403,3.8398298466073246,0.0001231196117756254,11.034439217630654,34.04363779137282,2266,2266,0,5,raw
enet_characteristics_sentiment_raw_fit756_val126,enet,characteristics_sentiment,756,cap_spread_bp,15.869740908197363,6.5288469559740765,2.430711121766472,0.015069223898517326,3.0734360139142094,28.666045802480518,2266,2266,0,5,raw
ols_characteristics_attention_raw_fit756_val126,ols,characteristics_attention,756,rank_ic,0.06884227103739325,0.0034275103976686597,20.085211436329622,9.939933647738812e-90,0.06212447410132612,0.07556006797346038,2266,2266,0,5,raw
ols_characteristics_attention_raw_fit756_val126,ols,characteristics_attention,756,ew_spread_bp,24.090672270296228,5.581270848815318,4.316341729842715,1.5863632933261443e-05,13.151582418654906,35.02976212193755,2266,2266,0,5,raw
ols_characteristics_attention_raw_fit756_val126,ols,characteristics_attention,756,cap_spread_bp,13.817136604401297,6.640374076571126,2.0807768425504154,0.037454336742128246,0.8022425704484704,26.832030638354123,2266,2266,0,5,raw
ridge_characteristics_attention_raw_fit756_val126,ridge,characteristics_attention,756,rank_ic,0.0701037802980326,0.003607218277506805,19.43430502533551,3.9573728653680267e-84,0.06303376238974466,0.07717379820632055,2266,2266,0,5,raw
ridge_characteristics_attention_raw_fit756_val126,ridge,characteristics_attention,756,ew_spread_bp,22.10902080237589,5.902262539657486,3.745855196007411,0.00017978027524855435,10.540798797347305,33.677242807404475,2266,2266,0,5,raw
ridge_characteristics_attention_raw_fit756_val126,ridge,characteristics_attention,756,cap_spread_bp,17.65837395679394,6.744111027867845,2.618339746161719,0.00883587832075561,4.44015923443356,30.876588679154324,2266,2266,0,5,raw
lasso_characteristics_attention_raw_fit756_val126,lasso,characteristics_attention,756,rank_ic,0.0698653854704982,0.0035759281648077507,19.537692663424714,5.250251172512651e-85,0.0628566950561726,0.0768740758848238,2266,2266,0,5,raw
lasso_characteristics_attention_raw_fit756_val126,lasso,characteristics_attention,756,ew_spread_bp,23.35459201552577,5.873752550188472,3.9760939562863244,7.005645585272066e-05,11.842248563056069,34.866935467995475,2266,2266,0,5,raw
lasso_characteristics_attention_raw_fit756_val126,lasso,characteristics_attention,756,cap_spread_bp,17.15718287249827,6.703289645610877,2.5595168610582575,0.010481777103523958,4.01897658916069,30.295389155835853,2266,2266,0,5,raw
enet_characteristics_attention_raw_fit756_val126,enet,characteristics_attention,756,rank_ic,0.06997111084295869,0.0035777617654887115,19.557230310274964,3.580026436566299e-85,0.06295882663733637,0.07698339504858101,2266,2266,0,5,raw
enet_characteristics_attention_raw_fit756_val126,enet,characteristics_attention,756,ew_spread_bp,23.400026487424128,5.863718594418216,3.990646227412593,6.58935076175114e-05,11.907349226886595,34.89270374796166,2266,2266,0,5,raw
enet_characteristics_attention_raw_fit756_val126,enet,characteristics_attention,756,cap_spread_bp,16.68820360845227,6.694121549158191,2.492963936478098,0.012668171235318798,3.5679664639687427,29.808440752935795,2266,2266,0,5,raw
ols_characteristics_core_raw_fit756_val126,ols,characteristics_core,756,rank_ic,0.06919613574993516,0.0033995389023587716,20.354565056432623,4.2298790666528414e-92,0.06253316193726914,0.07585910956260118,2266,2266,0,5,raw
ols_characteristics_core_raw_fit756_val126,ols,characteristics_core,756,ew_spread_bp,25.060167256935156,5.631468900071934,4.450023200272853,8.586101357550153e-06,14.022691032736772,36.09764348113354,2266,2266,0,5,raw
ols_characteristics_core_raw_fit756_val126,ols,characteristics_core,756,cap_spread_bp,12.732200837967914,6.770195005415351,1.880625421835511,0.06002289107044477,-0.5371375409591295,26.001539216894958,2266,2266,0,5,raw
ridge_characteristics_core_raw_fit756_val126,ridge,characteristics_core,756,rank_ic,0.07031131305360563,0.0035794230720806743,19.643197140352157,6.610263755478575e-86,0.0632957727468958,0.07732685336031547,2266,2266,0,5,raw
ridge_characteristics_core_raw_fit756_val126,ridge,characteristics_core,756,ew_spread_bp,23.713824230188724,5.9323075476785245,3.9974030408232286,6.40412089879129e-05,12.086715091523686,35.34093336885376,2266,2266,0,5,raw
ridge_characteristics_core_raw_fit756_val126,ridge,characteristics_core,756,cap_spread_bp,14.682429664624008,6.7022774377078855,2.190662771137874,0.028476205051364556,1.5462072723211566,27.818652056926858,2266,2266,0,5,raw
lasso_characteristics_core_raw_fit756_val126,lasso,characteristics_core,756,rank_ic,0.07011915843895611,0.0035527035329078675,19.736844853351435,1.0407756328607347e-86,0.06315598746670847,0.07708232941120374,2266,2266,0,5,raw
lasso_characteristics_core_raw_fit756_val126,lasso,characteristics_core,756,ew_spread_bp,24.109832082763866,5.858674386289943,4.115236740103529,3.867822256720278e-05,12.627041288488273,35.59262287703946,2266,2266,0,5,raw
lasso_characteristics_core_raw_fit756_val126,lasso,characteristics_core,756,cap_spread_bp,16.383828402779915,6.582585075661454,2.4889656896889525,0.012811532892041668,3.4821987293126,29.28545807624723,2266,2266,0,5,raw
enet_characteristics_core_raw_fit756_val126,enet,characteristics_core,756,rank_ic,0.07013033780848522,0.0035566627844790194,19.71801715769293,1.5103446230130533e-86,0.0631594068457524,0.07710126877121805,2266,2266,0,5,raw
enet_characteristics_core_raw_fit756_val126,enet,characteristics_core,756,ew_spread_bp,24.02173649525237,5.8500174921354064,4.106267464592455,4.021038592777623e-05,12.555912901737644,35.4875600887671,2266,2266,0,5,raw
enet_characteristics_core_raw_fit756_val126,enet,characteristics_core,756,cap_spread_bp,16.573353207532065,6.547804653650507,2.531131285092959,0.011369528418985076,3.739891908573309,29.40681450649082,2266,2266,0,5,raw
ols_characteristics_all_raw_fit756_val126,ols,characteristics_all,756,rank_ic,0.06817826624874138,0.0032663535568878436,20.872898497155067,9.4430874485666e-97,0.0617763309164669,0.07458020158101586,2266,2266,0,5,raw
ols_characteristics_all_raw_fit756_val126,ols,characteristics_all,756,ew_spread_bp,30.00828770653459,5.4080913245682165,5.548776066375036,2.8767635960444114e-08,19.408623485277367,40.60795192779181,2266,2266,0,5,raw
ols_characteristics_all_raw_fit756_val126,ols,characteristics_all,756,cap_spread_bp,18.319092276572928,5.962101742115427,3.0725896787653757,0.00212210059206864,6.633587589863177,30.00459696328268,2266,2266,0,5,raw
ridge_characteristics_all_raw_fit756_val126,ridge,characteristics_all,756,rank_ic,0.07029231331209625,0.0034593613511790314,20.319448064637417,8.654387333673601e-92,0.06351208965427553,0.07707253696991696,2266,2266,0,5,raw
ridge_characteristics_all_raw_fit756_val126,ridge,characteristics_all,756,ew_spread_bp,30.25239526030263,5.66271346655068,5.34238496067332,9.173158669273012e-08,19.153680811093338,41.351109709511924,2266,2266,0,5,raw
ridge_characteristics_all_raw_fit756_val126,ridge,characteristics_all,756,cap_spread_bp,16.666685353584683,5.923874324909068,2.813477200808192,0.00490088613868129,5.056105027821383,28.277265679347984,2266,2266,0,5,raw
lasso_characteristics_all_raw_fit756_val126,lasso,characteristics_all,756,rank_ic,0.07040676993001715,0.0034948382505439195,20.145930907978183,2.921653425093684e-90,0.0635570128271581,0.07725652703287621,2266,2266,0,5,raw
lasso_characteristics_all_raw_fit756_val126,lasso,characteristics_all,756,ew_spread_bp,28.272886948546226,5.814716748443915,4.862298229077517,1.1603062939072396e-06,16.8762515412943,39.66952235579815,2266,2266,0,5,raw
lasso_characteristics_all_raw_fit756_val126,lasso,characteristics_all,756,cap_spread_bp,15.608949768790248,6.20234961510739,2.5166188198696036,0.011848694067736167,3.4525679036538985,27.7653316339266,2266,2266,0,5,raw
enet_characteristics_all_raw_fit756_val126,enet,characteristics_all,756,rank_ic,0.0703667533354123,0.003502095418929724,20.092757311825928,8.538604498203534e-90,0.06350277244388733,0.07723073422693727,2266,2266,0,5,raw
enet_characteristics_all_raw_fit756_val126,enet,characteristics_all,756,ew_spread_bp,28.192868112515324,5.80397921739473,4.8575067305582875,1.1887309798613783e-06,16.817277879402685,39.56845834562796,2266,2266,0,5,raw
enet_characteristics_all_raw_fit756_val126,enet,characteristics_all,756,cap_spread_bp,15.249028201965311,6.274039197337692,2.430496164008035,0.015078165664964472,2.9521373375908464,27.545919066339778,2266,2266,0,5,raw
ols_characteristics_textcore_raw_fit756_val126,ols,characteristics_textcore,756,rank_ic,0.06447099252724275,0.002987964953150942,21.57689047164199,2.9612534152171557e-103,0.058614688831998996,0.07032729622248651,2266,2266,0,5,raw
ols_characteristics_textcore_raw_fit756_val126,ols,characteristics_textcore,756,ew_spread_bp,26.31942303568741,5.160706664538162,5.099964936302531,3.3971640840621235e-07,16.204623838416783,36.434222232958035,2266,2266,0,5,raw
ols_characteristics_textcore_raw_fit756_val126,ols,characteristics_textcore,756,cap_spread_bp,10.42137127878197,5.9970771494310675,1.7377417397024195,0.08225633046463136,-1.3326839466110538,22.175426504174993,2266,2266,0,5,raw
ridge_characteristics_textcore_raw_fit756_val126,ridge,characteristics_textcore,756,rank_ic,0.0684852938374283,0.003420744066022687,20.020583976940554,3.64424824919551e-89,0.061780758667694724,0.07518982900716187,2266,2266,0,5,raw
ridge_characteristics_textcore_raw_fit756_val126,ridge,characteristics_textcore,756,ew_spread_bp,23.426715720899047,5.685632567170301,4.120335854302023,3.783205167869267e-05,12.283080659917248,34.57035078188085,2266,2266,0,5,raw
ridge_characteristics_textcore_raw_fit756_val126,ridge,characteristics_textcore,756,cap_spread_bp,14.6901908872125,6.726193511312201,2.184027394172699,0.02896023515117802,1.5070938519935826,27.873287922431416,2266,2266,0,5,raw
lasso_characteristics_textcore_raw_fit756_val126,lasso,characteristics_textcore,756,rank_ic,0.06992715222944015,0.0035264557376620707,19.829300984165947,1.6633523092364862e-87,0.06301542599054787,0.07683887846833244,2266,2266,0,5,raw
lasso_characteristics_textcore_raw_fit756_val126,lasso,characteristics_textcore,756,ew_spread_bp,24.591376292608516,5.809473929886076,4.232978164529047,2.306169034059992e-05,13.205016620907434,35.977735964309595,2266,2266,0,5,raw
lasso_characteristics_textcore_raw_fit756_val126,lasso,characteristics_textcore,756,cap_spread_bp,12.739329135629474,6.582552635751133,1.935317473412925,0.052951349410478556,-0.16223695678195327,25.6408952280409,2266,2266,0,5,raw
enet_characteristics_textcore_raw_fit756_val126,enet,characteristics_textcore,756,rank_ic,0.07006246015493552,0.003528742068664354,19.854797769748725,1.0016493681926068e-87,0.06314625278962202,0.07697866752024901,2266,2266,0,5,raw
enet_characteristics_textcore_raw_fit756_val126,enet,characteristics_textcore,756,ew_spread_bp,24.689039332996742,5.80877302840087,4.250301950564167,2.134825269444911e-05,13.304053402963378,36.07402526303011,2266,2266,0,5,raw
enet_characteristics_textcore_raw_fit756_val126,enet,characteristics_textcore,756,cap_spread_bp,14.4486072074593,6.52044706521096,2.215892110304531,0.026698892009076543,1.6687657965459248,27.228448618372674,2266,2266,0,5,raw
ols_characteristics_textall_raw_fit756_val126,ols,characteristics_textall,756,rank_ic,0.0642153043912643,0.002922926472961218,21.96952437404549,5.635554362360734e-107,0.05848647377480162,0.06994413500772698,2266,2266,0,5,raw
ols_characteristics_textall_raw_fit756_val126,ols,characteristics_textall,756,ew_spread_bp,29.04729087782854,5.060192660472809,5.740352754694216,9.447953901781093e-09,19.12949550846792,38.96508624718916,2266,2266,0,5,raw
ols_characteristics_textall_raw_fit756_val126,ols,characteristics_textall,756,cap_spread_bp,14.522167088662878,5.552910148809158,2.6152353809969733,0.008916598366006213,3.6386631876099766,25.40567098971578,2266,2266,0,5,raw
ridge_characteristics_textall_raw_fit756_val126,ridge,characteristics_textall,756,rank_ic,0.06836587680182746,0.0032983655298318287,20.727198421004957,1.9692529442792408e-95,0.0619011991555087,0.07483055444814621,2266,2266,0,5,raw
ridge_characteristics_textall_raw_fit756_val126,ridge,characteristics_textall,756,ew_spread_bp,29.47611227724054,5.451115587157578,5.407354110539146,6.39626048949054e-08,18.792122050846775,40.160102503634306,2266,2266,0,5,raw
ridge_characteristics_textall_raw_fit756_val126,ridge,characteristics_textall,756,cap_spread_bp,16.00007167945477,5.9574147000904825,2.6857407927656536,0.0072369207663061765,4.3237534263079365,27.6763899326016,2266,2266,0,5,raw
lasso_characteristics_textall_raw_fit756_val126,lasso,characteristics_textall,756,rank_ic,0.06997879901789657,0.0034753092826878998,20.135991742229354,3.5709266471288688e-90,0.06316731798869056,0.07679028004710257,2266,2266,0,5,raw
lasso_characteristics_textall_raw_fit756_val126,lasso,characteristics_textall,756,ew_spread_bp,27.01113028013092,5.851013675534839,4.616487292291595,3.902899096770924e-06,15.543354203031312,38.47890635723053,2266,2266,0,5,raw
lasso_characteristics_textall_raw_fit756_val126,lasso,characteristics_textall,756,cap_spread_bp,17.70103529348534,6.2922155016066,2.8131641850101463,0.004905659619056562,5.368519527371772,30.033551059598906,2266,2266,0,5,raw
enet_characteristics_textall_raw_fit756_val126,enet,characteristics_textall,756,rank_ic,0.07001362113434001,0.003479381807487249,20.122431227202014,4.694811630038521e-90,0.06319415810320113,0.07683308416547889,2266,2266,0,5,raw
enet_characteristics_textall_raw_fit756_val126,enet,characteristics_textall,756,ew_spread_bp,27.166799135978046,5.84526021806647,4.64766291362208,3.357169301347743e-06,15.710299628303021,38.62329864365307,2266,2266,0,5,raw
enet_characteristics_textall_raw_fit756_val126,enet,characteristics_textall,756,cap_spread_bp,17.401616678404405,6.336782143920947,2.7461282845423787,0.006030317863644185,4.981751898442841,29.82148145836597,2266,2266,0,5,raw
ols_core_dgtw_fit504_val126,ols,core,504,rank_ic,0.032986273758893146,0.0015915730086782304,20.725580026195335,2.0365871880352335e-95,0.02986684798311776,0.03610569953466853,2266,2266,0,5,dgtw
ols_core_dgtw_fit504_val126,ols,core,504,ew_spread_bp,23.539589716940807,2.865177479367349,8.215752736594352,2.1083749520209546e-16,17.923945048065548,29.155234385816065,2266,2266,0,5,dgtw
ols_core_dgtw_fit504_val126,ols,core,504,cap_spread_bp,-1.330855662112452,0.9176648970750461,-1.4502632348196005,0.14698512726753027,-3.1294458102561977,0.46773448603129375,2266,2266,0,5,dgtw
ridge_core_dgtw_fit504_val126,ridge,core,504,rank_ic,0.033018271227002564,0.0015813295334306684,20.88006992152355,8.127284850605162e-97,0.029918922293788928,0.036117620160216204,2266,2266,0,5,dgtw
ridge_core_dgtw_fit504_val126,ridge,core,504,ew_spread_bp,24.99289927696813,2.8129232537723783,8.885027077596392,6.390520269917824e-19,19.479671008299047,30.506127545637217,2266,2266,0,5,dgtw
ridge_core_dgtw_fit504_val126,ridge,core,504,cap_spread_bp,-0.7736845497968154,0.8661455861742414,-0.8932500057111349,0.37172330439408063,-2.4712987040666627,0.9239296044730316,2266,2266,0,5,dgtw
lasso_core_dgtw_fit504_val126,lasso,core,504,rank_ic,0.033575580702578725,0.0015990092557008728,20.99774005864774,6.878040612216381e-98,0.030441580150458815,0.036709581254698635,2266,2266,0,5,dgtw
lasso_core_dgtw_fit504_val126,lasso,core,504,ew_spread_bp,25.327480783767754,2.8342200693492745,8.936314105482586,4.0236714587098646e-19,19.772511523582562,30.882450043952947,2266,2266,0,5,dgtw
lasso_core_dgtw_fit504_val126,lasso,core,504,cap_spread_bp,-1.2075453031420151,0.8618423404907394,-1.401120885351757,0.1611779271153292,-2.896725250855571,0.4816346445715405,2266,2266,0,5,dgtw
enet_core_dgtw_fit504_val126,enet,core,504,rank_ic,0.03357495466008269,0.0015990334805958382,20.99703043589297,6.98152715655436e-98,0.030440906628041116,0.03670900269212426,2266,2266,0,5,dgtw
enet_core_dgtw_fit504_val126,enet,core,504,ew_spread_bp,25.313090734268844,2.8347777631677,8.92947978609192,4.2801671141063225e-19,19.757028414285138,30.86915305425255,2266,2266,0,5,dgtw
enet_core_dgtw_fit504_val126,enet,core,504,cap_spread_bp,-1.206774535354614,0.8617878252046833,-1.400315135651856,0.1614189703583837,-2.8958476350708926,0.48229856436166485,2266,2266,0,5,dgtw
ols_all_dgtw_fit504_val126,ols,all,504,rank_ic,0.029618455092386975,0.001479238057868528,20.02277789895763,3.4872555747720516e-89,0.026719201774403685,0.032517708410370265,2266,2266,0,5,dgtw
ols_all_dgtw_fit504_val126,ols,all,504,ew_spread_bp,23.05772550087186,2.8764638699673672,8.01599691260278,1.0924725039675518e-15,17.419959912905114,28.695491088838608,2266,2266,0,5,dgtw
ols_all_dgtw_fit504_val126,ols,all,504,cap_spread_bp,1.614420114850512,1.0614525593190143,1.5209536221630664,0.1282714761285575,-0.46598867271262123,3.6948289024136454,2266,2266,0,5,dgtw
ridge_all_dgtw_fit504_val126,ridge,all,504,rank_ic,0.03171618529581315,0.0015167469139738088,20.91066413494007,4.282307720570147e-97,0.028743415970762215,0.03468895462086409,2266,2266,0,5,dgtw
ridge_all_dgtw_fit504_val126,ridge,all,504,ew_spread_bp,22.41324183127324,2.961453384299215,7.568325049484785,3.7806703551726735e-14,16.608899856152522,28.217583806393957,2266,2266,0,5,dgtw
ridge_all_dgtw_fit504_val126,ridge,all,504,cap_spread_bp,0.13847344238873285,0.9868005498880855,0.14032566398999,0.888402688006023,-1.7956200953162356,2.0725669800937014,2266,2266,0,5,dgtw
lasso_all_dgtw_fit504_val126,lasso,all,504,rank_ic,0.03074473058709375,0.0015581823564590465,19.731150503437117,1.1648887816380825e-86,0.027690749287088267,0.033798711887099236,2266,2266,0,5,dgtw
lasso_all_dgtw_fit504_val126,lasso,all,504,ew_spread_bp,22.440618475428423,2.9130419902758566,7.703499829504127,1.3238928304204742e-14,16.731161089034863,28.150075861821982,2266,2266,0,5,dgtw
lasso_all_dgtw_fit504_val126,lasso,all,504,cap_spread_bp,0.6741995620619297,0.9304333881645551,0.7246080919257507,0.468692493249386,-1.1494163687541745,2.4978154928780336,2266,2266,0,5,dgtw
enet_all_dgtw_fit504_val126,enet,all,504,rank_ic,0.030754446284797607,0.0015540172535956798,19.79028624916363,3.609857989962958e-87,0.027708628436396227,0.03380026413319899,2266,2266,0,5,dgtw
enet_all_dgtw_fit504_val126,enet,all,504,ew_spread_bp,22.69217936268003,2.9165779198265307,7.780412519899243,7.228843936750705e-15,16.97579168171528,28.40856704364478,2266,2266,0,5,dgtw
enet_all_dgtw_fit504_val126,enet,all,504,cap_spread_bp,0.7276294725075007,0.9307840131172552,0.7817382574831974,0.43436841315031205,-1.0966736705879767,2.5519326156029782,2266,2266,0,5,dgtw
ols_textcore_dgtw_fit504_val126,ols,textcore,504,rank_ic,0.03489248286051206,0.0013647058658060934,25.567767923311482,3.484161224476771e-144,0.032217708514041564,0.037567257206982556,2266,2266,0,5,dgtw
ols_textcore_dgtw_fit504_val126,ols,textcore,504,ew_spread_bp,17.038292538137643,2.7768117664743266,6.135919165947244,8.466820345464452e-10,11.595841484000916,22.480743592274372,2266,2266,0,5,dgtw
ols_textcore_dgtw_fit504_val126,ols,textcore,504,cap_spread_bp,2.1333798641536,2.0088259580303687,1.0620033336513408,0.28823417180227484,-1.8038466647950928,6.070606393102293,2266,2266,0,5,dgtw
ridge_textcore_dgtw_fit504_val126,ridge,textcore,504,rank_ic,0.03630434252482248,0.0014630261362922662,24.814554999562922,6.244265626068951e-136,0.03343686398924885,0.039171821060396114,2266,2266,0,5,dgtw
ridge_textcore_dgtw_fit504_val126,ridge,textcore,504,ew_spread_bp,16.589484607944673,2.752014814204042,6.028123294366352,1.6587449280991076e-09,11.195634687184063,21.983334528705285,2266,2266,0,5,dgtw
ridge_textcore_dgtw_fit504_val126,ridge,textcore,504,cap_spread_bp,0.733643384125149,2.0586189900712166,0.35637647746549206,0.72155864279539,-3.301175694304655,4.768462462554953,2266,2266,0,5,dgtw
lasso_textcore_dgtw_fit504_val126,lasso,textcore,504,rank_ic,0.03627256866596616,0.0014891625892997345,24.35769534273824,4.805054299454084e-131,0.03335386362381427,0.039191273708118056,2266,2266,0,5,dgtw
lasso_textcore_dgtw_fit504_val126,lasso,textcore,504,ew_spread_bp,19.6093061412848,2.8594138075512485,6.857806341110825,6.9925961854012955e-12,14.004958061587809,25.213654220981795,2266,2266,0,5,dgtw
lasso_textcore_dgtw_fit504_val126,lasso,textcore,504,cap_spread_bp,1.6589634417257966,2.080048576205083,0.7975599515817416,0.42512589931121225,-2.417856853729984,5.735783737181577,2266,2266,0,5,dgtw
enet_textcore_dgtw_fit504_val126,enet,textcore,504,rank_ic,0.0363320321549467,0.0014861388950761232,24.447265511535985,5.380927899260199e-132,0.033419253444573346,0.03924481086532006,2266,2266,0,5,dgtw
enet_textcore_dgtw_fit504_val126,enet,textcore,504,ew_spread_bp,19.481898238184193,2.857043880228796,6.818900603173114,9.17398440396001e-12,13.882195130685187,25.0816013456832,2266,2266,0,5,dgtw
enet_textcore_dgtw_fit504_val126,enet,textcore,504,cap_spread_bp,1.8627251082857683,2.0666966904679063,0.901305506936309,0.3674259066038674,-2.1879259719994524,5.913376188570989,2266,2266,0,5,dgtw
ols_textall_dgtw_fit504_val126,ols,textall,504,rank_ic,0.034137440166766786,0.0012850833567063622,26.564378091597284,1.752114073788371e-155,0.031618723070490476,0.036656157263043096,2266,2266,0,5,dgtw
ols_textall_dgtw_fit504_val126,ols,textall,504,ew_spread_bp,22.470345648680365,2.8378418773125054,7.918110529103984,2.411469576355902e-15,16.90827777532832,28.03241352203241,2266,2266,0,5,dgtw
ols_textall_dgtw_fit504_val126,ols,textall,504,cap_spread_bp,4.042983797272647,1.7199976520854243,2.3505751838502222,0.018744420443091752,0.6718503456917606,7.4141172488535325,2266,2266,0,5,dgtw
ridge_textall_dgtw_fit504_val126,ridge,textall,504,rank_ic,0.037179468626383105,0.0014640307710973926,25.395278132381407,2.843706398702707e-142,0.03431002104277381,0.0400489162099924,2266,2266,0,5,dgtw
ridge_textall_dgtw_fit504_val126,ridge,textall,504,ew_spread_bp,22.731944583316366,2.9672337692373554,7.66098876973855,1.8450699375905544e-14,16.916273261900116,28.547615904732616,2266,2266,0,5,dgtw
ridge_textall_dgtw_fit504_val126,ridge,textall,504,cap_spread_bp,2.196660875973752,1.4009347970922614,1.5679965124237585,0.1168819462680886,-0.5491208710160089,4.9424426229635126,2266,2266,0,5,dgtw
lasso_textall_dgtw_fit504_val126,lasso,textall,504,rank_ic,0.03570764223860067,0.0013906398577328309,25.677131314799986,2.1051759958874374e-145,0.03298203820197842,0.038433246275222925,2266,2266,0,5,dgtw
lasso_textall_dgtw_fit504_val126,lasso,textall,504,ew_spread_bp,23.051805204816613,2.8928073145779734,7.968662512933255,1.604008350389486e-15,17.382007054029756,28.72160335560347,2266,2266,0,5,dgtw
lasso_textall_dgtw_fit504_val126,lasso,textall,504,cap_spread_bp,2.4542352538831835,1.5713983081044778,1.5618161488563906,0.11833130635688122,-0.6256488353687684,5.534119343135135,2266,2266,0,5,dgtw
enet_textall_dgtw_fit504_val126,enet,textall,504,rank_ic,0.035707662263398464,0.0013913441835609966,25.664147437630078,2.9394067174501636e-145,0.03298067777351962,0.038434646753277305,2266,2266,0,5,dgtw
enet_textall_dgtw_fit504_val126,enet,textall,504,ew_spread_bp,23.15145721174011,2.891209363383745,8.007533976939206,1.1703141784955092e-15,17.48479098774299,28.818123435737228,2266,2266,0,5,dgtw
enet_textall_dgtw_fit504_val126,enet,textall,504,cap_spread_bp,2.498083879073195,1.581909515282154,1.5791572494761998,0.11429999296329757,-0.6024017976810412,5.5985695558274315,2266,2266,0,5,dgtw
ols_core_dgtw_fit252_val126,ols,core,252,rank_ic,0.03248150479193561,0.001598261410389375,20.3230238688065,8.046413920366342e-92,0.029348969989692244,0.03561403959417898,2266,2266,0,5,dgtw
ols_core_dgtw_fit252_val126,ols,core,252,ew_spread_bp,23.242990599339613,2.8346478077554944,8.19960438674167,2.4117941363434714e-16,17.687182987283425,28.798798211395802,2266,2266,0,5,dgtw
ols_core_dgtw_fit252_val126,ols,core,252,cap_spread_bp,-1.1991529351738013,0.907126721856877,-1.3219243863957069,0.18619333098762325,-2.9770886394271634,0.5787827690795608,2266,2266,0,5,dgtw
ridge_core_dgtw_fit252_val126,ridge,core,252,rank_ic,0.03284220135432337,0.0015759993984371904,20.838968204487077,1.9193091623460875e-96,0.029753299293729687,0.03593110341491705,2266,2266,0,5,dgtw
ridge_core_dgtw_fit252_val126,ridge,core,252,ew_spread_bp,24.74827454853175,2.7961391750767017,8.850873650755554,8.683682337905445e-19,19.26794246961988,30.22860662744362,2266,2266,0,5,dgtw
ridge_core_dgtw_fit252_val126,ridge,core,252,cap_spread_bp,-0.965747876200773,0.8338751566929326,-1.1581444397874074,0.24680509725338295,-2.600113150921615,0.668617398520069,2266,2266,0,5,dgtw
lasso_core_dgtw_fit252_val126,lasso,core,252,rank_ic,0.03338858140794482,0.0015980981747683674,20.892697291756964,6.239405894519051e-97,0.030256366541639622,0.03652079627425001,2266,2266,0,5,dgtw
lasso_core_dgtw_fit252_val126,lasso,core,252,ew_spread_bp,25.212704784669526,2.7768536812284927,9.079594274306636,1.0898032748186993e-19,19.770171579124213,30.65523799021484,2266,2266,0,5,dgtw
lasso_core_dgtw_fit252_val126,lasso,core,252,cap_spread_bp,-1.1407643065086712,0.8420140831522053,-1.354804307118059,0.17547991398482365,-2.791081583962508,0.5095529709451654,2266,2266,0,5,dgtw
enet_core_dgtw_fit252_val126,enet,core,252,rank_ic,0.03338685777321902,0.0015981581817038752,20.89083430879392,6.487613486578475e-97,0.030254525295481408,0.03651919025095664,2266,2266,0,5,dgtw
enet_core_dgtw_fit252_val126,enet,core,252,ew_spread_bp,25.223212077366366,2.777893579267759,9.079977816866224,1.0859698296947274e-19,19.778640709116498,30.667783445616234,2266,2266,0,5,dgtw
enet_core_dgtw_fit252_val126,enet,core,252,cap_spread_bp,-1.1337475814195197,0.8416965177836739,-1.346979056542689,0.17798697797224572,-2.7834424421882975,0.5159472793492583,2266,2266,0,5,dgtw
ols_all_dgtw_fit252_val126,ols,all,252,rank_ic,0.029323343295619662,0.001388050350529145,21.12556168041107,4.630860261882466e-99,0.026602814599854342,0.03204387199138498,2266,2266,0,5,dgtw
ols_all_dgtw_fit252_val126,ols,all,252,ew_spread_bp,23.585420100722338,2.7973953195629173,8.431207393457523,3.421168113587538e-17,18.102626023858104,29.068214177586572,2266,2266,0,5,dgtw
ols_all_dgtw_fit252_val126,ols,all,252,cap_spread_bp,0.08777030697572608,1.0742618869820961,0.08170289576436297,0.9348829755739329,-2.01774430147322,2.1932849154246723,2266,2266,0,5,dgtw
ridge_all_dgtw_fit252_val126,ridge,all,252,rank_ic,0.03138644803404145,0.0015049994552514172,20.85479029545442,1.3790137592714064e-96,0.02843670330499627,0.03433619276308662,2266,2266,0,5,dgtw
ridge_all_dgtw_fit252_val126,ridge,all,252,ew_spread_bp,22.061947827183342,2.865747679812708,7.698496271180862,1.3767675116174864e-14,16.44518558597121,27.678710068395475,2266,2266,0,5,dgtw
ridge_all_dgtw_fit252_val126,ridge,all,252,cap_spread_bp,0.22614102397501581,0.9798295530960925,0.23079628825283863,0.8174730649430912,-1.6942896110813022,2.1465716590313337,2266,2266,0,5,dgtw
lasso_all_dgtw_fit252_val126,lasso,all,252,rank_ic,0.03088788446458267,0.0014875299003252432,20.764546956554717,9.05773751418306e-96,0.027972379434018736,0.0338033894951466,2266,2266,0,5,dgtw
lasso_all_dgtw_fit252_val126,lasso,all,252,ew_spread_bp,23.4241097049919,2.8453013835196654,8.232558364701616,1.8325681162317965e-16,17.847421468131365,29.000797941852433,2266,2266,0,5,dgtw
lasso_all_dgtw_fit252_val126,lasso,all,252,cap_spread_bp,0.08516526088388741,1.027950962716319,0.08284953657598768,0.933971179995483,-1.9295816039133737,2.0999121256811484,2266,2266,0,5,dgtw
enet_all_dgtw_fit252_val126,enet,all,252,rank_ic,0.030914183805510722,0.0014894589382256093,20.75531121545301,1.0976927157792277e-95,0.027994897930137257,0.03383346968088419,2266,2266,0,5,dgtw
enet_all_dgtw_fit252_val126,enet,all,252,ew_spread_bp,23.705528315173527,2.8413371376006973,8.343088893418372,7.237471911465642e-17,18.136609857540034,29.27444677280702,2266,2266,0,5,dgtw
enet_all_dgtw_fit252_val126,enet,all,252,cap_spread_bp,0.15250497763673132,1.0168063084320758,0.1499842953097875,0.8807770056254828,-1.840398766143263,2.1454087214167257,2266,2266,0,5,dgtw
ols_textcore_dgtw_fit252_val126,ols,textcore,252,rank_ic,0.03390104719898962,0.001312310238565607,25.83310424830979,3.767569476484272e-147,0.03132896639485786,0.03647312800312138,2266,2266,0,5,dgtw
ols_textcore_dgtw_fit252_val126,ols,textcore,252,ew_spread_bp,18.835027902972737,2.572956483072718,7.320383390425346,2.472634959757266e-13,13.792125862361369,23.877929943584107,2266,2266,0,5,dgtw
ols_textcore_dgtw_fit252_val126,ols,textcore,252,cap_spread_bp,2.6715086949911995,1.7592348998250067,1.5185628111725944,0.12887257795866167,-0.7765283490117434,6.119545738994143,2266,2266,0,5,dgtw
ridge_textcore_dgtw_fit252_val126,ridge,textcore,252,rank_ic,0.035645700376259935,0.0014226812581790522,25.05529623823422,1.5285885675080426e-138,0.032857296348748864,0.038434104403771006,2266,2266,0,5,dgtw
ridge_textcore_dgtw_fit252_val126,ridge,textcore,252,ew_spread_bp,13.83657262230054,2.675881014160183,5.170847488763661,2.3303470203688564e-07,8.591942207632066,19.081203036969015,2266,2266,0,5,dgtw
ridge_textcore_dgtw_fit252_val126,ridge,textcore,252,cap_spread_bp,2.7720451490771545,1.9481804704966277,1.4228893016110096,0.1547682480652126,-1.0463184084805333,6.590408706634842,2266,2266,0,5,dgtw
lasso_textcore_dgtw_fit252_val126,lasso,textcore,252,rank_ic,0.03582844149359588,0.0014778228884509059,24.244069958310245,7.636508224276926e-130,0.032931961856703156,0.03872492113048861,2266,2266,0,5,dgtw
lasso_textcore_dgtw_fit252_val126,lasso,textcore,252,ew_spread_bp,18.939134683749675,2.826785825189967,6.699883137583272,2.0858628187593663e-11,13.398736274369002,24.47953309313035,2266,2266,0,5,dgtw
lasso_textcore_dgtw_fit252_val126,lasso,textcore,252,cap_spread_bp,1.3995894857526214,1.8354747120710744,0.7625218024242797,0.44574863574658696,-2.19787484444071,4.997053815945953,2266,2266,0,5,dgtw
enet_textcore_dgtw_fit252_val126,enet,textcore,252,rank_ic,0.035836283612225586,0.0014805376355892888,24.204912290501756,1.9749457515546274e-129,0.032934483168714494,0.03873808405573668,2266,2266,0,5,dgtw
enet_textcore_dgtw_fit252_val126,enet,textcore,252,ew_spread_bp,19.013758176661295,2.823638655852815,6.733778820193487,1.653124154346666e-11,13.479528105834689,24.5479882474879,2266,2266,0,5,dgtw
enet_textcore_dgtw_fit252_val126,enet,textcore,252,cap_spread_bp,1.4126494214289638,1.839656596834111,0.7678875632876324,0.44255398671455004,-2.193011252287416,5.018310095145344,2266,2266,0,5,dgtw
ols_textall_dgtw_fit252_val126,ols,textall,252,rank_ic,0.033032787033374506,0.001214359726646096,27.20181368712447,6.181829682213296e-163,0.030652685704872253,0.03541288836187676,2266,2266,0,5,dgtw
ols_textall_dgtw_fit252_val126,ols,textall,252,ew_spread_bp,23.442530838745412,2.684002000238368,8.73417040548534,2.4545085220070803e-18,18.181983583844747,28.703078093646077,2266,2266,0,5,dgtw
ols_textall_dgtw_fit252_val126,ols,textall,252,cap_spread_bp,2.5603098331296414,1.5315992483180523,1.671657802092344,0.09459181966802306,-0.44156953232235985,5.562189198581643,2266,2266,0,5,dgtw
ridge_textall_dgtw_fit252_val126,ridge,textall,252,rank_ic,0.0367916913874613,0.0014424797460435216,25.505863419139644,1.69706943826831e-143,0.033964483036787514,0.03961889973813509,2266,2266,0,5,dgtw
ridge_textall_dgtw_fit252_val126,ridge,textall,252,ew_spread_bp,22.389714052698558,2.8935690478859435,7.73775005267512,1.0119153087923656e-14,16.718422932062253,28.061005173334863,2266,2266,0,5,dgtw
ridge_textall_dgtw_fit252_val126,ridge,textall,252,cap_spread_bp,2.369341546877735,1.3869531806426323,1.7083067979121846,0.08757943060815525,-0.34903673542509983,5.087719829180569,2266,2266,0,5,dgtw
lasso_textall_dgtw_fit252_val126,lasso,textall,252,rank_ic,0.03450004381736211,0.001346237285131297,25.62701553314753,7.628723748743148e-145,0.03186146722385979,0.03713862041086443,2266,2266,0,5,dgtw
lasso_textall_dgtw_fit252_val126,lasso,textall,252,ew_spread_bp,22.841782544091856,2.821724309101554,8.094973158935131,5.727698040243592e-16,17.311304523951645,28.372260564232068,2266,2266,0,5,dgtw
lasso_textall_dgtw_fit252_val126,lasso,textall,252,cap_spread_bp,1.1335920558874484,1.3364130065551956,0.8482348273528492,0.3963072049698222,-1.485729305431626,3.752913417206523,2266,2266,0,5,dgtw
enet_textall_dgtw_fit252_val126,enet,textall,252,rank_ic,0.03463274596703616,0.001348852328595358,25.675713517951475,2.183344934587943e-145,0.03198904398252627,0.03727644795154605,2266,2266,0,5,dgtw
enet_textall_dgtw_fit252_val126,enet,textall,252,ew_spread_bp,23.016722043855534,2.820968628940775,8.159155620421739,3.3737474105214006e-16,17.48772512961428,28.54571895809679,2266,2266,0,5,dgtw
enet_textall_dgtw_fit252_val126,enet,textall,252,cap_spread_bp,1.158237491410242,1.33544615878988,0.8673037724409524,0.38577559025964214,-1.459188883110281,3.775663865930765,2266,2266,0,5,dgtw
ols_core_dgtw_fit756_val126,ols,core,756,rank_ic,0.032715878453268066,0.0015861068289694457,20.626528967487534,1.5863629228052582e-94,0.02960716619285492,0.03582459071368121,2266,2266,0,5,dgtw
ols_core_dgtw_fit756_val126,ols,core,756,ew_spread_bp,23.25593403517576,2.84711960600451,8.16823219724578,3.1294116208142626e-16,17.675682147729052,28.836185922622466,2266,2266,0,5,dgtw
ols_core_dgtw_fit756_val126,ols,core,756,cap_spread_bp,-1.3644826452773018,0.9045481547171519,-1.5084687732340456,0.1314345929292727,-3.137364450805084,0.4083991602504806,2266,2266,0,5,dgtw
ridge_core_dgtw_fit756_val126,ridge,core,756,rank_ic,0.0327609965535661,0.001571516676165144,20.84673809094431,1.6317411260218796e-96,0.029680880467178327,0.03584111263995388,2266,2266,0,5,dgtw
ridge_core_dgtw_fit756_val126,ridge,core,756,ew_spread_bp,24.037177600801336,2.795371512304851,8.598920571019953,8.046935329137243e-18,18.558350113274564,29.516005088328107,2266,2266,0,5,dgtw
ridge_core_dgtw_fit756_val126,ridge,core,756,cap_spread_bp,-0.7067220879476661,0.8725196987393605,-0.8099783752375526,0.4179526044203171,-2.416829273278551,1.0033850973832186,2266,2266,0,5,dgtw
lasso_core_dgtw_fit756_val126,lasso,core,756,rank_ic,0.03348456971633486,0.0015908145997993851,21.048693996495594,2.3506814593335655e-98,0.030366630394647563,0.03660250903802215,2266,2266,0,5,dgtw
lasso_core_dgtw_fit756_val126,lasso,core,756,ew_spread_bp,25.20710732481068,2.7956217126287246,9.016637412330162,1.939510786927681e-19,19.727789453660193,30.686425195961164,2266,2266,0,5,dgtw
lasso_core_dgtw_fit756_val126,lasso,core,756,cap_spread_bp,-1.133206262158179,0.8566180153416034,-1.3228839948063402,0.18587395867383627,-2.8121467207359014,0.545734196419543,2266,2266,0,5,dgtw
enet_core_dgtw_fit756_val126,enet,core,756,rank_ic,0.03348115307798813,0.0015908936146388024,21.04550094984806,2.5144665283618982e-98,0.030363058890061332,0.03659924726591492,2266,2266,0,5,dgtw
enet_core_dgtw_fit756_val126,enet,core,756,ew_spread_bp,25.224872423122633,2.795932145083923,9.021990203687679,1.8470274279019757e-19,19.744946115540326,30.70479873070494,2266,2266,0,5,dgtw
enet_core_dgtw_fit756_val126,enet,core,756,cap_spread_bp,-1.115818583334398,0.8571022447373063,-1.3018500303617637,0.19296765721141695,-2.7957081140879536,0.5640709474191574,2266,2266,0,5,dgtw
ols_all_dgtw_fit756_val126,ols,all,756,rank_ic,0.029955950265376244,0.001521411580273853,19.689576873066915,2.6489292374409503e-86,0.02697403836237732,0.032937862168375166,2266,2266,0,5,dgtw
ols_all_dgtw_fit756_val126,ols,all,756,ew_spread_bp,23.43345448213371,2.8947050655565767,8.095282231327447,5.713173430395177e-16,17.759936807777162,29.106972156490254,2266,2266,0,5,dgtw
ols_all_dgtw_fit756_val126,ols,all,756,cap_spread_bp,1.0274123945560243,1.0647018018356091,0.964976665564672,0.334556499489569,-1.0593647913166713,3.11418958042872,2266,2266,0,5,dgtw
ridge_all_dgtw_fit756_val126,ridge,all,756,rank_ic,0.031179404146370333,0.0015698949846022037,19.860821553150508,8.884535061841927e-88,0.028102466517039952,0.034256341775700715,2266,2266,0,5,dgtw
ridge_all_dgtw_fit756_val126,ridge,all,756,ew_spread_bp,22.09502918966645,2.967287980647525,7.446203177369002,9.606482301418975e-14,16.279251615838717,27.910806763494186,2266,2266,0,5,dgtw
ridge_all_dgtw_fit756_val126,ridge,all,756,cap_spread_bp,-0.07437878833348796,0.9535600246676585,-0.07800116029340783,0.9378271300257406,-1.9433220937792242,1.7945645171122484,2266,2266,0,5,dgtw
lasso_all_dgtw_fit756_val126,lasso,all,756,rank_ic,0.030652210029154293,0.0015756291500877361,19.453949571475928,2.6982523861481493e-84,0.027564033641990875,0.033740386416317714,2266,2266,0,5,dgtw
lasso_all_dgtw_fit756_val126,lasso,all,756,ew_spread_bp,23.19637879635094,2.891005084469001,8.02363818762065,1.0265838149196568e-15,17.53011295166952,28.862644641032357,2266,2266,0,5,dgtw
lasso_all_dgtw_fit756_val126,lasso,all,756,cap_spread_bp,0.23626467684609379,0.9578359140337563,0.24666508468147424,0.8051674300992044,-1.641059217759072,2.1135885714512597,2266,2266,0,5,dgtw
enet_all_dgtw_fit756_val126,enet,all,756,rank_ic,0.030672810505669293,0.0015760090306145688,19.462331693434745,2.2911989971442757e-84,0.027583889566354856,0.033761731444983734,2266,2266,0,5,dgtw
enet_all_dgtw_fit756_val126,enet,all,756,ew_spread_bp,23.14301609712206,2.8931062550504163,7.9993660988848685,1.2506136637183846e-15,17.472632033775692,28.81340016046843,2266,2266,0,5,dgtw
enet_all_dgtw_fit756_val126,enet,all,756,cap_spread_bp,0.16108887633421243,0.9588681591221672,0.1679989838036623,0.8665840785245112,-1.718258181467457,2.040435934135882,2266,2266,0,5,dgtw
ols_textcore_dgtw_fit756_val126,ols,textcore,756,rank_ic,0.03625754202364339,0.0014211245665591472,25.513275103976856,1.4043075816696874e-143,0.033472189055642365,0.039042894991644414,2266,2266,0,5,dgtw
ols_textcore_dgtw_fit756_val126,ols,textcore,756,ew_spread_bp,19.66041894906848,2.867084824009202,6.857285415635606,7.018132824732706e-12,14.041035953389084,25.279801944747874,2266,2266,0,5,dgtw
ols_textcore_dgtw_fit756_val126,ols,textcore,756,cap_spread_bp,3.122783619749873,2.0553346614407126,1.5193553041921253,0.1286730859717522,-0.9055982928507493,7.151165532350495,2266,2266,0,5,dgtw
ridge_textcore_dgtw_fit756_val126,ridge,textcore,756,rank_ic,0.03654840088264868,0.0015114265293563278,24.18139431376368,3.49203180428615e-129,0.033586059319831905,0.03951074244546545,2266,2266,0,5,dgtw
ridge_textcore_dgtw_fit756_val126,ridge,textcore,756,ew_spread_bp,16.279147673032256,2.841705239401145,5.728654558297148,1.0123029623163408e-08,10.70950774912724,21.84878759693727,2266,2266,0,5,dgtw
ridge_textcore_dgtw_fit756_val126,ridge,textcore,756,cap_spread_bp,3.126192975891295,2.1203396565544685,1.4743831094360271,0.14037846955677863,-1.029596385947491,7.281982337730081,2266,2266,0,5,dgtw
lasso_textcore_dgtw_fit756_val126,lasso,textcore,756,rank_ic,0.03682908212978358,0.0015129116318381322,24.343181290131,6.846146511542403e-131,0.03386382981958912,0.03979433443997804,2266,2266,0,5,dgtw
lasso_textcore_dgtw_fit756_val126,lasso,textcore,756,ew_spread_bp,19.66511018545475,2.9618306765528786,6.639511954931183,3.147234771109103e-11,13.860028731105206,25.470191639804295,2266,2266,0,5,dgtw
lasso_textcore_dgtw_fit756_val126,lasso,textcore,756,cap_spread_bp,5.800154138274456,2.1785708640865855,2.66236652380197,0.007759333656000503,1.5302337068964436,10.07007456965247,2266,2266,0,5,dgtw
enet_textcore_dgtw_fit756_val126,enet,textcore,756,rank_ic,0.03683550115403389,0.00151323646301426,24.342197702968495,7.012325373941332e-131,0.03386961218643316,0.03980139012163462,2266,2266,0,5,dgtw
enet_textcore_dgtw_fit756_val126,enet,textcore,756,ew_spread_bp,19.662014435176353,2.9612782027377387,6.639705251941062,3.1431103891838664e-11,13.858015809606885,25.466013060745823,2266,2266,0,5,dgtw
enet_textcore_dgtw_fit756_val126,enet,textcore,756,cap_spread_bp,5.819104577967446,2.1881529553557875,2.6593682876347535,0.007828733366763811,1.5304035928052215,10.10780556312967,2266,2266,0,5,dgtw
ols_textall_dgtw_fit756_val126,ols,textall,756,rank_ic,0.03565416469117081,0.0013512984552266002,26.385114667500996,2.0306553109287467e-153,0.03300566838656206,0.03830266099577956,2266,2266,0,5,dgtw
ols_textall_dgtw_fit756_val126,ols,textall,756,ew_spread_bp,23.213303580308864,2.869431187622081,8.08986243700303,5.97321550407415e-16,17.58932179645359,28.83728536416414,2266,2266,0,5,dgtw
ols_textall_dgtw_fit756_val126,ols,textall,756,cap_spread_bp,2.3867683830682576,1.5849909681601286,1.5058561411481348,0.1321041076329093,-0.7197568303468662,5.493293596483381,2266,2266,0,5,dgtw
ridge_textall_dgtw_fit756_val126,ridge,textall,756,rank_ic,0.03739459327117967,0.0015076640992571955,24.803000409443623,8.321005036945035e-136,0.03443962593585155,0.040349560606507795,2266,2266,0,5,dgtw
ridge_textall_dgtw_fit756_val126,ridge,textall,756,ew_spread_bp,22.790440492897385,3.0639748685584762,7.438194329452748,1.0207083453143632e-13,16.785160100986925,28.795720884807846,2266,2266,0,5,dgtw
ridge_textall_dgtw_fit756_val126,ridge,textall,756,cap_spread_bp,1.0993275009782377,1.4649386318905666,0.7504256335704029,0.4529983972726931,-1.7718994570886526,3.970554459045128,2266,2266,0,5,dgtw
lasso_textall_dgtw_fit756_val126,lasso,textall,756,rank_ic,0.03589096658724049,0.0014503482216569419,24.746447819432674,3.3856572854552304e-135,0.03304833630775117,0.03873359686672981,2266,2266,0,5,dgtw
lasso_textall_dgtw_fit756_val126,lasso,textall,756,ew_spread_bp,22.90768484239454,2.948779872210804,7.768529980238858,7.940221400248922e-15,17.128182494524744,28.68718719026434,2266,2266,0,5,dgtw
lasso_textall_dgtw_fit756_val126,lasso,textall,756,cap_spread_bp,4.1774643164022525,1.5961069307487061,2.6172834889218084,0.008863269666642791,1.0491522166600222,7.305776416144482,2266,2266,0,5,dgtw
enet_textall_dgtw_fit756_val126,enet,textall,756,rank_ic,0.0358442921092247,0.0014519220928860847,24.68747619782722,1.45781746673223e-134,0.032998577098809954,0.03869000711963944,2266,2266,0,5,dgtw
enet_textall_dgtw_fit756_val126,enet,textall,756,ew_spread_bp,22.832976661943366,2.957457633447869,7.720474641364238,1.1589730924181948e-14,17.036466214582482,28.62948710930425,2266,2266,0,5,dgtw
enet_textall_dgtw_fit756_val126,enet,textall,756,cap_spread_bp,4.156242257423066,1.6019145679235218,2.594546763383634,0.009471572788258525,1.016547397982921,7.295937116863211,2266,2266,0,5,dgtw
ols_characteristics_dgtw_fit504_val126,ols,characteristics,504,rank_ic,0.059337629691526374,0.0016464599637464102,36.03952176067953,2.0125973226443047e-284,0.05611062746059629,0.06256463192245645,2266,2266,0,5,dgtw
ols_characteristics_dgtw_fit504_val126,ols,characteristics,504,ew_spread_bp,17.93143165478288,3.611192458144196,4.965515369955637,6.851886587783427e-07,10.85362449557759,25.00923881398817,2266,2266,0,5,dgtw
ols_characteristics_dgtw_fit504_val126,ols,characteristics,504,cap_spread_bp,9.39416530296561,4.456757271152774,2.1078476415512166,0.03504417039027255,0.6590815636691616,18.129249042262057,2266,2266,0,5,dgtw
ridge_characteristics_dgtw_fit504_val126,ridge,characteristics,504,rank_ic,0.06068103268846969,0.0016343416419301784,37.12873191972555,9.664163312567278e-302,0.05747778193185248,0.0638842834450869,2266,2266,0,5,dgtw
ridge_characteristics_dgtw_fit504_val126,ridge,characteristics,504,ew_spread_bp,14.50204672196336,3.6820371219102,3.9385932954526703,8.196072434671495e-05,7.285386573279852,21.71870687064687,2266,2266,0,5,dgtw
ridge_characteristics_dgtw_fit504_val126,ridge,characteristics,504,cap_spread_bp,10.704066540319111,4.31512975251461,2.480589728288331,0.013116524659678965,2.2465676367732375,19.161565443864987,2266,2266,0,5,dgtw
lasso_characteristics_dgtw_fit504_val126,lasso,characteristics,504,rank_ic,0.06035402559706888,0.0016502825469804961,36.57193473172093,7.991739779767268e-293,0.057119531240672074,0.06358851995346568,2266,2266,0,5,dgtw
lasso_characteristics_dgtw_fit504_val126,lasso,characteristics,504,ew_spread_bp,14.675174070237416,3.5094941822931682,4.181563868742015,2.8951090012155184e-05,7.796691868989959,21.553656271484872,2266,2266,0,5,dgtw
lasso_characteristics_dgtw_fit504_val126,lasso,characteristics,504,cap_spread_bp,9.47614194344355,4.069890509517211,2.3283530407720114,0.019893364998146028,1.4993031237684464,17.452980763118653,2266,2266,0,5,dgtw
enet_characteristics_dgtw_fit504_val126,enet,characteristics,504,rank_ic,0.0604130602596943,0.0016499063121169944,36.616054994164074,1.5883058545763835e-293,0.057179303310079685,0.06364681720930891,2266,2266,0,5,dgtw
enet_characteristics_dgtw_fit504_val126,enet,characteristics,504,ew_spread_bp,14.963379358149291,3.508403876396923,4.265010496316192,1.9989280435379828e-05,8.087034117190607,21.839724599107974,2266,2266,0,5,dgtw
enet_characteristics_dgtw_fit504_val126,enet,characteristics,504,cap_spread_bp,10.54487625207464,4.0956772706460916,2.5746355377290726,0.010034576218374485,2.517496309308994,18.572256194840286,2266,2266,0,5,dgtw
ols_characteristics_sentiment_dgtw_fit504_val126,ols,characteristics_sentiment,504,rank_ic,0.06003686475188766,0.001631275034228041,36.80364346426632,1.614420850820076e-296,0.05683962443592135,0.06323410506785396,2266,2266,0,5,dgtw
ols_characteristics_sentiment_dgtw_fit504_val126,ols,characteristics_sentiment,504,ew_spread_bp,19.278664362707538,3.5954687275581145,5.361933540109182,8.233583487236758e-08,12.231675149153578,26.325653576261498,2266,2266,0,5,dgtw
ols_characteristics_sentiment_dgtw_fit504_val126,ols,characteristics_sentiment,504,cap_spread_bp,10.005087321446696,4.506825267110649,2.219985628122879,0.02641974321503169,1.1718721132947145,18.83830252959868,2266,2266,0,5,dgtw
ridge_characteristics_sentiment_dgtw_fit504_val126,ridge,characteristics_sentiment,504,rank_ic,0.06162419932776494,0.0016374413794664282,37.634446094092,5.87788217618084e-310,0.05841487319721515,0.06483352545831472,2266,2266,0,5,dgtw
ridge_characteristics_sentiment_dgtw_fit504_val126,ridge,characteristics_sentiment,504,ew_spread_bp,16.626360047832904,3.6792008718304796,4.51901394542803,6.212830302479167e-06,9.415258847156796,23.837461248509012,2266,2266,0,5,dgtw
ridge_characteristics_sentiment_dgtw_fit504_val126,ridge,characteristics_sentiment,504,cap_spread_bp,9.859780806821657,4.4428467281857165,2.2192484706417055,0.026469825149886873,1.1519612307460374,18.567600382897275,2266,2266,0,5,dgtw
lasso_characteristics_sentiment_dgtw_fit504_val126,lasso,characteristics_sentiment,504,rank_ic,0.0612113902618834,0.0016451874979739886,37.20633079041985,5.3911912471386226e-303,0.057986882018038824,0.06443589850572798,2266,2266,0,5,dgtw
lasso_characteristics_sentiment_dgtw_fit504_val126,lasso,characteristics_sentiment,504,ew_spread_bp,16.884650572649505,3.553805772637673,4.75114613821946,2.022668792618251e-06,9.919319250229126,23.849981895069885,2266,2266,0,5,dgtw
lasso_characteristics_sentiment_dgtw_fit504_val126,lasso,characteristics_sentiment,504,cap_spread_bp,8.44416077489799,4.21594956949773,2.0029083924511912,0.04518712212168758,0.18105145804529243,16.707270091750686,2266,2266,0,5,dgtw
enet_characteristics_sentiment_dgtw_fit504_val126,enet,characteristics_sentiment,504,rank_ic,0.06133628993292808,0.0016505353305911342,37.16145228527806,2.8637843238026756e-302,0.058101300129758546,0.06457127973609761,2266,2266,0,5,dgtw
enet_characteristics_sentiment_dgtw_fit504_val126,enet,characteristics_sentiment,504,ew_spread_bp,17.327434250852793,3.5501290991919685,4.880789899949448,1.056617642225118e-06,10.36930907596891,24.285559425736675,2266,2266,0,5,dgtw
enet_characteristics_sentiment_dgtw_fit504_val126,enet,characteristics_sentiment,504,cap_spread_bp,9.42555396514142,4.2680214856839935,2.2084129606088148,0.027215499142880236,1.060385567957658,17.790722362325184,2266,2266,0,5,dgtw
ols_characteristics_attention_dgtw_fit504_val126,ols,characteristics_attention,504,rank_ic,0.06025173123106591,0.0016809806727039452,35.84320284548415,2.346896592696419e-281,0.056957069653858265,0.06354639280827355,2266,2266,0,5,dgtw
ols_characteristics_attention_dgtw_fit504_val126,ols,characteristics_attention,504,ew_spread_bp,19.196884708023852,3.6234598171205197,5.297943312996134,1.17114310102621e-07,12.095033967039543,26.298735449008163,2266,2266,0,5,dgtw
ols_characteristics_attention_dgtw_fit504_val126,ols,characteristics_attention,504,cap_spread_bp,11.24241088744213,4.592672866833748,2.4479015190979196,0.014369092417854713,2.2409374756736646,20.243884299210595,2266,2266,0,5,dgtw
ridge_characteristics_attention_dgtw_fit504_val126,ridge,characteristics_attention,504,rank_ic,0.061813341377431615,0.0016967855388051818,36.42967243872107,1.4437341304613485e-290,0.05848770283188507,0.06513897992297817,2266,2266,0,5,dgtw
ridge_characteristics_attention_dgtw_fit504_val126,ridge,characteristics_attention,504,ew_spread_bp,17.88879785802914,3.711740970037143,4.819516771896431,1.4390635546677475e-06,10.613919236814576,25.163676479243705,2266,2266,0,5,dgtw
ridge_characteristics_attention_dgtw_fit504_val126,ridge,characteristics_attention,504,cap_spread_bp,11.081418821724034,4.515160177385151,2.454269258757854,0.014117123141641824,2.231867489619656,19.93097015382841,2266,2266,0,5,dgtw
lasso_characteristics_attention_dgtw_fit504_val126,lasso,characteristics_attention,504,rank_ic,0.061654340797136484,0.0017185273811762742,35.876263289407795,7.165083720205347e-282,0.05828608902358505,0.06502259257068792,2266,2266,0,5,dgtw
lasso_characteristics_attention_dgtw_fit504_val126,lasso,characteristics_attention,504,ew_spread_bp,16.751399014140627,3.6596799708155032,4.577285212840028,4.710490333720435e-06,9.578558076399645,23.92423995188161,2266,2266,0,5,dgtw
lasso_characteristics_attention_dgtw_fit504_val126,lasso,characteristics_attention,504,cap_spread_bp,9.438373280760255,4.355987103556151,2.166758775078772,0.030253252366615427,0.9007954406692509,17.975951120851256,2266,2266,0,5,dgtw
enet_characteristics_attention_dgtw_fit504_val126,enet,characteristics_attention,504,rank_ic,0.061694286037425806,0.0017142054811628967,35.990017950224455,1.1985131735275702e-283,0.058334505032245375,0.06505406704260625,2266,2266,0,5,dgtw
enet_characteristics_attention_dgtw_fit504_val126,enet,characteristics_attention,504,ew_spread_bp,16.58519100519082,3.668788946972013,4.52061736036334,6.165955034186562e-06,9.394496802247044,23.775885208134593,2266,2266,0,5,dgtw
enet_characteristics_attention_dgtw_fit504_val126,enet,characteristics_attention,504,cap_spread_bp,7.818665527157248,4.44352170884868,1.7595650566053092,0.07848158064282913,-0.8904769867080402,16.527808041022535,2266,2266,0,5,dgtw
ols_characteristics_core_dgtw_fit504_val126,ols,characteristics_core,504,rank_ic,0.060648827668592635,0.0016611006147663366,36.51123064398117,7.357392454813056e-292,0.05739313028895327,0.06390452504823199,2266,2266,0,5,dgtw
ols_characteristics_core_dgtw_fit504_val126,ols,characteristics_core,504,ew_spread_bp,20.470916612235506,3.650844755309386,5.607172581760663,2.0565856726381717e-08,13.315392378682162,27.62644084578885,2266,2266,0,5,dgtw
ols_characteristics_core_dgtw_fit504_val126,ols,characteristics_core,504,cap_spread_bp,10.716368013539602,4.602251615929051,2.328505459468735,0.019885279690183808,1.696120598527397,19.736615428551808,2266,2266,0,5,dgtw
ridge_characteristics_core_dgtw_fit504_val126,ridge,characteristics_core,504,rank_ic,0.06231459558813944,0.001686656137714456,36.94564303580001,8.55659891926464e-299,0.05900881030391568,0.0656203808723632,2266,2266,0,5,dgtw
ridge_characteristics_core_dgtw_fit504_val126,ridge,characteristics_core,504,ew_spread_bp,19.141101249724898,3.7163226028649823,5.150548888024056,2.5972521763830563e-07,11.857242793177381,26.424959706272414,2266,2266,0,5,dgtw
ridge_characteristics_core_dgtw_fit504_val126,ridge,characteristics_core,504,cap_spread_bp,11.643356303322125,4.506962394278875,2.583415454742238,0.009782744072232986,2.80987233085912,20.47684027578513,2266,2266,0,5,dgtw
lasso_characteristics_core_dgtw_fit504_val126,lasso,characteristics_core,504,rank_ic,0.06188795511113163,0.001705744557157036,36.28207685110851,3.102111564909788e-288,0.05854475721227862,0.06523115300998465,2266,2266,0,5,dgtw
lasso_characteristics_core_dgtw_fit504_val126,lasso,characteristics_core,504,ew_spread_bp,17.92802082407521,3.6938527975849733,4.853474625679855,1.2131687081063576e-06,10.688202376616141,25.167839271534284,2266,2266,0,5,dgtw
lasso_characteristics_core_dgtw_fit504_val126,lasso,characteristics_core,504,cap_spread_bp,9.392384797728722,4.32499341441592,2.1716529709438044,0.029881848317753947,0.9155534721006013,17.869216123356843,2266,2266,0,5,dgtw
enet_characteristics_core_dgtw_fit504_val126,enet,characteristics_core,504,rank_ic,0.0620156741782106,0.0017054526269484121,36.36317608491772,1.6269410090970049e-289,0.058673048452052484,0.06535829990436871,2266,2266,0,5,dgtw
enet_characteristics_core_dgtw_fit504_val126,enet,characteristics_core,504,ew_spread_bp,18.028078340077965,3.6883416084134506,4.887854828564209,1.0194065396506749e-06,10.799061624907067,25.25709505524886,2266,2266,0,5,dgtw
enet_characteristics_core_dgtw_fit504_val126,enet,characteristics_core,504,cap_spread_bp,8.768570373108494,4.441465379463773,1.9742516543418696,0.04835313516359541,0.06345819077797366,17.473682555439012,2266,2266,0,5,dgtw
ols_characteristics_all_dgtw_fit504_val126,ols,characteristics_all,504,rank_ic,0.060039272256934575,0.0016140702583071396,37.19743421820103,7.508039683448105e-303,0.05687575268213532,0.06320279183173383,2266,2266,0,5,dgtw
ols_characteristics_all_dgtw_fit504_val126,ols,characteristics_all,504,ew_spread_bp,24.724893415183015,3.554434482263077,6.956069534707218,3.4989721112013854e-12,17.75832984454011,31.69145698582592,2266,2266,0,5,dgtw
ols_characteristics_all_dgtw_fit504_val126,ols,characteristics_all,504,cap_spread_bp,5.611119111378063,4.194380415999208,1.3377706728685819,0.18097120475818196,-2.609715441440514,13.83195366419664,2266,2266,0,5,dgtw
ridge_characteristics_all_dgtw_fit504_val126,ridge,characteristics_all,504,rank_ic,0.06227025352269774,0.0016585025050577966,37.54607143058111,1.6329700781633066e-308,0.059019648344514994,0.06552085870088048,2266,2266,0,5,dgtw
ridge_characteristics_all_dgtw_fit504_val126,ridge,characteristics_all,504,ew_spread_bp,25.298982219344765,3.5677494036123103,7.09101995609047,1.3312714399667575e-12,18.30632188240038,32.29164255628915,2266,2266,0,5,dgtw
ridge_characteristics_all_dgtw_fit504_val126,ridge,characteristics_all,504,cap_spread_bp,9.56770040912416,4.1843283525177855,2.286555834789376,0.022221761602238002,1.3665675386994813,17.76883327954884,2266,2266,0,5,dgtw
lasso_characteristics_all_dgtw_fit504_val126,lasso,characteristics_all,504,rank_ic,0.062241166920759226,0.001699552047320268,36.62210111122907,1.2726481056107534e-293,0.05891010611816019,0.06557222772335826,2266,2266,0,5,dgtw
lasso_characteristics_all_dgtw_fit504_val126,lasso,characteristics_all,504,ew_spread_bp,22.3991401532366,3.6439098268648618,6.147007258000212,7.89585174592791e-10,15.257208129669888,29.541072176803315,2266,2266,0,5,dgtw
lasso_characteristics_all_dgtw_fit504_val126,lasso,characteristics_all,504,cap_spread_bp,6.826904588656133,4.495479846165731,1.5186153252313905,0.1288593513158682,-1.9840740030543618,15.637883180366627,2266,2266,0,5,dgtw
enet_characteristics_all_dgtw_fit504_val126,enet,characteristics_all,504,rank_ic,0.0623016935606626,0.001697642445893253,36.69894901095098,7.590462983028094e-295,0.05897437550808533,0.06562901161323986,2266,2266,0,5,dgtw
enet_characteristics_all_dgtw_fit504_val126,enet,characteristics_all,504,ew_spread_bp,22.007771368788035,3.64840855973055,6.032156489188097,1.6178599089262102e-09,14.857021990828507,29.158520746747563,2266,2266,0,5,dgtw
enet_characteristics_all_dgtw_fit504_val126,enet,characteristics_all,504,cap_spread_bp,8.21127902380856,4.461496523686521,1.8404763917699087,0.06569832716296359,-0.5330934797676736,16.955651527384795,2266,2266,0,5,dgtw
ols_characteristics_textcore_dgtw_fit504_val126,ols,characteristics_textcore,504,rank_ic,0.05501363462564438,0.0015004345898244756,36.66513355445905,2.6264889512877097e-294,0.05207283686843028,0.05795443238285848,2266,2266,0,5,dgtw
ols_characteristics_textcore_dgtw_fit504_val126,ols,characteristics_textcore,504,ew_spread_bp,20.02363659806828,3.4523328468731656,5.800030728845863,6.630276849929136e-09,13.25718855555224,26.79008464058432,2266,2266,0,5,dgtw
ols_characteristics_textcore_dgtw_fit504_val126,ols,characteristics_textcore,504,cap_spread_bp,4.071011661790751,4.232405459904864,0.9618671226934525,0.33611635543452145,-4.224350607593468,12.36637393117497,2266,2266,0,5,dgtw
ridge_characteristics_textcore_dgtw_fit504_val126,ridge,characteristics_textcore,504,rank_ic,0.05989519874648069,0.0016033262656791904,37.356837487539245,1.9635954823157881e-305,0.056752737010282384,0.063037660482679,2266,2266,0,5,dgtw
ridge_characteristics_textcore_dgtw_fit504_val126,ridge,characteristics_textcore,504,ew_spread_bp,18.895598660070842,3.5581347648803097,5.3105348472393965,1.093039814247996e-07,11.921782668765541,25.869414651376143,2266,2266,0,5,dgtw
ridge_characteristics_textcore_dgtw_fit504_val126,ridge,characteristics_textcore,504,cap_spread_bp,9.55099266713165,4.21372221868708,2.2666403173837044,0.023412207057338402,1.292248877648765,17.809736456614537,2266,2266,0,5,dgtw
lasso_characteristics_textcore_dgtw_fit504_val126,lasso,characteristics_textcore,504,rank_ic,0.061433312303269386,0.0016880414768401647,36.393248119866136,5.443892795430396e-290,0.05812481180425286,0.06474181280228591,2266,2266,0,5,dgtw
lasso_characteristics_textcore_dgtw_fit504_val126,lasso,characteristics_textcore,504,ew_spread_bp,17.12166549111812,3.625762937666322,4.722224200939698,2.3327931493090827e-06,10.015300716811982,24.228030265424255,2266,2266,0,5,dgtw
lasso_characteristics_textcore_dgtw_fit504_val126,lasso,characteristics_textcore,504,cap_spread_bp,9.269466128073127,4.326090253047113,2.142689030018297,0.03213807682657924,0.7904850382310169,17.748447217915235,2266,2266,0,5,dgtw
enet_characteristics_textcore_dgtw_fit504_val126,enet,characteristics_textcore,504,rank_ic,0.06154484885077706,0.0016917058155869482,36.380349516871334,8.707521713293763e-290,0.058229166379789685,0.06486053132176443,2266,2266,0,5,dgtw
enet_characteristics_textcore_dgtw_fit504_val126,enet,characteristics_textcore,504,ew_spread_bp,17.325343012059708,3.633761394203026,4.767881303296081,1.8617341017391638e-06,10.203301551009723,24.447384473109693,2266,2266,0,5,dgtw
enet_characteristics_textcore_dgtw_fit504_val126,enet,characteristics_textcore,504,cap_spread_bp,8.67537907793536,4.4092580883882775,1.9675371466192593,0.04912131778490014,0.03339202615241099,17.31736612971831,2266,2266,0,5,dgtw
ols_characteristics_textall_dgtw_fit504_val126,ols,characteristics_textall,504,rank_ic,0.05487255926238363,0.0014739291871587676,37.228762236643945,2.3380590828713567e-303,0.05198371113979005,0.05776140738497721,2266,2266,0,5,dgtw
ols_characteristics_textall_dgtw_fit504_val126,ols,characteristics_textall,504,ew_spread_bp,23.35554397606522,3.36741666403712,6.935745203584276,4.040853394252328e-12,16.75552859361245,29.95555935851799,2266,2266,0,5,dgtw
ols_characteristics_textall_dgtw_fit504_val126,ols,characteristics_textall,504,cap_spread_bp,7.395399229100614,3.846200659978611,1.9227803962629815,0.05450763507529062,-0.14301554177164988,14.933813999972879,2266,2266,0,5,dgtw
ridge_characteristics_textall_dgtw_fit504_val126,ridge,characteristics_textall,504,rank_ic,0.059723855863477664,0.0015825141412110233,37.739856035519416,0.0,0.05662218514167872,0.0628255265852766,2266,2266,0,5,dgtw
ridge_characteristics_textall_dgtw_fit504_val126,ridge,characteristics_textall,504,ew_spread_bp,24.807908752062264,3.51118740470784,7.065390106719891,1.6016539608705604e-12,17.926107895864234,31.689709608260294,2266,2266,0,5,dgtw
ridge_characteristics_textall_dgtw_fit504_val126,ridge,characteristics_textall,504,cap_spread_bp,10.61489396504032,3.89824915428722,2.7229901283673112,0.006469399093934554,2.9744660198736437,18.255321910206995,2266,2266,0,5,dgtw
lasso_characteristics_textall_dgtw_fit504_val126,lasso,characteristics_textall,504,rank_ic,0.06158506399262661,0.0016877834866289997,36.488722920041184,1.6740864613341237e-291,0.05827706914513233,0.06489305884012089,2266,2266,0,5,dgtw
lasso_characteristics_textall_dgtw_fit504_val126,lasso,characteristics_textall,504,ew_spread_bp,21.216630988865333,3.6379442071343013,5.832038585764403,5.475425252330458e-09,14.08639136511598,28.346870612614687,2266,2266,0,5,dgtw
lasso_characteristics_textall_dgtw_fit504_val126,lasso,characteristics_textall,504,cap_spread_bp,9.518677841301473,4.561607268778823,2.086693851627805,0.036915817407262554,0.5780918828788586,18.459263799724088,2266,2266,0,5,dgtw
enet_characteristics_textall_dgtw_fit504_val126,enet,characteristics_textall,504,rank_ic,0.06162271468508667,0.001687980167039877,36.50677649438928,8.657655568128484e-292,0.058314334351070606,0.06493109501910273,2266,2266,0,5,dgtw
enet_characteristics_textall_dgtw_fit504_val126,enet,characteristics_textall,504,ew_spread_bp,21.331652393721576,3.6322535314354987,5.872842357810612,4.283858000805089e-09,14.212566289389574,28.45073849805358,2266,2266,0,5,dgtw
enet_characteristics_textall_dgtw_fit504_val126,enet,characteristics_textall,504,cap_spread_bp,9.750146932552296,4.460238447490039,2.1860147270913526,0.028814527893029043,1.0082402130109749,18.492053652093617,2266,2266,0,5,dgtw
ols_characteristics_dgtw_fit252_val126,ols,characteristics,252,rank_ic,0.058160048457986356,0.0016084038209258056,36.16010339027243,2.581283925636661e-286,0.05500763489637517,0.061312462019597544,2266,2266,0,5,dgtw
ols_characteristics_dgtw_fit252_val126,ols,characteristics,252,ew_spread_bp,17.44390540328827,3.594516168156076,4.852921669354095,1.2165575122718448e-06,10.398783171855438,24.4890276347211,2266,2266,0,5,dgtw
ols_characteristics_dgtw_fit252_val126,ols,characteristics,252,cap_spread_bp,10.003325859931474,4.175692899558969,2.395608609289254,0.016592797598970515,1.8191181662962652,18.18753355356668,2266,2266,0,5,dgtw
ridge_characteristics_dgtw_fit252_val126,ridge,characteristics,252,rank_ic,0.059991833934858636,0.0016087535551885415,37.29087885547999,2.306629637280194e-304,0.056838734906688324,0.06314493296302895,2266,2266,0,5,dgtw
ridge_characteristics_dgtw_fit252_val126,ridge,characteristics,252,ew_spread_bp,14.615364062566531,3.696352094937407,3.95399672087083,7.685646293812955e-05,7.370647082310035,21.860081042823026,2266,2266,0,5,dgtw
ridge_characteristics_dgtw_fit252_val126,ridge,characteristics,252,cap_spread_bp,10.393861093513614,4.205490363466952,2.4714980169268657,0.01345482975149287,2.1512514437881265,18.6364707432391,2266,2266,0,5,dgtw
lasso_characteristics_dgtw_fit252_val126,lasso,characteristics,252,rank_ic,0.059495539245782575,0.0016271473872753722,36.56432091588626,1.055964193696965e-292,0.0563063889691844,0.06268468952238075,2266,2266,0,5,dgtw
lasso_characteristics_dgtw_fit252_val126,lasso,characteristics,252,ew_spread_bp,14.54199659792919,3.640670937615124,3.994317763707352,6.488080131111668e-05,7.4064126806418775,21.6775805152165,2266,2266,0,5,dgtw
lasso_characteristics_dgtw_fit252_val126,lasso,characteristics,252,cap_spread_bp,5.573280316996641,4.055220522819609,1.3743470387453847,0.16933396959697278,-2.3748058570974813,13.521366491090763,2266,2266,0,5,dgtw
enet_characteristics_dgtw_fit252_val126,enet,characteristics,252,rank_ic,0.0595550168679744,0.001626599139838748,36.613210599557036,1.762779775820942e-293,0.056366941136606626,0.06274309259934219,2266,2266,0,5,dgtw
enet_characteristics_dgtw_fit252_val126,enet,characteristics,252,ew_spread_bp,15.009989198905865,3.6499489076412694,4.112383372677364,3.915953079299746e-05,7.8562207945176645,22.163757603294066,2266,2266,0,5,dgtw
enet_characteristics_dgtw_fit252_val126,enet,characteristics,252,cap_spread_bp,6.444276539274893,4.08850948751026,1.57619214507417,0.11498152822418688,-1.5690548066955303,14.457607885245316,2266,2266,0,5,dgtw
ols_characteristics_sentiment_dgtw_fit252_val126,ols,characteristics_sentiment,252,rank_ic,0.05879919582970619,0.001593626564977343,36.89647068009447,5.2642722610193775e-298,0.05567574515754432,0.061922646501868066,2266,2266,0,5,dgtw
ols_characteristics_sentiment_dgtw_fit252_val126,ols,characteristics_sentiment,252,ew_spread_bp,18.514106384609747,3.5637632779775545,5.195099938039811,2.0460989342213834e-07,11.529258710347335,25.498954058872158,2266,2266,0,5,dgtw
ols_characteristics_sentiment_dgtw_fit252_val126,ols,characteristics_sentiment,252,cap_spread_bp,7.40937643412127,4.284346800298785,1.729406320143026,0.08373639966830979,-0.9877889917437672,15.806541859986307,2266,2266,0,5,dgtw
ridge_characteristics_sentiment_dgtw_fit252_val126,ridge,characteristics_sentiment,252,rank_ic,0.06077441466642516,0.001607873824018513,37.79799991676797,0.0,0.057623039879664176,0.06392578945318614,2266,2266,0,5,dgtw
ridge_characteristics_sentiment_dgtw_fit252_val126,ridge,characteristics_sentiment,252,ew_spread_bp,16.244968869493743,3.6537467711756664,4.446112411962966,8.743820605379462e-06,9.083756789359928,23.406180949627558,2266,2266,0,5,dgtw
ridge_characteristics_sentiment_dgtw_fit252_val126,ridge,characteristics_sentiment,252,cap_spread_bp,9.05961678878758,4.193799403292723,2.1602408502596724,0.030754029304416383,0.8399209999482729,17.279312577626886,2266,2266,0,5,dgtw
lasso_characteristics_sentiment_dgtw_fit252_val126,lasso,characteristics_sentiment,252,rank_ic,0.060379715213608416,0.0016247118471438625,37.163337806486744,2.6698513378971383e-302,0.0571953385079509,0.06356409191926593,2266,2266,0,5,dgtw
lasso_characteristics_sentiment_dgtw_fit252_val126,lasso,characteristics_sentiment,252,ew_spread_bp,16.51828811980075,3.604329930381043,4.5829012434648195,4.5856864482570745e-06,9.453931267854145,23.582644971747357,2266,2266,0,5,dgtw
lasso_characteristics_sentiment_dgtw_fit252_val126,lasso,characteristics_sentiment,252,cap_spread_bp,5.869059512934308,4.159676909682029,1.4109411957629532,0.15826195380482388,-2.28375741736534,14.021876443233957,2266,2266,0,5,dgtw
enet_characteristics_sentiment_dgtw_fit252_val126,enet,characteristics_sentiment,252,rank_ic,0.06041166106983527,0.0016255135789657474,37.16466097334783,2.5416489610751834e-302,0.0572257129986816,0.06359760914098894,2266,2266,0,5,dgtw
enet_characteristics_sentiment_dgtw_fit252_val126,enet,characteristics_sentiment,252,ew_spread_bp,16.726610664354844,3.594781073825009,4.653026240220236,3.270986037780598e-06,9.680969227351605,23.772252101358085,2266,2266,0,5,dgtw
enet_characteristics_sentiment_dgtw_fit252_val126,enet,characteristics_sentiment,252,cap_spread_bp,7.261143987133309,4.164718407485134,1.7434897817060222,0.08124809765579705,-0.9015540972885638,15.423842071555182,2266,2266,0,5,dgtw
ols_characteristics_attention_dgtw_fit252_val126,ols,characteristics_attention,252,rank_ic,0.059173337355535545,0.0016473636736301827,35.92002075967798,1.4876397648915947e-282,0.05594456388578079,0.0624021108252903,2266,2266,0,5,dgtw
ols_characteristics_attention_dgtw_fit252_val126,ols,characteristics_attention,252,ew_spread_bp,19.59450625010529,3.588315354163201,5.460642200070721,4.744153195011366e-08,12.561537390773328,26.627475109437253,2266,2266,0,5,dgtw
ols_characteristics_attention_dgtw_fit252_val126,ols,characteristics_attention,252,cap_spread_bp,10.182788880942782,4.295278042797018,2.3706937663834933,0.01775473479127178,1.7641986134749335,18.60137914841063,2266,2266,0,5,dgtw
ridge_characteristics_attention_dgtw_fit252_val126,ridge,characteristics_attention,252,rank_ic,0.06126736033682014,0.0016729115440242508,36.6231917973614,1.2227792015736857e-293,0.05798851396121132,0.06454620671242897,2266,2266,0,5,dgtw
ridge_characteristics_attention_dgtw_fit252_val126,ridge,characteristics_attention,252,ew_spread_bp,16.73920040662413,3.6961739559094657,4.5287912869634805,5.932205958938623e-06,9.494832572446638,23.983568240801617,2266,2266,0,5,dgtw
ridge_characteristics_attention_dgtw_fit252_val126,ridge,characteristics_attention,252,cap_spread_bp,10.980634166642169,4.345344758112635,2.5269880246306435,0.01150454254988575,2.4639149403314917,19.497353392952846,2266,2266,0,5,dgtw
lasso_characteristics_attention_dgtw_fit252_val126,lasso,characteristics_attention,252,rank_ic,0.060733324679432724,0.0017057725868717063,35.604584776927574,1.1898046495592937e-277,0.05739007184334846,0.06407657751551699,2266,2266,0,5,dgtw
lasso_characteristics_attention_dgtw_fit252_val126,lasso,characteristics_attention,252,ew_spread_bp,16.2135961571711,3.7019779064182736,4.3797117559942516,1.1883639401141882e-05,8.957852789028294,23.469339525313906,2266,2266,0,5,dgtw
lasso_characteristics_attention_dgtw_fit252_val126,lasso,characteristics_attention,252,cap_spread_bp,6.737622383641036,4.3255285122497344,1.5576414222124169,0.11931827365494535,-1.740257714469565,15.215502481751638,2266,2266,0,5,dgtw
enet_characteristics_attention_dgtw_fit252_val126,enet,characteristics_attention,252,rank_ic,0.06080288915967883,0.0017036829558161432,35.689086958407366,5.837818037149584e-279,0.057463731925204445,0.06414204639415322,2266,2266,0,5,dgtw
enet_characteristics_attention_dgtw_fit252_val126,enet,characteristics_attention,252,ew_spread_bp,16.465326966151373,3.684842950308232,4.468393141361444,7.880936474764592e-06,9.243167494860923,23.687486437441823,2266,2266,0,5,dgtw
enet_characteristics_attention_dgtw_fit252_val126,enet,characteristics_attention,252,cap_spread_bp,7.23741718226964,4.331899316758649,1.6707260841152352,0.09477579425357748,-1.2529494632309781,15.727783827770258,2266,2266,0,5,dgtw
ols_characteristics_core_dgtw_fit252_val126,ols,characteristics_core,252,rank_ic,0.05951401627828831,0.0016285559801375862,36.544040858368504,2.2173862454006964e-292,0.05632210521041132,0.06270592734616531,2266,2266,0,5,dgtw
ols_characteristics_core_dgtw_fit252_val126,ols,characteristics_core,252,ew_spread_bp,20.321304202850754,3.5540286863041173,5.7178222227528375,1.0789793910423864e-08,13.355535977672483,27.287072428029028,2266,2266,0,5,dgtw
ols_characteristics_core_dgtw_fit252_val126,ols,characteristics_core,252,cap_spread_bp,8.890290965033634,4.340061579960337,2.048425074446727,0.040518366706332486,0.38392657762536864,17.396655352441897,2266,2266,0,5,dgtw
ridge_characteristics_core_dgtw_fit252_val126,ridge,characteristics_core,252,rank_ic,0.06162231920141631,0.0016582158292625568,37.16182062308562,2.8248238457241647e-302,0.05837227589746748,0.06487236250536514,2266,2266,0,5,dgtw
ridge_characteristics_core_dgtw_fit252_val126,ridge,characteristics_core,252,ew_spread_bp,18.536979655559588,3.677937817456257,5.040047052339828,4.654174048883998e-07,11.328353995967472,25.745605315151703,2266,2266,0,5,dgtw
ridge_characteristics_core_dgtw_fit252_val126,ridge,characteristics_core,252,cap_spread_bp,11.180148065610842,4.43668145606125,2.519934815319429,0.011737656879566264,2.484412200854065,19.87588393036762,2266,2266,0,5,dgtw
lasso_characteristics_core_dgtw_fit252_val126,lasso,characteristics_core,252,rank_ic,0.06100588858310364,0.0016885328165482333,36.12952498478196,7.802017953698226e-286,0.05769642507595513,0.06431535209025216,2266,2266,0,5,dgtw
lasso_characteristics_core_dgtw_fit252_val126,lasso,characteristics_core,252,ew_spread_bp,16.818435447164315,3.638637140507249,4.622179898053731,3.7972848438636456e-06,9.6868376989603,23.95003319536833,2266,2266,0,5,dgtw
lasso_characteristics_core_dgtw_fit252_val126,lasso,characteristics_core,252,cap_spread_bp,7.730386167975591,4.296236875860689,1.7993389078266127,0.07196508701465056,-0.6900833777642399,16.150855713715423,2266,2266,0,5,dgtw
enet_characteristics_core_dgtw_fit252_val126,enet,characteristics_core,252,rank_ic,0.0610420746232255,0.001687403585668276,36.175148104269624,1.497414564281164e-286,0.05773482436793193,0.06434932487851906,2266,2266,0,5,dgtw
enet_characteristics_core_dgtw_fit252_val126,enet,characteristics_core,252,ew_spread_bp,17.13767411591398,3.6353024878605975,4.714236070627408,2.4261925245411458e-06,10.012612166798352,24.26273606502961,2266,2266,0,5,dgtw
enet_characteristics_core_dgtw_fit252_val126,enet,characteristics_core,252,cap_spread_bp,7.95058222875081,4.274725152541681,1.8599048933060705,0.06289898292160565,-0.4277251140383731,16.328889571539992,2266,2266,0,5,dgtw
ols_characteristics_all_dgtw_fit252_val126,ols,characteristics_all,252,rank_ic,0.058685219872276914,0.0015670239438842237,37.4501105112742,5.981803683759286e-307,0.05561390937935192,0.06175653036520191,2266,2266,0,5,dgtw
ols_characteristics_all_dgtw_fit252_val126,ols,characteristics_all,252,ew_spread_bp,24.527576015883625,3.4575434172277304,7.093931458292407,1.3035471058023575e-12,17.750915443133728,31.304236588633522,2266,2266,0,5,dgtw
ols_characteristics_all_dgtw_fit252_val126,ols,characteristics_all,252,cap_spread_bp,5.378242486082861,4.092762016339417,1.3140862978622887,0.18881716467691234,-2.6434236632359287,13.399908635401651,2266,2266,0,5,dgtw
ridge_characteristics_all_dgtw_fit252_val126,ridge,characteristics_all,252,rank_ic,0.06105326044035039,0.0016218259675059663,37.64476686375771,3.9846640304293e-310,0.05787453995484687,0.06423198092585392,2266,2266,0,5,dgtw
ridge_characteristics_all_dgtw_fit252_val126,ridge,characteristics_all,252,ew_spread_bp,24.404536864282065,3.5204763846608853,6.932168887885571,4.144367493992299e-12,17.504529941922954,31.304543786641176,2266,2266,0,5,dgtw
ridge_characteristics_all_dgtw_fit252_val126,ridge,characteristics_all,252,cap_spread_bp,6.870445567732472,4.143178428294227,1.658254812492128,0.09726604554093701,-1.2500349332474796,14.990926068712422,2266,2266,0,5,dgtw
lasso_characteristics_all_dgtw_fit252_val126,lasso,characteristics_all,252,rank_ic,0.06131151199139938,0.0016628395869129338,36.871573466220134,1.3196165895442918e-297,0.05805240628898257,0.0645706176938162,2266,2266,0,5,dgtw
lasso_characteristics_all_dgtw_fit252_val126,lasso,characteristics_all,252,ew_spread_bp,20.813292622533304,3.5877911900630477,5.801143801283361,6.586408460021258e-09,13.78135110595963,27.845234139106978,2266,2266,0,5,dgtw
lasso_characteristics_all_dgtw_fit252_val126,lasso,characteristics_all,252,cap_spread_bp,3.767422585823445,4.477317161953115,0.8414464398095048,0.400097878394136,-5.00795779896775,12.54280297061464,2266,2266,0,5,dgtw
enet_characteristics_all_dgtw_fit252_val126,enet,characteristics_all,252,rank_ic,0.061426826670552985,0.0016617168583738379,36.965880415190284,4.0481832735570826e-299,0.05816992147563722,0.06468373186546875,2266,2266,0,5,dgtw
enet_characteristics_all_dgtw_fit252_val126,enet,characteristics_all,252,ew_spread_bp,21.33313403853164,3.588492148491077,5.944874101926626,2.7666941571736566e-09,14.29981866868437,28.36644940837891,2266,2266,0,5,dgtw
enet_characteristics_all_dgtw_fit252_val126,enet,characteristics_all,252,cap_spread_bp,3.389103045587871,4.501560345232411,0.7528729564132711,0.45152626052186384,-5.433793105301347,12.211999196477088,2266,2266,0,5,dgtw
ols_characteristics_textcore_dgtw_fit252_val126,ols,characteristics_textcore,252,rank_ic,0.05306294862560275,0.0014376917936151682,36.90843118202168,3.384639635532231e-298,0.05024512448924823,0.05588077276195727,2266,2266,0,5,dgtw
ols_characteristics_textcore_dgtw_fit252_val126,ols,characteristics_textcore,252,ew_spread_bp,21.596513643385254,3.270278323844707,6.603876338572702,4.005436799787768e-11,15.186885909227613,28.006141377542896,2266,2266,0,5,dgtw
ols_characteristics_textcore_dgtw_fit252_val126,ols,characteristics_textcore,252,cap_spread_bp,4.650792304589348,3.7603844804907847,1.2367863788179319,0.21616640026644907,-2.7194258451959517,12.021010454374647,2266,2266,0,5,dgtw
ridge_characteristics_textcore_dgtw_fit252_val126,ridge,characteristics_textcore,252,rank_ic,0.058709112782026944,0.001596070318842591,36.7835377232004,3.3847645055176315e-296,0.055580872440302104,0.061837353123751784,2266,2266,0,5,dgtw
ridge_characteristics_textcore_dgtw_fit252_val126,ridge,characteristics_textcore,252,ew_spread_bp,19.6770180712722,3.563960771274571,5.521109612055341,3.368655444422702e-08,12.691783317260448,26.662252825283954,2266,2266,0,5,dgtw
ridge_characteristics_textcore_dgtw_fit252_val126,ridge,characteristics_textcore,252,cap_spread_bp,10.409665657536465,4.030495138958021,2.58272626529643,0.00980230623866048,2.510040345314983,18.309290969757946,2266,2266,0,5,dgtw
lasso_characteristics_textcore_dgtw_fit252_val126,lasso,characteristics_textcore,252,rank_ic,0.06082894739687117,0.0016749476514425488,36.31692449879388,8.747407405692582e-289,0.05754611032405382,0.06411178446968852,2266,2266,0,5,dgtw
lasso_characteristics_textcore_dgtw_fit252_val126,lasso,characteristics_textcore,252,ew_spread_bp,17.465655895195663,3.6918524759271194,4.730865062751346,2.235650953600808e-06,10.229758006143483,24.701553784247842,2266,2266,0,5,dgtw
lasso_characteristics_textcore_dgtw_fit252_val126,lasso,characteristics_textcore,252,cap_spread_bp,8.899661440608023,4.57808338621554,1.9439710223288231,0.05189894561378978,-0.07321711459560909,17.872539995811657,2266,2266,0,5,dgtw
enet_characteristics_textcore_dgtw_fit252_val126,enet,characteristics_textcore,252,rank_ic,0.06095244862998226,0.0016741377660709107,36.40826332532571,3.1503630164070596e-290,0.057671198903324936,0.06423369835663958,2266,2266,0,5,dgtw
enet_characteristics_textcore_dgtw_fit252_val126,enet,characteristics_textcore,252,ew_spread_bp,18.045202571707346,3.688649274038905,4.892089551237996,9.9771027396229e-07,10.815582842991276,25.274822300423416,2266,2266,0,5,dgtw
enet_characteristics_textcore_dgtw_fit252_val126,enet,characteristics_textcore,252,cap_spread_bp,9.28472296894281,4.60532680462108,2.0160834101124654,0.04379125450924447,0.2584482948485647,18.310997643037055,2266,2266,0,5,dgtw
ols_characteristics_textall_dgtw_fit252_val126,ols,characteristics_textall,252,rank_ic,0.05280660817256125,0.0014062678637653343,37.55088879807692,1.362590336060564e-308,0.050050373806965115,0.05556284253815738,2266,2266,0,5,dgtw
ols_characteristics_textall_dgtw_fit252_val126,ols,characteristics_textall,252,ew_spread_bp,25.114053043384796,3.230602331072056,7.773798960595329,7.616658998148528e-15,18.782188826112424,31.44591726065717,2266,2266,0,5,dgtw
ols_characteristics_textall_dgtw_fit252_val126,ols,characteristics_textall,252,cap_spread_bp,8.223999493875278,3.6692449108653427,2.2413329427867916,0.02500451660336303,1.0324116181223255,15.41558736962823,2266,2266,0,5,dgtw
ridge_characteristics_textall_dgtw_fit252_val126,ridge,characteristics_textall,252,rank_ic,0.058460313264862826,0.0015709091715593215,37.21431787608302,4.004224724986389e-303,0.055381387865622904,0.06153923866410275,2266,2266,0,5,dgtw
ridge_characteristics_textall_dgtw_fit252_val126,ridge,characteristics_textall,252,ew_spread_bp,25.35220818928855,3.515313789810059,7.211933188660916,5.516304050431174e-13,18.46231976690383,32.24209661167327,2266,2266,0,5,dgtw
ridge_characteristics_textall_dgtw_fit252_val126,ridge,characteristics_textall,252,cap_spread_bp,13.079014119839576,4.164230736679267,3.140799573048955,0.0016848729384332604,4.917271852633515,21.240756387045636,2266,2266,0,5,dgtw
lasso_characteristics_textall_dgtw_fit252_val126,lasso,characteristics_textall,252,rank_ic,0.060733515051446044,0.0016537360449923706,36.72503555531212,2.910992391454788e-295,0.05749225196332529,0.0639747781395668,2266,2266,0,5,dgtw
lasso_characteristics_textall_dgtw_fit252_val126,lasso,characteristics_textall,252,ew_spread_bp,20.870688161765912,3.6012902801759266,5.795336265075072,6.81844224911194e-09,13.812288914746937,27.929087408784888,2266,2266,0,5,dgtw
lasso_characteristics_textall_dgtw_fit252_val126,lasso,characteristics_textall,252,cap_spread_bp,4.653423789885255,4.645231908614077,1.0017635031861352,0.31645782809052114,-4.451063450834591,13.7579110306051,2266,2266,0,5,dgtw
enet_characteristics_textall_dgtw_fit252_val126,enet,characteristics_textall,252,rank_ic,0.06083229725892558,0.0016526475364359965,36.80899642407296,1.3255246095337634e-296,0.05759316760837219,0.06407142690947898,2266,2266,0,5,dgtw
enet_characteristics_textall_dgtw_fit252_val126,enet,characteristics_textall,252,ew_spread_bp,20.988892716483814,3.604686920794651,5.82266731554507,5.791577067024754e-09,13.923836176183713,28.053949256783916,2266,2266,0,5,dgtw
enet_characteristics_textall_dgtw_fit252_val126,enet,characteristics_textall,252,cap_spread_bp,5.738900188073766,4.647327540108151,1.2348817978816728,0.2168744986631882,-3.3696944148993335,14.847494791046865,2266,2266,0,5,dgtw
ols_characteristics_dgtw_fit756_val126,ols,characteristics,756,rank_ic,0.06005875293871154,0.0016525897990164664,36.342202387098915,3.489393607076144e-289,0.05681973645142098,0.0632977694260021,2266,2266,0,5,dgtw
ols_characteristics_dgtw_fit756_val126,ols,characteristics,756,ew_spread_bp,19.127861395565688,3.594335347058716,5.321668555834176,1.0281977999587561e-07,12.083093566971328,26.172629224160048,2266,2266,0,5,dgtw
ols_characteristics_dgtw_fit756_val126,ols,characteristics,756,cap_spread_bp,9.77434179729438,4.498861073189358,2.1726258353572803,0.02980848979255327,0.9567361223940214,18.59194747219474,2266,2266,0,5,dgtw
ridge_characteristics_dgtw_fit756_val126,ridge,characteristics,756,rank_ic,0.061260114348369636,0.0016432244808520981,37.280429461836555,3.406480871232962e-304,0.058039453547384996,0.06448077514935427,2266,2266,0,5,dgtw
ridge_characteristics_dgtw_fit756_val126,ridge,characteristics,756,ew_spread_bp,15.556541589657439,3.6298004544517632,4.2857842421001795,1.8209565446837476e-05,8.442263427864862,22.670819751450015,2266,2266,0,5,dgtw
ridge_characteristics_dgtw_fit756_val126,ridge,characteristics,756,cap_spread_bp,11.810842083551625,4.174764318897923,2.8291039161390352,0.004667853971504811,3.6284543745688076,19.993229792534443,2266,2266,0,5,dgtw
lasso_characteristics_dgtw_fit756_val126,lasso,characteristics,756,rank_ic,0.060933447076663025,0.001652293296039698,36.878105856091935,1.0369497926291402e-297,0.05769501172452824,0.06417188242879782,2266,2266,0,5,dgtw
lasso_characteristics_dgtw_fit756_val126,lasso,characteristics,756,ew_spread_bp,16.622027452318573,3.573476971452755,4.651499809598908,3.2952957916992474e-06,9.618141288687905,23.62591361594924,2266,2266,0,5,dgtw
lasso_characteristics_dgtw_fit756_val126,lasso,characteristics,756,cap_spread_bp,12.435066961354812,4.05441113512014,3.067046371701112,0.0021618531672436634,4.488567158001179,20.381566764708445,2266,2266,0,5,dgtw
enet_characteristics_dgtw_fit756_val126,enet,characteristics,756,rank_ic,0.0610156717150141,0.001652058909360143,36.93310896440491,1.3599627244647982e-298,0.057777695752329696,0.0642536476776985,2266,2266,0,5,dgtw
enet_characteristics_dgtw_fit756_val126,enet,characteristics,756,ew_spread_bp,16.707702067839836,3.5884265989422324,4.65599660663668,3.2241724347151556e-06,9.674515172747505,23.740888962932168,2266,2266,0,5,dgtw
enet_characteristics_dgtw_fit756_val126,enet,characteristics,756,cap_spread_bp,12.694620352436576,4.067170755208709,3.1212410583398644,0.0018009054997763212,4.723112153252934,20.66612855162022,2266,2266,0,5,dgtw
ols_characteristics_sentiment_dgtw_fit756_val126,ols,characteristics_sentiment,756,rank_ic,0.060755342723151806,0.0016365811555356263,37.12333025322388,1.1811956292520785e-301,0.05754770260052503,0.06396298284577857,2266,2266,0,5,dgtw
ols_characteristics_sentiment_dgtw_fit756_val126,ols,characteristics_sentiment,756,ew_spread_bp,21.028326044304173,3.572637515968354,5.885938875778866,3.958005853917304e-09,14.026085183189556,28.030566905418787,2266,2266,0,5,dgtw
ols_characteristics_sentiment_dgtw_fit756_val126,ols,characteristics_sentiment,756,cap_spread_bp,11.077565148371392,4.361979734565078,2.5395728138282854,0.011098793967303419,2.5282419673302545,19.62688832941253,2266,2266,0,5,dgtw
ridge_characteristics_sentiment_dgtw_fit756_val126,ridge,characteristics_sentiment,756,rank_ic,0.06201327405483362,0.0016333288230343578,37.967415489323756,0.0,0.05881200838677508,0.06521453972289215,2266,2266,0,5,dgtw
ridge_characteristics_sentiment_dgtw_fit756_val126,ridge,characteristics_sentiment,756,ew_spread_bp,18.699948452034732,3.6481377790780734,5.125888764201342,2.961374181428796e-07,11.549729794401769,25.850167109667694,2266,2266,0,5,dgtw
ridge_characteristics_sentiment_dgtw_fit756_val126,ridge,characteristics_sentiment,756,cap_spread_bp,12.243158004947514,4.208224922349127,2.9093402160911834,0.003621924761923077,3.9951887182993584,20.491127291595667,2266,2266,0,5,dgtw
lasso_characteristics_sentiment_dgtw_fit756_val126,lasso,characteristics_sentiment,756,rank_ic,0.06181068124535168,0.0016402338299073083,37.68406681920753,0.0,0.05859588201250916,0.0650254804781942,2266,2266,0,5,dgtw
lasso_characteristics_sentiment_dgtw_fit756_val126,lasso,characteristics_sentiment,756,ew_spread_bp,18.503417135526856,3.5637785946266987,5.1920781957177295,2.0795962086460133e-07,11.518539441183758,25.488294829869954,2266,2266,0,5,dgtw
lasso_characteristics_sentiment_dgtw_fit756_val126,lasso,characteristics_sentiment,756,cap_spread_bp,9.182607621392464,4.121373127872825,2.2280456868344523,0.0258774685546009,1.1048647239105343,17.260350518874393,2266,2266,0,5,dgtw
enet_characteristics_sentiment_dgtw_fit756_val126,enet,characteristics_sentiment,756,rank_ic,0.061882714777185495,0.001640405806626961,37.72402811986512,0.0,0.05866757847616628,0.06509785107820472,2266,2266,0,5,dgtw
enet_characteristics_sentiment_dgtw_fit756_val126,enet,characteristics_sentiment,756,ew_spread_bp,18.6947157491362,3.5872324126398,5.211459308648193,1.8736094152408946e-07,11.663869416187467,25.725562082084934,2266,2266,0,5,dgtw
enet_characteristics_sentiment_dgtw_fit756_val126,enet,characteristics_sentiment,756,cap_spread_bp,10.041896837162566,4.139196020331976,2.4260500802175526,0.015264163762097268,1.9292217123603717,18.154571961964763,2266,2266,0,5,dgtw
ols_characteristics_attention_dgtw_fit756_val126,ols,characteristics_attention,756,rank_ic,0.06089070648688408,0.0016829739963862447,36.18042026652299,1.2372106148386997e-286,0.057592138067049596,0.06418927490671857,2266,2266,0,5,dgtw
ols_characteristics_attention_dgtw_fit756_val126,ols,characteristics_attention,756,ew_spread_bp,19.976492978849837,3.605288153601001,5.540886644219297,3.0094398590156e-08,12.910258043902964,27.04272791379671,2266,2266,0,5,dgtw
ols_characteristics_attention_dgtw_fit756_val126,ols,characteristics_attention,756,cap_spread_bp,10.867728445166456,4.478799262433204,2.4264825924040925,0.015245981708872421,2.0894431968128195,19.646013693520093,2266,2266,0,5,dgtw
ridge_characteristics_attention_dgtw_fit756_val126,ridge,characteristics_attention,756,rank_ic,0.062075517945828974,0.0016966098390934585,36.58797474556525,4.4425461147393634e-293,0.0587502237653895,0.06540081212626844,2266,2266,0,5,dgtw
ridge_characteristics_attention_dgtw_fit756_val126,ridge,characteristics_attention,756,ew_spread_bp,17.77579669959505,3.690401530899013,4.816764937571635,1.459043984437943e-06,10.542742610541504,25.008850788648594,2266,2266,0,5,dgtw
ridge_characteristics_attention_dgtw_fit756_val126,ridge,characteristics_attention,756,cap_spread_bp,11.300291104545568,4.303358341932384,2.625923803378009,0.008641415927269584,2.865863741788093,19.734718467303043,2266,2266,0,5,dgtw
lasso_characteristics_attention_dgtw_fit756_val126,lasso,characteristics_attention,756,rank_ic,0.061960241878734265,0.0016987067342624355,36.47494922402653,2.768025706057228e-291,0.05863083785928424,0.06528964589818428,2266,2266,0,5,dgtw
lasso_characteristics_attention_dgtw_fit756_val126,lasso,characteristics_attention,756,ew_spread_bp,17.573177211178802,3.679410645538446,4.7760847875155115,1.7874105316843207e-06,10.361664861590176,24.784689560767426,2266,2266,0,5,dgtw
lasso_characteristics_attention_dgtw_fit756_val126,lasso,characteristics_attention,756,cap_spread_bp,10.617208440736432,4.382896904731372,2.422418019751975,0.015417604029068603,2.0268883595108615,19.207528521962004,2266,2266,0,5,dgtw
enet_characteristics_attention_dgtw_fit756_val126,enet,characteristics_attention,756,rank_ic,0.06198812335150917,0.0016990978427560983,36.48296277685724,2.0659474532971503e-291,0.058657952773497515,0.06531829392952082,2266,2266,0,5,dgtw
enet_characteristics_attention_dgtw_fit756_val126,enet,characteristics_attention,756,ew_spread_bp,17.039710409677326,3.6728093585532684,4.63942142000785,3.4938595028108557e-06,9.841136344831263,24.23828447452339,2266,2266,0,5,dgtw
enet_characteristics_attention_dgtw_fit756_val126,enet,characteristics_attention,756,cap_spread_bp,9.88003861099249,4.416142679289276,2.2372552991386954,0.025269658969328725,1.2245580089952899,18.53551921298969,2266,2266,0,5,dgtw
ols_characteristics_core_dgtw_fit756_val126,ols,characteristics_core,756,rank_ic,0.061306207901550426,0.0016628175645888937,36.8688719719577,1.4579321410606045e-297,0.05804714536209559,0.06456527044100527,2266,2266,0,5,dgtw
ols_characteristics_core_dgtw_fit756_val126,ols,characteristics_core,756,ew_spread_bp,21.618657956815095,3.609374466783767,5.9895857733151745,2.103761589468067e-09,14.54441399520045,28.69290191842974,2266,2266,0,5,dgtw
ols_characteristics_core_dgtw_fit756_val126,ols,characteristics_core,756,cap_spread_bp,11.791969753892374,4.470061277314024,2.6379883903913615,0.008339943701068265,3.0308106416697775,20.55312886611497,2266,2266,0,5,dgtw
ridge_characteristics_core_dgtw_fit756_val126,ridge,characteristics_core,756,rank_ic,0.0626349743066076,0.0016842940172513,37.18767249961818,1.0797339159798008e-302,0.05933381869341876,0.06593612991979643,2266,2266,0,5,dgtw
ridge_characteristics_core_dgtw_fit756_val126,ridge,characteristics_core,756,ew_spread_bp,19.646542005425076,3.7062747652496584,5.300886536970409,1.1524169617367425e-07,12.382376948726101,26.91070706212405,2266,2266,0,5,dgtw
ridge_characteristics_core_dgtw_fit756_val126,ridge,characteristics_core,756,cap_spread_bp,12.815794244039594,4.309959878522,2.9735298251626583,0.0029439579438433855,4.368428107323847,21.26316038075534,2266,2266,0,5,dgtw
lasso_characteristics_core_dgtw_fit756_val126,lasso,characteristics_core,756,rank_ic,0.0623971795017563,0.0016844362534963204,37.04336057374736,2.2970798484429662e-300,0.05909574511064993,0.06569861389286266,2266,2266,0,5,dgtw
lasso_characteristics_core_dgtw_fit756_val126,lasso,characteristics_core,756,ew_spread_bp,19.30651599469433,3.6790317803192254,5.247716559007035,1.5399597924393623e-07,12.095746207290372,26.517285782098288,2266,2266,0,5,dgtw
lasso_characteristics_core_dgtw_fit756_val126,lasso,characteristics_core,756,cap_spread_bp,12.016141471767797,4.35161344481607,2.761307185058503,0.00575704992365762,3.487135845288023,20.545147098247572,2266,2266,0,5,dgtw
enet_characteristics_core_dgtw_fit756_val126,enet,characteristics_core,756,rank_ic,0.0623624073245942,0.001682551456475202,37.06419027162354,1.0610493868835394e-300,0.05906466706776739,0.06566014758142101,2266,2266,0,5,dgtw
enet_characteristics_core_dgtw_fit756_val126,enet,characteristics_core,756,ew_spread_bp,19.123349278386296,3.694903197680065,5.175602243217997,2.271769801527486e-07,11.88147208457149,26.3652264722011,2266,2266,0,5,dgtw
enet_characteristics_core_dgtw_fit756_val126,enet,characteristics_core,756,cap_spread_bp,10.798625919695748,4.304167263218447,2.508876923063873,0.012111567583330336,2.362613100351261,19.234638739040236,2266,2266,0,5,dgtw
ols_characteristics_all_dgtw_fit756_val126,ols,characteristics_all,756,rank_ic,0.06071579861877818,0.0016325677622745375,37.190369687434774,9.766142267128559e-303,0.05751602460239894,0.06391557263515743,2266,2266,0,5,dgtw
ols_characteristics_all_dgtw_fit756_val126,ols,characteristics_all,756,ew_spread_bp,27.49338988331693,3.5709191618445715,7.699247347037427,1.3687000480618838e-14,20.494516934397613,34.49226283223625,2266,2266,0,5,dgtw
ols_characteristics_all_dgtw_fit756_val126,ols,characteristics_all,756,cap_spread_bp,11.618323021554994,4.139462772368843,2.806722432463455,0.00500483460132953,3.505125072367738,19.731520970742253,2266,2266,0,5,dgtw
ridge_characteristics_all_dgtw_fit756_val126,ridge,characteristics_all,756,rank_ic,0.06273282447760821,0.00167325541904891,37.49148143399768,1.2679712976706213e-307,0.05945330411933587,0.06601234483588055,2266,2266,0,5,dgtw
ridge_characteristics_all_dgtw_fit756_val126,ridge,characteristics_all,756,ew_spread_bp,26.726483411020418,3.6186373112832255,7.385786723550581,1.515545616559893e-13,19.63408460779244,33.8188822142484,2266,2266,0,5,dgtw
ridge_characteristics_all_dgtw_fit756_val126,ridge,characteristics_all,756,cap_spread_bp,10.386884929350805,4.161349076859357,2.496037880386129,0.012558918924090426,2.230790611607464,18.542979247094145,2266,2266,0,5,dgtw
lasso_characteristics_all_dgtw_fit756_val126,lasso,characteristics_all,756,rank_ic,0.06249042241239617,0.0016849708879889617,37.086944859314116,4.5612257855197654e-301,0.05918794015693933,0.06579290466785301,2266,2266,0,5,dgtw
lasso_characteristics_all_dgtw_fit756_val126,lasso,characteristics_all,756,ew_spread_bp,23.3790430358355,3.6651093970871114,6.378811790561087,1.7846719881671738e-10,16.19556061814545,30.562525453525552,2266,2266,0,5,dgtw
lasso_characteristics_all_dgtw_fit756_val126,lasso,characteristics_all,756,cap_spread_bp,10.925348128419936,4.372999478848848,2.4983648365985935,0.01247677122280236,2.354426645463768,19.496269611376103,2266,2266,0,5,dgtw
enet_characteristics_all_dgtw_fit756_val126,enet,characteristics_all,756,rank_ic,0.06252111044639021,0.0016866505741300077,37.068205712163746,9.142173979033426e-301,0.05921533606659159,0.06582688482618883,2266,2266,0,5,dgtw
enet_characteristics_all_dgtw_fit756_val126,enet,characteristics_all,756,ew_spread_bp,23.158497678965297,3.66410300802418,6.320372988491177,2.6093272039368784e-10,15.976987747593029,30.340007610337565,2266,2266,0,5,dgtw
enet_characteristics_all_dgtw_fit756_val126,enet,characteristics_all,756,cap_spread_bp,10.670936947244712,4.308235044026535,2.476869724654463,0.013254027009849824,2.2269514240193686,19.114922470470056,2266,2266,0,5,dgtw
ols_characteristics_textcore_dgtw_fit756_val126,ols,characteristics_textcore,756,rank_ic,0.05655432256709265,0.001545938689356014,36.582513237087866,5.425919298702843e-293,0.05352433841364781,0.05958430672053749,2266,2266,0,5,dgtw
ols_characteristics_textcore_dgtw_fit756_val126,ols,characteristics_textcore,756,ew_spread_bp,20.993829201289703,3.436161570047883,6.109674639367192,9.983445736605546e-10,14.259076278935247,27.72858212364416,2266,2266,0,5,dgtw
ols_characteristics_textcore_dgtw_fit756_val126,ols,characteristics_textcore,756,cap_spread_bp,6.69098736272974,4.083684543321468,1.6384682244058992,0.10132405733718325,-1.3128872664032345,14.694861991862716,2266,2266,0,5,dgtw
ridge_characteristics_textcore_dgtw_fit756_val126,ridge,characteristics_textcore,756,rank_ic,0.060579614249388236,0.0016298011785988087,37.16994136761543,2.0884312741412133e-302,0.05738526263737364,0.06377396586140284,2266,2266,0,5,dgtw
ridge_characteristics_textcore_dgtw_fit756_val126,ridge,characteristics_textcore,756,ew_spread_bp,20.690292918074356,3.512476672598928,5.890513972514253,3.849963157936102e-09,13.80596514324337,27.57462069290534,2266,2266,0,5,dgtw
ridge_characteristics_textcore_dgtw_fit756_val126,ridge,characteristics_textcore,756,cap_spread_bp,10.123820438916344,4.0708494202326735,2.486906145090895,0.012885938935551988,2.145102188774544,18.102538689058143,2266,2266,0,5,dgtw
lasso_characteristics_textcore_dgtw_fit756_val126,lasso,characteristics_textcore,756,rank_ic,0.061921003212375286,0.0016809105284632912,36.83777462503267,4.5901019993648644e-297,0.05862647911535305,0.06521552730939753,2266,2266,0,5,dgtw
lasso_characteristics_textcore_dgtw_fit756_val126,lasso,characteristics_textcore,756,ew_spread_bp,18.46357753830337,3.711128372757873,4.9751923630123365,6.51828773672929e-07,11.189899585693201,25.737255490913537,2266,2266,0,5,dgtw
lasso_characteristics_textcore_dgtw_fit756_val126,lasso,characteristics_textcore,756,cap_spread_bp,9.899034171188246,4.488314828401659,2.2055124361036427,0.027418156101722702,1.1020987562439206,18.69596958613257,2266,2266,0,5,dgtw
enet_characteristics_textcore_dgtw_fit756_val126,enet,characteristics_textcore,756,rank_ic,0.06194274343145049,0.0016804191016594238,36.86148495353431,1.9146654889924333e-297,0.05864918251326487,0.0652363043496361,2266,2266,0,5,dgtw
enet_characteristics_textcore_dgtw_fit756_val126,enet,characteristics_textcore,756,ew_spread_bp,18.61405033847224,3.6973783578778847,5.034391543622221,4.793689829442453e-07,11.367321919813739,25.86077875713074,2266,2266,0,5,dgtw
enet_characteristics_textcore_dgtw_fit756_val126,enet,characteristics_textcore,756,cap_spread_bp,9.561642585579476,4.494459332928879,2.1274288801604295,0.03338446467886243,0.7526641630589559,18.370621008099995,2266,2266,0,5,dgtw
ols_characteristics_textall_dgtw_fit756_val126,ols,characteristics_textall,756,rank_ic,0.05653948356743489,0.0015329406723922179,36.88302136259629,8.649044637238234e-298,0.05353497505910953,0.059543992075760256,2266,2266,0,5,dgtw
ols_characteristics_textall_dgtw_fit756_val126,ols,characteristics_textall,756,ew_spread_bp,24.436789337021946,3.4347790405159064,7.1145156788168595,1.1230650251300076e-12,17.704746122757726,31.168832551286165,2266,2266,0,5,dgtw
ols_characteristics_textall_dgtw_fit756_val126,ols,characteristics_textall,756,cap_spread_bp,8.713149112543364,3.869796749629246,2.251577970697853,0.024348954480968868,1.1284868557798777,16.29781136930685,2266,2266,0,5,dgtw
ridge_characteristics_textall_dgtw_fit756_val126,ridge,characteristics_textall,756,rank_ic,0.06070396723226626,0.0016127476076924936,37.6400913216179,4.7520485476543e-310,0.057543040005035836,0.06386489445949668,2266,2266,0,5,dgtw
ridge_characteristics_textall_dgtw_fit756_val126,ridge,characteristics_textall,756,ew_spread_bp,26.228445831228093,3.5211277984308844,7.448876420479893,9.41384984117513e-14,19.32716216134075,33.129729501115435,2266,2266,0,5,dgtw
ridge_characteristics_textall_dgtw_fit756_val126,ridge,characteristics_textall,756,cap_spread_bp,9.922867618268292,3.9561483915043825,2.50821421147324,0.012134308099836942,2.168959253423637,17.676775983112947,2266,2266,0,5,dgtw
lasso_characteristics_textall_dgtw_fit756_val126,lasso,characteristics_textall,756,rank_ic,0.06197742140794552,0.0016688124691431932,37.13863753652689,6.688075193248677e-302,0.0587066090714735,0.06524823374441754,2266,2266,0,5,dgtw
lasso_characteristics_textall_dgtw_fit756_val126,lasso,characteristics_textall,756,ew_spread_bp,21.683386615130164,3.7676431887593647,5.755159267688037,8.656014656303138e-09,14.298941658564164,29.067831571696164,2266,2266,0,5,dgtw
lasso_characteristics_textall_dgtw_fit756_val126,lasso,characteristics_textall,756,cap_spread_bp,8.017397963858132,4.422308797383281,1.8129439465199935,0.06984046718550277,-0.6501680075277392,16.684963935244003,2266,2266,0,5,dgtw
enet_characteristics_textall_dgtw_fit756_val126,enet,characteristics_textall,756,rank_ic,0.06198604789007026,0.0016716387766818343,37.081006228577195,5.685842680947295e-301,0.05870969609261327,0.06526239968752726,2266,2266,0,5,dgtw
enet_characteristics_textall_dgtw_fit756_val126,enet,characteristics_textall,756,ew_spread_bp,21.387464352177663,3.769770309845641,5.673413124486464,1.3998010427846526e-08,13.998850314891806,28.77607838946352,2266,2266,0,5,dgtw
enet_characteristics_textall_dgtw_fit756_val126,enet,characteristics_textall,756,cap_spread_bp,8.763983801906786,4.35829494633287,2.010874415298791,0.044338723387307225,0.22188267309143406,17.306084930722136,2266,2266,0,5,dgtw
