model_id,estimator,feature_set,fit_days,metric,mean,se,t,p,ci_low,ci_high,n,calendar_days,missing_days,hac_lags,representation,history_policy,refit_policy,target,subgroup,stock_days
ld2_ols_characteristics_full_raw_fixed504_retain,ols,characteristics,504,rank_ic,0.0856750481769487,0.0024020026798211936,35.66817343572922,1.2318573838042045e-278,0.08096720943373047,0.09038288692016692,2266,2266,0,5,full,fixed504,retain,raw,size_tercile_1,1010848
ld2_ols_characteristics_full_raw_fixed504_retain,ols,characteristics,504,ew_spread_bp,57.20513074264405,7.706559316300899,7.422914480349729,1.1457075919085843e-13,42.10055203797267,72.30970944731544,2266,2266,0,5,full,fixed504,retain,raw,size_tercile_1,1010848
ld2_ols_characteristics_full_raw_fixed504_retain,ols,characteristics,504,cap_spread_bp,53.574872675073415,8.589597861709509,6.237180545307962,4.455276883131818e-10,36.73957022444052,70.4101751257063,2266,2266,0,5,full,fixed504,retain,raw,size_tercile_1,1010848
ld2_ols_characteristics_full_raw_fixed504_recent,ols,characteristics,504,rank_ic,0.08645973958704084,0.0023979250378886306,36.05606439772968,1.1080950014168298e-284,0.08175989287515228,0.0911595862989294,2266,2266,0,5,full,fixed504,recent,raw,size_tercile_1,1010848
ld2_ols_characteristics_full_raw_fixed504_recent,ols,characteristics,504,ew_spread_bp,58.40613757053451,7.690146854580916,7.594931368019685,3.079556100789245e-14,43.33372669973194,73.47854844133708,2266,2266,0,5,full,fixed504,recent,raw,size_tercile_1,1010848
ld2_ols_characteristics_full_raw_fixed504_recent,ols,characteristics,504,cap_spread_bp,51.67610120309952,8.589311169134877,6.016326593079335,1.7841943008312098e-09,34.84136065958754,68.5108417466115,2266,2266,0,5,full,fixed504,recent,raw,size_tercile_1,1010848
ld2_ols_characteristics_full_raw_fixed504_union,ols,characteristics,504,rank_ic,0.08749931332330083,0.002419980606235549,36.15703080340474,2.8848476906110757e-286,0.08275623849179374,0.09224238815480791,2266,2266,0,5,full,fixed504,union,raw,size_tercile_1,1010848
ld2_ols_characteristics_full_raw_fixed504_union,ols,characteristics,504,ew_spread_bp,58.325951793203366,7.672262193990429,7.602184377756177,2.911734761599652e-14,43.28859421303387,73.36330937337286,2266,2266,0,5,full,fixed504,union,raw,size_tercile_1,1010848
ld2_ols_characteristics_full_raw_fixed504_union,ols,characteristics,504,cap_spread_bp,53.45675174325633,8.602634967189491,6.213997449286265,5.165336670944952e-10,36.59589703542002,70.31760645109264,2266,2266,0,5,full,fixed504,union,raw,size_tercile_1,1010848
ld2_ridge_characteristics_full_raw_fixed504_retain,ridge,characteristics,504,rank_ic,0.08764703680252102,0.0025712634504526347,34.08714761884551,1.143652024559848e-254,0.08260745304486966,0.09268662056017238,2266,2266,0,5,full,fixed504,retain,raw,size_tercile_1,1010848
ld2_ridge_characteristics_full_raw_fixed504_retain,ridge,characteristics,504,ew_spread_bp,43.56025876635491,8.05613357460576,5.407092417591476,6.405609535810229e-08,27.7705271054837,59.349990427226125,2266,2266,0,5,full,fixed504,retain,raw,size_tercile_1,1010848
ld2_ridge_characteristics_full_raw_fixed504_retain,ridge,characteristics,504,cap_spread_bp,45.412493211611114,8.482640825777956,5.35357963920938,8.623105632320117e-08,28.78682269929722,62.03816372392501,2266,2266,0,5,full,fixed504,retain,raw,size_tercile_1,1010848
ld2_ridge_characteristics_full_raw_fixed504_recent,ridge,characteristics,504,rank_ic,0.08762632400223648,0.0025760943163390094,34.01518471061485,1.3286618022227468e-253,0.08257727192143369,0.09267537608303927,2266,2266,0,5,full,fixed504,recent,raw,size_tercile_1,1010848
ld2_ridge_characteristics_full_raw_fixed504_recent,ridge,characteristics,504,ew_spread_bp,40.950435838428184,7.917109841962986,5.172397081240297,2.3110979970472807e-07,25.433185686533132,56.46768599032323,2266,2266,0,5,full,fixed504,recent,raw,size_tercile_1,1010848
ld2_ridge_characteristics_full_raw_fixed504_recent,ridge,characteristics,504,cap_spread_bp,43.72923490760486,8.283026405517816,5.279378908954609,1.2962250806226606e-07,27.494801469795682,59.96366834541404,2266,2266,0,5,full,fixed504,recent,raw,size_tercile_1,1010848
ld2_ridge_characteristics_full_raw_fixed504_union,ridge,characteristics,504,rank_ic,0.0885428394739351,0.0025908786330547814,34.174831018440436,5.720813684132473e-256,0.08346481066483336,0.09362086828303684,2266,2266,0,5,full,fixed504,union,raw,size_tercile_1,1010848
ld2_ridge_characteristics_full_raw_fixed504_union,ridge,characteristics,504,ew_spread_bp,40.63006633181325,7.950322142691288,5.11049308475687,3.2131907362348125e-07,25.04772126664701,56.21241139697948,2266,2266,0,5,full,fixed504,union,raw,size_tercile_1,1010848
ld2_ridge_characteristics_full_raw_fixed504_union,ridge,characteristics,504,cap_spread_bp,42.055148359534044,8.294820550913187,5.070049207382087,3.9771286079449184e-07,25.797598821521508,58.312697897546585,2266,2266,0,5,full,fixed504,union,raw,size_tercile_1,1010848
ld2_lasso_characteristics_full_raw_fixed504_retain,lasso,characteristics,504,rank_ic,0.08632249412364623,0.0025533185571911675,33.80796096927566,1.5065166589633828e-250,0.08131808171049378,0.09132690653679869,2266,2266,0,5,full,fixed504,retain,raw,size_tercile_1,1010848
ld2_lasso_characteristics_full_raw_fixed504_retain,lasso,characteristics,504,ew_spread_bp,44.77956790407482,7.930521963801554,5.646484318241444,1.63762095559986e-08,29.23603047641991,60.32310533172972,2266,2266,0,5,full,fixed504,retain,raw,size_tercile_1,1010848
ld2_lasso_characteristics_full_raw_fixed504_retain,lasso,characteristics,504,cap_spread_bp,43.9209242470324,8.504907286804748,5.164186129950545,2.4148731170212256e-07,27.251612273042827,60.59023622102198,2266,2266,0,5,full,fixed504,retain,raw,size_tercile_1,1010848
ld2_lasso_characteristics_full_raw_fixed504_recent,lasso,characteristics,504,rank_ic,0.08629580360961617,0.0025398948480797093,33.97613238786646,5.017483267250171e-253,0.08131770118286111,0.09127390603637123,2266,2266,0,5,full,fixed504,recent,raw,size_tercile_1,1010848
ld2_lasso_characteristics_full_raw_fixed504_recent,lasso,characteristics,504,ew_spread_bp,38.71704814022978,7.8138147323408695,4.954948314807419,7.234951824794591e-07,23.40225268297319,54.031843597486365,2266,2266,0,5,full,fixed504,recent,raw,size_tercile_1,1010848
ld2_lasso_characteristics_full_raw_fixed504_recent,lasso,characteristics,504,cap_spread_bp,34.60450256680687,8.496682807113933,4.0727073556086975,4.646979737272887e-05,17.951310276802875,51.25769485681087,2266,2266,0,5,full,fixed504,recent,raw,size_tercile_1,1010848
ld2_lasso_characteristics_full_raw_fixed504_union,lasso,characteristics,504,rank_ic,0.08708556126081285,0.0025544693196791436,34.09144928456268,9.87538232965672e-255,0.08207889339462919,0.09209222912699651,2266,2266,0,5,full,fixed504,union,raw,size_tercile_1,1010848
ld2_lasso_characteristics_full_raw_fixed504_union,lasso,characteristics,504,ew_spread_bp,40.91108238054228,7.8355044455283345,5.221244230662129,1.7772496639627615e-07,25.55377586660326,56.268388894481305,2266,2266,0,5,full,fixed504,union,raw,size_tercile_1,1010848
ld2_lasso_characteristics_full_raw_fixed504_union,lasso,characteristics,504,cap_spread_bp,37.75868181114419,8.519047981893825,4.432265423483418,9.324812783676769e-06,21.061654584063664,54.455709038224725,2266,2266,0,5,full,fixed504,union,raw,size_tercile_1,1010848
ld2_enet_characteristics_full_raw_fixed504_retain,enet,characteristics,504,rank_ic,0.08642847043805284,0.002546860097433253,33.935303523407576,2.0095626638437927e-252,0.0814367163734215,0.09142022450268418,2266,2266,0,5,full,fixed504,retain,raw,size_tercile_1,1010848
ld2_enet_characteristics_full_raw_fixed504_retain,enet,characteristics,504,ew_spread_bp,43.837140390898156,7.938113432622799,5.522362556667839,3.344714189970192e-08,28.278723957763848,59.39555682403247,2266,2266,0,5,full,fixed504,retain,raw,size_tercile_1,1010848
ld2_enet_characteristics_full_raw_fixed504_retain,enet,characteristics,504,cap_spread_bp,43.057805121946465,8.462619675230334,5.0879995526650585,3.618602241801476e-07,26.47137534363496,59.64423490025797,2266,2266,0,5,full,fixed504,retain,raw,size_tercile_1,1010848
ld2_enet_characteristics_full_raw_fixed504_recent,enet,characteristics,504,rank_ic,0.08631784661464825,0.002539597406068246,33.98879145505343,3.26209726999613e-253,0.08134032716352314,0.09129536606577336,2266,2266,0,5,full,fixed504,recent,raw,size_tercile_1,1010848
ld2_enet_characteristics_full_raw_fixed504_recent,enet,characteristics,504,ew_spread_bp,38.22626909044299,7.808405722997041,4.895528030499277,9.804211510825395e-07,22.922075096692346,53.530463084193634,2266,2266,0,5,full,fixed504,recent,raw,size_tercile_1,1010848
ld2_enet_characteristics_full_raw_fixed504_recent,enet,characteristics,504,cap_spread_bp,34.36694880354289,8.46431601714583,4.060215702476977,4.902740147624393e-05,17.777194256171548,50.95670335091423,2266,2266,0,5,full,fixed504,recent,raw,size_tercile_1,1010848
ld2_enet_characteristics_full_raw_fixed504_union,enet,characteristics,504,rank_ic,0.0870436347589025,0.0025524808454004664,34.10158196319235,6.988453760738325e-255,0.08204086423068924,0.09204640528711577,2266,2266,0,5,full,fixed504,union,raw,size_tercile_1,1010848
ld2_enet_characteristics_full_raw_fixed504_union,enet,characteristics,504,ew_spread_bp,40.153890140803576,7.831377360119098,5.127308810999873,2.9391320414720246e-07,24.80467256562778,55.50310771597937,2266,2266,0,5,full,fixed504,union,raw,size_tercile_1,1010848
ld2_enet_characteristics_full_raw_fixed504_union,enet,characteristics,504,cap_spread_bp,37.13457685521367,8.394020185257622,4.423932279842853,9.692041220332182e-06,20.6825996066065,53.586554103820845,2266,2266,0,5,full,fixed504,union,raw,size_tercile_1,1010848
ld2_ols_characteristics_core_full_raw_fixed504_retain,ols,characteristics_core,504,rank_ic,0.08905050724849528,0.0023917593308554063,37.232219019564404,2.0555237766386335e-303,0.08436274510033107,0.0937382693966595,2266,2266,0,5,full,fixed504,retain,raw,size_tercile_1,1010848
ld2_ols_characteristics_core_full_raw_fixed504_retain,ols,characteristics_core,504,ew_spread_bp,67.94921285821316,7.525132960563483,9.029636182418379,1.7224348091629622e-19,53.20022327663346,82.69820243979285,2266,2266,0,5,full,fixed504,retain,raw,size_tercile_1,1010848
ld2_ols_characteristics_core_full_raw_fixed504_retain,ols,characteristics_core,504,cap_spread_bp,60.67681285223817,8.364161115082059,7.25438116475628,4.035023526482459e-13,44.28335830578696,77.07026739868938,2266,2266,0,5,full,fixed504,retain,raw,size_tercile_1,1010848
ld2_ols_characteristics_core_full_raw_fixed504_recent,ols,characteristics_core,504,rank_ic,0.08996561812980938,0.0023906575930653434,37.632163799105115,6.405438444046e-310,0.0852800153480341,0.09465122091158466,2266,2266,0,5,full,fixed504,recent,raw,size_tercile_1,1010848
ld2_ols_characteristics_core_full_raw_fixed504_recent,ols,characteristics_core,504,ew_spread_bp,66.71673816860618,7.542792482156797,8.845097929769521,9.14480757009483e-19,51.93313656071938,81.50033977649298,2266,2266,0,5,full,fixed504,recent,raw,size_tercile_1,1010848
ld2_ols_characteristics_core_full_raw_fixed504_recent,ols,characteristics_core,504,cap_spread_bp,57.81129518574577,8.349430913616654,6.923980302832894,4.3912699601173286e-12,41.44671130365177,74.17587906783977,2266,2266,0,5,full,fixed504,recent,raw,size_tercile_1,1010848
ld2_ols_characteristics_core_full_raw_fixed504_union,ols,characteristics_core,504,rank_ic,0.0909216994233173,0.0024105434774262563,37.71834039699406,0.0,0.0861971210243939,0.09564627782224071,2266,2266,0,5,full,fixed504,union,raw,size_tercile_1,1010848
ld2_ols_characteristics_core_full_raw_fixed504_union,ols,characteristics_core,504,ew_spread_bp,68.5763939449623,7.581895036722752,9.044756437910833,1.4999919076579797e-19,53.71615273842272,83.43663515150189,2266,2266,0,5,full,fixed504,union,raw,size_tercile_1,1010848
ld2_ols_characteristics_core_full_raw_fixed504_union,ols,characteristics_core,504,cap_spread_bp,59.28480581550018,8.488948981920087,6.983762765186362,2.8737718161749466e-12,42.64677154433885,75.92284008666151,2266,2266,0,5,full,fixed504,union,raw,size_tercile_1,1010848
ld2_ridge_characteristics_core_full_raw_fixed504_retain,ridge,characteristics_core,504,rank_ic,0.09137503521251665,0.002563831127860936,35.64003659193925,3.3618956837699566e-278,0.08635001853946651,0.09640005188556679,2266,2266,0,5,full,fixed504,retain,raw,size_tercile_1,1010848
ld2_ridge_characteristics_core_full_raw_fixed504_retain,ridge,characteristics_core,504,ew_spread_bp,55.66077118932436,7.764214134438794,7.168886667156247,7.561011525140277e-13,40.443191117567494,70.87835126108122,2266,2266,0,5,full,fixed504,retain,raw,size_tercile_1,1010848
ld2_ridge_characteristics_core_full_raw_fixed504_retain,ridge,characteristics_core,504,cap_spread_bp,49.16747369069155,8.242704522085184,5.964968604534364,2.4468108349498946e-09,33.01206969219915,65.32287768918395,2266,2266,0,5,full,fixed504,retain,raw,size_tercile_1,1010848
ld2_ridge_characteristics_core_full_raw_fixed504_recent,ridge,characteristics_core,504,rank_ic,0.09140990485188083,0.0025651363925162747,35.63549490723655,3.9530512234095805e-278,0.08638232990711593,0.09643747979664573,2266,2266,0,5,full,fixed504,recent,raw,size_tercile_1,1010848
ld2_ridge_characteristics_core_full_raw_fixed504_recent,ridge,characteristics_core,504,ew_spread_bp,52.968516061672595,7.627727906788597,6.944206283830756,3.805940299727546e-12,38.018444080495854,67.91858804284934,2266,2266,0,5,full,fixed504,recent,raw,size_tercile_1,1010848
ld2_ridge_characteristics_core_full_raw_fixed504_recent,ridge,characteristics_core,504,cap_spread_bp,47.31752394816883,8.147452913003605,5.807646199789445,6.335722117970459e-09,31.348809672945812,63.28623822339184,2266,2266,0,5,full,fixed504,recent,raw,size_tercile_1,1010848
ld2_ridge_characteristics_core_full_raw_fixed504_union,ridge,characteristics_core,504,rank_ic,0.09220051179705414,0.0025797966473282046,35.73944942231886,9.649206712054192e-280,0.08714420328085368,0.09725682031325461,2266,2266,0,5,full,fixed504,union,raw,size_tercile_1,1010848
ld2_ridge_characteristics_core_full_raw_fixed504_union,ridge,characteristics_core,504,ew_spread_bp,54.70549176706254,7.710994860613079,7.094479085505844,1.298396081086819e-12,39.59221955528745,69.81876397883762,2266,2266,0,5,full,fixed504,union,raw,size_tercile_1,1010848
ld2_ridge_characteristics_core_full_raw_fixed504_union,ridge,characteristics_core,504,cap_spread_bp,45.62954359735136,8.2896181337007,5.504420452354559,3.7038465017125534e-08,29.38219060970785,61.87689658499487,2266,2266,0,5,full,fixed504,union,raw,size_tercile_1,1010848
ld2_lasso_characteristics_core_full_raw_fixed504_retain,lasso,characteristics_core,504,rank_ic,0.08986456242275032,0.0025409066545526177,35.36712466856557,5.469514657944421e-274,0.08488447689174902,0.09484464795375161,2266,2266,0,5,full,fixed504,retain,raw,size_tercile_1,1010848
ld2_lasso_characteristics_core_full_raw_fixed504_retain,lasso,characteristics_core,504,ew_spread_bp,56.19863260229983,7.631393007237935,7.364138178835591,1.7829494078813915e-13,41.24137715624266,71.155888048357,2266,2266,0,5,full,fixed504,retain,raw,size_tercile_1,1010848
ld2_lasso_characteristics_core_full_raw_fixed504_retain,lasso,characteristics_core,504,cap_spread_bp,48.92125268075968,8.188758051192096,5.974196865376657,2.312264454823762e-09,32.87158182231077,64.97092353920858,2266,2266,0,5,full,fixed504,retain,raw,size_tercile_1,1010848
ld2_lasso_characteristics_core_full_raw_fixed504_recent,lasso,characteristics_core,504,rank_ic,0.0899118754786074,0.0025275581992477408,35.57262321610131,3.714162207463309e-277,0.08495795243925292,0.0948657985179619,2266,2266,0,5,full,fixed504,recent,raw,size_tercile_1,1010848
ld2_lasso_characteristics_core_full_raw_fixed504_recent,lasso,characteristics_core,504,ew_spread_bp,52.339223192989415,7.554962213278918,6.92779417228531,4.274530397495681e-12,37.531769350401724,67.14667703557711,2266,2266,0,5,full,fixed504,recent,raw,size_tercile_1,1010848
ld2_lasso_characteristics_core_full_raw_fixed504_recent,lasso,characteristics_core,504,cap_spread_bp,44.823820080374375,8.150945514033488,5.499217238441991,3.8148091452934707e-08,28.84826043292042,60.79937972782833,2266,2266,0,5,full,fixed504,recent,raw,size_tercile_1,1010848
ld2_lasso_characteristics_core_full_raw_fixed504_union,lasso,characteristics_core,504,rank_ic,0.09084277820963282,0.0025457595360159624,35.68395872604648,7.011203446268247e-279,0.08585318120574215,0.0958323752135235,2266,2266,0,5,full,fixed504,union,raw,size_tercile_1,1010848
ld2_lasso_characteristics_core_full_raw_fixed504_union,lasso,characteristics_core,504,ew_spread_bp,54.95751098890312,7.562805684307585,7.266815158683371,3.6806188854643177e-13,40.13468422558545,69.78033775222079,2266,2266,0,5,full,fixed504,union,raw,size_tercile_1,1010848
ld2_lasso_characteristics_core_full_raw_fixed504_union,lasso,characteristics_core,504,cap_spread_bp,47.78481482460394,8.19684819768995,5.829657164819856,5.554136507163001e-09,31.719287570389586,63.8503420788183,2266,2266,0,5,full,fixed504,union,raw,size_tercile_1,1010848
ld2_enet_characteristics_core_full_raw_fixed504_retain,enet,characteristics_core,504,rank_ic,0.0899985144326666,0.002542002192231759,35.40457781968005,1.4518251842770994e-274,0.08501628168727049,0.09498074717806271,2266,2266,0,5,full,fixed504,retain,raw,size_tercile_1,1010848
ld2_enet_characteristics_core_full_raw_fixed504_retain,enet,characteristics_core,504,ew_spread_bp,56.301993034875366,7.667076513326274,7.343345659459108,2.0831959503147297e-13,41.27479920204294,71.32918686770779,2266,2266,0,5,full,fixed504,retain,raw,size_tercile_1,1010848
ld2_enet_characteristics_core_full_raw_fixed504_retain,enet,characteristics_core,504,cap_spread_bp,48.8921657876511,8.143710041771861,6.00367222517336,1.9290393863792007e-09,32.93078740524108,64.85354417006113,2266,2266,0,5,full,fixed504,retain,raw,size_tercile_1,1010848
ld2_enet_characteristics_core_full_raw_fixed504_recent,enet,characteristics_core,504,rank_ic,0.0898763124913829,0.00253228539882203,35.49217340714898,6.4909133542121885e-276,0.08491312431111508,0.09483950067165073,2266,2266,0,5,full,fixed504,recent,raw,size_tercile_1,1010848
ld2_enet_characteristics_core_full_raw_fixed504_recent,enet,characteristics_core,504,ew_spread_bp,52.235449236553485,7.573282022124507,6.8973331620232,5.298781536421884e-12,37.39208922842478,67.07880924468219,2266,2266,0,5,full,fixed504,recent,raw,size_tercile_1,1010848
ld2_enet_characteristics_core_full_raw_fixed504_recent,enet,characteristics_core,504,cap_spread_bp,44.848143962216504,7.996449442801156,5.608507160961453,2.0407925641022444e-08,29.175391050130855,60.52089687430215,2266,2266,0,5,full,fixed504,recent,raw,size_tercile_1,1010848
ld2_enet_characteristics_core_full_raw_fixed504_union,enet,characteristics_core,504,rank_ic,0.09079302767821969,0.0025486409395544846,35.62409528510939,5.935631274772999e-278,0.08579778322716858,0.0957882721292708,2266,2266,0,5,full,fixed504,union,raw,size_tercile_1,1010848
ld2_enet_characteristics_core_full_raw_fixed504_union,enet,characteristics_core,504,ew_spread_bp,53.22767102617347,7.582085685922506,7.020188537963918,2.21569054574869e-12,38.367056154068685,68.08828589827826,2266,2266,0,5,full,fixed504,union,raw,size_tercile_1,1010848
ld2_enet_characteristics_core_full_raw_fixed504_union,enet,characteristics_core,504,cap_spread_bp,45.83782424585199,8.107198013500328,5.653966286443429,1.567869769546763e-08,29.948008123856674,61.72764036784731,2266,2266,0,5,full,fixed504,union,raw,size_tercile_1,1010848
ld2_group_ridge_characteristics_core_full_raw_fixed504_retain,group_ridge,characteristics_core,504,rank_ic,0.09119112329672939,0.002577945693955017,35.3735625659462,4.3548820138262224e-274,0.08613844258247744,0.09624380401098134,2266,2266,0,5,full,fixed504,retain,raw,size_tercile_1,1010848
ld2_group_ridge_characteristics_core_full_raw_fixed504_retain,group_ridge,characteristics_core,504,ew_spread_bp,53.64380821688217,7.917365079993646,6.775462249736907,1.2400912070272958e-11,38.12605780763954,69.1615586261248,2266,2266,0,5,full,fixed504,retain,raw,size_tercile_1,1010848
ld2_group_ridge_characteristics_core_full_raw_fixed504_retain,group_ridge,characteristics_core,504,cap_spread_bp,46.63542105588744,8.403557246216991,5.549485734375308,2.865111278184113e-08,30.164751511281544,63.10609060049334,2266,2266,0,5,full,fixed504,retain,raw,size_tercile_1,1010848
ld2_group_ridge_characteristics_core_full_raw_fixed504_recent,group_ridge,characteristics_core,504,rank_ic,0.09124650836670674,0.002577526380532151,35.40080483982017,1.6594754490549624e-274,0.08619464949166183,0.09629836724175164,2266,2266,0,5,full,fixed504,recent,raw,size_tercile_1,1010848
ld2_group_ridge_characteristics_core_full_raw_fixed504_recent,group_ridge,characteristics_core,504,ew_spread_bp,51.04113164447272,7.84998915264854,6.502063971292463,7.922539382584655e-11,35.65543562625149,66.42682766269395,2266,2266,0,5,full,fixed504,recent,raw,size_tercile_1,1010848
ld2_group_ridge_characteristics_core_full_raw_fixed504_recent,group_ridge,characteristics_core,504,cap_spread_bp,45.234812242441016,8.36967664120572,5.404606913932648,6.495067305806538e-08,28.83054746343164,61.63907702145039,2266,2266,0,5,full,fixed504,recent,raw,size_tercile_1,1010848
ld2_group_ridge_characteristics_core_full_raw_fixed504_union,group_ridge,characteristics_core,504,rank_ic,0.09201877118898037,0.00259394635833273,35.47443103184517,1.2188105871699825e-275,0.0869347297488194,0.09710281262914135,2266,2266,0,5,full,fixed504,union,raw,size_tercile_1,1010848
ld2_group_ridge_characteristics_core_full_raw_fixed504_union,group_ridge,characteristics_core,504,ew_spread_bp,52.521134838217264,7.858571586461957,6.683292791872758,2.3363212247985016e-11,37.11861755882204,67.92365211761249,2266,2266,0,5,full,fixed504,union,raw,size_tercile_1,1010848
ld2_group_ridge_characteristics_core_full_raw_fixed504_union,group_ridge,characteristics_core,504,cap_spread_bp,44.15825650330413,8.340808348916035,5.294241835570158,1.195111913526258e-07,27.81057253747771,60.50594046913055,2266,2266,0,5,full,fixed504,union,raw,size_tercile_1,1010848
ld2_ols_characteristics_textcore_full_raw_fixed504_retain,ols,characteristics_textcore,504,rank_ic,0.08099289985167389,0.002240404405217391,36.15101794259103,3.5859637998423947e-286,0.07660178790664292,0.08538401179670486,2266,2266,0,5,full,fixed504,retain,raw,size_tercile_1,1010848
ld2_ols_characteristics_textcore_full_raw_fixed504_retain,ols,characteristics_textcore,504,ew_spread_bp,65.36511490188381,6.981876800539344,9.362112333009717,7.815823446155563e-21,51.68088782833096,79.04934197543668,2266,2266,0,5,full,fixed504,retain,raw,size_tercile_1,1010848
ld2_ols_characteristics_textcore_full_raw_fixed504_retain,ols,characteristics_textcore,504,cap_spread_bp,57.408515448603175,7.691033884694842,7.464343066131346,8.371622378774096e-14,42.334366030724105,72.48266486648225,2266,2266,0,5,full,fixed504,retain,raw,size_tercile_1,1010848
ld2_ols_characteristics_textcore_full_raw_fixed504_recent,ols,characteristics_textcore,504,rank_ic,0.08429925197513674,0.0022322548792859803,37.76416965525957,0.0,0.07992411280742241,0.08867439114285107,2266,2266,0,5,full,fixed504,recent,raw,size_tercile_1,1010848
ld2_ols_characteristics_textcore_full_raw_fixed504_recent,ols,characteristics_textcore,504,ew_spread_bp,68.0176387251196,7.241735187502795,9.392450423000689,5.862030000747788e-21,53.824098572037705,82.2111788782015,2266,2266,0,5,full,fixed504,recent,raw,size_tercile_1,1010848
ld2_ols_characteristics_textcore_full_raw_fixed504_recent,ols,characteristics_textcore,504,cap_spread_bp,58.044420247588924,8.06604159715138,7.196146901608841,6.19378976725959e-13,42.23526921937029,73.85357127580757,2266,2266,0,5,full,fixed504,recent,raw,size_tercile_1,1010848
ld2_ols_characteristics_textcore_full_raw_fixed504_union,ols,characteristics_textcore,504,rank_ic,0.0850806379719042,0.002278529299861846,37.34015532609692,3.6629795218513833e-305,0.08061480260645572,0.08954647333735268,2266,2266,0,5,full,fixed504,union,raw,size_tercile_1,1010848
ld2_ols_characteristics_textcore_full_raw_fixed504_union,ols,characteristics_textcore,504,ew_spread_bp,66.70627105884033,7.297995990886078,9.14035457708456,6.224789598980818e-20,52.40246175738591,81.01008036029475,2266,2266,0,5,full,fixed504,union,raw,size_tercile_1,1010848
ld2_ols_characteristics_textcore_full_raw_fixed504_union,ols,characteristics_textcore,504,cap_spread_bp,58.78404066448841,8.171284962427881,7.193977561030044,6.293054246514783e-13,42.76861643071604,74.79946489826078,2266,2266,0,5,full,fixed504,union,raw,size_tercile_1,1010848
ld2_ridge_characteristics_textcore_full_raw_fixed504_retain,ridge,characteristics_textcore,504,rank_ic,0.08609130039661023,0.002365763425451606,36.39049427783594,6.018195206999274e-290,0.08145448928678296,0.09072811150643749,2266,2266,0,5,full,fixed504,retain,raw,size_tercile_1,1010848
ld2_ridge_characteristics_textcore_full_raw_fixed504_retain,ridge,characteristics_textcore,504,ew_spread_bp,52.013579069101986,7.592899386165622,6.850292151094681,7.369932032055629e-12,37.13176973398108,66.89538840422289,2266,2266,0,5,full,fixed504,retain,raw,size_tercile_1,1010848
ld2_ridge_characteristics_textcore_full_raw_fixed504_retain,ridge,characteristics_textcore,504,cap_spread_bp,42.09642309576177,8.402075243106143,5.010241146114665,5.436187373642218e-07,25.628658223878112,58.56418796764543,2266,2266,0,5,full,fixed504,retain,raw,size_tercile_1,1010848
ld2_ridge_characteristics_textcore_full_raw_fixed504_recent,ridge,characteristics_textcore,504,rank_ic,0.08744334917020297,0.002397558929288699,36.471824780609424,3.102408960792341e-291,0.0827442200179847,0.09214247832242123,2266,2266,0,5,full,fixed504,recent,raw,size_tercile_1,1010848
ld2_ridge_characteristics_textcore_full_raw_fixed504_recent,ridge,characteristics_textcore,504,ew_spread_bp,51.349712256963464,7.51520318910899,6.832777632862849,8.328600662253078e-12,36.620184669809284,66.07923984411764,2266,2266,0,5,full,fixed504,recent,raw,size_tercile_1,1010848
ld2_ridge_characteristics_textcore_full_raw_fixed504_recent,ridge,characteristics_textcore,504,cap_spread_bp,43.3070484494076,8.496364768518697,5.097126786490123,3.4484737986474773e-07,26.65447950359596,59.95961739521924,2266,2266,0,5,full,fixed504,recent,raw,size_tercile_1,1010848
ld2_ridge_characteristics_textcore_full_raw_fixed504_union,ridge,characteristics_textcore,504,rank_ic,0.08834992702145304,0.0024195871700772036,36.514463340716915,6.53767906268882e-292,0.08360762331064653,0.09309223073225956,2266,2266,0,5,full,fixed504,union,raw,size_tercile_1,1010848
ld2_ridge_characteristics_textcore_full_raw_fixed504_union,ridge,characteristics_textcore,504,ew_spread_bp,50.85324931986911,7.616688094180471,6.676556620287959,2.4462158388223834e-11,35.92481497380036,65.78168366593785,2266,2266,0,5,full,fixed504,union,raw,size_tercile_1,1010848
ld2_ridge_characteristics_textcore_full_raw_fixed504_union,ridge,characteristics_textcore,504,cap_spread_bp,43.782979981033506,8.515595301053349,5.141505488831498,2.7254568932475086e-07,27.092719884050425,60.47324007801659,2266,2266,0,5,full,fixed504,union,raw,size_tercile_1,1010848
ld2_lasso_characteristics_textcore_full_raw_fixed504_retain,lasso,characteristics_textcore,504,rank_ic,0.0895611649656409,0.002482553182734047,36.07623215830035,5.351065201686277e-285,0.08469545013777688,0.09442687979350492,2266,2266,0,5,full,fixed504,retain,raw,size_tercile_1,1010848
ld2_lasso_characteristics_textcore_full_raw_fixed504_retain,lasso,characteristics_textcore,504,ew_spread_bp,56.883498677592776,7.54865473651049,7.535580929733748,4.861655587420996e-14,42.08840726230453,71.67859009288102,2266,2266,0,5,full,fixed504,retain,raw,size_tercile_1,1010848
ld2_lasso_characteristics_textcore_full_raw_fixed504_retain,lasso,characteristics_textcore,504,cap_spread_bp,47.51112631466962,8.138390467430407,5.837902040312235,5.286222067481099e-09,31.560174106381925,63.46207852295731,2266,2266,0,5,full,fixed504,retain,raw,size_tercile_1,1010848
ld2_lasso_characteristics_textcore_full_raw_fixed504_recent,lasso,characteristics_textcore,504,rank_ic,0.09033019344446451,0.0024852150582920043,36.34703288275787,2.9271602180461745e-289,0.08545926143637557,0.09520112545255345,2266,2266,0,5,full,fixed504,recent,raw,size_tercile_1,1010848
ld2_lasso_characteristics_textcore_full_raw_fixed504_recent,lasso,characteristics_textcore,504,ew_spread_bp,52.98673526686072,7.51024888200146,7.0552569028497905,1.72282126792749e-12,38.266917943205655,67.70655259051578,2266,2266,0,5,full,fixed504,recent,raw,size_tercile_1,1010848
ld2_lasso_characteristics_textcore_full_raw_fixed504_recent,lasso,characteristics_textcore,504,cap_spread_bp,45.562287826714545,8.097431863748715,5.6267577910339375,1.8362827975211493e-08,29.691613006500017,61.43296264692907,2266,2266,0,5,full,fixed504,recent,raw,size_tercile_1,1010848
ld2_lasso_characteristics_textcore_full_raw_fixed504_union,lasso,characteristics_textcore,504,rank_ic,0.09094771300698179,0.002502460500250975,36.34331610743128,3.3508756541587865e-289,0.0860429805537558,0.09585244546020778,2266,2266,0,5,full,fixed504,union,raw,size_tercile_1,1010848
ld2_lasso_characteristics_textcore_full_raw_fixed504_union,lasso,characteristics_textcore,504,ew_spread_bp,54.80480561940905,7.618393266475485,7.193748563831166,6.303623366908649e-13,39.87302919705464,69.73658204176346,2266,2266,0,5,full,fixed504,union,raw,size_tercile_1,1010848
ld2_lasso_characteristics_textcore_full_raw_fixed504_union,lasso,characteristics_textcore,504,cap_spread_bp,47.360987817608844,8.222504828050496,5.759922165814992,8.415273178202356e-09,31.245174491923162,63.47680114329452,2266,2266,0,5,full,fixed504,union,raw,size_tercile_1,1010848
ld2_enet_characteristics_textcore_full_raw_fixed504_retain,enet,characteristics_textcore,504,rank_ic,0.08936738167607976,0.0024837722636069167,35.980505534070616,1.6881824670232743e-283,0.08449927749361068,0.09423548585854884,2266,2266,0,5,full,fixed504,retain,raw,size_tercile_1,1010848
ld2_enet_characteristics_textcore_full_raw_fixed504_retain,enet,characteristics_textcore,504,ew_spread_bp,55.42128500356348,7.675983446232605,7.22008917707664,5.195349302787396e-13,40.37663390302193,70.46593610410504,2266,2266,0,5,full,fixed504,retain,raw,size_tercile_1,1010848
ld2_enet_characteristics_textcore_full_raw_fixed504_retain,enet,characteristics_textcore,504,cap_spread_bp,46.05587772778075,8.190852395654106,5.622843081901589,1.8784001576784447e-08,30.002102029615077,62.10965342594642,2266,2266,0,5,full,fixed504,retain,raw,size_tercile_1,1010848
ld2_enet_characteristics_textcore_full_raw_fixed504_recent,enet,characteristics_textcore,504,rank_ic,0.0899160039624911,0.002488018771088292,36.139600314655446,5.419677821325132e-286,0.08503957677829843,0.09479243114668376,2266,2266,0,5,full,fixed504,recent,raw,size_tercile_1,1010848
ld2_enet_characteristics_textcore_full_raw_fixed504_recent,enet,characteristics_textcore,504,ew_spread_bp,50.12452400529686,7.599929057980395,6.595393670505781,4.241289200291286e-11,35.228936766595865,65.02011124399786,2266,2266,0,5,full,fixed504,recent,raw,size_tercile_1,1010848
ld2_enet_characteristics_textcore_full_raw_fixed504_recent,enet,characteristics_textcore,504,cap_spread_bp,43.16169535575279,8.154068342030818,5.293271229193931,1.2014751808421474e-07,27.180015077894154,59.14337563361143,2266,2266,0,5,full,fixed504,recent,raw,size_tercile_1,1010848
ld2_enet_characteristics_textcore_full_raw_fixed504_union,enet,characteristics_textcore,504,rank_ic,0.09064747553199112,0.0025048380371265385,36.188956806156895,9.082203595298654e-287,0.0857380831921171,0.09555686787186514,2266,2266,0,5,full,fixed504,union,raw,size_tercile_1,1010848
ld2_enet_characteristics_textcore_full_raw_fixed504_union,enet,characteristics_textcore,504,ew_spread_bp,51.62066979469932,7.702287399231934,6.7019921640221956,2.0559706496154754e-11,36.524463893628045,66.71687569577058,2266,2266,0,5,full,fixed504,union,raw,size_tercile_1,1010848
ld2_enet_characteristics_textcore_full_raw_fixed504_union,enet,characteristics_textcore,504,cap_spread_bp,44.99139860518678,8.304695199454041,5.417585778240791,6.040916982693428e-08,28.71449511167418,61.26830209869938,2266,2266,0,5,full,fixed504,union,raw,size_tercile_1,1010848
ld2_group_ridge_characteristics_textcore_full_raw_fixed504_retain,group_ridge,characteristics_textcore,504,rank_ic,0.09115592221178372,0.002544827931806492,35.8200729693638,5.379092697454595e-281,0.08616815111859144,0.09614369330497599,2266,2266,0,5,full,fixed504,retain,raw,size_tercile_1,1010848
ld2_group_ridge_characteristics_textcore_full_raw_fixed504_retain,group_ridge,characteristics_textcore,504,ew_spread_bp,53.651953102762505,7.861744600653857,6.82443348494179,8.827296137238453e-12,38.24321682982871,69.0606893756963,2266,2266,0,5,full,fixed504,retain,raw,size_tercile_1,1010848
ld2_group_ridge_characteristics_textcore_full_raw_fixed504_retain,group_ridge,characteristics_textcore,504,cap_spread_bp,46.631313506625865,8.329959895995188,5.598023770684046,2.1680903058291427e-08,30.304892117812283,62.957734895439444,2266,2266,0,5,full,fixed504,retain,raw,size_tercile_1,1010848
ld2_group_ridge_characteristics_textcore_full_raw_fixed504_recent,group_ridge,characteristics_textcore,504,rank_ic,0.09131333948178245,0.0025492498731132934,35.81968972318325,5.4535034211377586e-281,0.0863169015428871,0.09630977742067781,2266,2266,0,5,full,fixed504,recent,raw,size_tercile_1,1010848
ld2_group_ridge_characteristics_textcore_full_raw_fixed504_recent,group_ridge,characteristics_textcore,504,ew_spread_bp,51.46232468814265,7.830550762422355,6.571992986125915,4.9646202228873013e-11,36.114727214682176,66.80992216160313,2266,2266,0,5,full,fixed504,recent,raw,size_tercile_1,1010848
ld2_group_ridge_characteristics_textcore_full_raw_fixed504_recent,group_ridge,characteristics_textcore,504,cap_spread_bp,45.79557525774466,8.500555720112407,5.38736251671074,7.149912921020111e-08,29.134792197748396,62.45635831774092,2266,2266,0,5,full,fixed504,recent,raw,size_tercile_1,1010848
ld2_group_ridge_characteristics_textcore_full_raw_fixed504_union,group_ridge,characteristics_textcore,504,rank_ic,0.09196183764926982,0.0025676087383353224,35.81614140668962,6.193190882953744e-281,0.08692941699574226,0.09699425830279738,2266,2266,0,5,full,fixed504,union,raw,size_tercile_1,1010848
ld2_group_ridge_characteristics_textcore_full_raw_fixed504_union,group_ridge,characteristics_textcore,504,ew_spread_bp,53.61240138829801,7.791954262917361,6.880482043310296,5.965036501477252e-12,38.34045166379664,68.88435111279938,2266,2266,0,5,full,fixed504,union,raw,size_tercile_1,1010848
ld2_group_ridge_characteristics_textcore_full_raw_fixed504_union,group_ridge,characteristics_textcore,504,cap_spread_bp,46.57690106262082,8.352378603742642,5.576483451282972,2.454292501001532e-08,30.206539814042298,62.94726231119934,2266,2266,0,5,full,fixed504,union,raw,size_tercile_1,1010848
ld2_ols_characteristics_textcore_pca_raw_fixed504_retain,ols,characteristics_textcore,504,rank_ic,0.08882514420007324,0.0023139027233454353,38.387587906742276,0.0,0.08428997819858704,0.09336031020155945,2266,2266,0,5,pca,fixed504,retain,raw,size_tercile_1,1010848
ld2_ols_characteristics_textcore_pca_raw_fixed504_retain,ols,characteristics_textcore,504,ew_spread_bp,68.96129734881151,7.647192242635041,9.017858471549172,1.918019042642495e-19,53.97307597039274,83.94951872723028,2266,2266,0,5,pca,fixed504,retain,raw,size_tercile_1,1010848
ld2_ols_characteristics_textcore_pca_raw_fixed504_retain,ols,characteristics_textcore,504,cap_spread_bp,58.78566465361707,8.31967725443405,7.065858789448437,1.5962567810270662e-12,42.479396871929254,75.09193243530488,2266,2266,0,5,pca,fixed504,retain,raw,size_tercile_1,1010848
ld2_ols_characteristics_textcore_pca_raw_fixed504_recent,ols,characteristics_textcore,504,rank_ic,0.08986917840874535,0.002336492071492775,38.463292687883296,0.0,0.08528973809845612,0.09444861871903458,2266,2266,0,5,pca,fixed504,recent,raw,size_tercile_1,1010848
ld2_ols_characteristics_textcore_pca_raw_fixed504_recent,ols,characteristics_textcore,504,ew_spread_bp,69.13175738686003,7.6988337104262925,8.979510402106364,2.7197428044609967e-19,54.042320591461625,84.22119418225843,2266,2266,0,5,pca,fixed504,recent,raw,size_tercile_1,1010848
ld2_ols_characteristics_textcore_pca_raw_fixed504_recent,ols,characteristics_textcore,504,cap_spread_bp,58.6049563470785,8.371245000479826,7.000745569353108,2.5460394363561906e-12,42.197617640377054,75.01229505377995,2266,2266,0,5,pca,fixed504,recent,raw,size_tercile_1,1010848
ld2_ols_characteristics_textcore_pca_raw_fixed504_union,ols,characteristics_textcore,504,rank_ic,0.09089283401066481,0.0023459169125587776,38.74512073470013,0.0,0.0862949213513262,0.09549074667000342,2266,2266,0,5,pca,fixed504,union,raw,size_tercile_1,1010848
ld2_ols_characteristics_textcore_pca_raw_fixed504_union,ols,characteristics_textcore,504,ew_spread_bp,72.13538933198653,7.543923675274482,9.562051849545245,1.154448278550364e-21,57.34957062632951,86.92120803764355,2266,2266,0,5,pca,fixed504,union,raw,size_tercile_1,1010848
ld2_ols_characteristics_textcore_pca_raw_fixed504_union,ols,characteristics_textcore,504,cap_spread_bp,63.17567057533823,8.25963305482973,7.6487260579205705,2.029801338648635e-14,46.987087262355416,79.36425388832104,2266,2266,0,5,pca,fixed504,union,raw,size_tercile_1,1010848
ld2_ridge_characteristics_textcore_pca_raw_fixed504_retain,ridge,characteristics_textcore,504,rank_ic,0.0913984338616528,0.002491557016187027,36.68326001285938,1.3503733748649015e-294,0.08651507184449815,0.09628179587880746,2266,2266,0,5,pca,fixed504,retain,raw,size_tercile_1,1010848
ld2_ridge_characteristics_textcore_pca_raw_fixed504_retain,ridge,characteristics_textcore,504,ew_spread_bp,59.02707618404181,7.764016403044373,7.602647021829645,2.901340634348772e-14,43.80988365869662,74.244268709387,2266,2266,0,5,pca,fixed504,retain,raw,size_tercile_1,1010848
ld2_ridge_characteristics_textcore_pca_raw_fixed504_retain,ridge,characteristics_textcore,504,cap_spread_bp,49.521332446939866,8.167013287519893,6.063579267418848,1.3312512380946954e-09,33.51428054214081,65.52838435173892,2266,2266,0,5,pca,fixed504,retain,raw,size_tercile_1,1010848
ld2_ridge_characteristics_textcore_pca_raw_fixed504_recent,ridge,characteristics_textcore,504,rank_ic,0.09161068456220572,0.0025055151569325245,36.56361220115855,1.083706438136685e-292,0.08669996509189876,0.09652140403251269,2266,2266,0,5,pca,fixed504,recent,raw,size_tercile_1,1010848
ld2_ridge_characteristics_textcore_pca_raw_fixed504_recent,ridge,characteristics_textcore,504,ew_spread_bp,55.97241756082869,7.648136017182813,7.318439085690594,2.508718512244474e-13,40.98234641828676,70.96248870337061,2266,2266,0,5,pca,fixed504,recent,raw,size_tercile_1,1010848
ld2_ridge_characteristics_textcore_pca_raw_fixed504_recent,ridge,characteristics_textcore,504,cap_spread_bp,47.20795872397683,8.28636345595692,5.6970659053145765,1.2188682020702314e-08,30.966984787492414,63.448932660461246,2266,2266,0,5,pca,fixed504,recent,raw,size_tercile_1,1010848
ld2_ridge_characteristics_textcore_pca_raw_fixed504_union,ridge,characteristics_textcore,504,rank_ic,0.0923490436127135,0.002520721580643694,36.63595548268808,7.658645250833774e-294,0.08740852009959899,0.09728956712582801,2266,2266,0,5,pca,fixed504,union,raw,size_tercile_1,1010848
ld2_ridge_characteristics_textcore_pca_raw_fixed504_union,ridge,characteristics_textcore,504,ew_spread_bp,58.99184887457935,7.659704387924447,7.701582970692736,1.3439086848249582e-14,43.97910414202401,74.00459360713468,2266,2266,0,5,pca,fixed504,union,raw,size_tercile_1,1010848
ld2_ridge_characteristics_textcore_pca_raw_fixed504_union,ridge,characteristics_textcore,504,cap_spread_bp,49.29893049548537,8.291685636021121,5.94558605566505,2.7546948067019232e-09,33.04752527775588,65.55033571321486,2266,2266,0,5,pca,fixed504,union,raw,size_tercile_1,1010848
ld2_lasso_characteristics_textcore_pca_raw_fixed504_retain,lasso,characteristics_textcore,504,rank_ic,0.09023860397023792,0.0024718351571460765,36.50672404644706,8.67426073862867e-292,0.0853938960865117,0.09508331185396414,2266,2266,0,5,pca,fixed504,retain,raw,size_tercile_1,1010848
ld2_lasso_characteristics_textcore_pca_raw_fixed504_retain,lasso,characteristics_textcore,504,ew_spread_bp,59.73234284925163,7.728055103796765,7.729285317842176,1.081520302043975e-14,44.585633175269024,74.87905252323424,2266,2266,0,5,pca,fixed504,retain,raw,size_tercile_1,1010848
ld2_lasso_characteristics_textcore_pca_raw_fixed504_retain,lasso,characteristics_textcore,504,cap_spread_bp,51.29808466798556,8.126908899619075,6.31212744003935,2.752254323629181e-10,35.36963591909414,67.22653341687699,2266,2266,0,5,pca,fixed504,retain,raw,size_tercile_1,1010848
ld2_lasso_characteristics_textcore_pca_raw_fixed504_recent,lasso,characteristics_textcore,504,rank_ic,0.09032764674299687,0.002477403239716402,36.460615411698996,4.670420626627489e-291,0.08547202561796988,0.09518326786802386,2266,2266,0,5,pca,fixed504,recent,raw,size_tercile_1,1010848
ld2_lasso_characteristics_textcore_pca_raw_fixed504_recent,lasso,characteristics_textcore,504,ew_spread_bp,57.36251368973289,7.575857424395759,7.5717520111999805,3.682238951389127e-14,42.51410598590683,72.21092139355895,2266,2266,0,5,pca,fixed504,recent,raw,size_tercile_1,1010848
ld2_lasso_characteristics_textcore_pca_raw_fixed504_recent,lasso,characteristics_textcore,504,cap_spread_bp,48.21793175411138,8.09996645222908,5.952855735697769,2.6350355874807826e-09,32.34228923175971,64.09357427646306,2266,2266,0,5,pca,fixed504,recent,raw,size_tercile_1,1010848
ld2_lasso_characteristics_textcore_pca_raw_fixed504_union,lasso,characteristics_textcore,504,rank_ic,0.09117038370106723,0.0024933229698004414,36.56581389789396,9.998225352473855e-293,0.08628356047843191,0.09605720692370254,2266,2266,0,5,pca,fixed504,union,raw,size_tercile_1,1010848
ld2_lasso_characteristics_textcore_pca_raw_fixed504_union,lasso,characteristics_textcore,504,ew_spread_bp,58.71504788763683,7.57345651397441,7.75274113996652,8.992982260931813e-15,43.871345881766715,73.55874989350694,2266,2266,0,5,pca,fixed504,union,raw,size_tercile_1,1010848
ld2_lasso_characteristics_textcore_pca_raw_fixed504_union,lasso,characteristics_textcore,504,cap_spread_bp,50.430281120365514,8.097062670519342,6.228219191630751,4.717667338347137e-10,34.56032990558389,66.30023233514714,2266,2266,0,5,pca,fixed504,union,raw,size_tercile_1,1010848
ld2_enet_characteristics_textcore_pca_raw_fixed504_retain,enet,characteristics_textcore,504,rank_ic,0.09050541562076903,0.002464218342125635,36.72783944246557,2.625945527998448e-295,0.08567563642015978,0.09533519482137827,2266,2266,0,5,pca,fixed504,retain,raw,size_tercile_1,1010848
ld2_enet_characteristics_textcore_pca_raw_fixed504_retain,enet,characteristics_textcore,504,ew_spread_bp,60.23855445088154,7.676776481385299,7.846855330091791,4.265988773578673e-15,45.192349030002234,75.28475987176084,2266,2266,0,5,pca,fixed504,retain,raw,size_tercile_1,1010848
ld2_enet_characteristics_textcore_pca_raw_fixed504_retain,enet,characteristics_textcore,504,cap_spread_bp,51.320995600629026,8.016191980993181,6.402166480333037,1.5318749617852095e-10,35.6095480247236,67.03244317653446,2266,2266,0,5,pca,fixed504,retain,raw,size_tercile_1,1010848
ld2_enet_characteristics_textcore_pca_raw_fixed504_recent,enet,characteristics_textcore,504,rank_ic,0.0904984439891892,0.002471701893743919,36.61381828376966,1.7239634199173033e-293,0.08565399729693167,0.09534289068144673,2266,2266,0,5,pca,fixed504,recent,raw,size_tercile_1,1010848
ld2_enet_characteristics_textcore_pca_raw_fixed504_recent,enet,characteristics_textcore,504,ew_spread_bp,57.87381491147806,7.55082549728114,7.664567924701338,1.7943422693553785e-14,43.07446888326028,72.67316093969583,2266,2266,0,5,pca,fixed504,recent,raw,size_tercile_1,1010848
ld2_enet_characteristics_textcore_pca_raw_fixed504_recent,enet,characteristics_textcore,504,cap_spread_bp,47.5214312165483,8.034422956171246,5.914728596662571,3.324232598890867e-09,31.774251585890823,63.26861084720578,2266,2266,0,5,pca,fixed504,recent,raw,size_tercile_1,1010848
ld2_enet_characteristics_textcore_pca_raw_fixed504_union,enet,characteristics_textcore,504,rank_ic,0.0913869237689317,0.0024858288611270245,36.76315984500185,7.164945736760488e-296,0.08651478872939251,0.0962590588084709,2266,2266,0,5,pca,fixed504,union,raw,size_tercile_1,1010848
ld2_enet_characteristics_textcore_pca_raw_fixed504_union,enet,characteristics_textcore,504,ew_spread_bp,58.06370470958965,7.6588597373871945,7.581246647741583,3.42250240872277e-14,43.05261546166685,73.07479395751244,2266,2266,0,5,pca,fixed504,union,raw,size_tercile_1,1010848
ld2_enet_characteristics_textcore_pca_raw_fixed504_union,enet,characteristics_textcore,504,cap_spread_bp,49.45559655125384,8.080788350220871,6.120145016531967,9.349023481133872e-10,33.61754241813009,65.29365068437758,2266,2266,0,5,pca,fixed504,union,raw,size_tercile_1,1010848
ld2_group_ridge_characteristics_textcore_pca_raw_fixed504_retain,group_ridge,characteristics_textcore,504,rank_ic,0.09152359948533331,0.0025277736074199187,36.207197993000186,4.69039966834462e-287,0.08656925425371938,0.09647794471694725,2266,2266,0,5,pca,fixed504,retain,raw,size_tercile_1,1010848
ld2_group_ridge_characteristics_textcore_pca_raw_fixed504_retain,group_ridge,characteristics_textcore,504,ew_spread_bp,57.475342796943195,7.8551138829164495,7.316933102897768,2.537022441510286e-13,42.07960249196638,72.87108310192002,2266,2266,0,5,pca,fixed504,retain,raw,size_tercile_1,1010848
ld2_group_ridge_characteristics_textcore_pca_raw_fixed504_retain,group_ridge,characteristics_textcore,504,cap_spread_bp,48.19589176271692,8.340579499800327,5.77848239008701,7.537743160085328e-09,31.848656332915176,64.54312719251865,2266,2266,0,5,pca,fixed504,retain,raw,size_tercile_1,1010848
ld2_group_ridge_characteristics_textcore_pca_raw_fixed504_recent,group_ridge,characteristics_textcore,504,rank_ic,0.09152868568032607,0.002528999400324534,36.191659700900146,8.235249691697842e-287,0.0865719379387666,0.09648543342188555,2266,2266,0,5,pca,fixed504,recent,raw,size_tercile_1,1010848
ld2_group_ridge_characteristics_textcore_pca_raw_fixed504_recent,group_ridge,characteristics_textcore,504,ew_spread_bp,57.77767528679542,7.8101156796524265,7.397800193577504,1.3845897142204852e-13,42.4701298395851,73.08522073400574,2266,2266,0,5,pca,fixed504,recent,raw,size_tercile_1,1010848
ld2_group_ridge_characteristics_textcore_pca_raw_fixed504_recent,group_ridge,characteristics_textcore,504,cap_spread_bp,48.814069150432175,8.41690624572256,5.799526301631232,6.650250775380439e-09,32.31723604756572,65.31090225329862,2266,2266,0,5,pca,fixed504,recent,raw,size_tercile_1,1010848
ld2_group_ridge_characteristics_textcore_pca_raw_fixed504_union,group_ridge,characteristics_textcore,504,rank_ic,0.09238307508940749,0.0025488778087611364,36.244607243181115,1.2084068556656176e-287,0.0873873663832423,0.09737878379557269,2266,2266,0,5,pca,fixed504,union,raw,size_tercile_1,1010848
ld2_group_ridge_characteristics_textcore_pca_raw_fixed504_union,group_ridge,characteristics_textcore,504,ew_spread_bp,56.947872005060034,7.881928138684538,7.225119412794394,5.006617071488152e-13,41.499576724505516,72.39616728561455,2266,2266,0,5,pca,fixed504,union,raw,size_tercile_1,1010848
ld2_group_ridge_characteristics_textcore_pca_raw_fixed504_union,group_ridge,characteristics_textcore,504,cap_spread_bp,48.230932466269685,8.258807220510572,5.8399392525459595,5.221985966677062e-09,32.043967758809615,64.41789717372976,2266,2266,0,5,pca,fixed504,union,raw,size_tercile_1,1010848
ld2_ols_characteristics_full_raw_fixed504_retain,ols,characteristics,504,rank_ic,0.031788356752031746,0.0034072844033843095,9.329528442198056,1.0634297320069747e-20,0.025110202036313454,0.03846651146775004,2266,2266,0,5,full,fixed504,retain,raw,size_tercile_2,1011055
ld2_ols_characteristics_full_raw_fixed504_retain,ols,characteristics,504,ew_spread_bp,12.34173175042069,5.075421816633978,2.431666213431248,0.015029550655335344,2.3940877834692404,22.28937571737214,2266,2266,0,5,full,fixed504,retain,raw,size_tercile_2,1011055
ld2_ols_characteristics_full_raw_fixed504_retain,ols,characteristics,504,cap_spread_bp,12.277257546035264,5.063703134985245,2.4245610808444518,0.015326904761414625,2.3525817730616208,22.20193331900891,2266,2266,0,5,full,fixed504,retain,raw,size_tercile_2,1011055
ld2_ols_characteristics_full_raw_fixed504_recent,ols,characteristics,504,rank_ic,0.03255164283582333,0.003412750570805745,9.538242587748785,1.4527316640191594e-21,0.02586277462882556,0.039240511042821107,2266,2266,0,5,full,fixed504,recent,raw,size_tercile_2,1011055
ld2_ols_characteristics_full_raw_fixed504_recent,ols,characteristics,504,ew_spread_bp,13.252993246311584,5.0947364158855875,2.6013108754730143,0.009286825512624837,3.267493360451155,23.238493132172014,2266,2266,0,5,full,fixed504,recent,raw,size_tercile_2,1011055
ld2_ols_characteristics_full_raw_fixed504_recent,ols,characteristics,504,cap_spread_bp,12.931825443962707,5.118725685612163,2.526375945542812,0.011524608198064902,2.8993074534227716,22.96434343450264,2266,2266,0,5,full,fixed504,recent,raw,size_tercile_2,1011055
ld2_ols_characteristics_full_raw_fixed504_union,ols,characteristics,504,rank_ic,0.032809123148741334,0.0034527901335519944,9.50220600722974,2.0549017336351248e-21,0.02604177884080418,0.039576467456678484,2266,2266,0,5,full,fixed504,union,raw,size_tercile_2,1011055
ld2_ols_characteristics_full_raw_fixed504_union,ols,characteristics,504,ew_spread_bp,13.788209859300313,5.113026844097446,2.696682470035851,0.007003401602804194,3.7668613928828254,23.809558325717802,2266,2266,0,5,full,fixed504,union,raw,size_tercile_2,1011055
ld2_ols_characteristics_full_raw_fixed504_union,ols,characteristics,504,cap_spread_bp,13.189720176265748,5.119133628455379,2.576553208720505,0.009979084542441567,3.1564026324453582,23.22303772008614,2266,2266,0,5,full,fixed504,union,raw,size_tercile_2,1011055
ld2_ridge_characteristics_full_raw_fixed504_retain,ridge,characteristics,504,rank_ic,0.03292965771455006,0.0034872455160352284,9.442884810699804,3.626546511041754e-21,0.026094782097872214,0.039764533331227904,2266,2266,0,5,full,fixed504,retain,raw,size_tercile_2,1011055
ld2_ridge_characteristics_full_raw_fixed504_retain,ridge,characteristics,504,ew_spread_bp,15.999232999063814,5.3019631775917215,3.017605453520152,0.0025478037860438875,5.607576123626497,26.39088987450113,2266,2266,0,5,full,fixed504,retain,raw,size_tercile_2,1011055
ld2_ridge_characteristics_full_raw_fixed504_retain,ridge,characteristics,504,cap_spread_bp,15.67390077587138,5.326959022826226,2.942373070396845,0.003257072783457898,5.233252944011298,26.11454860773146,2266,2266,0,5,full,fixed504,retain,raw,size_tercile_2,1011055
ld2_ridge_characteristics_full_raw_fixed504_recent,ridge,characteristics,504,rank_ic,0.03324917843563194,0.003491505541314306,9.522877177825118,1.6844939392614812e-21,0.026405953322833874,0.04009240354843,2266,2266,0,5,full,fixed504,recent,raw,size_tercile_2,1011055
ld2_ridge_characteristics_full_raw_fixed504_recent,ridge,characteristics,504,ew_spread_bp,14.672771390941787,5.3242615794293355,2.755832179175998,0.005854302569266459,4.237410450989945,25.10813233089363,2266,2266,0,5,full,fixed504,recent,raw,size_tercile_2,1011055
ld2_ridge_characteristics_full_raw_fixed504_recent,ridge,characteristics,504,cap_spread_bp,14.862596312411453,5.365493865875066,2.7700332315984286,0.005605057362708859,4.34642157602574,25.378771048797166,2266,2266,0,5,full,fixed504,recent,raw,size_tercile_2,1011055
ld2_ridge_characteristics_full_raw_fixed504_union,ridge,characteristics,504,rank_ic,0.033488751590255834,0.003523588382649276,9.504161086226732,2.0166690148003718e-21,0.026582645263919513,0.040394857916592156,2266,2266,0,5,full,fixed504,union,raw,size_tercile_2,1011055
ld2_ridge_characteristics_full_raw_fixed504_union,ridge,characteristics,504,ew_spread_bp,16.249706810205566,5.350260997496515,3.0371802081821992,0.0023880264314438747,5.763387947223052,26.73602567318808,2266,2266,0,5,full,fixed504,union,raw,size_tercile_2,1011055
ld2_ridge_characteristics_full_raw_fixed504_union,ridge,characteristics,504,cap_spread_bp,16.144189439205846,5.373407175326413,3.0044604684596883,0.0026605233021909864,5.6125049012969725,26.67587397711472,2266,2266,0,5,full,fixed504,union,raw,size_tercile_2,1011055
ld2_lasso_characteristics_full_raw_fixed504_retain,lasso,characteristics,504,rank_ic,0.032998951165868755,0.003446513577960083,9.574589050480434,1.022631784611253e-21,0.02624390868083871,0.039753993650898795,2266,2266,0,5,full,fixed504,retain,raw,size_tercile_2,1011055
ld2_lasso_characteristics_full_raw_fixed504_retain,lasso,characteristics,504,ew_spread_bp,11.822838105819402,5.12945916220347,2.3048898006511562,0.021172745977869365,1.7692828877316025,21.8763933239072,2266,2266,0,5,full,fixed504,retain,raw,size_tercile_2,1011055
ld2_lasso_characteristics_full_raw_fixed504_retain,lasso,characteristics,504,cap_spread_bp,12.30371848885836,5.167533031251791,2.380965620238694,0.017267323406764012,2.1755398586837558,22.431897119032964,2266,2266,0,5,full,fixed504,retain,raw,size_tercile_2,1011055
ld2_lasso_characteristics_full_raw_fixed504_recent,lasso,characteristics,504,rank_ic,0.03314387405201219,0.003432882383255904,9.654823658880213,4.689654147324707e-22,0.026415548217668592,0.03987219988635579,2266,2266,0,5,full,fixed504,recent,raw,size_tercile_2,1011055
ld2_lasso_characteristics_full_raw_fixed504_recent,lasso,characteristics,504,ew_spread_bp,11.943350624955666,5.14592061016006,2.3209356555899485,0.020290316829973922,1.8575315617395702,22.029169688171763,2266,2266,0,5,full,fixed504,recent,raw,size_tercile_2,1011055
ld2_lasso_characteristics_full_raw_fixed504_recent,lasso,characteristics,504,cap_spread_bp,12.82253533584715,5.151274444165212,2.4891966977940934,0.012803210923241415,2.7262229508017484,22.91884772089255,2266,2266,0,5,full,fixed504,recent,raw,size_tercile_2,1011055
ld2_lasso_characteristics_full_raw_fixed504_union,lasso,characteristics,504,rank_ic,0.03380687683393626,0.0034817372611512963,9.709772535437507,2.7394777823772694e-22,0.02698279719844859,0.040630956469423926,2266,2266,0,5,full,fixed504,union,raw,size_tercile_2,1011055
ld2_lasso_characteristics_full_raw_fixed504_union,lasso,characteristics,504,ew_spread_bp,12.715815428940074,5.19918172382121,2.4457339836151006,0.014455761494405927,2.5256065011716267,22.90602435670852,2266,2266,0,5,full,fixed504,union,raw,size_tercile_2,1011055
ld2_lasso_characteristics_full_raw_fixed504_union,lasso,characteristics,504,cap_spread_bp,12.584595422835942,5.212537766020914,2.4142933802554727,0.015765762054631212,2.3682091333800805,22.800981712291804,2266,2266,0,5,full,fixed504,union,raw,size_tercile_2,1011055
ld2_enet_characteristics_full_raw_fixed504_retain,enet,characteristics,504,rank_ic,0.03286541360965574,0.0034557337114590066,9.51040107652855,1.899288318510388e-21,0.026092299995035154,0.039638527224276326,2266,2266,0,5,full,fixed504,retain,raw,size_tercile_2,1011055
ld2_enet_characteristics_full_raw_fixed504_retain,enet,characteristics,504,ew_spread_bp,11.449762906631962,5.143953988527278,2.2258680641717885,0.02602302005898602,1.3677983509873357,21.53172746227659,2266,2266,0,5,full,fixed504,retain,raw,size_tercile_2,1011055
ld2_enet_characteristics_full_raw_fixed504_retain,enet,characteristics,504,cap_spread_bp,11.383722652871073,5.17982241732403,2.1977051983091083,0.02797012087657124,1.2314572686027727,21.535988037139376,2266,2266,0,5,full,fixed504,retain,raw,size_tercile_2,1011055
ld2_enet_characteristics_full_raw_fixed504_recent,enet,characteristics,504,rank_ic,0.032975054377013854,0.00343879660948098,9.589126116415127,8.883420893086877e-22,0.026235136872272684,0.039714971881755025,2266,2266,0,5,full,fixed504,recent,raw,size_tercile_2,1011055
ld2_enet_characteristics_full_raw_fixed504_recent,enet,characteristics,504,ew_spread_bp,11.551171519921292,5.140483511539552,2.2470982533045354,0.024633748538036897,1.4760089741817826,21.6263340656608,2266,2266,0,5,full,fixed504,recent,raw,size_tercile_2,1011055
ld2_enet_characteristics_full_raw_fixed504_recent,enet,characteristics,504,cap_spread_bp,12.285944449304923,5.136246886818166,2.3920081569357534,0.016756469968866927,2.219085535435342,22.352803363174502,2266,2266,0,5,full,fixed504,recent,raw,size_tercile_2,1011055
ld2_enet_characteristics_full_raw_fixed504_union,enet,characteristics,504,rank_ic,0.03354140926523033,0.003492448075649513,9.603982232145977,7.691401820962787e-22,0.026696336819081068,0.040386481711379596,2266,2266,0,5,full,fixed504,union,raw,size_tercile_2,1011055
ld2_enet_characteristics_full_raw_fixed504_union,enet,characteristics,504,ew_spread_bp,12.61389042350685,5.184000075492613,2.4332349999644256,0.014964584992565817,2.453436979688407,22.774343867325292,2266,2266,0,5,full,fixed504,union,raw,size_tercile_2,1011055
ld2_enet_characteristics_full_raw_fixed504_union,enet,characteristics,504,cap_spread_bp,12.413524554819974,5.212055510202651,2.38169461751134,0.01723318195726293,2.1980834693992417,22.628965640240708,2266,2266,0,5,full,fixed504,union,raw,size_tercile_2,1011055
ld2_ols_characteristics_core_full_raw_fixed504_retain,ols,characteristics_core,504,rank_ic,0.03277034950534523,0.003369607421191293,9.72527223772542,2.352751989469695e-22,0.026166040317771404,0.03937465869291905,2266,2266,0,5,full,fixed504,retain,raw,size_tercile_2,1011055
ld2_ols_characteristics_core_full_raw_fixed504_retain,ols,characteristics_core,504,ew_spread_bp,13.578190573048854,4.956575160226566,2.7394299761668885,0.006154582375631546,3.863481772338936,23.29289937375877,2266,2266,0,5,full,fixed504,retain,raw,size_tercile_2,1011055
ld2_ols_characteristics_core_full_raw_fixed504_retain,ols,characteristics_core,504,cap_spread_bp,13.804260863728313,4.960651173153572,2.7827517763061547,0.005390002619814424,4.081563224480945,23.52695850297568,2266,2266,0,5,full,fixed504,retain,raw,size_tercile_2,1011055
ld2_ols_characteristics_core_full_raw_fixed504_recent,ols,characteristics_core,504,rank_ic,0.033594462063714935,0.0033775300058592407,9.946458508269723,2.6131761128380255e-23,0.026974624895527464,0.0402142992319024,2266,2266,0,5,full,fixed504,recent,raw,size_tercile_2,1011055
ld2_ols_characteristics_core_full_raw_fixed504_recent,ols,characteristics_core,504,ew_spread_bp,12.917470152914602,5.010459867178061,2.578100712378292,0.009934503868392569,3.0971492672622603,22.737791038566943,2266,2266,0,5,full,fixed504,recent,raw,size_tercile_2,1011055
ld2_ols_characteristics_core_full_raw_fixed504_recent,ols,characteristics_core,504,cap_spread_bp,12.02837685239189,5.046861010754209,2.3833382426742036,0.017156422511524466,2.1367110363342263,21.920042668449554,2266,2266,0,5,full,fixed504,recent,raw,size_tercile_2,1011055
ld2_ols_characteristics_core_full_raw_fixed504_union,ols,characteristics_core,504,rank_ic,0.03389961082747603,0.0034183616071375043,9.916917729445002,3.5144151415401024e-23,0.027199745191352064,0.040599476463599994,2266,2266,0,5,full,fixed504,union,raw,size_tercile_2,1011055
ld2_ols_characteristics_core_full_raw_fixed504_union,ols,characteristics_core,504,ew_spread_bp,14.74547093277353,5.005486608681334,2.9458616285576555,0.0032205643660747863,4.934897454660581,24.55604441088648,2266,2266,0,5,full,fixed504,union,raw,size_tercile_2,1011055
ld2_ols_characteristics_core_full_raw_fixed504_union,ols,characteristics_core,504,cap_spread_bp,13.428577113007256,4.994407912002165,2.688722537207416,0.007172600952329038,3.639717481381121,23.21743674463339,2266,2266,0,5,full,fixed504,union,raw,size_tercile_2,1011055
ld2_ridge_characteristics_core_full_raw_fixed504_retain,ridge,characteristics_core,504,rank_ic,0.03429037553358969,0.003473357133119917,9.872401316471773,5.483586599741971e-23,0.02748272064722936,0.04109803041995002,2266,2266,0,5,full,fixed504,retain,raw,size_tercile_2,1011055
ld2_ridge_characteristics_core_full_raw_fixed504_retain,ridge,characteristics_core,504,ew_spread_bp,15.60709272806943,5.312181259860582,2.937981963454131,0.0033035624237728197,5.19540877939408,26.01877667674478,2266,2266,0,5,full,fixed504,retain,raw,size_tercile_2,1011055
ld2_ridge_characteristics_core_full_raw_fixed504_retain,ridge,characteristics_core,504,cap_spread_bp,16.08250850718347,5.291717874933748,3.0391847954261584,0.0023721929460925237,5.710932055966493,26.454084958400443,2266,2266,0,5,full,fixed504,retain,raw,size_tercile_2,1011055
ld2_ridge_characteristics_core_full_raw_fixed504_recent,ridge,characteristics_core,504,rank_ic,0.0345567335081738,0.003476297758767722,9.94067134238336,2.769542726647951e-23,0.027743315101451758,0.04137015191489585,2266,2266,0,5,full,fixed504,recent,raw,size_tercile_2,1011055
ld2_ridge_characteristics_core_full_raw_fixed504_recent,ridge,characteristics_core,504,ew_spread_bp,13.745743387133635,5.326476899207414,2.580644513670756,0.00986160716286983,3.3060405002025206,24.18544627406475,2266,2266,0,5,full,fixed504,recent,raw,size_tercile_2,1011055
ld2_ridge_characteristics_core_full_raw_fixed504_recent,ridge,characteristics_core,504,cap_spread_bp,13.918155314288732,5.352825667049023,2.6001510566589623,0.009318273257283289,3.4268097913510562,24.40950083722641,2266,2266,0,5,full,fixed504,recent,raw,size_tercile_2,1011055
ld2_ridge_characteristics_core_full_raw_fixed504_union,ridge,characteristics_core,504,rank_ic,0.03478134416390794,0.0035096285277553567,9.910263689973181,3.7565340527772876e-23,0.027902598650393108,0.041660089677422775,2266,2266,0,5,full,fixed504,union,raw,size_tercile_2,1011055
ld2_ridge_characteristics_core_full_raw_fixed504_union,ridge,characteristics_core,504,ew_spread_bp,15.896935604415802,5.3498031847091685,2.9714991478289323,0.002963496963725704,5.41151403800815,26.382357170823454,2266,2266,0,5,full,fixed504,union,raw,size_tercile_2,1011055
ld2_ridge_characteristics_core_full_raw_fixed504_union,ridge,characteristics_core,504,cap_spread_bp,15.626237316530565,5.358670819273235,2.916065913272474,0.0035447560529691504,5.1234355057492795,26.12903912731185,2266,2266,0,5,full,fixed504,union,raw,size_tercile_2,1011055
ld2_lasso_characteristics_core_full_raw_fixed504_retain,lasso,characteristics_core,504,rank_ic,0.03392472343012053,0.0034230179028557086,9.910764241641354,3.737759942356582e-23,0.02721573162208752,0.040633715238153546,2266,2266,0,5,full,fixed504,retain,raw,size_tercile_2,1011055
ld2_lasso_characteristics_core_full_raw_fixed504_retain,lasso,characteristics_core,504,ew_spread_bp,12.169929981011975,5.117267885001188,2.378208500024452,0.01739698589747324,2.1402692271661916,22.199590734857757,2266,2266,0,5,full,fixed504,retain,raw,size_tercile_2,1011055
ld2_lasso_characteristics_core_full_raw_fixed504_retain,lasso,characteristics_core,504,cap_spread_bp,11.842098552007968,5.125487745156901,2.3104334925388565,0.02086416663116372,1.7963271682990314,21.887869935716907,2266,2266,0,5,full,fixed504,retain,raw,size_tercile_2,1011055
ld2_lasso_characteristics_core_full_raw_fixed504_recent,lasso,characteristics_core,504,rank_ic,0.03400252373042783,0.0034113554380062324,9.96745262941601,2.115859047581258e-23,0.027316389933470752,0.0406886575273849,2266,2266,0,5,full,fixed504,recent,raw,size_tercile_2,1011055
ld2_lasso_characteristics_core_full_raw_fixed504_recent,lasso,characteristics_core,504,ew_spread_bp,12.031357995414787,5.121163964495091,2.3493405168879398,0.018806698835348294,1.9940610660800484,22.068654924749524,2266,2266,0,5,full,fixed504,recent,raw,size_tercile_2,1011055
ld2_lasso_characteristics_core_full_raw_fixed504_recent,lasso,characteristics_core,504,cap_spread_bp,12.602738999154253,5.099589388022375,2.4713242655879015,0.013461369490973417,2.607727462687743,22.59775053562076,2266,2266,0,5,full,fixed504,recent,raw,size_tercile_2,1011055
ld2_lasso_characteristics_core_full_raw_fixed504_union,lasso,characteristics_core,504,rank_ic,0.03464280063814699,0.003460653769857096,10.010478638427191,1.3708767770603933e-23,0.027860043886264313,0.04142555739002966,2266,2266,0,5,full,fixed504,union,raw,size_tercile_2,1011055
ld2_lasso_characteristics_core_full_raw_fixed504_union,lasso,characteristics_core,504,ew_spread_bp,13.808768412076994,5.171324461017262,2.6702575938081137,0.007579307613580699,3.6731587161121535,23.944378108041832,2266,2266,0,5,full,fixed504,union,raw,size_tercile_2,1011055
ld2_lasso_characteristics_core_full_raw_fixed504_union,lasso,characteristics_core,504,cap_spread_bp,14.244510765185725,5.150883375231232,2.765450065066997,0.005684430737454184,4.148964861166396,24.340056669205055,2266,2266,0,5,full,fixed504,union,raw,size_tercile_2,1011055
ld2_enet_characteristics_core_full_raw_fixed504_retain,enet,characteristics_core,504,rank_ic,0.033967933694246964,0.003428945553463899,9.906233028381793,3.911153871275863e-23,0.02724732390450896,0.04068854348398497,2266,2266,0,5,full,fixed504,retain,raw,size_tercile_2,1011055
ld2_enet_characteristics_core_full_raw_fixed504_retain,enet,characteristics_core,504,ew_spread_bp,12.485869987955835,5.0989046963244125,2.4487357053283185,0.014335859746998714,2.492200422557845,22.479539553353824,2266,2266,0,5,full,fixed504,retain,raw,size_tercile_2,1011055
ld2_enet_characteristics_core_full_raw_fixed504_retain,enet,characteristics_core,504,cap_spread_bp,12.057303780596781,5.104431931929512,2.3621245108932296,0.018170538273258898,2.052801032478728,22.061806528714833,2266,2266,0,5,full,fixed504,retain,raw,size_tercile_2,1011055
ld2_enet_characteristics_core_full_raw_fixed504_recent,enet,characteristics_core,504,rank_ic,0.03398931074803691,0.0034141213226468133,9.95550759212228,2.3860212742117754e-23,0.027297755916798904,0.040680865579274916,2266,2266,0,5,full,fixed504,recent,raw,size_tercile_2,1011055
ld2_enet_characteristics_core_full_raw_fixed504_recent,enet,characteristics_core,504,ew_spread_bp,12.439983654192208,5.106041222281607,2.4363265223764623,0.014837284436851103,2.4323267549433822,22.447640553441033,2266,2266,0,5,full,fixed504,recent,raw,size_tercile_2,1011055
ld2_enet_characteristics_core_full_raw_fixed504_recent,enet,characteristics_core,504,cap_spread_bp,12.671904395410426,5.0830099437769105,2.4929922497839176,0.012667161113813831,2.7093879725487167,22.634420818272133,2266,2266,0,5,full,fixed504,recent,raw,size_tercile_2,1011055
ld2_enet_characteristics_core_full_raw_fixed504_union,enet,characteristics_core,504,rank_ic,0.03458262203845736,0.003468863801869854,9.969437837200749,2.0739938305004077e-23,0.027783773919517765,0.04138147015739696,2266,2266,0,5,full,fixed504,union,raw,size_tercile_2,1011055
ld2_enet_characteristics_core_full_raw_fixed504_union,enet,characteristics_core,504,ew_spread_bp,13.96357138105906,5.157045367172496,2.7076689047463245,0.006775758241426341,3.8559481947618277,24.071194567356294,2266,2266,0,5,full,fixed504,union,raw,size_tercile_2,1011055
ld2_enet_characteristics_core_full_raw_fixed504_union,enet,characteristics_core,504,cap_spread_bp,14.186984694598356,5.143705459498478,2.7581254032344256,0.00581338915205818,4.10550724689929,24.268462142297423,2266,2266,0,5,full,fixed504,union,raw,size_tercile_2,1011055
ld2_group_ridge_characteristics_core_full_raw_fixed504_retain,group_ridge,characteristics_core,504,rank_ic,0.03419577827852069,0.003485642806111393,9.810465437986094,1.014993073393643e-22,0.027364043915571228,0.04102751264147015,2266,2266,0,5,full,fixed504,retain,raw,size_tercile_2,1011055
ld2_group_ridge_characteristics_core_full_raw_fixed504_retain,group_ridge,characteristics_core,504,ew_spread_bp,15.676099812295144,5.32733660707032,2.942577308047361,0.0032549250505799973,5.234711928915507,26.117487695674782,2266,2266,0,5,full,fixed504,retain,raw,size_tercile_2,1011055
ld2_group_ridge_characteristics_core_full_raw_fixed504_retain,group_ridge,characteristics_core,504,cap_spread_bp,15.86641485259997,5.329158086363461,2.977283577531658,0.0029081488460602203,5.421456935407191,26.311372769792747,2266,2266,0,5,full,fixed504,retain,raw,size_tercile_2,1011055
ld2_group_ridge_characteristics_core_full_raw_fixed504_recent,group_ridge,characteristics_core,504,rank_ic,0.03448636743540513,0.0034893082466372887,9.883439638398324,4.9117389698396515e-23,0.02764744894103744,0.041325285929772825,2266,2266,0,5,full,fixed504,recent,raw,size_tercile_2,1011055
ld2_group_ridge_characteristics_core_full_raw_fixed504_recent,group_ridge,characteristics_core,504,ew_spread_bp,13.983378749697778,5.351883211897368,2.6127959441664164,0.008980490332663425,3.493880404914389,24.472877094481166,2266,2266,0,5,full,fixed504,recent,raw,size_tercile_2,1011055
ld2_group_ridge_characteristics_core_full_raw_fixed504_recent,group_ridge,characteristics_core,504,cap_spread_bp,14.102016064856684,5.375591238226529,2.623342333876767,0.008707173510576535,3.566050842323614,24.637981287389756,2266,2266,0,5,full,fixed504,recent,raw,size_tercile_2,1011055
ld2_group_ridge_characteristics_core_full_raw_fixed504_union,group_ridge,characteristics_core,504,rank_ic,0.03468333257622137,0.003521930345512512,9.847819000853706,7.00474650960962e-23,0.02778047594295814,0.041586189209484606,2266,2266,0,5,full,fixed504,union,raw,size_tercile_2,1011055
ld2_group_ridge_characteristics_core_full_raw_fixed504_union,group_ridge,characteristics_core,504,ew_spread_bp,16.194015730428095,5.373415164159518,3.0137287433961157,0.0025805842215317018,5.662315534694059,26.72571592616213,2266,2266,0,5,full,fixed504,union,raw,size_tercile_2,1011055
ld2_group_ridge_characteristics_core_full_raw_fixed504_union,group_ridge,characteristics_core,504,cap_spread_bp,16.335990352844636,5.380163510179737,3.0363371525671146,0.0023947142662676044,5.7910636419557555,26.880917063733516,2266,2266,0,5,full,fixed504,union,raw,size_tercile_2,1011055
ld2_ols_characteristics_textcore_full_raw_fixed504_retain,ols,characteristics_textcore,504,rank_ic,0.027940316657279397,0.002766990648868678,10.097727171106696,5.6537311350649604e-24,0.022517114639937674,0.03336351867462112,2266,2266,0,5,full,fixed504,retain,raw,size_tercile_2,1011055
ld2_ols_characteristics_textcore_full_raw_fixed504_retain,ols,characteristics_textcore,504,ew_spread_bp,9.214065240533854,4.439144440839033,2.0756398813624375,0.037927269999580134,0.5135020143181528,17.914628466749555,2266,2266,0,5,full,fixed504,retain,raw,size_tercile_2,1011055
ld2_ols_characteristics_textcore_full_raw_fixed504_retain,ols,characteristics_textcore,504,cap_spread_bp,6.84060658004258,4.521423656041493,1.5129320100102128,0.13029692998149706,-2.0212209446461618,15.702434104731323,2266,2266,0,5,full,fixed504,retain,raw,size_tercile_2,1011055
ld2_ols_characteristics_textcore_full_raw_fixed504_recent,ols,characteristics_textcore,504,rank_ic,0.02964563139929347,0.0029140066672400187,10.173494704928773,2.6039485555517568e-24,0.023934283280793438,0.0353569795177935,2266,2266,0,5,full,fixed504,recent,raw,size_tercile_2,1011055
ld2_ols_characteristics_textcore_full_raw_fixed504_recent,ols,characteristics_textcore,504,ew_spread_bp,11.51530856309204,4.6076826426710955,2.499154012138423,0.012449019491346898,2.484416531266353,20.546200594917728,2266,2266,0,5,full,fixed504,recent,raw,size_tercile_2,1011055
ld2_ols_characteristics_textcore_full_raw_fixed504_recent,ols,characteristics_textcore,504,cap_spread_bp,9.574147345640952,4.6971731847905165,2.0382785494565363,0.04152208383359778,0.3678570743042364,18.780437616977668,2266,2266,0,5,full,fixed504,recent,raw,size_tercile_2,1011055
ld2_ols_characteristics_textcore_full_raw_fixed504_union,ols,characteristics_textcore,504,rank_ic,0.030095222491545972,0.002963545722060721,10.155140265768893,3.143578218016609e-24,0.02428677960976921,0.035903665373322735,2266,2266,0,5,full,fixed504,union,raw,size_tercile_2,1011055
ld2_ols_characteristics_textcore_full_raw_fixed504_union,ols,characteristics_textcore,504,ew_spread_bp,10.717428078808771,4.685392192341057,2.287413227931685,0.022171714920256873,1.5342281283751333,19.90062802924241,2266,2266,0,5,full,fixed504,union,raw,size_tercile_2,1011055
ld2_ols_characteristics_textcore_full_raw_fixed504_union,ols,characteristics_textcore,504,cap_spread_bp,8.537639444064979,4.698716083070411,1.8170153916782295,0.06921475661081404,-0.6716748523321403,17.746953740462097,2266,2266,0,5,full,fixed504,union,raw,size_tercile_2,1011055
ld2_ridge_characteristics_textcore_full_raw_fixed504_retain,ridge,characteristics_textcore,504,rank_ic,0.03094891844530381,0.0031641239242534243,9.78119668704386,1.3559768952988237e-22,0.024747349511145558,0.03715048737946206,2266,2266,0,5,full,fixed504,retain,raw,size_tercile_2,1011055
ld2_ridge_characteristics_textcore_full_raw_fixed504_retain,ridge,characteristics_textcore,504,ew_spread_bp,11.989083446722617,4.95011812923759,2.4219792606382016,0.015436231475484173,2.2870301941981523,21.69113669924708,2266,2266,0,5,full,fixed504,retain,raw,size_tercile_2,1011055
ld2_ridge_characteristics_textcore_full_raw_fixed504_retain,ridge,characteristics_textcore,504,cap_spread_bp,10.510948702804175,5.011688601634789,2.09728687041241,0.035968188425428,0.6882195418700832,20.333677863738266,2266,2266,0,5,full,fixed504,retain,raw,size_tercile_2,1011055
ld2_ridge_characteristics_textcore_full_raw_fixed504_recent,ridge,characteristics_textcore,504,rank_ic,0.03131329980268433,0.0031964654991329844,9.796226429216212,1.1687039703147985e-22,0.025048342546558834,0.03757825705880983,2266,2266,0,5,full,fixed504,recent,raw,size_tercile_2,1011055
ld2_ridge_characteristics_textcore_full_raw_fixed504_recent,ridge,characteristics_textcore,504,ew_spread_bp,12.672463018234692,5.006434886284907,2.5312349618190013,0.011366168078505235,2.8600309501713923,22.484895086297993,2266,2266,0,5,full,fixed504,recent,raw,size_tercile_2,1011055
ld2_ridge_characteristics_textcore_full_raw_fixed504_recent,ridge,characteristics_textcore,504,cap_spread_bp,11.750796061651656,5.1222054011067755,2.2940891942975608,0.021785375918784447,1.7114579540658337,21.790134169237476,2266,2266,0,5,full,fixed504,recent,raw,size_tercile_2,1011055
ld2_ridge_characteristics_textcore_full_raw_fixed504_union,ridge,characteristics_textcore,504,rank_ic,0.03194055329082921,0.003272582309748991,9.760045819375915,1.6707971800733142e-22,0.025526409827278287,0.038354696754380135,2266,2266,0,5,full,fixed504,union,raw,size_tercile_2,1011055
ld2_ridge_characteristics_textcore_full_raw_fixed504_union,ridge,characteristics_textcore,504,ew_spread_bp,12.981497305291292,5.056666242028471,2.567204692569109,0.010252207293915487,3.070613589075988,22.892381021506594,2266,2266,0,5,full,fixed504,union,raw,size_tercile_2,1011055
ld2_ridge_characteristics_textcore_full_raw_fixed504_union,ridge,characteristics_textcore,504,cap_spread_bp,12.179916471729042,5.071430155046224,2.4016729205290663,0.0163202935633784,2.24009601772806,22.119736925730024,2266,2266,0,5,full,fixed504,union,raw,size_tercile_2,1011055
ld2_lasso_characteristics_textcore_full_raw_fixed504_retain,lasso,characteristics_textcore,504,rank_ic,0.03327970544433716,0.0033354820521650677,9.977479993554526,1.9126259041785067e-23,0.026742280751013876,0.03981713013766044,2266,2266,0,5,full,fixed504,retain,raw,size_tercile_2,1011055
ld2_lasso_characteristics_textcore_full_raw_fixed504_retain,lasso,characteristics_textcore,504,ew_spread_bp,13.210906515173875,4.983356168474842,2.6510058820895153,0.00802524437611031,3.4437079028276667,22.97810512752008,2266,2266,0,5,full,fixed504,retain,raw,size_tercile_2,1011055
ld2_lasso_characteristics_textcore_full_raw_fixed504_retain,lasso,characteristics_textcore,504,cap_spread_bp,11.825347389727614,4.946078516861013,2.390853147481466,0.01680927478683529,2.131211631972743,21.519483147482486,2266,2266,0,5,full,fixed504,retain,raw,size_tercile_2,1011055
ld2_lasso_characteristics_textcore_full_raw_fixed504_recent,lasso,characteristics_textcore,504,rank_ic,0.03354349556190578,0.003339383230982588,10.044817632996217,9.682661139754547e-24,0.026998424698602905,0.04008856642520865,2266,2266,0,5,full,fixed504,recent,raw,size_tercile_2,1011055
ld2_lasso_characteristics_textcore_full_raw_fixed504_recent,lasso,characteristics_textcore,504,ew_spread_bp,12.340503098082458,5.040777708181232,2.4481347546934473,0.014359793841189463,2.4607603359748875,22.220245860190026,2266,2266,0,5,full,fixed504,recent,raw,size_tercile_2,1011055
ld2_lasso_characteristics_textcore_full_raw_fixed504_recent,lasso,characteristics_textcore,504,cap_spread_bp,11.19257186662063,5.023956708805085,2.2278400303498453,0.02589118439214394,1.3457976574742805,21.03934607576698,2266,2266,0,5,full,fixed504,recent,raw,size_tercile_2,1011055
ld2_lasso_characteristics_textcore_full_raw_fixed504_union,lasso,characteristics_textcore,504,rank_ic,0.03402854817925694,0.0034071005503691298,9.987538576039455,1.7281973660049653e-23,0.02735075380882685,0.04070634254968703,2266,2266,0,5,full,fixed504,union,raw,size_tercile_2,1011055
ld2_lasso_characteristics_textcore_full_raw_fixed504_union,lasso,characteristics_textcore,504,ew_spread_bp,13.725004866275496,5.101775804275393,2.690240691245911,0.007140050085572392,3.7257080326978578,23.724301699853136,2266,2266,0,5,full,fixed504,union,raw,size_tercile_2,1011055
ld2_lasso_characteristics_textcore_full_raw_fixed504_union,lasso,characteristics_textcore,504,cap_spread_bp,12.69717523054802,5.038163531881584,2.5201991063211984,0.011728846850889816,2.8225561598369975,22.57179430125904,2266,2266,0,5,full,fixed504,union,raw,size_tercile_2,1011055
ld2_enet_characteristics_textcore_full_raw_fixed504_retain,enet,characteristics_textcore,504,rank_ic,0.03307738736314759,0.0033373427364054623,9.911294696323013,3.7179656504549443e-23,0.02653631579572653,0.039618458930568645,2266,2266,0,5,full,fixed504,retain,raw,size_tercile_2,1011055
ld2_enet_characteristics_textcore_full_raw_fixed504_retain,enet,characteristics_textcore,504,ew_spread_bp,12.233714855813192,5.03950466796819,2.4275629574415176,0.0152006483404623,2.356467206674056,22.110962504952326,2266,2266,0,5,full,fixed504,retain,raw,size_tercile_2,1011055
ld2_enet_characteristics_textcore_full_raw_fixed504_retain,enet,characteristics_textcore,504,cap_spread_bp,10.565456602061822,5.021488732284534,2.1040486527697637,0.03537420321351356,0.7235195380104411,20.4073936661132,2266,2266,0,5,full,fixed504,retain,raw,size_tercile_2,1011055
ld2_enet_characteristics_textcore_full_raw_fixed504_recent,enet,characteristics_textcore,504,rank_ic,0.03331083436733821,0.003347715170912139,9.950319148048113,2.5137574943754897e-23,0.02674943320185207,0.03987223553282436,2266,2266,0,5,full,fixed504,recent,raw,size_tercile_2,1011055
ld2_enet_characteristics_textcore_full_raw_fixed504_recent,enet,characteristics_textcore,504,ew_spread_bp,12.025665202402811,5.077111140295859,2.3686038910903258,0.017855364887109027,2.0747102219158418,21.976620182889782,2266,2266,0,5,full,fixed504,recent,raw,size_tercile_2,1011055
ld2_enet_characteristics_textcore_full_raw_fixed504_recent,enet,characteristics_textcore,504,cap_spread_bp,11.049348079586364,5.076618316723379,2.1765173960759743,0.029516594335760888,1.0993590155521886,20.99933714362054,2266,2266,0,5,full,fixed504,recent,raw,size_tercile_2,1011055
ld2_enet_characteristics_textcore_full_raw_fixed504_union,enet,characteristics_textcore,504,rank_ic,0.03391340831187899,0.003408399822820684,9.94995014517203,2.5230958087179664e-23,0.027233067414237744,0.040593749209520226,2266,2266,0,5,full,fixed504,union,raw,size_tercile_2,1011055
ld2_enet_characteristics_textcore_full_raw_fixed504_union,enet,characteristics_textcore,504,ew_spread_bp,13.328233215324746,5.163812867247693,2.581083698803493,0.009849069966136107,3.207345972614755,23.449120458034734,2266,2266,0,5,full,fixed504,union,raw,size_tercile_2,1011055
ld2_enet_characteristics_textcore_full_raw_fixed504_union,enet,characteristics_textcore,504,cap_spread_bp,12.22411144422787,5.135780890674172,2.3801855461600923,0.01730392265132439,2.158165866017452,22.290057022438287,2266,2266,0,5,full,fixed504,union,raw,size_tercile_2,1011055
ld2_group_ridge_characteristics_textcore_full_raw_fixed504_retain,group_ridge,characteristics_textcore,504,rank_ic,0.03380432562590583,0.0034536776708574603,9.787921412339871,1.268772705883961e-22,0.02703524177681503,0.04057340947499663,2266,2266,0,5,full,fixed504,retain,raw,size_tercile_2,1011055
ld2_group_ridge_characteristics_textcore_full_raw_fixed504_retain,group_ridge,characteristics_textcore,504,ew_spread_bp,14.804016751044442,5.314697483730411,2.785486247592296,0.005344750713554069,4.387401094207187,25.220632407881695,2266,2266,0,5,full,fixed504,retain,raw,size_tercile_2,1011055
ld2_group_ridge_characteristics_textcore_full_raw_fixed504_retain,group_ridge,characteristics_textcore,504,cap_spread_bp,14.050351113645025,5.348942237697816,2.626753195168601,0.008620383308449827,3.56661697237222,24.53408525491783,2266,2266,0,5,full,fixed504,retain,raw,size_tercile_2,1011055
ld2_group_ridge_characteristics_textcore_full_raw_fixed504_recent,group_ridge,characteristics_textcore,504,rank_ic,0.033930402001495254,0.0034645588251577004,9.793570758594582,1.1998219746891233e-22,0.027139991481865758,0.04072081252112475,2266,2266,0,5,full,fixed504,recent,raw,size_tercile_2,1011055
ld2_group_ridge_characteristics_textcore_full_raw_fixed504_recent,group_ridge,characteristics_textcore,504,ew_spread_bp,14.019745297074135,5.355525332869696,2.6178095379415964,0.00884961845555951,3.523108526357646,24.516382067790623,2266,2266,0,5,full,fixed504,recent,raw,size_tercile_2,1011055
ld2_group_ridge_characteristics_textcore_full_raw_fixed504_recent,group_ridge,characteristics_textcore,504,cap_spread_bp,13.769609119836948,5.411000080138328,2.5447438395685515,0.01093579292347625,3.1642438424224792,24.374974397251417,2266,2266,0,5,full,fixed504,recent,raw,size_tercile_2,1011055
ld2_group_ridge_characteristics_textcore_full_raw_fixed504_union,group_ridge,characteristics_textcore,504,rank_ic,0.03430911950023793,0.003499309697378921,9.804539314121412,1.076370302079617e-22,0.027450598522623493,0.041167640477852374,2266,2266,0,5,full,fixed504,union,raw,size_tercile_2,1011055
ld2_group_ridge_characteristics_textcore_full_raw_fixed504_union,group_ridge,characteristics_textcore,504,ew_spread_bp,16.11590379843122,5.404110642245529,2.9821565221941313,0.002862256225060836,5.524041571160362,26.707766025702078,2266,2266,0,5,full,fixed504,union,raw,size_tercile_2,1011055
ld2_group_ridge_characteristics_textcore_full_raw_fixed504_union,group_ridge,characteristics_textcore,504,cap_spread_bp,15.331798875075323,5.430272889196021,2.82339381241396,0.0047518163889238565,4.6886595860268585,25.974938164123788,2266,2266,0,5,full,fixed504,union,raw,size_tercile_2,1011055
ld2_ols_characteristics_textcore_pca_raw_fixed504_retain,ols,characteristics_textcore,504,rank_ic,0.033263703493928154,0.0032557594036659123,10.21688010989816,1.666172949276333e-24,0.02688253232041536,0.039644874667440946,2266,2266,0,5,pca,fixed504,retain,raw,size_tercile_2,1011055
ld2_ols_characteristics_textcore_pca_raw_fixed504_retain,ols,characteristics_textcore,504,ew_spread_bp,14.350497632289112,4.940866988824899,2.9044492929574153,0.0036789979166095173,4.666576281789444,24.03441898278878,2266,2266,0,5,pca,fixed504,retain,raw,size_tercile_2,1011055
ld2_ols_characteristics_textcore_pca_raw_fixed504_retain,ols,characteristics_textcore,504,cap_spread_bp,13.840898434768953,4.936647798081683,2.8037038494314594,0.005051928510600029,4.165246546169893,23.516550323368012,2266,2266,0,5,pca,fixed504,retain,raw,size_tercile_2,1011055
ld2_ols_characteristics_textcore_pca_raw_fixed504_recent,ols,characteristics_textcore,504,rank_ic,0.03366248327116872,0.003281106251763822,10.259491978680302,1.072695802486146e-24,0.027231633188262418,0.04009333335407502,2266,2266,0,5,pca,fixed504,recent,raw,size_tercile_2,1011055
ld2_ols_characteristics_textcore_pca_raw_fixed504_recent,ols,characteristics_textcore,504,ew_spread_bp,14.616180301445608,4.959237555820618,2.9472635938342404,0.003205997871986444,4.896253301258751,24.336107301632467,2266,2266,0,5,pca,fixed504,recent,raw,size_tercile_2,1011055
ld2_ols_characteristics_textcore_pca_raw_fixed504_recent,ols,characteristics_textcore,504,cap_spread_bp,13.440436396795713,5.018269523473151,2.6783010226787436,0.007399668292476682,3.6048088660733573,23.276063927518067,2266,2266,0,5,pca,fixed504,recent,raw,size_tercile_2,1011055
ld2_ols_characteristics_textcore_pca_raw_fixed504_union,ols,characteristics_textcore,504,rank_ic,0.034263777245999244,0.003324355991195401,10.306891721809365,6.558836602189159e-25,0.027748159231466306,0.04077939526053218,2266,2266,0,5,pca,fixed504,union,raw,size_tercile_2,1011055
ld2_ols_characteristics_textcore_pca_raw_fixed504_union,ols,characteristics_textcore,504,ew_spread_bp,15.280174957566924,4.957200258560542,3.082420350313614,0.0020532467017748608,5.5642409866356175,24.99610892849823,2266,2266,0,5,pca,fixed504,union,raw,size_tercile_2,1011055
ld2_ols_characteristics_textcore_pca_raw_fixed504_union,ols,characteristics_textcore,504,cap_spread_bp,14.48897715209898,4.9798668498172605,2.90951095462134,0.003619947004949475,4.728617478652216,24.249336825545747,2266,2266,0,5,pca,fixed504,union,raw,size_tercile_2,1011055
ld2_ridge_characteristics_textcore_pca_raw_fixed504_retain,ridge,characteristics_textcore,504,rank_ic,0.03422225270100202,0.0033816442483662382,10.120003816940738,4.503980551351108e-24,0.027594351765677174,0.04085015363632687,2266,2266,0,5,pca,fixed504,retain,raw,size_tercile_2,1011055
ld2_ridge_characteristics_textcore_pca_raw_fixed504_retain,ridge,characteristics_textcore,504,ew_spread_bp,14.730957782038644,5.248479562122987,2.8067095637274493,0.005005034525347402,4.444126866683035,25.017788697394252,2266,2266,0,5,pca,fixed504,retain,raw,size_tercile_2,1011055
ld2_ridge_characteristics_textcore_pca_raw_fixed504_retain,ridge,characteristics_textcore,504,cap_spread_bp,15.221471739566589,5.238447391976845,2.9057219822193208,0.003664068473088966,4.954303516384197,25.48863996274898,2266,2266,0,5,pca,fixed504,retain,raw,size_tercile_2,1011055
ld2_ridge_characteristics_textcore_pca_raw_fixed504_recent,ridge,characteristics_textcore,504,rank_ic,0.03412025911707221,0.0033924862045164577,10.057597012965742,8.504888854336353e-24,0.02747110833817097,0.040769409895973455,2266,2266,0,5,pca,fixed504,recent,raw,size_tercile_2,1011055
ld2_ridge_characteristics_textcore_pca_raw_fixed504_recent,ridge,characteristics_textcore,504,ew_spread_bp,15.084671954282644,5.286313678861287,2.853533269242547,0.004323600049823886,4.723687532733084,25.445656375832204,2266,2266,0,5,pca,fixed504,recent,raw,size_tercile_2,1011055
ld2_ridge_characteristics_textcore_pca_raw_fixed504_recent,ridge,characteristics_textcore,504,cap_spread_bp,14.817227960062096,5.340564276935831,2.7744686126244953,0.005529196922117193,4.349914320146672,25.284541599977523,2266,2266,0,5,pca,fixed504,recent,raw,size_tercile_2,1011055
ld2_ridge_characteristics_textcore_pca_raw_fixed504_union,ridge,characteristics_textcore,504,rank_ic,0.03468283658605054,0.003432793117055286,10.103386776713805,5.336663751138508e-24,0.027954685710245192,0.0414109874618559,2266,2266,0,5,pca,fixed504,union,raw,size_tercile_2,1011055
ld2_ridge_characteristics_textcore_pca_raw_fixed504_union,ridge,characteristics_textcore,504,ew_spread_bp,15.76837671183419,5.322164872180604,2.962774940373756,0.0030487939551595974,5.337125242575986,26.199628181092393,2266,2266,0,5,pca,fixed504,union,raw,size_tercile_2,1011055
ld2_ridge_characteristics_textcore_pca_raw_fixed504_union,ridge,characteristics_textcore,504,cap_spread_bp,15.322731010566667,5.340533832088736,2.869138459249081,0.004115915791178352,4.855477041455064,25.78998497967827,2266,2266,0,5,pca,fixed504,union,raw,size_tercile_2,1011055
ld2_lasso_characteristics_textcore_pca_raw_fixed504_retain,lasso,characteristics_textcore,504,rank_ic,0.03384983952340053,0.003383924511967318,10.003130803801882,1.476536533987815e-23,0.027217469353542308,0.040482209693258754,2266,2266,0,5,pca,fixed504,retain,raw,size_tercile_2,1011055
ld2_lasso_characteristics_textcore_pca_raw_fixed504_retain,lasso,characteristics_textcore,504,ew_spread_bp,12.710876104330065,5.045002887264107,2.5194982814416473,0.011752221406822009,2.822852143391829,22.598900065268303,2266,2266,0,5,pca,fixed504,retain,raw,size_tercile_2,1011055
ld2_lasso_characteristics_textcore_pca_raw_fixed504_retain,lasso,characteristics_textcore,504,cap_spread_bp,12.366611488055913,5.049398302059193,2.449125766730006,0.014320343588401431,2.4699726724221946,22.26325030368963,2266,2266,0,5,pca,fixed504,retain,raw,size_tercile_2,1011055
ld2_lasso_characteristics_textcore_pca_raw_fixed504_recent,lasso,characteristics_textcore,504,rank_ic,0.03415783901125021,0.003363651417436528,10.154987771379187,3.1484965079475345e-24,0.027565203376527514,0.04075047464597291,2266,2266,0,5,pca,fixed504,recent,raw,size_tercile_2,1011055
ld2_lasso_characteristics_textcore_pca_raw_fixed504_recent,lasso,characteristics_textcore,504,ew_spread_bp,12.371048270083074,5.096745822320293,2.42724450097281,0.015213998789572023,2.381610019980318,22.36048652018583,2266,2266,0,5,pca,fixed504,recent,raw,size_tercile_2,1011055
ld2_lasso_characteristics_textcore_pca_raw_fixed504_recent,lasso,characteristics_textcore,504,cap_spread_bp,12.224431619268543,5.1158381259308054,2.38952666569065,0.016870099157645823,2.197573141707279,22.251290096829806,2266,2266,0,5,pca,fixed504,recent,raw,size_tercile_2,1011055
ld2_lasso_characteristics_textcore_pca_raw_fixed504_union,lasso,characteristics_textcore,504,rank_ic,0.03467744445598808,0.003432983839736561,10.101254790249508,5.4539809736775925e-24,0.0279489197705964,0.04140596914137977,2266,2266,0,5,pca,fixed504,union,raw,size_tercile_2,1011055
ld2_lasso_characteristics_textcore_pca_raw_fixed504_union,lasso,characteristics_textcore,504,ew_spread_bp,13.327876819073223,5.102562395486286,2.61199683336808,0.009001508789815777,3.327038295051679,23.328715343094768,2266,2266,0,5,pca,fixed504,union,raw,size_tercile_2,1011055
ld2_lasso_characteristics_textcore_pca_raw_fixed504_union,lasso,characteristics_textcore,504,cap_spread_bp,13.421962599677046,5.08852338037085,2.6376930194430703,0.00834721066722857,3.4486400396601713,23.39528515969392,2266,2266,0,5,pca,fixed504,union,raw,size_tercile_2,1011055
ld2_enet_characteristics_textcore_pca_raw_fixed504_retain,enet,characteristics_textcore,504,rank_ic,0.03399108679150169,0.003382974782924409,10.047691446909967,9.404469518248015e-24,0.02736057805636264,0.040621595526640734,2266,2266,0,5,pca,fixed504,retain,raw,size_tercile_2,1011055
ld2_enet_characteristics_textcore_pca_raw_fixed504_retain,enet,characteristics_textcore,504,ew_spread_bp,12.736995243807067,4.997234544954035,2.5488087719773462,0.010809155250176316,2.9425955133977517,22.531394974216383,2266,2266,0,5,pca,fixed504,retain,raw,size_tercile_2,1011055
ld2_enet_characteristics_textcore_pca_raw_fixed504_retain,enet,characteristics_textcore,504,cap_spread_bp,12.245089664469003,5.0105414653102,2.443865548114153,0.01453084066411454,2.4246088494164617,22.065570479521543,2266,2266,0,5,pca,fixed504,retain,raw,size_tercile_2,1011055
ld2_enet_characteristics_textcore_pca_raw_fixed504_recent,enet,characteristics_textcore,504,rank_ic,0.0342425128424235,0.003368622553837024,10.16513791473005,2.837202131806728e-24,0.027640133959393597,0.04084489172545341,2266,2266,0,5,pca,fixed504,recent,raw,size_tercile_2,1011055
ld2_enet_characteristics_textcore_pca_raw_fixed504_recent,enet,characteristics_textcore,504,ew_spread_bp,12.799492296775572,5.051984047036987,2.533557544442868,0.011291119957736606,2.8977855141121722,22.70119907943897,2266,2266,0,5,pca,fixed504,recent,raw,size_tercile_2,1011055
ld2_enet_characteristics_textcore_pca_raw_fixed504_recent,enet,characteristics_textcore,504,cap_spread_bp,12.558189669107936,5.08912507717169,2.4676519988554144,0.013600246690108583,2.5836878050318006,22.53269153318407,2266,2266,0,5,pca,fixed504,recent,raw,size_tercile_2,1011055
ld2_enet_characteristics_textcore_pca_raw_fixed504_union,enet,characteristics_textcore,504,rank_ic,0.034724133234642865,0.003435796132317378,10.106575564255644,5.165843429526651e-24,0.027990096557078792,0.04145816991220694,2266,2266,0,5,pca,fixed504,union,raw,size_tercile_2,1011055
ld2_enet_characteristics_textcore_pca_raw_fixed504_union,enet,characteristics_textcore,504,ew_spread_bp,13.788921855653573,5.088059686180618,2.710055051654535,0.006727204137834979,3.8165081195493915,23.761335591757756,2266,2266,0,5,pca,fixed504,union,raw,size_tercile_2,1011055
ld2_enet_characteristics_textcore_pca_raw_fixed504_union,enet,characteristics_textcore,504,cap_spread_bp,13.400531037911172,5.086152050392153,2.6347090895322256,0.008420942109068272,3.431856199248003,23.36920587657434,2266,2266,0,5,pca,fixed504,union,raw,size_tercile_2,1011055
ld2_group_ridge_characteristics_textcore_pca_raw_fixed504_retain,group_ridge,characteristics_textcore,504,rank_ic,0.034217745710962255,0.003432487959467938,9.96878827107853,2.087601170180144e-23,0.027490192933037717,0.0409452984888868,2266,2266,0,5,pca,fixed504,retain,raw,size_tercile_2,1011055
ld2_group_ridge_characteristics_textcore_pca_raw_fixed504_retain,group_ridge,characteristics_textcore,504,ew_spread_bp,14.469289155574,5.3538819473832415,2.7025790440982727,0.006880382280053806,3.9758733612236785,24.962704949924323,2266,2266,0,5,pca,fixed504,retain,raw,size_tercile_2,1011055
ld2_group_ridge_characteristics_textcore_pca_raw_fixed504_retain,group_ridge,characteristics_textcore,504,cap_spread_bp,14.93799142044232,5.353580414617352,2.790280571793749,0.005266238341389296,4.4451666194533,25.43081622143134,2266,2266,0,5,pca,fixed504,retain,raw,size_tercile_2,1011055
ld2_group_ridge_characteristics_textcore_pca_raw_fixed504_recent,group_ridge,characteristics_textcore,504,rank_ic,0.03439570005639549,0.0034366558898756353,10.00847950989943,1.3988586802003326e-23,0.02765997828498179,0.041131421827809184,2266,2266,0,5,pca,fixed504,recent,raw,size_tercile_2,1011055
ld2_group_ridge_characteristics_textcore_pca_raw_fixed504_recent,group_ridge,characteristics_textcore,504,ew_spread_bp,14.15441537844852,5.3975358382104455,2.6223846960396324,0.008731680834999016,3.5754395302918347,24.733391226605207,2266,2266,0,5,pca,fixed504,recent,raw,size_tercile_2,1011055
ld2_group_ridge_characteristics_textcore_pca_raw_fixed504_recent,group_ridge,characteristics_textcore,504,cap_spread_bp,14.163383050877007,5.441959118870109,2.602625771620587,0.009251287516021863,3.497339172552266,24.829426929201748,2266,2266,0,5,pca,fixed504,recent,raw,size_tercile_2,1011055
ld2_group_ridge_characteristics_textcore_pca_raw_fixed504_union,group_ridge,characteristics_textcore,504,rank_ic,0.034619061055293665,0.003478721542326688,9.951662021254869,2.4800615378382688e-23,0.027800892120089727,0.04143722999049761,2266,2266,0,5,pca,fixed504,union,raw,size_tercile_2,1011055
ld2_group_ridge_characteristics_textcore_pca_raw_fixed504_union,group_ridge,characteristics_textcore,504,ew_spread_bp,15.640609575788362,5.421541353218907,2.8849009085768818,0.003915368794631576,5.014583782784756,26.266635368791967,2266,2266,0,5,pca,fixed504,union,raw,size_tercile_2,1011055
ld2_group_ridge_characteristics_textcore_pca_raw_fixed504_union,group_ridge,characteristics_textcore,504,cap_spread_bp,15.567494644468484,5.414699192312427,2.875043301864412,0.00403972091330519,4.954879240418007,26.180110048518962,2266,2266,0,5,pca,fixed504,union,raw,size_tercile_2,1011055
ld2_ols_characteristics_full_raw_fixed504_retain,ols,characteristics,504,rank_ic,0.022005231130754057,0.003990115796252725,5.514935469146042,3.489079566038838e-08,0.014184747875954355,0.02982571438555376,2266,2266,0,5,full,fixed504,retain,raw,size_tercile_3,1011177
ld2_ols_characteristics_full_raw_fixed504_retain,ols,characteristics,504,ew_spread_bp,3.351560181255104,3.531475203231897,0.9490538623031699,0.3425932183673518,-3.570004029375682,10.27312439188589,2266,2266,0,5,full,fixed504,retain,raw,size_tercile_3,1011177
ld2_ols_characteristics_full_raw_fixed504_retain,ols,characteristics,504,cap_spread_bp,4.688790352322591,3.537270763269957,1.3255390005791174,0.1849924428688352,-2.244132947253032,11.621713651898213,2266,2266,0,5,full,fixed504,retain,raw,size_tercile_3,1011177
ld2_ols_characteristics_full_raw_fixed504_recent,ols,characteristics,504,rank_ic,0.021964023782986453,0.003994563454911748,5.498479128170892,3.8308087231314685e-08,0.014134823277399539,0.029793224288573367,2266,2266,0,5,full,fixed504,recent,raw,size_tercile_3,1011177
ld2_ols_characteristics_full_raw_fixed504_recent,ols,characteristics,504,ew_spread_bp,4.194326061061765,3.625146654813282,1.1570086565995217,0.24726882362340696,-2.9108308210481226,11.299482943171652,2266,2266,0,5,full,fixed504,recent,raw,size_tercile_3,1011177
ld2_ols_characteristics_full_raw_fixed504_recent,ols,characteristics,504,cap_spread_bp,3.168209197077378,3.6165284006001492,0.8760360340462487,0.38101044475995327,-3.920056217165159,10.256474611319915,2266,2266,0,5,full,fixed504,recent,raw,size_tercile_3,1011177
ld2_ols_characteristics_full_raw_fixed504_union,ols,characteristics,504,rank_ic,0.02234309647582502,0.004046615785919716,5.521427696093187,3.3625618015288544e-08,0.014411875276151133,0.03027431767549891,2266,2266,0,5,full,fixed504,union,raw,size_tercile_3,1011177
ld2_ols_characteristics_full_raw_fixed504_union,ols,characteristics,504,ew_spread_bp,4.567786020622335,3.638038278282456,1.2555629356321174,0.2092744765823482,-2.562637979189386,11.698210020434056,2266,2266,0,5,full,fixed504,union,raw,size_tercile_3,1011177
ld2_ols_characteristics_full_raw_fixed504_union,ols,characteristics,504,cap_spread_bp,5.425075514077032,3.6141268293472373,1.5010750231631682,0.1333361581602293,-1.6584829070034912,12.508633935157555,2266,2266,0,5,full,fixed504,union,raw,size_tercile_3,1011177
ld2_ridge_characteristics_full_raw_fixed504_retain,ridge,characteristics,504,rank_ic,0.022464062319759344,0.004342000241630131,5.173666759476178,2.295440655508394e-07,0.013953898225300075,0.03097422641421861,2266,2266,0,5,full,fixed504,retain,raw,size_tercile_3,1011177
ld2_ridge_characteristics_full_raw_fixed504_retain,ridge,characteristics,504,ew_spread_bp,2.933303580882604,3.9134759952157685,0.7495391780781517,0.45353229417133467,-4.736968424102347,10.603575585867555,2266,2266,0,5,full,fixed504,retain,raw,size_tercile_3,1011177
ld2_ridge_characteristics_full_raw_fixed504_retain,ridge,characteristics,504,cap_spread_bp,3.932654504883547,3.9772993936257546,0.9887750746615258,0.3227732019118318,-3.862709062355928,11.728018072123021,2266,2266,0,5,full,fixed504,retain,raw,size_tercile_3,1011177
ld2_ridge_characteristics_full_raw_fixed504_recent,ridge,characteristics,504,rank_ic,0.02241139248468722,0.004322392177714092,5.184951194442412,2.1607144089202523e-07,0.013939659489309947,0.030883125480064492,2266,2266,0,5,full,fixed504,recent,raw,size_tercile_3,1011177
ld2_ridge_characteristics_full_raw_fixed504_recent,ridge,characteristics,504,ew_spread_bp,2.9984560991778864,4.009714826586521,0.7477978432023503,0.4545821032434122,-4.860440549207963,10.857352747563736,2266,2266,0,5,full,fixed504,recent,raw,size_tercile_3,1011177
ld2_ridge_characteristics_full_raw_fixed504_recent,ridge,characteristics,504,cap_spread_bp,3.8688958509524687,4.0640025598867835,0.9519914896560129,0.34110129794136756,-4.096402799504211,11.834194501409147,2266,2266,0,5,full,fixed504,recent,raw,size_tercile_3,1011177
ld2_ridge_characteristics_full_raw_fixed504_union,ridge,characteristics,504,rank_ic,0.022584556993477015,0.004361333885310111,5.178360012643505,2.2384494672801084e-07,0.014036499653715053,0.031132614333238974,2266,2266,0,5,full,fixed504,union,raw,size_tercile_3,1011177
ld2_ridge_characteristics_full_raw_fixed504_union,ridge,characteristics,504,ew_spread_bp,3.0971508396035654,4.01489423900651,0.7714152989419615,0.44046080977064106,-4.771897270586542,10.966198949793672,2266,2266,0,5,full,fixed504,union,raw,size_tercile_3,1011177
ld2_ridge_characteristics_full_raw_fixed504_union,ridge,characteristics,504,cap_spread_bp,4.647218653719136,4.054612120008028,1.1461561590039184,0.25173054421046204,-3.2996750727761945,12.594112380214467,2266,2266,0,5,full,fixed504,union,raw,size_tercile_3,1011177
ld2_lasso_characteristics_full_raw_fixed504_retain,lasso,characteristics,504,rank_ic,0.022053511614149257,0.004236728066199026,5.205316760849967,1.936659664758248e-07,0.013749677192109136,0.030357346036189378,2266,2266,0,5,full,fixed504,retain,raw,size_tercile_3,1011177
ld2_lasso_characteristics_full_raw_fixed504_retain,lasso,characteristics,504,ew_spread_bp,3.2338802335751815,3.684122719007648,0.8777884126634784,0.38005855384039133,-3.986867610305586,10.454628077455949,2266,2266,0,5,full,fixed504,retain,raw,size_tercile_3,1011177
ld2_lasso_characteristics_full_raw_fixed504_retain,lasso,characteristics,504,cap_spread_bp,4.15527478081887,3.810091812322331,1.0905970211479348,0.27545024090037007,-3.312367949123842,11.622917510761582,2266,2266,0,5,full,fixed504,retain,raw,size_tercile_3,1011177
ld2_lasso_characteristics_full_raw_fixed504_recent,lasso,characteristics,504,rank_ic,0.021776785110674865,0.004233835627736174,5.143512177944159,2.696491662434908e-07,0.013478619763849432,0.030074950457500298,2266,2266,0,5,full,fixed504,recent,raw,size_tercile_3,1011177
ld2_lasso_characteristics_full_raw_fixed504_recent,lasso,characteristics,504,ew_spread_bp,2.8067194346562556,3.872433815013782,0.7247946817772188,0.4685779988970743,-4.783111375285799,10.39655024459831,2266,2266,0,5,full,fixed504,recent,raw,size_tercile_3,1011177
ld2_lasso_characteristics_full_raw_fixed504_recent,lasso,characteristics,504,cap_spread_bp,3.011866793803197,3.9741410900735974,0.7578660962304737,0.44853114867800625,-4.777306612221805,10.801040199828199,2266,2266,0,5,full,fixed504,recent,raw,size_tercile_3,1011177
ld2_lasso_characteristics_full_raw_fixed504_union,lasso,characteristics,504,rank_ic,0.022004601054454846,0.004287463239878698,5.1323124708766965,2.8620383294892766e-07,0.013601327519253184,0.030407874589656506,2266,2266,0,5,full,fixed504,union,raw,size_tercile_3,1011177
ld2_lasso_characteristics_full_raw_fixed504_union,lasso,characteristics,504,ew_spread_bp,3.444426344045039,3.806509685158843,0.9048778615944347,0.3655300965795477,-4.016195545669193,10.905048233759272,2266,2266,0,5,full,fixed504,union,raw,size_tercile_3,1011177
ld2_lasso_characteristics_full_raw_fixed504_union,lasso,characteristics,504,cap_spread_bp,4.729407575506632,3.9222071767038167,1.2058025908466106,0.2278936163018903,-2.9579772307373764,12.41679238175064,2266,2266,0,5,full,fixed504,union,raw,size_tercile_3,1011177
ld2_enet_characteristics_full_raw_fixed504_retain,enet,characteristics,504,rank_ic,0.02166459942002105,0.004281312442220594,5.060270585807618,4.1866191665766505e-07,0.013273381226705462,0.030055817613336637,2266,2266,0,5,full,fixed504,retain,raw,size_tercile_3,1011177
ld2_enet_characteristics_full_raw_fixed504_retain,enet,characteristics,504,ew_spread_bp,3.092349706547384,3.7210270128164327,0.8310473683465134,0.40594687057685475,-4.200729224073486,10.385428637168255,2266,2266,0,5,full,fixed504,retain,raw,size_tercile_3,1011177
ld2_enet_characteristics_full_raw_fixed504_retain,enet,characteristics,504,cap_spread_bp,3.963805410602543,3.842152558888643,1.0316626812312442,0.302230165548928,-3.5666752279276066,11.494286049132693,2266,2266,0,5,full,fixed504,retain,raw,size_tercile_3,1011177
ld2_enet_characteristics_full_raw_fixed504_recent,enet,characteristics,504,rank_ic,0.021357750175584896,0.004263086163427288,5.009926930122011,5.445070545710368e-07,0.013002254832276376,0.029713245518893414,2266,2266,0,5,full,fixed504,recent,raw,size_tercile_3,1011177
ld2_enet_characteristics_full_raw_fixed504_recent,enet,characteristics,504,ew_spread_bp,2.4547244906257415,3.8680658259869163,0.6346129050167939,0.5256809094120535,-5.126545218138791,10.035994199390274,2266,2266,0,5,full,fixed504,recent,raw,size_tercile_3,1011177
ld2_enet_characteristics_full_raw_fixed504_recent,enet,characteristics,504,cap_spread_bp,2.8542398184398956,3.9833538392259995,0.7165418724123437,0.4736568220503894,-4.952990244122416,10.661469881002207,2266,2266,0,5,full,fixed504,recent,raw,size_tercile_3,1011177
ld2_enet_characteristics_full_raw_fixed504_union,enet,characteristics,504,rank_ic,0.021546768882461403,0.004328866348664685,4.977462260785179,6.442333771282791e-07,0.013062346745191213,0.030031191019731594,2266,2266,0,5,full,fixed504,union,raw,size_tercile_3,1011177
ld2_enet_characteristics_full_raw_fixed504_union,enet,characteristics,504,ew_spread_bp,3.5989384866146406,3.82437983517001,0.9410515277582653,0.3466784538862471,-3.896708253519807,11.09458522674909,2266,2266,0,5,full,fixed504,union,raw,size_tercile_3,1011177
ld2_enet_characteristics_full_raw_fixed504_union,enet,characteristics,504,cap_spread_bp,4.792881487019938,3.916556952605404,1.2237487019897868,0.2210470412356106,-2.883429083486601,12.469192057526477,2266,2266,0,5,full,fixed504,union,raw,size_tercile_3,1011177
ld2_ols_characteristics_core_full_raw_fixed504_retain,ols,characteristics_core,504,rank_ic,0.021392332971787137,0.003755247540276346,5.696650551620597,1.2218400023759012e-08,0.014032183039812872,0.028752482903761402,2266,2266,0,5,full,fixed504,retain,raw,size_tercile_3,1011177
ld2_ols_characteristics_core_full_raw_fixed504_retain,ols,characteristics_core,504,ew_spread_bp,4.611011604065688,3.403223924612694,1.354895154185438,0.1754509637803835,-2.059184719500249,11.281207927631623,2266,2266,0,5,full,fixed504,retain,raw,size_tercile_3,1011177
ld2_ols_characteristics_core_full_raw_fixed504_retain,ols,characteristics_core,504,cap_spread_bp,5.992900532120364,3.1692230634087064,1.8909683579276393,0.05862856824191136,-0.2186625311344006,12.20446359537513,2266,2266,0,5,full,fixed504,retain,raw,size_tercile_3,1011177
ld2_ols_characteristics_core_full_raw_fixed504_recent,ols,characteristics_core,504,rank_ic,0.021166790462418365,0.0037432461399926125,5.654661668190524,1.561535576468641e-08,0.013830162842764268,0.028503418082072463,2266,2266,0,5,full,fixed504,recent,raw,size_tercile_3,1011177
ld2_ols_characteristics_core_full_raw_fixed504_recent,ols,characteristics_core,504,ew_spread_bp,4.96433753986968,3.5142243556762938,1.412641037516889,0.15776129635807457,-1.923415630849333,11.852090710588694,2266,2266,0,5,full,fixed504,recent,raw,size_tercile_3,1011177
ld2_ols_characteristics_core_full_raw_fixed504_recent,ols,characteristics_core,504,cap_spread_bp,5.6195533763782395,3.2491809208262374,1.7295292300772336,0.08371441970892879,-0.7487242076958749,11.987830960452353,2266,2266,0,5,full,fixed504,recent,raw,size_tercile_3,1011177
ld2_ols_characteristics_core_full_raw_fixed504_union,ols,characteristics_core,504,rank_ic,0.02166927249935419,0.0038098609405096246,5.687680689063577,1.2877631930310697e-08,0.014202082269849429,0.02913646272885895,2266,2266,0,5,full,fixed504,union,raw,size_tercile_3,1011177
ld2_ols_characteristics_core_full_raw_fixed504_union,ols,characteristics_core,504,ew_spread_bp,5.376509919406503,3.513880560553012,1.5300775956256043,0.12599752316590637,-1.5105694252528163,12.263589264065823,2266,2266,0,5,full,fixed504,union,raw,size_tercile_3,1011177
ld2_ols_characteristics_core_full_raw_fixed504_union,ols,characteristics_core,504,cap_spread_bp,6.751853962513392,3.298195446616554,2.0471357964670545,0.04064475314002768,0.28750967317094744,13.216198251855836,2266,2266,0,5,full,fixed504,union,raw,size_tercile_3,1011177
ld2_ridge_characteristics_core_full_raw_fixed504_retain,ridge,characteristics_core,504,rank_ic,0.021830166920406187,0.004129983741165349,5.285775511127415,1.2517332265956784e-07,0.01373554753098611,0.029924786309826264,2266,2266,0,5,full,fixed504,retain,raw,size_tercile_3,1011177
ld2_ridge_characteristics_core_full_raw_fixed504_retain,ridge,characteristics_core,504,ew_spread_bp,3.826560962847248,3.8643948039956046,0.9902096335733507,0.322071664809206,-3.747513675027858,11.400635600722353,2266,2266,0,5,full,fixed504,retain,raw,size_tercile_3,1011177
ld2_ridge_characteristics_core_full_raw_fixed504_retain,ridge,characteristics_core,504,cap_spread_bp,5.174283640886163,3.8171103272964517,1.3555499310262162,0.1752424116431217,-2.307115125630781,12.655682407403106,2266,2266,0,5,full,fixed504,retain,raw,size_tercile_3,1011177
ld2_ridge_characteristics_core_full_raw_fixed504_recent,ridge,characteristics_core,504,rank_ic,0.02153948895176374,0.004113888635187718,5.235797772338309,1.6427374284096948e-07,0.013476415390387176,0.029602562513140303,2266,2266,0,5,full,fixed504,recent,raw,size_tercile_3,1011177
ld2_ridge_characteristics_core_full_raw_fixed504_recent,ridge,characteristics_core,504,ew_spread_bp,3.8445013088506155,3.932695810535844,0.9775740342161853,0.3282850448652701,-3.8634408419511947,11.552443459652427,2266,2266,0,5,full,fixed504,recent,raw,size_tercile_3,1011177
ld2_ridge_characteristics_core_full_raw_fixed504_recent,ridge,characteristics_core,504,cap_spread_bp,5.80619120056335,3.855666831522659,1.5058850918066489,0.13209667426946217,-1.7507769256067256,13.363159326733426,2266,2266,0,5,full,fixed504,recent,raw,size_tercile_3,1011177
ld2_ridge_characteristics_core_full_raw_fixed504_union,ridge,characteristics_core,504,rank_ic,0.0218316529377562,0.004151422992261086,5.2588360613827785,1.4497005629652575e-07,0.013695013388332967,0.02996829248717943,2266,2266,0,5,full,fixed504,union,raw,size_tercile_3,1011177
ld2_ridge_characteristics_core_full_raw_fixed504_union,ridge,characteristics_core,504,ew_spread_bp,4.174624320090524,3.9428448174065545,1.0587848402404092,0.28969777927008666,-3.553209518656728,11.902458158837778,2266,2266,0,5,full,fixed504,union,raw,size_tercile_3,1011177
ld2_ridge_characteristics_core_full_raw_fixed504_union,ridge,characteristics_core,504,cap_spread_bp,5.634120038311913,3.877151533401148,1.4531596172537269,0.146179441497512,-1.9649573297585814,13.233197406382407,2266,2266,0,5,full,fixed504,union,raw,size_tercile_3,1011177
ld2_lasso_characteristics_core_full_raw_fixed504_retain,lasso,characteristics_core,504,rank_ic,0.02121860996923369,0.003982436919816833,5.328046720250277,9.927459095257758e-08,0.01341317703569007,0.029024042902777308,2266,2266,0,5,full,fixed504,retain,raw,size_tercile_3,1011177
ld2_lasso_characteristics_core_full_raw_fixed504_retain,lasso,characteristics_core,504,ew_spread_bp,3.9628396708993767,3.568374923746849,1.1105446472363205,0.266764400042238,-3.0310466629803097,10.956726004779064,2266,2266,0,5,full,fixed504,retain,raw,size_tercile_3,1011177
ld2_lasso_characteristics_core_full_raw_fixed504_retain,lasso,characteristics_core,504,cap_spread_bp,4.729991755272494,3.51962560602048,1.343890596540049,0.1789837672564315,-2.168347671592608,11.628331182137597,2266,2266,0,5,full,fixed504,retain,raw,size_tercile_3,1011177
ld2_lasso_characteristics_core_full_raw_fixed504_recent,lasso,characteristics_core,504,rank_ic,0.020770561369652756,0.003980693149572468,5.217825285499221,1.8103610630491338e-07,0.012968546162985404,0.02857257657632011,2266,2266,0,5,full,fixed504,recent,raw,size_tercile_3,1011177
ld2_lasso_characteristics_core_full_raw_fixed504_recent,lasso,characteristics_core,504,ew_spread_bp,3.9275640356739565,3.7239962924329206,1.0546637878385328,0.29157911902769384,-3.3713345760552587,11.22646264740317,2266,2266,0,5,full,fixed504,recent,raw,size_tercile_3,1011177
ld2_lasso_characteristics_core_full_raw_fixed504_recent,lasso,characteristics_core,504,cap_spread_bp,4.47453491444851,3.6554481789090363,1.2240728620543402,0.22092474243098104,-2.6900118635657293,11.63908169246275,2266,2266,0,5,full,fixed504,recent,raw,size_tercile_3,1011177
ld2_lasso_characteristics_core_full_raw_fixed504_union,lasso,characteristics_core,504,rank_ic,0.02112518283084549,0.0040399884691136,5.22902057576429,1.704104010947933e-07,0.013206950933425724,0.029043414728265254,2266,2266,0,5,full,fixed504,union,raw,size_tercile_3,1011177
ld2_lasso_characteristics_core_full_raw_fixed504_union,lasso,characteristics_core,504,ew_spread_bp,3.949647320708579,3.7176284495444754,1.0624104518009412,0.28804939098634086,-3.3367705483000747,11.236065189717232,2266,2266,0,5,full,fixed504,union,raw,size_tercile_3,1011177
ld2_lasso_characteristics_core_full_raw_fixed504_union,lasso,characteristics_core,504,cap_spread_bp,5.421254513929685,3.686444443754798,1.4705916762461528,0.14140157636052136,-1.8040438268375123,12.646552854696882,2266,2266,0,5,full,fixed504,union,raw,size_tercile_3,1011177
ld2_enet_characteristics_core_full_raw_fixed504_retain,enet,characteristics_core,504,rank_ic,0.020978214619644855,0.004029532599407859,5.206116119454552,1.9283400367074874e-07,0.013080475850275386,0.028875953389014324,2266,2266,0,5,full,fixed504,retain,raw,size_tercile_3,1011177
ld2_enet_characteristics_core_full_raw_fixed504_retain,enet,characteristics_core,504,ew_spread_bp,3.8481348225744156,3.5939841384149966,1.0707155831443105,0.2842973338266861,-3.1959446497271946,10.892214294876027,2266,2266,0,5,full,fixed504,retain,raw,size_tercile_3,1011177
ld2_enet_characteristics_core_full_raw_fixed504_retain,enet,characteristics_core,504,cap_spread_bp,4.878450357217244,3.553263970408875,1.372949040050036,0.16976818956352435,-2.085819052347947,11.842719766782436,2266,2266,0,5,full,fixed504,retain,raw,size_tercile_3,1011177
ld2_enet_characteristics_core_full_raw_fixed504_recent,enet,characteristics_core,504,rank_ic,0.020454555633054837,0.004015663758913603,5.093692316158614,3.5115649189638035e-07,0.01258399929156144,0.028325111974548234,2266,2266,0,5,full,fixed504,recent,raw,size_tercile_3,1011177
ld2_enet_characteristics_core_full_raw_fixed504_recent,enet,characteristics_core,504,ew_spread_bp,3.7364826460840677,3.745009849615074,0.9977230491044282,0.3184136732761449,-3.6036017809092415,11.076567073077378,2266,2266,0,5,full,fixed504,recent,raw,size_tercile_3,1011177
ld2_enet_characteristics_core_full_raw_fixed504_recent,enet,characteristics_core,504,cap_spread_bp,4.752507309656342,3.6752404179113682,1.293114672578939,0.19597140116947442,-2.4508315439758768,11.95584616328856,2266,2266,0,5,full,fixed504,recent,raw,size_tercile_3,1011177
ld2_enet_characteristics_core_full_raw_fixed504_union,enet,characteristics_core,504,rank_ic,0.020822275045089097,0.004086878644232001,5.094909063296149,3.4890869179992524e-07,0.012812140093208491,0.028832409996969705,2266,2266,0,5,full,fixed504,union,raw,size_tercile_3,1011177
ld2_enet_characteristics_core_full_raw_fixed504_union,enet,characteristics_core,504,ew_spread_bp,3.943670683784076,3.728244963703269,1.0577820723096545,0.29015480792975024,-3.3635551706171722,11.250896538185325,2266,2266,0,5,full,fixed504,union,raw,size_tercile_3,1011177
ld2_enet_characteristics_core_full_raw_fixed504_union,enet,characteristics_core,504,cap_spread_bp,5.01111063857787,3.691826151319937,1.357352820307167,0.17466913155520047,-2.224735655192326,12.246956932348066,2266,2266,0,5,full,fixed504,union,raw,size_tercile_3,1011177
ld2_group_ridge_characteristics_core_full_raw_fixed504_retain,group_ridge,characteristics_core,504,rank_ic,0.021844959267155104,0.004184611540592524,5.220307561466493,1.7862623187242055e-07,0.013643271358303085,0.03004664717600712,2266,2266,0,5,full,fixed504,retain,raw,size_tercile_3,1011177
ld2_group_ridge_characteristics_core_full_raw_fixed504_retain,group_ridge,characteristics_core,504,ew_spread_bp,3.2328715406881967,3.870161575086532,0.8353324474872638,0.4035305529893791,-4.352505760832214,10.818248842208607,2266,2266,0,5,full,fixed504,retain,raw,size_tercile_3,1011177
ld2_group_ridge_characteristics_core_full_raw_fixed504_retain,group_ridge,characteristics_core,504,cap_spread_bp,5.013694083842447,3.821432741314322,1.3119932819014015,0.18952240130055575,-2.476176458475794,12.503564626160689,2266,2266,0,5,full,fixed504,retain,raw,size_tercile_3,1011177
ld2_group_ridge_characteristics_core_full_raw_fixed504_recent,group_ridge,characteristics_core,504,rank_ic,0.021658394294822643,0.004158997401846414,5.207599861737653,1.9129889066248035e-07,0.013506909175408014,0.029809879414237274,2266,2266,0,5,full,fixed504,recent,raw,size_tercile_3,1011177
ld2_group_ridge_characteristics_core_full_raw_fixed504_recent,group_ridge,characteristics_core,504,ew_spread_bp,3.462133552845454,3.96044468418316,0.8741779847783727,0.38202133324403464,-4.300195390916649,11.224462496607556,2266,2266,0,5,full,fixed504,recent,raw,size_tercile_3,1011177
ld2_group_ridge_characteristics_core_full_raw_fixed504_recent,group_ridge,characteristics_core,504,cap_spread_bp,4.395462594428127,3.900559132369019,1.126880133146072,0.2597931641225585,-3.2494928245839514,12.040418013440206,2266,2266,0,5,full,fixed504,recent,raw,size_tercile_3,1011177
ld2_group_ridge_characteristics_core_full_raw_fixed504_union,group_ridge,characteristics_core,504,rank_ic,0.021874511655936416,0.004201047334285145,5.206918636078307,1.9200222958435494e-07,0.01364061018338953,0.0301084131284833,2266,2266,0,5,full,fixed504,union,raw,size_tercile_3,1011177
ld2_group_ridge_characteristics_core_full_raw_fixed504_union,group_ridge,characteristics_core,504,ew_spread_bp,3.7619641667699555,3.9585828802347205,0.9503310352685841,0.34194407405012506,-3.996715708306931,11.520644041846841,2266,2266,0,5,full,fixed504,union,raw,size_tercile_3,1011177
ld2_group_ridge_characteristics_core_full_raw_fixed504_union,group_ridge,characteristics_core,504,cap_spread_bp,5.080714914601083,3.9405679951819557,1.2893356797327593,0.19728141192558168,-2.6426564345867547,12.804086263788921,2266,2266,0,5,full,fixed504,union,raw,size_tercile_3,1011177
ld2_ols_characteristics_textcore_full_raw_fixed504_retain,ols,characteristics_textcore,504,rank_ic,0.017553062257518404,0.0029302339494104296,5.990327926222452,2.094183446091411e-09,0.011809909250397398,0.02329621526463941,2266,2266,0,5,full,fixed504,retain,raw,size_tercile_3,1011177
ld2_ols_characteristics_textcore_full_raw_fixed504_retain,ols,characteristics_textcore,504,ew_spread_bp,4.38862773353554,2.8826958342021096,1.5224040224660926,0.12790787756492525,-1.2613522798842416,10.038607746955321,2266,2266,0,5,full,fixed504,retain,raw,size_tercile_3,1011177
ld2_ols_characteristics_textcore_full_raw_fixed504_retain,ols,characteristics_textcore,504,cap_spread_bp,4.176517090478666,2.5648084934918773,1.6283933483051267,0.10344150714834581,-0.8504151840078471,9.203449364965179,2266,2266,0,5,full,fixed504,retain,raw,size_tercile_3,1011177
ld2_ols_characteristics_textcore_full_raw_fixed504_recent,ols,characteristics_textcore,504,rank_ic,0.01899957272734706,0.0030979341984556843,6.132981370882028,8.62472509885852e-10,0.012927733271898958,0.025071412182795162,2266,2266,0,5,full,fixed504,recent,raw,size_tercile_3,1011177
ld2_ols_characteristics_textcore_full_raw_fixed504_recent,ols,characteristics_textcore,504,ew_spread_bp,4.525419863184424,3.0700633884894297,1.4740476956116129,0.14046874975906198,-1.4917938085098585,10.542633534878707,2266,2266,0,5,full,fixed504,recent,raw,size_tercile_3,1011177
ld2_ols_characteristics_textcore_full_raw_fixed504_recent,ols,characteristics_textcore,504,cap_spread_bp,4.350419252739131,2.715776373095264,1.601906289427214,0.10917633349799781,-0.9724046285923986,9.673243134070661,2266,2266,0,5,full,fixed504,recent,raw,size_tercile_3,1011177
ld2_ols_characteristics_textcore_full_raw_fixed504_union,ols,characteristics_textcore,504,rank_ic,0.019264080197291304,0.0031184778758605327,6.177398386055714,6.51664900402077e-10,0.01315197587401969,0.02537618452056292,2266,2266,0,5,full,fixed504,union,raw,size_tercile_3,1011177
ld2_ols_characteristics_textcore_full_raw_fixed504_union,ols,characteristics_textcore,504,ew_spread_bp,5.074844981830844,3.1041752108906095,1.6348448902067083,0.10208156765088512,-1.0092266332167776,11.158916596878466,2266,2266,0,5,full,fixed504,union,raw,size_tercile_3,1011177
ld2_ols_characteristics_textcore_full_raw_fixed504_union,ols,characteristics_textcore,504,cap_spread_bp,4.731146390672531,2.778540544825033,1.7027451334061618,0.08861577460580392,-0.714693006768834,10.176985788113896,2266,2266,0,5,full,fixed504,union,raw,size_tercile_3,1011177
ld2_ridge_characteristics_textcore_full_raw_fixed504_retain,ridge,characteristics_textcore,504,rank_ic,0.01937874902276207,0.0035958851927977474,5.3891456439087815,7.079341817377505e-08,0.012330943552337617,0.026426554493186524,2266,2266,0,5,full,fixed504,retain,raw,size_tercile_3,1011177
ld2_ridge_characteristics_textcore_full_raw_fixed504_retain,ridge,characteristics_textcore,504,ew_spread_bp,4.157317120568877,3.4185183893823683,1.2161166467558446,0.22394049001110283,-2.542855803108438,10.857490044246191,2266,2266,0,5,full,fixed504,retain,raw,size_tercile_3,1011177
ld2_ridge_characteristics_textcore_full_raw_fixed504_retain,ridge,characteristics_textcore,504,cap_spread_bp,5.078191851237357,3.462072270728997,1.4668070028960023,0.1424285641536375,-1.7073451112662807,11.863728813740995,2266,2266,0,5,full,fixed504,retain,raw,size_tercile_3,1011177
ld2_ridge_characteristics_textcore_full_raw_fixed504_recent,ridge,characteristics_textcore,504,rank_ic,0.019421883899084797,0.003660231176532011,5.306190500646631,1.1193997137787247e-07,0.012247962617991387,0.026595805180178206,2266,2266,0,5,full,fixed504,recent,raw,size_tercile_3,1011177
ld2_ridge_characteristics_textcore_full_raw_fixed504_recent,ridge,characteristics_textcore,504,ew_spread_bp,4.455199243109163,3.561769205851491,1.2508388347537767,0.21099328316220145,-2.5257401216035884,11.436138607821915,2266,2266,0,5,full,fixed504,recent,raw,size_tercile_3,1011177
ld2_ridge_characteristics_textcore_full_raw_fixed504_recent,ridge,characteristics_textcore,504,cap_spread_bp,5.422551933924059,3.579045214959012,1.515083383484486,0.12975128912569658,-1.5922477864360207,12.43735165428414,2266,2266,0,5,full,fixed504,recent,raw,size_tercile_3,1011177
ld2_ridge_characteristics_textcore_full_raw_fixed504_union,ridge,characteristics_textcore,504,rank_ic,0.01968758210620599,0.0037039890471270978,5.315237668285263,1.0651820491688044e-07,0.012427896974706046,0.026947267237705935,2266,2266,0,5,full,fixed504,union,raw,size_tercile_3,1011177
ld2_ridge_characteristics_textcore_full_raw_fixed504_union,ridge,characteristics_textcore,504,ew_spread_bp,4.4968590109197795,3.5672234434921553,1.260604804311768,0.20745126685214765,-2.4947704631317977,11.488488484971356,2266,2266,0,5,full,fixed504,union,raw,size_tercile_3,1011177
ld2_ridge_characteristics_textcore_full_raw_fixed504_union,ridge,characteristics_textcore,504,cap_spread_bp,5.755401935380999,3.5485144363400063,1.6219187039061933,0.10482075614584654,-1.1995585584658635,12.710362429227862,2266,2266,0,5,full,fixed504,union,raw,size_tercile_3,1011177
ld2_lasso_characteristics_textcore_full_raw_fixed504_retain,lasso,characteristics_textcore,504,rank_ic,0.021051597207704116,0.003950920908444185,5.3282760388119055,9.914935750729228e-08,0.013307934521387243,0.02879525989402099,2266,2266,0,5,full,fixed504,retain,raw,size_tercile_3,1011177
ld2_lasso_characteristics_textcore_full_raw_fixed504_retain,lasso,characteristics_textcore,504,ew_spread_bp,4.9681523079907,3.5792244071493102,1.3880527574820625,0.16512098071353254,-2.0469986226086743,11.983303238590075,2266,2266,0,5,full,fixed504,retain,raw,size_tercile_3,1011177
ld2_lasso_characteristics_textcore_full_raw_fixed504_retain,lasso,characteristics_textcore,504,cap_spread_bp,4.426957594215163,3.5286209435425753,1.2545857617028988,0.2096291748649245,-2.489012370222028,11.342927558652354,2266,2266,0,5,full,fixed504,retain,raw,size_tercile_3,1011177
ld2_lasso_characteristics_textcore_full_raw_fixed504_recent,lasso,characteristics_textcore,504,rank_ic,0.02073637360003341,0.003974903183585757,5.2168248237249255,1.8201624774003133e-07,0.012945706518171726,0.028527040681895096,2266,2266,0,5,full,fixed504,recent,raw,size_tercile_3,1011177
ld2_lasso_characteristics_textcore_full_raw_fixed504_recent,lasso,characteristics_textcore,504,ew_spread_bp,4.65291347250841,3.713493790731693,1.252974620321532,0.21021494325042533,-2.6254006141388286,11.931227559155648,2266,2266,0,5,full,fixed504,recent,raw,size_tercile_3,1011177
ld2_lasso_characteristics_textcore_full_raw_fixed504_recent,lasso,characteristics_textcore,504,cap_spread_bp,4.724693669922458,3.6604236345773313,1.2907505091191496,0.19679020408547498,-2.4496048220083146,11.898992161853231,2266,2266,0,5,full,fixed504,recent,raw,size_tercile_3,1011177
ld2_lasso_characteristics_textcore_full_raw_fixed504_union,lasso,characteristics_textcore,504,rank_ic,0.021143695604053023,0.004046669038334281,5.224962902515087,1.7419002935153278e-07,0.013212370031564497,0.02907502117654155,2266,2266,0,5,full,fixed504,union,raw,size_tercile_3,1011177
ld2_lasso_characteristics_textcore_full_raw_fixed504_union,lasso,characteristics_textcore,504,ew_spread_bp,4.987673052644636,3.7493637305471528,1.3302718570643384,0.18342871618205547,-2.3609448241685227,12.336290929457796,2266,2266,0,5,full,fixed504,union,raw,size_tercile_3,1011177
ld2_lasso_characteristics_textcore_full_raw_fixed504_union,lasso,characteristics_textcore,504,cap_spread_bp,5.206275746000518,3.7130203956322974,1.4021672900382578,0.16086529689842988,-2.0711105033014476,12.483661995302484,2266,2266,0,5,full,fixed504,union,raw,size_tercile_3,1011177
ld2_enet_characteristics_textcore_full_raw_fixed504_retain,enet,characteristics_textcore,504,rank_ic,0.020686718047666017,0.0039682553113965765,5.213051183540303,1.8575961543443433e-07,0.01290908055586895,0.028464355539463082,2266,2266,0,5,full,fixed504,retain,raw,size_tercile_3,1011177
ld2_enet_characteristics_textcore_full_raw_fixed504_retain,enet,characteristics_textcore,504,ew_spread_bp,4.543989860763727,3.584951481083331,1.2675178129302282,0.2049701984232578,-2.4823859284831276,11.570365650010581,2266,2266,0,5,full,fixed504,retain,raw,size_tercile_3,1011177
ld2_enet_characteristics_textcore_full_raw_fixed504_retain,enet,characteristics_textcore,504,cap_spread_bp,4.22509521906711,3.5609568679351957,1.1865055870550354,0.23542269639380642,-2.7542519925864273,11.204442430720647,2266,2266,0,5,full,fixed504,retain,raw,size_tercile_3,1011177
ld2_enet_characteristics_textcore_full_raw_fixed504_recent,enet,characteristics_textcore,504,rank_ic,0.020293138241403705,0.003991884456933268,5.083598601196423,3.7035018093717737e-07,0.012469188475369266,0.028117088007438146,2266,2266,0,5,full,fixed504,recent,raw,size_tercile_3,1011177
ld2_enet_characteristics_textcore_full_raw_fixed504_recent,enet,characteristics_textcore,504,ew_spread_bp,4.239616057351592,3.7218710521183747,1.139108797156885,0.2546577787392339,-3.055117159902621,11.534349274605805,2266,2266,0,5,full,fixed504,recent,raw,size_tercile_3,1011177
ld2_enet_characteristics_textcore_full_raw_fixed504_recent,enet,characteristics_textcore,504,cap_spread_bp,4.228617872009269,3.646918468171652,1.1595043620838736,0.24625065951301195,-2.919210980161152,11.37644672417969,2266,2266,0,5,full,fixed504,recent,raw,size_tercile_3,1011177
ld2_enet_characteristics_textcore_full_raw_fixed504_union,enet,characteristics_textcore,504,rank_ic,0.020731890419855858,0.004057287088867106,5.109791337355107,3.225148088467007e-07,0.012779753850736968,0.028684026988974747,2266,2266,0,5,full,fixed504,union,raw,size_tercile_3,1011177
ld2_enet_characteristics_textcore_full_raw_fixed504_union,enet,characteristics_textcore,504,ew_spread_bp,4.271802396441388,3.725558757973512,1.1466205941051917,0.2515384612573206,-3.0301585914744713,11.573763384357248,2266,2266,0,5,full,fixed504,union,raw,size_tercile_3,1011177
ld2_enet_characteristics_textcore_full_raw_fixed504_union,enet,characteristics_textcore,504,cap_spread_bp,4.3388435554329,3.681740224604528,1.1784762885868612,0.23860677981734169,-2.8772346852243835,11.554921796090184,2266,2266,0,5,full,fixed504,union,raw,size_tercile_3,1011177
ld2_group_ridge_characteristics_textcore_full_raw_fixed504_retain,group_ridge,characteristics_textcore,504,rank_ic,0.021629484372485335,0.004133563934194365,5.232647835336056,1.6709891242247357e-07,0.013527847933670687,0.029731120811299985,2266,2266,0,5,full,fixed504,retain,raw,size_tercile_3,1011177
ld2_group_ridge_characteristics_textcore_full_raw_fixed504_retain,group_ridge,characteristics_textcore,504,ew_spread_bp,3.498122557537867,3.8457369048542316,0.9096104710445498,0.3630279744471345,-4.0393832699929675,11.035628385068701,2266,2266,0,5,full,fixed504,retain,raw,size_tercile_3,1011177
ld2_group_ridge_characteristics_textcore_full_raw_fixed504_retain,group_ridge,characteristics_textcore,504,cap_spread_bp,4.781368649423499,3.8287487837109344,1.248807095875655,0.21173563797801043,-2.7228410725014696,12.285578371348468,2266,2266,0,5,full,fixed504,retain,raw,size_tercile_3,1011177
ld2_group_ridge_characteristics_textcore_full_raw_fixed504_recent,group_ridge,characteristics_textcore,504,rank_ic,0.021327628880900666,0.004106170191853677,5.194044056725419,2.057744112057083e-07,0.013279683190475535,0.029375574571325797,2266,2266,0,5,full,fixed504,recent,raw,size_tercile_3,1011177
ld2_group_ridge_characteristics_textcore_full_raw_fixed504_recent,group_ridge,characteristics_textcore,504,ew_spread_bp,3.1451432073568086,3.9417975782865216,0.797895666860698,0.4249310381651359,-4.580638080431978,10.870924495145594,2266,2266,0,5,full,fixed504,recent,raw,size_tercile_3,1011177
ld2_group_ridge_characteristics_textcore_full_raw_fixed504_recent,group_ridge,characteristics_textcore,504,cap_spread_bp,4.537811141366656,3.875205051372641,1.1709860720168375,0.24160437563814996,-3.0574511920314107,12.133073474764721,2266,2266,0,5,full,fixed504,recent,raw,size_tercile_3,1011177
ld2_group_ridge_characteristics_textcore_full_raw_fixed504_union,group_ridge,characteristics_textcore,504,rank_ic,0.021608183726527817,0.004153922494991158,5.20187455413123,1.9728838154682056e-07,0.013466645241774383,0.02974972221128125,2266,2266,0,5,full,fixed504,union,raw,size_tercile_3,1011177
ld2_group_ridge_characteristics_textcore_full_raw_fixed504_union,group_ridge,characteristics_textcore,504,ew_spread_bp,4.059041493425611,3.9176151294206867,1.0361001168651902,0.3001554377166471,-3.6193430655281578,11.73742605237938,2266,2266,0,5,full,fixed504,union,raw,size_tercile_3,1011177
ld2_group_ridge_characteristics_textcore_full_raw_fixed504_union,group_ridge,characteristics_textcore,504,cap_spread_bp,4.8177202658604825,3.8947944656437734,1.2369639292542638,0.21610047424068912,-2.8159366139872386,12.451377145708204,2266,2266,0,5,full,fixed504,union,raw,size_tercile_3,1011177
ld2_ols_characteristics_textcore_pca_raw_fixed504_retain,ols,characteristics_textcore,504,rank_ic,0.02080093045597807,0.0036150767920024463,5.753938755048165,8.71877543169199e-09,0.013715510142306679,0.02788635076964946,2266,2266,0,5,pca,fixed504,retain,raw,size_tercile_3,1011177
ld2_ols_characteristics_textcore_pca_raw_fixed504_retain,ols,characteristics_textcore,504,ew_spread_bp,4.627682293606664,3.3642209377938017,1.3755583771621787,0.16895840053132705,-1.9660695805047528,11.221434167718082,2266,2266,0,5,pca,fixed504,retain,raw,size_tercile_3,1011177
ld2_ols_characteristics_textcore_pca_raw_fixed504_retain,ols,characteristics_textcore,504,cap_spread_bp,2.089342459436968,2.990605680583849,0.6986352206182764,0.48478002689918687,-3.7721369664682722,7.950821885342208,2266,2266,0,5,pca,fixed504,retain,raw,size_tercile_3,1011177
ld2_ols_characteristics_textcore_pca_raw_fixed504_recent,ols,characteristics_textcore,504,rank_ic,0.020929849256209658,0.0036201009934444845,5.781565015481832,7.400886794615173e-09,0.013834581688660797,0.02802511682375852,2266,2266,0,5,pca,fixed504,recent,raw,size_tercile_3,1011177
ld2_ols_characteristics_textcore_pca_raw_fixed504_recent,ols,characteristics_textcore,504,ew_spread_bp,4.512782131462362,3.4788144482138685,1.2972184054770053,0.19455604959431283,-2.3055688959344005,11.331133158859124,2266,2266,0,5,pca,fixed504,recent,raw,size_tercile_3,1011177
ld2_ols_characteristics_textcore_pca_raw_fixed504_recent,ols,characteristics_textcore,504,cap_spread_bp,3.191072012027726,2.9813201378916276,1.0703553675669442,0.2844593811196314,-2.6522080846238523,9.034352108679304,2266,2266,0,5,pca,fixed504,recent,raw,size_tercile_3,1011177
ld2_ols_characteristics_textcore_pca_raw_fixed504_union,ols,characteristics_textcore,504,rank_ic,0.021129334481231665,0.00368965138067487,5.726647940751227,1.0243443633848241e-08,0.013897750659600435,0.028360918302862893,2266,2266,0,5,pca,fixed504,union,raw,size_tercile_3,1011177
ld2_ols_characteristics_textcore_pca_raw_fixed504_union,ols,characteristics_textcore,504,ew_spread_bp,4.867108480978062,3.4940383225294958,1.3929751284051564,0.1636273118970445,-1.981080791782495,11.715297753738618,2266,2266,0,5,pca,fixed504,union,raw,size_tercile_3,1011177
ld2_ols_characteristics_textcore_pca_raw_fixed504_union,ols,characteristics_textcore,504,cap_spread_bp,2.9230129373756655,3.0756112162634333,0.9503844055188615,0.3419169648751976,-3.1050742769480952,8.951100151699427,2266,2266,0,5,pca,fixed504,union,raw,size_tercile_3,1011177
ld2_ridge_characteristics_textcore_pca_raw_fixed504_retain,ridge,characteristics_textcore,504,rank_ic,0.02164358752298484,0.003991897018715195,5.421880229252732,5.8975393402923435e-08,0.013819613136310242,0.029467561909659434,2266,2266,0,5,pca,fixed504,retain,raw,size_tercile_3,1011177
ld2_ridge_characteristics_textcore_pca_raw_fixed504_retain,ridge,characteristics_textcore,504,ew_spread_bp,4.210933396425052,3.699257082420535,1.1383186684797022,0.2549874414315194,-3.0394772546739155,11.461344047524019,2266,2266,0,5,pca,fixed504,retain,raw,size_tercile_3,1011177
ld2_ridge_characteristics_textcore_pca_raw_fixed504_retain,ridge,characteristics_textcore,504,cap_spread_bp,3.7643030759960507,3.6154403220018323,1.0411741698758825,0.2977947214337374,-3.321829743381436,10.850435895373538,2266,2266,0,5,pca,fixed504,retain,raw,size_tercile_3,1011177
ld2_ridge_characteristics_textcore_pca_raw_fixed504_recent,ridge,characteristics_textcore,504,rank_ic,0.02141866421381456,0.003983321991211802,5.377085824613088,7.570109386413848e-08,0.013611496572213055,0.029225831855416065,2266,2266,0,5,pca,fixed504,recent,raw,size_tercile_3,1011177
ld2_ridge_characteristics_textcore_pca_raw_fixed504_recent,ridge,characteristics_textcore,504,ew_spread_bp,3.8502548900105737,3.8230283994037193,1.0071217076522636,0.3138762906838555,-3.642743084694525,11.343252864715673,2266,2266,0,5,pca,fixed504,recent,raw,size_tercile_3,1011177
ld2_ridge_characteristics_textcore_pca_raw_fixed504_recent,ridge,characteristics_textcore,504,cap_spread_bp,3.8149068674934385,3.7794599518502596,1.0093788308633422,0.3127929868953745,-3.592698519144557,11.222512254131434,2266,2266,0,5,pca,fixed504,recent,raw,size_tercile_3,1011177
ld2_ridge_characteristics_textcore_pca_raw_fixed504_union,ridge,characteristics_textcore,504,rank_ic,0.021634851331427018,0.004038195209795378,5.3575546023500165,8.435587884056413e-08,0.01372013415768591,0.029549568505168128,2266,2266,0,5,pca,fixed504,union,raw,size_tercile_3,1011177
ld2_ridge_characteristics_textcore_pca_raw_fixed504_union,ridge,characteristics_textcore,504,ew_spread_bp,4.261633710111113,3.806981061600916,1.11942603368744,0.26295842972994654,-3.1999120604527436,11.723179480674968,2266,2266,0,5,pca,fixed504,union,raw,size_tercile_3,1011177
ld2_ridge_characteristics_textcore_pca_raw_fixed504_union,ridge,characteristics_textcore,504,cap_spread_bp,3.933855972531818,3.748362869244137,1.0494864317458907,0.2939542967556903,-3.41280025217391,11.280512197237545,2266,2266,0,5,pca,fixed504,union,raw,size_tercile_3,1011177
ld2_lasso_characteristics_textcore_pca_raw_fixed504_retain,lasso,characteristics_textcore,504,rank_ic,0.02122875024677654,0.003949573721972101,5.374947207258764,7.660512385520889e-08,0.013487727997425411,0.02896977249612767,2266,2266,0,5,pca,fixed504,retain,raw,size_tercile_3,1011177
ld2_lasso_characteristics_textcore_pca_raw_fixed504_retain,lasso,characteristics_textcore,504,ew_spread_bp,4.418644251543456,3.5410053850046976,1.2478501925626397,0.21208592357799239,-2.521598772128139,11.35888727521505,2266,2266,0,5,pca,fixed504,retain,raw,size_tercile_3,1011177
ld2_lasso_characteristics_textcore_pca_raw_fixed504_retain,lasso,characteristics_textcore,504,cap_spread_bp,3.223954647264873,3.420008570012336,0.9426744352436649,0.3458474534991497,-3.479138976777638,9.927048271307385,2266,2266,0,5,pca,fixed504,retain,raw,size_tercile_3,1011177
ld2_lasso_characteristics_textcore_pca_raw_fixed504_recent,lasso,characteristics_textcore,504,rank_ic,0.020750444140923568,0.003956725978373015,5.244347031950906,1.5683676118897236e-07,0.012995403726618449,0.028505484555228687,2266,2266,0,5,pca,fixed504,recent,raw,size_tercile_3,1011177
ld2_lasso_characteristics_textcore_pca_raw_fixed504_recent,lasso,characteristics_textcore,504,ew_spread_bp,4.134890912539466,3.6949893184728158,1.1190535495914415,0.263117294626662,-3.1071550749274532,11.376936900006385,2266,2266,0,5,pca,fixed504,recent,raw,size_tercile_3,1011177
ld2_lasso_characteristics_textcore_pca_raw_fixed504_recent,lasso,characteristics_textcore,504,cap_spread_bp,3.9853839924468843,3.5939500490543774,1.1089146866399824,0.2674669874558281,-3.0586286659356556,11.029396650829424,2266,2266,0,5,pca,fixed504,recent,raw,size_tercile_3,1011177
ld2_lasso_characteristics_textcore_pca_raw_fixed504_union,lasso,characteristics_textcore,504,rank_ic,0.020903197080436513,0.0040260178704333,5.19202789285851,2.080158296865934e-07,0.0130123470532726,0.028794047107600425,2266,2266,0,5,pca,fixed504,union,raw,size_tercile_3,1011177
ld2_lasso_characteristics_textcore_pca_raw_fixed504_union,lasso,characteristics_textcore,504,ew_spread_bp,4.07061611338986,3.7182795528530606,1.094757953383696,0.27362269160593355,-3.2170778946538343,11.358310121433554,2266,2266,0,5,pca,fixed504,union,raw,size_tercile_3,1011177
ld2_lasso_characteristics_textcore_pca_raw_fixed504_union,lasso,characteristics_textcore,504,cap_spread_bp,4.39333087126147,3.6124014899233057,1.2161801182721648,0.2239163156781948,-2.6868459466870407,11.473507689209981,2266,2266,0,5,pca,fixed504,union,raw,size_tercile_3,1011177
ld2_enet_characteristics_textcore_pca_raw_fixed504_retain,enet,characteristics_textcore,504,rank_ic,0.021314312239671347,0.003962400411787084,5.379141435647683,7.484189583010496e-08,0.013548150140241983,0.02908047433910071,2266,2266,0,5,pca,fixed504,retain,raw,size_tercile_3,1011177
ld2_enet_characteristics_textcore_pca_raw_fixed504_retain,enet,characteristics_textcore,504,ew_spread_bp,4.683412230705576,3.5608281583917205,1.3152592662098248,0.18842278294960868,-2.295682714878283,11.662507176289434,2266,2266,0,5,pca,fixed504,retain,raw,size_tercile_3,1011177
ld2_enet_characteristics_textcore_pca_raw_fixed504_retain,enet,characteristics_textcore,504,cap_spread_bp,3.488600570161613,3.455819492858337,1.0094857608654098,0.31274172712191417,-3.284681172912202,10.261882313235429,2266,2266,0,5,pca,fixed504,retain,raw,size_tercile_3,1011177
ld2_enet_characteristics_textcore_pca_raw_fixed504_recent,enet,characteristics_textcore,504,rank_ic,0.02074497659268083,0.003975378346235536,5.218365344351483,1.8050913911649783e-07,0.012953378209138777,0.028536574976222882,2266,2266,0,5,pca,fixed504,recent,raw,size_tercile_3,1011177
ld2_enet_characteristics_textcore_pca_raw_fixed504_recent,enet,characteristics_textcore,504,ew_spread_bp,4.5688762559430405,3.7117022613741715,1.2309382418652084,0.21834596334116707,-2.7059264976862094,11.843679009572291,2266,2266,0,5,pca,fixed504,recent,raw,size_tercile_3,1011177
ld2_enet_characteristics_textcore_pca_raw_fixed504_recent,enet,characteristics_textcore,504,cap_spread_bp,4.249415684535691,3.58365741516615,1.1857762035377688,0.23571069142439527,-2.774423782119867,11.27325515119125,2266,2266,0,5,pca,fixed504,recent,raw,size_tercile_3,1011177
ld2_enet_characteristics_textcore_pca_raw_fixed504_union,enet,characteristics_textcore,504,rank_ic,0.02097036015905174,0.004042969416513983,5.186870836419352,2.138569437597032e-07,0.013046285712087418,0.028894434606016064,2266,2266,0,5,pca,fixed504,union,raw,size_tercile_3,1011177
ld2_enet_characteristics_textcore_pca_raw_fixed504_union,enet,characteristics_textcore,504,ew_spread_bp,4.287827157170533,3.7186031397778714,1.1530746885312058,0.24887972975158934,-3.0005010695916594,11.576155383932726,2266,2266,0,5,pca,fixed504,union,raw,size_tercile_3,1011177
ld2_enet_characteristics_textcore_pca_raw_fixed504_union,enet,characteristics_textcore,504,cap_spread_bp,4.170319890749674,3.6197932520929506,1.1520878680953426,0.2492849679152903,-2.924344514833626,11.264984296332974,2266,2266,0,5,pca,fixed504,union,raw,size_tercile_3,1011177
ld2_group_ridge_characteristics_textcore_pca_raw_fixed504_retain,group_ridge,characteristics_textcore,504,rank_ic,0.021843593568211132,0.0040897413993963945,5.341069626415751,9.239975630471335e-08,0.013827847719311758,0.029859339417110504,2266,2266,0,5,pca,fixed504,retain,raw,size_tercile_3,1011177
ld2_group_ridge_characteristics_textcore_pca_raw_fixed504_retain,group_ridge,characteristics_textcore,504,ew_spread_bp,4.006964158335948,3.78099267781199,1.0597651198453852,0.289251468834977,-3.4036453159852087,11.417573632657104,2266,2266,0,5,pca,fixed504,retain,raw,size_tercile_3,1011177
ld2_group_ridge_characteristics_textcore_pca_raw_fixed504_retain,group_ridge,characteristics_textcore,504,cap_spread_bp,4.668023003137346,3.741467935499848,1.2476447970717979,0.21216116554047926,-2.6651193997537854,12.001165406028477,2266,2266,0,5,pca,fixed504,retain,raw,size_tercile_3,1011177
ld2_group_ridge_characteristics_textcore_pca_raw_fixed504_recent,group_ridge,characteristics_textcore,504,rank_ic,0.0214797631586991,0.004068956779837883,5.278936179694419,1.299360476623858e-07,0.013504754415566776,0.029454771901831427,2266,2266,0,5,pca,fixed504,recent,raw,size_tercile_3,1011177
ld2_group_ridge_characteristics_textcore_pca_raw_fixed504_recent,group_ridge,characteristics_textcore,504,ew_spread_bp,3.858444632736865,3.894959973293574,0.9906249766860039,0.32186873698212914,-3.77553663614363,11.49242590161736,2266,2266,0,5,pca,fixed504,recent,raw,size_tercile_3,1011177
ld2_group_ridge_characteristics_textcore_pca_raw_fixed504_recent,group_ridge,characteristics_textcore,504,cap_spread_bp,3.0973062711400607,3.881025865856733,0.7980638053429548,0.4248334641952054,-4.509364649007516,10.703977191287636,2266,2266,0,5,pca,fixed504,recent,raw,size_tercile_3,1011177
ld2_group_ridge_characteristics_textcore_pca_raw_fixed504_union,group_ridge,characteristics_textcore,504,rank_ic,0.021738067173381066,0.004119328473980144,5.277090018601378,1.312514206685769e-07,0.013664331723889643,0.029811802622872488,2266,2266,0,5,pca,fixed504,union,raw,size_tercile_3,1011177
ld2_group_ridge_characteristics_textcore_pca_raw_fixed504_union,group_ridge,characteristics_textcore,504,ew_spread_bp,4.249454623306492,3.8667354748942055,1.0989773287821705,0.27177795483772993,-3.329207645229533,11.828116891842516,2266,2266,0,5,pca,fixed504,union,raw,size_tercile_3,1011177
ld2_group_ridge_characteristics_textcore_pca_raw_fixed504_union,group_ridge,characteristics_textcore,504,cap_spread_bp,4.026665523185585,3.8324345087305094,1.0506808437332995,0.29340519700906265,-3.484768087034669,11.53809913340584,2266,2266,0,5,pca,fixed504,union,raw,size_tercile_3,1011177
ld2_ols_characteristics_full_raw_fixed504_retain,ols,characteristics,504,rank_ic,0.0396035716956154,0.0033874412811487255,11.691293932092991,1.4121853087595865e-31,0.03296430878481968,0.046242834606411126,2266,2266,0,5,full,fixed504,retain,raw,activity_tercile_1,1152254
ld2_ols_characteristics_full_raw_fixed504_retain,ols,characteristics,504,ew_spread_bp,-4.82292247156154,4.683822485083908,-1.0296979629182381,0.30315181215186604,-14.003045852304895,4.357200909181815,2266,2266,0,5,full,fixed504,retain,raw,activity_tercile_1,1152254
ld2_ols_characteristics_full_raw_fixed504_retain,ols,characteristics,504,cap_spread_bp,2.6630138573975413,5.038123121090301,0.5285726040020312,0.5971019691343677,-7.2115260096179785,12.53755372441306,2266,2266,0,5,full,fixed504,retain,raw,activity_tercile_1,1152254
ld2_ols_characteristics_full_raw_fixed504_recent,ols,characteristics,504,rank_ic,0.03980870321190331,0.003367200445659149,11.822492855518297,2.986876518877586e-32,0.03320911160968416,0.04640829481412246,2266,2266,0,5,full,fixed504,recent,raw,activity_tercile_1,1152254
ld2_ols_characteristics_full_raw_fixed504_recent,ols,characteristics,504,ew_spread_bp,-3.9147511449479344,4.766143429620436,-0.8213666253975273,0.411437467926442,-13.256220612156202,5.426718322260334,2266,2266,0,5,full,fixed504,recent,raw,activity_tercile_1,1152254
ld2_ols_characteristics_full_raw_fixed504_recent,ols,characteristics,504,cap_spread_bp,5.361475033201231,5.090587099602382,1.0532134954767807,0.2922431546331804,-4.615892342183651,15.338842408586112,2266,2266,0,5,full,fixed504,recent,raw,activity_tercile_1,1152254
ld2_ols_characteristics_full_raw_fixed504_union,ols,characteristics,504,rank_ic,0.04019348710143006,0.003411080858381291,11.783211471716227,4.764261507638616e-32,0.033507891470648754,0.04687908273221136,2266,2266,0,5,full,fixed504,union,raw,activity_tercile_1,1152254
ld2_ols_characteristics_full_raw_fixed504_union,ols,characteristics,504,ew_spread_bp,-3.795335385201487,4.755727353029159,-0.7980557133461508,0.4248381598355031,-13.116389717430641,5.525718947027668,2266,2266,0,5,full,fixed504,union,raw,activity_tercile_1,1152254
ld2_ols_characteristics_full_raw_fixed504_union,ols,characteristics,504,cap_spread_bp,4.687016060121636,5.0916654925003915,0.9205270980635373,0.3572973790101529,-5.292464926504528,14.6664970467478,2266,2266,0,5,full,fixed504,union,raw,activity_tercile_1,1152254
ld2_ridge_characteristics_full_raw_fixed504_retain,ridge,characteristics,504,rank_ic,0.04184454759218214,0.0035722582577515454,11.713752078641699,1.0837522884087211e-31,0.034843050063513306,0.04884604512085097,2266,2266,0,5,full,fixed504,retain,raw,activity_tercile_1,1152254
ld2_ridge_characteristics_full_raw_fixed504_retain,ridge,characteristics,504,ew_spread_bp,-4.341179303649738,4.9527184273447,-0.8765245525934681,0.3807449347592846,-14.048329046813205,5.36597043951373,2266,2266,0,5,full,fixed504,retain,raw,activity_tercile_1,1152254
ld2_ridge_characteristics_full_raw_fixed504_retain,ridge,characteristics,504,cap_spread_bp,2.0994337561635423,5.175355152249127,0.4056598425426247,0.6849925522638923,-8.044075949448555,12.242943461775639,2266,2266,0,5,full,fixed504,retain,raw,activity_tercile_1,1152254
ld2_ridge_characteristics_full_raw_fixed504_recent,ridge,characteristics,504,rank_ic,0.04181221730338535,0.003544643876665139,11.795886627325448,4.098610430770917e-32,0.03486484296710124,0.04875959163966946,2266,2266,0,5,full,fixed504,recent,raw,activity_tercile_1,1152254
ld2_ridge_characteristics_full_raw_fixed504_recent,ridge,characteristics,504,ew_spread_bp,-4.869053661570403,4.965972605774825,-0.9804833912914226,0.3268475640568319,-14.602181117101583,4.864073793960777,2266,2266,0,5,full,fixed504,recent,raw,activity_tercile_1,1152254
ld2_ridge_characteristics_full_raw_fixed504_recent,ridge,characteristics,504,cap_spread_bp,4.697811584328501,5.2260346763276,0.8989246867435084,0.3686927775722545,-5.545028163231035,14.940651331888038,2266,2266,0,5,full,fixed504,recent,raw,activity_tercile_1,1152254
ld2_ridge_characteristics_full_raw_fixed504_union,ridge,characteristics,504,rank_ic,0.0420830621421133,0.0035826410994852023,11.746379548920014,7.370972039845373e-32,0.03506121461758932,0.049104909666637275,2266,2266,0,5,full,fixed504,union,raw,activity_tercile_1,1152254
ld2_ridge_characteristics_full_raw_fixed504_union,ridge,characteristics,504,ew_spread_bp,-4.596730149866584,4.969283407678829,-0.9250287763349231,0.3549509391232344,-14.33634665788956,5.142886358156392,2266,2266,0,5,full,fixed504,union,raw,activity_tercile_1,1152254
ld2_ridge_characteristics_full_raw_fixed504_union,ridge,characteristics,504,cap_spread_bp,6.090643896556087,5.2399883689348,1.1623392014883824,0.2450977089538252,-4.179544585964902,16.360832379077078,2266,2266,0,5,full,fixed504,union,raw,activity_tercile_1,1152254
ld2_lasso_characteristics_full_raw_fixed504_retain,lasso,characteristics,504,rank_ic,0.04155150759152995,0.0035358786389590503,11.751395292164938,6.946231252847888e-32,0.03462131280546571,0.048481702377594194,2266,2266,0,5,full,fixed504,retain,raw,activity_tercile_1,1152254
ld2_lasso_characteristics_full_raw_fixed504_retain,lasso,characteristics,504,ew_spread_bp,-5.010020136436622,4.862545268065608,-1.0303287394236809,0.30285571236795805,-14.540433735040875,4.520393462167632,2266,2266,0,5,full,fixed504,retain,raw,activity_tercile_1,1152254
ld2_lasso_characteristics_full_raw_fixed504_retain,lasso,characteristics,504,cap_spread_bp,2.0614800549403327,5.1138695371046285,0.4031154960021725,0.6868632614130548,-7.961520059421257,12.084480169301923,2266,2266,0,5,full,fixed504,retain,raw,activity_tercile_1,1152254
ld2_lasso_characteristics_full_raw_fixed504_recent,lasso,characteristics,504,rank_ic,0.04116963703012512,0.003501864018468832,11.756492203294144,6.539514109877785e-32,0.034306109675169505,0.048033164385080734,2266,2266,0,5,full,fixed504,recent,raw,activity_tercile_1,1152254
ld2_lasso_characteristics_full_raw_fixed504_recent,lasso,characteristics,504,ew_spread_bp,-4.8794991945845565,4.897371082120228,-0.9963507181228477,0.31907976900195467,-14.478170134468154,4.7191717452990405,2266,2266,0,5,full,fixed504,recent,raw,activity_tercile_1,1152254
ld2_lasso_characteristics_full_raw_fixed504_recent,lasso,characteristics,504,cap_spread_bp,4.429325445633248,5.0921070928090435,0.8698413770378552,0.38438709587073083,-5.551021061693435,14.40967195295993,2266,2266,0,5,full,fixed504,recent,raw,activity_tercile_1,1152254
ld2_lasso_characteristics_full_raw_fixed504_union,lasso,characteristics,504,rank_ic,0.04159436905343165,0.003548789267492341,11.7207210454689,9.981875746725274e-32,0.03463886990042438,0.04854986820643892,2266,2266,0,5,full,fixed504,union,raw,activity_tercile_1,1152254
ld2_lasso_characteristics_full_raw_fixed504_union,lasso,characteristics,504,ew_spread_bp,-4.162368404249015,4.876241305760626,-0.8536018099292451,0.3933256553547039,-13.719625743466407,5.394888934968376,2266,2266,0,5,full,fixed504,union,raw,activity_tercile_1,1152254
ld2_lasso_characteristics_full_raw_fixed504_union,lasso,characteristics,504,cap_spread_bp,5.759839251903542,5.068203407400477,1.1364656839725795,0.25576171950209414,-4.173656892924577,15.693335396731662,2266,2266,0,5,full,fixed504,union,raw,activity_tercile_1,1152254
ld2_enet_characteristics_full_raw_fixed504_retain,enet,characteristics,504,rank_ic,0.04143199060185649,0.0035465847175950686,11.682222166104475,1.5713312256829186e-31,0.034480812287249994,0.048383168916462986,2266,2266,0,5,full,fixed504,retain,raw,activity_tercile_1,1152254
ld2_enet_characteristics_full_raw_fixed504_retain,enet,characteristics,504,ew_spread_bp,-5.481425661071104,4.891750900111382,-1.1205447237606265,0.2624817052381788,-15.069081246630805,4.106229924488596,2266,2266,0,5,full,fixed504,retain,raw,activity_tercile_1,1152254
ld2_enet_characteristics_full_raw_fixed504_retain,enet,characteristics,504,cap_spread_bp,2.43320378142837,5.156127786388106,0.4719052518154988,0.6369944192668737,-7.672620979578552,12.539028542435291,2266,2266,0,5,full,fixed504,retain,raw,activity_tercile_1,1152254
ld2_enet_characteristics_full_raw_fixed504_recent,enet,characteristics,504,rank_ic,0.04100018306999902,0.0035120207264946004,11.67424291112368,1.7259547184456422e-31,0.03411674893311141,0.047883617206886636,2266,2266,0,5,full,fixed504,recent,raw,activity_tercile_1,1152254
ld2_enet_characteristics_full_raw_fixed504_recent,enet,characteristics,504,ew_spread_bp,-4.675303394064246,4.902434891090555,-0.953669655574807,0.3402508847426301,-14.283899217154275,4.933292429025784,2266,2266,0,5,full,fixed504,recent,raw,activity_tercile_1,1152254
ld2_enet_characteristics_full_raw_fixed504_recent,enet,characteristics,504,cap_spread_bp,5.2959149342514475,5.104720766613091,1.0374543831836684,0.2995241446237168,-4.709153919443905,15.3009837879468,2266,2266,0,5,full,fixed504,recent,raw,activity_tercile_1,1152254
ld2_enet_characteristics_full_raw_fixed504_union,enet,characteristics,504,rank_ic,0.04140791084802254,0.0035605410639395845,11.629668105051,2.9122767280819476e-31,0.03442937859722503,0.04838644309882005,2266,2266,0,5,full,fixed504,union,raw,activity_tercile_1,1152254
ld2_enet_characteristics_full_raw_fixed504_union,enet,characteristics,504,ew_spread_bp,-4.279575257119886,4.900937059537849,-0.8732157146950675,0.3825455109229493,-13.885235384311704,5.3260848700719325,2266,2266,0,5,full,fixed504,union,raw,activity_tercile_1,1152254
ld2_enet_characteristics_full_raw_fixed504_union,enet,characteristics,504,cap_spread_bp,7.081710913897775,5.096276192711748,1.3895853847217745,0.16465481637766188,-2.906806879086159,17.07022870688171,2266,2266,0,5,full,fixed504,union,raw,activity_tercile_1,1152254
ld2_ols_characteristics_core_full_raw_fixed504_retain,ols,characteristics_core,504,rank_ic,0.04032056133057129,0.0033106906070739304,12.17889743137538,4.026887926462953e-34,0.03383172697675134,0.04680939568439124,2266,2266,0,5,full,fixed504,retain,raw,activity_tercile_1,1152254
ld2_ols_characteristics_core_full_raw_fixed504_retain,ols,characteristics_core,504,ew_spread_bp,-1.6938744284278857,4.590017374967798,-0.3690344262454496,0.7121020645767366,-10.69014317177785,7.302394314922077,2266,2266,0,5,full,fixed504,retain,raw,activity_tercile_1,1152254
ld2_ols_characteristics_core_full_raw_fixed504_retain,ols,characteristics_core,504,cap_spread_bp,6.30419461411993,4.8935063619074155,1.2882775964477646,0.19764934892695518,-3.2869016133362328,15.895290841576092,2266,2266,0,5,full,fixed504,retain,raw,activity_tercile_1,1152254
ld2_ols_characteristics_core_full_raw_fixed504_recent,ols,characteristics_core,504,rank_ic,0.04042149659506053,0.0032879669322192105,12.29376615651608,9.783926979481296e-35,0.03397719982555223,0.04686579336456883,2266,2266,0,5,full,fixed504,recent,raw,activity_tercile_1,1152254
ld2_ols_characteristics_core_full_raw_fixed504_recent,ols,characteristics_core,504,ew_spread_bp,-2.0205760648565887,4.676048972230593,-0.432111827069408,0.66566013916814,-11.185463640374085,7.144311510660908,2266,2266,0,5,full,fixed504,recent,raw,activity_tercile_1,1152254
ld2_ols_characteristics_core_full_raw_fixed504_recent,ols,characteristics_core,504,cap_spread_bp,2.227234494222414,5.05946006672445,0.4402118931367216,0.6597836466839415,-7.689125017776126,12.143594006220953,2266,2266,0,5,full,fixed504,recent,raw,activity_tercile_1,1152254
ld2_ols_characteristics_core_full_raw_fixed504_union,ols,characteristics_core,504,rank_ic,0.040921260214037254,0.0033375329808619037,12.260930588158416,1.4680421986604221e-34,0.034379815774333314,0.047462704653741195,2266,2266,0,5,full,fixed504,union,raw,activity_tercile_1,1152254
ld2_ols_characteristics_core_full_raw_fixed504_union,ols,characteristics_core,504,ew_spread_bp,-0.5665741148359854,4.632174366887516,-0.12231277796580053,0.9026513126284187,-9.645469044045143,8.512320814373172,2266,2266,0,5,full,fixed504,union,raw,activity_tercile_1,1152254
ld2_ols_characteristics_core_full_raw_fixed504_union,ols,characteristics_core,504,cap_spread_bp,7.974400410586409,5.047321627304185,1.5799271374837272,0.11412355365175665,-1.9181681973198916,17.86696901849271,2266,2266,0,5,full,fixed504,union,raw,activity_tercile_1,1152254
ld2_ridge_characteristics_core_full_raw_fixed504_retain,ridge,characteristics_core,504,rank_ic,0.04251463901131045,0.003490993927740405,12.178376671892023,4.05267920176222e-34,0.03567241664269123,0.04935686137992967,2266,2266,0,5,full,fixed504,retain,raw,activity_tercile_1,1152254
ld2_ridge_characteristics_core_full_raw_fixed504_retain,ridge,characteristics_core,504,ew_spread_bp,-3.215650811584979,4.842029559881655,-0.664112181021789,0.5066185144779596,-12.705854361031351,6.274552737861393,2266,2266,0,5,full,fixed504,retain,raw,activity_tercile_1,1152254
ld2_ridge_characteristics_core_full_raw_fixed504_retain,ridge,characteristics_core,504,cap_spread_bp,6.312183380790505,5.110878639828253,1.2350485749359568,0.21681242653552013,-3.704954682627929,16.32932144420894,2266,2266,0,5,full,fixed504,retain,raw,activity_tercile_1,1152254
ld2_ridge_characteristics_core_full_raw_fixed504_recent,ridge,characteristics_core,504,rank_ic,0.042294247902238735,0.0034672867915928004,12.198081798364774,3.1823245770265614e-34,0.03549849066664541,0.04909000513783206,2266,2266,0,5,full,fixed504,recent,raw,activity_tercile_1,1152254
ld2_ridge_characteristics_core_full_raw_fixed504_recent,ridge,characteristics_core,504,ew_spread_bp,-3.6770210453882113,4.876469975342408,-0.7540333610133679,0.4508291898441358,-13.234726568750258,5.880684477973834,2266,2266,0,5,full,fixed504,recent,raw,activity_tercile_1,1152254
ld2_ridge_characteristics_core_full_raw_fixed504_recent,ridge,characteristics_core,504,cap_spread_bp,5.078190143661675,5.198299578072579,0.9768944762403559,0.32862139672141677,-5.110289810210339,15.266670097533687,2266,2266,0,5,full,fixed504,recent,raw,activity_tercile_1,1152254
ld2_ridge_characteristics_core_full_raw_fixed504_union,ridge,characteristics_core,504,rank_ic,0.042684694818474755,0.0035028981776346513,12.185536848033019,3.712008614388295e-34,0.03581914054879985,0.04955024908814966,2266,2266,0,5,full,fixed504,union,raw,activity_tercile_1,1152254
ld2_ridge_characteristics_core_full_raw_fixed504_union,ridge,characteristics_core,504,ew_spread_bp,-2.2994950487317882,4.864471319387785,-0.472712222511611,0.6364185053439524,-11.833683638559885,7.234693541096307,2266,2266,0,5,full,fixed504,union,raw,activity_tercile_1,1152254
ld2_ridge_characteristics_core_full_raw_fixed504_union,ridge,characteristics_core,504,cap_spread_bp,7.525399403167399,5.214461689550318,1.4431785774259607,0.14897017261406745,-2.6947577071151043,17.745556513449902,2266,2266,0,5,full,fixed504,union,raw,activity_tercile_1,1152254
ld2_lasso_characteristics_core_full_raw_fixed504_retain,lasso,characteristics_core,504,rank_ic,0.04208186621778578,0.003437273152990076,12.242805370640637,1.835758498990401e-34,0.0353449346328988,0.04881879780267276,2266,2266,0,5,full,fixed504,retain,raw,activity_tercile_1,1152254
ld2_lasso_characteristics_core_full_raw_fixed504_retain,lasso,characteristics_core,504,ew_spread_bp,-1.7999458948770126,4.724093941557113,-0.3810139927665644,0.7031928655772185,-11.058999879912822,7.4591080901587965,2266,2266,0,5,full,fixed504,retain,raw,activity_tercile_1,1152254
ld2_lasso_characteristics_core_full_raw_fixed504_retain,lasso,characteristics_core,504,cap_spread_bp,6.23191282827901,4.834774240748173,1.2889770065695214,0.19740608042094943,-3.244070556969393,15.707896213527412,2266,2266,0,5,full,fixed504,retain,raw,activity_tercile_1,1152254
ld2_lasso_characteristics_core_full_raw_fixed504_recent,lasso,characteristics_core,504,rank_ic,0.04149214128850311,0.0034055657685624617,12.183626483307512,3.800014459029868e-34,0.03481735503513821,0.048166927541868,2266,2266,0,5,full,fixed504,recent,raw,activity_tercile_1,1152254
ld2_lasso_characteristics_core_full_raw_fixed504_recent,lasso,characteristics_core,504,ew_spread_bp,-3.669428327914704,4.829499255188678,-0.7597947807885824,0.4473772631598022,-13.135072931447528,5.796216275618121,2266,2266,0,5,full,fixed504,recent,raw,activity_tercile_1,1152254
ld2_lasso_characteristics_core_full_raw_fixed504_recent,lasso,characteristics_core,504,cap_spread_bp,6.029610797763624,5.0546508413911315,1.1928837395431582,0.23291490828710681,-3.8773228057880758,15.936544401315324,2266,2266,0,5,full,fixed504,recent,raw,activity_tercile_1,1152254
ld2_lasso_characteristics_core_full_raw_fixed504_union,lasso,characteristics_core,504,rank_ic,0.04209604145718055,0.003457728694180456,12.174477866939203,4.251057268838765e-34,0.035319017748276144,0.04887306516608496,2266,2266,0,5,full,fixed504,union,raw,activity_tercile_1,1152254
ld2_lasso_characteristics_core_full_raw_fixed504_union,lasso,characteristics_core,504,ew_spread_bp,-2.710031419962147,4.802069701540955,-0.5643465398039755,0.5725183140786414,-12.121915086233425,6.70185224630913,2266,2266,0,5,full,fixed504,union,raw,activity_tercile_1,1152254
ld2_lasso_characteristics_core_full_raw_fixed504_union,lasso,characteristics_core,504,cap_spread_bp,7.451077204213934,5.040438143898765,1.4782598241450786,0.13933824675798803,-2.428000024129563,17.330154432557432,2266,2266,0,5,full,fixed504,union,raw,activity_tercile_1,1152254
ld2_enet_characteristics_core_full_raw_fixed504_retain,enet,characteristics_core,504,rank_ic,0.04207259901046688,0.0034454041096081394,12.211223320114973,2.707867577679202e-34,0.035319731043448634,0.048825466977485125,2266,2266,0,5,full,fixed504,retain,raw,activity_tercile_1,1152254
ld2_enet_characteristics_core_full_raw_fixed504_retain,enet,characteristics_core,504,ew_spread_bp,-1.2988342365042629,4.743748276967882,-0.27379914798819266,0.7842389784158058,-10.596410011085247,7.998741538076722,2266,2266,0,5,full,fixed504,retain,raw,activity_tercile_1,1152254
ld2_enet_characteristics_core_full_raw_fixed504_retain,enet,characteristics_core,504,cap_spread_bp,7.404420830744144,4.82952520016961,1.5331570959571978,0.12523715255146906,-2.061274624016887,16.870116285505176,2266,2266,0,5,full,fixed504,retain,raw,activity_tercile_1,1152254
ld2_enet_characteristics_core_full_raw_fixed504_recent,enet,characteristics_core,504,rank_ic,0.04143261023601341,0.0034153768481404,12.131197252383025,7.218626435039268e-34,0.034738594620026306,0.04812662585200052,2266,2266,0,5,full,fixed504,recent,raw,activity_tercile_1,1152254
ld2_enet_characteristics_core_full_raw_fixed504_recent,enet,characteristics_core,504,ew_spread_bp,-3.8966572971091544,4.825325961384413,-0.8075428122976341,0.4193538192971359,-13.354122395088716,5.560807800870407,2266,2266,0,5,full,fixed504,recent,raw,activity_tercile_1,1152254
ld2_enet_characteristics_core_full_raw_fixed504_recent,enet,characteristics_core,504,cap_spread_bp,5.928429290189744,5.070063159421439,1.1693008753102507,0.24228243062917276,-4.008711901619636,15.865570481999123,2266,2266,0,5,full,fixed504,recent,raw,activity_tercile_1,1152254
ld2_enet_characteristics_core_full_raw_fixed504_union,enet,characteristics_core,504,rank_ic,0.04204130879212041,0.0034686685782396574,12.120301448187446,8.245529889508223e-34,0.03524284330446493,0.04883977427977589,2266,2266,0,5,full,fixed504,union,raw,activity_tercile_1,1152254
ld2_enet_characteristics_core_full_raw_fixed504_union,enet,characteristics_core,504,ew_spread_bp,-2.6979574594862745,4.81304554520673,-0.5605509929514685,0.5751036680417247,-12.131353384042413,6.735438465069865,2266,2266,0,5,full,fixed504,union,raw,activity_tercile_1,1152254
ld2_enet_characteristics_core_full_raw_fixed504_union,enet,characteristics_core,504,cap_spread_bp,7.697254271491191,5.0218755102251285,1.53274493878207,0.12533871196840207,-2.145440863393768,17.539949406376152,2266,2266,0,5,full,fixed504,union,raw,activity_tercile_1,1152254
ld2_group_ridge_characteristics_core_full_raw_fixed504_retain,group_ridge,characteristics_core,504,rank_ic,0.04237808594997202,0.0035106109801571247,12.071427506352556,1.4951788409321848e-33,0.0354974148651332,0.04925875703481084,2266,2266,0,5,full,fixed504,retain,raw,activity_tercile_1,1152254
ld2_group_ridge_characteristics_core_full_raw_fixed504_retain,group_ridge,characteristics_core,504,ew_spread_bp,-3.006537547460803,4.876313162545402,-0.616559570159233,0.537525268595465,-12.5639357233884,6.550860628466793,2266,2266,0,5,full,fixed504,retain,raw,activity_tercile_1,1152254
ld2_group_ridge_characteristics_core_full_raw_fixed504_retain,group_ridge,characteristics_core,504,cap_spread_bp,5.843134752204879,5.158088390934381,1.132810124478383,0.2572939988220059,-4.266532723100667,15.952802227510425,2266,2266,0,5,full,fixed504,retain,raw,activity_tercile_1,1152254
ld2_group_ridge_characteristics_core_full_raw_fixed504_recent,group_ridge,characteristics_core,504,rank_ic,0.04223291789660452,0.0034829019250012827,12.12578441943609,7.71182299020093e-34,0.03540655556191678,0.04905928023129226,2266,2266,0,5,full,fixed504,recent,raw,activity_tercile_1,1152254
ld2_group_ridge_characteristics_core_full_raw_fixed504_recent,group_ridge,characteristics_core,504,ew_spread_bp,-3.3411777640442586,4.865553307759957,-0.6867004742740137,0.492271498045446,-12.877487012113505,6.195131484024987,2266,2266,0,5,full,fixed504,recent,raw,activity_tercile_1,1152254
ld2_group_ridge_characteristics_core_full_raw_fixed504_recent,group_ridge,characteristics_core,504,cap_spread_bp,4.849557016280998,5.2093062252985405,0.9309410517526399,0.35188405772663567,-5.360495569744438,15.059609602306434,2266,2266,0,5,full,fixed504,recent,raw,activity_tercile_1,1152254
ld2_group_ridge_characteristics_core_full_raw_fixed504_union,group_ridge,characteristics_core,504,rank_ic,0.04255825375491268,0.0035207286135453385,12.087910891847168,1.2235855430162405e-33,0.035657752473024176,0.04945875503680118,2266,2266,0,5,full,fixed504,union,raw,activity_tercile_1,1152254
ld2_group_ridge_characteristics_core_full_raw_fixed504_union,group_ridge,characteristics_core,504,ew_spread_bp,-2.440212126543798,4.882965886967747,-0.4997397448662365,0.6172583429910169,-12.010649402738263,7.130225149650666,2266,2266,0,5,full,fixed504,union,raw,activity_tercile_1,1152254
ld2_group_ridge_characteristics_core_full_raw_fixed504_union,group_ridge,characteristics_core,504,cap_spread_bp,6.478462830016687,5.219566615314526,1.2411878815778465,0.2145363505033715,-3.751699750907415,16.70862541094079,2266,2266,0,5,full,fixed504,union,raw,activity_tercile_1,1152254
ld2_ols_characteristics_textcore_full_raw_fixed504_retain,ols,characteristics_textcore,504,rank_ic,0.032088267207590046,0.0026466793198671105,12.123972468716458,7.884286754464052e-34,0.026900871062023546,0.037275663353156546,2266,2266,0,5,full,fixed504,retain,raw,activity_tercile_1,1152254
ld2_ols_characteristics_textcore_full_raw_fixed504_retain,ols,characteristics_textcore,504,ew_spread_bp,-1.1757524709887068,3.8687553414725175,-0.3039097506075932,0.7611966490286071,-8.7583736052718,6.406868663294386,2266,2266,0,5,full,fixed504,retain,raw,activity_tercile_1,1152254
ld2_ols_characteristics_textcore_full_raw_fixed504_retain,ols,characteristics_textcore,504,cap_spread_bp,1.5753435568524043,3.769683140520447,0.4178981357661033,0.6760215956010052,-5.813099631695516,8.963786745400323,2266,2266,0,5,full,fixed504,retain,raw,activity_tercile_1,1152254
ld2_ols_characteristics_textcore_full_raw_fixed504_recent,ols,characteristics_textcore,504,rank_ic,0.033691776597494144,0.002746067793311179,12.269098628795673,1.3272261310375765e-34,0.028309582623498853,0.03907397057148944,2266,2266,0,5,full,fixed504,recent,raw,activity_tercile_1,1152254
ld2_ols_characteristics_textcore_full_raw_fixed504_recent,ols,characteristics_textcore,504,ew_spread_bp,-4.173190243793698,4.015324871294856,-1.0393157160526176,0.29865792800939217,-12.043082377759545,3.6967018901721485,2266,2266,0,5,full,fixed504,recent,raw,activity_tercile_1,1152254
ld2_ols_characteristics_textcore_full_raw_fixed504_recent,ols,characteristics_textcore,504,cap_spread_bp,3.254687575626771,3.9098393308221895,0.832435120791102,0.4051633850064522,-4.408456698122906,10.917831849376448,2266,2266,0,5,full,fixed504,recent,raw,activity_tercile_1,1152254
ld2_ols_characteristics_textcore_full_raw_fixed504_union,ols,characteristics_textcore,504,rank_ic,0.034369971716613136,0.002804132422504342,12.256900366323523,1.5428947292035092e-34,0.02887397316062357,0.0398659702726027,2266,2266,0,5,full,fixed504,union,raw,activity_tercile_1,1152254
ld2_ols_characteristics_textcore_full_raw_fixed504_union,ols,characteristics_textcore,504,ew_spread_bp,-2.318575431180361,4.149141851470178,-0.5588084269422635,0.57629247068259,-10.450744026809748,5.813593164449027,2266,2266,0,5,full,fixed504,union,raw,activity_tercile_1,1152254
ld2_ols_characteristics_textcore_full_raw_fixed504_union,ols,characteristics_textcore,504,cap_spread_bp,1.6958558070973204,3.934405378913792,0.43103230190416,0.6664448834789809,-6.015437036154376,9.407148650349017,2266,2266,0,5,full,fixed504,union,raw,activity_tercile_1,1152254
ld2_ridge_characteristics_textcore_full_raw_fixed504_retain,ridge,characteristics_textcore,504,rank_ic,0.038279730948438444,0.0031686344380914594,12.080829043660586,1.3336818969459548e-33,0.032069321569605874,0.04449014032727101,2266,2266,0,5,full,fixed504,retain,raw,activity_tercile_1,1152254
ld2_ridge_characteristics_textcore_full_raw_fixed504_retain,ridge,characteristics_textcore,504,ew_spread_bp,-1.978806241911053,4.37484830596185,-0.4523142526369254,0.6510426097195368,-10.553351359422345,6.595738875600238,2266,2266,0,5,full,fixed504,retain,raw,activity_tercile_1,1152254
ld2_ridge_characteristics_textcore_full_raw_fixed504_retain,ridge,characteristics_textcore,504,cap_spread_bp,5.3254465102184,4.2307606172893415,1.2587444651100177,0.20812264514705658,-2.9666919268791556,13.617584947315956,2266,2266,0,5,full,fixed504,retain,raw,activity_tercile_1,1152254
ld2_ridge_characteristics_textcore_full_raw_fixed504_recent,ridge,characteristics_textcore,504,rank_ic,0.037974257865140415,0.003165002072640211,11.998177882222583,3.632044874774655e-33,0.03177096779177098,0.04417754793850985,2266,2266,0,5,full,fixed504,recent,raw,activity_tercile_1,1152254
ld2_ridge_characteristics_textcore_full_raw_fixed504_recent,ridge,characteristics_textcore,504,ew_spread_bp,-2.6812581756295226,4.438653765476196,-0.6040701341664272,0.5457970147162723,-11.380859695805961,6.018343344546915,2266,2266,0,5,full,fixed504,recent,raw,activity_tercile_1,1152254
ld2_ridge_characteristics_textcore_full_raw_fixed504_recent,ridge,characteristics_textcore,504,cap_spread_bp,2.948667197150084,4.491740350095474,0.6564643027701744,0.5115254285626873,-5.854982116942378,11.752316511242547,2266,2266,0,5,full,fixed504,recent,raw,activity_tercile_1,1152254
ld2_ridge_characteristics_textcore_full_raw_fixed504_union,ridge,characteristics_textcore,504,rank_ic,0.038790353009312155,0.003240692815399978,11.969771656535274,5.116925364631085e-33,0.03243871180617049,0.04514199421245382,2266,2266,0,5,full,fixed504,union,raw,activity_tercile_1,1152254
ld2_ridge_characteristics_textcore_full_raw_fixed504_union,ridge,characteristics_textcore,504,ew_spread_bp,-1.2682485266084258,4.467508175374411,-0.2838827545071335,0.7765002329470707,-10.024403650980522,7.48790659776367,2266,2266,0,5,full,fixed504,union,raw,activity_tercile_1,1152254
ld2_ridge_characteristics_textcore_full_raw_fixed504_union,ridge,characteristics_textcore,504,cap_spread_bp,6.532117539376301,4.459396715819492,1.4647984818672746,0.1429759062021741,-2.2081394164061,15.272374495158703,2266,2266,0,5,full,fixed504,union,raw,activity_tercile_1,1152254
ld2_lasso_characteristics_textcore_full_raw_fixed504_retain,lasso,characteristics_textcore,504,rank_ic,0.04140781126879575,0.003371339021256973,12.28230415502895,1.1274090591086605e-34,0.03480010820745757,0.048015514330133936,2266,2266,0,5,full,fixed504,retain,raw,activity_tercile_1,1152254
ld2_lasso_characteristics_textcore_full_raw_fixed504_retain,lasso,characteristics_textcore,504,ew_spread_bp,0.6083239483375671,4.642398835805894,0.1310365545600447,0.8957463903460647,-8.490610571712661,9.707258468387796,2266,2266,0,5,full,fixed504,retain,raw,activity_tercile_1,1152254
ld2_lasso_characteristics_textcore_full_raw_fixed504_retain,lasso,characteristics_textcore,504,cap_spread_bp,6.7542081505433815,4.636866797373575,1.4566319123872862,0.14521801372637325,-2.3338837734184095,15.842300074505172,2266,2266,0,5,full,fixed504,retain,raw,activity_tercile_1,1152254
ld2_lasso_characteristics_textcore_full_raw_fixed504_recent,lasso,characteristics_textcore,504,rank_ic,0.04112858601597807,0.0033557369521590836,12.25620082930395,1.5562679199187647e-34,0.03455146244815605,0.047705709583800084,2266,2266,0,5,full,fixed504,recent,raw,activity_tercile_1,1152254
ld2_lasso_characteristics_textcore_full_raw_fixed504_recent,lasso,characteristics_textcore,504,ew_spread_bp,-0.6072867171676659,4.714708394130854,-0.1288068458112175,0.8975104884855176,-9.847945367272814,8.633371932937482,2266,2266,0,5,full,fixed504,recent,raw,activity_tercile_1,1152254
ld2_lasso_characteristics_textcore_full_raw_fixed504_recent,lasso,characteristics_textcore,504,cap_spread_bp,9.64092297051288,4.9143748190819485,1.9617801501583259,0.049788085654875136,0.008925318581717079,19.272920622444044,2266,2266,0,5,full,fixed504,recent,raw,activity_tercile_1,1152254
ld2_lasso_characteristics_textcore_full_raw_fixed504_union,lasso,characteristics_textcore,504,rank_ic,0.04157953534400728,0.0034076299085108934,12.201892946225842,3.0368100741289026e-34,0.03490070345068441,0.04825836723733015,2266,2266,0,5,full,fixed504,union,raw,activity_tercile_1,1152254
ld2_lasso_characteristics_textcore_full_raw_fixed504_union,lasso,characteristics_textcore,504,ew_spread_bp,0.09429073522285429,4.727756386103703,0.019944076539138756,0.9840879841339281,-9.171941509219646,9.360522979665355,2266,2266,0,5,full,fixed504,union,raw,activity_tercile_1,1152254
ld2_lasso_characteristics_textcore_full_raw_fixed504_union,lasso,characteristics_textcore,504,cap_spread_bp,9.130491326391583,4.815073625064594,1.8962308860374069,0.057929520747333485,-0.30687956164373986,18.567862214426906,2266,2266,0,5,full,fixed504,union,raw,activity_tercile_1,1152254
ld2_enet_characteristics_textcore_full_raw_fixed504_retain,enet,characteristics_textcore,504,rank_ic,0.04105255659791234,0.003380773620472065,12.142947504476826,6.2532143045816595e-34,0.03442636206190401,0.04767875113392067,2266,2266,0,5,full,fixed504,retain,raw,activity_tercile_1,1152254
ld2_enet_characteristics_textcore_full_raw_fixed504_retain,enet,characteristics_textcore,504,ew_spread_bp,-0.481700636096178,4.648115530146269,-0.10363353341198463,0.917460175118984,-9.591839671164164,8.628438398971808,2266,2266,0,5,full,fixed504,retain,raw,activity_tercile_1,1152254
ld2_enet_characteristics_textcore_full_raw_fixed504_retain,enet,characteristics_textcore,504,cap_spread_bp,6.164807813594411,4.602527417986603,1.3394396716687536,0.18042758173180684,-2.855980163517458,15.18559579070628,2266,2266,0,5,full,fixed504,retain,raw,activity_tercile_1,1152254
ld2_enet_characteristics_textcore_full_raw_fixed504_recent,enet,characteristics_textcore,504,rank_ic,0.040697858224569144,0.0033638925377007718,12.098441840352672,1.0763477575655953e-33,0.03410475000281259,0.0472909664463257,2266,2266,0,5,full,fixed504,recent,raw,activity_tercile_1,1152254
ld2_enet_characteristics_textcore_full_raw_fixed504_recent,enet,characteristics_textcore,504,ew_spread_bp,-2.3830002129431698,4.736915795992644,-0.5030699965068305,0.6149150604348712,-11.667184570887635,6.901184145001295,2266,2266,0,5,full,fixed504,recent,raw,activity_tercile_1,1152254
ld2_enet_characteristics_textcore_full_raw_fixed504_recent,enet,characteristics_textcore,504,cap_spread_bp,8.515362872239455,4.916471065481812,1.732007116247506,0.08327229541600013,-1.120743347138161,18.151469091617074,2266,2266,0,5,full,fixed504,recent,raw,activity_tercile_1,1152254
ld2_enet_characteristics_textcore_full_raw_fixed504_union,enet,characteristics_textcore,504,rank_ic,0.04117722432771184,0.00340875810801225,12.079831722563478,1.3499572054338937e-33,0.03449618120399894,0.04785826745142475,2266,2266,0,5,full,fixed504,union,raw,activity_tercile_1,1152254
ld2_enet_characteristics_textcore_full_raw_fixed504_union,enet,characteristics_textcore,504,ew_spread_bp,-1.486276739470431,4.722774110554514,-0.31470417696854935,0.7529862725282829,-10.742743903275468,7.770190424334605,2266,2266,0,5,full,fixed504,union,raw,activity_tercile_1,1152254
ld2_enet_characteristics_textcore_full_raw_fixed504_union,enet,characteristics_textcore,504,cap_spread_bp,8.816189870866364,4.762357965032227,1.8512236870053727,0.06413737941878282,-0.5178602220842645,18.150239963816993,2266,2266,0,5,full,fixed504,union,raw,activity_tercile_1,1152254
ld2_group_ridge_characteristics_textcore_full_raw_fixed504_retain,group_ridge,characteristics_textcore,504,rank_ic,0.04186030922579538,0.0034865869898597617,12.00609918741167,3.3004937654836174e-33,0.03502672429670433,0.04869389415488643,2266,2266,0,5,full,fixed504,retain,raw,activity_tercile_1,1152254
ld2_group_ridge_characteristics_textcore_full_raw_fixed504_retain,group_ridge,characteristics_textcore,504,ew_spread_bp,-2.004004524186764,4.814915918391985,-0.4162075845461559,0.6772581102391845,-11.44106631282365,7.433057264450124,2266,2266,0,5,full,fixed504,retain,raw,activity_tercile_1,1152254
ld2_group_ridge_characteristics_textcore_full_raw_fixed504_retain,group_ridge,characteristics_textcore,504,cap_spread_bp,5.116465291512161,4.999751189748437,1.0233439819971513,0.30614523535794447,-4.682866972056062,14.915797555080385,2266,2266,0,5,full,fixed504,retain,raw,activity_tercile_1,1152254
ld2_group_ridge_characteristics_textcore_full_raw_fixed504_recent,group_ridge,characteristics_textcore,504,rank_ic,0.04161569014561345,0.003456114014599134,12.041179767167012,2.1584648214490126e-33,0.034841831150535005,0.04838954914069189,2266,2266,0,5,full,fixed504,recent,raw,activity_tercile_1,1152254
ld2_group_ridge_characteristics_textcore_full_raw_fixed504_recent,group_ridge,characteristics_textcore,504,ew_spread_bp,-3.4081300529113276,4.863761974219758,-0.7007189231249454,0.4834784442907655,-12.940928351757485,6.1246682459348305,2266,2266,0,5,full,fixed504,recent,raw,activity_tercile_1,1152254
ld2_group_ridge_characteristics_textcore_full_raw_fixed504_recent,group_ridge,characteristics_textcore,504,cap_spread_bp,4.105669515258555,5.119596303579208,0.8019518086588591,0.4225808353396523,-5.928554855141082,14.139893885658191,2266,2266,0,5,full,fixed504,recent,raw,activity_tercile_1,1152254
ld2_group_ridge_characteristics_textcore_full_raw_fixed504_union,group_ridge,characteristics_textcore,504,rank_ic,0.041925598877066,0.0034992038828798463,11.98146786535948,4.443849006526229e-33,0.035067285292058784,0.04878391246207321,2266,2266,0,5,full,fixed504,union,raw,activity_tercile_1,1152254
ld2_group_ridge_characteristics_textcore_full_raw_fixed504_union,group_ridge,characteristics_textcore,504,ew_spread_bp,-2.271503847160332,4.8667681360041035,-0.46673763443872784,0.6406876004577868,-11.810194114835507,7.267186420514843,2266,2266,0,5,full,fixed504,union,raw,activity_tercile_1,1152254
ld2_group_ridge_characteristics_textcore_full_raw_fixed504_union,group_ridge,characteristics_textcore,504,cap_spread_bp,6.287780355222861,5.085417370480595,1.2364334915206059,0.2162974733843156,-3.6794545372734913,16.255015247719214,2266,2266,0,5,full,fixed504,union,raw,activity_tercile_1,1152254
ld2_ols_characteristics_textcore_pca_raw_fixed504_retain,ols,characteristics_textcore,504,rank_ic,0.03945671341958118,0.003233528057261317,12.202372368774066,3.0189795896066153e-34,0.03311911488434923,0.04579431195481313,2266,2266,0,5,pca,fixed504,retain,raw,activity_tercile_1,1152254
ld2_ols_characteristics_textcore_pca_raw_fixed504_retain,ols,characteristics_textcore,504,ew_spread_bp,-0.8387773624377551,4.432389016796427,-0.18923820974630823,0.8499061216162862,-9.526100200829653,7.848545475954143,2266,2266,0,5,pca,fixed504,retain,raw,activity_tercile_1,1152254
ld2_ols_characteristics_textcore_pca_raw_fixed504_retain,ols,characteristics_textcore,504,cap_spread_bp,9.128546599175479,4.838994159110865,1.8864553870122447,0.05923361486168147,-0.3557076740815006,18.61280087243246,2266,2266,0,5,pca,fixed504,retain,raw,activity_tercile_1,1152254
ld2_ols_characteristics_textcore_pca_raw_fixed504_recent,ols,characteristics_textcore,504,rank_ic,0.03950731992559223,0.0032285113083148987,12.23700837715598,1.9716680299684065e-34,0.03317955403761474,0.045835085813569716,2266,2266,0,5,pca,fixed504,recent,raw,activity_tercile_1,1152254
ld2_ols_characteristics_textcore_pca_raw_fixed504_recent,ols,characteristics_textcore,504,ew_spread_bp,-1.3188250208900143,4.525588312898643,-0.2914151552696816,0.7707338250663136,-10.188815123026739,7.551165081246711,2266,2266,0,5,pca,fixed504,recent,raw,activity_tercile_1,1152254
ld2_ols_characteristics_textcore_pca_raw_fixed504_recent,ols,characteristics_textcore,504,cap_spread_bp,8.584121066126166,4.937063235326403,1.7387099692594166,0.08208579157361053,-1.0923450645103827,18.260587196762714,2266,2266,0,5,pca,fixed504,recent,raw,activity_tercile_1,1152254
ld2_ols_characteristics_textcore_pca_raw_fixed504_union,ols,characteristics_textcore,504,rank_ic,0.040041133399943446,0.0032844215094344153,12.191228587721257,3.461628483962358e-34,0.03360378553140331,0.046478481268483585,2266,2266,0,5,pca,fixed504,union,raw,activity_tercile_1,1152254
ld2_ols_characteristics_textcore_pca_raw_fixed504_union,ols,characteristics_textcore,504,ew_spread_bp,-1.2692454531409318,4.5268059374745055,-0.2803843307338774,0.7791826573850363,-10.14162205559304,7.603131149311175,2266,2266,0,5,pca,fixed504,union,raw,activity_tercile_1,1152254
ld2_ols_characteristics_textcore_pca_raw_fixed504_union,ols,characteristics_textcore,504,cap_spread_bp,10.94478017002425,4.9261610270637215,2.221766627175802,0.026299081180880663,1.2896819749345134,20.599878365113987,2266,2266,0,5,pca,fixed504,union,raw,activity_tercile_1,1152254
ld2_ridge_characteristics_textcore_pca_raw_fixed504_retain,ridge,characteristics_textcore,504,rank_ic,0.0419292562067599,0.0034314022812553958,12.219277359523078,2.452550634088622e-34,0.035203831319030744,0.048654681094489054,2266,2266,0,5,pca,fixed504,retain,raw,activity_tercile_1,1152254
ld2_ridge_characteristics_textcore_pca_raw_fixed504_retain,ridge,characteristics_textcore,504,ew_spread_bp,-1.5472353337889644,4.780043205812926,-0.32368647461332545,0.7461754117443349,-10.91594786172768,7.821477194149751,2266,2266,0,5,pca,fixed504,retain,raw,activity_tercile_1,1152254
ld2_ridge_characteristics_textcore_pca_raw_fixed504_retain,ridge,characteristics_textcore,504,cap_spread_bp,6.612995037956775,4.853341196373198,1.362565451383993,0.17301950337537786,-2.8993789116192303,16.12536898753278,2266,2266,0,5,pca,fixed504,retain,raw,activity_tercile_1,1152254
ld2_ridge_characteristics_textcore_pca_raw_fixed504_recent,ridge,characteristics_textcore,504,rank_ic,0.04150816189837818,0.00341162454136238,12.166685224336712,4.676924011612664e-34,0.034821500668534934,0.048194823128221424,2266,2266,0,5,pca,fixed504,recent,raw,activity_tercile_1,1152254
ld2_ridge_characteristics_textcore_pca_raw_fixed504_recent,ridge,characteristics_textcore,504,ew_spread_bp,-2.848133160947915,4.8089839753729855,-0.5922525788260737,0.5536814655639768,-12.273568554909222,6.577302233013391,2266,2266,0,5,pca,fixed504,recent,raw,activity_tercile_1,1152254
ld2_ridge_characteristics_textcore_pca_raw_fixed504_recent,ridge,characteristics_textcore,504,cap_spread_bp,5.838411851646189,4.9782651628085315,1.1727804085775935,0.24088387654157162,-3.9188085729489615,15.59563227624134,2266,2266,0,5,pca,fixed504,recent,raw,activity_tercile_1,1152254
ld2_ridge_characteristics_textcore_pca_raw_fixed504_union,ridge,characteristics_textcore,504,rank_ic,0.04201069862503942,0.0034515178802734846,12.17165898665739,4.4004670619829385e-34,0.03524584788770736,0.04877554936237148,2266,2266,0,5,pca,fixed504,union,raw,activity_tercile_1,1152254
ld2_ridge_characteristics_textcore_pca_raw_fixed504_union,ridge,characteristics_textcore,504,ew_spread_bp,-1.5877050648795727,4.837022238357575,-0.32824018303845603,0.7427300676946357,-11.068094444479737,7.892684314720591,2266,2266,0,5,pca,fixed504,union,raw,activity_tercile_1,1152254
ld2_ridge_characteristics_textcore_pca_raw_fixed504_union,ridge,characteristics_textcore,504,cap_spread_bp,7.71371352616455,4.994731377025901,1.5443700459338134,0.12249871229880202,-2.0757800852583657,17.503207137587466,2266,2266,0,5,pca,fixed504,union,raw,activity_tercile_1,1152254
ld2_lasso_characteristics_textcore_pca_raw_fixed504_retain,lasso,characteristics_textcore,504,rank_ic,0.041864426033684295,0.0034177489596966355,12.249122603024723,1.6982324000667292e-34,0.035165761164479656,0.048563090902888933,2266,2266,0,5,pca,fixed504,retain,raw,activity_tercile_1,1152254
ld2_lasso_characteristics_textcore_pca_raw_fixed504_retain,lasso,characteristics_textcore,504,ew_spread_bp,-1.3470972328747133,4.704186442034571,-0.2863613611989602,0.7746013653580053,-10.567133235824091,7.872938770074665,2266,2266,0,5,pca,fixed504,retain,raw,activity_tercile_1,1152254
ld2_lasso_characteristics_textcore_pca_raw_fixed504_retain,lasso,characteristics_textcore,504,cap_spread_bp,8.839065613459232,4.6958982320681315,1.882294968212375,0.059795977329936405,-0.3647257964596182,18.042857023378083,2266,2266,0,5,pca,fixed504,retain,raw,activity_tercile_1,1152254
ld2_lasso_characteristics_textcore_pca_raw_fixed504_recent,lasso,characteristics_textcore,504,rank_ic,0.04127850232984965,0.003378615011847558,12.217580927421784,2.504260133486021e-34,0.03465653858900207,0.04790046607069723,2266,2266,0,5,pca,fixed504,recent,raw,activity_tercile_1,1152254
ld2_lasso_characteristics_textcore_pca_raw_fixed504_recent,lasso,characteristics_textcore,504,ew_spread_bp,-2.8936408235856854,4.762360424734989,-0.6076064315830754,0.5434485341363041,-12.227695737465137,6.440414090293767,2266,2266,0,5,pca,fixed504,recent,raw,activity_tercile_1,1152254
ld2_lasso_characteristics_textcore_pca_raw_fixed504_recent,lasso,characteristics_textcore,504,cap_spread_bp,7.863064155405218,4.82147379287824,1.6308424546493827,0.10292356669108288,-1.5868508310398637,17.3129791418503,2266,2266,0,5,pca,fixed504,recent,raw,activity_tercile_1,1152254
ld2_lasso_characteristics_textcore_pca_raw_fixed504_union,lasso,characteristics_textcore,504,rank_ic,0.041794921906849414,0.00344622681056343,12.127733954926862,7.53044705243239e-34,0.035040441475588754,0.04854940233811007,2266,2266,0,5,pca,fixed504,union,raw,activity_tercile_1,1152254
ld2_lasso_characteristics_textcore_pca_raw_fixed504_union,lasso,characteristics_textcore,504,ew_spread_bp,-2.6126130592344747,4.7517412829457015,-0.5498222448708029,0.5824412995945344,-11.9258548376602,6.700628719191251,2266,2266,0,5,pca,fixed504,union,raw,activity_tercile_1,1152254
ld2_lasso_characteristics_textcore_pca_raw_fixed504_union,lasso,characteristics_textcore,504,cap_spread_bp,8.736501689061637,4.873536819548672,1.792640953079063,0.0730303536297554,-0.8154549545836414,18.288458332706917,2266,2266,0,5,pca,fixed504,union,raw,activity_tercile_1,1152254
ld2_enet_characteristics_textcore_pca_raw_fixed504_retain,enet,characteristics_textcore,504,rank_ic,0.04194367225720029,0.0034184162242213096,12.269913757139026,1.3139322329720467e-34,0.03524369957355913,0.04864364494084145,2266,2266,0,5,pca,fixed504,retain,raw,activity_tercile_1,1152254
ld2_enet_characteristics_textcore_pca_raw_fixed504_retain,enet,characteristics_textcore,504,ew_spread_bp,-1.2370473086609934,4.698267314576256,-0.26329862177553953,0.7923204218877273,-10.445482034972173,7.9713874176501855,2266,2266,0,5,pca,fixed504,retain,raw,activity_tercile_1,1152254
ld2_enet_characteristics_textcore_pca_raw_fixed504_retain,enet,characteristics_textcore,504,cap_spread_bp,9.581460894720749,4.697692949560699,2.0396098675663232,0.04138919845677399,0.3741519031540417,18.788769886287454,2266,2266,0,5,pca,fixed504,retain,raw,activity_tercile_1,1152254
ld2_enet_characteristics_textcore_pca_raw_fixed504_recent,enet,characteristics_textcore,504,rank_ic,0.04135476731604015,0.0033817476235695532,12.228815369843817,2.1809603815165882e-34,0.03472666376903991,0.04798287086304039,2266,2266,0,5,pca,fixed504,recent,raw,activity_tercile_1,1152254
ld2_enet_characteristics_textcore_pca_raw_fixed504_recent,enet,characteristics_textcore,504,ew_spread_bp,-3.198504516667556,4.756796387507232,-0.6724072792074481,0.5013244499770138,-12.521654117971966,6.124645084636853,2266,2266,0,5,pca,fixed504,recent,raw,activity_tercile_1,1152254
ld2_enet_characteristics_textcore_pca_raw_fixed504_recent,enet,characteristics_textcore,504,cap_spread_bp,8.222603468357939,4.764224843643359,1.7259058374058274,0.08436435438728378,-1.1151056394340149,17.56031257614989,2266,2266,0,5,pca,fixed504,recent,raw,activity_tercile_1,1152254
ld2_enet_characteristics_textcore_pca_raw_fixed504_union,enet,characteristics_textcore,504,rank_ic,0.041865454457459414,0.0034466540725561897,12.146694613425524,5.973202200280077e-34,0.03511013660808098,0.048620772306837846,2266,2266,0,5,pca,fixed504,union,raw,activity_tercile_1,1152254
ld2_enet_characteristics_textcore_pca_raw_fixed504_union,enet,characteristics_textcore,504,ew_spread_bp,-2.884754316353481,4.744416859381609,-0.6080313770593678,0.5431666636767813,-12.183640488386068,6.414131855679106,2266,2266,0,5,pca,fixed504,union,raw,activity_tercile_1,1152254
ld2_enet_characteristics_textcore_pca_raw_fixed504_union,enet,characteristics_textcore,504,cap_spread_bp,7.960702651359743,4.824366913871423,1.6501030691655034,0.09892185713889896,-1.4948827480348958,17.416288050754382,2266,2266,0,5,pca,fixed504,union,raw,activity_tercile_1,1152254
ld2_group_ridge_characteristics_textcore_pca_raw_fixed504_retain,group_ridge,characteristics_textcore,504,rank_ic,0.04212959976075099,0.003469590398321858,12.142528346034124,6.2853367312029215e-34,0.03532932753893416,0.04892987198256781,2266,2266,0,5,pca,fixed504,retain,raw,activity_tercile_1,1152254
ld2_group_ridge_characteristics_textcore_pca_raw_fixed504_retain,group_ridge,characteristics_textcore,504,ew_spread_bp,-1.4774290273577804,4.863690027924057,-0.30376710252408573,0.7613053314858831,-11.010086314055542,8.05522825933998,2266,2266,0,5,pca,fixed504,retain,raw,activity_tercile_1,1152254
ld2_group_ridge_characteristics_textcore_pca_raw_fixed504_retain,group_ridge,characteristics_textcore,504,cap_spread_bp,7.666223929717484,5.155468748517249,1.4870081274224283,0.13701266439686938,-2.4383091407981095,17.770757000233075,2266,2266,0,5,pca,fixed504,retain,raw,activity_tercile_1,1152254
ld2_group_ridge_characteristics_textcore_pca_raw_fixed504_recent,group_ridge,characteristics_textcore,504,rank_ic,0.04184827064599154,0.003441367853063463,12.160359610710819,5.05357350999511e-34,0.03510331359643322,0.04859322769554986,2266,2266,0,5,pca,fixed504,recent,raw,activity_tercile_1,1152254
ld2_group_ridge_characteristics_textcore_pca_raw_fixed504_recent,group_ridge,characteristics_textcore,504,ew_spread_bp,-2.583164668061782,4.808214365799267,-0.537239913102831,0.5911019045118189,-12.007091654976442,6.840762318852878,2266,2266,0,5,pca,fixed504,recent,raw,activity_tercile_1,1152254
ld2_group_ridge_characteristics_textcore_pca_raw_fixed504_recent,group_ridge,characteristics_textcore,504,cap_spread_bp,5.634638356103446,4.973757529096324,1.132873551463052,0.25726735831894776,-4.11374726876028,15.383023980967172,2266,2266,0,5,pca,fixed504,recent,raw,activity_tercile_1,1152254
ld2_group_ridge_characteristics_textcore_pca_raw_fixed504_union,group_ridge,characteristics_textcore,504,rank_ic,0.04211368952273733,0.0034863048502049927,12.079749572175556,1.3513065810817369e-33,0.03528065757720823,0.048946721468266424,2266,2266,0,5,pca,fixed504,union,raw,activity_tercile_1,1152254
ld2_group_ridge_characteristics_textcore_pca_raw_fixed504_union,group_ridge,characteristics_textcore,504,ew_spread_bp,-1.21999097848393,4.8955963734150165,-0.24920170811240758,0.8032047582173318,-10.815183553222264,8.375201596254405,2266,2266,0,5,pca,fixed504,union,raw,activity_tercile_1,1152254
ld2_group_ridge_characteristics_textcore_pca_raw_fixed504_union,group_ridge,characteristics_textcore,504,cap_spread_bp,7.260273927389849,5.178046051214459,1.4021261795628537,0.16087757066124375,-2.8885098432803344,17.409057698060032,2266,2266,0,5,pca,fixed504,union,raw,activity_tercile_1,1152254
ld2_ols_characteristics_full_raw_fixed504_retain,ols,characteristics,504,rank_ic,0.05053305027988708,0.003690235890352827,13.693718174491975,1.1069661808605402e-42,0.04330032084033844,0.05776577971943572,2264,2266,2,5,full,fixed504,retain,raw,activity_tercile_2,873714
ld2_ols_characteristics_full_raw_fixed504_retain,ols,characteristics,504,ew_spread_bp,-6.673215837923775,6.037413202553148,-1.1053104390969553,0.26902509610154657,-18.506328274714573,5.1598965988670225,2198,2266,68,5,full,fixed504,retain,raw,activity_tercile_2,873714
ld2_ols_characteristics_full_raw_fixed504_retain,ols,characteristics,504,cap_spread_bp,-2.5046580595211414,7.789525289692437,-0.32154180985013986,0.747799833298715,-17.77184708398225,12.762530964939968,2198,2266,68,5,full,fixed504,retain,raw,activity_tercile_2,873714
ld2_ols_characteristics_full_raw_fixed504_recent,ols,characteristics,504,rank_ic,0.05081555531192682,0.0036666120306182103,13.858994321621491,1.1223571932200715e-43,0.04362912778663386,0.05800198283721979,2264,2266,2,5,full,fixed504,recent,raw,activity_tercile_2,873714
ld2_ols_characteristics_full_raw_fixed504_recent,ols,characteristics,504,ew_spread_bp,-4.172866226429807,6.076152337576722,-0.6867612914547203,0.4922331661886342,-16.081905972659044,7.7361735197994275,2198,2266,68,5,full,fixed504,recent,raw,activity_tercile_2,873714
ld2_ols_characteristics_full_raw_fixed504_recent,ols,characteristics,504,cap_spread_bp,0.8486887527685003,7.451990187628758,0.11388752955920829,0.9093269512143691,-13.756943628129745,15.454321133666747,2198,2266,68,5,full,fixed504,recent,raw,activity_tercile_2,873714
ld2_ols_characteristics_full_raw_fixed504_union,ols,characteristics,504,rank_ic,0.05125826973480846,0.0037095961139156533,13.817749469416752,1.9920073349951602e-43,0.04398759495434403,0.058528944515272886,2264,2266,2,5,full,fixed504,union,raw,activity_tercile_2,873714
ld2_ols_characteristics_full_raw_fixed504_union,ols,characteristics,504,ew_spread_bp,-3.7582007957037034,6.09568738380206,-0.6165343724303005,0.5375418934266492,-15.705528528970927,8.189126937563522,2198,2266,68,5,full,fixed504,union,raw,activity_tercile_2,873714
ld2_ols_characteristics_full_raw_fixed504_union,ols,characteristics,504,cap_spread_bp,3.84298230541783,6.971871338694481,0.5512124534038587,0.5814880441082809,-9.821634423270407,17.507599034106065,2198,2266,68,5,full,fixed504,union,raw,activity_tercile_2,873714
ld2_ridge_characteristics_full_raw_fixed504_retain,ridge,characteristics,504,rank_ic,0.05174457996836735,0.003841412855842326,13.470194928324375,2.342467746773773e-41,0.044215549121167236,0.059273610815567465,2264,2266,2,5,full,fixed504,retain,raw,activity_tercile_2,873714
ld2_ridge_characteristics_full_raw_fixed504_retain,ridge,characteristics,504,ew_spread_bp,-6.420053401918416,6.3534831128024525,-1.0104777628167174,0.3122664480540174,-18.872651479394655,6.0325446755578245,2198,2266,68,5,full,fixed504,retain,raw,activity_tercile_2,873714
ld2_ridge_characteristics_full_raw_fixed504_retain,ridge,characteristics,504,cap_spread_bp,6.34869681171489,6.785853069854981,0.935578290063178,0.3494903566819709,-6.951330809581436,19.648724433011218,2198,2266,68,5,full,fixed504,retain,raw,activity_tercile_2,873714
ld2_ridge_characteristics_full_raw_fixed504_recent,ridge,characteristics,504,rank_ic,0.051614007970861644,0.003813357750167147,13.53505528522712,9.710936592911093e-42,0.044139964120367345,0.059088051821355944,2264,2266,2,5,full,fixed504,recent,raw,activity_tercile_2,873714
ld2_ridge_characteristics_full_raw_fixed504_recent,ridge,characteristics,504,ew_spread_bp,-3.912767530842638,6.381175034005168,-0.6131735158480326,0.5397616144992334,-16.419640776538923,8.594105714853647,2198,2266,68,5,full,fixed504,recent,raw,activity_tercile_2,873714
ld2_ridge_characteristics_full_raw_fixed504_recent,ridge,characteristics,504,cap_spread_bp,5.643077076035693,6.947635079076544,0.8122299187863723,0.4166597149549881,-7.974037456681424,19.260191608752812,2198,2266,68,5,full,fixed504,recent,raw,activity_tercile_2,873714
ld2_ridge_characteristics_full_raw_fixed504_union,ridge,characteristics,504,rank_ic,0.05196560098514157,0.003849824922071428,13.498172523954954,1.603032743701617e-41,0.044420082791096854,0.05951111917918629,2264,2266,2,5,full,fixed504,union,raw,activity_tercile_2,873714
ld2_ridge_characteristics_full_raw_fixed504_union,ridge,characteristics,504,ew_spread_bp,-3.5146388893479323,6.324535832111914,-0.555714914524298,0.578405759125008,-15.910501339220344,8.88122356052448,2198,2266,68,5,full,fixed504,union,raw,activity_tercile_2,873714
ld2_ridge_characteristics_full_raw_fixed504_union,ridge,characteristics,504,cap_spread_bp,6.3287033850839425,6.978464052131411,0.9068905905090944,0.36446465752517887,-7.348834824501068,20.006241594668953,2198,2266,68,5,full,fixed504,union,raw,activity_tercile_2,873714
ld2_lasso_characteristics_full_raw_fixed504_retain,lasso,characteristics,504,rank_ic,0.0514690502755336,0.0038032751913471313,13.532823076445096,1.0010419420410163e-41,0.04401476787719854,0.05892333267386866,2264,2266,2,5,full,fixed504,retain,raw,activity_tercile_2,873714
ld2_lasso_characteristics_full_raw_fixed504_retain,lasso,characteristics,504,ew_spread_bp,-3.788789311809987,6.27973870878142,-0.6033355028787813,0.5462855192783551,-16.09685101334363,8.519272389723659,2198,2266,68,5,full,fixed504,retain,raw,activity_tercile_2,873714
ld2_lasso_characteristics_full_raw_fixed504_retain,lasso,characteristics,504,cap_spread_bp,6.15370064420196,6.69406102906429,0.919277642896264,0.3579503686873272,-6.966417883077181,19.2738191714811,2198,2266,68,5,full,fixed504,retain,raw,activity_tercile_2,873714
ld2_lasso_characteristics_full_raw_fixed504_recent,lasso,characteristics,504,rank_ic,0.05137878198793622,0.0037713936397499193,13.623288072189446,2.9115789617870535e-42,0.04398698628250295,0.058770577693369484,2264,2266,2,5,full,fixed504,recent,raw,activity_tercile_2,873714
ld2_lasso_characteristics_full_raw_fixed504_recent,lasso,characteristics,504,ew_spread_bp,-3.6069389293593233,6.347131452656391,-0.568278592662478,0.5698458126626171,-16.047087981707243,8.833210122988598,2198,2266,68,5,full,fixed504,recent,raw,activity_tercile_2,873714
ld2_lasso_characteristics_full_raw_fixed504_recent,lasso,characteristics,504,cap_spread_bp,7.926615900699528,6.786166914826881,1.168054956529424,0.24278459783759188,-5.37402684543845,21.227258646837505,2198,2266,68,5,full,fixed504,recent,raw,activity_tercile_2,873714
ld2_lasso_characteristics_full_raw_fixed504_union,lasso,characteristics,504,rank_ic,0.051753263432579334,0.0038156316037259684,13.563485369510571,6.592745134040075e-42,0.04427476291100363,0.05923176395415504,2264,2266,2,5,full,fixed504,union,raw,activity_tercile_2,873714
ld2_lasso_characteristics_full_raw_fixed504_union,lasso,characteristics,504,ew_spread_bp,-3.493185721529852,6.298046803763755,-0.5546458815520869,0.5791368996893587,-15.837130629854414,8.850759186794711,2198,2266,68,5,full,fixed504,union,raw,activity_tercile_2,873714
ld2_lasso_characteristics_full_raw_fixed504_union,lasso,characteristics,504,cap_spread_bp,5.923905673002052,6.786831954574028,0.8728528586905114,0.3827432839978514,-7.378040527088624,19.22585187309273,2198,2266,68,5,full,fixed504,union,raw,activity_tercile_2,873714
ld2_enet_characteristics_full_raw_fixed504_retain,enet,characteristics,504,rank_ic,0.051478952440425184,0.00380968994225332,13.512635731709151,1.3171974655813825e-41,0.0440120973613442,0.05894580751950617,2264,2266,2,5,full,fixed504,retain,raw,activity_tercile_2,873714
ld2_enet_characteristics_full_raw_fixed504_retain,enet,characteristics,504,ew_spread_bp,-4.01110889060447,6.2565845817189665,-0.6411020003348916,0.5214564146680851,-16.273789337002242,8.251571555793303,2198,2266,68,5,full,fixed504,retain,raw,activity_tercile_2,873714
ld2_enet_characteristics_full_raw_fixed504_retain,enet,characteristics,504,cap_spread_bp,6.619585995132845,6.711446277299793,0.9863128931721248,0.32397959479896377,-6.534606992550171,19.773778982815863,2198,2266,68,5,full,fixed504,retain,raw,activity_tercile_2,873714
ld2_enet_characteristics_full_raw_fixed504_recent,enet,characteristics,504,rank_ic,0.05133484013812123,0.0037752304460882645,13.597803066912707,4.1264320101680035e-42,0.04393552443044915,0.05873415584579331,2264,2266,2,5,full,fixed504,recent,raw,activity_tercile_2,873714
ld2_enet_characteristics_full_raw_fixed504_recent,enet,characteristics,504,ew_spread_bp,-3.4840610031672425,6.331546159264145,-0.5502701734345662,0.5821340787079217,-15.893663441777873,8.925541435443387,2198,2266,68,5,full,fixed504,recent,raw,activity_tercile_2,873714
ld2_enet_characteristics_full_raw_fixed504_recent,enet,characteristics,504,cap_spread_bp,8.535129022935433,6.794687690950518,1.2561473626378612,0.20906254691377135,-4.782214137525203,21.852472183396067,2198,2266,68,5,full,fixed504,recent,raw,activity_tercile_2,873714
ld2_enet_characteristics_full_raw_fixed504_union,enet,characteristics,504,rank_ic,0.05168638346973618,0.003820562426696833,13.528475050837736,1.0620393090864139e-41,0.04419821871272344,0.059174548226748926,2264,2266,2,5,full,fixed504,union,raw,activity_tercile_2,873714
ld2_enet_characteristics_full_raw_fixed504_union,enet,characteristics,504,ew_spread_bp,-3.0295851829093703,6.28353630673489,-0.48214652307525724,0.6297018626869749,-15.34509003965958,9.285919673840839,2198,2266,68,5,full,fixed504,union,raw,activity_tercile_2,873714
ld2_enet_characteristics_full_raw_fixed504_union,enet,characteristics,504,cap_spread_bp,7.919008852352598,6.789579276176673,1.1663475055279016,0.24347397341632726,-5.38832199913321,21.226339703838406,2198,2266,68,5,full,fixed504,union,raw,activity_tercile_2,873714
ld2_ols_characteristics_core_full_raw_fixed504_retain,ols,characteristics_core,504,rank_ic,0.05117032380251244,0.003609452734740404,14.176754085184793,1.2761412328713126e-45,0.04409592643852164,0.05824472116650324,2264,2266,2,5,full,fixed504,retain,raw,activity_tercile_2,873714
ld2_ols_characteristics_core_full_raw_fixed504_retain,ols,characteristics_core,504,ew_spread_bp,-4.322122327715898,6.055525343499587,-0.7137485325456623,0.47538269006868183,-16.190733908444628,7.546489253012832,2198,2266,68,5,full,fixed504,retain,raw,activity_tercile_2,873714
ld2_ols_characteristics_core_full_raw_fixed504_retain,ols,characteristics_core,504,cap_spread_bp,-0.7781836497324366,8.09495309094189,-0.09613195295760396,0.9234157740291856,-16.64400016451973,15.087632865054857,2198,2266,68,5,full,fixed504,retain,raw,activity_tercile_2,873714
ld2_ols_characteristics_core_full_raw_fixed504_recent,ols,characteristics_core,504,rank_ic,0.05121469713983917,0.0035810822336913854,14.301457994458557,2.1427288966499346e-46,0.04419590493612781,0.058233489343550535,2264,2266,2,5,full,fixed504,recent,raw,activity_tercile_2,873714
ld2_ols_characteristics_core_full_raw_fixed504_recent,ols,characteristics_core,504,ew_spread_bp,-3.032746738191786,6.018280689980796,-0.503922448024182,0.6143158752313149,-14.828360139407012,8.76286666302344,2198,2266,68,5,full,fixed504,recent,raw,activity_tercile_2,873714
ld2_ols_characteristics_core_full_raw_fixed504_recent,ols,characteristics_core,504,cap_spread_bp,1.429456292542607,7.403608644024675,0.19307561505108684,0.8468997496950906,-13.081350005375182,15.940262590460396,2198,2266,68,5,full,fixed504,recent,raw,activity_tercile_2,873714
ld2_ols_characteristics_core_full_raw_fixed504_union,ols,characteristics_core,504,rank_ic,0.05175332387801162,0.003635724386426532,14.234666431598997,5.582868313438591e-46,0.04462743502290163,0.058879212733121605,2264,2266,2,5,full,fixed504,union,raw,activity_tercile_2,873714
ld2_ols_characteristics_core_full_raw_fixed504_union,ols,characteristics_core,504,ew_spread_bp,-3.551632722122646,6.083102518002281,-0.583852189176818,0.5593197622409684,-15.474294571672033,8.371029127426741,2198,2266,68,5,full,fixed504,union,raw,activity_tercile_2,873714
ld2_ols_characteristics_core_full_raw_fixed504_union,ols,characteristics_core,504,cap_spread_bp,-1.8644604917166216,7.8248277073882715,-0.23827495779315136,0.8116678428514403,-17.200840983428755,13.47191999999551,2198,2266,68,5,full,fixed504,union,raw,activity_tercile_2,873714
ld2_ridge_characteristics_core_full_raw_fixed504_retain,ridge,characteristics_core,504,rank_ic,0.05256032613807485,0.003778858323033184,13.909049147914638,5.581654082588427e-44,0.045153899922250385,0.05996675235389931,2264,2266,2,5,full,fixed504,retain,raw,activity_tercile_2,873714
ld2_ridge_characteristics_core_full_raw_fixed504_retain,ridge,characteristics_core,504,ew_spread_bp,-2.173219110227405,6.280642907104518,-0.3460185752272446,0.7293287550144447,-14.483053007909206,10.136614787454395,2198,2266,68,5,full,fixed504,retain,raw,activity_tercile_2,873714
ld2_ridge_characteristics_core_full_raw_fixed504_retain,ridge,characteristics_core,504,cap_spread_bp,6.384559045505539,6.860651366282946,0.9306053761721242,0.3520577324976608,-7.06207054289455,19.83118863390563,2198,2266,68,5,full,fixed504,retain,raw,activity_tercile_2,873714
ld2_ridge_characteristics_core_full_raw_fixed504_recent,ridge,characteristics_core,504,rank_ic,0.05234688250073798,0.003749140483472466,13.962368903353052,2.644941274830964e-44,0.04499870218015087,0.0596950628213251,2264,2266,2,5,full,fixed504,recent,raw,activity_tercile_2,873714
ld2_ridge_characteristics_core_full_raw_fixed504_recent,ridge,characteristics_core,504,ew_spread_bp,-0.6314712898846201,6.316324560043085,-0.09997448419279974,0.9203645826011219,-13.01123994223487,11.748297362465628,2198,2266,68,5,full,fixed504,recent,raw,activity_tercile_2,873714
ld2_ridge_characteristics_core_full_raw_fixed504_recent,ridge,characteristics_core,504,cap_spread_bp,4.853430244176995,7.160622341251475,0.6777944727257816,0.49790201609580564,-9.181131651568776,18.887992139922765,2198,2266,68,5,full,fixed504,recent,raw,activity_tercile_2,873714
ld2_ridge_characteristics_core_full_raw_fixed504_union,ridge,characteristics_core,504,rank_ic,0.05277690365803335,0.0037881195271675903,13.932217101263195,4.0362863332270124e-44,0.045352325815651975,0.060201481500414725,2264,2266,2,5,full,fixed504,union,raw,activity_tercile_2,873714
ld2_ridge_characteristics_core_full_raw_fixed504_union,ridge,characteristics_core,504,ew_spread_bp,-1.025008711688906,6.326767220020678,-0.1620114469274809,0.8712968396160627,-13.425244601498036,11.375227178120223,2198,2266,68,5,full,fixed504,union,raw,activity_tercile_2,873714
ld2_ridge_characteristics_core_full_raw_fixed504_union,ridge,characteristics_core,504,cap_spread_bp,7.487564278474892,7.039478756011229,1.063653224619938,0.2874858215114,-6.309560553241939,21.28468911019172,2198,2266,68,5,full,fixed504,union,raw,activity_tercile_2,873714
ld2_lasso_characteristics_core_full_raw_fixed504_retain,lasso,characteristics_core,504,rank_ic,0.051946564546701095,0.0037219072788080973,13.956974383127688,2.8529032552593154e-44,0.04465176032643975,0.05924136876696244,2264,2266,2,5,full,fixed504,retain,raw,activity_tercile_2,873714
ld2_lasso_characteristics_core_full_raw_fixed504_retain,lasso,characteristics_core,504,ew_spread_bp,-2.1934113564142383,6.4620984852570045,-0.3394271011836806,0.7342880053143974,-14.858891652068804,10.472068939240328,2198,2266,68,5,full,fixed504,retain,raw,activity_tercile_2,873714
ld2_lasso_characteristics_core_full_raw_fixed504_retain,lasso,characteristics_core,504,cap_spread_bp,5.899387973073682,7.454121647130909,0.7914263077990358,0.4286952631879096,-8.710421991683283,20.50919793783065,2198,2266,68,5,full,fixed504,retain,raw,activity_tercile_2,873714
ld2_lasso_characteristics_core_full_raw_fixed504_recent,lasso,characteristics_core,504,rank_ic,0.05168572385622597,0.0036909024361822043,14.003546490296461,1.4828248391070388e-44,0.0444516880108577,0.058919759701594236,2264,2266,2,5,full,fixed504,recent,raw,activity_tercile_2,873714
ld2_lasso_characteristics_core_full_raw_fixed504_recent,lasso,characteristics_core,504,ew_spread_bp,-1.8347211460511317,6.2337088404765435,-0.2943225602931551,0.7685114350954457,-14.052565963494098,10.383123671391834,2198,2266,68,5,full,fixed504,recent,raw,activity_tercile_2,873714
ld2_lasso_characteristics_core_full_raw_fixed504_recent,lasso,characteristics_core,504,cap_spread_bp,1.3992336789300694,7.075977747086796,0.19774421697498112,0.843245192595793,-12.46942786076692,15.26789521862706,2198,2266,68,5,full,fixed504,recent,raw,activity_tercile_2,873714
ld2_lasso_characteristics_core_full_raw_fixed504_union,lasso,characteristics_core,504,rank_ic,0.05215268373201128,0.0037406419124997536,13.942174886544882,3.5107656164596187e-44,0.04482116030445074,0.059484207159571825,2264,2266,2,5,full,fixed504,union,raw,activity_tercile_2,873714
ld2_lasso_characteristics_core_full_raw_fixed504_union,lasso,characteristics_core,504,ew_spread_bp,-2.256462076825663,6.338365886743352,-0.35600060285964835,0.721840113703653,-14.679430935679916,10.16650678202859,2198,2266,68,5,full,fixed504,union,raw,activity_tercile_2,873714
ld2_lasso_characteristics_core_full_raw_fixed504_union,lasso,characteristics_core,504,cap_spread_bp,5.730730809795789,6.740633802585999,0.8501768494822004,0.39522677066923884,-7.480668676246042,18.94213029583762,2198,2266,68,5,full,fixed504,union,raw,activity_tercile_2,873714
ld2_enet_characteristics_core_full_raw_fixed504_retain,enet,characteristics_core,504,rank_ic,0.052007168660280476,0.003728438883091551,13.948778641949232,3.2003904842911833e-44,0.04469956273086229,0.05931477458969866,2264,2266,2,5,full,fixed504,retain,raw,activity_tercile_2,873714
ld2_enet_characteristics_core_full_raw_fixed504_retain,enet,characteristics_core,504,ew_spread_bp,-2.6512410620480495,6.4909061155127326,-0.4084546925908851,0.6829398871149353,-15.37318327548379,10.070701151387691,2198,2266,68,5,full,fixed504,retain,raw,activity_tercile_2,873714
ld2_enet_characteristics_core_full_raw_fixed504_retain,enet,characteristics_core,504,cap_spread_bp,5.353846654798419,7.453370490928414,0.7183121597557306,0.47256483425968365,-9.254491070854893,19.96218438045173,2198,2266,68,5,full,fixed504,retain,raw,activity_tercile_2,873714
ld2_enet_characteristics_core_full_raw_fixed504_recent,enet,characteristics_core,504,rank_ic,0.05169692108595801,0.0036936554655812776,13.996140562563912,1.6456813755059655e-44,0.04445748940211918,0.05893635276979684,2264,2266,2,5,full,fixed504,recent,raw,activity_tercile_2,873714
ld2_enet_characteristics_core_full_raw_fixed504_recent,enet,characteristics_core,504,ew_spread_bp,-2.483675565052456,6.268481195302821,-0.39621648173939733,0.6919453335050648,-14.769672945612575,9.802321815507662,2198,2266,68,5,full,fixed504,recent,raw,activity_tercile_2,873714
ld2_enet_characteristics_core_full_raw_fixed504_recent,enet,characteristics_core,504,cap_spread_bp,3.16970938680804,6.754800218228795,0.46925286972279734,0.6388888989590346,-10.069455763683695,16.408874537299777,2198,2266,68,5,full,fixed504,recent,raw,activity_tercile_2,873714
ld2_enet_characteristics_core_full_raw_fixed504_union,enet,characteristics_core,504,rank_ic,0.052128043027955914,0.003744522816015795,13.921144452638323,4.712965651904392e-44,0.044788913169276454,0.059467172886635375,2264,2266,2,5,full,fixed504,union,raw,activity_tercile_2,873714
ld2_enet_characteristics_core_full_raw_fixed504_union,enet,characteristics_core,504,ew_spread_bp,-1.4387956060303932,6.34132152705172,-0.2268920760274609,0.8205076638009288,-13.867557413440302,10.989966201379517,2198,2266,68,5,full,fixed504,union,raw,activity_tercile_2,873714
ld2_enet_characteristics_core_full_raw_fixed504_union,enet,characteristics_core,504,cap_spread_bp,7.311501840523194,6.679011088618979,1.0946982634872366,0.2736488496459071,-5.779119345513664,20.40212302656005,2198,2266,68,5,full,fixed504,union,raw,activity_tercile_2,873714
ld2_group_ridge_characteristics_core_full_raw_fixed504_retain,group_ridge,characteristics_core,504,rank_ic,0.05247425942706412,0.003799009772314479,13.812615016016426,2.139226055952397e-43,0.04502833709641203,0.05992018175771621,2264,2266,2,5,full,fixed504,retain,raw,activity_tercile_2,873714
ld2_group_ridge_characteristics_core_full_raw_fixed504_retain,group_ridge,characteristics_core,504,ew_spread_bp,-3.053453761115106,6.375137483320293,-0.4789628096812132,0.6319650863089192,-15.5484936249142,9.441586102683987,2198,2266,68,5,full,fixed504,retain,raw,activity_tercile_2,873714
ld2_group_ridge_characteristics_core_full_raw_fixed504_retain,group_ridge,characteristics_core,504,cap_spread_bp,7.574648023012362,6.865468979013399,1.1032965185869756,0.2698984179885586,-5.881423912830877,21.0307199588556,2198,2266,68,5,full,fixed504,retain,raw,activity_tercile_2,873714
ld2_group_ridge_characteristics_core_full_raw_fixed504_recent,group_ridge,characteristics_core,504,rank_ic,0.05233589556631699,0.0037691333587024436,13.885392366253145,7.767386573110343e-44,0.04494852993033171,0.059723261202302265,2264,2266,2,5,full,fixed504,recent,raw,activity_tercile_2,873714
ld2_group_ridge_characteristics_core_full_raw_fixed504_recent,group_ridge,characteristics_core,504,ew_spread_bp,-0.182465943641267,6.3234502750666755,-0.028855440575017894,0.9769798840789536,-12.576200740801848,12.211268853519314,2198,2266,68,5,full,fixed504,recent,raw,activity_tercile_2,873714
ld2_group_ridge_characteristics_core_full_raw_fixed504_recent,group_ridge,characteristics_core,504,cap_spread_bp,5.760607512782028,7.0689443038236135,0.8149176546299987,0.4151194467848005,-8.094268731431821,19.615483756995875,2198,2266,68,5,full,fixed504,recent,raw,activity_tercile_2,873714
ld2_group_ridge_characteristics_core_full_raw_fixed504_union,group_ridge,characteristics_core,504,rank_ic,0.05266370497786815,0.003807530631709875,13.831459303117436,1.646461158799571e-43,0.045201082069683755,0.06012632788605255,2264,2266,2,5,full,fixed504,union,raw,activity_tercile_2,873714
ld2_group_ridge_characteristics_core_full_raw_fixed504_union,group_ridge,characteristics_core,504,ew_spread_bp,-1.8107399074292032,6.430960939613382,-0.2815659937032772,0.7782763186695648,-14.415191735055298,10.793711920196891,2198,2266,68,5,full,fixed504,union,raw,activity_tercile_2,873714
ld2_group_ridge_characteristics_core_full_raw_fixed504_union,group_ridge,characteristics_core,504,cap_spread_bp,7.876939024899649,7.012525258217018,1.1232671163172985,0.26132406530690355,-5.8673579218831495,21.621235971682445,2198,2266,68,5,full,fixed504,union,raw,activity_tercile_2,873714
ld2_ols_characteristics_textcore_full_raw_fixed504_retain,ols,characteristics_textcore,504,rank_ic,0.04680118675921108,0.0031043038369951616,15.07622617395361,2.3216525682822247e-51,0.040716863041631066,0.05288551047679109,2264,2266,2,5,full,fixed504,retain,raw,activity_tercile_2,873714
ld2_ols_characteristics_textcore_full_raw_fixed504_retain,ols,characteristics_textcore,504,ew_spread_bp,-0.48382818512504916,5.479410418625892,-0.08829931473656284,0.9296387835907794,-11.223275262145338,10.25561889189524,2198,2266,68,5,full,fixed504,retain,raw,activity_tercile_2,873714
ld2_ols_characteristics_textcore_full_raw_fixed504_retain,ols,characteristics_textcore,504,cap_spread_bp,5.453973033991635,6.3250044106098855,0.8622876254193376,0.3885292606137358,-6.942807812860733,17.850753880844003,2198,2266,68,5,full,fixed504,retain,raw,activity_tercile_2,873714
ld2_ols_characteristics_textcore_full_raw_fixed504_recent,ols,characteristics_textcore,504,rank_ic,0.04826306061427947,0.00318919756064228,15.133292841400412,9.76828002255078e-52,0.042012348255837606,0.054513772972721336,2264,2266,2,5,full,fixed504,recent,raw,activity_tercile_2,873714
ld2_ols_characteristics_textcore_full_raw_fixed504_recent,ols,characteristics_textcore,504,ew_spread_bp,1.3884383449944202,5.2134244438585275,0.266319836404269,0.7899928973438788,-8.829685801089056,11.606562491077895,2198,2266,68,5,full,fixed504,recent,raw,activity_tercile_2,873714
ld2_ols_characteristics_textcore_full_raw_fixed504_recent,ols,characteristics_textcore,504,cap_spread_bp,5.548435159977605,6.4155944312977375,0.8648357092072722,0.38712896856246326,-7.0258988647816905,18.1227691847369,2198,2266,68,5,full,fixed504,recent,raw,activity_tercile_2,873714
ld2_ols_characteristics_textcore_full_raw_fixed504_union,ols,characteristics_textcore,504,rank_ic,0.04878965512473444,0.003230744837069546,15.101673943705563,1.5787400648982236e-51,0.0424575116008394,0.055121798648629476,2264,2266,2,5,full,fixed504,union,raw,activity_tercile_2,873714
ld2_ols_characteristics_textcore_full_raw_fixed504_union,ols,characteristics_textcore,504,ew_spread_bp,0.6253413622683658,5.40813735428063,0.11562971154447432,0.9079460144354345,-9.974413075567403,11.225095800104134,2198,2266,68,5,full,fixed504,union,raw,activity_tercile_2,873714
ld2_ols_characteristics_textcore_full_raw_fixed504_union,ols,characteristics_textcore,504,cap_spread_bp,7.254552320375781,6.544247463298156,1.1085388138301921,0.26762918612871456,-5.571937013606213,20.081041654357776,2198,2266,68,5,full,fixed504,union,raw,activity_tercile_2,873714
ld2_ridge_characteristics_textcore_full_raw_fixed504_retain,ridge,characteristics_textcore,504,rank_ic,0.05049004391580843,0.0035780602806063043,14.111009864611018,3.248918790065672e-45,0.04347717463130679,0.05750291320031006,2264,2266,2,5,full,fixed504,retain,raw,activity_tercile_2,873714
ld2_ridge_characteristics_textcore_full_raw_fixed504_retain,ridge,characteristics_textcore,504,ew_spread_bp,-1.9264381955155312,5.904471023380596,-0.32626770254053206,0.7442218220063279,-13.498988749101855,9.646112358070791,2198,2266,68,5,full,fixed504,retain,raw,activity_tercile_2,873714
ld2_ridge_characteristics_textcore_full_raw_fixed504_retain,ridge,characteristics_textcore,504,cap_spread_bp,9.081017107205534,6.870167479320676,1.3218043278478369,0.18623331683121258,-4.384263720021318,22.54629793443239,2198,2266,68,5,full,fixed504,retain,raw,activity_tercile_2,873714
ld2_ridge_characteristics_textcore_full_raw_fixed504_recent,ridge,characteristics_textcore,504,rank_ic,0.05057668132985888,0.0035736333643630797,14.152733695129088,1.796360774296839e-45,0.04357248864175654,0.05758087401796122,2264,2266,2,5,full,fixed504,recent,raw,activity_tercile_2,873714
ld2_ridge_characteristics_textcore_full_raw_fixed504_recent,ridge,characteristics_textcore,504,ew_spread_bp,0.9107269368932057,5.872392738637939,0.15508617652579595,0.8767533798652509,-10.598951333911689,12.4204052076981,2198,2266,68,5,full,fixed504,recent,raw,activity_tercile_2,873714
ld2_ridge_characteristics_textcore_full_raw_fixed504_recent,ridge,characteristics_textcore,504,cap_spread_bp,5.740263803664575,6.9772103244507315,0.8227161769150863,0.41066941380817024,-7.934817144819884,19.415344752149032,2198,2266,68,5,full,fixed504,recent,raw,activity_tercile_2,873714
ld2_ridge_characteristics_textcore_full_raw_fixed504_union,ridge,characteristics_textcore,504,rank_ic,0.0511925749573078,0.003634744630049254,14.084228788478626,4.748138814245378e-45,0.0440686063894109,0.0583165435252047,2264,2266,2,5,full,fixed504,union,raw,activity_tercile_2,873714
ld2_ridge_characteristics_textcore_full_raw_fixed504_union,ridge,characteristics_textcore,504,ew_spread_bp,-0.4992441571297359,6.007176561157804,-0.08310795463509951,0.933765700846055,-12.273093865772205,11.274605551512733,2198,2266,68,5,full,fixed504,union,raw,activity_tercile_2,873714
ld2_ridge_characteristics_textcore_full_raw_fixed504_union,ridge,characteristics_textcore,504,cap_spread_bp,11.561074296716335,6.488006563332626,1.7819147042875183,0.07476314227382251,-1.1551848988751026,24.277333492307772,2198,2266,68,5,full,fixed504,union,raw,activity_tercile_2,873714
ld2_lasso_characteristics_textcore_full_raw_fixed504_retain,lasso,characteristics_textcore,504,rank_ic,0.05175646519682206,0.003684690622749318,14.046353003771094,8.110446634120283e-45,0.044534604282060936,0.058978326111583185,2264,2266,2,5,full,fixed504,retain,raw,activity_tercile_2,873714
ld2_lasso_characteristics_textcore_full_raw_fixed504_retain,lasso,characteristics_textcore,504,ew_spread_bp,-1.9861591928699873,6.351338762711642,-0.31271504592553273,0.754497163493687,-14.434554421397994,10.46223603565802,2198,2266,68,5,full,fixed504,retain,raw,activity_tercile_2,873714
ld2_lasso_characteristics_textcore_full_raw_fixed504_retain,lasso,characteristics_textcore,504,cap_spread_bp,3.5578119885296813,7.333577721226566,0.4851400126614633,0.6275770306695772,-10.815736222899709,17.93136019995907,2198,2266,68,5,full,fixed504,retain,raw,activity_tercile_2,873714
ld2_lasso_characteristics_textcore_full_raw_fixed504_recent,lasso,characteristics_textcore,504,rank_ic,0.05147835831841606,0.0036562994736269038,14.079360481747294,5.0868029168805163e-45,0.04431214303341457,0.05864457360341755,2264,2266,2,5,full,fixed504,recent,raw,activity_tercile_2,873714
ld2_lasso_characteristics_textcore_full_raw_fixed504_recent,lasso,characteristics_textcore,504,ew_spread_bp,-2.57126066377688,6.126724447975947,-0.4196795017648188,0.6747196015352764,-14.57941992501078,9.436898597457022,2198,2266,68,5,full,fixed504,recent,raw,activity_tercile_2,873714
ld2_lasso_characteristics_textcore_full_raw_fixed504_recent,lasso,characteristics_textcore,504,cap_spread_bp,2.557556956081775,6.877318126489119,0.3718828922906626,0.7099800430892408,-10.921738882061378,16.036852794224927,2198,2266,68,5,full,fixed504,recent,raw,activity_tercile_2,873714
ld2_lasso_characteristics_textcore_full_raw_fixed504_union,lasso,characteristics_textcore,504,rank_ic,0.051950728471654835,0.003707027569695809,14.014119802167482,1.2777259859184982e-44,0.044685087945354,0.05921636899795567,2264,2266,2,5,full,fixed504,union,raw,activity_tercile_2,873714
ld2_lasso_characteristics_textcore_full_raw_fixed504_union,lasso,characteristics_textcore,504,ew_spread_bp,-1.4550322420966175,6.2199767777929065,-0.23392888656618432,0.8150401870693835,-13.64596271124621,10.735898227052974,2198,2266,68,5,full,fixed504,union,raw,activity_tercile_2,873714
ld2_lasso_characteristics_textcore_full_raw_fixed504_union,lasso,characteristics_textcore,504,cap_spread_bp,7.503795657234215,6.644735947020586,1.1292842510316485,0.2587779423846026,-5.519647485704783,20.527238800173212,2198,2266,68,5,full,fixed504,union,raw,activity_tercile_2,873714
ld2_enet_characteristics_textcore_full_raw_fixed504_retain,enet,characteristics_textcore,504,rank_ic,0.05166908063010747,0.003684130553681856,14.024769176127673,1.09969354210239e-44,0.044448317430547425,0.05888984382966752,2264,2266,2,5,full,fixed504,retain,raw,activity_tercile_2,873714
ld2_enet_characteristics_textcore_full_raw_fixed504_retain,enet,characteristics_textcore,504,ew_spread_bp,-3.4079604494107802,6.464261435967886,-0.5272002816050261,0.5980545131403368,-16.07768005055901,9.26175915173745,2198,2266,68,5,full,fixed504,retain,raw,activity_tercile_2,873714
ld2_enet_characteristics_textcore_full_raw_fixed504_retain,enet,characteristics_textcore,504,cap_spread_bp,0.6714148320015031,7.341002714544681,0.0914609159142842,0.9271263606118939,-13.716686098916842,15.059515762919848,2198,2266,68,5,full,fixed504,retain,raw,activity_tercile_2,873714
ld2_enet_characteristics_textcore_full_raw_fixed504_recent,enet,characteristics_textcore,504,rank_ic,0.05130524364345214,0.003651831787800475,14.049180418124807,7.79306939776727e-45,0.04414778486176469,0.05846270242513959,2264,2266,2,5,full,fixed504,recent,raw,activity_tercile_2,873714
ld2_enet_characteristics_textcore_full_raw_fixed504_recent,enet,characteristics_textcore,504,ew_spread_bp,-2.3628300722137356,6.196396129643067,-0.3813232761072431,0.7029633842422955,-14.50754332025753,9.781883175830059,2198,2266,68,5,full,fixed504,recent,raw,activity_tercile_2,873714
ld2_enet_characteristics_textcore_full_raw_fixed504_recent,enet,characteristics_textcore,504,cap_spread_bp,4.427679431568437,6.605765762209293,0.6702749674986361,0.5026825216306544,-8.519383552669556,17.37474241580643,2198,2266,68,5,full,fixed504,recent,raw,activity_tercile_2,873714
ld2_enet_characteristics_textcore_full_raw_fixed504_union,enet,characteristics_textcore,504,rank_ic,0.051870082545315783,0.0037053456174043144,13.998716422478303,1.5871134118096112e-44,0.044607738584929994,0.05913242650570157,2264,2266,2,5,full,fixed504,union,raw,activity_tercile_2,873714
ld2_enet_characteristics_textcore_full_raw_fixed504_union,enet,characteristics_textcore,504,ew_spread_bp,-1.6700163133780468,6.243488215337307,-0.2674812950356187,0.7890986140807155,-13.907028353339427,10.566995726583333,2198,2266,68,5,full,fixed504,union,raw,activity_tercile_2,873714
ld2_enet_characteristics_textcore_full_raw_fixed504_union,enet,characteristics_textcore,504,cap_spread_bp,6.6844568689184545,6.644533658050939,1.0060084293228226,0.3144115152565543,-6.338589794925564,19.707503532762473,2198,2266,68,5,full,fixed504,union,raw,activity_tercile_2,873714
ld2_group_ridge_characteristics_textcore_full_raw_fixed504_retain,group_ridge,characteristics_textcore,504,rank_ic,0.052357774709231926,0.0037735311315796635,13.875008018633752,8.978305362378496e-44,0.04496178959679511,0.059753759821668744,2264,2266,2,5,full,fixed504,retain,raw,activity_tercile_2,873714
ld2_group_ridge_characteristics_textcore_full_raw_fixed504_retain,group_ridge,characteristics_textcore,504,ew_spread_bp,-2.308955962491905,6.301276917980931,-0.3664266770919418,0.714046716456599,-14.659231778348083,10.041319853364271,2198,2266,68,5,full,fixed504,retain,raw,activity_tercile_2,873714
ld2_group_ridge_characteristics_textcore_full_raw_fixed504_retain,group_ridge,characteristics_textcore,504,cap_spread_bp,6.1139410665358005,6.894897901679263,0.8867340972586034,0.3752220762013081,-7.399810497836346,19.627692630907948,2198,2266,68,5,full,fixed504,retain,raw,activity_tercile_2,873714
ld2_group_ridge_characteristics_textcore_full_raw_fixed504_recent,group_ridge,characteristics_textcore,504,rank_ic,0.052117351416600836,0.003749264472566927,13.90068686750145,6.273641043720555e-44,0.0447689280818541,0.05946577475134757,2264,2266,2,5,full,fixed504,recent,raw,activity_tercile_2,873714
ld2_group_ridge_characteristics_textcore_full_raw_fixed504_recent,group_ridge,characteristics_textcore,504,ew_spread_bp,-0.8696513653629301,6.295499828193268,-0.13813857344072225,0.8901309007952654,-13.208604293299834,11.469301562573973,2198,2266,68,5,full,fixed504,recent,raw,activity_tercile_2,873714
ld2_group_ridge_characteristics_textcore_full_raw_fixed504_recent,group_ridge,characteristics_textcore,504,cap_spread_bp,7.002807179916374,6.965839611103002,1.0053069796144098,0.31474905529772523,-6.6499875799280055,20.655601939760754,2198,2266,68,5,full,fixed504,recent,raw,activity_tercile_2,873714
ld2_group_ridge_characteristics_textcore_full_raw_fixed504_union,group_ridge,characteristics_textcore,504,rank_ic,0.05252536551040686,0.003787656328279733,13.867510924430327,9.967604562923436e-44,0.04510169552116336,0.05994903549965036,2264,2266,2,5,full,fixed504,union,raw,activity_tercile_2,873714
ld2_group_ridge_characteristics_textcore_full_raw_fixed504_union,group_ridge,characteristics_textcore,504,ew_spread_bp,-1.532736952576986,6.377516673985379,-0.24033444848983238,0.8100709914315574,-14.032439944392001,10.966966039238029,2198,2266,68,5,full,fixed504,union,raw,activity_tercile_2,873714
ld2_group_ridge_characteristics_textcore_full_raw_fixed504_union,group_ridge,characteristics_textcore,504,cap_spread_bp,8.258540763782744,7.072640316021875,1.1676743613095113,0.24293814244306444,-5.603579531226117,22.120661058791605,2198,2266,68,5,full,fixed504,union,raw,activity_tercile_2,873714
ld2_ols_characteristics_textcore_pca_raw_fixed504_retain,ols,characteristics_textcore,504,rank_ic,0.050906415552593204,0.0035161751956410054,14.47778131638656,1.67414351317361e-47,0.04401483880580376,0.05779799229938265,2264,2266,2,5,pca,fixed504,retain,raw,activity_tercile_2,873714
ld2_ols_characteristics_textcore_pca_raw_fixed504_retain,ols,characteristics_textcore,504,ew_spread_bp,-1.9446415109704627,6.054274145648345,-0.32120142963268694,0.7480577488120139,-13.810800788973225,9.921517767032299,2198,2266,68,5,pca,fixed504,retain,raw,activity_tercile_2,873714
ld2_ols_characteristics_textcore_pca_raw_fixed504_retain,ols,characteristics_textcore,504,cap_spread_bp,3.5777456520695594,7.768665860152985,0.4605354016344712,0.6451319669420625,-11.64855964175617,18.80405094589529,2198,2266,68,5,pca,fixed504,retain,raw,activity_tercile_2,873714
ld2_ols_characteristics_textcore_pca_raw_fixed504_recent,ols,characteristics_textcore,504,rank_ic,0.05100887836329348,0.0035059570840609254,14.549202155153095,5.90881725493251e-48,0.044137328747191,0.05788042797939596,2264,2266,2,5,pca,fixed504,recent,raw,activity_tercile_2,873714
ld2_ols_characteristics_textcore_pca_raw_fixed504_recent,ols,characteristics_textcore,504,ew_spread_bp,0.9840000358314266,5.608953181927292,0.17543381160712673,0.8607387747173917,-10.009346191717404,11.977346263380257,2198,2266,68,5,pca,fixed504,recent,raw,activity_tercile_2,873714
ld2_ols_characteristics_textcore_pca_raw_fixed504_recent,ols,characteristics_textcore,504,cap_spread_bp,4.497390956213544,7.316888185680554,0.6146589700543901,0.5387799615038424,-9.84344636662696,18.83822827905405,2198,2266,68,5,pca,fixed504,recent,raw,activity_tercile_2,873714
ld2_ols_characteristics_textcore_pca_raw_fixed504_union,ols,characteristics_textcore,504,rank_ic,0.051631358142993584,0.0035574149982746817,14.513729257911823,9.917862201113653e-48,0.04465895286831259,0.05860376341767458,2264,2266,2,5,pca,fixed504,union,raw,activity_tercile_2,873714
ld2_ols_characteristics_textcore_pca_raw_fixed504_union,ols,characteristics_textcore,504,ew_spread_bp,0.3614851467502808,5.913535288454531,0.06112843318209959,0.9512569250822182,-11.228831039927279,11.951801333427841,2198,2266,68,5,pca,fixed504,union,raw,activity_tercile_2,873714
ld2_ols_characteristics_textcore_pca_raw_fixed504_union,ols,characteristics_textcore,504,cap_spread_bp,4.663729420453885,7.976973431961434,0.5846489850107391,0.5587837630061907,-10.970851211823396,20.298310052731168,2198,2266,68,5,pca,fixed504,union,raw,activity_tercile_2,873714
ld2_ridge_characteristics_textcore_pca_raw_fixed504_retain,ridge,characteristics_textcore,504,rank_ic,0.052418899538302574,0.0037068561053802728,14.141066728276767,2.1204554501792252e-45,0.04515359507588483,0.05968420400072032,2264,2266,2,5,pca,fixed504,retain,raw,activity_tercile_2,873714
ld2_ridge_characteristics_textcore_pca_raw_fixed504_retain,ridge,characteristics_textcore,504,ew_spread_bp,-2.484429994292115,6.308715552633593,-0.3938091634603785,0.6937219385396872,-14.849285266161662,9.88042527757743,2198,2266,68,5,pca,fixed504,retain,raw,activity_tercile_2,873714
ld2_ridge_characteristics_textcore_pca_raw_fixed504_retain,ridge,characteristics_textcore,504,cap_spread_bp,3.8595168970173543,7.473306763540431,0.516440314727417,0.6055469148493628,-10.787895204941485,18.506928998976193,2198,2266,68,5,pca,fixed504,retain,raw,activity_tercile_2,873714
ld2_ridge_characteristics_textcore_pca_raw_fixed504_recent,ridge,characteristics_textcore,504,rank_ic,0.052225462665082066,0.003672950683772967,14.2189392566073,6.9904497419607666e-46,0.045026611607895284,0.05942431372226885,2264,2266,2,5,pca,fixed504,recent,raw,activity_tercile_2,873714
ld2_ridge_characteristics_textcore_pca_raw_fixed504_recent,ridge,characteristics_textcore,504,ew_spread_bp,0.5636259064516189,5.9259163268028585,0.09511202578111755,0.9242258461891791,-11.050956669479872,12.178208482383111,2198,2266,68,5,pca,fixed504,recent,raw,activity_tercile_2,873714
ld2_ridge_characteristics_textcore_pca_raw_fixed504_recent,ridge,characteristics_textcore,504,cap_spread_bp,4.975390702199015,7.428764505626533,0.6697467255060601,0.5030192598636111,-9.58472017845849,19.53550158285652,2198,2266,68,5,pca,fixed504,recent,raw,activity_tercile_2,873714
ld2_ridge_characteristics_textcore_pca_raw_fixed504_union,ridge,characteristics_textcore,504,rank_ic,0.052666641676578786,0.0037225229349290693,14.148104013651247,1.9186057404863453e-45,0.04537063079249347,0.059962652560664104,2264,2266,2,5,pca,fixed504,union,raw,activity_tercile_2,873714
ld2_ridge_characteristics_textcore_pca_raw_fixed504_union,ridge,characteristics_textcore,504,ew_spread_bp,0.30499748458917914,6.235778292181027,0.04891089296288999,0.960990307924364,-11.91690338366232,12.526898352840679,2198,2266,68,5,pca,fixed504,union,raw,activity_tercile_2,873714
ld2_ridge_characteristics_textcore_pca_raw_fixed504_union,ridge,characteristics_textcore,504,cap_spread_bp,10.454100076359957,6.839641471139301,1.5284573205294902,0.12639903240350736,-2.9513508742396244,23.859551026959537,2198,2266,68,5,pca,fixed504,union,raw,activity_tercile_2,873714
ld2_lasso_characteristics_textcore_pca_raw_fixed504_retain,lasso,characteristics_textcore,504,rank_ic,0.05215974538925105,0.0036780262620510467,14.181449960654776,1.1935470622610279e-45,0.04495094638143852,0.05936854439706358,2264,2266,2,5,pca,fixed504,retain,raw,activity_tercile_2,873714
ld2_lasso_characteristics_textcore_pca_raw_fixed504_retain,lasso,characteristics_textcore,504,ew_spread_bp,-1.0772372448122443,6.3028885904580685,-0.1709116747586292,0.8642932166059923,-13.430671880678485,11.276197391053998,2198,2266,68,5,pca,fixed504,retain,raw,activity_tercile_2,873714
ld2_lasso_characteristics_textcore_pca_raw_fixed504_retain,lasso,characteristics_textcore,504,cap_spread_bp,4.958184560283177,7.275556007162009,0.6814853126554691,0.4955644571356904,-9.301643181258399,19.218012301824754,2198,2266,68,5,pca,fixed504,retain,raw,activity_tercile_2,873714
ld2_lasso_characteristics_textcore_pca_raw_fixed504_recent,lasso,characteristics_textcore,504,rank_ic,0.05176542786708513,0.0036530172248249496,14.170595067359885,1.393149615517544e-45,0.044605645671523766,0.05892521006264649,2264,2266,2,5,pca,fixed504,recent,raw,activity_tercile_2,873714
ld2_lasso_characteristics_textcore_pca_raw_fixed504_recent,lasso,characteristics_textcore,504,ew_spread_bp,-0.5215252421795727,5.803343541641468,-0.08986633971216876,0.928393429907497,-11.895869573709973,10.852819089350827,2198,2266,68,5,pca,fixed504,recent,raw,activity_tercile_2,873714
ld2_lasso_characteristics_textcore_pca_raw_fixed504_recent,lasso,characteristics_textcore,504,cap_spread_bp,2.785462371694803,7.076176376300423,0.39363947753251205,0.6938472307223855,-11.083588474107174,16.65451321749678,2198,2266,68,5,pca,fixed504,recent,raw,activity_tercile_2,873714
ld2_lasso_characteristics_textcore_pca_raw_fixed504_union,lasso,characteristics_textcore,504,rank_ic,0.05226008388870975,0.0036937872333793324,14.148103446905523,1.9186212007595924e-45,0.04502039394473241,0.05949977383268709,2264,2266,2,5,pca,fixed504,union,raw,activity_tercile_2,873714
ld2_lasso_characteristics_textcore_pca_raw_fixed504_union,lasso,characteristics_textcore,504,ew_spread_bp,-1.1673655436753474,6.219437043562888,-0.18769633577745912,0.851114702846822,-13.357238153172878,11.022507065822184,2198,2266,68,5,pca,fixed504,union,raw,activity_tercile_2,873714
ld2_lasso_characteristics_textcore_pca_raw_fixed504_union,lasso,characteristics_textcore,504,cap_spread_bp,6.858565570091402,6.737947717314697,1.0179012746665799,0.30872487581679586,-6.347569285559272,20.064700425742075,2198,2266,68,5,pca,fixed504,union,raw,activity_tercile_2,873714
ld2_enet_characteristics_textcore_pca_raw_fixed504_retain,enet,characteristics_textcore,504,rank_ic,0.05232515888739575,0.00368305790671979,14.206987837994015,8.291598118677022e-46,0.04510649803724948,0.05954381973754202,2264,2266,2,5,pca,fixed504,retain,raw,activity_tercile_2,873714
ld2_enet_characteristics_textcore_pca_raw_fixed504_retain,enet,characteristics_textcore,504,ew_spread_bp,-0.5354971704890339,6.295468966709715,-0.08506072753606281,0.9322131119946498,-12.874389611029663,11.803395270051595,2198,2266,68,5,pca,fixed504,retain,raw,activity_tercile_2,873714
ld2_enet_characteristics_textcore_pca_raw_fixed504_retain,enet,characteristics_textcore,504,cap_spread_bp,3.2221853447028592,7.21470114540971,0.4466138346912604,0.6551539048657818,-10.918369059520048,17.362739748925765,2198,2266,68,5,pca,fixed504,retain,raw,activity_tercile_2,873714
ld2_enet_characteristics_textcore_pca_raw_fixed504_recent,enet,characteristics_textcore,504,rank_ic,0.05181537355233402,0.003654444123343845,14.178729186567107,1.2407306359005231e-45,0.04465279468706603,0.058977952417602,2264,2266,2,5,pca,fixed504,recent,raw,activity_tercile_2,873714
ld2_enet_characteristics_textcore_pca_raw_fixed504_recent,enet,characteristics_textcore,504,ew_spread_bp,-0.16141404291985031,5.753330760895531,-0.028055755809653037,0.9776176819183074,-11.437735125421515,11.114907039581816,2198,2266,68,5,pca,fixed504,recent,raw,activity_tercile_2,873714
ld2_enet_characteristics_textcore_pca_raw_fixed504_recent,enet,characteristics_textcore,504,cap_spread_bp,5.579346127146005,6.695100108526911,0.8333476776605809,0.4046486743032328,-7.542808958456948,18.70150121274896,2198,2266,68,5,pca,fixed504,recent,raw,activity_tercile_2,873714
ld2_enet_characteristics_textcore_pca_raw_fixed504_union,enet,characteristics_textcore,504,rank_ic,0.05237430972896307,0.0036984879333556314,14.161005976689495,1.5969164865410848e-45,0.04512540658233006,0.059623212875596084,2264,2266,2,5,pca,fixed504,union,raw,activity_tercile_2,873714
ld2_enet_characteristics_textcore_pca_raw_fixed504_union,enet,characteristics_textcore,504,ew_spread_bp,-0.433349234105104,6.208437547428974,-0.06980004724128404,0.9443528095780901,-12.601663227332077,11.734964759121867,2198,2266,68,5,pca,fixed504,union,raw,activity_tercile_2,873714
ld2_enet_characteristics_textcore_pca_raw_fixed504_union,enet,characteristics_textcore,504,cap_spread_bp,8.213260374221937,6.768079189507995,1.2135290005108523,0.22492763358072987,-5.051931081728773,21.478451830172645,2198,2266,68,5,pca,fixed504,union,raw,activity_tercile_2,873714
ld2_group_ridge_characteristics_textcore_pca_raw_fixed504_retain,group_ridge,characteristics_textcore,504,rank_ic,0.0527826664300251,0.003754036773765166,14.060242243467943,6.665765212355155e-45,0.04542488955680643,0.060140443303243765,2264,2266,2,5,pca,fixed504,retain,raw,activity_tercile_2,873714
ld2_group_ridge_characteristics_textcore_pca_raw_fixed504_retain,group_ridge,characteristics_textcore,504,ew_spread_bp,-2.5720782033392777,6.2901241357012045,-0.4089073836779773,0.6826076301997106,-14.900494967599775,9.75633856092122,2198,2266,68,5,pca,fixed504,retain,raw,activity_tercile_2,873714
ld2_group_ridge_characteristics_textcore_pca_raw_fixed504_retain,group_ridge,characteristics_textcore,504,cap_spread_bp,7.392644806895661,6.825746094140501,1.083053003281474,0.2787848974386853,-5.985571705234666,20.77086131902599,2198,2266,68,5,pca,fixed504,retain,raw,activity_tercile_2,873714
ld2_group_ridge_characteristics_textcore_pca_raw_fixed504_recent,group_ridge,characteristics_textcore,504,rank_ic,0.052372621155454976,0.003721519003632021,14.072915146837046,5.572413850739551e-45,0.04507857794055483,0.05966666437035512,2264,2266,2,5,pca,fixed504,recent,raw,activity_tercile_2,873714
ld2_group_ridge_characteristics_textcore_pca_raw_fixed504_recent,group_ridge,characteristics_textcore,504,ew_spread_bp,0.42972218349641367,6.008897622264672,0.0715143126925929,0.9429884338423493,-11.347500742930709,12.206945109923538,2198,2266,68,5,pca,fixed504,recent,raw,activity_tercile_2,873714
ld2_group_ridge_characteristics_textcore_pca_raw_fixed504_recent,group_ridge,characteristics_textcore,504,cap_spread_bp,7.445130044154417,7.0899660360344825,1.050093894147705,0.29367494570444097,-6.45094803808538,21.341208126394214,2198,2266,68,5,pca,fixed504,recent,raw,activity_tercile_2,873714
ld2_group_ridge_characteristics_textcore_pca_raw_fixed504_union,group_ridge,characteristics_textcore,504,rank_ic,0.0529249971967859,0.003764111969728617,14.060420524791578,6.64899362425293e-45,0.04554747330234169,0.06030252109123011,2264,2266,2,5,pca,fixed504,union,raw,activity_tercile_2,873714
ld2_group_ridge_characteristics_textcore_pca_raw_fixed504_union,group_ridge,characteristics_textcore,504,ew_spread_bp,-0.4788571672832692,6.344299023871755,-0.07547834133944015,0.939834129479997,-12.913454761224529,11.95574042665799,2198,2266,68,5,pca,fixed504,union,raw,activity_tercile_2,873714
ld2_group_ridge_characteristics_textcore_pca_raw_fixed504_union,group_ridge,characteristics_textcore,504,cap_spread_bp,9.573098177620102,6.982800004831378,1.3709540830320937,0.1703892702691565,-4.112938343095514,23.259134698335718,2198,2266,68,5,pca,fixed504,union,raw,activity_tercile_2,873714
ld2_ols_characteristics_full_raw_fixed504_retain,ols,characteristics,504,rank_ic,0.09683223466234231,0.003327414501813143,29.10134418467474,3.452013120185102e-186,0.09031062207715226,0.10335384724753235,2266,2266,0,5,full,fixed504,retain,raw,activity_tercile_3,1007112
ld2_ols_characteristics_full_raw_fixed504_retain,ols,characteristics,504,ew_spread_bp,65.12391615447922,8.09362388480681,8.04632351111948,8.531827684118411e-16,49.26070483584471,80.98712747311373,2266,2266,0,5,full,fixed504,retain,raw,activity_tercile_3,1007112
ld2_ols_characteristics_full_raw_fixed504_retain,ols,characteristics,504,cap_spread_bp,45.725465234387805,9.544204021838478,4.790914478542319,1.6602288463085693e-06,27.019169090482052,64.43176137829356,2266,2266,0,5,full,fixed504,retain,raw,activity_tercile_3,1007112
ld2_ols_characteristics_full_raw_fixed504_recent,ols,characteristics,504,rank_ic,0.09764318767412808,0.003321595891541075,29.396468102212733,6.093236983747595e-190,0.09113297935551136,0.1041533959927448,2266,2266,0,5,full,fixed504,recent,raw,activity_tercile_3,1007112
ld2_ols_characteristics_full_raw_fixed504_recent,ols,characteristics,504,ew_spread_bp,62.74967197338413,8.100878248864035,7.7460332133967515,9.480772192443816e-15,46.87224236246672,78.62710158430154,2266,2266,0,5,full,fixed504,recent,raw,activity_tercile_3,1007112
ld2_ols_characteristics_full_raw_fixed504_recent,ols,characteristics,504,cap_spread_bp,46.0131031756509,9.191000633434403,5.006321401857762,5.548009054479123e-07,27.999072952234645,64.02713339906715,2266,2266,0,5,full,fixed504,recent,raw,activity_tercile_3,1007112
ld2_ols_characteristics_full_raw_fixed504_union,ols,characteristics,504,rank_ic,0.09819447496045339,0.003342357048906362,29.378810678704472,1.0243966738237146e-189,0.09164357552112334,0.10474537439978343,2266,2266,0,5,full,fixed504,union,raw,activity_tercile_3,1007112
ld2_ols_characteristics_full_raw_fixed504_union,ols,characteristics,504,ew_spread_bp,66.21582138911629,8.138317665100104,8.136303363172026,4.075298976367229e-16,50.265011870773975,82.1666309074586,2266,2266,0,5,full,fixed504,union,raw,activity_tercile_3,1007112
ld2_ols_characteristics_full_raw_fixed504_union,ols,characteristics,504,cap_spread_bp,48.953057435604094,9.656540908007157,5.069419567726623,3.990307200375231e-07,30.026585040672355,67.87952983053583,2266,2266,0,5,full,fixed504,union,raw,activity_tercile_3,1007112
ld2_ridge_characteristics_full_raw_fixed504_retain,ridge,characteristics,504,rank_ic,0.0969434873577826,0.003428867261378013,28.272744311140933,7.478290326805735e-176,0.09022303101771321,0.10366394369785199,2266,2266,0,5,full,fixed504,retain,raw,activity_tercile_3,1007112
ld2_ridge_characteristics_full_raw_fixed504_retain,ridge,characteristics,504,ew_spread_bp,46.38257532949674,8.346769090900576,5.556949620190378,2.7452995557026256e-08,30.02320852405948,62.74194213493399,2266,2266,0,5,full,fixed504,retain,raw,activity_tercile_3,1007112
ld2_ridge_characteristics_full_raw_fixed504_retain,ridge,characteristics,504,cap_spread_bp,40.746376172929416,9.587564399964085,4.249919424070002,2.138474281374831e-05,21.955095249541436,59.537657096317396,2266,2266,0,5,full,fixed504,retain,raw,activity_tercile_3,1007112
ld2_ridge_characteristics_full_raw_fixed504_recent,ridge,characteristics,504,rank_ic,0.09724908555239128,0.0034236906474397776,28.404752521993704,1.766491038112286e-177,0.0905387751892027,0.10395939591557987,2266,2266,0,5,full,fixed504,recent,raw,activity_tercile_3,1007112
ld2_ridge_characteristics_full_raw_fixed504_recent,ridge,characteristics,504,ew_spread_bp,47.255551536087204,8.357106043654435,5.654535348629257,1.562684363791363e-08,30.875924675542493,63.635178396631915,2266,2266,0,5,full,fixed504,recent,raw,activity_tercile_3,1007112
ld2_ridge_characteristics_full_raw_fixed504_recent,ridge,characteristics,504,cap_spread_bp,33.74775267884087,9.804764122678568,3.4419749681465364,0.0005774836851606462,14.530768121480413,52.96473723620132,2266,2266,0,5,full,fixed504,recent,raw,activity_tercile_3,1007112
ld2_ridge_characteristics_full_raw_fixed504_union,ridge,characteristics,504,rank_ic,0.09770480102731492,0.003438455160222535,28.41531922754273,1.307901064133529e-177,0.09096555275082285,0.10444404930380699,2266,2266,0,5,full,fixed504,union,raw,activity_tercile_3,1007112
ld2_ridge_characteristics_full_raw_fixed504_union,ridge,characteristics,504,ew_spread_bp,47.60400333695724,8.39223750946321,5.6723851396338905,1.4082293750158073e-08,31.15552006870323,64.05248660521126,2266,2266,0,5,full,fixed504,union,raw,activity_tercile_3,1007112
ld2_ridge_characteristics_full_raw_fixed504_union,ridge,characteristics,504,cap_spread_bp,35.273991531589466,9.743153580842385,3.620387509948263,0.0002941621219789742,16.17776141729593,54.37022164588301,2266,2266,0,5,full,fixed504,union,raw,activity_tercile_3,1007112
ld2_lasso_characteristics_full_raw_fixed504_retain,lasso,characteristics,504,rank_ic,0.09582281717060293,0.0034307584430119838,27.93050538599759,1.1373451526415098e-171,0.08909865418264272,0.10254698015856313,2266,2266,0,5,full,fixed504,retain,raw,activity_tercile_3,1007112
ld2_lasso_characteristics_full_raw_fixed504_retain,lasso,characteristics,504,ew_spread_bp,47.8443860903188,8.331441242772717,5.742630200005601,9.321715330771474e-09,31.515061315172645,64.17371086546495,2266,2266,0,5,full,fixed504,retain,raw,activity_tercile_3,1007112
ld2_lasso_characteristics_full_raw_fixed504_retain,lasso,characteristics,504,cap_spread_bp,42.7991955901345,9.594562483981665,4.460776159578794,8.166335166761513e-06,23.994198674111278,61.60419250615773,2266,2266,0,5,full,fixed504,retain,raw,activity_tercile_3,1007112
ld2_lasso_characteristics_full_raw_fixed504_recent,lasso,characteristics,504,rank_ic,0.09612239084914122,0.003417921175901636,28.12305664825183,5.11924540511291e-174,0.08942338844237722,0.10282139325590521,2266,2266,0,5,full,fixed504,recent,raw,activity_tercile_3,1007112
ld2_lasso_characteristics_full_raw_fixed504_recent,lasso,characteristics,504,ew_spread_bp,46.16774802451465,8.207475518902191,5.62508507252787,1.8541657366538855e-08,30.081391603472166,62.25410444555713,2266,2266,0,5,full,fixed504,recent,raw,activity_tercile_3,1007112
ld2_lasso_characteristics_full_raw_fixed504_recent,lasso,characteristics,504,cap_spread_bp,32.698782265780885,9.315573415078157,3.5101201835685973,0.0004479041973365961,14.4405938768889,50.95697065467287,2266,2266,0,5,full,fixed504,recent,raw,activity_tercile_3,1007112
ld2_lasso_characteristics_full_raw_fixed504_union,lasso,characteristics,504,rank_ic,0.09672853154648162,0.0034341330653525626,28.16679776400891,1.49237123523847e-174,0.08999775442027245,0.10345930867269078,2266,2266,0,5,full,fixed504,union,raw,activity_tercile_3,1007112
ld2_lasso_characteristics_full_raw_fixed504_union,lasso,characteristics,504,ew_spread_bp,48.9328175140811,8.261752854228739,5.922813037070586,3.164805868595669e-09,32.74007947062178,65.12555555754042,2266,2266,0,5,full,fixed504,union,raw,activity_tercile_3,1007112
ld2_lasso_characteristics_full_raw_fixed504_union,lasso,characteristics,504,cap_spread_bp,38.22083945499604,9.177208598067171,4.164756532072922,3.116849945456987e-05,20.23384112417306,56.20783778581902,2266,2266,0,5,full,fixed504,union,raw,activity_tercile_3,1007112
ld2_enet_characteristics_full_raw_fixed504_retain,enet,characteristics,504,rank_ic,0.0957182717845544,0.0034417925095641703,27.810587511759994,3.230316101683881e-170,0.0889724824235489,0.1024640611455599,2266,2266,0,5,full,fixed504,retain,raw,activity_tercile_3,1007112
ld2_enet_characteristics_full_raw_fixed504_retain,enet,characteristics,504,ew_spread_bp,47.30905574355827,8.345943577788992,5.668508935222324,1.4404555987603686e-08,30.95130691408848,63.66680457302806,2266,2266,0,5,full,fixed504,retain,raw,activity_tercile_3,1007112
ld2_enet_characteristics_full_raw_fixed504_retain,enet,characteristics,504,cap_spread_bp,41.56997418545591,9.599477356539202,4.330441402326793,1.488107432056937e-05,22.755344296231314,60.38460407468051,2266,2266,0,5,full,fixed504,retain,raw,activity_tercile_3,1007112
ld2_enet_characteristics_full_raw_fixed504_recent,enet,characteristics,504,rank_ic,0.09600393353823383,0.00342746027834519,28.01022498926973,1.219758029756961e-172,0.08928623483423563,0.10272163224223203,2266,2266,0,5,full,fixed504,recent,raw,activity_tercile_3,1007112
ld2_enet_characteristics_full_raw_fixed504_recent,enet,characteristics,504,ew_spread_bp,45.79419162425665,8.23370961276588,5.561793380866319,2.670163217567182e-08,29.656417324074287,61.93196592443901,2266,2266,0,5,full,fixed504,recent,raw,activity_tercile_3,1007112
ld2_enet_characteristics_full_raw_fixed504_recent,enet,characteristics,504,cap_spread_bp,31.75819935180657,9.366478479172425,3.390623212600662,0.0006973390070277673,13.40023887065912,50.116159832954025,2266,2266,0,5,full,fixed504,recent,raw,activity_tercile_3,1007112
ld2_enet_characteristics_full_raw_fixed504_union,enet,characteristics,504,rank_ic,0.0965310570166656,0.003444979653875623,28.02079162008042,9.068726504620049e-173,0.08977902096759612,0.10328309306573509,2266,2266,0,5,full,fixed504,union,raw,activity_tercile_3,1007112
ld2_enet_characteristics_full_raw_fixed504_union,enet,characteristics,504,ew_spread_bp,49.01851354950787,8.252547836790876,5.93980362415802,2.8536369810417147e-09,32.84381700870382,65.19321009031192,2266,2266,0,5,full,fixed504,union,raw,activity_tercile_3,1007112
ld2_enet_characteristics_full_raw_fixed504_union,enet,characteristics,504,cap_spread_bp,37.74640236356719,9.298784847229392,4.059283334726674,4.922355717571581e-05,19.521118963010796,55.97168576412359,2266,2266,0,5,full,fixed504,union,raw,activity_tercile_3,1007112
ld2_ols_characteristics_core_full_raw_fixed504_retain,ols,characteristics_core,504,rank_ic,0.09751668930288505,0.00329264840797358,29.616490198812482,9.165235690982483e-193,0.09106321700950369,0.10397016159626642,2266,2266,0,5,full,fixed504,retain,raw,activity_tercile_3,1007112
ld2_ols_characteristics_core_full_raw_fixed504_retain,ols,characteristics_core,504,ew_spread_bp,68.14993607491189,7.98052197038234,8.539533670583566,1.3476458885715834e-17,52.508400435131875,83.79147171469191,2266,2266,0,5,full,fixed504,retain,raw,activity_tercile_3,1007112
ld2_ols_characteristics_core_full_raw_fixed504_retain,ols,characteristics_core,504,cap_spread_bp,45.90202838131708,9.713113128604798,4.7257792402455525,2.29234582788344e-06,26.86467647148851,64.93938029114565,2266,2266,0,5,full,fixed504,retain,raw,activity_tercile_3,1007112
ld2_ols_characteristics_core_full_raw_fixed504_recent,ols,characteristics_core,504,rank_ic,0.09839016141247899,0.003280941687856413,29.988390764958,1.3906376762413392e-197,0.09195963386890436,0.1048206889560536,2266,2266,0,5,full,fixed504,recent,raw,activity_tercile_3,1007112
ld2_ols_characteristics_core_full_raw_fixed504_recent,ols,characteristics_core,504,ew_spread_bp,66.21087624896168,7.984453929960073,8.292473953731333,1.1091696197740025e-16,50.56163411002065,81.86011838790272,2266,2266,0,5,full,fixed504,recent,raw,activity_tercile_3,1007112
ld2_ols_characteristics_core_full_raw_fixed504_recent,ols,characteristics_core,504,cap_spread_bp,40.93195681344588,9.541145764971594,4.290046271352374,1.7863589540732477e-05,22.23165474285469,59.63225888403707,2266,2266,0,5,full,fixed504,recent,raw,activity_tercile_3,1007112
ld2_ols_characteristics_core_full_raw_fixed504_union,ols,characteristics_core,504,rank_ic,0.09911147864285408,0.0033067017364508174,29.972911542131833,2.213012581057048e-197,0.09263046233179442,0.10559249495391373,2266,2266,0,5,full,fixed504,union,raw,activity_tercile_3,1007112
ld2_ols_characteristics_core_full_raw_fixed504_union,ols,characteristics_core,504,ew_spread_bp,68.7220112712297,8.059379312025701,8.5269607758363,1.502427846410046e-17,52.92591808191213,84.51810446054728,2266,2266,0,5,full,fixed504,union,raw,activity_tercile_3,1007112
ld2_ols_characteristics_core_full_raw_fixed504_union,ols,characteristics_core,504,cap_spread_bp,45.11550956122454,9.809898644606402,4.598978154175892,4.24568296077194e-06,25.888461525807703,64.34255759664138,2266,2266,0,5,full,fixed504,union,raw,activity_tercile_3,1007112
ld2_ridge_characteristics_core_full_raw_fixed504_retain,ridge,characteristics_core,504,rank_ic,0.09799802419415041,0.0034037184509079044,28.79146016557583,2.743747774854153e-182,0.09132685861685645,0.10466918977144436,2266,2266,0,5,full,fixed504,retain,raw,activity_tercile_3,1007112
ld2_ridge_characteristics_core_full_raw_fixed504_retain,ridge,characteristics_core,504,ew_spread_bp,52.20481639002796,8.15391896017143,6.402420314087889,1.5293295216454838e-10,36.22342889523367,68.18620388482225,2266,2266,0,5,full,fixed504,retain,raw,activity_tercile_3,1007112
ld2_ridge_characteristics_core_full_raw_fixed504_retain,ridge,characteristics_core,504,cap_spread_bp,44.7229084570563,9.424324168255527,4.745476456306432,2.080161090702582e-06,26.251572508645065,63.19424440546753,2266,2266,0,5,full,fixed504,retain,raw,activity_tercile_3,1007112
ld2_ridge_characteristics_core_full_raw_fixed504_recent,ridge,characteristics_core,504,rank_ic,0.09833736440385667,0.0033933420559855705,28.979502443733256,1.192806373796533e-184,0.09168653618689984,0.10498819262081349,2266,2266,0,5,full,fixed504,recent,raw,activity_tercile_3,1007112
ld2_ridge_characteristics_core_full_raw_fixed504_recent,ridge,characteristics_core,504,ew_spread_bp,49.74966565123556,8.033854075347744,6.192503023411233,5.921621347074362e-10,34.003601006503644,65.49573029596748,2266,2266,0,5,full,fixed504,recent,raw,activity_tercile_3,1007112
ld2_ridge_characteristics_core_full_raw_fixed504_recent,ridge,characteristics_core,504,cap_spread_bp,42.10664604513615,9.387640057948625,4.485328132013749,7.2801809348870805e-06,23.70720963173134,60.50608245854096,2266,2266,0,5,full,fixed504,recent,raw,activity_tercile_3,1007112
ld2_ridge_characteristics_core_full_raw_fixed504_union,ridge,characteristics_core,504,rank_ic,0.09877510929067582,0.003408536343259632,28.97874610784281,1.2192706075886943e-184,0.09209450081789108,0.10545571776346055,2266,2266,0,5,full,fixed504,union,raw,activity_tercile_3,1007112
ld2_ridge_characteristics_core_full_raw_fixed504_union,ridge,characteristics_core,504,ew_spread_bp,51.72963214584599,8.13902695528242,6.3557514221368,2.0741020031608365e-10,35.777432444291755,67.68183184740022,2266,2266,0,5,full,fixed504,union,raw,activity_tercile_3,1007112
ld2_ridge_characteristics_core_full_raw_fixed504_union,ridge,characteristics_core,504,cap_spread_bp,45.634727286579896,9.275858212366915,4.919731009443202,8.666323006550959e-07,27.454379264640654,63.81507530851914,2266,2266,0,5,full,fixed504,union,raw,activity_tercile_3,1007112
ld2_lasso_characteristics_core_full_raw_fixed504_retain,lasso,characteristics_core,504,rank_ic,0.09695956469684357,0.0033907315114609393,28.595471027155234,7.649009634336018e-180,0.09031385305313507,0.10360527634055207,2266,2266,0,5,full,fixed504,retain,raw,activity_tercile_3,1007112
ld2_lasso_characteristics_core_full_raw_fixed504_retain,lasso,characteristics_core,504,ew_spread_bp,53.96782125454382,8.06287014059826,6.693375970773038,2.1807987719377725e-11,38.16488616694783,69.77075634213982,2266,2266,0,5,full,fixed504,retain,raw,activity_tercile_3,1007112
ld2_lasso_characteristics_core_full_raw_fixed504_retain,lasso,characteristics_core,504,cap_spread_bp,43.34254490645483,9.909882896557779,4.373668726348923,1.2217573471637768e-05,23.919531338192115,62.76555847471755,2266,2266,0,5,full,fixed504,retain,raw,activity_tercile_3,1007112
ld2_lasso_characteristics_core_full_raw_fixed504_recent,lasso,characteristics_core,504,rank_ic,0.09735883531254166,0.0033724997965559524,28.868448090631755,2.973344767474557e-183,0.09074885717342333,0.10396881345166,2266,2266,0,5,full,fixed504,recent,raw,activity_tercile_3,1007112
ld2_lasso_characteristics_core_full_raw_fixed504_recent,lasso,characteristics_core,504,ew_spread_bp,49.46334494040014,8.040587039780853,6.151708164550666,7.665283080120922e-10,33.704083927870144,65.22260595293014,2266,2266,0,5,full,fixed504,recent,raw,activity_tercile_3,1007112
ld2_lasso_characteristics_core_full_raw_fixed504_recent,lasso,characteristics_core,504,cap_spread_bp,34.56961709336897,9.45792706102676,3.6550944906119907,0.0002570872717557964,16.032420685349756,53.10681350138818,2266,2266,0,5,full,fixed504,recent,raw,activity_tercile_3,1007112
ld2_lasso_characteristics_core_full_raw_fixed504_union,lasso,characteristics_core,504,rank_ic,0.09795770137962673,0.003395778204578579,28.84690797754367,5.540195536716632e-183,0.09130209839916663,0.10461330436008683,2266,2266,0,5,full,fixed504,union,raw,activity_tercile_3,1007112
ld2_lasso_characteristics_core_full_raw_fixed504_union,lasso,characteristics_core,504,ew_spread_bp,52.18708373003892,8.104047345204144,6.43963213775182,1.1976341127482527e-10,36.30344280443136,68.07072465564649,2266,2266,0,5,full,fixed504,union,raw,activity_tercile_3,1007112
ld2_lasso_characteristics_core_full_raw_fixed504_union,lasso,characteristics_core,504,cap_spread_bp,43.050311417607276,9.8302276085132,4.379380939290229,1.1901692464064339e-05,23.7834193450901,62.317203490124456,2266,2266,0,5,full,fixed504,union,raw,activity_tercile_3,1007112
ld2_enet_characteristics_core_full_raw_fixed504_retain,enet,characteristics_core,504,rank_ic,0.09686686892498099,0.0034009894060625314,28.481967262911247,1.959374964361877e-178,0.09020105217729615,0.10353268567266583,2266,2266,0,5,full,fixed504,retain,raw,activity_tercile_3,1007112
ld2_enet_characteristics_core_full_raw_fixed504_retain,enet,characteristics_core,504,ew_spread_bp,52.96830572559913,8.056136991792828,6.574901318033752,4.8685446110079635e-11,37.178567367164334,68.75804408403393,2266,2266,0,5,full,fixed504,retain,raw,activity_tercile_3,1007112
ld2_enet_characteristics_core_full_raw_fixed504_retain,enet,characteristics_core,504,cap_spread_bp,39.991634653114886,9.699054391293872,4.123250890211775,3.7356242588229004e-05,20.98183736208384,59.001431944145935,2266,2266,0,5,full,fixed504,retain,raw,activity_tercile_3,1007112
ld2_enet_characteristics_core_full_raw_fixed504_recent,enet,characteristics_core,504,rank_ic,0.09719810578789459,0.0033789100778524213,28.766112014934734,5.695591591846457e-182,0.09057556372830441,0.10382064784748476,2266,2266,0,5,full,fixed504,recent,raw,activity_tercile_3,1007112
ld2_enet_characteristics_core_full_raw_fixed504_recent,enet,characteristics_core,504,ew_spread_bp,49.6873294844702,8.05468411488068,6.168749609022533,6.883212539570923e-10,33.90043871245718,65.4742202564832,2266,2266,0,5,full,fixed504,recent,raw,activity_tercile_3,1007112
ld2_enet_characteristics_core_full_raw_fixed504_recent,enet,characteristics_core,504,cap_spread_bp,34.09324013786745,9.369718118555957,3.638662306216938,0.0002740578838774176,15.728930080205377,52.45755019552952,2266,2266,0,5,full,fixed504,recent,raw,activity_tercile_3,1007112
ld2_enet_characteristics_core_full_raw_fixed504_union,enet,characteristics_core,504,rank_ic,0.09772009566334157,0.0034043234285670593,28.704703802033787,3.332855028399236e-181,0.09104774435162422,0.10439244697505892,2266,2266,0,5,full,fixed504,union,raw,activity_tercile_3,1007112
ld2_enet_characteristics_core_full_raw_fixed504_union,enet,characteristics_core,504,ew_spread_bp,51.13570618942679,8.087777025553429,6.322590994764434,2.5721346344774736e-10,35.283954504351584,66.987457874502,2266,2266,0,5,full,fixed504,union,raw,activity_tercile_3,1007112
ld2_enet_characteristics_core_full_raw_fixed504_union,enet,characteristics_core,504,cap_spread_bp,41.362917153904554,9.605429996527208,4.3062015098604745,1.660817753231117e-05,22.53662030469053,60.18921400311858,2266,2266,0,5,full,fixed504,union,raw,activity_tercile_3,1007112
ld2_group_ridge_characteristics_core_full_raw_fixed504_retain,group_ridge,characteristics_core,504,rank_ic,0.09774898955682726,0.0034117773498715484,28.65045972607429,1.582047788285823e-180,0.09106202882780952,0.104435950285845,2266,2266,0,5,full,fixed504,retain,raw,activity_tercile_3,1007112
ld2_group_ridge_characteristics_core_full_raw_fixed504_retain,group_ridge,characteristics_core,504,ew_spread_bp,51.42638268965254,8.323825442807369,6.178214937711141,6.483041548599925e-10,35.11198460815193,67.74078077115315,2266,2266,0,5,full,fixed504,retain,raw,activity_tercile_3,1007112
ld2_group_ridge_characteristics_core_full_raw_fixed504_retain,group_ridge,characteristics_core,504,cap_spread_bp,39.12121966276171,9.822238641077274,3.9829229458093285,6.807283137596794e-05,19.86998567869261,58.372453646830806,2266,2266,0,5,full,fixed504,retain,raw,activity_tercile_3,1007112
ld2_group_ridge_characteristics_core_full_raw_fixed504_recent,group_ridge,characteristics_core,504,rank_ic,0.09817516459750061,0.0034006590832354453,28.869452125173066,2.8882979509455567e-183,0.09150999527066014,0.10484033392434108,2266,2266,0,5,full,fixed504,recent,raw,activity_tercile_3,1007112
ld2_group_ridge_characteristics_core_full_raw_fixed504_recent,group_ridge,characteristics_core,504,ew_spread_bp,50.12979172703198,8.146618068512549,6.153448130922987,7.58161805074555e-10,34.162713716944126,66.09686973711983,2266,2266,0,5,full,fixed504,recent,raw,activity_tercile_3,1007112
ld2_group_ridge_characteristics_core_full_raw_fixed504_recent,group_ridge,characteristics_core,504,cap_spread_bp,40.17946169197943,9.551731933528828,4.206510606829329,2.5934391678743478e-05,21.45841111228179,58.90051227167706,2266,2266,0,5,full,fixed504,recent,raw,activity_tercile_3,1007112
ld2_group_ridge_characteristics_core_full_raw_fixed504_union,group_ridge,characteristics_core,504,rank_ic,0.09858271075737383,0.0034169802670976435,28.8508282317677,4.947089054383268e-183,0.0918855524979784,0.10527986901676926,2266,2266,0,5,full,fixed504,union,raw,activity_tercile_3,1007112
ld2_group_ridge_characteristics_core_full_raw_fixed504_union,group_ridge,characteristics_core,504,ew_spread_bp,51.55005532963527,8.284107891051594,6.222764841742235,4.884692486599245e-10,35.313502219130086,67.78660844014045,2266,2266,0,5,full,fixed504,union,raw,activity_tercile_3,1007112
ld2_group_ridge_characteristics_core_full_raw_fixed504_union,group_ridge,characteristics_core,504,cap_spread_bp,39.9661816978649,9.57836037424796,4.172549385938386,3.0121028374865685e-05,21.192940333393302,58.73942306233649,2266,2266,0,5,full,fixed504,union,raw,activity_tercile_3,1007112
ld2_ols_characteristics_textcore_full_raw_fixed504_retain,ols,characteristics_textcore,504,rank_ic,0.09398827026994479,0.003097987134469849,30.338495994441494,3.563441917907237e-202,0.08791632706181544,0.10006021347807413,2266,2266,0,5,full,fixed504,retain,raw,activity_tercile_3,1007112
ld2_ols_characteristics_textcore_full_raw_fixed504_retain,ols,characteristics_textcore,504,ew_spread_bp,65.27637766601869,7.879026248528843,8.284828049431486,1.182798507490983e-16,49.833769985656424,80.71898534638096,2266,2266,0,5,full,fixed504,retain,raw,activity_tercile_3,1007112
ld2_ols_characteristics_textcore_full_raw_fixed504_retain,ols,characteristics_textcore,504,cap_spread_bp,43.753158173616775,9.356814932069437,4.676073908831703,2.9241925345465994e-06,25.414137896754088,62.092178450479466,2266,2266,0,5,full,fixed504,retain,raw,activity_tercile_3,1007112
ld2_ols_characteristics_textcore_full_raw_fixed504_recent,ols,characteristics_textcore,504,rank_ic,0.09641670516866524,0.0031276462864136814,30.82724078726356,1.1309663535444165e-208,0.09028663109091398,0.1025467792464165,2266,2266,0,5,full,fixed504,recent,raw,activity_tercile_3,1007112
ld2_ols_characteristics_textcore_full_raw_fixed504_recent,ols,characteristics_textcore,504,ew_spread_bp,63.42281912863089,7.991996327721583,7.9357918257092015,2.091565784162247e-15,47.75879416172022,79.08684409554157,2266,2266,0,5,full,fixed504,recent,raw,activity_tercile_3,1007112
ld2_ols_characteristics_textcore_full_raw_fixed504_recent,ols,characteristics_textcore,504,cap_spread_bp,42.53933951913236,9.4474247145597,4.502744483750556,6.708151666329054e-06,24.02272733194175,61.05595170632297,2266,2266,0,5,full,fixed504,recent,raw,activity_tercile_3,1007112
ld2_ols_characteristics_textcore_full_raw_fixed504_union,ols,characteristics_textcore,504,rank_ic,0.09701925232523369,0.0031578954916095833,30.72275589328729,2.827513736073777e-207,0.0908298908947375,0.10320861375572987,2266,2266,0,5,full,fixed504,union,raw,activity_tercile_3,1007112
ld2_ols_characteristics_textcore_full_raw_fixed504_union,ols,characteristics_textcore,504,ew_spread_bp,66.9121364295863,7.9151055012254306,8.453726412013944,2.8215001280264623e-17,51.3988147133496,82.425458145823,2266,2266,0,5,full,fixed504,union,raw,activity_tercile_3,1007112
ld2_ols_characteristics_textcore_full_raw_fixed504_union,ols,characteristics_textcore,504,cap_spread_bp,52.2935670693546,9.48977044002675,5.510519711708348,3.577757395257077e-08,33.69395878534935,70.89317535335985,2266,2266,0,5,full,fixed504,union,raw,activity_tercile_3,1007112
ld2_ridge_characteristics_textcore_full_raw_fixed504_retain,ridge,characteristics_textcore,504,rank_ic,0.09678726604857919,0.003312239466859211,29.221095581098336,1.0463929158453144e-187,0.09029539598536299,0.1032791361117954,2266,2266,0,5,full,fixed504,retain,raw,activity_tercile_3,1007112
ld2_ridge_characteristics_textcore_full_raw_fixed504_retain,ridge,characteristics_textcore,504,ew_spread_bp,50.00684262331184,8.116625672256099,6.161038421944612,7.226945229749858e-10,34.09854862969668,65.915136616927,2266,2266,0,5,full,fixed504,retain,raw,activity_tercile_3,1007112
ld2_ridge_characteristics_textcore_full_raw_fixed504_retain,ridge,characteristics_textcore,504,cap_spread_bp,41.525967477666434,9.431786290907288,4.402768065016437,1.0687840722929238e-05,23.04000603760953,60.01192891772334,2266,2266,0,5,full,fixed504,retain,raw,activity_tercile_3,1007112
ld2_ridge_characteristics_textcore_full_raw_fixed504_recent,ridge,characteristics_textcore,504,rank_ic,0.09796125736372774,0.003320068584347813,29.50579329160787,2.4261618786515213e-191,0.09145404251220314,0.10446847221525234,2266,2266,0,5,full,fixed504,recent,raw,activity_tercile_3,1007112
ld2_ridge_characteristics_textcore_full_raw_fixed504_recent,ridge,characteristics_textcore,504,ew_spread_bp,51.075705205726685,8.061777388981707,6.335539018422105,2.365129493944133e-10,35.27491187194319,66.87649853951018,2266,2266,0,5,full,fixed504,recent,raw,activity_tercile_3,1007112
ld2_ridge_characteristics_textcore_full_raw_fixed504_recent,ridge,characteristics_textcore,504,cap_spread_bp,39.27541842530953,9.54830545606775,4.113339126614432,3.899768383344609e-05,20.561083618029446,57.98975323258962,2266,2266,0,5,full,fixed504,recent,raw,activity_tercile_3,1007112
ld2_ridge_characteristics_textcore_full_raw_fixed504_union,ridge,characteristics_textcore,504,rank_ic,0.09828511194996338,0.003343320103628214,29.397457887237035,5.918299725100205e-190,0.09173232495806335,0.1048378989418634,2266,2266,0,5,full,fixed504,union,raw,activity_tercile_3,1007112
ld2_ridge_characteristics_textcore_full_raw_fixed504_union,ridge,characteristics_textcore,504,ew_spread_bp,51.936288922867696,8.121417343571784,6.394978453357775,1.605699965505956e-10,36.018603426048045,67.85397441968735,2266,2266,0,5,full,fixed504,union,raw,activity_tercile_3,1007112
ld2_ridge_characteristics_textcore_full_raw_fixed504_union,ridge,characteristics_textcore,504,cap_spread_bp,38.42334574402771,9.541927037973435,4.026790981645178,5.654325401483194e-05,19.721512406490824,57.1251790815646,2266,2266,0,5,full,fixed504,union,raw,activity_tercile_3,1007112
ld2_lasso_characteristics_textcore_full_raw_fixed504_retain,lasso,characteristics_textcore,504,rank_ic,0.09703251376353829,0.0033970759494849493,28.563539704859988,1.907296978345109e-179,0.09037436724980058,0.103690660277276,2266,2266,0,5,full,fixed504,retain,raw,activity_tercile_3,1007112
ld2_lasso_characteristics_textcore_full_raw_fixed504_retain,lasso,characteristics_textcore,504,ew_spread_bp,53.917771725745325,7.981907177317023,6.754998589681525,1.4283664563602105e-11,38.273521130262196,69.56202232122845,2266,2266,0,5,full,fixed504,retain,raw,activity_tercile_3,1007112
ld2_lasso_characteristics_textcore_full_raw_fixed504_retain,lasso,characteristics_textcore,504,cap_spread_bp,38.80097008142421,9.60549489120471,4.039455595042,5.3575409386174945e-05,19.974546040979494,57.62739412186893,2266,2266,0,5,full,fixed504,retain,raw,activity_tercile_3,1007112
ld2_lasso_characteristics_textcore_full_raw_fixed504_recent,lasso,characteristics_textcore,504,rank_ic,0.0980314409178904,0.003384134628482075,28.96794947010178,1.6676897998028102e-184,0.0913986589272307,0.1046642229085501,2266,2266,0,5,full,fixed504,recent,raw,activity_tercile_3,1007112
ld2_lasso_characteristics_textcore_full_raw_fixed504_recent,lasso,characteristics_textcore,504,ew_spread_bp,50.775743120428345,8.05727667572346,6.301849267931365,2.941151276831248e-10,34.98377102253575,66.56771521832094,2266,2266,0,5,full,fixed504,recent,raw,activity_tercile_3,1007112
ld2_lasso_characteristics_textcore_full_raw_fixed504_recent,lasso,characteristics_textcore,504,cap_spread_bp,32.91893554303979,9.453771113970541,3.482095678664467,0.0004975058972883382,14.389884641572419,51.44798644450715,2266,2266,0,5,full,fixed504,recent,raw,activity_tercile_3,1007112
ld2_lasso_characteristics_textcore_full_raw_fixed504_union,lasso,characteristics_textcore,504,rank_ic,0.09833856247872429,0.003410649094313951,28.83279978660631,8.326106852179347e-183,0.09165381308996479,0.10502331186748379,2266,2266,0,5,full,fixed504,union,raw,activity_tercile_3,1007112
ld2_lasso_characteristics_textcore_full_raw_fixed504_union,lasso,characteristics_textcore,504,ew_spread_bp,52.86335462984752,8.041966515122894,6.573436301983866,4.916711260996491e-11,37.10138989532956,68.62531936436548,2266,2266,0,5,full,fixed504,union,raw,activity_tercile_3,1007112
ld2_lasso_characteristics_textcore_full_raw_fixed504_union,lasso,characteristics_textcore,504,cap_spread_bp,39.95806323553239,9.521777513586109,4.1964920077704395,2.71081023252986e-05,21.295722240100275,58.62040423096451,2266,2266,0,5,full,fixed504,union,raw,activity_tercile_3,1007112
ld2_enet_characteristics_textcore_full_raw_fixed504_retain,enet,characteristics_textcore,504,rank_ic,0.09670927860896548,0.003388670791935037,28.539000849280335,3.846485651448347e-179,0.09006760590131,0.10335095131662098,2266,2266,0,5,full,fixed504,retain,raw,activity_tercile_3,1007112
ld2_enet_characteristics_textcore_full_raw_fixed504_retain,enet,characteristics_textcore,504,ew_spread_bp,53.31196925285921,8.125229408119251,6.561287881864168,5.334501896422001e-11,37.38681224681977,69.23712625889864,2266,2266,0,5,full,fixed504,retain,raw,activity_tercile_3,1007112
ld2_enet_characteristics_textcore_full_raw_fixed504_retain,enet,characteristics_textcore,504,cap_spread_bp,39.97782679339398,9.81054129529653,4.074986852413593,4.6016946809963e-05,20.749519185769852,59.206134401018105,2266,2266,0,5,full,fixed504,retain,raw,activity_tercile_3,1007112
ld2_enet_characteristics_textcore_full_raw_fixed504_recent,enet,characteristics_textcore,504,rank_ic,0.09749747438475347,0.003377512243713421,28.866653130932676,3.1316675436765156e-183,0.0908776720297321,0.10411727673977483,2266,2266,0,5,full,fixed504,recent,raw,activity_tercile_3,1007112
ld2_enet_characteristics_textcore_full_raw_fixed504_recent,enet,characteristics_textcore,504,ew_spread_bp,49.21711893246438,8.156051605618186,6.034429563756295,1.595251925692875e-09,33.23155152940265,65.20268633552611,2266,2266,0,5,full,fixed504,recent,raw,activity_tercile_3,1007112
ld2_enet_characteristics_textcore_full_raw_fixed504_recent,enet,characteristics_textcore,504,cap_spread_bp,32.013049719604105,9.539423748389256,3.35586829602884,0.0007911623592694105,13.316122739495082,50.709976699713124,2266,2266,0,5,full,fixed504,recent,raw,activity_tercile_3,1007112
ld2_enet_characteristics_textcore_full_raw_fixed504_union,enet,characteristics_textcore,504,rank_ic,0.09787794430275668,0.00340159819975968,28.774105157296844,4.5242496320688385e-182,0.09121093434135141,0.10454495426416194,2266,2266,0,5,full,fixed504,union,raw,activity_tercile_3,1007112
ld2_enet_characteristics_textcore_full_raw_fixed504_union,enet,characteristics_textcore,504,ew_spread_bp,51.02491336915343,8.207139419034155,6.217137392696836,5.063064190106101e-10,34.939215691747506,67.11061104655936,2266,2266,0,5,full,fixed504,union,raw,activity_tercile_3,1007112
ld2_enet_characteristics_textcore_full_raw_fixed504_union,enet,characteristics_textcore,504,cap_spread_bp,39.342424310415105,9.690871740403418,4.05974048200305,4.912728770933718e-05,20.34866472042741,58.3361839004028,2266,2266,0,5,full,fixed504,union,raw,activity_tercile_3,1007112
ld2_group_ridge_characteristics_textcore_full_raw_fixed504_retain,group_ridge,characteristics_textcore,504,rank_ic,0.09784252266271358,0.003401062066731604,28.768226143176367,5.359130124072686e-182,0.09117656350273427,0.10450848182269289,2266,2266,0,5,full,fixed504,retain,raw,activity_tercile_3,1007112
ld2_group_ridge_characteristics_textcore_full_raw_fixed504_retain,group_ridge,characteristics_textcore,504,ew_spread_bp,53.17573025637533,8.3540676082854,6.365250169107644,1.949716876753445e-10,36.80205861972328,69.54940189302738,2266,2266,0,5,full,fixed504,retain,raw,activity_tercile_3,1007112
ld2_group_ridge_characteristics_textcore_full_raw_fixed504_retain,group_ridge,characteristics_textcore,504,cap_spread_bp,43.04546406106641,9.834371260969766,4.377042814308162,1.2030035037426243e-05,23.770450578969914,62.32047754316291,2266,2266,0,5,full,fixed504,retain,raw,activity_tercile_3,1007112
ld2_group_ridge_characteristics_textcore_full_raw_fixed504_recent,group_ridge,characteristics_textcore,504,rank_ic,0.09830547536319235,0.003386075877755088,29.032271842758366,2.5765614066025463e-185,0.09166888859387254,0.10494206213251217,2266,2266,0,5,full,fixed504,recent,raw,activity_tercile_3,1007112
ld2_group_ridge_characteristics_textcore_full_raw_fixed504_recent,group_ridge,characteristics_textcore,504,ew_spread_bp,50.62902039543998,8.160804472081436,6.203925185151128,5.507197426282747e-10,34.634137545286954,66.623903245593,2266,2266,0,5,full,fixed504,recent,raw,activity_tercile_3,1007112
ld2_group_ridge_characteristics_textcore_full_raw_fixed504_recent,group_ridge,characteristics_textcore,504,cap_spread_bp,38.530722263506874,9.689568382229849,3.976515851229262,6.993233942913277e-05,19.539517208598333,57.521927318415415,2266,2266,0,5,full,fixed504,recent,raw,activity_tercile_3,1007112
ld2_group_ridge_characteristics_textcore_full_raw_fixed504_union,group_ridge,characteristics_textcore,504,rank_ic,0.09874244774304262,0.0034071737601626515,28.980749058811977,1.1504335276428828e-184,0.09206450988405392,0.10542038560203133,2266,2266,0,5,full,fixed504,union,raw,activity_tercile_3,1007112
ld2_group_ridge_characteristics_textcore_full_raw_fixed504_union,group_ridge,characteristics_textcore,504,ew_spread_bp,53.880341291272906,8.253131903479716,6.528472090523075,6.644398965701515e-11,37.70450000079416,70.05618258175164,2266,2266,0,5,full,fixed504,union,raw,activity_tercile_3,1007112
ld2_group_ridge_characteristics_textcore_full_raw_fixed504_union,group_ridge,characteristics_textcore,504,cap_spread_bp,43.48973394882503,9.669679771478561,4.4975361104616125,6.874548782318303e-06,24.537509854691546,62.441958042958504,2266,2266,0,5,full,fixed504,union,raw,activity_tercile_3,1007112
ld2_ols_characteristics_textcore_pca_raw_fixed504_retain,ols,characteristics_textcore,504,rank_ic,0.09771692358522008,0.0032621256879784067,29.954984243962983,3.789084164139049e-197,0.09132327472373945,0.1041105724467007,2266,2266,0,5,pca,fixed504,retain,raw,activity_tercile_3,1007112
ld2_ols_characteristics_textcore_pca_raw_fixed504_retain,ols,characteristics_textcore,504,ew_spread_bp,68.98990402138259,8.168076687523254,8.446285051016323,3.007189083051078e-17,52.98076789087578,84.99904015188939,2266,2266,0,5,pca,fixed504,retain,raw,activity_tercile_3,1007112
ld2_ols_characteristics_textcore_pca_raw_fixed504_retain,ols,characteristics_textcore,504,cap_spread_bp,40.313683699800436,9.75074714576864,4.134419967734949,3.558522310431105e-05,21.20257047173717,59.424796927863696,2266,2266,0,5,pca,fixed504,retain,raw,activity_tercile_3,1007112
ld2_ols_characteristics_textcore_pca_raw_fixed504_recent,ols,characteristics_textcore,504,rank_ic,0.09875893452776587,0.003257360306313715,30.318701414867196,6.499466054583559e-202,0.09237462564272063,0.1051432434128111,2266,2266,0,5,pca,fixed504,recent,raw,activity_tercile_3,1007112
ld2_ols_characteristics_textcore_pca_raw_fixed504_recent,ols,characteristics_textcore,504,ew_spread_bp,69.57987920140172,8.134513446478548,8.553662079386326,1.1924366216166481e-17,53.63652581454698,85.52323258825646,2266,2266,0,5,pca,fixed504,recent,raw,activity_tercile_3,1007112
ld2_ols_characteristics_textcore_pca_raw_fixed504_recent,ols,characteristics_textcore,504,cap_spread_bp,39.78580591730831,9.876633020333857,4.028276218767865,5.6187307104294105e-05,20.427960908934892,59.143650925681726,2266,2266,0,5,pca,fixed504,recent,raw,activity_tercile_3,1007112
ld2_ols_characteristics_textcore_pca_raw_fixed504_union,ols,characteristics_textcore,504,rank_ic,0.09936783749088544,0.0032817645235945774,30.278783494815166,2.1812810400772978e-201,0.09293569721889883,0.10579997776287206,2266,2266,0,5,pca,fixed504,union,raw,activity_tercile_3,1007112
ld2_ols_characteristics_textcore_pca_raw_fixed504_union,ols,characteristics_textcore,504,ew_spread_bp,70.17328368797159,8.102323645122151,8.660883810808777,4.6812049367933975e-18,54.29302115244488,86.0535462234983,2266,2266,0,5,pca,fixed504,union,raw,activity_tercile_3,1007112
ld2_ols_characteristics_textcore_pca_raw_fixed504_union,ols,characteristics_textcore,504,cap_spread_bp,48.89316662204379,9.713374886992685,5.033592051256799,4.813735033826359e-07,29.855301675202313,67.93103156888527,2266,2266,0,5,pca,fixed504,union,raw,activity_tercile_3,1007112
ld2_ridge_characteristics_textcore_pca_raw_fixed504_retain,ridge,characteristics_textcore,504,rank_ic,0.09811686474533277,0.003380889420274383,29.021021556324634,3.5729817868432426e-185,0.09149044324588247,0.10474328624478306,2266,2266,0,5,pca,fixed504,retain,raw,activity_tercile_3,1007112
ld2_ridge_characteristics_textcore_pca_raw_fixed504_retain,ridge,characteristics_textcore,504,ew_spread_bp,55.470968181158874,8.301430155029639,6.682097800648282,2.3554573495789084e-11,39.20046405712603,71.74147230519172,2266,2266,0,5,pca,fixed504,retain,raw,activity_tercile_3,1007112
ld2_ridge_characteristics_textcore_pca_raw_fixed504_retain,ridge,characteristics_textcore,504,cap_spread_bp,39.3059007381671,9.759984201749882,4.027250446893129,5.6432912586519446e-05,20.17668321305742,58.43511826327678,2266,2266,0,5,pca,fixed504,retain,raw,activity_tercile_3,1007112
ld2_ridge_characteristics_textcore_pca_raw_fixed504_recent,ridge,characteristics_textcore,504,rank_ic,0.09872117117848896,0.0033705201265088417,29.28959551437053,1.407209682875482e-188,0.09211507312136424,0.10532726923561367,2266,2266,0,5,pca,fixed504,recent,raw,activity_tercile_3,1007112
ld2_ridge_characteristics_textcore_pca_raw_fixed504_recent,ridge,characteristics_textcore,504,ew_spread_bp,53.956901877245144,8.229278912125547,6.556698643151052,5.5012024963531143e-11,37.82781159074412,70.08599216374617,2266,2266,0,5,pca,fixed504,recent,raw,activity_tercile_3,1007112
ld2_ridge_characteristics_textcore_pca_raw_fixed504_recent,ridge,characteristics_textcore,504,cap_spread_bp,36.63278800825184,9.618701751266993,3.8084960897583193,0.00013981455694122723,17.780478997736193,55.48509701876749,2266,2266,0,5,pca,fixed504,recent,raw,activity_tercile_3,1007112
ld2_ridge_characteristics_textcore_pca_raw_fixed504_union,ridge,characteristics_textcore,504,rank_ic,0.09900067189066632,0.003388670556917331,29.215195230051247,1.2435220514629152e-187,0.09235899964363706,0.10564234413769558,2266,2266,0,5,pca,fixed504,union,raw,activity_tercile_3,1007112
ld2_ridge_characteristics_textcore_pca_raw_fixed504_union,ridge,characteristics_textcore,504,ew_spread_bp,56.471555796788245,8.313592359326641,6.792677985159493,1.100708875516327e-11,40.17721419036065,72.76589740321583,2266,2266,0,5,pca,fixed504,union,raw,activity_tercile_3,1007112
ld2_ridge_characteristics_textcore_pca_raw_fixed504_union,ridge,characteristics_textcore,504,cap_spread_bp,38.707334743539164,9.914851581544289,3.903975205800337,9.462547926047111e-05,19.274582731652362,58.14008675542597,2266,2266,0,5,pca,fixed504,union,raw,activity_tercile_3,1007112
ld2_lasso_characteristics_textcore_pca_raw_fixed504_retain,lasso,characteristics_textcore,504,rank_ic,0.09719942358742978,0.0033866998959782408,28.700335598927918,3.778622630821925e-181,0.09056161376486688,0.10383723340999268,2266,2266,0,5,pca,fixed504,retain,raw,activity_tercile_3,1007112
ld2_lasso_characteristics_textcore_pca_raw_fixed504_retain,lasso,characteristics_textcore,504,ew_spread_bp,56.588228132223065,8.184930173183476,6.913709333480292,4.721421041354048e-12,40.546059776808264,72.63039648763787,2266,2266,0,5,pca,fixed504,retain,raw,activity_tercile_3,1007112
ld2_lasso_characteristics_textcore_pca_raw_fixed504_retain,lasso,characteristics_textcore,504,cap_spread_bp,38.269296755276805,10.31508757547566,3.710031201893319,0.00020723370507559364,18.052096609967926,58.486496900585685,2266,2266,0,5,pca,fixed504,retain,raw,activity_tercile_3,1007112
ld2_lasso_characteristics_textcore_pca_raw_fixed504_recent,lasso,characteristics_textcore,504,rank_ic,0.0977910701914619,0.0033618891473614224,29.088130484080114,5.072632007015821e-186,0.09120188854261743,0.10438025184030636,2266,2266,0,5,pca,fixed504,recent,raw,activity_tercile_3,1007112
ld2_lasso_characteristics_textcore_pca_raw_fixed504_recent,lasso,characteristics_textcore,504,ew_spread_bp,53.39600385454974,8.0606894094867,6.624247771128297,3.4902091685965704e-11,37.59734292139237,69.19466478770711,2266,2266,0,5,pca,fixed504,recent,raw,activity_tercile_3,1007112
ld2_lasso_characteristics_textcore_pca_raw_fixed504_recent,lasso,characteristics_textcore,504,cap_spread_bp,32.40905295296649,9.549047681140395,3.3939565530681315,0.0006889062108477413,13.693263411275598,51.124842494657386,2266,2266,0,5,pca,fixed504,recent,raw,activity_tercile_3,1007112
ld2_lasso_characteristics_textcore_pca_raw_fixed504_union,lasso,characteristics_textcore,504,rank_ic,0.09830812831840915,0.0033926525451231505,28.976774665511954,1.2910407456329342e-184,0.09165865151790963,0.10495760511890868,2266,2266,0,5,pca,fixed504,union,raw,activity_tercile_3,1007112
ld2_lasso_characteristics_textcore_pca_raw_fixed504_union,lasso,characteristics_textcore,504,ew_spread_bp,56.46478155156082,8.1396767407724,6.936980834720802,4.005681451813165e-12,40.51130829384854,72.4182548092731,2266,2266,0,5,pca,fixed504,union,raw,activity_tercile_3,1007112
ld2_lasso_characteristics_textcore_pca_raw_fixed504_union,lasso,characteristics_textcore,504,cap_spread_bp,41.907513828791245,9.610165079951832,4.360748590699681,1.2961822851590994e-05,23.071936386601166,60.743091270981324,2266,2266,0,5,pca,fixed504,union,raw,activity_tercile_3,1007112
ld2_enet_characteristics_textcore_pca_raw_fixed504_retain,enet,characteristics_textcore,504,rank_ic,0.0973082155328426,0.003386228756945078,28.73645654720334,1.3374557683956827e-181,0.09067132912581642,0.10394510193986879,2266,2266,0,5,pca,fixed504,retain,raw,activity_tercile_3,1007112
ld2_enet_characteristics_textcore_pca_raw_fixed504_retain,enet,characteristics_textcore,504,ew_spread_bp,57.28756548480285,8.102307785132687,7.070524473276928,1.5434920965702898e-12,41.40733403428429,73.1677969353214,2266,2266,0,5,pca,fixed504,retain,raw,activity_tercile_3,1007112
ld2_enet_characteristics_textcore_pca_raw_fixed504_retain,enet,characteristics_textcore,504,cap_spread_bp,36.57352968682161,10.074547173628538,3.630290181434424,0.00028310276078214017,16.827780065959878,56.31927930768334,2266,2266,0,5,pca,fixed504,retain,raw,activity_tercile_3,1007112
ld2_enet_characteristics_textcore_pca_raw_fixed504_recent,enet,characteristics_textcore,504,rank_ic,0.09791382637681888,0.0033635141078542834,29.110574011916935,2.6379397975210033e-186,0.09132145986393211,0.10450619288970564,2266,2266,0,5,pca,fixed504,recent,raw,activity_tercile_3,1007112
ld2_enet_characteristics_textcore_pca_raw_fixed504_recent,enet,characteristics_textcore,504,ew_spread_bp,53.911429843077386,8.044639025415298,6.70153498158909,2.062414683923093e-11,38.144227084638004,69.67863260151677,2266,2266,0,5,pca,fixed504,recent,raw,activity_tercile_3,1007112
ld2_enet_characteristics_textcore_pca_raw_fixed504_recent,enet,characteristics_textcore,504,cap_spread_bp,31.62020084036725,9.29867383800432,3.4005065013823064,0.0006726113641672953,13.395135013893949,49.84526666684055,2266,2266,0,5,pca,fixed504,recent,raw,activity_tercile_3,1007112
ld2_enet_characteristics_textcore_pca_raw_fixed504_union,enet,characteristics_textcore,504,rank_ic,0.09833262406456723,0.0033915869163319975,28.993101604164107,8.038451792197441e-185,0.09168523585811926,0.10498001227101521,2266,2266,0,5,pca,fixed504,union,raw,activity_tercile_3,1007112
ld2_enet_characteristics_textcore_pca_raw_fixed504_union,enet,characteristics_textcore,504,ew_spread_bp,56.65421707240576,8.096548171770033,6.997329710201706,2.6088685270822894e-12,40.78527425664287,72.52315988816864,2266,2266,0,5,pca,fixed504,union,raw,activity_tercile_3,1007112
ld2_enet_characteristics_textcore_pca_raw_fixed504_union,enet,characteristics_textcore,504,cap_spread_bp,40.29127076282199,9.302267993005001,4.331338421245195,1.4820568609390032e-05,22.059160521992492,58.52338100365148,2266,2266,0,5,pca,fixed504,union,raw,activity_tercile_3,1007112
ld2_group_ridge_characteristics_textcore_pca_raw_fixed504_retain,group_ridge,characteristics_textcore,504,rank_ic,0.09802932596574783,0.003396788695095919,28.85941245249571,3.860527484379594e-183,0.09137174246026702,0.10468690947122863,2266,2266,0,5,pca,fixed504,retain,raw,activity_tercile_3,1007112
ld2_group_ridge_characteristics_textcore_pca_raw_fixed504_retain,group_ridge,characteristics_textcore,504,ew_spread_bp,54.68183527621369,8.283877638078978,6.6009950490884295,4.084071948902315e-11,38.44573345324216,70.91793709918522,2266,2266,0,5,pca,fixed504,retain,raw,activity_tercile_3,1007112
ld2_group_ridge_characteristics_textcore_pca_raw_fixed504_retain,group_ridge,characteristics_textcore,504,cap_spread_bp,37.32258022166266,9.601567912038156,3.887133910167811,0.00010143480242942647,18.50385291895243,56.14130752437289,2266,2266,0,5,pca,fixed504,retain,raw,activity_tercile_3,1007112
ld2_group_ridge_characteristics_textcore_pca_raw_fixed504_recent,group_ridge,characteristics_textcore,504,rank_ic,0.09844833085415423,0.0033794803109917855,29.131204148149727,1.445598689808989e-186,0.09182467115814812,0.10507199055016035,2266,2266,0,5,pca,fixed504,recent,raw,activity_tercile_3,1007112
ld2_group_ridge_characteristics_textcore_pca_raw_fixed504_recent,group_ridge,characteristics_textcore,504,ew_spread_bp,52.3324810257918,8.201752149912245,6.38064648495282,1.7634195604668465e-10,36.25734220183984,68.40761984974375,2266,2266,0,5,pca,fixed504,recent,raw,activity_tercile_3,1007112
ld2_group_ridge_characteristics_textcore_pca_raw_fixed504_recent,group_ridge,characteristics_textcore,504,cap_spread_bp,35.52360605508512,9.472861320925588,3.7500397030634587,0.0001768065742282879,16.957139035528442,54.09007307464179,2266,2266,0,5,pca,fixed504,recent,raw,activity_tercile_3,1007112
ld2_group_ridge_characteristics_textcore_pca_raw_fixed504_union,group_ridge,characteristics_textcore,504,rank_ic,0.09888405700004542,0.0034017940879459796,29.068207670309672,9.059938205369322e-186,0.09221666310485002,0.10555145089524082,2266,2266,0,5,pca,fixed504,union,raw,activity_tercile_3,1007112
ld2_group_ridge_characteristics_textcore_pca_raw_fixed504_union,group_ridge,characteristics_textcore,504,ew_spread_bp,55.478876758935144,8.318845420948811,6.669059701389122,2.5744751837101276e-11,39.17423934091953,71.78351417695076,2266,2266,0,5,pca,fixed504,union,raw,activity_tercile_3,1007112
ld2_group_ridge_characteristics_textcore_pca_raw_fixed504_union,group_ridge,characteristics_textcore,504,cap_spread_bp,36.71890771702209,9.78768699449103,3.7515408632999008,0.0001757511006249928,17.535393715868583,55.9024217181756,2266,2266,0,5,pca,fixed504,union,raw,activity_tercile_3,1007112
ld2_ols_characteristics_full_dgtw_fixed504_retain,ols,characteristics,504,rank_ic,0.08134738898578685,0.0019901352697149774,40.87530642951584,0.0,0.07744679553278258,0.08524798243879111,2266,2266,0,5,full,fixed504,retain,dgtw,size_tercile_1,893005
ld2_ols_characteristics_full_dgtw_fixed504_retain,ols,characteristics,504,ew_spread_bp,53.87715900041406,6.72061141638339,8.016704978519254,1.0861959127375445e-15,40.705002670213894,67.04931533061422,2266,2266,0,5,full,fixed504,retain,dgtw,size_tercile_1,893005
ld2_ols_characteristics_full_dgtw_fixed504_retain,ols,characteristics,504,cap_spread_bp,46.36298914853016,7.150957965794274,6.483465483967575,8.963939239496978e-11,32.347369080613575,60.37860921644675,2266,2266,0,5,full,fixed504,retain,dgtw,size_tercile_1,893005
ld2_ols_characteristics_full_dgtw_fixed504_recent,ols,characteristics,504,rank_ic,0.08247980305497364,0.0019706866388785223,41.85333245163281,0.0,0.07861732821795744,0.08634227789198984,2266,2266,0,5,full,fixed504,recent,dgtw,size_tercile_1,893005
ld2_ols_characteristics_full_dgtw_fixed504_recent,ols,characteristics,504,ew_spread_bp,58.336332068252254,6.893316108286621,8.462738564698164,2.611707514379096e-17,44.82568076196067,71.84698337454384,2266,2266,0,5,full,fixed504,recent,dgtw,size_tercile_1,893005
ld2_ols_characteristics_full_dgtw_fixed504_recent,ols,characteristics,504,cap_spread_bp,51.482008019791536,7.362069240242734,6.992872022770344,2.6931516380352588e-12,37.05261745722562,65.91139858235745,2266,2266,0,5,full,fixed504,recent,dgtw,size_tercile_1,893005
ld2_ols_characteristics_full_dgtw_fixed504_union,ols,characteristics,504,rank_ic,0.08317532201701602,0.0019859970069444435,41.880889913819885,0.0,0.07928283941000057,0.08706780462403148,2266,2266,0,5,full,fixed504,union,dgtw,size_tercile_1,893005
ld2_ols_characteristics_full_dgtw_fixed504_union,ols,characteristics,504,ew_spread_bp,58.086525100831466,6.83703040368557,8.495870527286137,1.9645489019297836e-17,44.6861917484024,71.48685845326052,2266,2266,0,5,full,fixed504,union,dgtw,size_tercile_1,893005
ld2_ols_characteristics_full_dgtw_fixed504_union,ols,characteristics,504,cap_spread_bp,53.231675882412254,7.232212624014198,7.36035825407831,1.834173052408259e-13,39.05679961080851,67.406552154016,2266,2266,0,5,full,fixed504,union,dgtw,size_tercile_1,893005
ld2_ridge_characteristics_full_dgtw_fixed504_retain,ridge,characteristics,504,rank_ic,0.08407673011465588,0.0020487212803739227,41.038637573633544,0.0,0.08006131019076221,0.08809215003854956,2266,2266,0,5,full,fixed504,retain,dgtw,size_tercile_1,893005
ld2_ridge_characteristics_full_dgtw_fixed504_retain,ridge,characteristics,504,ew_spread_bp,45.96228517849039,6.762257301948695,6.796884993601964,1.0690536876956981e-11,32.70850441247795,59.21606594450283,2266,2266,0,5,full,fixed504,retain,dgtw,size_tercile_1,893005
ld2_ridge_characteristics_full_dgtw_fixed504_retain,ridge,characteristics,504,cap_spread_bp,39.404723070401054,6.758833860153592,5.830106773700988,5.539192122115116e-09,26.157652127010188,52.65179401379192,2266,2266,0,5,full,fixed504,retain,dgtw,size_tercile_1,893005
ld2_ridge_characteristics_full_dgtw_fixed504_recent,ridge,characteristics,504,rank_ic,0.08407662547138066,0.0020568424507468185,40.876551065373675,0.0,0.0800452883460438,0.08810796259671752,2266,2266,0,5,full,fixed504,recent,dgtw,size_tercile_1,893005
ld2_ridge_characteristics_full_dgtw_fixed504_recent,ridge,characteristics,504,ew_spread_bp,43.45036510878284,6.735591373915532,6.450861208274914,1.1121631908229287e-10,30.248848601329737,56.65188161623594,2266,2266,0,5,full,fixed504,recent,dgtw,size_tercile_1,893005
ld2_ridge_characteristics_full_dgtw_fixed504_recent,ridge,characteristics,504,cap_spread_bp,36.04874494359116,6.858690307423522,5.255922534448552,1.472842803258017e-07,22.605958959927104,49.49153092725521,2266,2266,0,5,full,fixed504,recent,dgtw,size_tercile_1,893005
ld2_ridge_characteristics_full_dgtw_fixed504_union,ridge,characteristics,504,rank_ic,0.08491776251120778,0.0020651094822052803,41.12022304043956,0.0,0.08087022230195327,0.08896530272046228,2266,2266,0,5,full,fixed504,union,dgtw,size_tercile_1,893005
ld2_ridge_characteristics_full_dgtw_fixed504_union,ridge,characteristics,504,ew_spread_bp,46.088838446812915,6.6968916175691415,6.882123988075289,5.896665365640796e-12,32.963172068009214,59.214504825616615,2266,2266,0,5,full,fixed504,union,dgtw,size_tercile_1,893005
ld2_ridge_characteristics_full_dgtw_fixed504_union,ridge,characteristics,504,cap_spread_bp,41.86752066955695,6.595155971192122,6.348222976444497,2.1781622900282262e-10,28.94125249359611,54.793788845517795,2266,2266,0,5,full,fixed504,union,dgtw,size_tercile_1,893005
ld2_lasso_characteristics_full_dgtw_fixed504_retain,lasso,characteristics,504,rank_ic,0.08312573932545303,0.0019815952928588657,41.94889825637745,0.0,0.07924188391951555,0.08700959473139051,2266,2266,0,5,full,fixed504,retain,dgtw,size_tercile_1,893005
ld2_lasso_characteristics_full_dgtw_fixed504_retain,lasso,characteristics,504,ew_spread_bp,44.39545799834698,6.750596851875738,6.5765233760050625,4.8157531971432873e-11,31.164531294521062,57.62638470217289,2266,2266,0,5,full,fixed504,retain,dgtw,size_tercile_1,893005
ld2_lasso_characteristics_full_dgtw_fixed504_retain,lasso,characteristics,504,cap_spread_bp,37.96690499191595,6.993121738934579,5.429178328261209,5.6614093581574793e-08,24.260638244100065,51.67317173973184,2266,2266,0,5,full,fixed504,retain,dgtw,size_tercile_1,893005
ld2_lasso_characteristics_full_dgtw_fixed504_recent,lasso,characteristics,504,rank_ic,0.08290053299726474,0.001987640380236976,41.70801409628282,0.0,0.07900482943778277,0.08679623655674672,2266,2266,0,5,full,fixed504,recent,dgtw,size_tercile_1,893005
ld2_lasso_characteristics_full_dgtw_fixed504_recent,lasso,characteristics,504,ew_spread_bp,45.79924197477954,6.778879762514114,6.7561667383511415,1.416903521150089e-11,32.51288178472444,59.08560216483464,2266,2266,0,5,full,fixed504,recent,dgtw,size_tercile_1,893005
ld2_lasso_characteristics_full_dgtw_fixed504_recent,lasso,characteristics,504,cap_spread_bp,41.374967634710735,7.116279199645887,5.814129332751531,6.095027875076416e-09,27.427316699473273,55.3226185699482,2266,2266,0,5,full,fixed504,recent,dgtw,size_tercile_1,893005
ld2_lasso_characteristics_full_dgtw_fixed504_union,lasso,characteristics,504,rank_ic,0.08411831869653567,0.0020035856229909644,41.98389014738654,0.0,0.08019136303553114,0.08804527435754021,2266,2266,0,5,full,fixed504,union,dgtw,size_tercile_1,893005
ld2_lasso_characteristics_full_dgtw_fixed504_union,lasso,characteristics,504,ew_spread_bp,47.18349133881682,6.708938538708855,7.032929436837165,2.0224166134244166e-12,34.034213428454684,60.33276924917896,2266,2266,0,5,full,fixed504,union,dgtw,size_tercile_1,893005
ld2_lasso_characteristics_full_dgtw_fixed504_union,lasso,characteristics,504,cap_spread_bp,43.43146629028518,7.037574454547231,6.1713686399754595,6.77013658512905e-10,29.638073820853492,57.22485875971687,2266,2266,0,5,full,fixed504,union,dgtw,size_tercile_1,893005
ld2_enet_characteristics_full_dgtw_fixed504_retain,enet,characteristics,504,rank_ic,0.08312002018433018,0.0019809060912992613,41.96060608295287,0.0,0.07923751558862761,0.08700252478003274,2266,2266,0,5,full,fixed504,retain,dgtw,size_tercile_1,893005
ld2_enet_characteristics_full_dgtw_fixed504_retain,enet,characteristics,504,ew_spread_bp,43.77980788107111,6.743141264588009,6.492494545677586,8.44265765116343e-11,30.563493859812734,56.99612190232948,2266,2266,0,5,full,fixed504,retain,dgtw,size_tercile_1,893005
ld2_enet_characteristics_full_dgtw_fixed504_retain,enet,characteristics,504,cap_spread_bp,36.34691189091433,7.039854094716327,5.163020625412399,2.42996353396771e-07,22.5490514088535,50.144772372975154,2266,2266,0,5,full,fixed504,retain,dgtw,size_tercile_1,893005
ld2_enet_characteristics_full_dgtw_fixed504_recent,enet,characteristics,504,rank_ic,0.08306138634760486,0.001991854049030387,41.70053844459048,0.0,0.07915742414904503,0.0869653485461647,2266,2266,0,5,full,fixed504,recent,dgtw,size_tercile_1,893005
ld2_enet_characteristics_full_dgtw_fixed504_recent,enet,characteristics,504,ew_spread_bp,46.287509350438,6.727323359974537,6.880523928109976,5.9632827857591394e-12,33.102197852532925,59.472820848343076,2266,2266,0,5,full,fixed504,recent,dgtw,size_tercile_1,893005
ld2_enet_characteristics_full_dgtw_fixed504_recent,enet,characteristics,504,cap_spread_bp,41.243341612534266,7.17325064725125,5.749602745073251,8.945337921720984e-09,27.18402869184318,55.30265453322535,2266,2266,0,5,full,fixed504,recent,dgtw,size_tercile_1,893005
ld2_enet_characteristics_full_dgtw_fixed504_union,enet,characteristics,504,rank_ic,0.084086172387064,0.002002454161868986,41.99155915188709,0.0,0.08016143434910845,0.08801091042501956,2266,2266,0,5,full,fixed504,union,dgtw,size_tercile_1,893005
ld2_enet_characteristics_full_dgtw_fixed504_union,enet,characteristics,504,ew_spread_bp,46.34657926041041,6.683574682596929,6.934399847598061,4.0794929495031925e-12,33.2470135945367,59.44614492628411,2266,2266,0,5,full,fixed504,union,dgtw,size_tercile_1,893005
ld2_enet_characteristics_full_dgtw_fixed504_union,enet,characteristics,504,cap_spread_bp,41.60193262826954,7.044631254287528,5.905480517940471,3.5162033989314454e-09,27.794709085500756,55.40915617103832,2266,2266,0,5,full,fixed504,union,dgtw,size_tercile_1,893005
ld2_ols_characteristics_core_full_dgtw_fixed504_retain,ols,characteristics_core,504,rank_ic,0.0848013966199888,0.00198365296449776,42.75011715139377,0.0,0.08091350825174708,0.08868928498823052,2266,2266,0,5,full,fixed504,retain,dgtw,size_tercile_1,893005
ld2_ols_characteristics_core_full_dgtw_fixed504_retain,ols,characteristics_core,504,ew_spread_bp,63.6249382065249,6.642501135599867,9.578461020583491,9.85016900220805e-22,50.605875213482754,76.64400119956704,2266,2266,0,5,full,fixed504,retain,dgtw,size_tercile_1,893005
ld2_ols_characteristics_core_full_dgtw_fixed504_retain,ols,characteristics_core,504,cap_spread_bp,53.452082966926746,7.102710982478978,7.525588905247975,5.24832276417624e-14,39.53102524867084,67.37314068518265,2266,2266,0,5,full,fixed504,retain,dgtw,size_tercile_1,893005
ld2_ols_characteristics_core_full_dgtw_fixed504_recent,ols,characteristics_core,504,rank_ic,0.08612568619629084,0.0019623628781051624,43.88876652592049,0.0,0.08227952563060635,0.08997184676197532,2266,2266,0,5,full,fixed504,recent,dgtw,size_tercile_1,893005
ld2_ols_characteristics_core_full_dgtw_fixed504_recent,ols,characteristics_core,504,ew_spread_bp,67.31209633383217,6.744545356427252,9.98022739511815,1.8603993094826243e-23,54.0930303431379,80.53116232452645,2266,2266,0,5,full,fixed504,recent,dgtw,size_tercile_1,893005
ld2_ols_characteristics_core_full_dgtw_fixed504_recent,ols,characteristics_core,504,cap_spread_bp,57.55010050878916,7.155305462667,8.042997019352754,8.76674611379266e-16,43.52595950357913,71.57424151399918,2266,2266,0,5,full,fixed504,recent,dgtw,size_tercile_1,893005
ld2_ols_characteristics_core_full_dgtw_fixed504_union,ols,characteristics_core,504,rank_ic,0.08680536482645172,0.0019783395745577356,43.877889287968856,0.0,0.08292789051112827,0.09068283914177518,2266,2266,0,5,full,fixed504,union,dgtw,size_tercile_1,893005
ld2_ols_characteristics_core_full_dgtw_fixed504_union,ols,characteristics_core,504,ew_spread_bp,66.85348837608358,6.6688555681779595,10.024731783829747,1.1868139499004803e-23,53.78277164435538,79.92420510781177,2266,2266,0,5,full,fixed504,union,dgtw,size_tercile_1,893005
ld2_ols_characteristics_core_full_dgtw_fixed504_union,ols,characteristics_core,504,cap_spread_bp,57.38820729347816,7.152503186070781,8.02351369870613,1.0276252097715437e-15,43.36955864947144,71.40685593748488,2266,2266,0,5,full,fixed504,union,dgtw,size_tercile_1,893005
ld2_ridge_characteristics_core_full_dgtw_fixed504_retain,ridge,characteristics_core,504,rank_ic,0.08800766592054271,0.002039650118984615,43.14841310349588,0.0,0.08401002514627003,0.0920053066948154,2266,2266,0,5,full,fixed504,retain,dgtw,size_tercile_1,893005
ld2_ridge_characteristics_core_full_dgtw_fixed504_retain,ridge,characteristics_core,504,ew_spread_bp,58.640059115655085,6.551244275416037,8.950980401647616,3.523389313402533e-19,45.79985628191545,71.48026194939472,2266,2266,0,5,full,fixed504,retain,dgtw,size_tercile_1,893005
ld2_ridge_characteristics_core_full_dgtw_fixed504_retain,ridge,characteristics_core,504,cap_spread_bp,48.66535061896155,6.653501403540346,7.314246690181291,2.5882926382018273e-13,35.62472749693577,61.705973740987325,2266,2266,0,5,full,fixed504,retain,dgtw,size_tercile_1,893005
ld2_ridge_characteristics_core_full_dgtw_fixed504_recent,ridge,characteristics_core,504,rank_ic,0.08813455383404611,0.0020471585770606543,43.05213813020349,0.0,0.08412219675236497,0.09214691091572726,2266,2266,0,5,full,fixed504,recent,dgtw,size_tercile_1,893005
ld2_ridge_characteristics_core_full_dgtw_fixed504_recent,ridge,characteristics_core,504,ew_spread_bp,58.40822531923097,6.48107475007471,9.012120299732336,2.0211046092045097e-19,45.70555222797261,71.11089841048934,2266,2266,0,5,full,fixed504,recent,dgtw,size_tercile_1,893005
ld2_ridge_characteristics_core_full_dgtw_fixed504_recent,ridge,characteristics_core,504,cap_spread_bp,48.35453355625894,6.412109543669821,7.5411271792752865,4.659264375514628e-14,35.78702978574053,60.92203732677736,2266,2266,0,5,full,fixed504,recent,dgtw,size_tercile_1,893005
ld2_ridge_characteristics_core_full_dgtw_fixed504_union,ridge,characteristics_core,504,rank_ic,0.08900163126186594,0.0020514418760412064,43.3849149231651,0.0,0.0849808790684479,0.09302238345528399,2266,2266,0,5,full,fixed504,union,dgtw,size_tercile_1,893005
ld2_ridge_characteristics_core_full_dgtw_fixed504_union,ridge,characteristics_core,504,ew_spread_bp,60.80444696495417,6.453743264874134,9.421578217388234,4.4435798064278436e-21,48.15534260033292,73.45355132957542,2266,2266,0,5,full,fixed504,union,dgtw,size_tercile_1,893005
ld2_ridge_characteristics_core_full_dgtw_fixed504_union,ridge,characteristics_core,504,cap_spread_bp,50.88132300716408,6.511222380340846,7.8144041218417994,5.522365087941068e-15,38.11956164636486,63.6430843679633,2266,2266,0,5,full,fixed504,union,dgtw,size_tercile_1,893005
ld2_lasso_characteristics_core_full_dgtw_fixed504_retain,lasso,characteristics_core,504,rank_ic,0.08686838302369182,0.001999547157868525,43.444028155000694,0.0,0.08294934260888008,0.09078742343850356,2266,2266,0,5,full,fixed504,retain,dgtw,size_tercile_1,893005
ld2_lasso_characteristics_core_full_dgtw_fixed504_retain,lasso,characteristics_core,504,ew_spread_bp,57.45471151395295,6.690791497281158,8.587132260405962,8.916696766265955e-18,44.34100115121505,70.56842187669085,2266,2266,0,5,full,fixed504,retain,dgtw,size_tercile_1,893005
ld2_lasso_characteristics_core_full_dgtw_fixed504_retain,lasso,characteristics_core,504,cap_spread_bp,45.940893151874555,6.883186148228844,6.674364482165849,2.4830580409876474e-11,32.45009620246104,59.43169010128807,2266,2266,0,5,full,fixed504,retain,dgtw,size_tercile_1,893005
ld2_lasso_characteristics_core_full_dgtw_fixed504_recent,lasso,characteristics_core,504,rank_ic,0.0870879671986124,0.002021738472469008,43.07578274071125,0.0,0.08312543260641413,0.09105050179081069,2266,2266,0,5,full,fixed504,recent,dgtw,size_tercile_1,893005
ld2_lasso_characteristics_core_full_dgtw_fixed504_recent,lasso,characteristics_core,504,ew_spread_bp,59.461976610327916,6.548642101648915,9.080046777232747,1.085281996943368e-19,46.626873943453354,72.29707927720247,2266,2266,0,5,full,fixed504,recent,dgtw,size_tercile_1,893005
ld2_lasso_characteristics_core_full_dgtw_fixed504_recent,lasso,characteristics_core,504,cap_spread_bp,50.23691210099964,6.8889830695203464,7.292355285828485,3.045826597149197e-13,36.73475339463357,63.73907080736571,2266,2266,0,5,full,fixed504,recent,dgtw,size_tercile_1,893005
ld2_lasso_characteristics_core_full_dgtw_fixed504_union,lasso,characteristics_core,504,rank_ic,0.08815712466327413,0.002020776905787293,43.62536231030817,0.0,0.08419647470714076,0.09211777461940751,2266,2266,0,5,full,fixed504,union,dgtw,size_tercile_1,893005
ld2_lasso_characteristics_core_full_dgtw_fixed504_union,lasso,characteristics_core,504,ew_spread_bp,58.785175917424496,6.686239498116426,8.791963843650054,1.4696807152429986e-18,45.68038730910713,71.88996452574186,2266,2266,0,5,full,fixed504,union,dgtw,size_tercile_1,893005
ld2_lasso_characteristics_core_full_dgtw_fixed504_union,lasso,characteristics_core,504,cap_spread_bp,50.24570563004299,6.946744940432123,7.232985529322954,4.724897632039122e-13,36.630335737010185,63.8610755230758,2266,2266,0,5,full,fixed504,union,dgtw,size_tercile_1,893005
ld2_enet_characteristics_core_full_dgtw_fixed504_retain,enet,characteristics_core,504,rank_ic,0.08694384898109933,0.0019998279480467666,43.475664527049666,0.0,0.08302425822765103,0.09086343973454764,2266,2266,0,5,full,fixed504,retain,dgtw,size_tercile_1,893005
ld2_enet_characteristics_core_full_dgtw_fixed504_retain,enet,characteristics_core,504,ew_spread_bp,56.962886225997856,6.707864963974285,8.491954821977872,2.0319000458390784e-17,43.81571248345019,70.11005996854553,2266,2266,0,5,full,fixed504,retain,dgtw,size_tercile_1,893005
ld2_enet_characteristics_core_full_dgtw_fixed504_retain,enet,characteristics_core,504,cap_spread_bp,45.81903755730845,6.855866302633754,6.683187147291156,2.3380068248643088e-11,32.38178652132451,59.25628859329239,2266,2266,0,5,full,fixed504,retain,dgtw,size_tercile_1,893005
ld2_enet_characteristics_core_full_dgtw_fixed504_recent,enet,characteristics_core,504,rank_ic,0.08722614368532183,0.0020220244637377967,43.138025899093556,0.0,0.08326304856053683,0.09118923881010683,2266,2266,0,5,full,fixed504,recent,dgtw,size_tercile_1,893005
ld2_enet_characteristics_core_full_dgtw_fixed504_recent,enet,characteristics_core,504,ew_spread_bp,59.43485814795957,6.466482221842206,9.191219601161672,3.8841224497888516e-20,46.76078588648029,72.10893040943884,2266,2266,0,5,full,fixed504,recent,dgtw,size_tercile_1,893005
ld2_enet_characteristics_core_full_dgtw_fixed504_recent,enet,characteristics_core,504,cap_spread_bp,50.76010791382059,6.74297946399397,7.52784554437225,5.1584358600089587e-14,37.54411101589921,63.97610481174197,2266,2266,0,5,full,fixed504,recent,dgtw,size_tercile_1,893005
ld2_enet_characteristics_core_full_dgtw_fixed504_union,enet,characteristics_core,504,rank_ic,0.08815886614970012,0.00202361416521385,43.56505684984852,0.0,0.08419265526727589,0.09212507703212434,2266,2266,0,5,full,fixed504,union,dgtw,size_tercile_1,893005
ld2_enet_characteristics_core_full_dgtw_fixed504_union,enet,characteristics_core,504,ew_spread_bp,58.80189858347532,6.724035626515528,8.74503078948544,2.22954840681196e-18,45.62303092474067,71.98076624220997,2266,2266,0,5,full,fixed504,union,dgtw,size_tercile_1,893005
ld2_enet_characteristics_core_full_dgtw_fixed504_union,enet,characteristics_core,504,cap_spread_bp,51.03928373752485,6.911492869656756,7.384697445265482,1.5280044830065376e-13,37.493006633592216,64.58556084145748,2266,2266,0,5,full,fixed504,union,dgtw,size_tercile_1,893005
ld2_group_ridge_characteristics_core_full_dgtw_fixed504_retain,group_ridge,characteristics_core,504,rank_ic,0.08782921872215568,0.002044367790198077,42.96155473748976,0.0,0.08382233148221371,0.09183610596209765,2266,2266,0,5,full,fixed504,retain,dgtw,size_tercile_1,893005
ld2_group_ridge_characteristics_core_full_dgtw_fixed504_retain,group_ridge,characteristics_core,504,ew_spread_bp,58.27424264899139,6.64475586793567,8.769959921356069,1.7872989311575928e-18,45.25076046177629,71.2977248362065,2266,2266,0,5,full,fixed504,retain,dgtw,size_tercile_1,893005
ld2_group_ridge_characteristics_core_full_dgtw_fixed504_retain,group_ridge,characteristics_core,504,cap_spread_bp,48.551834618561756,6.749460523366007,7.193439305331115,6.317924523701827e-13,35.323135077689514,61.780534159434,2266,2266,0,5,full,fixed504,retain,dgtw,size_tercile_1,893005
ld2_group_ridge_characteristics_core_full_dgtw_fixed504_recent,group_ridge,characteristics_core,504,rank_ic,0.08790789864949264,0.0020518085052012203,42.84410481126821,0.0,0.08388642787612528,0.09192936942286,2266,2266,0,5,full,fixed504,recent,dgtw,size_tercile_1,893005
ld2_group_ridge_characteristics_core_full_dgtw_fixed504_recent,group_ridge,characteristics_core,504,ew_spread_bp,57.701155127640426,6.583715051977795,8.764224252127464,1.8806714352696382e-18,44.7973107412897,70.60499951399116,2266,2266,0,5,full,fixed504,recent,dgtw,size_tercile_1,893005
ld2_group_ridge_characteristics_core_full_dgtw_fixed504_recent,group_ridge,characteristics_core,504,cap_spread_bp,47.37826357490085,6.574055127567425,7.206855229465054,5.725882187814014e-13,34.49335229248783,60.26317485731387,2266,2266,0,5,full,fixed504,recent,dgtw,size_tercile_1,893005
ld2_group_ridge_characteristics_core_full_dgtw_fixed504_union,group_ridge,characteristics_core,504,rank_ic,0.08884473773602893,0.0020546290058992976,43.2412554679876,0.0,0.08481773888287497,0.09287173658918288,2266,2266,0,5,full,fixed504,union,dgtw,size_tercile_1,893005
ld2_group_ridge_characteristics_core_full_dgtw_fixed504_union,group_ridge,characteristics_core,504,ew_spread_bp,60.304550416346956,6.528122498793348,9.237656068416852,2.5195589342092505e-20,47.509665432046376,73.09943540064754,2266,2266,0,5,full,fixed504,union,dgtw,size_tercile_1,893005
ld2_group_ridge_characteristics_core_full_dgtw_fixed504_union,group_ridge,characteristics_core,504,cap_spread_bp,50.18510868903017,6.5931415683737065,7.611714107544797,2.70484355326169e-14,37.26278867004378,63.10742870801656,2266,2266,0,5,full,fixed504,union,dgtw,size_tercile_1,893005
ld2_ols_characteristics_textcore_full_dgtw_fixed504_retain,ols,characteristics_textcore,504,rank_ic,0.07570546536271475,0.0019952569293531985,37.9427151706503,0.0,0.0717948336412785,0.07961609708415099,2266,2266,0,5,full,fixed504,retain,dgtw,size_tercile_1,893005
ld2_ols_characteristics_textcore_full_dgtw_fixed504_retain,ols,characteristics_textcore,504,ew_spread_bp,65.60085163116626,6.353315366259606,10.325451807343152,5.406367403186142e-25,53.148582330872536,78.05312093146,2266,2266,0,5,full,fixed504,retain,dgtw,size_tercile_1,893005
ld2_ols_characteristics_textcore_full_dgtw_fixed504_retain,ols,characteristics_textcore,504,cap_spread_bp,51.54229032096014,6.611831836971025,7.7954629808873666,6.417274947490754e-15,38.58333804866162,64.50124259325865,2266,2266,0,5,full,fixed504,retain,dgtw,size_tercile_1,893005
ld2_ols_characteristics_textcore_full_dgtw_fixed504_recent,ols,characteristics_textcore,504,rank_ic,0.07974360420169531,0.0019298591551184232,41.32094510119934,0.0,0.0759611497624283,0.08352605864096231,2266,2266,0,5,full,fixed504,recent,dgtw,size_tercile_1,893005
ld2_ols_characteristics_textcore_full_dgtw_fixed504_recent,ols,characteristics_textcore,504,ew_spread_bp,69.52809373676104,6.5267065260708135,10.652860437194825,1.690880152131153e-26,56.73598400799971,82.32020346552235,2266,2266,0,5,full,fixed504,recent,dgtw,size_tercile_1,893005
ld2_ols_characteristics_textcore_full_dgtw_fixed504_recent,ols,characteristics_textcore,504,cap_spread_bp,55.869994963560984,6.633727826250415,8.422111432199111,3.6975912037601805e-17,42.86812734086899,68.87186258625297,2266,2266,0,5,full,fixed504,recent,dgtw,size_tercile_1,893005
ld2_ols_characteristics_textcore_full_dgtw_fixed504_union,ols,characteristics_textcore,504,rank_ic,0.0801039568331952,0.0019531180119232374,41.01337264014925,0.0,0.07627591587226917,0.08393199779412122,2266,2266,0,5,full,fixed504,union,dgtw,size_tercile_1,893005
ld2_ols_characteristics_textcore_full_dgtw_fixed504_union,ols,characteristics_textcore,504,ew_spread_bp,66.36366716398761,6.536963990913952,10.152062525696905,3.2443316341974666e-24,53.55145317356105,79.17588115441417,2266,2266,0,5,full,fixed504,union,dgtw,size_tercile_1,893005
ld2_ols_characteristics_textcore_full_dgtw_fixed504_union,ols,characteristics_textcore,504,cap_spread_bp,52.97148510227523,6.757340980131058,7.839101986717837,4.537798868387442e-15,39.72734014996177,66.2156300545887,2266,2266,0,5,full,fixed504,union,dgtw,size_tercile_1,893005
ld2_ridge_characteristics_textcore_full_dgtw_fixed504_retain,ridge,characteristics_textcore,504,rank_ic,0.08188094812161902,0.0019415762592741807,42.17240900557188,0.0,0.07807552858020361,0.08568636766303442,2266,2266,0,5,full,fixed504,retain,dgtw,size_tercile_1,893005
ld2_ridge_characteristics_textcore_full_dgtw_fixed504_retain,ridge,characteristics_textcore,504,ew_spread_bp,55.14903980925313,6.068986258258692,9.087026640438701,1.017844539090989e-19,43.254045320397594,67.04403429810867,2266,2266,0,5,full,fixed504,retain,dgtw,size_tercile_1,893005
ld2_ridge_characteristics_textcore_full_dgtw_fixed504_retain,ridge,characteristics_textcore,504,cap_spread_bp,42.28646605374407,6.430942881272142,6.575469077308791,4.850002261397745e-11,29.682049619816425,54.89088248767172,2266,2266,0,5,full,fixed504,retain,dgtw,size_tercile_1,893005
ld2_ridge_characteristics_textcore_full_dgtw_fixed504_recent,ridge,characteristics_textcore,504,rank_ic,0.0837949453301348,0.001937352983204117,43.252286009103734,0.0,0.0799978032577135,0.08759208740255611,2266,2266,0,5,full,fixed504,recent,dgtw,size_tercile_1,893005
ld2_ridge_characteristics_textcore_full_dgtw_fixed504_recent,ridge,characteristics_textcore,504,ew_spread_bp,57.94568495083403,6.294865982838438,9.20522932637647,3.409424240669952e-20,45.60797433696436,70.2833955647037,2266,2266,0,5,full,fixed504,recent,dgtw,size_tercile_1,893005
ld2_ridge_characteristics_textcore_full_dgtw_fixed504_recent,ridge,characteristics_textcore,504,cap_spread_bp,48.59843110067921,6.469342745963301,7.512112591499862,5.818071503433032e-14,35.91875231494568,61.278109886412736,2266,2266,0,5,full,fixed504,recent,dgtw,size_tercile_1,893005
ld2_ridge_characteristics_textcore_full_dgtw_fixed504_union,ridge,characteristics_textcore,504,rank_ic,0.08434274686013132,0.0019562876082963344,43.113674340340275,0.0,0.0805084936044685,0.08817700011579414,2266,2266,0,5,full,fixed504,union,dgtw,size_tercile_1,893005
ld2_ridge_characteristics_textcore_full_dgtw_fixed504_union,ridge,characteristics_textcore,504,ew_spread_bp,57.63389868240919,6.322596947456627,9.11554210419714,7.827813811831845e-20,45.24183637663131,70.02596098818707,2266,2266,0,5,full,fixed504,union,dgtw,size_tercile_1,893005
ld2_ridge_characteristics_textcore_full_dgtw_fixed504_union,ridge,characteristics_textcore,504,cap_spread_bp,45.78725096113555,6.570593400876726,6.968510782454759,3.203134357949852e-12,32.909124538360615,58.66537738391048,2266,2266,0,5,full,fixed504,union,dgtw,size_tercile_1,893005
ld2_lasso_characteristics_textcore_full_dgtw_fixed504_retain,lasso,characteristics_textcore,504,rank_ic,0.08567317942871548,0.001976800652207389,43.339311595758915,0.0,0.0817987213457737,0.08954763751165726,2266,2266,0,5,full,fixed504,retain,dgtw,size_tercile_1,893005
ld2_lasso_characteristics_textcore_full_dgtw_fixed504_retain,lasso,characteristics_textcore,504,ew_spread_bp,56.688155809706174,6.548153694495708,8.657120534198441,4.8383099852591006e-18,43.85401040326169,69.52230121615065,2266,2266,0,5,full,fixed504,retain,dgtw,size_tercile_1,893005
ld2_lasso_characteristics_textcore_full_dgtw_fixed504_retain,lasso,characteristics_textcore,504,cap_spread_bp,43.430250310464274,6.591674360716947,6.588652280714388,4.4383688006245494e-11,30.510805965642973,56.349694655285575,2266,2266,0,5,full,fixed504,retain,dgtw,size_tercile_1,893005
ld2_lasso_characteristics_textcore_full_dgtw_fixed504_recent,lasso,characteristics_textcore,504,rank_ic,0.08647873238623176,0.001985495550954038,43.55523856232184,0.0,0.08258723261489734,0.09037023215756618,2266,2266,0,5,full,fixed504,recent,dgtw,size_tercile_1,893005
ld2_lasso_characteristics_textcore_full_dgtw_fixed504_recent,lasso,characteristics_textcore,504,ew_spread_bp,58.509257810728165,6.506505973244205,8.992423591298865,2.4183762829004755e-19,45.75674043797479,71.26177518348155,2266,2266,0,5,full,fixed504,recent,dgtw,size_tercile_1,893005
ld2_lasso_characteristics_textcore_full_dgtw_fixed504_recent,lasso,characteristics_textcore,504,cap_spread_bp,50.70512098939658,6.6574975520280155,7.6162432795714246,2.6116524723309326e-14,37.6566655602581,63.75357641853507,2266,2266,0,5,full,fixed504,recent,dgtw,size_tercile_1,893005
ld2_lasso_characteristics_textcore_full_dgtw_fixed504_union,lasso,characteristics_textcore,504,rank_ic,0.08700314082050277,0.0019956240037081424,43.59696047894745,0.0,0.08309178964655119,0.09091449199445435,2266,2266,0,5,full,fixed504,union,dgtw,size_tercile_1,893005
ld2_lasso_characteristics_textcore_full_dgtw_fixed504_union,lasso,characteristics_textcore,504,ew_spread_bp,57.86545279305034,6.61080915166811,8.753157361750356,2.074650870569168e-18,44.90850494711306,70.82240063898762,2266,2266,0,5,full,fixed504,union,dgtw,size_tercile_1,893005
ld2_lasso_characteristics_textcore_full_dgtw_fixed504_union,lasso,characteristics_textcore,504,cap_spread_bp,46.07165492869689,6.747955089778553,6.827498748248014,8.640788092487922e-12,32.84590598343718,59.2974038739566,2266,2266,0,5,full,fixed504,union,dgtw,size_tercile_1,893005
ld2_enet_characteristics_textcore_full_dgtw_fixed504_retain,enet,characteristics_textcore,504,rank_ic,0.08578048990059044,0.001976625441118516,43.3974429935748,0.0,0.08190637522507255,0.08965460457610833,2266,2266,0,5,full,fixed504,retain,dgtw,size_tercile_1,893005
ld2_enet_characteristics_textcore_full_dgtw_fixed504_retain,enet,characteristics_textcore,504,ew_spread_bp,56.26908066550044,6.5559372968322025,8.582919286413766,9.249525862070625e-18,43.419679678806446,69.11848165219443,2266,2266,0,5,full,fixed504,retain,dgtw,size_tercile_1,893005
ld2_enet_characteristics_textcore_full_dgtw_fixed504_retain,enet,characteristics_textcore,504,cap_spread_bp,42.802627339042026,6.603645394920211,6.481666531029592,9.071496566059269e-11,29.85972019832463,55.74553447975942,2266,2266,0,5,full,fixed504,retain,dgtw,size_tercile_1,893005
ld2_enet_characteristics_textcore_full_dgtw_fixed504_recent,enet,characteristics_textcore,504,rank_ic,0.08657246295810928,0.001988582874502661,43.534752344561355,0.0,0.08267491214381092,0.09047001377240763,2266,2266,0,5,full,fixed504,recent,dgtw,size_tercile_1,893005
ld2_enet_characteristics_textcore_full_dgtw_fixed504_recent,enet,characteristics_textcore,504,ew_spread_bp,57.82407868321993,6.4731718713003135,8.9328817205659,4.15053341105603e-19,45.13689494973357,70.51126241670629,2266,2266,0,5,full,fixed504,recent,dgtw,size_tercile_1,893005
ld2_enet_characteristics_textcore_full_dgtw_fixed504_recent,enet,characteristics_textcore,504,cap_spread_bp,49.44799268687892,6.544578447744441,7.555565737610028,4.170431189612486e-14,36.62085463530276,62.275130738455076,2266,2266,0,5,full,fixed504,recent,dgtw,size_tercile_1,893005
ld2_enet_characteristics_textcore_full_dgtw_fixed504_union,enet,characteristics_textcore,504,rank_ic,0.08702916107965761,0.0019966342920673752,43.58793266519779,0.0,0.08311582977690793,0.09094249238240729,2266,2266,0,5,full,fixed504,union,dgtw,size_tercile_1,893005
ld2_enet_characteristics_textcore_full_dgtw_fixed504_union,enet,characteristics_textcore,504,ew_spread_bp,57.53177396124827,6.632165144985119,8.674659436782973,4.147899277068607e-18,44.53296913755557,70.53057878494097,2266,2266,0,5,full,fixed504,union,dgtw,size_tercile_1,893005
ld2_enet_characteristics_textcore_full_dgtw_fixed504_union,enet,characteristics_textcore,504,cap_spread_bp,45.47050354163472,6.79443777426469,6.692312896567169,2.1967052798912003e-11,32.153650208877444,58.787356874391996,2266,2266,0,5,full,fixed504,union,dgtw,size_tercile_1,893005
ld2_group_ridge_characteristics_textcore_full_dgtw_fixed504_retain,group_ridge,characteristics_textcore,504,rank_ic,0.08790504739191558,0.002030452937941829,43.29331931279364,0.0,0.08392543276124606,0.0918846620225851,2266,2266,0,5,full,fixed504,retain,dgtw,size_tercile_1,893005
ld2_group_ridge_characteristics_textcore_full_dgtw_fixed504_retain,group_ridge,characteristics_textcore,504,ew_spread_bp,58.288398829751024,6.69058480247882,8.712003591697327,2.985502206106437e-18,45.1750935813815,71.40170407812055,2266,2266,0,5,full,fixed504,retain,dgtw,size_tercile_1,893005
ld2_group_ridge_characteristics_textcore_full_dgtw_fixed504_retain,group_ridge,characteristics_textcore,504,cap_spread_bp,49.17763970798245,6.777461009928991,7.256056454760438,3.9853879823188786e-13,35.89406022189716,62.46121919406774,2266,2266,0,5,full,fixed504,retain,dgtw,size_tercile_1,893005
ld2_group_ridge_characteristics_textcore_full_dgtw_fixed504_recent,group_ridge,characteristics_textcore,504,rank_ic,0.08807713754354225,0.0020396285578819073,43.18293014832451,0.0,0.08407953902825435,0.09207473605883015,2266,2266,0,5,full,fixed504,recent,dgtw,size_tercile_1,893005
ld2_group_ridge_characteristics_textcore_full_dgtw_fixed504_recent,group_ridge,characteristics_textcore,504,ew_spread_bp,59.40714197855725,6.667214325772967,8.910339322513057,5.087661227444632e-19,46.339642022832734,72.47464193428176,2266,2266,0,5,full,fixed504,recent,dgtw,size_tercile_1,893005
ld2_group_ridge_characteristics_textcore_full_dgtw_fixed504_recent,group_ridge,characteristics_textcore,504,cap_spread_bp,47.772798137761875,6.755459218908092,7.071732148726309,1.530115557706187e-12,34.53234136967293,61.01325490585082,2266,2266,0,5,full,fixed504,recent,dgtw,size_tercile_1,893005
ld2_group_ridge_characteristics_textcore_full_dgtw_fixed504_union,group_ridge,characteristics_textcore,504,rank_ic,0.08893384115790935,0.002043833606437414,43.51324925756997,0.0,0.0849280008988994,0.0929396814169193,2266,2266,0,5,full,fixed504,union,dgtw,size_tercile_1,893005
ld2_group_ridge_characteristics_textcore_full_dgtw_fixed504_union,group_ridge,characteristics_textcore,504,ew_spread_bp,59.875015275911295,6.558422540615218,9.129484247944578,6.882639665169607e-20,47.020743300909785,72.7292872509128,2266,2266,0,5,full,fixed504,union,dgtw,size_tercile_1,893005
ld2_group_ridge_characteristics_textcore_full_dgtw_fixed504_union,group_ridge,characteristics_textcore,504,cap_spread_bp,49.442805559267846,6.678513416254214,7.403265139654222,1.32876067535212e-13,36.35315979314203,62.532451325393666,2266,2266,0,5,full,fixed504,union,dgtw,size_tercile_1,893005
ld2_ols_characteristics_textcore_pca_dgtw_fixed504_retain,ols,characteristics_textcore,504,rank_ic,0.08460276070111318,0.0019417537117973047,43.570284010325956,0.0,0.08079699335914349,0.08840852804308287,2266,2266,0,5,pca,fixed504,retain,dgtw,size_tercile_1,893005
ld2_ols_characteristics_textcore_pca_dgtw_fixed504_retain,ols,characteristics_textcore,504,ew_spread_bp,66.2275682334888,6.669847965643269,9.929396977956682,3.1012533047509895e-23,53.15490643847024,79.30023002850736,2266,2266,0,5,pca,fixed504,retain,dgtw,size_tercile_1,893005
ld2_ols_characteristics_textcore_pca_dgtw_fixed504_retain,ols,characteristics_textcore,504,cap_spread_bp,50.73368243607274,6.794779424819735,7.466567972869656,8.231346200553799e-14,37.41615948053227,64.05120539161321,2266,2266,0,5,pca,fixed504,retain,dgtw,size_tercile_1,893005
ld2_ols_characteristics_textcore_pca_dgtw_fixed504_recent,ols,characteristics_textcore,504,rank_ic,0.08592091802464615,0.0019236942178931023,44.66454035441753,0.0,0.08215054664030771,0.08969128940898458,2266,2266,0,5,pca,fixed504,recent,dgtw,size_tercile_1,893005
ld2_ols_characteristics_textcore_pca_dgtw_fixed504_recent,ols,characteristics_textcore,504,ew_spread_bp,68.78972132458199,6.765306610603918,10.168012373121599,2.7547246498000953e-24,55.52996402342757,82.04947862573641,2266,2266,0,5,pca,fixed504,recent,dgtw,size_tercile_1,893005
ld2_ols_characteristics_textcore_pca_dgtw_fixed504_recent,ols,characteristics_textcore,504,cap_spread_bp,53.46586463153559,6.861864758373441,7.791739784187952,6.6092740926208115e-15,40.016856838339,66.91487242473218,2266,2266,0,5,pca,fixed504,recent,dgtw,size_tercile_1,893005
ld2_ols_characteristics_textcore_pca_dgtw_fixed504_union,ols,characteristics_textcore,504,rank_ic,0.08671552746343432,0.0019424605518370988,44.64210476831685,0.0,0.08290837474044381,0.09052268018642483,2266,2266,0,5,pca,fixed504,union,dgtw,size_tercile_1,893005
ld2_ols_characteristics_textcore_pca_dgtw_fixed504_union,ols,characteristics_textcore,504,ew_spread_bp,68.78118557071988,6.812374226958804,10.096507220423993,5.7244830597932685e-24,55.429177436671736,82.13319370476803,2266,2266,0,5,pca,fixed504,union,dgtw,size_tercile_1,893005
ld2_ols_characteristics_textcore_pca_dgtw_fixed504_union,ols,characteristics_textcore,504,cap_spread_bp,55.42538237353593,7.060631473753066,7.849918605661863,4.1630736580695976e-15,41.58679897686996,69.2639657702019,2266,2266,0,5,pca,fixed504,union,dgtw,size_tercile_1,893005
ld2_ridge_characteristics_textcore_pca_dgtw_fixed504_retain,ridge,characteristics_textcore,504,rank_ic,0.08742291827053841,0.001992733339951395,43.870856435146884,0.0,0.08351723269344147,0.09132860384763536,2266,2266,0,5,pca,fixed504,retain,dgtw,size_tercile_1,893005
ld2_ridge_characteristics_textcore_pca_dgtw_fixed504_retain,ridge,characteristics_textcore,504,ew_spread_bp,54.03807783307027,6.433316690211635,8.399722947774329,4.4753326389204835e-17,41.42900881911504,66.6471468470255,2266,2266,0,5,pca,fixed504,retain,dgtw,size_tercile_1,893005
ld2_ridge_characteristics_textcore_pca_dgtw_fixed504_retain,ridge,characteristics_textcore,504,cap_spread_bp,40.717883784308775,6.517219405665137,6.247738682683367,4.164376237361875e-10,27.94436846985957,53.49139909875798,2266,2266,0,5,pca,fixed504,retain,dgtw,size_tercile_1,893005
ld2_ridge_characteristics_textcore_pca_dgtw_fixed504_recent,ridge,characteristics_textcore,504,rank_ic,0.08808073163029806,0.0020052322250256314,43.92545189082635,0.0,0.0841505486886087,0.09201091457198741,2266,2266,0,5,pca,fixed504,recent,dgtw,size_tercile_1,893005
ld2_ridge_characteristics_textcore_pca_dgtw_fixed504_recent,ridge,characteristics_textcore,504,ew_spread_bp,57.6009663337292,6.468421607928132,8.904949278990966,5.3410462644619e-19,44.92309294536939,70.278839722089,2266,2266,0,5,pca,fixed504,recent,dgtw,size_tercile_1,893005
ld2_ridge_characteristics_textcore_pca_dgtw_fixed504_recent,ridge,characteristics_textcore,504,cap_spread_bp,44.82559783081551,6.4588883295201995,6.940141328336821,3.917078722133172e-12,32.166409324789846,57.484786336841175,2266,2266,0,5,pca,fixed504,recent,dgtw,size_tercile_1,893005
ld2_ridge_characteristics_textcore_pca_dgtw_fixed504_union,ridge,characteristics_textcore,504,rank_ic,0.0888199568881375,0.002010291244958201,44.18263130324895,0.0,0.08487985844958323,0.09276005532669176,2266,2266,0,5,pca,fixed504,union,dgtw,size_tercile_1,893005
ld2_ridge_characteristics_textcore_pca_dgtw_fixed504_union,ridge,characteristics_textcore,504,ew_spread_bp,57.046375867537265,6.454307148220718,8.83849723254392,9.701464189262294e-19,44.39616631186523,69.6965854232093,2266,2266,0,5,pca,fixed504,union,dgtw,size_tercile_1,893005
ld2_ridge_characteristics_textcore_pca_dgtw_fixed504_union,ridge,characteristics_textcore,504,cap_spread_bp,42.84790068514765,6.512104605797833,6.57973163499239,4.7129814503564776e-11,30.084410194226493,55.61139117606881,2266,2266,0,5,pca,fixed504,union,dgtw,size_tercile_1,893005
ld2_lasso_characteristics_textcore_pca_dgtw_fixed504_retain,lasso,characteristics_textcore,504,rank_ic,0.08697124365787064,0.0019628115439814147,44.30952320641851,0.0,0.08312420372322761,0.09081828359251366,2266,2266,0,5,pca,fixed504,retain,dgtw,size_tercile_1,893005
ld2_lasso_characteristics_textcore_pca_dgtw_fixed504_retain,lasso,characteristics_textcore,504,ew_spread_bp,57.50445332289457,6.701689947063529,8.580589937332332,9.438779762135016e-18,44.36938239109591,70.63952425469323,2266,2266,0,5,pca,fixed504,retain,dgtw,size_tercile_1,893005
ld2_lasso_characteristics_textcore_pca_dgtw_fixed504_retain,lasso,characteristics_textcore,504,cap_spread_bp,43.47046284003672,6.793188449118627,6.399125118585034,1.5626975256555368e-10,30.156058139570703,56.78486754050273,2266,2266,0,5,pca,fixed504,retain,dgtw,size_tercile_1,893005
ld2_lasso_characteristics_textcore_pca_dgtw_fixed504_recent,lasso,characteristics_textcore,504,rank_ic,0.08748519620994975,0.001981034940056507,44.16135952021842,0.0,0.08360243907532354,0.09136795334457597,2266,2266,0,5,pca,fixed504,recent,dgtw,size_tercile_1,893005
ld2_lasso_characteristics_textcore_pca_dgtw_fixed504_recent,lasso,characteristics_textcore,504,ew_spread_bp,60.46733933602618,6.558798385310239,9.219270937105653,2.991270880198736e-20,47.612330718958646,73.32234795309371,2266,2266,0,5,pca,fixed504,recent,dgtw,size_tercile_1,893005
ld2_lasso_characteristics_textcore_pca_dgtw_fixed504_recent,lasso,characteristics_textcore,504,cap_spread_bp,49.14259141437053,6.84839148992847,7.175785947202591,7.189296346688902e-13,35.71999074208013,62.56519208666093,2266,2266,0,5,pca,fixed504,recent,dgtw,size_tercile_1,893005
ld2_lasso_characteristics_textcore_pca_dgtw_fixed504_union,lasso,characteristics_textcore,504,rank_ic,0.08841678863655683,0.001991065698375477,44.4067660392606,0.0,0.0845143715768878,0.09231920569622586,2266,2266,0,5,pca,fixed504,union,dgtw,size_tercile_1,893005
ld2_lasso_characteristics_textcore_pca_dgtw_fixed504_union,lasso,characteristics_textcore,504,ew_spread_bp,59.10198510443611,6.734366864565614,8.776175443517118,1.6912791658628493e-18,45.90286859120758,72.30110161766464,2266,2266,0,5,pca,fixed504,union,dgtw,size_tercile_1,893005
ld2_lasso_characteristics_textcore_pca_dgtw_fixed504_union,lasso,characteristics_textcore,504,cap_spread_bp,47.48761106516191,6.976620833823948,6.806677931375199,9.987818235591173e-12,33.81368549707517,61.161536633248645,2266,2266,0,5,pca,fixed504,union,dgtw,size_tercile_1,893005
ld2_enet_characteristics_textcore_pca_dgtw_fixed504_retain,enet,characteristics_textcore,504,rank_ic,0.08700002499377596,0.0019632281139682563,44.31478154513769,0.0,0.08315216859696169,0.09084788139059023,2266,2266,0,5,pca,fixed504,retain,dgtw,size_tercile_1,893005
ld2_enet_characteristics_textcore_pca_dgtw_fixed504_retain,enet,characteristics_textcore,504,ew_spread_bp,58.08638680369792,6.621425299123234,8.772489936779825,1.747581403445573e-18,45.108631691094025,71.0641419163018,2266,2266,0,5,pca,fixed504,retain,dgtw,size_tercile_1,893005
ld2_enet_characteristics_textcore_pca_dgtw_fixed504_retain,enet,characteristics_textcore,504,cap_spread_bp,43.05606980164266,6.769836567985003,6.359986591885779,2.0177136126968786e-10,29.787433947169806,56.32470565611551,2266,2266,0,5,pca,fixed504,retain,dgtw,size_tercile_1,893005
ld2_enet_characteristics_textcore_pca_dgtw_fixed504_recent,enet,characteristics_textcore,504,rank_ic,0.08755080423925304,0.001981741996168872,44.17870964459921,0.0,0.08366666130011154,0.09143494717839455,2266,2266,0,5,pca,fixed504,recent,dgtw,size_tercile_1,893005
ld2_enet_characteristics_textcore_pca_dgtw_fixed504_recent,enet,characteristics_textcore,504,ew_spread_bp,60.43468541298544,6.497582507313993,9.301103194142934,1.3899590819755672e-20,47.69965771207255,73.16971311389833,2266,2266,0,5,pca,fixed504,recent,dgtw,size_tercile_1,893005
ld2_enet_characteristics_textcore_pca_dgtw_fixed504_recent,enet,characteristics_textcore,504,cap_spread_bp,49.6208718067196,6.761961985023333,7.3382358428843455,2.164275557345732e-13,36.3676698512449,62.8740737621943,2266,2266,0,5,pca,fixed504,recent,dgtw,size_tercile_1,893005
ld2_enet_characteristics_textcore_pca_dgtw_fixed504_union,enet,characteristics_textcore,504,rank_ic,0.08839922909677786,0.0019917675084511984,44.382303015635216,0.0,0.08449543651463644,0.09230302167891928,2266,2266,0,5,pca,fixed504,union,dgtw,size_tercile_1,893005
ld2_enet_characteristics_textcore_pca_dgtw_fixed504_union,enet,characteristics_textcore,504,ew_spread_bp,60.727003689733166,6.650955550619289,9.130568266101058,6.81406662444935e-20,47.6913703477426,73.76263703172374,2266,2266,0,5,pca,fixed504,union,dgtw,size_tercile_1,893005
ld2_enet_characteristics_textcore_pca_dgtw_fixed504_union,enet,characteristics_textcore,504,cap_spread_bp,48.78672396885544,6.8995368068299125,7.071014378901643,1.5380519956851941e-12,35.26388031746032,62.30956762025056,2266,2266,0,5,pca,fixed504,union,dgtw,size_tercile_1,893005
ld2_group_ridge_characteristics_textcore_pca_dgtw_fixed504_retain,group_ridge,characteristics_textcore,504,rank_ic,0.08777203530965345,0.0020099061654929164,43.66971792841281,0.0,0.08383269161298233,0.09171137900632458,2266,2266,0,5,pca,fixed504,retain,dgtw,size_tercile_1,893005
ld2_group_ridge_characteristics_textcore_pca_dgtw_fixed504_retain,group_ridge,characteristics_textcore,504,ew_spread_bp,57.918657464886806,6.49990905607212,8.910687359660832,5.071714466219063e-19,45.179069812199714,70.6582451175739,2266,2266,0,5,pca,fixed504,retain,dgtw,size_tercile_1,893005
ld2_group_ridge_characteristics_textcore_pca_dgtw_fixed504_retain,group_ridge,characteristics_textcore,504,cap_spread_bp,48.22961844347324,6.663605501652439,7.237766166006267,4.561349773227356e-13,35.1691916530515,61.290045233894986,2266,2266,0,5,pca,fixed504,retain,dgtw,size_tercile_1,893005
ld2_group_ridge_characteristics_textcore_pca_dgtw_fixed504_recent,group_ridge,characteristics_textcore,504,rank_ic,0.08810504327109696,0.0020180229553403016,43.659088732337885,0.0,0.08414979095865488,0.09206029558353904,2266,2266,0,5,pca,fixed504,recent,dgtw,size_tercile_1,893005
ld2_group_ridge_characteristics_textcore_pca_dgtw_fixed504_recent,group_ridge,characteristics_textcore,504,ew_spread_bp,59.968679000715085,6.424554928508142,9.334293140620797,1.0166735411600087e-20,47.37678272413982,72.56057527729034,2266,2266,0,5,pca,fixed504,recent,dgtw,size_tercile_1,893005
ld2_group_ridge_characteristics_textcore_pca_dgtw_fixed504_recent,group_ridge,characteristics_textcore,504,cap_spread_bp,48.72390838445474,6.448076610063683,7.5563476259587326,4.145450143935639e-14,36.0859104591748,61.36190630973468,2266,2266,0,5,pca,fixed504,recent,dgtw,size_tercile_1,893005
ld2_group_ridge_characteristics_textcore_pca_dgtw_fixed504_union,group_ridge,characteristics_textcore,504,rank_ic,0.08891211184265396,0.002024447978256045,43.91918824174827,0.0,0.08494426671669719,0.09287995696861073,2266,2266,0,5,pca,fixed504,union,dgtw,size_tercile_1,893005
ld2_group_ridge_characteristics_textcore_pca_dgtw_fixed504_union,group_ridge,characteristics_textcore,504,ew_spread_bp,59.282572893821076,6.422499021901976,9.230452615353606,2.6949070799375473e-20,46.694706120149476,71.87043966749268,2266,2266,0,5,pca,fixed504,union,dgtw,size_tercile_1,893005
ld2_group_ridge_characteristics_textcore_pca_dgtw_fixed504_union,group_ridge,characteristics_textcore,504,cap_spread_bp,47.11898594866433,6.637581517430327,7.098818421277329,1.2582799704401737e-12,34.10956523005217,60.128406667276494,2266,2266,0,5,pca,fixed504,union,dgtw,size_tercile_1,893005
ld2_ols_characteristics_full_dgtw_fixed504_retain,ols,characteristics,504,rank_ic,0.02656004105346587,0.002358081895248416,11.263409089813592,1.9891193844539485e-29,0.021938285466183025,0.031181796640748716,2266,2266,0,5,full,fixed504,retain,dgtw,size_tercile_2,890813
ld2_ols_characteristics_full_dgtw_fixed504_retain,ols,characteristics,504,ew_spread_bp,8.567216288399214,3.367072025326044,2.5444113532348993,0.010946209202342403,1.9678763854078305,15.166556191390598,2266,2266,0,5,full,fixed504,retain,dgtw,size_tercile_2,890813
ld2_ols_characteristics_full_dgtw_fixed504_retain,ols,characteristics,504,cap_spread_bp,7.434000602965471,3.503163985902275,2.122081818859179,0.03383086788181072,0.5679253586592292,14.300075847271712,2266,2266,0,5,full,fixed504,retain,dgtw,size_tercile_2,890813
ld2_ols_characteristics_full_dgtw_fixed504_recent,ols,characteristics,504,rank_ic,0.027061485087786545,0.002328840374784845,11.620154554511569,3.2554679450942367e-31,0.022497041827465487,0.0316259283481076,2266,2266,0,5,full,fixed504,recent,dgtw,size_tercile_2,890813
ld2_ols_characteristics_full_dgtw_fixed504_recent,ols,characteristics,504,ew_spread_bp,9.936265332074788,3.419285471357366,2.9059478699011208,0.0036614244325693913,3.2345889553532876,16.637941708796287,2266,2266,0,5,full,fixed504,recent,dgtw,size_tercile_2,890813
ld2_ols_characteristics_full_dgtw_fixed504_recent,ols,characteristics,504,cap_spread_bp,9.186519740751008,3.589826416973733,2.55904288221695,0.010496079321818511,2.1505892527320247,16.22245022876999,2266,2266,0,5,full,fixed504,recent,dgtw,size_tercile_2,890813
ld2_ols_characteristics_full_dgtw_fixed504_union,ols,characteristics,504,rank_ic,0.027336508109993746,0.0023685102058298353,11.541646746004238,8.135268459073561e-31,0.02269431340955172,0.03197870281043577,2266,2266,0,5,full,fixed504,union,dgtw,size_tercile_2,890813
ld2_ols_characteristics_full_dgtw_fixed504_union,ols,characteristics,504,ew_spread_bp,10.545802845219011,3.4039232554652252,3.0981317890428413,0.001947448047814828,3.874235858368836,17.21736983206919,2266,2266,0,5,full,fixed504,union,dgtw,size_tercile_2,890813
ld2_ols_characteristics_full_dgtw_fixed504_union,ols,characteristics,504,cap_spread_bp,10.081211935652554,3.5580018751747238,2.8333914060001706,0.004605695377382758,3.1076564033841185,17.05476746792099,2266,2266,0,5,full,fixed504,union,dgtw,size_tercile_2,890813
ld2_ridge_characteristics_full_dgtw_fixed504_retain,ridge,characteristics,504,rank_ic,0.027206750984588034,0.0022958781199737995,11.850259274607538,2.145260343188938e-32,0.022706912556545857,0.03170658941263021,2266,2266,0,5,full,fixed504,retain,dgtw,size_tercile_2,890813
ld2_ridge_characteristics_full_dgtw_fixed504_retain,ridge,characteristics,504,ew_spread_bp,9.731824299694429,3.3833948319423706,2.8763489876549504,0.004023046445143043,3.1004922836084337,16.363156315780422,2266,2266,0,5,full,fixed504,retain,dgtw,size_tercile_2,890813
ld2_ridge_characteristics_full_dgtw_fixed504_retain,ridge,characteristics,504,cap_spread_bp,9.381801373824526,3.479158541958099,2.6965719614905423,0.0070057258642508575,2.562775935081766,16.200826812567286,2266,2266,0,5,full,fixed504,retain,dgtw,size_tercile_2,890813
ld2_ridge_characteristics_full_dgtw_fixed504_recent,ridge,characteristics,504,rank_ic,0.027017621909706132,0.0022765682730298093,11.867696756464621,1.7419758301447132e-32,0.022555630086221155,0.03147961373319111,2266,2266,0,5,full,fixed504,recent,dgtw,size_tercile_2,890813
ld2_ridge_characteristics_full_dgtw_fixed504_recent,ridge,characteristics,504,ew_spread_bp,10.612503861457498,3.406543526451381,3.115329006969306,0.0018373984366443304,3.9358012378447222,17.289206485070274,2266,2266,0,5,full,fixed504,recent,dgtw,size_tercile_2,890813
ld2_ridge_characteristics_full_dgtw_fixed504_recent,ridge,characteristics,504,cap_spread_bp,10.928790960271467,3.4768291295132108,3.143321271529269,0.001670423911050659,4.114331086025826,17.743250834517106,2266,2266,0,5,full,fixed504,recent,dgtw,size_tercile_2,890813
ld2_ridge_characteristics_full_dgtw_fixed504_union,ridge,characteristics,504,rank_ic,0.027509858551741293,0.0023024398150996955,11.948133615188599,6.639966737780354e-33,0.022997159437574827,0.03202255766590776,2266,2266,0,5,full,fixed504,union,dgtw,size_tercile_2,890813
ld2_ridge_characteristics_full_dgtw_fixed504_union,ridge,characteristics,504,ew_spread_bp,11.512699526463177,3.378543950207986,3.407592056262712,0.0006553879712100767,4.890875063869838,18.134523989056515,2266,2266,0,5,full,fixed504,union,dgtw,size_tercile_2,890813
ld2_ridge_characteristics_full_dgtw_fixed504_union,ridge,characteristics,504,cap_spread_bp,10.87021454155214,3.478568358194688,3.1249104292990175,0.0017785920855375634,4.0523458417299265,17.688083241374354,2266,2266,0,5,full,fixed504,union,dgtw,size_tercile_2,890813
ld2_lasso_characteristics_full_dgtw_fixed504_retain,lasso,characteristics,504,rank_ic,0.027053962567762053,0.0023209809581231974,11.656262182193238,2.1319768103469207e-31,0.022504923481037317,0.03160300165448679,2266,2266,0,5,full,fixed504,retain,dgtw,size_tercile_2,890813
ld2_lasso_characteristics_full_dgtw_fixed504_retain,lasso,characteristics,504,ew_spread_bp,7.261437389834466,3.3181131202986713,2.188423699424945,0.028638753531312868,0.7580551774192505,13.76481960224968,2266,2266,0,5,full,fixed504,retain,dgtw,size_tercile_2,890813
ld2_lasso_characteristics_full_dgtw_fixed504_retain,lasso,characteristics,504,cap_spread_bp,6.505819272636713,3.479798506369658,1.869596547250659,0.06153986511824294,-0.31446047330409055,13.326099018577516,2266,2266,0,5,full,fixed504,retain,dgtw,size_tercile_2,890813
ld2_lasso_characteristics_full_dgtw_fixed504_recent,lasso,characteristics,504,rank_ic,0.027272857742605034,0.002294384134001765,11.886787978714315,1.3863627233748308e-32,0.022775947473261456,0.03176976801194861,2266,2266,0,5,full,fixed504,recent,dgtw,size_tercile_2,890813
ld2_lasso_characteristics_full_dgtw_fixed504_recent,lasso,characteristics,504,ew_spread_bp,8.165606641564581,3.3159754982806486,2.4625051197750083,0.013797020305026244,1.6664140913172503,14.664799191811912,2266,2266,0,5,full,fixed504,recent,dgtw,size_tercile_2,890813
ld2_lasso_characteristics_full_dgtw_fixed504_recent,lasso,characteristics,504,cap_spread_bp,7.565405899041542,3.420644857403143,2.21168996327347,0.026988094473470312,0.8610651746292328,14.269746623453852,2266,2266,0,5,full,fixed504,recent,dgtw,size_tercile_2,890813
ld2_lasso_characteristics_full_dgtw_fixed504_union,lasso,characteristics,504,rank_ic,0.027571182258547045,0.002323228768329288,11.86761400099845,1.743699480529165e-32,0.02301773754477429,0.0321246269723198,2266,2266,0,5,full,fixed504,union,dgtw,size_tercile_2,890813
ld2_lasso_characteristics_full_dgtw_fixed504_union,lasso,characteristics,504,ew_spread_bp,8.538767784480228,3.334686723742782,2.560590691678676,0.010449438592920506,2.0029019062205062,15.07463366273995,2266,2266,0,5,full,fixed504,union,dgtw,size_tercile_2,890813
ld2_lasso_characteristics_full_dgtw_fixed504_union,lasso,characteristics,504,cap_spread_bp,7.804422819807066,3.475441546400321,2.245591737225584,0.024730170224793006,0.9926825584882462,14.616163081125887,2266,2266,0,5,full,fixed504,union,dgtw,size_tercile_2,890813
ld2_enet_characteristics_full_dgtw_fixed504_retain,enet,characteristics,504,rank_ic,0.0272548926702144,0.0023278027007602,11.708420417810176,1.1540964662035116e-31,0.022692483213609338,0.03181730212681946,2266,2266,0,5,full,fixed504,retain,dgtw,size_tercile_2,890813
ld2_enet_characteristics_full_dgtw_fixed504_retain,enet,characteristics,504,ew_spread_bp,7.279017489826259,3.320384417597123,2.19222131366762,0.028363530193475775,0.7711836165078951,13.786851363144624,2266,2266,0,5,full,fixed504,retain,dgtw,size_tercile_2,890813
ld2_enet_characteristics_full_dgtw_fixed504_retain,enet,characteristics,504,cap_spread_bp,6.857686285541116,3.490047914214579,1.9649261139397312,0.04942278978230486,0.017318069361405897,13.698054501720826,2266,2266,0,5,full,fixed504,retain,dgtw,size_tercile_2,890813
ld2_enet_characteristics_full_dgtw_fixed504_recent,enet,characteristics,504,rank_ic,0.027329191111394743,0.002298013437189699,11.892528855190823,1.2942744484284754e-32,0.022825167538513835,0.03183321468427565,2266,2266,0,5,full,fixed504,recent,dgtw,size_tercile_2,890813
ld2_enet_characteristics_full_dgtw_fixed504_recent,enet,characteristics,504,ew_spread_bp,7.688515251149183,3.315412742435436,2.319022048971602,0.02039384082282439,1.1904256820905577,14.186604820207808,2266,2266,0,5,full,fixed504,recent,dgtw,size_tercile_2,890813
ld2_enet_characteristics_full_dgtw_fixed504_recent,enet,characteristics,504,cap_spread_bp,7.300630249898834,3.426736209306823,2.1304908822776416,0.03313110776860277,0.584350695138153,14.016909804659516,2266,2266,0,5,full,fixed504,recent,dgtw,size_tercile_2,890813
ld2_enet_characteristics_full_dgtw_fixed504_union,enet,characteristics,504,rank_ic,0.02772583151474158,0.0023267711110076957,11.916011585142066,9.767346879647776e-33,0.023165443936898247,0.03228621909258491,2266,2266,0,5,full,fixed504,union,dgtw,size_tercile_2,890813
ld2_enet_characteristics_full_dgtw_fixed504_union,enet,characteristics,504,ew_spread_bp,8.605417542367578,3.3116371250977794,2.598538794347371,0.009362146555068316,2.114728047310164,15.096107037424991,2266,2266,0,5,full,fixed504,union,dgtw,size_tercile_2,890813
ld2_enet_characteristics_full_dgtw_fixed504_union,enet,characteristics,504,cap_spread_bp,8.148253598425818,3.4515957138987012,2.3607207430507766,0.01823945961144948,1.3832503099915465,14.91325688686009,2266,2266,0,5,full,fixed504,union,dgtw,size_tercile_2,890813
ld2_ols_characteristics_core_full_dgtw_fixed504_retain,ols,characteristics_core,504,rank_ic,0.027768072959167316,0.00235302944104494,11.800988323731296,3.857539507695619e-32,0.023156220000156817,0.032379925918177815,2266,2266,0,5,full,fixed504,retain,dgtw,size_tercile_2,890813
ld2_ols_characteristics_core_full_dgtw_fixed504_retain,ols,characteristics_core,504,ew_spread_bp,10.04827930578459,3.3562805146326173,2.993873504308232,0.002754601225000361,3.470090375091102,16.626468236478075,2266,2266,0,5,full,fixed504,retain,dgtw,size_tercile_2,890813
ld2_ols_characteristics_core_full_dgtw_fixed504_retain,ols,characteristics_core,504,cap_spread_bp,9.067191083423127,3.567419117908475,2.5416668980400283,0.011032526000561984,2.075178094562868,16.059204072283386,2266,2266,0,5,full,fixed504,retain,dgtw,size_tercile_2,890813
ld2_ols_characteristics_core_full_dgtw_fixed504_recent,ols,characteristics_core,504,rank_ic,0.028438641339713425,0.0023326787485097415,12.191409279088163,3.453960846968909e-34,0.023866675005132364,0.033010607674294486,2266,2266,0,5,full,fixed504,recent,dgtw,size_tercile_2,890813
ld2_ols_characteristics_core_full_dgtw_fixed504_recent,ols,characteristics_core,504,ew_spread_bp,10.483432043579432,3.3871535607300927,3.095056617781378,0.001967753310028231,3.844733054441848,17.122131032717014,2266,2266,0,5,full,fixed504,recent,dgtw,size_tercile_2,890813
ld2_ols_characteristics_core_full_dgtw_fixed504_recent,ols,characteristics_core,504,cap_spread_bp,9.284650814473261,3.5789387464631894,2.5942469184890693,0.009479837761614344,2.2700597685304826,16.29924186041604,2266,2266,0,5,full,fixed504,recent,dgtw,size_tercile_2,890813
ld2_ols_characteristics_core_full_dgtw_fixed504_union,ols,characteristics_core,504,rank_ic,0.028625708343764412,0.002368499278346201,12.086011005142566,1.2522030970837271e-33,0.02398353506079675,0.033267881626732075,2266,2266,0,5,full,fixed504,union,dgtw,size_tercile_2,890813
ld2_ols_characteristics_core_full_dgtw_fixed504_union,ols,characteristics_core,504,ew_spread_bp,11.136140525780618,3.3757247290231693,3.2988888075015153,0.0009706835228327175,4.519841635173973,17.75243941638726,2266,2266,0,5,full,fixed504,union,dgtw,size_tercile_2,890813
ld2_ols_characteristics_core_full_dgtw_fixed504_union,ols,characteristics_core,504,cap_spread_bp,9.832259115438701,3.5811932490138294,2.745525983035475,0.006041398327933828,2.813249325693614,16.851268905183787,2266,2266,0,5,full,fixed504,union,dgtw,size_tercile_2,890813
ld2_ridge_characteristics_core_full_dgtw_fixed504_retain,ridge,characteristics_core,504,rank_ic,0.02914272919328528,0.002337616888177677,12.466854316749874,1.1320740935871535e-35,0.024561084282804437,0.03372437410376612,2266,2266,0,5,full,fixed504,retain,dgtw,size_tercile_2,890813
ld2_ridge_characteristics_core_full_dgtw_fixed504_retain,ridge,characteristics_core,504,ew_spread_bp,10.79819668226222,3.3879163773676093,3.187267771541739,0.0014362374125506448,4.158002599988296,17.438390764536145,2266,2266,0,5,full,fixed504,retain,dgtw,size_tercile_2,890813
ld2_ridge_characteristics_core_full_dgtw_fixed504_retain,ridge,characteristics_core,504,cap_spread_bp,10.706473521041039,3.5045875027630995,3.0549882154746606,0.0022506936553066395,3.837608234956196,17.57533880712588,2266,2266,0,5,full,fixed504,retain,dgtw,size_tercile_2,890813
ld2_ridge_characteristics_core_full_dgtw_fixed504_recent,ridge,characteristics_core,504,rank_ic,0.029068243829592978,0.00231022189917531,12.582446664525861,2.637331488172474e-36,0.024540292110913645,0.03359619554827231,2266,2266,0,5,full,fixed504,recent,dgtw,size_tercile_2,890813
ld2_ridge_characteristics_core_full_dgtw_fixed504_recent,ridge,characteristics_core,504,ew_spread_bp,11.050224039019621,3.4338581229752827,3.2180199773207585,0.0012907882723691493,4.319985789967755,17.780462288071487,2266,2266,0,5,full,fixed504,recent,dgtw,size_tercile_2,890813
ld2_ridge_characteristics_core_full_dgtw_fixed504_recent,ridge,characteristics_core,504,cap_spread_bp,11.252310935716675,3.546241785022112,3.173024181047631,0.0015085995907730344,4.301804756602303,18.20281711483105,2266,2266,0,5,full,fixed504,recent,dgtw,size_tercile_2,890813
ld2_ridge_characteristics_core_full_dgtw_fixed504_union,ridge,characteristics_core,504,rank_ic,0.02949896723551408,0.0023411923632845203,12.599975849113571,2.1120917274080034e-36,0.024910314522596205,0.03408761994843196,2266,2266,0,5,full,fixed504,union,dgtw,size_tercile_2,890813
ld2_ridge_characteristics_core_full_dgtw_fixed504_union,ridge,characteristics_core,504,ew_spread_bp,11.604973929909935,3.40732252652909,3.4058924095252823,0.0006594816306974278,4.926744494200896,18.283203365618974,2266,2266,0,5,full,fixed504,union,dgtw,size_tercile_2,890813
ld2_ridge_characteristics_core_full_dgtw_fixed504_union,ridge,characteristics_core,504,cap_spread_bp,11.812483822690336,3.551082085520555,3.3264462882610997,0.0008796097036187579,4.8524908289246635,18.772476816456006,2266,2266,0,5,full,fixed504,union,dgtw,size_tercile_2,890813
ld2_lasso_characteristics_core_full_dgtw_fixed504_retain,lasso,characteristics_core,504,rank_ic,0.028503906682463952,0.0023706014855121526,12.023913279673776,2.66065641138905e-33,0.023857613149162984,0.033150200215764924,2266,2266,0,5,full,fixed504,retain,dgtw,size_tercile_2,890813
ld2_lasso_characteristics_core_full_dgtw_fixed504_retain,lasso,characteristics_core,504,ew_spread_bp,8.681437796353439,3.31386330650449,2.619733221739536,0.008799857778631742,2.186385065915821,15.176490526791056,2266,2266,0,5,full,fixed504,retain,dgtw,size_tercile_2,890813
ld2_lasso_characteristics_core_full_dgtw_fixed504_retain,lasso,characteristics_core,504,cap_spread_bp,8.028387688402699,3.5255820470076173,2.2771807835863287,0.022775432174987738,1.1183738517267692,14.938401525078628,2266,2266,0,5,full,fixed504,retain,dgtw,size_tercile_2,890813
ld2_lasso_characteristics_core_full_dgtw_fixed504_recent,lasso,characteristics_core,504,rank_ic,0.028933808734107176,0.002353710118852895,12.292851401857577,9.895298582363464e-35,0.02432062167110801,0.03354699579710634,2266,2266,0,5,full,fixed504,recent,dgtw,size_tercile_2,890813
ld2_lasso_characteristics_core_full_dgtw_fixed504_recent,lasso,characteristics_core,504,ew_spread_bp,8.207861914318624,3.3593391799116445,2.443296575529031,0.014553771825934914,1.6236781098374795,14.792045718799768,2266,2266,0,5,full,fixed504,recent,dgtw,size_tercile_2,890813
ld2_lasso_characteristics_core_full_dgtw_fixed504_recent,lasso,characteristics_core,504,cap_spread_bp,7.104033776697109,3.5707843846871885,1.9894883060320774,0.04664733129039611,0.10542498615220186,14.102642567242015,2266,2266,0,5,full,fixed504,recent,dgtw,size_tercile_2,890813
ld2_lasso_characteristics_core_full_dgtw_fixed504_union,lasso,characteristics_core,504,rank_ic,0.02910184214988962,0.0023687294375580627,12.28584476067933,1.0791185394374598e-34,0.024459217763156,0.03374446653662324,2266,2266,0,5,full,fixed504,union,dgtw,size_tercile_2,890813
ld2_lasso_characteristics_core_full_dgtw_fixed504_union,lasso,characteristics_core,504,ew_spread_bp,8.452334729620077,3.334754387754626,2.534619869054658,0.011256940632659017,1.9163362323340918,14.988333226906061,2266,2266,0,5,full,fixed504,union,dgtw,size_tercile_2,890813
ld2_lasso_characteristics_core_full_dgtw_fixed504_union,lasso,characteristics_core,504,cap_spread_bp,7.706989175643983,3.549177236669213,2.171486139383882,0.02989444377440148,0.7507296170229338,14.663248734265032,2266,2266,0,5,full,fixed504,union,dgtw,size_tercile_2,890813
ld2_enet_characteristics_core_full_dgtw_fixed504_retain,enet,characteristics_core,504,rank_ic,0.028820948287303094,0.0023763510354452722,12.128236888159382,7.48434809658548e-34,0.024163385843205896,0.03347851073140029,2266,2266,0,5,full,fixed504,retain,dgtw,size_tercile_2,890813
ld2_enet_characteristics_core_full_dgtw_fixed504_retain,enet,characteristics_core,504,ew_spread_bp,8.963562406694825,3.337060773456311,2.6860650779850643,0.007229900544451093,2.423043476499079,15.504081336890572,2266,2266,0,5,full,fixed504,retain,dgtw,size_tercile_2,890813
ld2_enet_characteristics_core_full_dgtw_fixed504_retain,enet,characteristics_core,504,cap_spread_bp,8.146921545730445,3.539298311962016,2.3018465321772172,0.021343828363284974,1.210024323741485,15.083818767719404,2266,2266,0,5,full,fixed504,retain,dgtw,size_tercile_2,890813
ld2_enet_characteristics_core_full_dgtw_fixed504_recent,enet,characteristics_core,504,rank_ic,0.029140693346085995,0.0023561706006526868,12.36781977417666,3.902713276936271e-35,0.024522683827374624,0.03375870286479737,2266,2266,0,5,full,fixed504,recent,dgtw,size_tercile_2,890813
ld2_enet_characteristics_core_full_dgtw_fixed504_recent,enet,characteristics_core,504,ew_spread_bp,8.14386692531991,3.3810400955440754,2.408686881901471,0.016010027189114758,1.5171501077676597,14.770583742872162,2266,2266,0,5,full,fixed504,recent,dgtw,size_tercile_2,890813
ld2_enet_characteristics_core_full_dgtw_fixed504_recent,enet,characteristics_core,504,cap_spread_bp,6.9377607831905195,3.5723309502723533,1.9420823209735332,0.052127135358105724,-0.06387922020103964,13.939400786582079,2266,2266,0,5,full,fixed504,recent,dgtw,size_tercile_2,890813
ld2_enet_characteristics_core_full_dgtw_fixed504_union,enet,characteristics_core,504,rank_ic,0.02943113396069447,0.0023764522332408444,12.384483706015116,3.1711910805836535e-35,0.024773373172562636,0.03408889474882631,2266,2266,0,5,full,fixed504,union,dgtw,size_tercile_2,890813
ld2_enet_characteristics_core_full_dgtw_fixed504_union,enet,characteristics_core,504,ew_spread_bp,9.006340611321601,3.326815747763248,2.707195496888256,0.006785428658523209,2.485901562504946,15.526779660138256,2266,2266,0,5,full,fixed504,union,dgtw,size_tercile_2,890813
ld2_enet_characteristics_core_full_dgtw_fixed504_union,enet,characteristics_core,504,cap_spread_bp,7.9075170818345875,3.5566567461682,2.223300601148489,0.026195537018082107,0.9365979539734983,14.878436209695677,2266,2266,0,5,full,fixed504,union,dgtw,size_tercile_2,890813
ld2_group_ridge_characteristics_core_full_dgtw_fixed504_retain,group_ridge,characteristics_core,504,rank_ic,0.029149923546034268,0.0023448325863791005,12.431558532307712,1.7616584441285016e-35,0.024554136126955325,0.03374571096511321,2266,2266,0,5,full,fixed504,retain,dgtw,size_tercile_2,890813
ld2_group_ridge_characteristics_core_full_dgtw_fixed504_retain,group_ridge,characteristics_core,504,ew_spread_bp,10.941697752625204,3.3879963358828533,3.2295482839635326,0.0012398594337900532,4.301346954541144,17.582048550709267,2266,2266,0,5,full,fixed504,retain,dgtw,size_tercile_2,890813
ld2_group_ridge_characteristics_core_full_dgtw_fixed504_retain,group_ridge,characteristics_core,504,cap_spread_bp,10.880091885510152,3.5098020607875497,3.099916091299124,0.0019357547268301007,4.001006253502093,17.75917751751821,2266,2266,0,5,full,fixed504,retain,dgtw,size_tercile_2,890813
ld2_group_ridge_characteristics_core_full_dgtw_fixed504_recent,group_ridge,characteristics_core,504,rank_ic,0.02903290266559975,0.0023177584317389337,12.52628499503176,5.3615879470188386e-36,0.024490179614527405,0.0335756257166721,2266,2266,0,5,full,fixed504,recent,dgtw,size_tercile_2,890813
ld2_group_ridge_characteristics_core_full_dgtw_fixed504_recent,group_ridge,characteristics_core,504,ew_spread_bp,11.312783536240639,3.432816741059941,3.295481346536321,0.0009825322614352087,4.584586358236995,18.040980714244284,2266,2266,0,5,full,fixed504,recent,dgtw,size_tercile_2,890813
ld2_group_ridge_characteristics_core_full_dgtw_fixed504_recent,group_ridge,characteristics_core,504,cap_spread_bp,11.494638837283135,3.5272090561000597,3.258848186898354,0.001118655115777965,4.581436121383499,18.40784155318277,2266,2266,0,5,full,fixed504,recent,dgtw,size_tercile_2,890813
ld2_group_ridge_characteristics_core_full_dgtw_fixed504_union,group_ridge,characteristics_core,504,rank_ic,0.029493308477610825,0.0023487283778171907,12.557138899569418,3.632312989615369e-36,0.024889885447621947,0.034096731507599704,2266,2266,0,5,full,fixed504,union,dgtw,size_tercile_2,890813
ld2_group_ridge_characteristics_core_full_dgtw_fixed504_union,group_ridge,characteristics_core,504,ew_spread_bp,11.727136741816793,3.4077279638100135,3.4413359476926253,0.0005788493606216644,5.048112663639153,18.406160819994433,2266,2266,0,5,full,fixed504,union,dgtw,size_tercile_2,890813
ld2_group_ridge_characteristics_core_full_dgtw_fixed504_union,group_ridge,characteristics_core,504,cap_spread_bp,12.133413639506283,3.544827995923772,3.422849755604108,0.0006196831869631465,5.185678436106393,19.081148842906174,2266,2266,0,5,full,fixed504,union,dgtw,size_tercile_2,890813
ld2_ols_characteristics_textcore_full_dgtw_fixed504_retain,ols,characteristics_textcore,504,rank_ic,0.023075154173461097,0.0019711881096434736,11.70621619548764,1.1844859878515721e-31,0.019211696471806296,0.026938611875115898,2266,2266,0,5,full,fixed504,retain,dgtw,size_tercile_2,890813
ld2_ols_characteristics_textcore_full_dgtw_fixed504_retain,ols,characteristics_textcore,504,ew_spread_bp,6.2623386351075805,2.9916923015943984,2.0932428885718353,0.03632747796827933,0.3987294711568188,12.125947799058341,2266,2266,0,5,full,fixed504,retain,dgtw,size_tercile_2,890813
ld2_ols_characteristics_textcore_full_dgtw_fixed504_retain,ols,characteristics_textcore,504,cap_spread_bp,4.472650846395589,3.1814234672053945,1.4058646679702862,0.1597643147239045,-1.7628245688975301,10.708126261688708,2266,2266,0,5,full,fixed504,retain,dgtw,size_tercile_2,890813
ld2_ols_characteristics_textcore_full_dgtw_fixed504_recent,ols,characteristics_textcore,504,rank_ic,0.024688407782917914,0.0020385109724334245,12.111000684704045,9.236043230389137e-34,0.020692999694858678,0.02868381587097715,2266,2266,0,5,full,fixed504,recent,dgtw,size_tercile_2,890813
ld2_ols_characteristics_textcore_full_dgtw_fixed504_recent,ols,characteristics_textcore,504,ew_spread_bp,9.806012734830459,3.2170330734010952,3.0481541566693924,0.002302517766515591,3.500743773890112,16.111281695770806,2266,2266,0,5,full,fixed504,recent,dgtw,size_tercile_2,890813
ld2_ols_characteristics_textcore_full_dgtw_fixed504_recent,ols,characteristics_textcore,504,cap_spread_bp,8.170590561844941,3.3143396125728213,2.465224303161365,0.013692750435246853,1.6746042886677754,14.666576835022106,2266,2266,0,5,full,fixed504,recent,dgtw,size_tercile_2,890813
ld2_ols_characteristics_textcore_full_dgtw_fixed504_union,ols,characteristics_textcore,504,rank_ic,0.025088940356600652,0.0020623416025373886,12.165268996044418,4.758751381085478e-34,0.021046825091808753,0.02913105562139255,2266,2266,0,5,full,fixed504,union,dgtw,size_tercile_2,890813
ld2_ols_characteristics_textcore_full_dgtw_fixed504_union,ols,characteristics_textcore,504,ew_spread_bp,8.750318042582412,3.2522756011999534,2.6905216886766645,0.007134039761193419,2.375974996432152,15.124661088732672,2266,2266,0,5,full,fixed504,union,dgtw,size_tercile_2,890813
ld2_ols_characteristics_textcore_full_dgtw_fixed504_union,ols,characteristics_textcore,504,cap_spread_bp,6.877757999416354,3.3234431630224974,2.069467615977339,0.03850222717972423,0.3639290952263794,13.391586903606328,2266,2266,0,5,full,fixed504,union,dgtw,size_tercile_2,890813
ld2_ridge_characteristics_textcore_full_dgtw_fixed504_retain,ridge,characteristics_textcore,504,rank_ic,0.025976557294111035,0.002120945335070714,12.247631687897771,1.7297370254664015e-34,0.021819580824194197,0.030133533764027873,2266,2266,0,5,full,fixed504,retain,dgtw,size_tercile_2,890813
ld2_ridge_characteristics_textcore_full_dgtw_fixed504_retain,ridge,characteristics_textcore,504,ew_spread_bp,10.7150551461104,3.1652158881024066,3.385252546717827,0.0007111279478669299,4.5113460021357215,16.91876429008508,2266,2266,0,5,full,fixed504,retain,dgtw,size_tercile_2,890813
ld2_ridge_characteristics_textcore_full_dgtw_fixed504_retain,ridge,characteristics_textcore,504,cap_spread_bp,9.661045167885579,3.274893716232982,2.9500331934431165,0.0031773979075266057,3.2423714308723985,16.07971890489876,2266,2266,0,5,full,fixed504,retain,dgtw,size_tercile_2,890813
ld2_ridge_characteristics_textcore_full_dgtw_fixed504_recent,ridge,characteristics_textcore,504,rank_ic,0.026364531420063675,0.002127090173942989,12.394646801076478,2.7937393960414283e-35,0.02219551128726638,0.03053355155286097,2266,2266,0,5,full,fixed504,recent,dgtw,size_tercile_2,890813
ld2_ridge_characteristics_textcore_full_dgtw_fixed504_recent,ridge,characteristics_textcore,504,ew_spread_bp,11.527050569146404,3.2565941814596817,3.5396030106458367,0.0004007293443366662,5.14424326122273,17.909857877070078,2266,2266,0,5,full,fixed504,recent,dgtw,size_tercile_2,890813
ld2_ridge_characteristics_textcore_full_dgtw_fixed504_recent,ridge,characteristics_textcore,504,cap_spread_bp,9.822879303276434,3.3861130231180114,2.90093072387504,0.0037205612142924786,3.1862197303830877,16.45953887616978,2266,2266,0,5,full,fixed504,recent,dgtw,size_tercile_2,890813
ld2_ridge_characteristics_textcore_full_dgtw_fixed504_union,ridge,characteristics_textcore,504,rank_ic,0.026925296829830903,0.002170745523209554,12.403709482270646,2.495001894553421e-35,0.02267071378473862,0.031179879874923187,2266,2266,0,5,full,fixed504,union,dgtw,size_tercile_2,890813
ld2_ridge_characteristics_textcore_full_dgtw_fixed504_union,ridge,characteristics_textcore,504,ew_spread_bp,10.661930719573679,3.2679785713010454,3.262546092928926,0.0011041621528386973,4.256810417574969,17.06705102157239,2266,2266,0,5,full,fixed504,union,dgtw,size_tercile_2,890813
ld2_ridge_characteristics_textcore_full_dgtw_fixed504_union,ridge,characteristics_textcore,504,cap_spread_bp,9.089249926907538,3.3409513752416786,2.720557382027159,0.006517195962185784,2.5411055573342844,15.637394296480792,2266,2266,0,5,full,fixed504,union,dgtw,size_tercile_2,890813
ld2_lasso_characteristics_textcore_full_dgtw_fixed504_retain,lasso,characteristics_textcore,504,rank_ic,0.02791696779002264,0.002321410448593952,12.02586462335068,2.5985356316108136e-33,0.023367086917443523,0.03246684866260176,2266,2266,0,5,full,fixed504,retain,dgtw,size_tercile_2,890813
ld2_lasso_characteristics_textcore_full_dgtw_fixed504_retain,lasso,characteristics_textcore,504,ew_spread_bp,9.107811430917272,3.3522420560001844,2.716931319030254,0.006589027921442531,2.537537733696407,15.678085128138136,2266,2266,0,5,full,fixed504,retain,dgtw,size_tercile_2,890813
ld2_lasso_characteristics_textcore_full_dgtw_fixed504_retain,lasso,characteristics_textcore,504,cap_spread_bp,8.480125824200131,3.5047615511234,2.4196013624612926,0.015537529730349704,1.6109194095975319,15.349332238802731,2266,2266,0,5,full,fixed504,retain,dgtw,size_tercile_2,890813
ld2_lasso_characteristics_textcore_full_dgtw_fixed504_recent,lasso,characteristics_textcore,504,rank_ic,0.028612349675128337,0.0023079667113422176,12.397210728610805,2.7057915464733887e-35,0.024088818043380242,0.03313588130687643,2266,2266,0,5,full,fixed504,recent,dgtw,size_tercile_2,890813
ld2_lasso_characteristics_textcore_full_dgtw_fixed504_recent,lasso,characteristics_textcore,504,ew_spread_bp,8.671225265232499,3.3639924089967983,2.5776589869946855,0.009947211018282068,2.0779212993326386,15.264529231132359,2266,2266,0,5,full,fixed504,recent,dgtw,size_tercile_2,890813
ld2_lasso_characteristics_textcore_full_dgtw_fixed504_recent,lasso,characteristics_textcore,504,cap_spread_bp,8.336929920455468,3.5103039500856728,2.3749880463348467,0.017549518522229256,1.4568606034988614,15.216999237412075,2266,2266,0,5,full,fixed504,recent,dgtw,size_tercile_2,890813
ld2_lasso_characteristics_textcore_full_dgtw_fixed504_union,lasso,characteristics_textcore,504,rank_ic,0.0286648204717162,0.0023315135296965305,12.294511743814418,9.694073434609887e-35,0.024095137924043143,0.03323450301938926,2266,2266,0,5,full,fixed504,union,dgtw,size_tercile_2,890813
ld2_lasso_characteristics_textcore_full_dgtw_fixed504_union,lasso,characteristics_textcore,504,ew_spread_bp,8.366751559211126,3.33673515205902,2.5074664838317187,0.012160011311768425,1.826870835226666,14.906632283195586,2266,2266,0,5,full,fixed504,union,dgtw,size_tercile_2,890813
ld2_lasso_characteristics_textcore_full_dgtw_fixed504_union,lasso,characteristics_textcore,504,cap_spread_bp,7.252591243737877,3.482369813504752,2.082659692147593,0.037282254017405175,0.42727182841909883,14.077910659056656,2266,2266,0,5,full,fixed504,union,dgtw,size_tercile_2,890813
ld2_enet_characteristics_textcore_full_dgtw_fixed504_retain,enet,characteristics_textcore,504,rank_ic,0.028173642062011256,0.0023298330194350928,12.092558491098401,1.1562888754814083e-33,0.023607253253926267,0.03274003087009625,2266,2266,0,5,full,fixed504,retain,dgtw,size_tercile_2,890813
ld2_enet_characteristics_textcore_full_dgtw_fixed504_retain,enet,characteristics_textcore,504,ew_spread_bp,9.069494163642023,3.375045044248848,2.6872216651142606,0.007204912149665561,2.4545274307138873,15.684460896570158,2266,2266,0,5,full,fixed504,retain,dgtw,size_tercile_2,890813
ld2_enet_characteristics_textcore_full_dgtw_fixed504_retain,enet,characteristics_textcore,504,cap_spread_bp,8.773063307623126,3.5259280088303537,2.4881572413423694,0.01284069460048348,1.8623713982346066,15.683755217011644,2266,2266,0,5,full,fixed504,retain,dgtw,size_tercile_2,890813
ld2_enet_characteristics_textcore_full_dgtw_fixed504_recent,enet,characteristics_textcore,504,rank_ic,0.02884221767697634,0.0023177501751989447,12.444058029032684,1.5065118582077214e-35,0.024299510808425007,0.033384924545527675,2266,2266,0,5,full,fixed504,recent,dgtw,size_tercile_2,890813
ld2_enet_characteristics_textcore_full_dgtw_fixed504_recent,enet,characteristics_textcore,504,ew_spread_bp,8.403451799620496,3.359815353124612,2.5011647713929657,0.012378557128416744,1.8183347127915335,14.98856888644946,2266,2266,0,5,full,fixed504,recent,dgtw,size_tercile_2,890813
ld2_enet_characteristics_textcore_full_dgtw_fixed504_recent,enet,characteristics_textcore,504,cap_spread_bp,8.388755111189766,3.511197051476417,2.389143926759221,0.01688768510632692,1.5069353476727585,15.270574874706774,2266,2266,0,5,full,fixed504,recent,dgtw,size_tercile_2,890813
ld2_enet_characteristics_textcore_full_dgtw_fixed504_union,enet,characteristics_textcore,504,rank_ic,0.028893899391570697,0.002340857806506954,12.343295398487443,5.294370334268541e-35,0.024305902397887637,0.03348189638525376,2266,2266,0,5,full,fixed504,union,dgtw,size_tercile_2,890813
ld2_enet_characteristics_textcore_full_dgtw_fixed504_union,enet,characteristics_textcore,504,ew_spread_bp,8.015691483894425,3.3300872370998738,2.4070515014120706,0.0160819017889383,1.488840433802177,14.542542533986673,2266,2266,0,5,full,fixed504,union,dgtw,size_tercile_2,890813
ld2_enet_characteristics_textcore_full_dgtw_fixed504_union,enet,characteristics_textcore,504,cap_spread_bp,6.777184049860618,3.4904436043893545,1.9416397507004761,0.05218072714301567,-0.06395970481068947,13.618327804531926,2266,2266,0,5,full,fixed504,union,dgtw,size_tercile_2,890813
ld2_group_ridge_characteristics_textcore_full_dgtw_fixed504_retain,group_ridge,characteristics_textcore,504,rank_ic,0.028802139439333237,0.0023277006855989524,12.373643921457202,3.629729833414996e-35,0.0242399299287701,0.03336434894989637,2266,2266,0,5,full,fixed504,retain,dgtw,size_tercile_2,890813
ld2_group_ridge_characteristics_textcore_full_dgtw_fixed504_retain,group_ridge,characteristics_textcore,504,ew_spread_bp,10.294682688089654,3.394736115419412,3.032542836342898,0.0024250267619575325,3.6411221648501995,16.94824321132911,2266,2266,0,5,full,fixed504,retain,dgtw,size_tercile_2,890813
ld2_group_ridge_characteristics_textcore_full_dgtw_fixed504_retain,group_ridge,characteristics_textcore,504,cap_spread_bp,9.566653930411094,3.5234089074321266,2.7151699339329043,0.006624177046790967,2.660899369036505,16.472408491785686,2266,2266,0,5,full,fixed504,retain,dgtw,size_tercile_2,890813
ld2_group_ridge_characteristics_textcore_full_dgtw_fixed504_recent,group_ridge,characteristics_textcore,504,rank_ic,0.02866240525006864,0.002308820151602264,12.414308334140987,2.1856753500041405e-35,0.024137200906147897,0.033187609593989385,2266,2266,0,5,full,fixed504,recent,dgtw,size_tercile_2,890813
ld2_group_ridge_characteristics_textcore_full_dgtw_fixed504_recent,group_ridge,characteristics_textcore,504,ew_spread_bp,11.397170695492163,3.432985293416944,3.319900821406738,0.0009004943307450993,4.668643160939283,18.125698230045042,2266,2266,0,5,full,fixed504,recent,dgtw,size_tercile_2,890813
ld2_group_ridge_characteristics_textcore_full_dgtw_fixed504_recent,group_ridge,characteristics_textcore,504,cap_spread_bp,10.877616006252737,3.539294162815278,3.073385682528378,0.00211644759340789,3.9407269164419496,17.814505096063524,2266,2266,0,5,full,fixed504,recent,dgtw,size_tercile_2,890813
ld2_group_ridge_characteristics_textcore_full_dgtw_fixed504_union,group_ridge,characteristics_textcore,504,rank_ic,0.029141638566403665,0.0023376652661377204,12.466129769961181,1.1424115041394331e-35,0.024559898836863492,0.03372337829594384,2266,2266,0,5,full,fixed504,union,dgtw,size_tercile_2,890813
ld2_group_ridge_characteristics_textcore_full_dgtw_fixed504_union,group_ridge,characteristics_textcore,504,ew_spread_bp,11.673358622253039,3.4265435729439737,3.406744544101528,0.0006574262714414209,4.957456627825655,18.389260616680424,2266,2266,0,5,full,fixed504,union,dgtw,size_tercile_2,890813
ld2_group_ridge_characteristics_textcore_full_dgtw_fixed504_union,group_ridge,characteristics_textcore,504,cap_spread_bp,11.280540796702919,3.5647974860563445,3.1644268267206193,0.0015538872978987772,4.293666111853558,18.26741548155228,2266,2266,0,5,full,fixed504,union,dgtw,size_tercile_2,890813
ld2_ols_characteristics_textcore_pca_dgtw_fixed504_retain,ols,characteristics_textcore,504,rank_ic,0.028385952156481754,0.0022945998427875126,12.370763575926203,3.7622767849002443e-35,0.02388861910568696,0.03288328520727655,2266,2266,0,5,pca,fixed504,retain,dgtw,size_tercile_2,890813
ld2_ols_characteristics_textcore_pca_dgtw_fixed504_retain,ols,characteristics_textcore,504,ew_spread_bp,11.77156505689033,3.3982657784612402,3.463991878298754,0.0005322225793167437,5.111086521211329,18.43204359256933,2266,2266,0,5,pca,fixed504,retain,dgtw,size_tercile_2,890813
ld2_ols_characteristics_textcore_pca_dgtw_fixed504_retain,ols,characteristics_textcore,504,cap_spread_bp,10.493526123093343,3.5967486138074887,2.917503348109998,0.0035284586063890604,3.4440283785863013,17.543023867600382,2266,2266,0,5,pca,fixed504,retain,dgtw,size_tercile_2,890813
ld2_ols_characteristics_textcore_pca_dgtw_fixed504_recent,ols,characteristics_textcore,504,rank_ic,0.028655529122228778,0.002282683150648719,12.553441380633629,3.806019648291468e-36,0.02418155235884087,0.03312950588561669,2266,2266,0,5,pca,fixed504,recent,dgtw,size_tercile_2,890813
ld2_ols_characteristics_textcore_pca_dgtw_fixed504_recent,ols,characteristics_textcore,504,ew_spread_bp,12.327192561373673,3.4018775361619946,3.6236438350103684,0.00029048154402395516,5.659635110680308,18.994750012067037,2266,2266,0,5,pca,fixed504,recent,dgtw,size_tercile_2,890813
ld2_ols_characteristics_textcore_pca_dgtw_fixed504_recent,ols,characteristics_textcore,504,cap_spread_bp,10.3030750435165,3.5983756133447002,2.8632572445486764,0.004193099822217727,3.250388438513661,17.35576164851934,2266,2266,0,5,pca,fixed504,recent,dgtw,size_tercile_2,890813
ld2_ols_characteristics_textcore_pca_dgtw_fixed504_union,ols,characteristics_textcore,504,rank_ic,0.029226180653201487,0.0023227147081515704,12.582768150833232,2.6266183831694366e-36,0.024673743478862947,0.033778617827540026,2266,2266,0,5,pca,fixed504,union,dgtw,size_tercile_2,890813
ld2_ols_characteristics_textcore_pca_dgtw_fixed504_union,ols,characteristics_textcore,504,ew_spread_bp,12.551883177629518,3.4672144192528638,3.6201635260660554,0.00029441688674502765,5.756267789215946,19.34749856604309,2266,2266,0,5,pca,fixed504,union,dgtw,size_tercile_2,890813
ld2_ols_characteristics_textcore_pca_dgtw_fixed504_union,ols,characteristics_textcore,504,cap_spread_bp,11.403534067245875,3.6546359737891847,3.1202927320344056,0.0018067139547775213,4.240579182014605,18.566488952477144,2266,2266,0,5,pca,fixed504,union,dgtw,size_tercile_2,890813
ld2_ridge_characteristics_textcore_pca_dgtw_fixed504_retain,ridge,characteristics_textcore,504,rank_ic,0.029231052560136105,0.002286138824207755,12.786210640670921,1.9579003705136674e-37,0.02475030280103016,0.03371180231924205,2266,2266,0,5,pca,fixed504,retain,dgtw,size_tercile_2,890813
ld2_ridge_characteristics_textcore_pca_dgtw_fixed504_retain,ridge,characteristics_textcore,504,ew_spread_bp,11.700821602235287,3.4461188931354054,3.395362134934773,0.0006853788141525963,4.946552685246857,18.455090519223717,2266,2266,0,5,pca,fixed504,retain,dgtw,size_tercile_2,890813
ld2_ridge_characteristics_textcore_pca_dgtw_fixed504_retain,ridge,characteristics_textcore,504,cap_spread_bp,11.67605720401372,3.528581773320792,3.3089943649018054,0.0009363172161648868,4.760164011800491,18.59195039622695,2266,2266,0,5,pca,fixed504,retain,dgtw,size_tercile_2,890813
ld2_ridge_characteristics_textcore_pca_dgtw_fixed504_recent,ridge,characteristics_textcore,504,rank_ic,0.029017993522900257,0.002285212876124159,12.698157719168947,6.053804772748085e-37,0.024539058588689714,0.0334969284571108,2266,2266,0,5,pca,fixed504,recent,dgtw,size_tercile_2,890813
ld2_ridge_characteristics_textcore_pca_dgtw_fixed504_recent,ridge,characteristics_textcore,504,ew_spread_bp,11.383330800321707,3.458095796496344,3.2917916304849077,0.0009955134121162927,4.60558758409952,18.161074016543893,2266,2266,0,5,pca,fixed504,recent,dgtw,size_tercile_2,890813
ld2_ridge_characteristics_textcore_pca_dgtw_fixed504_recent,ridge,characteristics_textcore,504,cap_spread_bp,10.11722006230015,3.590137418404889,2.8180592782978398,0.004831488898929722,3.0806800226769617,17.15376010192334,2266,2266,0,5,pca,fixed504,recent,dgtw,size_tercile_2,890813
ld2_ridge_characteristics_textcore_pca_dgtw_fixed504_union,ridge,characteristics_textcore,504,rank_ic,0.029596009914841466,0.0023088938205435895,12.818263729370454,1.2956951729752258e-37,0.025070661182448946,0.034121358647233986,2266,2266,0,5,pca,fixed504,union,dgtw,size_tercile_2,890813
ld2_ridge_characteristics_textcore_pca_dgtw_fixed504_union,ridge,characteristics_textcore,504,ew_spread_bp,11.636068661880762,3.469865639782785,3.353463756195812,0.000798068651204982,4.83525697671347,18.436880347048053,2266,2266,0,5,pca,fixed504,union,dgtw,size_tercile_2,890813
ld2_ridge_characteristics_textcore_pca_dgtw_fixed504_union,ridge,characteristics_textcore,504,cap_spread_bp,11.169313249944146,3.574762436315547,3.1244910533009254,0.0017811293822755756,4.1629076214790155,18.175718878409278,2266,2266,0,5,pca,fixed504,union,dgtw,size_tercile_2,890813
ld2_lasso_characteristics_textcore_pca_dgtw_fixed504_retain,lasso,characteristics_textcore,504,rank_ic,0.028808635618494796,0.0023318096388896064,12.35462583996063,4.5989085990580984e-35,0.024238372707467818,0.03337889852952177,2266,2266,0,5,pca,fixed504,retain,dgtw,size_tercile_2,890813
ld2_lasso_characteristics_textcore_pca_dgtw_fixed504_retain,lasso,characteristics_textcore,504,ew_spread_bp,9.554038456518423,3.393910210137214,2.815053394159228,0.004876913030038172,2.9020966778867177,16.20598023515013,2266,2266,0,5,pca,fixed504,retain,dgtw,size_tercile_2,890813
ld2_lasso_characteristics_textcore_pca_dgtw_fixed504_retain,lasso,characteristics_textcore,504,cap_spread_bp,8.89539167079081,3.5896519782376557,2.478065206521222,0.01320970013935319,1.8598030764120468,15.930980265169573,2266,2266,0,5,pca,fixed504,retain,dgtw,size_tercile_2,890813
ld2_lasso_characteristics_textcore_pca_dgtw_fixed504_recent,lasso,characteristics_textcore,504,rank_ic,0.02918022441052811,0.0023191289179576584,12.582407206679,2.638649356945018e-36,0.024634815255825754,0.033725633565230465,2266,2266,0,5,pca,fixed504,recent,dgtw,size_tercile_2,890813
ld2_lasso_characteristics_textcore_pca_dgtw_fixed504_recent,lasso,characteristics_textcore,504,ew_spread_bp,8.990216126931221,3.3700928793173333,2.6676463969599364,0.007638460297717432,2.384955458914357,15.595476794948086,2266,2266,0,5,pca,fixed504,recent,dgtw,size_tercile_2,890813
ld2_lasso_characteristics_textcore_pca_dgtw_fixed504_recent,lasso,characteristics_textcore,504,cap_spread_bp,7.86890329785758,3.5274904605548625,2.230736946236795,0.0256985587906505,0.9551490393614417,14.782657556353719,2266,2266,0,5,pca,fixed504,recent,dgtw,size_tercile_2,890813
ld2_lasso_characteristics_textcore_pca_dgtw_fixed504_union,lasso,characteristics_textcore,504,rank_ic,0.02950484019597469,0.0023429348449486125,12.59311169475642,2.3040804950065894e-36,0.024912772281751473,0.0340969081101979,2266,2266,0,5,pca,fixed504,union,dgtw,size_tercile_2,890813
ld2_lasso_characteristics_textcore_pca_dgtw_fixed504_union,lasso,characteristics_textcore,504,ew_spread_bp,9.251858098706276,3.4027713994130635,2.7189184969352063,0.006549574429124491,2.5825487082337117,15.921167489178838,2266,2266,0,5,pca,fixed504,union,dgtw,size_tercile_2,890813
ld2_lasso_characteristics_textcore_pca_dgtw_fixed504_union,lasso,characteristics_textcore,504,cap_spread_bp,8.446848537402547,3.5681112798039747,2.367316452604191,0.01791760508948779,1.453478936155637,15.440218138649456,2266,2266,0,5,pca,fixed504,union,dgtw,size_tercile_2,890813
ld2_enet_characteristics_textcore_pca_dgtw_fixed504_retain,enet,characteristics_textcore,504,rank_ic,0.028879332459219066,0.0023325431019812826,12.381049865568917,3.309845466602197e-35,0.024307631986948415,0.03345103293148972,2266,2266,0,5,pca,fixed504,retain,dgtw,size_tercile_2,890813
ld2_enet_characteristics_textcore_pca_dgtw_fixed504_retain,enet,characteristics_textcore,504,ew_spread_bp,9.006416712369209,3.4108845993790347,2.6404929425078945,0.008278551687128054,2.3212057421639702,15.691627682574447,2266,2266,0,5,pca,fixed504,retain,dgtw,size_tercile_2,890813
ld2_enet_characteristics_textcore_pca_dgtw_fixed504_retain,enet,characteristics_textcore,504,cap_spread_bp,8.819392040304995,3.6049298113737414,2.4464809307741175,0.014425842834520707,1.7538594432176922,15.884924637392299,2266,2266,0,5,pca,fixed504,retain,dgtw,size_tercile_2,890813
ld2_enet_characteristics_textcore_pca_dgtw_fixed504_recent,enet,characteristics_textcore,504,rank_ic,0.029106406316188816,0.0023174755561835526,12.559531097761223,3.524150667539726e-36,0.02456423769101712,0.03364857494136051,2266,2266,0,5,pca,fixed504,recent,dgtw,size_tercile_2,890813
ld2_enet_characteristics_textcore_pca_dgtw_fixed504_recent,enet,characteristics_textcore,504,ew_spread_bp,8.004920257767923,3.417612376887897,2.342255169691673,0.019167605168801637,1.3065230859493155,14.70331742958653,2266,2266,0,5,pca,fixed504,recent,dgtw,size_tercile_2,890813
ld2_enet_characteristics_textcore_pca_dgtw_fixed504_recent,enet,characteristics_textcore,504,cap_spread_bp,6.863660526845154,3.5691057780407305,1.9230756816103605,0.054470545916769045,-0.13165825512848617,13.858979308818792,2266,2266,0,5,pca,fixed504,recent,dgtw,size_tercile_2,890813
ld2_enet_characteristics_textcore_pca_dgtw_fixed504_union,enet,characteristics_textcore,504,rank_ic,0.02947324131950911,0.002347745743517187,12.553847196142662,3.7865584242321374e-36,0.024871744217358212,0.034074738421660006,2266,2266,0,5,pca,fixed504,union,dgtw,size_tercile_2,890813
ld2_enet_characteristics_textcore_pca_dgtw_fixed504_union,enet,characteristics_textcore,504,ew_spread_bp,8.889787314552372,3.431161204403249,2.5908975955848432,0.009572597190355367,2.1648349287709294,15.614739700333814,2266,2266,0,5,pca,fixed504,union,dgtw,size_tercile_2,890813
ld2_enet_characteristics_textcore_pca_dgtw_fixed504_union,enet,characteristics_textcore,504,cap_spread_bp,8.393569691872111,3.6209553411968827,2.318053911456879,0.02044639127874597,1.2966276334982778,15.490511750245943,2266,2266,0,5,pca,fixed504,union,dgtw,size_tercile_2,890813
ld2_group_ridge_characteristics_textcore_pca_dgtw_fixed504_retain,group_ridge,characteristics_textcore,504,rank_ic,0.029209004977090645,0.0023217820916012475,12.580424787817305,2.70571026286135e-36,0.02465839569760212,0.03375961425657917,2266,2266,0,5,pca,fixed504,retain,dgtw,size_tercile_2,890813
ld2_group_ridge_characteristics_textcore_pca_dgtw_fixed504_retain,group_ridge,characteristics_textcore,504,ew_spread_bp,10.85729563947542,3.4592519175320207,3.138625315042532,0.0016974233820803237,4.077286467661539,17.637304811289304,2266,2266,0,5,pca,fixed504,retain,dgtw,size_tercile_2,890813
ld2_group_ridge_characteristics_textcore_pca_dgtw_fixed504_retain,group_ridge,characteristics_textcore,504,cap_spread_bp,10.345121636132353,3.5857567037691056,2.8850595538894925,0.003913396250474475,3.3171676394218466,17.37307563284286,2266,2266,0,5,pca,fixed504,retain,dgtw,size_tercile_2,890813
ld2_group_ridge_characteristics_textcore_pca_dgtw_fixed504_recent,group_ridge,characteristics_textcore,504,rank_ic,0.029050086778907837,0.0023069586348502674,12.59237436686563,2.3257079691636173e-36,0.024528530940777622,0.03357164261703805,2266,2266,0,5,pca,fixed504,recent,dgtw,size_tercile_2,890813
ld2_group_ridge_characteristics_textcore_pca_dgtw_fixed504_recent,group_ridge,characteristics_textcore,504,ew_spread_bp,10.895005976631781,3.444941646334215,3.1626097319312296,0.0015636179427634261,4.143044420974599,17.64696753228896,2266,2266,0,5,pca,fixed504,recent,dgtw,size_tercile_2,890813
ld2_group_ridge_characteristics_textcore_pca_dgtw_fixed504_recent,group_ridge,characteristics_textcore,504,cap_spread_bp,10.0942638872969,3.5254662662866587,2.8632422280781307,0.004193298565118843,3.184476976664154,17.004050797929647,2266,2266,0,5,pca,fixed504,recent,dgtw,size_tercile_2,890813
ld2_group_ridge_characteristics_textcore_pca_dgtw_fixed504_union,group_ridge,characteristics_textcore,504,rank_ic,0.029466855610309792,0.002332903140541027,12.630981157441491,1.4249037004569675e-36,0.024894449475428994,0.03403926174519059,2266,2266,0,5,pca,fixed504,union,dgtw,size_tercile_2,890813
ld2_group_ridge_characteristics_textcore_pca_dgtw_fixed504_union,group_ridge,characteristics_textcore,504,ew_spread_bp,11.116338110212308,3.485437891590262,3.1893662879588365,0.0014258508439162411,4.285005372344172,17.947670848080442,2266,2266,0,5,pca,fixed504,union,dgtw,size_tercile_2,890813
ld2_group_ridge_characteristics_textcore_pca_dgtw_fixed504_union,group_ridge,characteristics_textcore,504,cap_spread_bp,11.080971407132273,3.6252443036155753,3.0566137007872425,0.0022385256313776384,3.9756231368867567,18.18631967737779,2266,2266,0,5,pca,fixed504,union,dgtw,size_tercile_2,890813
ld2_ols_characteristics_full_dgtw_fixed504_retain,ols,characteristics,504,rank_ic,0.0167803594993338,0.0025960631319616595,6.4637717368044445,1.0212488882885674e-10,0.011692169259096694,0.02186854973957091,2266,2266,0,5,full,fixed504,retain,dgtw,size_tercile_3,965160
ld2_ols_characteristics_full_dgtw_fixed504_retain,ols,characteristics,504,ew_spread_bp,1.896232342724613,2.248744552180968,0.843240438708582,0.39909398631605564,-2.5112259899807365,6.303690675429962,2266,2266,0,5,full,fixed504,retain,dgtw,size_tercile_3,965160
ld2_ols_characteristics_full_dgtw_fixed504_retain,ols,characteristics,504,cap_spread_bp,3.338541500474393,2.219322022163853,1.5043069311858104,0.1325023552386712,-1.0112497330633623,7.688332734012148,2266,2266,0,5,full,fixed504,retain,dgtw,size_tercile_3,965160
ld2_ols_characteristics_full_dgtw_fixed504_recent,ols,characteristics,504,rank_ic,0.016796366025539657,0.00256018130820785,6.560615832828365,5.3586010532419806e-11,0.011778502867559631,0.021814229183519683,2266,2266,0,5,full,fixed504,recent,dgtw,size_tercile_3,965160
ld2_ols_characteristics_full_dgtw_fixed504_recent,ols,characteristics,504,ew_spread_bp,2.0018034734861216,2.22701947566885,0.8988711124247855,0.36872131652038387,-2.3630744916940993,6.366681438666342,2266,2266,0,5,full,fixed504,recent,dgtw,size_tercile_3,965160
ld2_ols_characteristics_full_dgtw_fixed504_recent,ols,characteristics,504,cap_spread_bp,2.044089909628018,2.2078955843550565,0.9258091388525116,0.35454517699452315,-2.2833059173329096,6.371485736588945,2266,2266,0,5,full,fixed504,recent,dgtw,size_tercile_3,965160
ld2_ols_characteristics_full_dgtw_fixed504_union,ols,characteristics,504,rank_ic,0.0171277705251384,0.002605753542699706,6.573058520105886,4.9292073518737906e-11,0.01202058742885932,0.022234953621417475,2266,2266,0,5,full,fixed504,union,dgtw,size_tercile_3,965160
ld2_ols_characteristics_full_dgtw_fixed504_union,ols,characteristics,504,ew_spread_bp,1.9401904569186323,2.2791723099021817,0.8512697563449698,0.39461952111329734,-2.526905185050607,6.407286098887871,2266,2266,0,5,full,fixed504,union,dgtw,size_tercile_3,965160
ld2_ols_characteristics_full_dgtw_fixed504_union,ols,characteristics,504,cap_spread_bp,3.478905342740761,2.246224920014212,1.5487787138960016,0.12143492420331027,-0.9236146016634588,7.88142528714498,2266,2266,0,5,full,fixed504,union,dgtw,size_tercile_3,965160
ld2_ridge_characteristics_full_dgtw_fixed504_retain,ridge,characteristics,504,rank_ic,0.015755731251258485,0.002518624158256422,6.25568971837615,3.957629021791841e-10,0.010819318610483387,0.020692143892033582,2266,2266,0,5,full,fixed504,retain,dgtw,size_tercile_3,965160
ld2_ridge_characteristics_full_dgtw_fixed504_retain,ridge,characteristics,504,ew_spread_bp,1.045851954191706,2.2753642921882666,0.4596415430189808,0.6457735351694193,-3.413780110205769,5.505484018589181,2266,2266,0,5,full,fixed504,retain,dgtw,size_tercile_3,965160
ld2_ridge_characteristics_full_dgtw_fixed504_retain,ridge,characteristics,504,cap_spread_bp,1.544886173655982,2.342655149694077,0.6594594914482936,0.5096007504614095,-3.0466335479416973,6.136405895253661,2266,2266,0,5,full,fixed504,retain,dgtw,size_tercile_3,965160
ld2_ridge_characteristics_full_dgtw_fixed504_recent,ridge,characteristics,504,rank_ic,0.015396192321731844,0.0024951340479941963,6.170487046220474,6.807995316295683e-10,0.010505819451063585,0.020286565192400102,2266,2266,0,5,full,fixed504,recent,dgtw,size_tercile_3,965160
ld2_ridge_characteristics_full_dgtw_fixed504_recent,ridge,characteristics,504,ew_spread_bp,0.6910597692263166,2.278592773829683,0.3032835779887235,0.7616737600663462,-3.7749000029130837,5.157019541365717,2266,2266,0,5,full,fixed504,recent,dgtw,size_tercile_3,965160
ld2_ridge_characteristics_full_dgtw_fixed504_recent,ridge,characteristics,504,cap_spread_bp,0.9671166112347078,2.3284979018383685,0.41533926677415567,0.6778935597217615,-3.5966554144455767,5.530888636914993,2266,2266,0,5,full,fixed504,recent,dgtw,size_tercile_3,965160
ld2_ridge_characteristics_full_dgtw_fixed504_union,ridge,characteristics,504,rank_ic,0.015708088942647233,0.0025247813937083956,6.221563966603545,4.922234005097363e-10,0.010759608342141935,0.02065656954315253,2266,2266,0,5,full,fixed504,union,dgtw,size_tercile_3,965160
ld2_ridge_characteristics_full_dgtw_fixed504_union,ridge,characteristics,504,ew_spread_bp,0.6397878664458554,2.300196453328886,0.27814487998185666,0.7809011452065635,-3.868514339445529,5.14809007233724,2266,2266,0,5,full,fixed504,union,dgtw,size_tercile_3,965160
ld2_ridge_characteristics_full_dgtw_fixed504_union,ridge,characteristics,504,cap_spread_bp,0.707097258535477,2.3464509819722097,0.3013475516719111,0.763149484096478,-3.891862157618698,5.306056674689652,2266,2266,0,5,full,fixed504,union,dgtw,size_tercile_3,965160
ld2_lasso_characteristics_full_dgtw_fixed504_retain,lasso,characteristics,504,rank_ic,0.01695916442959994,0.002579646910357997,6.574219270670028,4.890911188792097e-11,0.011903149392468242,0.022015179466731642,2266,2266,0,5,full,fixed504,retain,dgtw,size_tercile_3,965160
ld2_lasso_characteristics_full_dgtw_fixed504_retain,lasso,characteristics,504,ew_spread_bp,2.129608676204101,2.1783130984579318,0.9776412204984171,0.32825180269017085,-2.139806543825298,6.3990238962334995,2266,2266,0,5,full,fixed504,retain,dgtw,size_tercile_3,965160
ld2_lasso_characteristics_full_dgtw_fixed504_retain,lasso,characteristics,504,cap_spread_bp,2.66758509244857,2.31686469794792,1.1513771584552555,0.2495771066262813,-1.8733862725816244,7.208556457478764,2266,2266,0,5,full,fixed504,retain,dgtw,size_tercile_3,965160
ld2_lasso_characteristics_full_dgtw_fixed504_recent,lasso,characteristics,504,rank_ic,0.01662428363860158,0.00254181061504577,6.540331344985837,6.138268416589545e-11,0.011642426377590269,0.021606140899612894,2266,2266,0,5,full,fixed504,recent,dgtw,size_tercile_3,965160
ld2_lasso_characteristics_full_dgtw_fixed504_recent,lasso,characteristics,504,ew_spread_bp,1.4180763105396565,2.212045007079257,0.6410702793122903,0.5214770229403742,-2.9174522355173362,5.753604856596649,2266,2266,0,5,full,fixed504,recent,dgtw,size_tercile_3,965160
ld2_lasso_characteristics_full_dgtw_fixed504_recent,lasso,characteristics,504,cap_spread_bp,1.557365619076197,2.379071097321825,0.6546107936115736,0.5127183729330902,-3.105528048334765,6.22025928648716,2266,2266,0,5,full,fixed504,recent,dgtw,size_tercile_3,965160
ld2_lasso_characteristics_full_dgtw_fixed504_union,lasso,characteristics,504,rank_ic,0.017098695700916117,0.002592042269300357,6.5966114455114155,4.2066131986618395e-11,0.012018386206681945,0.02217900519515029,2266,2266,0,5,full,fixed504,union,dgtw,size_tercile_3,965160
ld2_lasso_characteristics_full_dgtw_fixed504_union,lasso,characteristics,504,ew_spread_bp,2.2229323352524517,2.238070582241315,0.993236027894302,0.3205949447201921,-2.1636054007991152,6.609470071304019,2266,2266,0,5,full,fixed504,union,dgtw,size_tercile_3,965160
ld2_lasso_characteristics_full_dgtw_fixed504_union,lasso,characteristics,504,cap_spread_bp,2.6136439476033027,2.4023400685173195,1.0879575218575928,0.2766138604527112,-2.094856065308129,7.322143960514735,2266,2266,0,5,full,fixed504,union,dgtw,size_tercile_3,965160
ld2_enet_characteristics_full_dgtw_fixed504_retain,enet,characteristics,504,rank_ic,0.017008713538144895,0.0025780237833017317,6.597578210221731,4.179282348412661e-11,0.011955879771585808,0.02206154730470398,2266,2266,0,5,full,fixed504,retain,dgtw,size_tercile_3,965160
ld2_enet_characteristics_full_dgtw_fixed504_retain,enet,characteristics,504,ew_spread_bp,2.054188720804296,2.1866042168409923,0.9394424034231499,0.34750365066325506,-2.2314767926474595,6.339854234256052,2266,2266,0,5,full,fixed504,retain,dgtw,size_tercile_3,965160
ld2_enet_characteristics_full_dgtw_fixed504_retain,enet,characteristics,504,cap_spread_bp,2.220925187950161,2.3415099270348314,0.9485012906875125,0.3428743160537492,-2.3683499384811184,6.81020031438144,2266,2266,0,5,full,fixed504,retain,dgtw,size_tercile_3,965160
ld2_enet_characteristics_full_dgtw_fixed504_recent,enet,characteristics,504,rank_ic,0.01656041706030601,0.0025414404090346784,6.516153989459936,7.2132925549668e-11,0.011579285389743298,0.021541548730868724,2266,2266,0,5,full,fixed504,recent,dgtw,size_tercile_3,965160
ld2_enet_characteristics_full_dgtw_fixed504_recent,enet,characteristics,504,ew_spread_bp,1.5040210543554406,2.203903317935273,0.6824351332092384,0.4949638465200814,-2.8155500742060227,5.823592182916904,2266,2266,0,5,full,fixed504,recent,dgtw,size_tercile_3,965160
ld2_enet_characteristics_full_dgtw_fixed504_recent,enet,characteristics,504,cap_spread_bp,1.697786138916555,2.3616136835792414,0.7189093418291026,0.47219678014357147,-2.9308916262957294,6.32646390412884,2266,2266,0,5,full,fixed504,recent,dgtw,size_tercile_3,965160
ld2_enet_characteristics_full_dgtw_fixed504_union,enet,characteristics,504,rank_ic,0.01705790408672912,0.002587587605718639,6.59220350608833,4.3334601708895466e-11,0.011986325572678357,0.022129482600779883,2266,2266,0,5,full,fixed504,union,dgtw,size_tercile_3,965160
ld2_enet_characteristics_full_dgtw_fixed504_union,enet,characteristics,504,ew_spread_bp,1.84935838306443,2.223335167753955,0.8317946883971967,0.405524842553294,-2.508298471294641,6.2070152374235015,2266,2266,0,5,full,fixed504,union,dgtw,size_tercile_3,965160
ld2_enet_characteristics_full_dgtw_fixed504_union,enet,characteristics,504,cap_spread_bp,2.125968040398915,2.3703788929275995,0.8968895423183514,0.3697778609259492,-2.519889219453105,6.771825300250935,2266,2266,0,5,full,fixed504,union,dgtw,size_tercile_3,965160
ld2_ols_characteristics_core_full_dgtw_fixed504_retain,ols,characteristics_core,504,rank_ic,0.017376113713090138,0.0025257444345839564,6.879600910989378,6.002046882010088e-12,0.0124257455871531,0.022326481839027176,2266,2266,0,5,full,fixed504,retain,dgtw,size_tercile_3,965160
ld2_ols_characteristics_core_full_dgtw_fixed504_retain,ols,characteristics_core,504,ew_spread_bp,3.990490810467076,2.2064594697230744,1.8085493367199306,0.07052104543553149,-0.3340902835374955,8.315071904471647,2266,2266,0,5,full,fixed504,retain,dgtw,size_tercile_3,965160
ld2_ols_characteristics_core_full_dgtw_fixed504_retain,ols,characteristics_core,504,cap_spread_bp,5.25729070673488,2.0183598472905024,2.6047340932749927,0.00919455868257427,1.3013780982037315,9.213203315266028,2266,2266,0,5,full,fixed504,retain,dgtw,size_tercile_3,965160
ld2_ols_characteristics_core_full_dgtw_fixed504_recent,ols,characteristics_core,504,rank_ic,0.01710153383333748,0.002491324898719602,6.864433395309736,6.675567727208637e-12,0.012218626758059164,0.021984440908615798,2266,2266,0,5,full,fixed504,recent,dgtw,size_tercile_3,965160
ld2_ols_characteristics_core_full_dgtw_fixed504_recent,ols,characteristics_core,504,ew_spread_bp,3.088988996634402,2.1823435580360937,1.415445787744898,0.15693783274965237,-1.1883257790093387,7.366303772278143,2266,2266,0,5,full,fixed504,recent,dgtw,size_tercile_3,965160
ld2_ols_characteristics_core_full_dgtw_fixed504_recent,ols,characteristics_core,504,cap_spread_bp,3.533580104761642,1.9578937717133535,1.8047864270334775,0.07110810914930299,-0.303821173351817,7.370981382875101,2266,2266,0,5,full,fixed504,recent,dgtw,size_tercile_3,965160
ld2_ols_characteristics_core_full_dgtw_fixed504_union,ols,characteristics_core,504,rank_ic,0.017591361483012782,0.0025348207647579194,6.939883769136156,3.9242267545010684e-12,0.012623204076822984,0.02255951888920258,2266,2266,0,5,full,fixed504,union,dgtw,size_tercile_3,965160
ld2_ols_characteristics_core_full_dgtw_fixed504_union,ols,characteristics_core,504,ew_spread_bp,4.47998412952787,2.208050296961036,2.028932101634515,0.04246520653106779,0.1522850714312689,8.807683187624471,2266,2266,0,5,full,fixed504,union,dgtw,size_tercile_3,965160
ld2_ols_characteristics_core_full_dgtw_fixed504_union,ols,characteristics_core,504,cap_spread_bp,5.517083460159938,1.9821582754473082,2.7833718066307864,0.005379711712962735,1.6321246286251898,9.402042291694686,2266,2266,0,5,full,fixed504,union,dgtw,size_tercile_3,965160
ld2_ridge_characteristics_core_full_dgtw_fixed504_retain,ridge,characteristics_core,504,rank_ic,0.0172538489283284,0.0025408882264371514,6.790479309088637,1.1176160641232781e-11,0.012273799515769727,0.02223389834088707,2266,2266,0,5,full,fixed504,retain,dgtw,size_tercile_3,965160
ld2_ridge_characteristics_core_full_dgtw_fixed504_retain,ridge,characteristics_core,504,ew_spread_bp,3.4552297078427725,2.302712846268906,1.5005039440507284,0.13348391262556422,-1.058004537582002,7.9684639532675465,2266,2266,0,5,full,fixed504,retain,dgtw,size_tercile_3,965160
ld2_ridge_characteristics_core_full_dgtw_fixed504_retain,ridge,characteristics_core,504,cap_spread_bp,3.657918048113727,2.2768230074628995,1.6065886703199665,0.10814462948698778,-0.8045730456857267,8.12040914191318,2266,2266,0,5,full,fixed504,retain,dgtw,size_tercile_3,965160
ld2_ridge_characteristics_core_full_dgtw_fixed504_recent,ridge,characteristics_core,504,rank_ic,0.016784249541670262,0.002511746694507654,6.68230183337029,2.3521792211690402e-11,0.01186131648214773,0.021707182601192795,2266,2266,0,5,full,fixed504,recent,dgtw,size_tercile_3,965160
ld2_ridge_characteristics_core_full_dgtw_fixed504_recent,ridge,characteristics_core,504,ew_spread_bp,2.863559938027031,2.3541998714949006,1.2163622862695556,0.22384694389843018,-1.7505870225117977,7.4777068985658595,2266,2266,0,5,full,fixed504,recent,dgtw,size_tercile_3,965160
ld2_ridge_characteristics_core_full_dgtw_fixed504_recent,ridge,characteristics_core,504,cap_spread_bp,4.111765555817516,2.3778065733114317,1.7292262549730026,0.08376860912449823,-0.5486496900754902,8.772180801710523,2266,2266,0,5,full,fixed504,recent,dgtw,size_tercile_3,965160
ld2_ridge_characteristics_core_full_dgtw_fixed504_union,ridge,characteristics_core,504,rank_ic,0.01721309747991321,0.0025418836601971005,6.771788083557879,1.2720036878958261e-11,0.012231097053036044,0.022195097906790376,2266,2266,0,5,full,fixed504,union,dgtw,size_tercile_3,965160
ld2_ridge_characteristics_core_full_dgtw_fixed504_union,ridge,characteristics_core,504,ew_spread_bp,3.4909762973788427,2.314698959903187,1.5081772437158971,0.13150916982619637,-1.0457502990837262,8.027702893841411,2266,2266,0,5,full,fixed504,union,dgtw,size_tercile_3,965160
ld2_ridge_characteristics_core_full_dgtw_fixed504_union,ridge,characteristics_core,504,cap_spread_bp,4.415763304635618,2.2985775020415034,1.9210852367230238,0.054720962509165055,-0.0893658150397707,8.920892424311006,2266,2266,0,5,full,fixed504,union,dgtw,size_tercile_3,965160
ld2_lasso_characteristics_core_full_dgtw_fixed504_retain,lasso,characteristics_core,504,rank_ic,0.01750613652011825,0.00258240043853531,6.77901701799873,1.2099627640742778e-11,0.0124447246669286,0.022567548373307898,2266,2266,0,5,full,fixed504,retain,dgtw,size_tercile_3,965160
ld2_lasso_characteristics_core_full_dgtw_fixed504_retain,lasso,characteristics_core,504,ew_spread_bp,3.530231240505653,2.236477216616422,1.5784785171415956,0.11445571966617253,-0.8531835563069188,7.913646037318225,2266,2266,0,5,full,fixed504,retain,dgtw,size_tercile_3,965160
ld2_lasso_characteristics_core_full_dgtw_fixed504_retain,lasso,characteristics_core,504,cap_spread_bp,4.199615147666833,2.2623137980163754,1.856336265706865,0.06340564297858885,-0.23443841817328526,8.633668713506951,2266,2266,0,5,full,fixed504,retain,dgtw,size_tercile_3,965160
ld2_lasso_characteristics_core_full_dgtw_fixed504_recent,lasso,characteristics_core,504,rank_ic,0.016897734244659412,0.0025474359571756636,6.633232210239307,3.284145282132365e-11,0.011904851515672792,0.021890616973646033,2266,2266,0,5,full,fixed504,recent,dgtw,size_tercile_3,965160
ld2_lasso_characteristics_core_full_dgtw_fixed504_recent,lasso,characteristics_core,504,ew_spread_bp,2.679502276766204,2.2295280250163967,1.201824891502092,0.22943137932770497,-1.6902923547886504,7.049296908321058,2266,2266,0,5,full,fixed504,recent,dgtw,size_tercile_3,965160
ld2_lasso_characteristics_core_full_dgtw_fixed504_recent,lasso,characteristics_core,504,cap_spread_bp,3.2004366736714327,2.323751608605906,1.3772714182612138,0.16842834845344412,-1.3540327882131584,7.754906135556023,2266,2266,0,5,full,fixed504,recent,dgtw,size_tercile_3,965160
ld2_lasso_characteristics_core_full_dgtw_fixed504_union,lasso,characteristics_core,504,rank_ic,0.017495769774997248,0.00258650181782515,6.764259609029967,1.3399263356329252e-11,0.012426319366112574,0.02256522018388192,2266,2266,0,5,full,fixed504,union,dgtw,size_tercile_3,965160
ld2_lasso_characteristics_core_full_dgtw_fixed504_union,lasso,characteristics_core,504,ew_spread_bp,3.6626958305599646,2.240230541096677,1.6349637965237886,0.1020566372376304,-0.7280753470561998,8.05346700817613,2266,2266,0,5,full,fixed504,union,dgtw,size_tercile_3,965160
ld2_lasso_characteristics_core_full_dgtw_fixed504_union,lasso,characteristics_core,504,cap_spread_bp,4.730816660181907,2.28778435993933,2.0678595164044937,0.0386532351920089,0.2468417103068008,9.214791610057013,2266,2266,0,5,full,fixed504,union,dgtw,size_tercile_3,965160
ld2_enet_characteristics_core_full_dgtw_fixed504_retain,enet,characteristics_core,504,rank_ic,0.017688313917458214,0.002581395951343982,6.8522281164379075,7.270848791091994e-12,0.012628870822986499,0.02274775701192993,2266,2266,0,5,full,fixed504,retain,dgtw,size_tercile_3,965160
ld2_enet_characteristics_core_full_dgtw_fixed504_retain,enet,characteristics_core,504,ew_spread_bp,3.814193252079935,2.241280514748129,1.70179200103766,0.08879436651610788,-0.5786358360777912,8.20702234023766,2266,2266,0,5,full,fixed504,retain,dgtw,size_tercile_3,965160
ld2_enet_characteristics_core_full_dgtw_fixed504_retain,enet,characteristics_core,504,cap_spread_bp,4.252422959864788,2.2476771979406167,1.8919188946530996,0.05850178789364065,-0.152943396970727,8.657789316700303,2266,2266,0,5,full,fixed504,retain,dgtw,size_tercile_3,965160
ld2_enet_characteristics_core_full_dgtw_fixed504_recent,enet,characteristics_core,504,rank_ic,0.017033025907636168,0.002547946080398458,6.685002496195867,2.3092070791454912e-11,0.012039143355505193,0.022026908459767142,2266,2266,0,5,full,fixed504,recent,dgtw,size_tercile_3,965160
ld2_enet_characteristics_core_full_dgtw_fixed504_recent,enet,characteristics_core,504,ew_spread_bp,2.9898671512428785,2.223806985989902,1.3444814096183684,0.17879276402608868,-1.3687144498658976,7.348448752351654,2266,2266,0,5,full,fixed504,recent,dgtw,size_tercile_3,965160
ld2_enet_characteristics_core_full_dgtw_fixed504_recent,enet,characteristics_core,504,cap_spread_bp,3.7615501788454537,2.301388672461483,1.634469754655668,0.10216025196367817,-0.7490887336075005,8.272189091298408,2266,2266,0,5,full,fixed504,recent,dgtw,size_tercile_3,965160
ld2_enet_characteristics_core_full_dgtw_fixed504_union,enet,characteristics_core,504,rank_ic,0.017689555084702463,0.0025883176881389097,6.834383262056933,8.23585698706533e-12,0.012616545635402224,0.022762564534002702,2266,2266,0,5,full,fixed504,union,dgtw,size_tercile_3,965160
ld2_enet_characteristics_core_full_dgtw_fixed504_union,enet,characteristics_core,504,ew_spread_bp,3.464350451189774,2.2456656600496534,1.5426830951821984,0.122907685472338,-0.937073363825915,7.865774266205463,2266,2266,0,5,full,fixed504,union,dgtw,size_tercile_3,965160
ld2_enet_characteristics_core_full_dgtw_fixed504_union,enet,characteristics_core,504,cap_spread_bp,4.691353275640682,2.280408988720442,2.0572420556336444,0.03966294800627279,0.22183378772720985,9.160872763554154,2266,2266,0,5,full,fixed504,union,dgtw,size_tercile_3,965160
ld2_group_ridge_characteristics_core_full_dgtw_fixed504_retain,group_ridge,characteristics_core,504,rank_ic,0.01713925761087466,0.0025492373098144317,6.723288390958898,1.776684389292005e-11,0.012142844295592599,0.022135670926156724,2266,2266,0,5,full,fixed504,retain,dgtw,size_tercile_3,965160
ld2_group_ridge_characteristics_core_full_dgtw_fixed504_retain,group_ridge,characteristics_core,504,ew_spread_bp,3.494945152877204,2.3054752022126994,1.5159326587086692,0.12953638119359312,-1.023703210709885,8.013593516464294,2266,2266,0,5,full,fixed504,retain,dgtw,size_tercile_3,965160
ld2_group_ridge_characteristics_core_full_dgtw_fixed504_retain,group_ridge,characteristics_core,504,cap_spread_bp,4.274816131424744,2.309584017739911,1.8509030624518912,0.06418350010952678,-0.2518853626147983,8.801517625464287,2266,2266,0,5,full,fixed504,retain,dgtw,size_tercile_3,965160
ld2_group_ridge_characteristics_core_full_dgtw_fixed504_recent,group_ridge,characteristics_core,504,rank_ic,0.016663132024533112,0.0025198764824207283,6.612678097827087,3.7742860437507374e-11,0.011724264873499007,0.021601999175567217,2266,2266,0,5,full,fixed504,recent,dgtw,size_tercile_3,965160
ld2_group_ridge_characteristics_core_full_dgtw_fixed504_recent,group_ridge,characteristics_core,504,ew_spread_bp,2.834926983594475,2.3466413052204973,1.2080785321930985,0.22701705642917924,-1.7644054592717642,7.434259426460715,2266,2266,0,5,full,fixed504,recent,dgtw,size_tercile_3,965160
ld2_group_ridge_characteristics_core_full_dgtw_fixed504_recent,group_ridge,characteristics_core,504,cap_spread_bp,4.103150176088534,2.399772546081901,1.7098079494190943,0.08730139254049993,-0.6003175853199787,8.806617937497048,2266,2266,0,5,full,fixed504,recent,dgtw,size_tercile_3,965160
ld2_group_ridge_characteristics_core_full_dgtw_fixed504_union,group_ridge,characteristics_core,504,rank_ic,0.017076748736422842,0.0025507952850497852,6.694676298215576,2.161495571194593e-11,0.012077281845790683,0.022076215627055,2266,2266,0,5,full,fixed504,union,dgtw,size_tercile_3,965160
ld2_group_ridge_characteristics_core_full_dgtw_fixed504_union,group_ridge,characteristics_core,504,ew_spread_bp,3.474498411953269,2.314184385391818,1.5013922113924367,0.13325414720434967,-1.0612196369996547,8.010216460906193,2266,2266,0,5,full,fixed504,union,dgtw,size_tercile_3,965160
ld2_group_ridge_characteristics_core_full_dgtw_fixed504_union,group_ridge,characteristics_core,504,cap_spread_bp,4.57311178683124,2.3448358474977047,1.9502908025358976,0.05114146828600733,-0.0226820239227159,9.168905597585196,2266,2266,0,5,full,fixed504,union,dgtw,size_tercile_3,965160
ld2_ols_characteristics_textcore_full_dgtw_fixed504_retain,ols,characteristics_textcore,504,rank_ic,0.013789314489290622,0.0019646078591909442,7.018863548153204,2.2368009313777415e-12,0.009938753841532033,0.01763987513704921,2266,2266,0,5,full,fixed504,retain,dgtw,size_tercile_3,965160
ld2_ols_characteristics_textcore_full_dgtw_fixed504_retain,ols,characteristics_textcore,504,ew_spread_bp,2.6164003601066836,1.7878289906738578,1.4634511319343388,0.1433439761288755,-0.8876800721306739,6.120480792344042,2266,2266,0,5,full,fixed504,retain,dgtw,size_tercile_3,965160
ld2_ols_characteristics_textcore_full_dgtw_fixed504_retain,ols,characteristics_textcore,504,cap_spread_bp,2.836457612788967,1.647990178214377,1.7211617218873918,0.08522148168071239,-0.3935437833869573,6.066459008964891,2266,2266,0,5,full,fixed504,retain,dgtw,size_tercile_3,965160
ld2_ols_characteristics_textcore_full_dgtw_fixed504_recent,ols,characteristics_textcore,504,rank_ic,0.014535724943179347,0.0020165308356808846,7.208283000676921,5.666177678833241e-13,0.010583397131530356,0.018488052754828337,2266,2266,0,5,full,fixed504,recent,dgtw,size_tercile_3,965160
ld2_ols_characteristics_textcore_full_dgtw_fixed504_recent,ols,characteristics_textcore,504,ew_spread_bp,3.063085469313218,1.8151219398900287,1.6875370199639583,0.09150013775903626,-0.4944881604197149,6.620659099046151,2266,2266,0,5,full,fixed504,recent,dgtw,size_tercile_3,965160
ld2_ols_characteristics_textcore_full_dgtw_fixed504_recent,ols,characteristics_textcore,504,cap_spread_bp,3.100925573026364,1.6363337459162826,1.8950446880199048,0.05808648153557007,-0.10622963565706556,6.308080781709793,2266,2266,0,5,full,fixed504,recent,dgtw,size_tercile_3,965160
ld2_ols_characteristics_textcore_full_dgtw_fixed504_union,ols,characteristics_textcore,504,rank_ic,0.014840627667985891,0.0020629804157361897,7.193780200133361,6.302162190526472e-13,0.010797260352331492,0.01888399498364029,2266,2266,0,5,full,fixed504,union,dgtw,size_tercile_3,965160
ld2_ols_characteristics_textcore_full_dgtw_fixed504_union,ols,characteristics_textcore,504,ew_spread_bp,2.4870368652563366,1.8661329923649093,1.332722199024288,0.18262298550253375,-1.1705165901408452,6.144590320653519,2266,2266,0,5,full,fixed504,union,dgtw,size_tercile_3,965160
ld2_ols_characteristics_textcore_full_dgtw_fixed504_union,ols,characteristics_textcore,504,cap_spread_bp,2.544235640775527,1.6736750153660016,1.5201491433025605,0.12847349580857736,-0.736107111166358,5.824578392717411,2266,2266,0,5,full,fixed504,union,dgtw,size_tercile_3,965160
ld2_ridge_characteristics_textcore_full_dgtw_fixed504_retain,ridge,characteristics_textcore,504,rank_ic,0.015110450793917683,0.0021967679705719436,6.878491946504288,6.048946941131213e-12,0.010804864689205527,0.01941603689862984,2266,2266,0,5,full,fixed504,retain,dgtw,size_tercile_3,965160
ld2_ridge_characteristics_textcore_full_dgtw_fixed504_retain,ridge,characteristics_textcore,504,ew_spread_bp,2.0250779420954177,2.0491055927363027,0.9882740788341711,0.32301843668268926,-1.991095220187335,6.041251104378171,2266,2266,0,5,full,fixed504,retain,dgtw,size_tercile_3,965160
ld2_ridge_characteristics_textcore_full_dgtw_fixed504_retain,ridge,characteristics_textcore,504,cap_spread_bp,1.7652190357086948,2.139928354291701,0.8248963252290602,0.4094304528114804,-2.4289634681991084,5.959401539616498,2266,2266,0,5,full,fixed504,retain,dgtw,size_tercile_3,965160
ld2_ridge_characteristics_textcore_full_dgtw_fixed504_recent,ridge,characteristics_textcore,504,rank_ic,0.014589796266329558,0.002204462346137345,6.618301415714255,3.6334958893401194e-11,0.010269129462625691,0.018910463070033426,2266,2266,0,5,full,fixed504,recent,dgtw,size_tercile_3,965160
ld2_ridge_characteristics_textcore_full_dgtw_fixed504_recent,ridge,characteristics_textcore,504,ew_spread_bp,2.5483432879460546,2.094131470642417,1.2168974697487827,0.22364322844928752,-1.55607897340498,6.652765549297089,2266,2266,0,5,full,fixed504,recent,dgtw,size_tercile_3,965160
ld2_ridge_characteristics_textcore_full_dgtw_fixed504_recent,ridge,characteristics_textcore,504,cap_spread_bp,2.2298678478140164,2.197296910808829,1.0148231842701667,0.3101901200976449,-2.076754960712408,6.53649065634044,2266,2266,0,5,full,fixed504,recent,dgtw,size_tercile_3,965160
ld2_ridge_characteristics_textcore_full_dgtw_fixed504_union,ridge,characteristics_textcore,504,rank_ic,0.015297976556870534,0.0022514219049457117,6.794806661188371,1.0845787927622171e-11,0.010885270709172378,0.01971068240456869,2266,2266,0,5,full,fixed504,union,dgtw,size_tercile_3,965160
ld2_ridge_characteristics_textcore_full_dgtw_fixed504_union,ridge,characteristics_textcore,504,ew_spread_bp,2.549855413460391,2.0562063674010918,1.2400775787321574,0.21494670112975345,-1.4802350114276837,6.579945838348465,2266,2266,0,5,full,fixed504,union,dgtw,size_tercile_3,965160
ld2_ridge_characteristics_textcore_full_dgtw_fixed504_union,ridge,characteristics_textcore,504,cap_spread_bp,2.584461602590116,2.18561675535909,1.1824861775300113,0.23701284691408242,-1.6992685219209904,6.868191727101223,2266,2266,0,5,full,fixed504,union,dgtw,size_tercile_3,965160
ld2_lasso_characteristics_textcore_full_dgtw_fixed504_retain,lasso,characteristics_textcore,504,rank_ic,0.016977550563870708,0.002491208064484574,6.814986996031313,9.427229274782926e-12,0.012094872479485206,0.021860228648256208,2266,2266,0,5,full,fixed504,retain,dgtw,size_tercile_3,965160
ld2_lasso_characteristics_textcore_full_dgtw_fixed504_retain,lasso,characteristics_textcore,504,ew_spread_bp,3.17988521321906,2.2066330182831213,1.441057569098273,0.1495684194644071,-1.1450360297127729,7.5048064561508925,2266,2266,0,5,full,fixed504,retain,dgtw,size_tercile_3,965160
ld2_lasso_characteristics_textcore_full_dgtw_fixed504_retain,lasso,characteristics_textcore,504,cap_spread_bp,3.1610073946799213,2.2362613966172797,1.4135232131008812,0.15750194097820192,-1.2219844027071884,7.543999192067031,2266,2266,0,5,full,fixed504,retain,dgtw,size_tercile_3,965160
ld2_lasso_characteristics_textcore_full_dgtw_fixed504_recent,lasso,characteristics_textcore,504,rank_ic,0.016186544789852316,0.002483033918522329,6.518857704322075,7.08448199804996e-11,0.011319887737157188,0.021053201842547442,2266,2266,0,5,full,fixed504,recent,dgtw,size_tercile_3,965160
ld2_lasso_characteristics_textcore_full_dgtw_fixed504_recent,lasso,characteristics_textcore,504,ew_spread_bp,3.4595671415538565,2.182227172360051,1.5853377619766227,0.1128896136953722,-0.8175195223565241,7.736653805464237,2266,2266,0,5,full,fixed504,recent,dgtw,size_tercile_3,965160
ld2_lasso_characteristics_textcore_full_dgtw_fixed504_recent,lasso,characteristics_textcore,504,cap_spread_bp,3.821951695871549,2.30349128794798,1.6591995445644858,0.09707558935899221,-0.6928082672082745,8.336711658951373,2266,2266,0,5,full,fixed504,recent,dgtw,size_tercile_3,965160
ld2_lasso_characteristics_textcore_full_dgtw_fixed504_union,lasso,characteristics_textcore,504,rank_ic,0.01692321712314122,0.002515192832562981,6.728397482707703,1.7154179122830507e-11,0.011993529757144496,0.021852904489137945,2266,2266,0,5,full,fixed504,union,dgtw,size_tercile_3,965160
ld2_lasso_characteristics_textcore_full_dgtw_fixed504_union,lasso,characteristics_textcore,504,ew_spread_bp,3.5269208032254733,2.20211799600682,1.6016039147861132,0.10924322458514453,-0.7891511586554127,7.842992765106359,2266,2266,0,5,full,fixed504,union,dgtw,size_tercile_3,965160
ld2_lasso_characteristics_textcore_full_dgtw_fixed504_union,lasso,characteristics_textcore,504,cap_spread_bp,4.050690472923529,2.271823795522263,1.7830126090356966,0.07458425080884085,-0.4020023455211943,8.503383291368252,2266,2266,0,5,full,fixed504,union,dgtw,size_tercile_3,965160
ld2_enet_characteristics_textcore_full_dgtw_fixed504_retain,enet,characteristics_textcore,504,rank_ic,0.017115005247795717,0.0025142712146049608,6.807143616161078,9.955553762099364e-12,0.012187124219804217,0.022042886275787217,2266,2266,0,5,full,fixed504,retain,dgtw,size_tercile_3,965160
ld2_enet_characteristics_textcore_full_dgtw_fixed504_retain,enet,characteristics_textcore,504,ew_spread_bp,3.346113830746184,2.2133411050723826,1.5117931091045078,0.13058650298020963,-0.9919550206977692,7.684182682190137,2266,2266,0,5,full,fixed504,retain,dgtw,size_tercile_3,965160
ld2_enet_characteristics_textcore_full_dgtw_fixed504_retain,enet,characteristics_textcore,504,cap_spread_bp,3.687715395713639,2.270528860760516,1.624165831778256,0.10434042100609996,-0.7624393972357315,8.13787018866301,2266,2266,0,5,full,fixed504,retain,dgtw,size_tercile_3,965160
ld2_enet_characteristics_textcore_full_dgtw_fixed504_recent,enet,characteristics_textcore,504,rank_ic,0.016217369406517877,0.0024949172295628485,6.500163297745726,8.023287141717081e-11,0.011327421492166244,0.021107317320869512,2266,2266,0,5,full,fixed504,recent,dgtw,size_tercile_3,965160
ld2_enet_characteristics_textcore_full_dgtw_fixed504_recent,enet,characteristics_textcore,504,ew_spread_bp,3.495397641782919,2.1838148603839462,1.6005924793315023,0.10946720908193504,-0.7848008334729819,7.77559611703882,2266,2266,0,5,full,fixed504,recent,dgtw,size_tercile_3,965160
ld2_enet_characteristics_textcore_full_dgtw_fixed504_recent,enet,characteristics_textcore,504,cap_spread_bp,4.117392132970969,2.303714285877224,1.7872841950116747,0.07389156718654857,-0.3978048980187996,8.632589163960738,2266,2266,0,5,full,fixed504,recent,dgtw,size_tercile_3,965160
ld2_enet_characteristics_textcore_full_dgtw_fixed504_union,enet,characteristics_textcore,504,rank_ic,0.017023872666878076,0.0025361097894702083,6.7125929396117945,1.9119594450103463e-11,0.01205318881867701,0.021994556515079144,2266,2266,0,5,full,fixed504,union,dgtw,size_tercile_3,965160
ld2_enet_characteristics_textcore_full_dgtw_fixed504_union,enet,characteristics_textcore,504,ew_spread_bp,3.4913122561432743,2.213235090271386,1.5774701347768578,0.11468738873609101,-0.8465488101088976,7.829173322395446,2266,2266,0,5,full,fixed504,union,dgtw,size_tercile_3,965160
ld2_enet_characteristics_textcore_full_dgtw_fixed504_union,enet,characteristics_textcore,504,cap_spread_bp,3.723398666216821,2.2735402816754373,1.6377095652217524,0.10148229430691626,-0.7326584032680863,8.179455735701728,2266,2266,0,5,full,fixed504,union,dgtw,size_tercile_3,965160
ld2_group_ridge_characteristics_textcore_full_dgtw_fixed504_retain,group_ridge,characteristics_textcore,504,rank_ic,0.016834199288642916,0.0025181649630497873,6.685105835264567,2.3075781378005468e-11,0.011898686653934697,0.021769711923351136,2266,2266,0,5,full,fixed504,retain,dgtw,size_tercile_3,965160
ld2_group_ridge_characteristics_textcore_full_dgtw_fixed504_retain,group_ridge,characteristics_textcore,504,ew_spread_bp,3.28827235397037,2.254741080586369,1.4583813557498233,0.14473545678147706,-1.1309389584418361,7.707483666382576,2266,2266,0,5,full,fixed504,retain,dgtw,size_tercile_3,965160
ld2_group_ridge_characteristics_textcore_full_dgtw_fixed504_retain,group_ridge,characteristics_textcore,504,cap_spread_bp,3.9299308475921944,2.2923065992530263,1.714400180531176,0.08645525540452076,-0.5629075284672282,8.422769223651617,2266,2266,0,5,full,fixed504,retain,dgtw,size_tercile_3,965160
ld2_group_ridge_characteristics_textcore_full_dgtw_fixed504_recent,group_ridge,characteristics_textcore,504,rank_ic,0.016320895849179545,0.002495869858518986,6.539161404378726,6.18647322203805e-11,0.011429080816383252,0.021212710881975835,2266,2266,0,5,full,fixed504,recent,dgtw,size_tercile_3,965160
ld2_group_ridge_characteristics_textcore_full_dgtw_fixed504_recent,group_ridge,characteristics_textcore,504,ew_spread_bp,2.823370449409947,2.3226333922251876,1.2155902256726925,0.22414105940568185,-1.7289073486415134,7.375648247461408,2266,2266,0,5,full,fixed504,recent,dgtw,size_tercile_3,965160
ld2_group_ridge_characteristics_textcore_full_dgtw_fixed504_recent,group_ridge,characteristics_textcore,504,cap_spread_bp,4.300736624030587,2.4328923214128264,1.7677463922994618,0.07710331048894929,-0.4676447042025984,9.069117952263772,2266,2266,0,5,full,fixed504,recent,dgtw,size_tercile_3,965160
ld2_group_ridge_characteristics_textcore_full_dgtw_fixed504_union,group_ridge,characteristics_textcore,504,rank_ic,0.016790523362193346,0.0025238704725206143,6.652688220336635,2.8778742015891416e-11,0.011843828134408855,0.02173721858997784,2266,2266,0,5,full,fixed504,union,dgtw,size_tercile_3,965160
ld2_group_ridge_characteristics_textcore_full_dgtw_fixed504_union,group_ridge,characteristics_textcore,504,ew_spread_bp,3.2645658043818337,2.2682615307507246,1.43923694870466,0.1500834001156863,-1.1811451034072786,7.710276712170947,2266,2266,0,5,full,fixed504,union,dgtw,size_tercile_3,965160
ld2_group_ridge_characteristics_textcore_full_dgtw_fixed504_union,group_ridge,characteristics_textcore,504,cap_spread_bp,4.733540131426502,2.3749817818876156,1.9930848175451368,0.046252160208293806,0.0786613749880134,9.38841888786499,2266,2266,0,5,full,fixed504,union,dgtw,size_tercile_3,965160
ld2_ols_characteristics_textcore_pca_dgtw_fixed504_retain,ols,characteristics_textcore,504,rank_ic,0.017005384220779796,0.0024321527323188387,6.991906385980411,2.7117581331967026e-12,0.012238452460534184,0.021772315981025407,2266,2266,0,5,pca,fixed504,retain,dgtw,size_tercile_3,965160
ld2_ols_characteristics_textcore_pca_dgtw_fixed504_retain,ols,characteristics_textcore,504,ew_spread_bp,3.661145003092405,2.1264628666152072,1.7217065299240446,0.08512269384735525,-0.5066456299352025,7.828935636120012,2266,2266,0,5,pca,fixed504,retain,dgtw,size_tercile_3,965160
ld2_ols_characteristics_textcore_pca_dgtw_fixed504_retain,ols,characteristics_textcore,504,cap_spread_bp,3.3411657589692685,1.7770014445470306,1.8802268108571818,0.06007717311082921,-0.14169307281856147,6.824024590757098,2266,2266,0,5,pca,fixed504,retain,dgtw,size_tercile_3,965160
ld2_ols_characteristics_textcore_pca_dgtw_fixed504_recent,ols,characteristics_textcore,504,rank_ic,0.0164207164484525,0.002402766968116729,6.834086145825009,8.252942246556067e-12,0.01171137972770121,0.02113005316920379,2266,2266,0,5,pca,fixed504,recent,dgtw,size_tercile_3,965160
ld2_ols_characteristics_textcore_pca_dgtw_fixed504_recent,ols,characteristics_textcore,504,ew_spread_bp,2.8791564631731745,2.1752912542162797,1.3235728583897082,0.18564494420438704,-1.3843360509756968,7.142648977322046,2266,2266,0,5,pca,fixed504,recent,dgtw,size_tercile_3,965160
ld2_ols_characteristics_textcore_pca_dgtw_fixed504_recent,ols,characteristics_textcore,504,cap_spread_bp,2.606580552532813,1.8316234545711085,1.4230984791266323,0.15470760919611454,-0.9833354516653956,6.196496556731022,2266,2266,0,5,pca,fixed504,recent,dgtw,size_tercile_3,965160
ld2_ols_characteristics_textcore_pca_dgtw_fixed504_union,ols,characteristics_textcore,504,rank_ic,0.016934341978506955,0.0024475880011819145,6.9187877903999935,4.555246204873761e-12,0.012137157647198023,0.021731526309815886,2266,2266,0,5,pca,fixed504,union,dgtw,size_tercile_3,965160
ld2_ols_characteristics_textcore_pca_dgtw_fixed504_union,ols,characteristics_textcore,504,ew_spread_bp,3.53301202872108,2.1558145000853006,1.6388293281176496,0.10124880936483117,-0.6923067487953309,7.758330806237491,2266,2266,0,5,pca,fixed504,union,dgtw,size_tercile_3,965160
ld2_ols_characteristics_textcore_pca_dgtw_fixed504_union,ols,characteristics_textcore,504,cap_spread_bp,4.186173675807686,1.7845945625018813,2.345728135548588,0.018989953148649874,0.6884326062979844,7.683914745317388,2266,2266,0,5,pca,fixed504,union,dgtw,size_tercile_3,965160
ld2_ridge_characteristics_textcore_pca_dgtw_fixed504_retain,ridge,characteristics_textcore,504,rank_ic,0.01671328093796205,0.0024669224250646574,6.7749519677433705,1.2444759793241625e-11,0.01187820183218111,0.021548360043742987,2266,2266,0,5,pca,fixed504,retain,dgtw,size_tercile_3,965160
ld2_ridge_characteristics_textcore_pca_dgtw_fixed504_retain,ridge,characteristics_textcore,504,ew_spread_bp,2.5769028903568025,2.225879096672084,1.1577011950961464,0.24698599609566296,-1.7857399730610317,6.939545753774636,2266,2266,0,5,pca,fixed504,retain,dgtw,size_tercile_3,965160
ld2_ridge_characteristics_textcore_pca_dgtw_fixed504_retain,ridge,characteristics_textcore,504,cap_spread_bp,2.9337228672704034,2.3042736297235207,1.2731660118084185,0.20295913854087544,-1.5825704575130812,7.450016192053888,2266,2266,0,5,pca,fixed504,retain,dgtw,size_tercile_3,965160
ld2_ridge_characteristics_textcore_pca_dgtw_fixed504_recent,ridge,characteristics_textcore,504,rank_ic,0.01613287644900766,0.0024560401777812798,6.568653312333702,5.077234022204538e-11,0.011319126155972997,0.02094662674204232,2266,2266,0,5,pca,fixed504,recent,dgtw,size_tercile_3,965160
ld2_ridge_characteristics_textcore_pca_dgtw_fixed504_recent,ridge,characteristics_textcore,504,ew_spread_bp,2.171864899960234,2.2810634948807804,0.9521282089842688,0.34103196433046334,-2.298937396455161,6.64266719637563,2266,2266,0,5,pca,fixed504,recent,dgtw,size_tercile_3,965160
ld2_ridge_characteristics_textcore_pca_dgtw_fixed504_recent,ridge,characteristics_textcore,504,cap_spread_bp,3.0467055992283,2.41655534758284,1.2607638398498788,0.20739394546198198,-1.6896558486817383,7.7830670471383385,2266,2266,0,5,pca,fixed504,recent,dgtw,size_tercile_3,965160
ld2_ridge_characteristics_textcore_pca_dgtw_fixed504_union,ridge,characteristics_textcore,504,rank_ic,0.016755800872149028,0.0024845531281467,6.743989767144833,1.5409539704230222e-11,0.011886166223305166,0.02162543552099289,2266,2266,0,5,pca,fixed504,union,dgtw,size_tercile_3,965160
ld2_ridge_characteristics_textcore_pca_dgtw_fixed504_union,ridge,characteristics_textcore,504,ew_spread_bp,2.7996182777833116,2.242111234189222,1.248652714054881,0.2117921229347154,-1.5948389905602145,7.194075546126838,2266,2266,0,5,pca,fixed504,union,dgtw,size_tercile_3,965160
ld2_ridge_characteristics_textcore_pca_dgtw_fixed504_union,ridge,characteristics_textcore,504,cap_spread_bp,3.2062408052422158,2.3289866691533603,1.3766677361050579,0.1686149982061803,-1.3584891867722733,7.770970797256705,2266,2266,0,5,pca,fixed504,union,dgtw,size_tercile_3,965160
ld2_lasso_characteristics_textcore_pca_dgtw_fixed504_retain,lasso,characteristics_textcore,504,rank_ic,0.016895297948420245,0.002525086266445277,6.6909785114806475,2.2168321829453427e-11,0.011946219808330792,0.021844376088509698,2266,2266,0,5,pca,fixed504,retain,dgtw,size_tercile_3,965160
ld2_lasso_characteristics_textcore_pca_dgtw_fixed504_retain,lasso,characteristics_textcore,504,ew_spread_bp,2.8758644595792084,2.2021176773358766,1.305954031965463,0.19156819030368666,-1.4402068777181052,7.191935796876522,2266,2266,0,5,pca,fixed504,retain,dgtw,size_tercile_3,965160
ld2_lasso_characteristics_textcore_pca_dgtw_fixed504_retain,lasso,characteristics_textcore,504,cap_spread_bp,3.2573212866171866,2.1968604648711096,1.482716512360877,0.13814974562247864,-1.0484461035901087,7.563088676824481,2266,2266,0,5,pca,fixed504,retain,dgtw,size_tercile_3,965160
ld2_lasso_characteristics_textcore_pca_dgtw_fixed504_recent,lasso,characteristics_textcore,504,rank_ic,0.016440015804579055,0.0025137045825143144,6.540154288192071,6.145539984564596e-11,0.011513245355077705,0.021366786254080405,2266,2266,0,5,pca,fixed504,recent,dgtw,size_tercile_3,965160
ld2_lasso_characteristics_textcore_pca_dgtw_fixed504_recent,lasso,characteristics_textcore,504,ew_spread_bp,2.2945274880346918,2.21101655663523,1.0377703781316547,0.299376970684464,-2.0389853321921234,6.628040308261507,2266,2266,0,5,pca,fixed504,recent,dgtw,size_tercile_3,965160
ld2_lasso_characteristics_textcore_pca_dgtw_fixed504_recent,lasso,characteristics_textcore,504,cap_spread_bp,3.0044233708392367,2.2498022040576604,1.3354166714836395,0.18174001131237905,-1.4051079214526112,7.413954663131085,2266,2266,0,5,pca,fixed504,recent,dgtw,size_tercile_3,965160
ld2_lasso_characteristics_textcore_pca_dgtw_fixed504_union,lasso,characteristics_textcore,504,rank_ic,0.017147938269484377,0.0025458446291376333,6.735657814001392,1.631899313894456e-11,0.012158174486139886,0.02213770205282887,2266,2266,0,5,pca,fixed504,union,dgtw,size_tercile_3,965160
ld2_lasso_characteristics_textcore_pca_dgtw_fixed504_union,lasso,characteristics_textcore,504,ew_spread_bp,3.302534773595709,2.2079010727116595,1.4957802296547926,0.13471093498270617,-1.0248718103464949,7.629941357537913,2266,2266,0,5,pca,fixed504,union,dgtw,size_tercile_3,965160
ld2_lasso_characteristics_textcore_pca_dgtw_fixed504_union,lasso,characteristics_textcore,504,cap_spread_bp,4.661037030205468,2.242405652089446,2.0785877996081443,0.03765525331219075,0.2660027133810985,9.056071347029837,2266,2266,0,5,pca,fixed504,union,dgtw,size_tercile_3,965160
ld2_enet_characteristics_textcore_pca_dgtw_fixed504_retain,enet,characteristics_textcore,504,rank_ic,0.016772905895980555,0.0025390392297963294,6.6060050192001185,3.948295085590122e-11,0.011796480450245431,0.02174933134171568,2266,2266,0,5,pca,fixed504,retain,dgtw,size_tercile_3,965160
ld2_enet_characteristics_textcore_pca_dgtw_fixed504_retain,enet,characteristics_textcore,504,ew_spread_bp,3.028726334105287,2.217093995435985,1.3660793544793741,0.17191405757418632,-1.3166980472892544,7.3741507154998285,2266,2266,0,5,pca,fixed504,retain,dgtw,size_tercile_3,965160
ld2_enet_characteristics_textcore_pca_dgtw_fixed504_retain,enet,characteristics_textcore,504,cap_spread_bp,3.5517972151591986,2.2120175952781773,1.6056821712182332,0.10834376055592526,-0.7836776047549261,7.887272035073323,2266,2266,0,5,pca,fixed504,retain,dgtw,size_tercile_3,965160
ld2_enet_characteristics_textcore_pca_dgtw_fixed504_recent,enet,characteristics_textcore,504,rank_ic,0.01613312695827023,0.002522225727793377,6.396385058043413,1.5909849404715795e-10,0.011189655370914885,0.021076598545625578,2266,2266,0,5,pca,fixed504,recent,dgtw,size_tercile_3,965160
ld2_enet_characteristics_textcore_pca_dgtw_fixed504_recent,enet,characteristics_textcore,504,ew_spread_bp,2.4652538828082213,2.2331988627795094,1.1039114894317512,0.2696315343876292,-1.9117354585554236,6.842243224171867,2266,2266,0,5,pca,fixed504,recent,dgtw,size_tercile_3,965160
ld2_enet_characteristics_textcore_pca_dgtw_fixed504_recent,enet,characteristics_textcore,504,cap_spread_bp,3.4706946747466536,2.2396809062300114,1.5496380154388918,0.12122842319160464,-0.9189992383261987,7.8603885878195054,2266,2266,0,5,pca,fixed504,recent,dgtw,size_tercile_3,965160
ld2_enet_characteristics_textcore_pca_dgtw_fixed504_union,enet,characteristics_textcore,504,rank_ic,0.016895213175000142,0.002561346816956122,6.596222371431229,4.21766177307497e-11,0.011875065661849836,0.021915360688150448,2266,2266,0,5,pca,fixed504,union,dgtw,size_tercile_3,965160
ld2_enet_characteristics_textcore_pca_dgtw_fixed504_union,enet,characteristics_textcore,504,ew_spread_bp,3.0274072550122217,2.2316236669534395,1.3565939902157282,0.17491025237868896,-1.3464947592637277,7.401309269288172,2266,2266,0,5,pca,fixed504,union,dgtw,size_tercile_3,965160
ld2_enet_characteristics_textcore_pca_dgtw_fixed504_union,enet,characteristics_textcore,504,cap_spread_bp,3.7817332543921522,2.2373411918620305,1.6902800825138338,0.09097438373154364,-0.603374902785347,8.166841411569651,2266,2266,0,5,pca,fixed504,union,dgtw,size_tercile_3,965160
ld2_group_ridge_characteristics_textcore_pca_dgtw_fixed504_retain,group_ridge,characteristics_textcore,504,rank_ic,0.016932991210672352,0.0025089915025666046,6.748923299800153,1.4894629603868475e-11,0.012015458228124772,0.021850524193219933,2266,2266,0,5,pca,fixed504,retain,dgtw,size_tercile_3,965160
ld2_group_ridge_characteristics_textcore_pca_dgtw_fixed504_retain,group_ridge,characteristics_textcore,504,ew_spread_bp,2.9103668066965658,2.22383303645409,1.3087164184489122,0.1906304280740877,-1.4482658523837997,7.268999465776931,2266,2266,0,5,pca,fixed504,retain,dgtw,size_tercile_3,965160
ld2_group_ridge_characteristics_textcore_pca_dgtw_fixed504_retain,group_ridge,characteristics_textcore,504,cap_spread_bp,2.92956393056359,2.2786414594592963,1.2856625242212316,0.19856086557870778,-1.536491263656416,7.395619124783597,2266,2266,0,5,pca,fixed504,retain,dgtw,size_tercile_3,965160
ld2_group_ridge_characteristics_textcore_pca_dgtw_fixed504_recent,group_ridge,characteristics_textcore,504,rank_ic,0.016098027844234048,0.002491839663683,6.460298420822457,1.044967051547516e-10,0.011214111848166966,0.02098194384030113,2266,2266,0,5,pca,fixed504,recent,dgtw,size_tercile_3,965160
ld2_group_ridge_characteristics_textcore_pca_dgtw_fixed504_recent,group_ridge,characteristics_textcore,504,ew_spread_bp,2.7218947578863575,2.2839772950322415,1.191734595526237,0.23336532838860324,-1.7546184818840493,7.198407997656764,2266,2266,0,5,pca,fixed504,recent,dgtw,size_tercile_3,965160
ld2_group_ridge_characteristics_textcore_pca_dgtw_fixed504_recent,group_ridge,characteristics_textcore,504,cap_spread_bp,2.9262218566058946,2.3587057350976823,1.2406048847312907,0.21475174657252027,-1.6967564343136363,7.549200147525426,2266,2266,0,5,pca,fixed504,recent,dgtw,size_tercile_3,965160
ld2_group_ridge_characteristics_textcore_pca_dgtw_fixed504_union,group_ridge,characteristics_textcore,504,rank_ic,0.016753576666622375,0.002518309728997574,6.652706962019013,2.877507626970477e-11,0.011817780295870306,0.02168937303737444,2266,2266,0,5,pca,fixed504,union,dgtw,size_tercile_3,965160
ld2_group_ridge_characteristics_textcore_pca_dgtw_fixed504_union,group_ridge,characteristics_textcore,504,ew_spread_bp,3.1540658099364527,2.224154157939175,1.4180967621681861,0.15616251644756374,-1.2051962356893413,7.513327855562247,2266,2266,0,5,pca,fixed504,union,dgtw,size_tercile_3,965160
ld2_group_ridge_characteristics_textcore_pca_dgtw_fixed504_union,group_ridge,characteristics_textcore,504,cap_spread_bp,3.652326821271449,2.325992130398951,1.5702232064925374,0.11636319248821989,-0.9065339826340879,8.211187625176986,2266,2266,0,5,pca,fixed504,union,dgtw,size_tercile_3,965160
ld2_ols_characteristics_full_dgtw_fixed504_retain,ols,characteristics,504,rank_ic,0.032480097888454,0.001654707261086229,19.628908781806217,8.757534834350333e-86,0.029236931251768072,0.03572326452513992,2266,2266,0,5,full,fixed504,retain,dgtw,activity_tercile_1,1058304
ld2_ols_characteristics_full_dgtw_fixed504_retain,ols,characteristics,504,ew_spread_bp,-3.111955919719266,3.188581289443458,-0.9759688203722834,0.3290799157518134,-9.36146040880673,3.1375485693681977,2266,2266,0,5,full,fixed504,retain,dgtw,activity_tercile_1,1058304
ld2_ols_characteristics_full_dgtw_fixed504_retain,ols,characteristics,504,cap_spread_bp,4.6469208635912365,3.5428632296425473,1.311628635480823,0.18964546631999246,-2.296963468659415,11.590805195841888,2266,2266,0,5,full,fixed504,retain,dgtw,activity_tercile_1,1058304
ld2_ols_characteristics_full_dgtw_fixed504_recent,ols,characteristics,504,rank_ic,0.03281584683309654,0.0016275986242069277,20.162124952081818,2.106388510937175e-90,0.029625812148364017,0.03600588151782906,2266,2266,0,5,full,fixed504,recent,dgtw,activity_tercile_1,1058304
ld2_ols_characteristics_full_dgtw_fixed504_recent,ols,characteristics,504,ew_spread_bp,-3.42304667291607,3.214742839390843,-1.0647964219634745,0.28696806466672664,-9.723826857680153,2.877733511848014,2266,2266,0,5,full,fixed504,recent,dgtw,activity_tercile_1,1058304
ld2_ols_characteristics_full_dgtw_fixed504_recent,ols,characteristics,504,cap_spread_bp,5.554074872497212,3.669172406506534,1.513713245703087,0.13009858400142088,-1.6373708973237528,12.745520642318176,2266,2266,0,5,full,fixed504,recent,dgtw,activity_tercile_1,1058304
ld2_ols_characteristics_full_dgtw_fixed504_union,ols,characteristics,504,rank_ic,0.033029536625265886,0.0016509410159545514,20.006491029098736,4.835093855946587e-89,0.029793751693394998,0.03626532155713677,2266,2266,0,5,full,fixed504,union,dgtw,activity_tercile_1,1058304
ld2_ols_characteristics_full_dgtw_fixed504_union,ols,characteristics,504,ew_spread_bp,-2.1636211442863034,3.2350123782124234,-0.6688138687994324,0.5036142186727713,-8.504128895123921,4.176886606551314,2266,2266,0,5,full,fixed504,union,dgtw,activity_tercile_1,1058304
ld2_ols_characteristics_full_dgtw_fixed504_union,ols,characteristics,504,cap_spread_bp,6.495059208308834,3.596897487434241,1.8057393158963575,0.07095906836420876,-0.5547303231448906,13.544848739762557,2266,2266,0,5,full,fixed504,union,dgtw,activity_tercile_1,1058304
ld2_ridge_characteristics_full_dgtw_fixed504_retain,ridge,characteristics,504,rank_ic,0.033963926570973475,0.001620422590477893,20.959919202901805,1.5234549103334596e-97,0.03078795665390171,0.03713989648804524,2266,2266,0,5,full,fixed504,retain,dgtw,activity_tercile_1,1058304
ld2_ridge_characteristics_full_dgtw_fixed504_retain,ridge,characteristics,504,ew_spread_bp,-5.227614249537404,3.133664029102853,-1.668211461403549,0.09527375645961286,-11.369482886227672,0.9142543871528632,2266,2266,0,5,full,fixed504,retain,dgtw,activity_tercile_1,1058304
ld2_ridge_characteristics_full_dgtw_fixed504_retain,ridge,characteristics,504,cap_spread_bp,1.5287392991940072,3.2323690053531013,0.47294702327063337,0.6362509754109129,-4.806587536041628,7.864066134429643,2266,2266,0,5,full,fixed504,retain,dgtw,activity_tercile_1,1058304
ld2_ridge_characteristics_full_dgtw_fixed504_recent,ridge,characteristics,504,rank_ic,0.03401771044001371,0.0016030481743212815,21.220641391152547,6.157830925345698e-100,0.030875793752861314,0.03715962712716611,2266,2266,0,5,full,fixed504,recent,dgtw,activity_tercile_1,1058304
ld2_ridge_characteristics_full_dgtw_fixed504_recent,ridge,characteristics,504,ew_spread_bp,-4.858254393339137,3.15630030091275,-1.5392243862012147,0.1237495261593779,-11.044489307521062,1.3279805208427886,2266,2266,0,5,full,fixed504,recent,dgtw,activity_tercile_1,1058304
ld2_ridge_characteristics_full_dgtw_fixed504_recent,ridge,characteristics,504,cap_spread_bp,2.4838420717554426,3.2181445865380067,0.7718242623857658,0.4402185196450482,-3.8236054149015937,8.79128955841248,2266,2266,0,5,full,fixed504,recent,dgtw,activity_tercile_1,1058304
ld2_ridge_characteristics_full_dgtw_fixed504_union,ridge,characteristics,504,rank_ic,0.034194018502191725,0.001623639000066211,21.060111577017622,1.8473922677917023e-98,0.031011744538167324,0.03737629246621613,2266,2266,0,5,full,fixed504,union,dgtw,activity_tercile_1,1058304
ld2_ridge_characteristics_full_dgtw_fixed504_union,ridge,characteristics,504,ew_spread_bp,-4.547698243565371,3.1584135173958807,-1.4398679015643774,0.14990477590359502,-10.738074985945769,1.6426784988150267,2266,2266,0,5,full,fixed504,union,dgtw,activity_tercile_1,1058304
ld2_ridge_characteristics_full_dgtw_fixed504_union,ridge,characteristics,504,cap_spread_bp,1.1273178089296403,3.310114633102245,0.34056760380927237,0.7334291213390365,-5.360387656649775,7.615023274509055,2266,2266,0,5,full,fixed504,union,dgtw,activity_tercile_1,1058304
ld2_lasso_characteristics_full_dgtw_fixed504_retain,lasso,characteristics,504,rank_ic,0.03410719827260355,0.00163583896034363,20.849973071578436,1.5250834537907778e-96,0.03090101282582259,0.03731338371938451,2266,2266,0,5,full,fixed504,retain,dgtw,activity_tercile_1,1058304
ld2_lasso_characteristics_full_dgtw_fixed504_retain,lasso,characteristics,504,ew_spread_bp,-2.596788566409024,3.0495129498764473,-0.8515420688783217,0.3944683045416103,-8.57372411855536,3.380146985737312,2266,2266,0,5,full,fixed504,retain,dgtw,activity_tercile_1,1058304
ld2_lasso_characteristics_full_dgtw_fixed504_retain,lasso,characteristics,504,cap_spread_bp,5.162518572983209,3.1320561394030073,1.6482841760196618,0.09929437035455926,-0.9761986578042485,11.301235803770666,2266,2266,0,5,full,fixed504,retain,dgtw,activity_tercile_1,1058304
ld2_lasso_characteristics_full_dgtw_fixed504_recent,lasso,characteristics,504,rank_ic,0.03403083196883345,0.0016077663393962442,21.166528453141307,1.9435742480183226e-99,0.03087966784806101,0.03718199608960589,2266,2266,0,5,full,fixed504,recent,dgtw,activity_tercile_1,1058304
ld2_lasso_characteristics_full_dgtw_fixed504_recent,lasso,characteristics,504,ew_spread_bp,-3.3494656447192117,3.105594779134369,-1.0785262994461942,0.2807989516276981,-9.436319562398198,2.737388272959775,2266,2266,0,5,full,fixed504,recent,dgtw,activity_tercile_1,1058304
ld2_lasso_characteristics_full_dgtw_fixed504_recent,lasso,characteristics,504,cap_spread_bp,4.018692632410783,3.2515459199165284,1.2359329166459836,0.2164835003022002,-2.3542202647037715,10.391605529525338,2266,2266,0,5,full,fixed504,recent,dgtw,activity_tercile_1,1058304
ld2_lasso_characteristics_full_dgtw_fixed504_union,lasso,characteristics,504,rank_ic,0.03424592681497009,0.0016297395623264099,21.013128481758727,4.974694678855386e-98,0.031051695968630253,0.03744015766130992,2266,2266,0,5,full,fixed504,union,dgtw,activity_tercile_1,1058304
ld2_lasso_characteristics_full_dgtw_fixed504_union,lasso,characteristics,504,ew_spread_bp,-3.37224535950037,3.068346274160782,-1.0990432820111566,0.27174918744177945,-9.386093548953166,2.641602829952426,2266,2266,0,5,full,fixed504,union,dgtw,activity_tercile_1,1058304
ld2_lasso_characteristics_full_dgtw_fixed504_union,lasso,characteristics,504,cap_spread_bp,5.105386171928377,3.1695750124096627,1.6107478611295012,0.10723468934924348,-1.1068666986926567,11.31763904254941,2266,2266,0,5,full,fixed504,union,dgtw,activity_tercile_1,1058304
ld2_enet_characteristics_full_dgtw_fixed504_retain,enet,characteristics,504,rank_ic,0.03424648857210038,0.0016341183416865098,20.957165523737967,1.614176016137362e-97,0.031043675475918502,0.03744930166828225,2266,2266,0,5,full,fixed504,retain,dgtw,activity_tercile_1,1058304
ld2_enet_characteristics_full_dgtw_fixed504_retain,enet,characteristics,504,ew_spread_bp,-2.4174175687406967,3.0613611877507174,-0.7896544773656233,0.42972958369635983,-8.417575240400865,3.5827401029194723,2266,2266,0,5,full,fixed504,retain,dgtw,activity_tercile_1,1058304
ld2_enet_characteristics_full_dgtw_fixed504_retain,enet,characteristics,504,cap_spread_bp,5.638247894519026,3.2347003977342195,1.743051040667753,0.08132469957638817,-0.7016483858174327,11.978144174855483,2266,2266,0,5,full,fixed504,retain,dgtw,activity_tercile_1,1058304
ld2_enet_characteristics_full_dgtw_fixed504_recent,enet,characteristics,504,rank_ic,0.034082345283659325,0.0016068732185167117,21.210351190693434,7.663886287319449e-100,0.03093293164764461,0.03723175891967404,2266,2266,0,5,full,fixed504,recent,dgtw,activity_tercile_1,1058304
ld2_enet_characteristics_full_dgtw_fixed504_recent,enet,characteristics,504,ew_spread_bp,-3.3123920758909264,3.1084411997765744,-1.0656119459904891,0.28659909679976003,-9.404824875513487,2.7800407237316342,2266,2266,0,5,full,fixed504,recent,dgtw,activity_tercile_1,1058304
ld2_enet_characteristics_full_dgtw_fixed504_recent,enet,characteristics,504,cap_spread_bp,3.629490913580756,3.2577949173966023,1.1140943508135823,0.2652387119160081,-2.7556697935342247,10.014651620695737,2266,2266,0,5,full,fixed504,recent,dgtw,activity_tercile_1,1058304
ld2_enet_characteristics_full_dgtw_fixed504_union,enet,characteristics,504,rank_ic,0.034333658539318225,0.0016272770259729585,21.098840573128555,8.151028363063427e-99,0.031144254175541775,0.03752306290309467,2266,2266,0,5,full,fixed504,union,dgtw,activity_tercile_1,1058304
ld2_enet_characteristics_full_dgtw_fixed504_union,enet,characteristics,504,ew_spread_bp,-3.3498139734803756,3.0729903183732934,-1.0900828269623772,0.27567666030710847,-9.372764322332305,2.673136375371554,2266,2266,0,5,full,fixed504,union,dgtw,activity_tercile_1,1058304
ld2_enet_characteristics_full_dgtw_fixed504_union,enet,characteristics,504,cap_spread_bp,4.896768581994838,3.138656677256077,1.5601478866671596,0.11872493744355148,-1.2548854652632295,11.048422629252904,2266,2266,0,5,full,fixed504,union,dgtw,activity_tercile_1,1058304
ld2_ols_characteristics_core_full_dgtw_fixed504_retain,ols,characteristics_core,504,rank_ic,0.033407822116638126,0.0016346309590584346,20.437531744707318,7.756393292992412e-93,0.030204004308869426,0.03661163992440682,2266,2266,0,5,full,fixed504,retain,dgtw,activity_tercile_1,1058304
ld2_ols_characteristics_core_full_dgtw_fixed504_retain,ols,characteristics_core,504,ew_spread_bp,-0.1902128902981022,3.104838521970975,-0.0612633761633934,0.9511494575790607,-6.275584571173787,5.8951587905775815,2266,2266,0,5,full,fixed504,retain,dgtw,activity_tercile_1,1058304
ld2_ols_characteristics_core_full_dgtw_fixed504_retain,ols,characteristics_core,504,cap_spread_bp,4.116953850158169,3.5765060294821107,1.1511105576842315,0.24968675512001715,-2.892869158117117,11.126776858433455,2266,2266,0,5,full,fixed504,retain,dgtw,activity_tercile_1,1058304
ld2_ols_characteristics_core_full_dgtw_fixed504_recent,ols,characteristics_core,504,rank_ic,0.03363768582554865,0.0016078141386360017,20.921377053000278,3.4209235708315946e-97,0.0304864280199878,0.0367889436311095,2266,2266,0,5,full,fixed504,recent,dgtw,activity_tercile_1,1058304
ld2_ols_characteristics_core_full_dgtw_fixed504_recent,ols,characteristics_core,504,ew_spread_bp,-1.3494243533394934,3.1568927364292874,-0.4274533428924185,0.6690491615141348,-7.536820419796994,4.837971713118007,2266,2266,0,5,full,fixed504,recent,dgtw,activity_tercile_1,1058304
ld2_ols_characteristics_core_full_dgtw_fixed504_recent,ols,characteristics_core,504,cap_spread_bp,3.4060003508375356,3.3361926205181196,1.0209243704605326,0.3072902718718724,-3.132817030866282,9.944817732541352,2266,2266,0,5,full,fixed504,recent,dgtw,activity_tercile_1,1058304
ld2_ols_characteristics_core_full_dgtw_fixed504_union,ols,characteristics_core,504,rank_ic,0.03392572884325854,0.0016332959527533227,20.77132976792624,7.865052840764835e-96,0.030724527599766994,0.03712693008675009,2266,2266,0,5,full,fixed504,union,dgtw,activity_tercile_1,1058304
ld2_ols_characteristics_core_full_dgtw_fixed504_union,ols,characteristics_core,504,ew_spread_bp,-0.20381546877147036,3.0968283692149976,-0.06581426042126277,0.9475257026782946,-6.273487538734774,5.865856601191834,2266,2266,0,5,full,fixed504,union,dgtw,activity_tercile_1,1058304
ld2_ols_characteristics_core_full_dgtw_fixed504_union,ols,characteristics_core,504,cap_spread_bp,5.652777538784781,3.5275747378944855,1.6024543656185641,0.10905517106357183,-1.2611419002617321,12.566696977831294,2266,2266,0,5,full,fixed504,union,dgtw,activity_tercile_1,1058304
ld2_ridge_characteristics_core_full_dgtw_fixed504_retain,ridge,characteristics_core,504,rank_ic,0.03518287025826527,0.0015990400295277465,22.002495002364654,2.7256569728703845e-107,0.03204880939055302,0.03831693112597752,2266,2266,0,5,full,fixed504,retain,dgtw,activity_tercile_1,1058304
ld2_ridge_characteristics_core_full_dgtw_fixed504_retain,ridge,characteristics_core,504,ew_spread_bp,-1.4958357673993716,3.1968376389882485,-0.46791108474085075,0.6398481762094008,-7.761522404238399,4.769850869439654,2266,2266,0,5,full,fixed504,retain,dgtw,activity_tercile_1,1058304
ld2_ridge_characteristics_core_full_dgtw_fixed504_retain,ridge,characteristics_core,504,cap_spread_bp,5.2034472059632995,3.1970702733315646,1.6275673542017435,0.10361665602166682,-1.0626953858101933,11.469589797736791,2266,2266,0,5,full,fixed504,retain,dgtw,activity_tercile_1,1058304
ld2_ridge_characteristics_core_full_dgtw_fixed504_recent,ridge,characteristics_core,504,rank_ic,0.035154411483887496,0.0015786425391143655,22.268759781178506,7.422727019568871e-110,0.032060328962760475,0.03824849400501452,2266,2266,0,5,full,fixed504,recent,dgtw,activity_tercile_1,1058304
ld2_ridge_characteristics_core_full_dgtw_fixed504_recent,ridge,characteristics_core,504,ew_spread_bp,-2.75532395073888,3.1501381607330163,-0.8746676527031227,0.3817547654844069,-8.92948129210084,3.4188333906230803,2266,2266,0,5,full,fixed504,recent,dgtw,activity_tercile_1,1058304
ld2_ridge_characteristics_core_full_dgtw_fixed504_recent,ridge,characteristics_core,504,cap_spread_bp,1.0796994659521721,3.085578205226965,0.3499180361473784,0.7264002108199984,-4.9679226877744185,7.127321619678764,2266,2266,0,5,full,fixed504,recent,dgtw,activity_tercile_1,1058304
ld2_ridge_characteristics_core_full_dgtw_fixed504_union,ridge,characteristics_core,504,rank_ic,0.035420509828863606,0.0016004267879171938,22.131915121815783,1.558171904905223e-108,0.032283730964652785,0.038557288693074426,2266,2266,0,5,full,fixed504,union,dgtw,activity_tercile_1,1058304
ld2_ridge_characteristics_core_full_dgtw_fixed504_union,ridge,characteristics_core,504,ew_spread_bp,-1.9026397281672234,3.1642532637929977,-0.6012918592636687,0.5476456107442282,-8.104462163164818,4.299182706830371,2266,2266,0,5,full,fixed504,union,dgtw,activity_tercile_1,1058304
ld2_ridge_characteristics_core_full_dgtw_fixed504_union,ridge,characteristics_core,504,cap_spread_bp,3.7625398345531136,3.193519521560967,1.1781796883189284,0.23872497833425677,-2.496643411631967,10.021723080738195,2266,2266,0,5,full,fixed504,union,dgtw,activity_tercile_1,1058304
ld2_lasso_characteristics_core_full_dgtw_fixed504_retain,lasso,characteristics_core,504,rank_ic,0.035271886959066336,0.0016147528646116762,21.843520288504763,8.958026356101197e-106,0.03210702950049457,0.0384367444176381,2266,2266,0,5,full,fixed504,retain,dgtw,activity_tercile_1,1058304
ld2_lasso_characteristics_core_full_dgtw_fixed504_retain,lasso,characteristics_core,504,ew_spread_bp,1.4818779021771598,3.0158449122421875,0.49136409374427326,0.6231689551745594,-4.429069508775888,7.392825313130207,2266,2266,0,5,full,fixed504,retain,dgtw,activity_tercile_1,1058304
ld2_lasso_characteristics_core_full_dgtw_fixed504_retain,lasso,characteristics_core,504,cap_spread_bp,6.284953014059653,3.0419597484874266,2.0660868432545043,0.038820280311623656,0.32282146460377525,12.24708456351553,2266,2266,0,5,full,fixed504,retain,dgtw,activity_tercile_1,1058304
ld2_lasso_characteristics_core_full_dgtw_fixed504_recent,lasso,characteristics_core,504,rank_ic,0.03501481483388278,0.0015811893615410597,22.144605627599606,1.1758562834495996e-108,0.03191574063252442,0.03811388903524114,2266,2266,0,5,full,fixed504,recent,dgtw,activity_tercile_1,1058304
ld2_lasso_characteristics_core_full_dgtw_fixed504_recent,lasso,characteristics_core,504,ew_spread_bp,-0.7523355451448754,3.0395705430007793,-0.24751376370496775,0.804510640923251,-6.709784337895258,5.2051132476055075,2266,2266,0,5,full,fixed504,recent,dgtw,activity_tercile_1,1058304
ld2_lasso_characteristics_core_full_dgtw_fixed504_recent,lasso,characteristics_core,504,cap_spread_bp,3.2839949555835872,2.9763975331206045,1.1033455440814326,0.2698771353753918,-2.5496370130066603,9.117626924173834,2266,2266,0,5,full,fixed504,recent,dgtw,activity_tercile_1,1058304
ld2_lasso_characteristics_core_full_dgtw_fixed504_union,lasso,characteristics_core,504,rank_ic,0.035274747715986605,0.001603996959653211,21.991779662483346,3.45181929628561e-107,0.03213097144375457,0.03841852398821864,2266,2266,0,5,full,fixed504,union,dgtw,activity_tercile_1,1058304
ld2_lasso_characteristics_core_full_dgtw_fixed504_union,lasso,characteristics_core,504,ew_spread_bp,-0.06307084588946964,3.0347340499965507,-0.020782989497725946,0.9834187672236708,-6.0110402865400845,5.884898594761146,2266,2266,0,5,full,fixed504,union,dgtw,activity_tercile_1,1058304
ld2_lasso_characteristics_core_full_dgtw_fixed504_union,lasso,characteristics_core,504,cap_spread_bp,4.996063420992035,3.099378530788647,1.611956516883006,0.10697140229985316,-1.0786068738103802,11.07073371579445,2266,2266,0,5,full,fixed504,union,dgtw,activity_tercile_1,1058304
ld2_enet_characteristics_core_full_dgtw_fixed504_retain,enet,characteristics_core,504,rank_ic,0.035459011600767955,0.001608312116659347,22.047344687311366,1.0129539529413783e-107,0.03230677777621625,0.03861124542531966,2266,2266,0,5,full,fixed504,retain,dgtw,activity_tercile_1,1058304
ld2_enet_characteristics_core_full_dgtw_fixed504_retain,enet,characteristics_core,504,ew_spread_bp,1.1382044893606424,3.0172730538586916,0.37722952780326924,0.7060030384487948,-4.775542027725575,7.051951006446861,2266,2266,0,5,full,fixed504,retain,dgtw,activity_tercile_1,1058304
ld2_enet_characteristics_core_full_dgtw_fixed504_retain,enet,characteristics_core,504,cap_spread_bp,6.398603818138844,3.061991245704802,2.0896871691303702,0.03664591034603429,0.39721125558049675,12.399996380697193,2266,2266,0,5,full,fixed504,retain,dgtw,activity_tercile_1,1058304
ld2_enet_characteristics_core_full_dgtw_fixed504_recent,enet,characteristics_core,504,rank_ic,0.03514393504734597,0.0015768727810453176,22.287108681049627,4.928085512382808e-110,0.03205332118829563,0.038234548906396305,2266,2266,0,5,full,fixed504,recent,dgtw,activity_tercile_1,1058304
ld2_enet_characteristics_core_full_dgtw_fixed504_recent,enet,characteristics_core,504,ew_spread_bp,-0.6687720804735839,3.0307465857488807,-0.22066248746044007,0.82535524212409,-6.6089262348091244,5.271382073861957,2266,2266,0,5,full,fixed504,recent,dgtw,activity_tercile_1,1058304
ld2_enet_characteristics_core_full_dgtw_fixed504_recent,enet,characteristics_core,504,cap_spread_bp,3.338022918543875,2.9537563428519378,1.1300942024625216,0.25843653239713626,-2.4512331325526673,9.127278969640416,2266,2266,0,5,full,fixed504,recent,dgtw,activity_tercile_1,1058304
ld2_enet_characteristics_core_full_dgtw_fixed504_union,enet,characteristics_core,504,rank_ic,0.03549640229841215,0.001598930466214099,22.200091278803075,3.427537732444103e-109,0.03236255617084868,0.03863024842597562,2266,2266,0,5,full,fixed504,union,dgtw,activity_tercile_1,1058304
ld2_enet_characteristics_core_full_dgtw_fixed504_union,enet,characteristics_core,504,ew_spread_bp,-0.49206138778978736,3.044169902081669,-0.1616405797367963,0.871588899491585,-6.4585247586906815,5.474401983111107,2266,2266,0,5,full,fixed504,union,dgtw,activity_tercile_1,1058304
ld2_enet_characteristics_core_full_dgtw_fixed504_union,enet,characteristics_core,504,cap_spread_bp,4.68300005914477,3.1048764832706315,1.5082725784349933,0.1314847784041585,-1.4024460245110477,10.768446142800588,2266,2266,0,5,full,fixed504,union,dgtw,activity_tercile_1,1058304
ld2_group_ridge_characteristics_core_full_dgtw_fixed504_retain,group_ridge,characteristics_core,504,rank_ic,0.035081691506411876,0.0016026503589894785,21.889797303344434,3.249556966069043e-106,0.031940554522982306,0.038222828489841446,2266,2266,0,5,full,fixed504,retain,dgtw,activity_tercile_1,1058304
ld2_group_ridge_characteristics_core_full_dgtw_fixed504_retain,group_ridge,characteristics_core,504,ew_spread_bp,-1.6713007871314305,3.1954321979708085,-0.523028086214051,0.6009547083224649,-7.93423281019388,4.591631235931018,2266,2266,0,5,full,fixed504,retain,dgtw,activity_tercile_1,1058304
ld2_group_ridge_characteristics_core_full_dgtw_fixed504_retain,group_ridge,characteristics_core,504,cap_spread_bp,5.244717308015108,3.2145153656476406,1.631573257998235,0.10276941555011343,-1.05561703640487,11.545051652435086,2266,2266,0,5,full,fixed504,retain,dgtw,activity_tercile_1,1058304
ld2_group_ridge_characteristics_core_full_dgtw_fixed504_recent,group_ridge,characteristics_core,504,rank_ic,0.03507329543351658,0.0015821589307683523,22.167997633767264,6.995379562414195e-109,0.03197232091139221,0.03817426995564095,2266,2266,0,5,full,fixed504,recent,dgtw,activity_tercile_1,1058304
ld2_group_ridge_characteristics_core_full_dgtw_fixed504_recent,group_ridge,characteristics_core,504,ew_spread_bp,-2.770377545715406,3.1590999178331125,-0.8769515424556946,0.38051295871366453,-8.96209960823175,3.4213445168009384,2266,2266,0,5,full,fixed504,recent,dgtw,activity_tercile_1,1058304
ld2_group_ridge_characteristics_core_full_dgtw_fixed504_recent,group_ridge,characteristics_core,504,cap_spread_bp,0.972601706681609,3.136768539304451,0.3100648627702936,0.756511631782478,-5.175351658193428,7.120555071556646,2266,2266,0,5,full,fixed504,recent,dgtw,activity_tercile_1,1058304
ld2_group_ridge_characteristics_core_full_dgtw_fixed504_union,group_ridge,characteristics_core,504,rank_ic,0.035316482133983494,0.001603673185685434,22.0222439641832,1.763136870473737e-107,0.032173340447067426,0.03845962382089956,2266,2266,0,5,full,fixed504,union,dgtw,activity_tercile_1,1058304
ld2_group_ridge_characteristics_core_full_dgtw_fixed504_union,group_ridge,characteristics_core,504,ew_spread_bp,-2.246919209150395,3.1648542977677696,-0.7099597636248811,0.47772908794023383,-8.449919649092028,3.956081230791238,2266,2266,0,5,full,fixed504,union,dgtw,activity_tercile_1,1058304
ld2_group_ridge_characteristics_core_full_dgtw_fixed504_union,group_ridge,characteristics_core,504,cap_spread_bp,3.021907719605187,3.227398554548154,0.9363292659800623,0.34910368441056927,-3.3036772110658235,9.347492650276198,2266,2266,0,5,full,fixed504,union,dgtw,activity_tercile_1,1058304
ld2_ols_characteristics_textcore_full_dgtw_fixed504_retain,ols,characteristics_textcore,504,rank_ic,0.0260841631099812,0.0014125903166291604,18.46548344761798,3.915023891118586e-76,0.023315536964478016,0.028852789255484387,2266,2266,0,5,full,fixed504,retain,dgtw,activity_tercile_1,1058304
ld2_ols_characteristics_textcore_full_dgtw_fixed504_retain,ols,characteristics_textcore,504,ew_spread_bp,-2.4569888818980687,2.631197644498285,-0.933791076863998,0.3504116732649267,-7.614041501321333,2.7000637375251952,2266,2266,0,5,full,fixed504,retain,dgtw,activity_tercile_1,1058304
ld2_ols_characteristics_textcore_full_dgtw_fixed504_retain,ols,characteristics_textcore,504,cap_spread_bp,0.4194041276184267,2.565760695633622,0.16346190364992463,0.8701547661535523,-4.609394428771908,5.448202684008762,2266,2266,0,5,full,fixed504,retain,dgtw,activity_tercile_1,1058304
ld2_ols_characteristics_textcore_full_dgtw_fixed504_recent,ols,characteristics_textcore,504,rank_ic,0.02790921107812832,0.0014377309894472302,19.41198407976076,6.112076205112395e-84,0.02509131011935461,0.030727112036902027,2266,2266,0,5,full,fixed504,recent,dgtw,activity_tercile_1,1058304
ld2_ols_characteristics_textcore_full_dgtw_fixed504_recent,ols,characteristics_textcore,504,ew_spread_bp,-3.1314896867763498,2.647833370188005,-1.182661160643203,0.2369434628040189,-8.321147729408153,2.058168355855453,2266,2266,0,5,full,fixed504,recent,dgtw,activity_tercile_1,1058304
ld2_ols_characteristics_textcore_full_dgtw_fixed504_recent,ols,characteristics_textcore,504,cap_spread_bp,1.2827495758384113,2.4587723099972707,0.5217032787553375,0.6018769414622909,-3.5363555979405925,6.101854749617416,2266,2266,0,5,full,fixed504,recent,dgtw,activity_tercile_1,1058304
ld2_ols_characteristics_textcore_full_dgtw_fixed504_union,ols,characteristics_textcore,504,rank_ic,0.028062117350564214,0.001447847841854195,19.38195198372938,1.0960942715599456e-83,0.02522438772543595,0.03089984697569248,2266,2266,0,5,full,fixed504,union,dgtw,activity_tercile_1,1058304
ld2_ols_characteristics_textcore_full_dgtw_fixed504_union,ols,characteristics_textcore,504,ew_spread_bp,-2.026657020546941,2.6537011598504274,-0.7637095884079017,0.4450403255165529,-7.227815719585948,3.1745016784920654,2266,2266,0,5,full,fixed504,union,dgtw,activity_tercile_1,1058304
ld2_ols_characteristics_textcore_full_dgtw_fixed504_union,ols,characteristics_textcore,504,cap_spread_bp,1.5044079407718294,2.6179294371851696,0.5746556493857938,0.5655242077822982,-3.626639470178317,6.635455351721976,2266,2266,0,5,full,fixed504,union,dgtw,activity_tercile_1,1058304
ld2_ridge_characteristics_textcore_full_dgtw_fixed504_retain,ridge,characteristics_textcore,504,rank_ic,0.03137050992411966,0.0015055401361662082,20.836714459172963,2.011812709380329e-96,0.028419705479954364,0.03432131436828496,2266,2266,0,5,full,fixed504,retain,dgtw,activity_tercile_1,1058304
ld2_ridge_characteristics_textcore_full_dgtw_fixed504_retain,ridge,characteristics_textcore,504,ew_spread_bp,-1.7363641400913838,2.6790413812152507,-0.6481288987420362,0.5169015841570576,-6.987188760365717,3.514460480182949,2266,2266,0,5,full,fixed504,retain,dgtw,activity_tercile_1,1058304
ld2_ridge_characteristics_textcore_full_dgtw_fixed504_retain,ridge,characteristics_textcore,504,cap_spread_bp,0.878495621741501,2.6713244231979423,0.32886144944155493,0.7422604139103763,-4.3572040387487,6.114195282231702,2266,2266,0,5,full,fixed504,retain,dgtw,activity_tercile_1,1058304
ld2_ridge_characteristics_textcore_full_dgtw_fixed504_recent,ridge,characteristics_textcore,504,rank_ic,0.03162749569462182,0.0014790567303655173,21.383558213352476,1.9007046061586886e-101,0.028728597772013833,0.0345263936172298,2266,2266,0,5,full,fixed504,recent,dgtw,activity_tercile_1,1058304
ld2_ridge_characteristics_textcore_full_dgtw_fixed504_recent,ridge,characteristics_textcore,504,ew_spread_bp,-4.9245193093456425,2.770462889361461,-1.7775077689203953,0.07548473375061948,-10.354526792998882,0.5054881743075974,2266,2266,0,5,full,fixed504,recent,dgtw,activity_tercile_1,1058304
ld2_ridge_characteristics_textcore_full_dgtw_fixed504_recent,ridge,characteristics_textcore,504,cap_spread_bp,-1.1297772619997266,2.8422501987383306,-0.3974939512718594,0.6910032461243838,-6.700485286578665,4.440930762579212,2266,2266,0,5,full,fixed504,recent,dgtw,activity_tercile_1,1058304
ld2_ridge_characteristics_textcore_full_dgtw_fixed504_union,ridge,characteristics_textcore,504,rank_ic,0.03207200286014609,0.0015015686893053084,21.358998152115177,3.2163552048801055e-101,0.029128982308794668,0.03501502341149751,2266,2266,0,5,full,fixed504,union,dgtw,activity_tercile_1,1058304
ld2_ridge_characteristics_textcore_full_dgtw_fixed504_union,ridge,characteristics_textcore,504,ew_spread_bp,-2.7720426573041905,2.7292459904590336,-1.0156807656747566,0.309781430282982,-8.121266503554244,2.577181188945863,2266,2266,0,5,full,fixed504,union,dgtw,activity_tercile_1,1058304
ld2_ridge_characteristics_textcore_full_dgtw_fixed504_union,ridge,characteristics_textcore,504,cap_spread_bp,-0.03180454362176058,2.7130877384971646,-0.011722637336961972,0.9906469028748911,-5.349358797973427,5.285749710729907,2266,2266,0,5,full,fixed504,union,dgtw,activity_tercile_1,1058304
ld2_lasso_characteristics_textcore_full_dgtw_fixed504_retain,lasso,characteristics_textcore,504,rank_ic,0.03444026389907131,0.0015859539471225006,21.715803262483455,1.4547775063729606e-104,0.031331851281572065,0.03754867651657055,2266,2266,0,5,full,fixed504,retain,dgtw,activity_tercile_1,1058304
ld2_lasso_characteristics_textcore_full_dgtw_fixed504_retain,lasso,characteristics_textcore,504,ew_spread_bp,2.7875517782467485,2.9131235406659854,0.9568944603047871,0.33862052758825767,-2.922065443974387,8.497169000467885,2266,2266,0,5,full,fixed504,retain,dgtw,activity_tercile_1,1058304
ld2_lasso_characteristics_textcore_full_dgtw_fixed504_retain,lasso,characteristics_textcore,504,cap_spread_bp,8.466857570884336,2.866293203885674,2.9539397991127667,0.00313745202598889,2.849026122136493,14.08468901963218,2266,2266,0,5,full,fixed504,retain,dgtw,activity_tercile_1,1058304
ld2_lasso_characteristics_textcore_full_dgtw_fixed504_recent,lasso,characteristics_textcore,504,rank_ic,0.034499423256862456,0.0015540885115663881,22.199136664416876,3.5010994250948074e-109,0.03145346574540488,0.037545380768320036,2266,2266,0,5,full,fixed504,recent,dgtw,activity_tercile_1,1058304
ld2_lasso_characteristics_textcore_full_dgtw_fixed504_recent,lasso,characteristics_textcore,504,ew_spread_bp,-0.332116083010779,2.9527824008943795,-0.11247563752418163,0.9104462855927657,-6.119463242947474,5.455231076925917,2266,2266,0,5,full,fixed504,recent,dgtw,activity_tercile_1,1058304
ld2_lasso_characteristics_textcore_full_dgtw_fixed504_recent,lasso,characteristics_textcore,504,cap_spread_bp,7.66637303692773,2.8744680061210737,2.667058050603615,0.007651845377111657,2.032519270217766,13.300226803637695,2266,2266,0,5,full,fixed504,recent,dgtw,activity_tercile_1,1058304
ld2_lasso_characteristics_textcore_full_dgtw_fixed504_union,lasso,characteristics_textcore,504,rank_ic,0.034737527362661974,0.0015764998002421589,22.034590399139983,1.3425407817614337e-107,0.031647644532552754,0.037827410192771194,2266,2266,0,5,full,fixed504,union,dgtw,activity_tercile_1,1058304
ld2_lasso_characteristics_textcore_full_dgtw_fixed504_union,lasso,characteristics_textcore,504,ew_spread_bp,1.3331274888709463,2.923778339765226,0.4559605188736688,0.6484183692210868,-4.39737275584721,7.063627733589104,2266,2266,0,5,full,fixed504,union,dgtw,activity_tercile_1,1058304
ld2_lasso_characteristics_textcore_full_dgtw_fixed504_union,lasso,characteristics_textcore,504,cap_spread_bp,6.7583060417691625,2.9080525050540893,2.323997255903555,0.020125641114230503,1.0586278667116638,12.457984216826661,2266,2266,0,5,full,fixed504,union,dgtw,activity_tercile_1,1058304
ld2_enet_characteristics_textcore_full_dgtw_fixed504_retain,enet,characteristics_textcore,504,rank_ic,0.034621143616983825,0.0015886147589025577,21.79329093033273,2.6863460684091946e-105,0.031507515904226034,0.037734771329741616,2266,2266,0,5,full,fixed504,retain,dgtw,activity_tercile_1,1058304
ld2_enet_characteristics_textcore_full_dgtw_fixed504_retain,enet,characteristics_textcore,504,ew_spread_bp,2.588832973227409,2.9179662579236805,0.8872045611211177,0.37496877722908695,-3.1302758004061193,8.307941746860937,2266,2266,0,5,full,fixed504,retain,dgtw,activity_tercile_1,1058304
ld2_enet_characteristics_textcore_full_dgtw_fixed504_retain,enet,characteristics_textcore,504,cap_spread_bp,7.996403895836395,2.903713456794977,2.753854336805864,0.005889797534100747,2.3052300990939374,13.687577692578852,2266,2266,0,5,full,fixed504,retain,dgtw,activity_tercile_1,1058304
ld2_enet_characteristics_textcore_full_dgtw_fixed504_recent,enet,characteristics_textcore,504,rank_ic,0.034615496905490116,0.0015556893199161642,22.250906053244318,1.1053712765598959e-109,0.03156640186732083,0.037664591943659405,2266,2266,0,5,full,fixed504,recent,dgtw,activity_tercile_1,1058304
ld2_enet_characteristics_textcore_full_dgtw_fixed504_recent,enet,characteristics_textcore,504,ew_spread_bp,-0.3687329888805754,2.9573340669916584,-0.12468425295477971,0.9007735244287037,-6.165001250437589,5.4275352726764385,2266,2266,0,5,full,fixed504,recent,dgtw,activity_tercile_1,1058304
ld2_enet_characteristics_textcore_full_dgtw_fixed504_recent,enet,characteristics_textcore,504,cap_spread_bp,7.368513061180637,2.902279386590467,2.5388710319294936,0.011121081054083905,1.680149990390321,13.056876131970952,2266,2266,0,5,full,fixed504,recent,dgtw,activity_tercile_1,1058304
ld2_enet_characteristics_textcore_full_dgtw_fixed504_union,enet,characteristics_textcore,504,rank_ic,0.03491158799511338,0.001578902498606321,22.11130074588484,2.4607459026038696e-108,0.03181699596274469,0.03800618002748207,2266,2266,0,5,full,fixed504,union,dgtw,activity_tercile_1,1058304
ld2_enet_characteristics_textcore_full_dgtw_fixed504_union,enet,characteristics_textcore,504,ew_spread_bp,0.7303199966352654,2.9191562058024787,0.2501818831015587,0.8024466950400504,-4.9911210319841866,6.451761025254718,2266,2266,0,5,full,fixed504,union,dgtw,activity_tercile_1,1058304
ld2_enet_characteristics_textcore_full_dgtw_fixed504_union,enet,characteristics_textcore,504,cap_spread_bp,6.24190460261071,2.913395892606323,2.1424841774684813,0.03215454056724728,0.5317535803953932,11.952055624826027,2266,2266,0,5,full,fixed504,union,dgtw,activity_tercile_1,1058304
ld2_group_ridge_characteristics_textcore_full_dgtw_fixed504_retain,group_ridge,characteristics_textcore,504,rank_ic,0.03461029226540383,0.001604416788977388,21.571883629729093,3.2998046241072445e-103,0.031465693142816754,0.03775489138799091,2266,2266,0,5,full,fixed504,retain,dgtw,activity_tercile_1,1058304
ld2_group_ridge_characteristics_textcore_full_dgtw_fixed504_retain,group_ridge,characteristics_textcore,504,ew_spread_bp,-2.4055975547049018,3.1402354740686276,-0.7660564230198009,0.44364273039055047,-8.560345986854475,3.749150877444671,2266,2266,0,5,full,fixed504,retain,dgtw,activity_tercile_1,1058304
ld2_group_ridge_characteristics_textcore_full_dgtw_fixed504_retain,group_ridge,characteristics_textcore,504,cap_spread_bp,4.501341165541421,3.145612868151915,1.4309901930767508,0.15243302580633866,-1.6639467653420743,10.666629096424916,2266,2266,0,5,full,fixed504,retain,dgtw,activity_tercile_1,1058304
ld2_group_ridge_characteristics_textcore_full_dgtw_fixed504_recent,group_ridge,characteristics_textcore,504,rank_ic,0.03464415794410889,0.0015878749787424926,21.817938066852786,1.5677012390001224e-105,0.0315319801738213,0.03775633571439648,2266,2266,0,5,full,fixed504,recent,dgtw,activity_tercile_1,1058304
ld2_group_ridge_characteristics_textcore_full_dgtw_fixed504_recent,group_ridge,characteristics_textcore,504,ew_spread_bp,-2.70547060336869,3.096545697724011,-0.8737060154988946,0.3822783741483461,-8.774588647390203,3.363647440652824,2266,2266,0,5,full,fixed504,recent,dgtw,activity_tercile_1,1058304
ld2_group_ridge_characteristics_textcore_full_dgtw_fixed504_recent,group_ridge,characteristics_textcore,504,cap_spread_bp,0.9124436911016005,3.1609562724805875,0.28866064964117727,0.7728410783679549,-5.282916759666328,7.107804141869529,2266,2266,0,5,full,fixed504,recent,dgtw,activity_tercile_1,1058304
ld2_group_ridge_characteristics_textcore_full_dgtw_fixed504_union,group_ridge,characteristics_textcore,504,rank_ic,0.034889764777894516,0.001606197738808719,21.7219610854212,1.2723042252866928e-104,0.03174167505777976,0.038037854498009276,2266,2266,0,5,full,fixed504,union,dgtw,activity_tercile_1,1058304
ld2_group_ridge_characteristics_textcore_full_dgtw_fixed504_union,group_ridge,characteristics_textcore,504,ew_spread_bp,-2.3235122831266177,3.107609386438762,-0.7476847937408573,0.4546503053561355,-8.414314758565206,3.7672901923119704,2266,2266,0,5,full,fixed504,union,dgtw,activity_tercile_1,1058304
ld2_group_ridge_characteristics_textcore_full_dgtw_fixed504_union,group_ridge,characteristics_textcore,504,cap_spread_bp,3.063032518572991,3.1942756141437574,0.9589130333683035,0.3376025583530513,-3.197632641843336,9.323697678989317,2266,2266,0,5,full,fixed504,union,dgtw,activity_tercile_1,1058304
ld2_ols_characteristics_textcore_pca_dgtw_fixed504_retain,ols,characteristics_textcore,504,rank_ic,0.03303240846730104,0.0016251099100837764,20.326261173066243,7.532831097097666e-92,0.02984725157261771,0.036217565361984366,2266,2266,0,5,pca,fixed504,retain,dgtw,activity_tercile_1,1058304
ld2_ols_characteristics_textcore_pca_dgtw_fixed504_retain,ols,characteristics_textcore,504,ew_spread_bp,-0.2871697936992627,2.982312176430673,-0.09629099058400946,0.9232894663105561,-6.132394250158645,5.55805466276012,2266,2266,0,5,pca,fixed504,retain,dgtw,activity_tercile_1,1058304
ld2_ols_characteristics_textcore_pca_dgtw_fixed504_retain,ols,characteristics_textcore,504,cap_spread_bp,10.943915434152984,3.4312631170565076,3.189471358157217,0.0014253326257111568,4.218763303241586,17.66906756506438,2266,2266,0,5,pca,fixed504,retain,dgtw,activity_tercile_1,1058304
ld2_ols_characteristics_textcore_pca_dgtw_fixed504_recent,ols,characteristics_textcore,504,rank_ic,0.03307091969564901,0.0015898743144124993,20.800964828386192,4.241900225430357e-96,0.0299548232994552,0.036187016091842814,2266,2266,0,5,pca,fixed504,recent,dgtw,activity_tercile_1,1058304
ld2_ols_characteristics_textcore_pca_dgtw_fixed504_recent,ols,characteristics_textcore,504,ew_spread_bp,-0.48201237366147237,2.909023114519242,-0.16569561488036916,0.86839649717145,-6.183592908313724,5.219568160990779,2266,2266,0,5,pca,fixed504,recent,dgtw,activity_tercile_1,1058304
ld2_ols_characteristics_textcore_pca_dgtw_fixed504_recent,ols,characteristics_textcore,504,cap_spread_bp,7.222213789874311,3.1655724120327706,2.2814874688766227,0.02251961739342101,1.017805871836492,13.42662170791213,2266,2266,0,5,pca,fixed504,recent,dgtw,activity_tercile_1,1058304
ld2_ols_characteristics_textcore_pca_dgtw_fixed504_union,ols,characteristics_textcore,504,rank_ic,0.03348394436719238,0.001624540140511414,20.611337037600965,2.1715011002761857e-94,0.03029990420035037,0.036667984534034394,2266,2266,0,5,pca,fixed504,union,dgtw,activity_tercile_1,1058304
ld2_ols_characteristics_textcore_pca_dgtw_fixed504_union,ols,characteristics_textcore,504,ew_spread_bp,-0.3497318288765847,2.988703574820914,-0.11701790429234554,0.9068458653819544,-6.207483195991687,5.508019538238518,2266,2266,0,5,pca,fixed504,union,dgtw,activity_tercile_1,1058304
ld2_ols_characteristics_textcore_pca_dgtw_fixed504_union,ols,characteristics_textcore,504,cap_spread_bp,9.889155694546167,3.298425873968903,2.9981439851630878,0.002716293092090735,3.424359775892066,16.353951613200266,2266,2266,0,5,pca,fixed504,union,dgtw,activity_tercile_1,1058304
ld2_ridge_characteristics_textcore_pca_dgtw_fixed504_retain,ridge,characteristics_textcore,504,rank_ic,0.034819720949987296,0.0015994026315233666,21.770453707971527,4.422315687528025e-105,0.03168494939542291,0.037954492504551685,2266,2266,0,5,pca,fixed504,retain,dgtw,activity_tercile_1,1058304
ld2_ridge_characteristics_textcore_pca_dgtw_fixed504_retain,ridge,characteristics_textcore,504,ew_spread_bp,-1.1132705371965217,3.0461170272454194,-0.3654720180607256,0.7147590906980401,-7.083550203291758,4.8570091288987145,2266,2266,0,5,pca,fixed504,retain,dgtw,activity_tercile_1,1058304
ld2_ridge_characteristics_textcore_pca_dgtw_fixed504_retain,ridge,characteristics_textcore,504,cap_spread_bp,8.609251680737582,3.032777438627755,2.8387350720443973,0.004529274425266168,2.6651171279015484,14.553386233573615,2266,2266,0,5,pca,fixed504,retain,dgtw,activity_tercile_1,1058304
ld2_ridge_characteristics_textcore_pca_dgtw_fixed504_recent,ridge,characteristics_textcore,504,rank_ic,0.03478403179779226,0.0015785566904401066,22.035338995709026,1.3205321388334776e-107,0.03169011753697491,0.03787794605860961,2266,2266,0,5,pca,fixed504,recent,dgtw,activity_tercile_1,1058304
ld2_ridge_characteristics_textcore_pca_dgtw_fixed504_recent,ridge,characteristics_textcore,504,ew_spread_bp,-2.632055540361671,3.0224075401484507,-0.8708473312743236,0.3838375177950173,-8.555865465654932,3.29175438493159,2266,2266,0,5,pca,fixed504,recent,dgtw,activity_tercile_1,1058304
ld2_ridge_characteristics_textcore_pca_dgtw_fixed504_recent,ridge,characteristics_textcore,504,cap_spread_bp,2.5272803254021032,2.9694187037954247,0.85110271655924,0.39471229652684015,-3.29267338905654,8.347234039860746,2266,2266,0,5,pca,fixed504,recent,dgtw,activity_tercile_1,1058304
ld2_ridge_characteristics_textcore_pca_dgtw_fixed504_union,ridge,characteristics_textcore,504,rank_ic,0.03513197112560667,0.0016031913377272129,21.913773046835452,1.9199841085644392e-106,0.03198977384333474,0.038274168407878596,2266,2266,0,5,pca,fixed504,union,dgtw,activity_tercile_1,1058304
ld2_ridge_characteristics_textcore_pca_dgtw_fixed504_union,ridge,characteristics_textcore,504,ew_spread_bp,-1.7533240840933924,3.059452431406679,-0.5730842768119937,0.566587632641952,-7.749740662063983,4.2430924938771994,2266,2266,0,5,pca,fixed504,union,dgtw,activity_tercile_1,1058304
ld2_ridge_characteristics_textcore_pca_dgtw_fixed504_union,ridge,characteristics_textcore,504,cap_spread_bp,4.3170970540425495,3.0619079165249663,1.409936932049259,0.15855830625061162,-1.684132186324459,10.318326294409559,2266,2266,0,5,pca,fixed504,union,dgtw,activity_tercile_1,1058304
ld2_lasso_characteristics_textcore_pca_dgtw_fixed504_retain,lasso,characteristics_textcore,504,rank_ic,0.0349182232783821,0.0016087214306505925,21.705574758372315,1.817369259455651e-104,0.031765187213149186,0.038071259343615015,2266,2266,0,5,pca,fixed504,retain,dgtw,activity_tercile_1,1058304
ld2_lasso_characteristics_textcore_pca_dgtw_fixed504_retain,lasso,characteristics_textcore,504,ew_spread_bp,0.9788090639343011,2.952320885971552,0.331538847482764,0.7402375025223185,-4.807633543375324,6.765251671243927,2266,2266,0,5,pca,fixed504,retain,dgtw,activity_tercile_1,1058304
ld2_lasso_characteristics_textcore_pca_dgtw_fixed504_retain,lasso,characteristics_textcore,504,cap_spread_bp,8.29625998246522,3.124664577327474,2.6550881789561593,0.007928767955362707,2.1720299471353,14.420490017795139,2266,2266,0,5,pca,fixed504,retain,dgtw,activity_tercile_1,1058304
ld2_lasso_characteristics_textcore_pca_dgtw_fixed504_recent,lasso,characteristics_textcore,504,rank_ic,0.034707836239366484,0.001572548856008037,22.071070228923368,5.995553152287362e-108,0.03162569711766107,0.0377899753610719,2266,2266,0,5,pca,fixed504,recent,dgtw,activity_tercile_1,1058304
ld2_lasso_characteristics_textcore_pca_dgtw_fixed504_recent,lasso,characteristics_textcore,504,ew_spread_bp,-0.8427931290238212,2.9425055955419115,-0.28642022985468846,0.7745562822517794,-6.609998120593551,4.924411862545909,2266,2266,0,5,pca,fixed504,recent,dgtw,activity_tercile_1,1058304
ld2_lasso_characteristics_textcore_pca_dgtw_fixed504_recent,lasso,characteristics_textcore,504,cap_spread_bp,6.283793690696328,3.0092138259882764,2.0881845073381,0.036781194287305814,0.38584296997932466,12.18174441141333,2266,2266,0,5,pca,fixed504,recent,dgtw,activity_tercile_1,1058304
ld2_lasso_characteristics_textcore_pca_dgtw_fixed504_union,lasso,characteristics_textcore,504,rank_ic,0.03509282239027277,0.0016025799797221196,21.897704223384665,2.7320353312683413e-106,0.031951823347672485,0.03823382143287305,2266,2266,0,5,pca,fixed504,union,dgtw,activity_tercile_1,1058304
ld2_lasso_characteristics_textcore_pca_dgtw_fixed504_union,lasso,characteristics_textcore,504,ew_spread_bp,0.10720590018202869,2.9782241198353794,0.035996585840542605,0.9712850812961402,-5.730006112583816,5.944417912947874,2266,2266,0,5,pca,fixed504,union,dgtw,activity_tercile_1,1058304
ld2_lasso_characteristics_textcore_pca_dgtw_fixed504_union,lasso,characteristics_textcore,504,cap_spread_bp,7.2196141489716785,3.0829735104950173,2.3417697636372043,0.019192550414746466,1.1770971031104258,13.262131194832932,2266,2266,0,5,pca,fixed504,union,dgtw,activity_tercile_1,1058304
ld2_enet_characteristics_textcore_pca_dgtw_fixed504_retain,enet,characteristics_textcore,504,rank_ic,0.03478248493282359,0.0016003243109267303,21.734647593200304,9.652114162749415e-105,0.03164590691982332,0.03791906294582386,2266,2266,0,5,pca,fixed504,retain,dgtw,activity_tercile_1,1058304
ld2_enet_characteristics_textcore_pca_dgtw_fixed504_retain,enet,characteristics_textcore,504,ew_spread_bp,0.09088104232186894,2.9366550560846316,0.030947128820447287,0.9753117045412734,-5.664857102621461,5.846619187265199,2266,2266,0,5,pca,fixed504,retain,dgtw,activity_tercile_1,1058304
ld2_enet_characteristics_textcore_pca_dgtw_fixed504_retain,enet,characteristics_textcore,504,cap_spread_bp,7.524108915317715,3.124191326935079,2.408338071503156,0.01602533358847438,1.4008064337125585,13.647411396922871,2266,2266,0,5,pca,fixed504,retain,dgtw,activity_tercile_1,1058304
ld2_enet_characteristics_textcore_pca_dgtw_fixed504_recent,enet,characteristics_textcore,504,rank_ic,0.034507763387110015,0.001561943065157257,22.092843303245346,3.703372750520032e-108,0.03144641123349969,0.03756911554072034,2266,2266,0,5,pca,fixed504,recent,dgtw,activity_tercile_1,1058304
ld2_enet_characteristics_textcore_pca_dgtw_fixed504_recent,enet,characteristics_textcore,504,ew_spread_bp,-1.4769639140865747,2.9544245837122163,-0.49991593023869935,0.6171342747920385,-7.267529693202261,4.313601865029111,2266,2266,0,5,pca,fixed504,recent,dgtw,activity_tercile_1,1058304
ld2_enet_characteristics_textcore_pca_dgtw_fixed504_recent,enet,characteristics_textcore,504,cap_spread_bp,5.2133808409084015,2.991178325036284,1.7429187679223912,0.08134780521085512,-0.6492209474995585,11.07598262931636,2266,2266,0,5,pca,fixed504,recent,dgtw,activity_tercile_1,1058304
ld2_enet_characteristics_textcore_pca_dgtw_fixed504_union,enet,characteristics_textcore,504,rank_ic,0.03492277473083356,0.0015943653851331733,21.903871632233503,2.386183711253438e-106,0.031797875997775206,0.03804767346389191,2266,2266,0,5,pca,fixed504,union,dgtw,activity_tercile_1,1058304
ld2_enet_characteristics_textcore_pca_dgtw_fixed504_union,enet,characteristics_textcore,504,ew_spread_bp,-1.0894885164730457,2.9802848829967163,-0.36556522589127466,0.7146895273060047,-6.930739550815779,4.751762517869687,2266,2266,0,5,pca,fixed504,union,dgtw,activity_tercile_1,1058304
ld2_enet_characteristics_textcore_pca_dgtw_fixed504_union,enet,characteristics_textcore,504,cap_spread_bp,5.417823533359776,3.081604455453213,1.7581177635476175,0.07872747389588104,-0.6220102139266865,11.457657280646238,2266,2266,0,5,pca,fixed504,union,dgtw,activity_tercile_1,1058304
ld2_group_ridge_characteristics_textcore_pca_dgtw_fixed504_retain,group_ridge,characteristics_textcore,504,rank_ic,0.03492834568009564,0.0015996267270491507,21.835310131713257,1.0721266860863527e-105,0.03179313490637162,0.03806355645381966,2266,2266,0,5,pca,fixed504,retain,dgtw,activity_tercile_1,1058304
ld2_group_ridge_characteristics_textcore_pca_dgtw_fixed504_retain,group_ridge,characteristics_textcore,504,ew_spread_bp,-2.9038316513556817,3.1049866216753257,-0.9352155114242944,0.3496772462325467,-8.989493602318014,3.181830299606651,2266,2266,0,5,pca,fixed504,retain,dgtw,activity_tercile_1,1058304
ld2_group_ridge_characteristics_textcore_pca_dgtw_fixed504_retain,group_ridge,characteristics_textcore,504,cap_spread_bp,6.606122747209788,3.154680218333908,2.0940704889254045,0.03625370149047708,0.423063136534374,12.789182357885203,2266,2266,0,5,pca,fixed504,retain,dgtw,activity_tercile_1,1058304
ld2_group_ridge_characteristics_textcore_pca_dgtw_fixed504_recent,group_ridge,characteristics_textcore,504,rank_ic,0.034778349568834174,0.0015803691320372985,22.006472325867577,2.4968015390469094e-107,0.03168088298776224,0.03787581614990611,2266,2266,0,5,pca,fixed504,recent,dgtw,activity_tercile_1,1058304
ld2_group_ridge_characteristics_textcore_pca_dgtw_fixed504_recent,group_ridge,characteristics_textcore,504,ew_spread_bp,-2.042007701838594,3.0310894059292615,-0.6736877169786293,0.5005098725780984,-7.982833771380854,3.8988183677036665,2266,2266,0,5,pca,fixed504,recent,dgtw,activity_tercile_1,1058304
ld2_group_ridge_characteristics_textcore_pca_dgtw_fixed504_recent,group_ridge,characteristics_textcore,504,cap_spread_bp,4.04246322810657,3.1514335234345703,1.2827379026230945,0.19958391611802295,-2.1342329774973523,10.219159433710491,2266,2266,0,5,pca,fixed504,recent,dgtw,activity_tercile_1,1058304
ld2_group_ridge_characteristics_textcore_pca_dgtw_fixed504_union,group_ridge,characteristics_textcore,504,rank_ic,0.035095027340777685,0.0016003723855982208,21.92928824353535,1.3654652376896656e-106,0.03195835510315272,0.038231699578402646,2266,2266,0,5,pca,fixed504,union,dgtw,activity_tercile_1,1058304
ld2_group_ridge_characteristics_textcore_pca_dgtw_fixed504_union,group_ridge,characteristics_textcore,504,ew_spread_bp,-2.5606998677580033,3.0826991811823117,-0.8306680987198676,0.40616115275307163,-8.602679238046449,3.4812795025304424,2266,2266,0,5,pca,fixed504,union,dgtw,activity_tercile_1,1058304
ld2_group_ridge_characteristics_textcore_pca_dgtw_fixed504_union,group_ridge,characteristics_textcore,504,cap_spread_bp,3.740103890557481,3.2009752604246993,1.1684263658011687,0.24263482493844146,-2.53369233527865,10.013900116393613,2266,2266,0,5,pca,fixed504,union,dgtw,activity_tercile_1,1058304
ld2_ols_characteristics_full_dgtw_fixed504_retain,ols,characteristics,504,rank_ic,0.04260329665375766,0.0018544709620587037,22.97328862268216,8.623158347634978e-117,0.038968600357747255,0.04623799294976806,2264,2266,2,5,full,fixed504,retain,dgtw,activity_tercile_2,791442
ld2_ols_characteristics_full_dgtw_fixed504_retain,ols,characteristics,504,ew_spread_bp,-8.490054992659422,4.345625035637599,-1.9537016937803389,0.0507365058827291,-17.007323552824705,0.02721356750586068,2152,2266,114,5,full,fixed504,retain,dgtw,activity_tercile_2,791442
ld2_ols_characteristics_full_dgtw_fixed504_retain,ols,characteristics,504,cap_spread_bp,3.309932148871645,4.3817529761745275,0.7553899470986082,0.4500150433114851,-5.278145873581622,11.898010171324913,2152,2266,114,5,full,fixed504,retain,dgtw,activity_tercile_2,791442
ld2_ols_characteristics_full_dgtw_fixed504_recent,ols,characteristics,504,rank_ic,0.0428793144326074,0.0018200518100334928,23.559392208630772,1.0058080009923983e-122,0.039312078434944824,0.04644655043026998,2264,2266,2,5,full,fixed504,recent,dgtw,activity_tercile_2,791442
ld2_ols_characteristics_full_dgtw_fixed504_recent,ols,characteristics,504,ew_spread_bp,-7.377285203996175,4.328576144985832,-1.7043214574247305,0.08832104838958045,-15.861138552507633,1.1065681445152826,2152,2266,114,5,full,fixed504,recent,dgtw,activity_tercile_2,791442
ld2_ols_characteristics_full_dgtw_fixed504_recent,ols,characteristics,504,cap_spread_bp,3.5835617948123795,4.204920270549126,0.8522306165734738,0.3940861068235503,-4.657930493326328,11.825054082951086,2152,2266,114,5,full,fixed504,recent,dgtw,activity_tercile_2,791442
ld2_ols_characteristics_full_dgtw_fixed504_union,ols,characteristics,504,rank_ic,0.0431576054982339,0.0018492671900380518,23.337679774303385,1.8383607399831567e-120,0.03953310840796773,0.04678210258850007,2264,2266,2,5,full,fixed504,union,dgtw,activity_tercile_2,791442
ld2_ols_characteristics_full_dgtw_fixed504_union,ols,characteristics,504,ew_spread_bp,-8.018229879614672,4.360275129979378,-1.8389275081484582,0.06592584916809276,-16.564212097059958,0.527752337830611,2152,2266,114,5,full,fixed504,union,dgtw,activity_tercile_2,791442
ld2_ols_characteristics_full_dgtw_fixed504_union,ols,characteristics,504,cap_spread_bp,2.927362865402,4.414343232582592,0.663147995333693,0.5072357743225917,-5.7245908858579995,11.579316616661998,2152,2266,114,5,full,fixed504,union,dgtw,activity_tercile_2,791442
ld2_ridge_characteristics_full_dgtw_fixed504_retain,ridge,characteristics,504,rank_ic,0.044182587331857315,0.001820082746720417,24.275043215188614,3.597612891153275e-130,0.04061529069940256,0.04774988396431207,2264,2266,2,5,full,fixed504,retain,dgtw,activity_tercile_2,791442
ld2_ridge_characteristics_full_dgtw_fixed504_retain,ridge,characteristics,504,ew_spread_bp,-5.529016052384062,4.181181641101773,-1.3223572968064417,0.18604920162416239,-13.723981481763616,2.665949376995492,2152,2266,114,5,full,fixed504,retain,dgtw,activity_tercile_2,791442
ld2_ridge_characteristics_full_dgtw_fixed504_retain,ridge,characteristics,504,cap_spread_bp,6.013721358409839,4.146570156571564,1.4502881010898074,0.14697819580270158,-2.1134068078390396,14.140849524658718,2152,2266,114,5,full,fixed504,retain,dgtw,activity_tercile_2,791442
ld2_ridge_characteristics_full_dgtw_fixed504_recent,ridge,characteristics,504,rank_ic,0.04402245264400818,0.0017985064141816587,24.477228603067786,2.5822870834955558e-132,0.04049744484624785,0.0475474604417685,2264,2266,2,5,full,fixed504,recent,dgtw,activity_tercile_2,791442
ld2_ridge_characteristics_full_dgtw_fixed504_recent,ridge,characteristics,504,ew_spread_bp,-5.15875433409497,4.116145547375067,-1.2532973566459018,0.21009751008068167,-13.22625136207501,2.9087426938850687,2152,2266,114,5,full,fixed504,recent,dgtw,activity_tercile_2,791442
ld2_ridge_characteristics_full_dgtw_fixed504_recent,ridge,characteristics,504,cap_spread_bp,5.323552752121529,3.941496308820892,1.3506425821603985,0.17680995333581728,-2.4016380583649815,13.048743562608038,2152,2266,114,5,full,fixed504,recent,dgtw,activity_tercile_2,791442
ld2_ridge_characteristics_full_dgtw_fixed504_union,ridge,characteristics,504,rank_ic,0.04445781861760904,0.0018230142680461304,24.38698335875233,2.3505590634607194e-131,0.04088477630893598,0.04803086092628211,2264,2266,2,5,full,fixed504,union,dgtw,activity_tercile_2,791442
ld2_ridge_characteristics_full_dgtw_fixed504_union,ridge,characteristics,504,ew_spread_bp,-5.088149488455844,4.199081421224515,-1.2117291802767813,0.2256160652891781,-13.318197842207159,3.1418988652954702,2152,2266,114,5,full,fixed504,union,dgtw,activity_tercile_2,791442
ld2_ridge_characteristics_full_dgtw_fixed504_union,ridge,characteristics,504,cap_spread_bp,6.246431104555937,4.163562451363101,1.500261177182758,0.13354676170752422,-1.9140013474990418,14.406863556610915,2152,2266,114,5,full,fixed504,union,dgtw,activity_tercile_2,791442
ld2_lasso_characteristics_full_dgtw_fixed504_retain,lasso,characteristics,504,rank_ic,0.044104809378993526,0.0018428058108532115,23.933508956417487,1.3722985934884183e-126,0.0404929763592201,0.047716642398766954,2264,2266,2,5,full,fixed504,retain,dgtw,activity_tercile_2,791442
ld2_lasso_characteristics_full_dgtw_fixed504_retain,lasso,characteristics,504,ew_spread_bp,-4.04019178884408,4.167583586631022,-0.9694326951964214,0.33232934601884834,-12.208505521201147,4.128121943512987,2152,2266,114,5,full,fixed504,retain,dgtw,activity_tercile_2,791442
ld2_lasso_characteristics_full_dgtw_fixed504_retain,lasso,characteristics,504,cap_spread_bp,6.143215760932516,4.078693276791315,1.5061725273358504,0.13202288997823672,-1.8508761655641193,14.13730768742915,2152,2266,114,5,full,fixed504,retain,dgtw,activity_tercile_2,791442
ld2_lasso_characteristics_full_dgtw_fixed504_recent,lasso,characteristics,504,rank_ic,0.043844399014151526,0.0018164554123167721,24.13733842122269,1.0141780276025919e-128,0.0402842118264878,0.04740458620181525,2264,2266,2,5,full,fixed504,recent,dgtw,activity_tercile_2,791442
ld2_lasso_characteristics_full_dgtw_fixed504_recent,lasso,characteristics,504,ew_spread_bp,-4.594442013143625,4.083124957557662,-1.1252268938376573,0.26049289953388843,-12.59721987433328,3.40833584804603,2152,2266,114,5,full,fixed504,recent,dgtw,activity_tercile_2,791442
ld2_lasso_characteristics_full_dgtw_fixed504_recent,lasso,characteristics,504,cap_spread_bp,4.182261093060424,3.813713740925619,1.0966373926233266,0.27279993475381703,-3.292480486499308,11.657002672620155,2152,2266,114,5,full,fixed504,recent,dgtw,activity_tercile_2,791442
ld2_lasso_characteristics_full_dgtw_fixed504_union,lasso,characteristics,504,rank_ic,0.044332621405711606,0.0018377835047840628,24.122874805604827,1.4386201227688868e-128,0.04073063192495305,0.047934610886470164,2264,2266,2,5,full,fixed504,union,dgtw,activity_tercile_2,791442
ld2_lasso_characteristics_full_dgtw_fixed504_union,lasso,characteristics,504,ew_spread_bp,-4.234266970710144,4.180018932963755,-1.0129779406783515,0.31107069769419426,-12.42695353401465,3.9584195925943613,2152,2266,114,5,full,fixed504,union,dgtw,activity_tercile_2,791442
ld2_lasso_characteristics_full_dgtw_fixed504_union,lasso,characteristics,504,cap_spread_bp,7.778028415544223,4.121383541290159,1.88723721964236,0.059128426263089846,-0.29973489186063507,15.855791722949082,2152,2266,114,5,full,fixed504,union,dgtw,activity_tercile_2,791442
ld2_enet_characteristics_full_dgtw_fixed504_retain,enet,characteristics,504,rank_ic,0.0441353151992226,0.0018413476774749877,23.969028630022056,5.8524074724706625e-127,0.04052634006835515,0.04774429033009005,2264,2266,2,5,full,fixed504,retain,dgtw,activity_tercile_2,791442
ld2_enet_characteristics_full_dgtw_fixed504_retain,enet,characteristics,504,ew_spread_bp,-4.2800106545472465,4.203697563892313,-1.0181538013843872,0.30860487054546437,-12.519106481674942,3.9590851725804503,2152,2266,114,5,full,fixed504,retain,dgtw,activity_tercile_2,791442
ld2_enet_characteristics_full_dgtw_fixed504_retain,enet,characteristics,504,cap_spread_bp,6.06364068817968,4.129554757566068,1.4683521697030477,0.14200858671584077,-2.030137908835849,14.157419285195209,2152,2266,114,5,full,fixed504,retain,dgtw,activity_tercile_2,791442
ld2_enet_characteristics_full_dgtw_fixed504_recent,enet,characteristics,504,rank_ic,0.043796119147568674,0.0018114009067529576,24.178037553307725,3.787808480677545e-129,0.04024583860876968,0.04734639968636767,2264,2266,2,5,full,fixed504,recent,dgtw,activity_tercile_2,791442
ld2_enet_characteristics_full_dgtw_fixed504_recent,enet,characteristics,504,ew_spread_bp,-4.677922366143155,4.1388483806334735,-1.1302473383736693,0.258372017800818,-12.789916129656689,3.4340713973703787,2152,2266,114,5,full,fixed504,recent,dgtw,activity_tercile_2,791442
ld2_enet_characteristics_full_dgtw_fixed504_recent,enet,characteristics,504,cap_spread_bp,3.6972236162056036,3.830211550943957,0.9652792194453128,0.33440497730397045,-3.8098530768138548,11.204300309225061,2152,2266,114,5,full,fixed504,recent,dgtw,activity_tercile_2,791442
ld2_enet_characteristics_full_dgtw_fixed504_union,enet,characteristics,504,rank_ic,0.04435682294736529,0.0018336993932346751,24.18980074434073,2.848586189864905e-129,0.04076283817815238,0.0479508077165782,2264,2266,2,5,full,fixed504,union,dgtw,activity_tercile_2,791442
ld2_enet_characteristics_full_dgtw_fixed504_union,enet,characteristics,504,ew_spread_bp,-4.091971868659427,4.186973037077946,-0.9773102984955404,0.32841555613701157,-12.298288225572488,4.114344488253635,2152,2266,114,5,full,fixed504,union,dgtw,activity_tercile_2,791442
ld2_enet_characteristics_full_dgtw_fixed504_union,enet,characteristics,504,cap_spread_bp,6.937435734744875,4.150154823685055,1.671608898818118,0.09460146885798622,-1.196718249943011,15.071589719432762,2152,2266,114,5,full,fixed504,union,dgtw,activity_tercile_2,791442
ld2_ols_characteristics_core_full_dgtw_fixed504_retain,ols,characteristics_core,504,rank_ic,0.04309018284481076,0.0018203228536782484,23.67172546218396,7.0526891115833455e-124,0.03952241561136622,0.0466579500782553,2264,2266,2,5,full,fixed504,retain,dgtw,activity_tercile_2,791442
ld2_ols_characteristics_core_full_dgtw_fixed504_retain,ols,characteristics_core,504,ew_spread_bp,-5.222897233020013,4.281329469445,-1.2199241544699597,0.22249362822849827,-13.61414879908219,3.1683543330421644,2152,2266,114,5,full,fixed504,retain,dgtw,activity_tercile_2,791442
ld2_ols_characteristics_core_full_dgtw_fixed504_retain,ols,characteristics_core,504,cap_spread_bp,4.12367482184056,4.492845145762438,0.9178315049940968,0.35870708554193254,-4.682139851969427,12.929489495650547,2152,2266,114,5,full,fixed504,retain,dgtw,activity_tercile_2,791442
ld2_ols_characteristics_core_full_dgtw_fixed504_recent,ols,characteristics_core,504,rank_ic,0.0433975945360236,0.0017836057548891399,24.331382883837453,9.127668062198138e-131,0.03990179149382251,0.04689339757822469,2264,2266,2,5,full,fixed504,recent,dgtw,activity_tercile_2,791442
ld2_ols_characteristics_core_full_dgtw_fixed504_recent,ols,characteristics_core,504,ew_spread_bp,-5.912838125533765,4.292672365151442,-1.3774259068861328,0.16838060774561248,-14.326321358660964,2.5006451075934333,2152,2266,114,5,full,fixed504,recent,dgtw,activity_tercile_2,791442
ld2_ols_characteristics_core_full_dgtw_fixed504_recent,ols,characteristics_core,504,cap_spread_bp,6.718307349048254,4.48336471432138,1.4984967267078926,0.13400424243756523,-2.068926020579359,15.505540718675867,2152,2266,114,5,full,fixed504,recent,dgtw,activity_tercile_2,791442
ld2_ols_characteristics_core_full_dgtw_fixed504_union,ols,characteristics_core,504,rank_ic,0.04371258809826079,0.0018137246743830055,24.101005359664626,2.439768308379698e-128,0.040157753058598464,0.04726742313792312,2264,2266,2,5,full,fixed504,union,dgtw,activity_tercile_2,791442
ld2_ols_characteristics_core_full_dgtw_fixed504_union,ols,characteristics_core,504,ew_spread_bp,-4.868716403187976,4.329762089252701,-1.1244766577990655,0.2608108675406131,-13.354894159750168,3.6174613533742157,2152,2266,114,5,full,fixed504,union,dgtw,activity_tercile_2,791442
ld2_ols_characteristics_core_full_dgtw_fixed504_union,ols,characteristics_core,504,cap_spread_bp,5.05073491343658,4.416653236764913,1.1435660991887413,0.25280362762679776,-3.6057463628249042,13.707216189698064,2152,2266,114,5,full,fixed504,union,dgtw,activity_tercile_2,791442
ld2_ridge_characteristics_core_full_dgtw_fixed504_retain,ridge,characteristics_core,504,rank_ic,0.04463790901843189,0.0017954945220894577,24.86106666952442,1.963147178637863e-136,0.0411188044206976,0.048157013616166186,2264,2266,2,5,full,fixed504,retain,dgtw,activity_tercile_2,791442
ld2_ridge_characteristics_core_full_dgtw_fixed504_retain,ridge,characteristics_core,504,ew_spread_bp,-2.947719979014944,4.240851615716815,-0.695077367972636,0.4870068171563309,-11.259636409598397,5.364196451568509,2152,2266,114,5,full,fixed504,retain,dgtw,activity_tercile_2,791442
ld2_ridge_characteristics_core_full_dgtw_fixed504_retain,ridge,characteristics_core,504,cap_spread_bp,5.844561555975073,4.472791260073653,1.3066922232983504,0.1913172608957846,-2.9219482241348143,14.61107133608496,2152,2266,114,5,full,fixed504,retain,dgtw,activity_tercile_2,791442
ld2_ridge_characteristics_core_full_dgtw_fixed504_recent,ridge,characteristics_core,504,rank_ic,0.04452857980279817,0.0017680574691937155,25.185029660322336,5.844154924776108e-140,0.04106325084058145,0.04799390876501489,2264,2266,2,5,full,fixed504,recent,dgtw,activity_tercile_2,791442
ld2_ridge_characteristics_core_full_dgtw_fixed504_recent,ridge,characteristics_core,504,ew_spread_bp,-3.2681633803348706,4.090566490407239,-0.7989512914651355,0.42431865601416574,-11.285526377899467,4.749199617229726,2152,2266,114,5,full,fixed504,recent,dgtw,activity_tercile_2,791442
ld2_ridge_characteristics_core_full_dgtw_fixed504_recent,ridge,characteristics_core,504,cap_spread_bp,6.897455428949842,4.02431203860073,1.7139464740284196,0.08653855669868955,-0.9900512292585528,14.784962087158236,2152,2266,114,5,full,fixed504,recent,dgtw,activity_tercile_2,791442
ld2_ridge_characteristics_core_full_dgtw_fixed504_union,ridge,characteristics_core,504,rank_ic,0.04492857843076346,0.0017945844333629648,25.035644796366295,2.5025408638273977e-138,0.041411257574155834,0.04844589928737109,2264,2266,2,5,full,fixed504,union,dgtw,activity_tercile_2,791442
ld2_ridge_characteristics_core_full_dgtw_fixed504_union,ridge,characteristics_core,504,ew_spread_bp,-3.6769133166843146,4.178947544835859,-0.8798658698714862,0.3789319758803834,-11.867499997844682,4.513673364476052,2152,2266,114,5,full,fixed504,union,dgtw,activity_tercile_2,791442
ld2_ridge_characteristics_core_full_dgtw_fixed504_union,ridge,characteristics_core,504,cap_spread_bp,5.311884545209009,4.417290350504365,1.2025210307043772,0.22916172297360338,-3.3458454510358573,13.969614541453875,2152,2266,114,5,full,fixed504,union,dgtw,activity_tercile_2,791442
ld2_lasso_characteristics_core_full_dgtw_fixed504_retain,lasso,characteristics_core,504,rank_ic,0.04440698962795511,0.0018213190489803108,24.38177410641861,2.6694981585358984e-131,0.040837269887596964,0.04797670936831326,2264,2266,2,5,full,fixed504,retain,dgtw,activity_tercile_2,791442
ld2_lasso_characteristics_core_full_dgtw_fixed504_retain,lasso,characteristics_core,504,ew_spread_bp,-4.151035605987709,4.206093839548183,-0.986909889398381,0.32368681569290647,-12.394828047097942,4.092756835122523,2152,2266,114,5,full,fixed504,retain,dgtw,activity_tercile_2,791442
ld2_lasso_characteristics_core_full_dgtw_fixed504_retain,lasso,characteristics_core,504,cap_spread_bp,2.0018912107251734,4.03561040450061,0.4960566085597896,0.6198544722039586,-5.907759837731142,9.911542259181488,2152,2266,114,5,full,fixed504,retain,dgtw,activity_tercile_2,791442
ld2_lasso_characteristics_core_full_dgtw_fixed504_recent,lasso,characteristics_core,504,rank_ic,0.044149499106229194,0.0017935369697742803,24.615884618082607,8.539375024617387e-134,0.0406342312405305,0.04766476697192789,2264,2266,2,5,full,fixed504,recent,dgtw,activity_tercile_2,791442
ld2_lasso_characteristics_core_full_dgtw_fixed504_recent,lasso,characteristics_core,504,ew_spread_bp,-5.2491014235712825,4.183755251246779,-1.254638741596327,0.20960993286918117,-13.449111036145293,2.950908189002728,2152,2266,114,5,full,fixed504,recent,dgtw,activity_tercile_2,791442
ld2_lasso_characteristics_core_full_dgtw_fixed504_recent,lasso,characteristics_core,504,cap_spread_bp,1.9352393939269328,4.0099084334257,0.4826143604166145,0.6293695807323656,-5.924036716890868,9.794515504744734,2152,2266,114,5,full,fixed504,recent,dgtw,activity_tercile_2,791442
ld2_lasso_characteristics_core_full_dgtw_fixed504_union,lasso,characteristics_core,504,rank_ic,0.04457435948253271,0.0018112165625910643,24.610176609011436,9.829719274005657e-134,0.041024440251651785,0.04812427871341363,2264,2266,2,5,full,fixed504,union,dgtw,activity_tercile_2,791442
ld2_lasso_characteristics_core_full_dgtw_fixed504_union,lasso,characteristics_core,504,ew_spread_bp,-3.907665281058671,4.212678997624241,-0.9275962595921541,0.35361703868638894,-12.16436439483048,4.349033832713138,2152,2266,114,5,full,fixed504,union,dgtw,activity_tercile_2,791442
ld2_lasso_characteristics_core_full_dgtw_fixed504_union,lasso,characteristics_core,504,cap_spread_bp,-0.15224177908082,4.246966455290049,-0.035847181908203365,0.9714042115004453,-8.476143074999053,8.171659516837414,2152,2266,114,5,full,fixed504,union,dgtw,activity_tercile_2,791442
ld2_enet_characteristics_core_full_dgtw_fixed504_retain,enet,characteristics_core,504,rank_ic,0.044557067926704476,0.0018146734502823762,24.553766364836097,3.9423916053221e-133,0.04100037332044998,0.04811376253295897,2264,2266,2,5,full,fixed504,retain,dgtw,activity_tercile_2,791442
ld2_enet_characteristics_core_full_dgtw_fixed504_retain,enet,characteristics_core,504,ew_spread_bp,-4.135212131254143,4.223811579047458,-0.9790238162533528,0.3275682119681994,-12.413730703670417,4.143306441162132,2152,2266,114,5,full,fixed504,retain,dgtw,activity_tercile_2,791442
ld2_enet_characteristics_core_full_dgtw_fixed504_retain,enet,characteristics_core,504,cap_spread_bp,2.215422740163406,4.053253370782046,0.5465788929291524,0.5846680732661005,-5.728807886784978,10.159653367111789,2152,2266,114,5,full,fixed504,retain,dgtw,activity_tercile_2,791442
ld2_enet_characteristics_core_full_dgtw_fixed504_recent,enet,characteristics_core,504,rank_ic,0.04423432046894889,0.00178683051356844,24.75574495345364,2.6887042723293895e-135,0.04073219701587753,0.04773644392202024,2264,2266,2,5,full,fixed504,recent,dgtw,activity_tercile_2,791442
ld2_enet_characteristics_core_full_dgtw_fixed504_recent,enet,characteristics_core,504,ew_spread_bp,-4.947800671248972,4.181251397116807,-1.183330108938377,0.23667834451786451,-13.142902819905697,3.2473014774077527,2152,2266,114,5,full,fixed504,recent,dgtw,activity_tercile_2,791442
ld2_enet_characteristics_core_full_dgtw_fixed504_recent,enet,characteristics_core,504,cap_spread_bp,2.4993313263360917,4.0532712690977375,0.6166207885939116,0.5374848792797696,-5.444934380666432,10.443597033338614,2152,2266,114,5,full,fixed504,recent,dgtw,activity_tercile_2,791442
ld2_enet_characteristics_core_full_dgtw_fixed504_union,enet,characteristics_core,504,rank_ic,0.044711986931530924,0.0018058340966316565,24.75974233454238,2.434964849558679e-135,0.04117261714007845,0.0482513567229834,2264,2266,2,5,full,fixed504,union,dgtw,activity_tercile_2,791442
ld2_enet_characteristics_core_full_dgtw_fixed504_union,enet,characteristics_core,504,ew_spread_bp,-3.2695411663974685,4.204119454674648,-0.777699397376066,0.4367462475477859,-11.50946388426395,4.970381551469012,2152,2266,114,5,full,fixed504,union,dgtw,activity_tercile_2,791442
ld2_enet_characteristics_core_full_dgtw_fixed504_union,enet,characteristics_core,504,cap_spread_bp,1.0897679475181847,4.258780834508102,0.2558873043402467,0.7980378580111898,-7.257289106167132,9.436825001203502,2152,2266,114,5,full,fixed504,union,dgtw,activity_tercile_2,791442
ld2_group_ridge_characteristics_core_full_dgtw_fixed504_retain,group_ridge,characteristics_core,504,rank_ic,0.04467365153397267,0.001797404711188776,24.85453123377328,2.3100461566094042e-136,0.04115080303440005,0.048196500033545295,2264,2266,2,5,full,fixed504,retain,dgtw,activity_tercile_2,791442
ld2_group_ridge_characteristics_core_full_dgtw_fixed504_retain,group_ridge,characteristics_core,504,ew_spread_bp,-3.022100644649383,4.236564268851368,-0.7133376134215345,0.47563686766028723,-11.325614029787332,5.281412740488566,2152,2266,114,5,full,fixed504,retain,dgtw,activity_tercile_2,791442
ld2_group_ridge_characteristics_core_full_dgtw_fixed504_retain,group_ridge,characteristics_core,504,cap_spread_bp,6.51965224523783,4.400052067138199,1.4817216127804194,0.1384143838806409,-2.1042913364540548,15.143595826929715,2152,2266,114,5,full,fixed504,retain,dgtw,activity_tercile_2,791442
ld2_group_ridge_characteristics_core_full_dgtw_fixed504_recent,group_ridge,characteristics_core,504,rank_ic,0.0445611540693157,0.0017701232679835958,25.174040065625903,7.710553460836186e-140,0.041091776215871505,0.04803053192275989,2264,2266,2,5,full,fixed504,recent,dgtw,activity_tercile_2,791442
ld2_group_ridge_characteristics_core_full_dgtw_fixed504_recent,group_ridge,characteristics_core,504,ew_spread_bp,-3.2895737609795628,4.089008550770432,-0.8044917784189414,0.4211130156394197,-11.30388325296593,4.724735731006804,2152,2266,114,5,full,fixed504,recent,dgtw,activity_tercile_2,791442
ld2_group_ridge_characteristics_core_full_dgtw_fixed504_recent,group_ridge,characteristics_core,504,cap_spread_bp,7.225280204165947,3.926486800858661,1.840138671187152,0.06574788109580777,-0.47049251128892333,14.921052919620816,2152,2266,114,5,full,fixed504,recent,dgtw,activity_tercile_2,791442
ld2_group_ridge_characteristics_core_full_dgtw_fixed504_union,group_ridge,characteristics_core,504,rank_ic,0.044978966369458036,0.0017961180561127136,25.042321809739338,2.1166933155120784e-138,0.04145863966749502,0.04849929307142105,2264,2266,2,5,full,fixed504,union,dgtw,activity_tercile_2,791442
ld2_group_ridge_characteristics_core_full_dgtw_fixed504_union,group_ridge,characteristics_core,504,ew_spread_bp,-3.880535289378092,4.181432665692372,-0.9280396456499062,0.35338700484781194,-12.075992717914453,4.31492213915827,2152,2266,114,5,full,fixed504,union,dgtw,activity_tercile_2,791442
ld2_group_ridge_characteristics_core_full_dgtw_fixed504_union,group_ridge,characteristics_core,504,cap_spread_bp,5.7601470797734855,4.304030901517608,1.33831452691068,0.18079392827540597,-2.6755984755484867,14.195892635095458,2152,2266,114,5,full,fixed504,union,dgtw,activity_tercile_2,791442
ld2_ols_characteristics_textcore_full_dgtw_fixed504_retain,ols,characteristics_textcore,504,rank_ic,0.03898273770043286,0.0016403166741692772,23.76537306137871,7.620747787806526e-125,0.035767776095820554,0.04219769930504517,2264,2266,2,5,full,fixed504,retain,dgtw,activity_tercile_2,791442
ld2_ols_characteristics_textcore_full_dgtw_fixed504_retain,ols,characteristics_textcore,504,ew_spread_bp,-0.6084491277757271,3.774832948382393,-0.16118570969781915,0.8719471359572045,-8.006985754260363,6.790087498708908,2152,2266,114,5,full,fixed504,retain,dgtw,activity_tercile_2,791442
ld2_ols_characteristics_textcore_full_dgtw_fixed504_retain,ols,characteristics_textcore,504,cap_spread_bp,9.658069666838546,3.6549216561505338,2.6424833622865385,0.008230050870089146,2.4945548544680127,16.82158447920908,2152,2266,114,5,full,fixed504,retain,dgtw,activity_tercile_2,791442
ld2_ols_characteristics_textcore_full_dgtw_fixed504_recent,ols,characteristics_textcore,504,rank_ic,0.04081618417202244,0.001662036624848367,24.557933057429608,3.5583670448897825e-133,0.03755865224633313,0.044073716097711754,2264,2266,2,5,full,fixed504,recent,dgtw,activity_tercile_2,791442
ld2_ols_characteristics_textcore_full_dgtw_fixed504_recent,ols,characteristics_textcore,504,ew_spread_bp,2.0074705622585425,3.537300010445951,0.5675149284285499,0.5703643870447453,-4.925510060728678,8.940451185245763,2152,2266,114,5,full,fixed504,recent,dgtw,activity_tercile_2,791442
ld2_ols_characteristics_textcore_full_dgtw_fixed504_recent,ols,characteristics_textcore,504,cap_spread_bp,9.145466751604772,3.8351491047033557,2.3846443780735775,0.01709563832435934,1.628712631045162,16.662220872164383,2152,2266,114,5,full,fixed504,recent,dgtw,activity_tercile_2,791442
ld2_ols_characteristics_textcore_full_dgtw_fixed504_union,ols,characteristics_textcore,504,rank_ic,0.04113868441988295,0.0016789237400369626,24.503009540491252,1.3719704883352581e-132,0.03784805435662122,0.04442931448314468,2264,2266,2,5,full,fixed504,union,dgtw,activity_tercile_2,791442
ld2_ols_characteristics_textcore_full_dgtw_fixed504_union,ols,characteristics_textcore,504,ew_spread_bp,1.3255104426319808,3.8673056073580057,0.342747788049137,0.7317882082167722,-6.254269264999509,8.905290150263472,2152,2266,114,5,full,fixed504,union,dgtw,activity_tercile_2,791442
ld2_ols_characteristics_textcore_full_dgtw_fixed504_union,ols,characteristics_textcore,504,cap_spread_bp,10.698696174653843,3.923165355566334,2.7270571604824485,0.006390196824964646,3.0094333723485533,18.387958976959133,2152,2266,114,5,full,fixed504,union,dgtw,activity_tercile_2,791442
ld2_ridge_characteristics_textcore_full_dgtw_fixed504_retain,ridge,characteristics_textcore,504,rank_ic,0.04347949335514817,0.001721857630343821,25.251503137612005,1.090316959787604e-140,0.0401047144131688,0.04685427229712754,2264,2266,2,5,full,fixed504,retain,dgtw,activity_tercile_2,791442
ld2_ridge_characteristics_textcore_full_dgtw_fixed504_retain,ridge,characteristics_textcore,504,ew_spread_bp,-0.1798047400555952,3.860707310251864,-0.04657300479063386,0.9628535477322394,-7.746652022999753,7.387042542888563,2152,2266,114,5,full,fixed504,retain,dgtw,activity_tercile_2,791442
ld2_ridge_characteristics_textcore_full_dgtw_fixed504_retain,ridge,characteristics_textcore,504,cap_spread_bp,7.30369642147754,3.8090017175315145,1.917483100062979,0.055176585960509006,-0.1618097619354364,14.769202604890516,2152,2266,114,5,full,fixed504,retain,dgtw,activity_tercile_2,791442
ld2_ridge_characteristics_textcore_full_dgtw_fixed504_recent,ridge,characteristics_textcore,504,rank_ic,0.04353992906179094,0.0017166034275585631,25.363999839913838,6.297600336412545e-142,0.04017544816803814,0.046904409955543735,2264,2266,2,5,full,fixed504,recent,dgtw,activity_tercile_2,791442
ld2_ridge_characteristics_textcore_full_dgtw_fixed504_recent,ridge,characteristics_textcore,504,ew_spread_bp,2.0685357345930635,3.725368872931577,0.555256621598732,0.578719144911784,-5.2330530854794,9.370124554665527,2152,2266,114,5,full,fixed504,recent,dgtw,activity_tercile_2,791442
ld2_ridge_characteristics_textcore_full_dgtw_fixed504_recent,ridge,characteristics_textcore,504,cap_spread_bp,13.079323046913643,3.9506421222886368,3.310682831310646,0.0009306863121365168,5.336206771421031,20.822439322406254,2152,2266,114,5,full,fixed504,recent,dgtw,activity_tercile_2,791442
ld2_ridge_characteristics_textcore_full_dgtw_fixed504_union,ridge,characteristics_textcore,504,rank_ic,0.04415975582765366,0.0017378956911488718,25.409900060492667,1.9603040763825372e-142,0.04075354286411453,0.0475659687911928,2264,2266,2,5,full,fixed504,union,dgtw,activity_tercile_2,791442
ld2_ridge_characteristics_textcore_full_dgtw_fixed504_union,ridge,characteristics_textcore,504,ew_spread_bp,1.823028725070416,3.8786922922173144,0.4700111758616081,0.6383470329844866,-5.779068474788627,9.425125924929459,2152,2266,114,5,full,fixed504,union,dgtw,activity_tercile_2,791442
ld2_ridge_characteristics_textcore_full_dgtw_fixed504_union,ridge,characteristics_textcore,504,cap_spread_bp,13.216312269605005,3.9869070520267456,3.3149286143720076,0.0009166653036743421,5.402118037923825,21.030506501286187,2152,2266,114,5,full,fixed504,union,dgtw,activity_tercile_2,791442
ld2_lasso_characteristics_textcore_full_dgtw_fixed504_retain,lasso,characteristics_textcore,504,rank_ic,0.0438291529507748,0.0017995470555339497,24.35565817297848,5.049909830384664e-131,0.04030210553344316,0.04735620036810644,2264,2266,2,5,full,fixed504,retain,dgtw,activity_tercile_2,791442
ld2_lasso_characteristics_textcore_full_dgtw_fixed504_retain,lasso,characteristics_textcore,504,ew_spread_bp,-3.673779995405016,4.156453159650815,-0.8838737871675308,0.37676434886004484,-11.820278491748326,4.472718500938293,2152,2266,114,5,full,fixed504,retain,dgtw,activity_tercile_2,791442
ld2_lasso_characteristics_textcore_full_dgtw_fixed504_retain,lasso,characteristics_textcore,504,cap_spread_bp,6.83289247921741,3.9121983027012854,1.746560872054837,0.08071353941090399,-0.8348752944558377,14.500660252890658,2152,2266,114,5,full,fixed504,retain,dgtw,activity_tercile_2,791442
ld2_lasso_characteristics_textcore_full_dgtw_fixed504_recent,lasso,characteristics_textcore,504,rank_ic,0.04372084815787913,0.001783823070344317,24.509632645035836,1.1661068526360359e-132,0.04022461918521261,0.047217077130545654,2264,2266,2,5,full,fixed504,recent,dgtw,activity_tercile_2,791442
ld2_lasso_characteristics_textcore_full_dgtw_fixed504_recent,lasso,characteristics_textcore,504,ew_spread_bp,-3.86437009640108,4.152151482144563,-0.9306910195880316,0.3520134164011718,-12.00243745975903,4.273697266956869,2152,2266,114,5,full,fixed504,recent,dgtw,activity_tercile_2,791442
ld2_lasso_characteristics_textcore_full_dgtw_fixed504_recent,lasso,characteristics_textcore,504,cap_spread_bp,4.69939097914564,4.055581559457948,1.158746510272066,0.24655952647324442,-3.249402813756725,12.648184772048005,2152,2266,114,5,full,fixed504,recent,dgtw,activity_tercile_2,791442
ld2_lasso_characteristics_textcore_full_dgtw_fixed504_union,lasso,characteristics_textcore,504,rank_ic,0.04409383114769911,0.0017964439005446816,24.545064354266707,4.883050465648879e-133,0.04057286580238488,0.04761479649301334,2264,2266,2,5,full,fixed504,union,dgtw,activity_tercile_2,791442
ld2_lasso_characteristics_textcore_full_dgtw_fixed504_union,lasso,characteristics_textcore,504,ew_spread_bp,-3.8275103842209903,4.086589623061792,-0.9366025799657631,0.3489630244009043,-11.837078865017219,4.182058096575237,2152,2266,114,5,full,fixed504,union,dgtw,activity_tercile_2,791442
ld2_lasso_characteristics_textcore_full_dgtw_fixed504_union,lasso,characteristics_textcore,504,cap_spread_bp,4.131010030850381,4.093584405974645,1.009142507192746,0.31290629463191166,-3.8922679725347153,12.154288034235478,2152,2266,114,5,full,fixed504,union,dgtw,activity_tercile_2,791442
ld2_enet_characteristics_textcore_full_dgtw_fixed504_retain,enet,characteristics_textcore,504,rank_ic,0.04393403253030132,0.001800585116693304,24.39986431243209,1.7158633182678997e-131,0.0404049505504836,0.047463114510119045,2264,2266,2,5,full,fixed504,retain,dgtw,activity_tercile_2,791442
ld2_enet_characteristics_textcore_full_dgtw_fixed504_retain,enet,characteristics_textcore,504,ew_spread_bp,-3.7733086969860645,4.160473703492192,-0.9069420854213904,0.3644374241557743,-11.927687314456737,4.381069920484609,2152,2266,114,5,full,fixed504,retain,dgtw,activity_tercile_2,791442
ld2_enet_characteristics_textcore_full_dgtw_fixed504_retain,enet,characteristics_textcore,504,cap_spread_bp,5.94238666066207,3.8833298352908017,1.5302297030396534,0.12595988154052729,-1.6687999565977618,13.553573277921902,2152,2266,114,5,full,fixed504,retain,dgtw,activity_tercile_2,791442
ld2_enet_characteristics_textcore_full_dgtw_fixed504_recent,enet,characteristics_textcore,504,rank_ic,0.04376627533358006,0.0017857260095284584,24.508953277293113,1.1857188016462122e-132,0.04026631666864785,0.04726623399851227,2264,2266,2,5,full,fixed504,recent,dgtw,activity_tercile_2,791442
ld2_enet_characteristics_textcore_full_dgtw_fixed504_recent,enet,characteristics_textcore,504,ew_spread_bp,-4.395333359290497,4.147570098065454,-1.0597369677586899,0.2892642797044672,-12.524421374854047,3.733754656273053,2152,2266,114,5,full,fixed504,recent,dgtw,activity_tercile_2,791442
ld2_enet_characteristics_textcore_full_dgtw_fixed504_recent,enet,characteristics_textcore,504,cap_spread_bp,4.53475514020272,4.053705382509798,1.1186691464477092,0.263281312457446,-3.410361413452647,12.479871693858087,2152,2266,114,5,full,fixed504,recent,dgtw,activity_tercile_2,791442
ld2_enet_characteristics_textcore_full_dgtw_fixed504_union,enet,characteristics_textcore,504,rank_ic,0.0441558829069499,0.0017981389664087878,24.556435143128713,3.69192166154456e-133,0.040631595293590596,0.0476801705203092,2264,2266,2,5,full,fixed504,union,dgtw,activity_tercile_2,791442
ld2_enet_characteristics_textcore_full_dgtw_fixed504_union,enet,characteristics_textcore,504,ew_spread_bp,-3.8514382716321016,4.095437413701525,-0.9404217138679473,0.3470012885496421,-11.878348103424957,4.175471560160753,2152,2266,114,5,full,fixed504,union,dgtw,activity_tercile_2,791442
ld2_enet_characteristics_textcore_full_dgtw_fixed504_union,enet,characteristics_textcore,504,cap_spread_bp,4.825082991897525,4.059025911813106,1.1887292904080606,0.2345462106813313,-3.130461607571016,12.780627591366066,2152,2266,114,5,full,fixed504,union,dgtw,activity_tercile_2,791442
ld2_group_ridge_characteristics_textcore_full_dgtw_fixed504_retain,group_ridge,characteristics_textcore,504,rank_ic,0.04470026420759408,0.0017947385288304772,24.90628216285218,6.361060536706381e-137,0.04118264132941994,0.04821788708576821,2264,2266,2,5,full,fixed504,retain,dgtw,activity_tercile_2,791442
ld2_group_ridge_characteristics_textcore_full_dgtw_fixed504_retain,group_ridge,characteristics_textcore,504,ew_spread_bp,-3.0883905541497487,4.3261649288996304,-0.713886457152545,0.4752973923126034,-11.567518005973309,5.390736897673811,2152,2266,114,5,full,fixed504,retain,dgtw,activity_tercile_2,791442
ld2_group_ridge_characteristics_textcore_full_dgtw_fixed504_retain,group_ridge,characteristics_textcore,504,cap_spread_bp,5.316646524422456,4.359652815644366,1.219511449476888,0.22265013291071134,-3.2281159793391403,13.861409028184053,2152,2266,114,5,full,fixed504,retain,dgtw,activity_tercile_2,791442
ld2_group_ridge_characteristics_textcore_full_dgtw_fixed504_recent,group_ridge,characteristics_textcore,504,rank_ic,0.04457001175570301,0.0017748665390522585,25.11175391221385,3.7007249289554935e-139,0.04109133726179533,0.048048686249610686,2264,2266,2,5,full,fixed504,recent,dgtw,activity_tercile_2,791442
ld2_group_ridge_characteristics_textcore_full_dgtw_fixed504_recent,group_ridge,characteristics_textcore,504,ew_spread_bp,-3.7905519009346365,4.1814284570537446,-0.9065208073906587,0.3646602567318019,-11.986001080690864,4.404897278821592,2152,2266,114,5,full,fixed504,recent,dgtw,activity_tercile_2,791442
ld2_group_ridge_characteristics_textcore_full_dgtw_fixed504_recent,group_ridge,characteristics_textcore,504,cap_spread_bp,8.679144918576691,3.9866737884030434,2.177039150738573,0.029477646455594662,0.8654078751968699,16.492881961956513,2152,2266,114,5,full,fixed504,recent,dgtw,activity_tercile_2,791442
ld2_group_ridge_characteristics_textcore_full_dgtw_fixed504_union,group_ridge,characteristics_textcore,504,rank_ic,0.044993739947507126,0.001797938670414007,25.025180607048473,3.2532232480107355e-138,0.041469844907083844,0.04851763498793041,2264,2266,2,5,full,fixed504,union,dgtw,activity_tercile_2,791442
ld2_group_ridge_characteristics_textcore_full_dgtw_fixed504_union,group_ridge,characteristics_textcore,504,ew_spread_bp,-3.757639852278507,4.278767032175428,-0.8782062271728855,0.3798318132533963,-12.14386913357968,4.628589429022666,2152,2266,114,5,full,fixed504,union,dgtw,activity_tercile_2,791442
ld2_group_ridge_characteristics_textcore_full_dgtw_fixed504_union,group_ridge,characteristics_textcore,504,cap_spread_bp,6.505394166561431,4.364673274245788,1.4904653241623358,0.13610192746900462,-2.049208255244827,15.059996588367689,2152,2266,114,5,full,fixed504,union,dgtw,activity_tercile_2,791442
ld2_ols_characteristics_textcore_pca_dgtw_fixed504_retain,ols,characteristics_textcore,504,rank_ic,0.04304243180976917,0.001820457802618885,23.64374046344218,1.368977668908287e-123,0.03947440008126123,0.04661046353827711,2264,2266,2,5,pca,fixed504,retain,dgtw,activity_tercile_2,791442
ld2_ols_characteristics_textcore_pca_dgtw_fixed504_retain,ols,characteristics_textcore,504,ew_spread_bp,-3.729248256784266,4.26834832701606,-0.8736982015222101,0.3822826306387547,-12.095057251207535,4.636560737639004,2152,2266,114,5,pca,fixed504,retain,dgtw,activity_tercile_2,791442
ld2_ols_characteristics_textcore_pca_dgtw_fixed504_retain,ols,characteristics_textcore,504,cap_spread_bp,4.612609748159744,4.502169199841785,1.024530519270986,0.30558476329739037,-4.211479735835668,13.436699232155156,2152,2266,114,5,pca,fixed504,retain,dgtw,activity_tercile_2,791442
ld2_ols_characteristics_textcore_pca_dgtw_fixed504_recent,ols,characteristics_textcore,504,rank_ic,0.04331330009178842,0.0017823583910465096,24.30111716553093,1.907730705392352e-130,0.039819941837794505,0.04680665834578234,2264,2266,2,5,pca,fixed504,recent,dgtw,activity_tercile_2,791442
ld2_ols_characteristics_textcore_pca_dgtw_fixed504_recent,ols,characteristics_textcore,504,ew_spread_bp,-1.4502422596239553,3.749628549503521,-0.38676958010040174,0.6989267994885524,-8.799379172054019,5.898894652806109,2152,2266,114,5,pca,fixed504,recent,dgtw,activity_tercile_2,791442
ld2_ols_characteristics_textcore_pca_dgtw_fixed504_recent,ols,characteristics_textcore,504,cap_spread_bp,4.7950182806621005,4.23838792606113,1.1313306767363942,0.2579159372682912,-3.5120694069271288,13.10210596825133,2152,2266,114,5,pca,fixed504,recent,dgtw,activity_tercile_2,791442
ld2_ols_characteristics_textcore_pca_dgtw_fixed504_union,ols,characteristics_textcore,504,rank_ic,0.04358711246261092,0.0018142544083828188,24.024807249311515,1.5311540858371778e-127,0.04003123916338757,0.04714298576183427,2264,2266,2,5,pca,fixed504,union,dgtw,activity_tercile_2,791442
ld2_ols_characteristics_textcore_pca_dgtw_fixed504_union,ols,characteristics_textcore,504,ew_spread_bp,-1.481113044385373,3.8454146578540067,-0.38516341569570317,0.7001163463744576,-9.017987279401641,6.055761190630895,2152,2266,114,5,pca,fixed504,union,dgtw,activity_tercile_2,791442
ld2_ols_characteristics_textcore_pca_dgtw_fixed504_union,ols,characteristics_textcore,504,cap_spread_bp,5.275657046967525,4.251996219815002,1.2407482919157113,0.21469874839763226,-3.0581024062703337,13.609416500205384,2152,2266,114,5,pca,fixed504,union,dgtw,activity_tercile_2,791442
ld2_ridge_characteristics_textcore_pca_dgtw_fixed504_retain,ridge,characteristics_textcore,504,rank_ic,0.04462986360113014,0.0017862703714916599,24.984943104587856,8.911936691875897e-138,0.0411288380063555,0.048130889195904775,2264,2266,2,5,pca,fixed504,retain,dgtw,activity_tercile_2,791442
ld2_ridge_characteristics_textcore_pca_dgtw_fixed504_retain,ridge,characteristics_textcore,504,ew_spread_bp,-1.7502921079732803,4.266060696309005,-0.4102829829607518,0.68159837366775,-10.111617428600795,6.611033212654235,2152,2266,114,5,pca,fixed504,retain,dgtw,activity_tercile_2,791442
ld2_ridge_characteristics_textcore_pca_dgtw_fixed504_retain,ridge,characteristics_textcore,504,cap_spread_bp,7.941902568724637,4.1367602423861065,1.9198363219966799,0.05487857733629686,-0.1659985190293165,16.04980365647859,2152,2266,114,5,pca,fixed504,retain,dgtw,activity_tercile_2,791442
ld2_ridge_characteristics_textcore_pca_dgtw_fixed504_recent,ridge,characteristics_textcore,504,rank_ic,0.044432675786258084,0.0017588926750250085,25.261732234814342,8.41736969602672e-141,0.040985309490537754,0.047880042081978415,2264,2266,2,5,pca,fixed504,recent,dgtw,activity_tercile_2,791442
ld2_ridge_characteristics_textcore_pca_dgtw_fixed504_recent,ridge,characteristics_textcore,504,ew_spread_bp,-0.20173925640545884,3.7832850893666863,-0.05332383144280294,0.9574738924653763,-7.616841774811563,7.213363262000646,2152,2266,114,5,pca,fixed504,recent,dgtw,activity_tercile_2,791442
ld2_ridge_characteristics_textcore_pca_dgtw_fixed504_recent,ridge,characteristics_textcore,504,cap_spread_bp,6.569597057185451,4.04346571649615,1.624744097713857,0.10421709694140781,-1.355450119869447,14.494644234240349,2152,2266,114,5,pca,fixed504,recent,dgtw,activity_tercile_2,791442
ld2_ridge_characteristics_textcore_pca_dgtw_fixed504_union,ridge,characteristics_textcore,504,rank_ic,0.04485180463204948,0.0017814889113738754,25.17658366869092,7.231548932618162e-140,0.04136015052689922,0.04834345873719974,2264,2266,2,5,pca,fixed504,union,dgtw,activity_tercile_2,791442
ld2_ridge_characteristics_textcore_pca_dgtw_fixed504_union,ridge,characteristics_textcore,504,ew_spread_bp,-0.14567309878743698,3.786187997547824,-0.03847487205648112,0.9693090658397016,-7.566465212678999,7.275119015104124,2152,2266,114,5,pca,fixed504,union,dgtw,activity_tercile_2,791442
ld2_ridge_characteristics_textcore_pca_dgtw_fixed504_union,ridge,characteristics_textcore,504,cap_spread_bp,5.6919459192013475,4.080532789256215,1.3949026299182994,0.16304520396290179,-2.305751385475604,13.6896432238783,2152,2266,114,5,pca,fixed504,union,dgtw,activity_tercile_2,791442
ld2_lasso_characteristics_textcore_pca_dgtw_fixed504_retain,lasso,characteristics_textcore,504,rank_ic,0.044736446146404645,0.001794671902764039,24.927367546961886,3.758315174789798e-137,0.04121895385292116,0.04825393843988813,2264,2266,2,5,pca,fixed504,retain,dgtw,activity_tercile_2,791442
ld2_lasso_characteristics_textcore_pca_dgtw_fixed504_retain,lasso,characteristics_textcore,504,ew_spread_bp,-0.2471326363574148,4.201265855221849,-0.05882337487646682,0.9530927902356291,-8.48146240207011,7.9871971293552795,2152,2266,114,5,pca,fixed504,retain,dgtw,activity_tercile_2,791442
ld2_lasso_characteristics_textcore_pca_dgtw_fixed504_retain,lasso,characteristics_textcore,504,cap_spread_bp,5.574641610554047,4.100869474410684,1.3593804058723793,0.17402607681586568,-2.462914864590595,13.61219808569869,2152,2266,114,5,pca,fixed504,retain,dgtw,activity_tercile_2,791442
ld2_lasso_characteristics_textcore_pca_dgtw_fixed504_recent,lasso,characteristics_textcore,504,rank_ic,0.0444262735580716,0.0017726772752580603,25.06168165979573,1.3022346804228698e-138,0.0409518899423532,0.047900657173789996,2264,2266,2,5,pca,fixed504,recent,dgtw,activity_tercile_2,791442
ld2_lasso_characteristics_textcore_pca_dgtw_fixed504_recent,lasso,characteristics_textcore,504,ew_spread_bp,-1.4246326436013201,3.761948641821981,-0.3786953994436629,0.704914070076569,-8.797916493261775,5.948651206059134,2152,2266,114,5,pca,fixed504,recent,dgtw,activity_tercile_2,791442
ld2_lasso_characteristics_textcore_pca_dgtw_fixed504_recent,lasso,characteristics_textcore,504,cap_spread_bp,6.986713865717499,4.0078200402752415,1.743270355332042,0.08128640104449324,-0.8684690697398425,14.84189680117484,2152,2266,114,5,pca,fixed504,recent,dgtw,activity_tercile_2,791442
ld2_lasso_characteristics_textcore_pca_dgtw_fixed504_union,lasso,characteristics_textcore,504,rank_ic,0.0450206302363918,0.0017889865535264708,25.165438022799343,9.57774170266267e-140,0.04151428102265348,0.04852697945013012,2264,2266,2,5,pca,fixed504,union,dgtw,activity_tercile_2,791442
ld2_lasso_characteristics_textcore_pca_dgtw_fixed504_union,lasso,characteristics_textcore,504,ew_spread_bp,-0.36216797483800905,3.71365206234158,-0.09752339981189573,0.9223107524359921,-7.640792268140402,6.916456318464384,2152,2266,114,5,pca,fixed504,union,dgtw,activity_tercile_2,791442
ld2_lasso_characteristics_textcore_pca_dgtw_fixed504_union,lasso,characteristics_textcore,504,cap_spread_bp,4.049454922585078,4.151695585889328,0.975373757254327,0.32937489614644555,-4.087718900531924,12.18662874570208,2152,2266,114,5,pca,fixed504,union,dgtw,activity_tercile_2,791442
ld2_enet_characteristics_textcore_pca_dgtw_fixed504_retain,enet,characteristics_textcore,504,rank_ic,0.04468871906142933,0.0017959951672115858,24.88242723437382,1.1530588158477529e-136,0.04116863321728663,0.04820880490557203,2264,2266,2,5,pca,fixed504,retain,dgtw,activity_tercile_2,791442
ld2_enet_characteristics_textcore_pca_dgtw_fixed504_retain,enet,characteristics_textcore,504,ew_spread_bp,-1.1583392569175304,4.219672576214342,-0.2745092743562413,0.7836932773651444,-9.428745532848987,7.112067019013926,2152,2266,114,5,pca,fixed504,retain,dgtw,activity_tercile_2,791442
ld2_enet_characteristics_textcore_pca_dgtw_fixed504_retain,enet,characteristics_textcore,504,cap_spread_bp,4.849550529209239,4.0382366363768485,1.2009079620357044,0.2297869053937308,-3.0652478391395546,12.764348897558033,2152,2266,114,5,pca,fixed504,retain,dgtw,activity_tercile_2,791442
ld2_enet_characteristics_textcore_pca_dgtw_fixed504_recent,enet,characteristics_textcore,504,rank_ic,0.044393120855135144,0.0017739759891078825,25.02464583946261,3.297122398532765e-138,0.04091619180704487,0.047870049903225416,2264,2266,2,5,pca,fixed504,recent,dgtw,activity_tercile_2,791442
ld2_enet_characteristics_textcore_pca_dgtw_fixed504_recent,enet,characteristics_textcore,504,ew_spread_bp,-1.2797620243318348,3.7574688303941848,-0.34059152107392965,0.7334111134129896,-8.644265604936278,6.084741556272608,2152,2266,114,5,pca,fixed504,recent,dgtw,activity_tercile_2,791442
ld2_enet_characteristics_textcore_pca_dgtw_fixed504_recent,enet,characteristics_textcore,504,cap_spread_bp,7.558933174885659,3.982089335455837,1.8982329471069925,0.05766540245691366,-0.2458185058288187,15.363684855600138,2152,2266,114,5,pca,fixed504,recent,dgtw,activity_tercile_2,791442
ld2_enet_characteristics_textcore_pca_dgtw_fixed504_union,enet,characteristics_textcore,504,rank_ic,0.044948567909977456,0.0017927792348750096,25.072003867286657,1.0049382879331041e-138,0.041434785177391166,0.048462350642563747,2264,2266,2,5,pca,fixed504,union,dgtw,activity_tercile_2,791442
ld2_enet_characteristics_textcore_pca_dgtw_fixed504_union,enet,characteristics_textcore,504,ew_spread_bp,-0.9128154413833456,3.7506957385145308,-0.24337229810724867,0.8077170016671364,-8.264044005839686,6.438413123072994,2152,2266,114,5,pca,fixed504,union,dgtw,activity_tercile_2,791442
ld2_enet_characteristics_textcore_pca_dgtw_fixed504_union,enet,characteristics_textcore,504,cap_spread_bp,3.7917418233026665,4.161582737074656,0.9111297462676508,0.3622270149048895,-4.364810460047279,11.948294106652613,2152,2266,114,5,pca,fixed504,union,dgtw,activity_tercile_2,791442
ld2_group_ridge_characteristics_textcore_pca_dgtw_fixed504_retain,group_ridge,characteristics_textcore,504,rank_ic,0.044781690705966604,0.0017911430072624754,25.001739405727005,5.852834049431033e-138,0.04127111492057139,0.04829226649136182,2264,2266,2,5,pca,fixed504,retain,dgtw,activity_tercile_2,791442
ld2_group_ridge_characteristics_textcore_pca_dgtw_fixed504_retain,group_ridge,characteristics_textcore,504,ew_spread_bp,-2.690806993690963,4.24544098839999,-0.633810951805284,0.5262042050159806,-11.011718429445072,5.630104442063146,2152,2266,114,5,pca,fixed504,retain,dgtw,activity_tercile_2,791442
ld2_group_ridge_characteristics_textcore_pca_dgtw_fixed504_retain,group_ridge,characteristics_textcore,504,cap_spread_bp,7.579027308198592,4.243924064131566,1.785853656585038,0.07412295629496561,-0.7389110106221306,15.896965627019314,2152,2266,114,5,pca,fixed504,retain,dgtw,activity_tercile_2,791442
ld2_group_ridge_characteristics_textcore_pca_dgtw_fixed504_recent,group_ridge,characteristics_textcore,504,rank_ic,0.04462027710484934,0.001768177341842495,25.235182042517092,1.647257814327463e-140,0.04115471319655828,0.048085841013140396,2264,2266,2,5,pca,fixed504,recent,dgtw,activity_tercile_2,791442
ld2_group_ridge_characteristics_textcore_pca_dgtw_fixed504_recent,group_ridge,characteristics_textcore,504,ew_spread_bp,-0.5672264875806848,3.718799457490824,-0.15252946389408373,0.878769353483039,-7.855939489989792,6.721486514828422,2152,2266,114,5,pca,fixed504,recent,dgtw,activity_tercile_2,791442
ld2_group_ridge_characteristics_textcore_pca_dgtw_fixed504_recent,group_ridge,characteristics_textcore,504,cap_spread_bp,8.129550094215343,4.049624992427325,2.007482201294528,0.044698343938791775,0.19243095816449696,16.06666923026619,2152,2266,114,5,pca,fixed504,recent,dgtw,activity_tercile_2,791442
ld2_group_ridge_characteristics_textcore_pca_dgtw_fixed504_union,group_ridge,characteristics_textcore,504,rank_ic,0.044958351181337876,0.0017900344703706723,25.11591364608085,3.333079822771165e-139,0.041449948088326125,0.04846675427434963,2264,2266,2,5,pca,fixed504,union,dgtw,activity_tercile_2,791442
ld2_group_ridge_characteristics_textcore_pca_dgtw_fixed504_union,group_ridge,characteristics_textcore,504,ew_spread_bp,-1.9280265675289587,3.7076308804597335,-0.5200157808832064,0.6030525760997778,-9.194849561198566,5.338796426140649,2152,2266,114,5,pca,fixed504,union,dgtw,activity_tercile_2,791442
ld2_group_ridge_characteristics_textcore_pca_dgtw_fixed504_union,group_ridge,characteristics_textcore,504,cap_spread_bp,6.485895832678796,4.230213725169386,1.5332312393788303,0.12521888972200465,-1.8051707155602177,14.77696238091781,2152,2266,114,5,pca,fixed504,union,dgtw,activity_tercile_2,791442
ld2_ols_characteristics_full_dgtw_fixed504_retain,ols,characteristics,504,rank_ic,0.08902412087713517,0.0021234426003583773,41.92443010331921,0.0,0.08486224985719466,0.09318599189707567,2266,2266,0,5,full,fixed504,retain,dgtw,activity_tercile_3,899232
ld2_ols_characteristics_full_dgtw_fixed504_retain,ols,characteristics,504,ew_spread_bp,53.54355003976268,6.57466595396448,8.143919465212718,3.826838039767466e-16,40.65744155961062,66.42965851991474,2266,2266,0,5,full,fixed504,retain,dgtw,activity_tercile_3,899232
ld2_ols_characteristics_full_dgtw_fixed504_retain,ols,characteristics,504,cap_spread_bp,33.17317880168403,7.047671907771019,4.706969795955751,2.514261433024949e-06,19.359995687598143,46.98636191576992,2266,2266,0,5,full,fixed504,retain,dgtw,activity_tercile_3,899232
ld2_ols_characteristics_full_dgtw_fixed504_recent,ols,characteristics,504,rank_ic,0.08973267008714059,0.0021293045058332527,42.14177438751337,0.0,0.08555930994358855,0.09390603023069262,2266,2266,0,5,full,fixed504,recent,dgtw,activity_tercile_3,899232
ld2_ols_characteristics_full_dgtw_fixed504_recent,ols,characteristics,504,ew_spread_bp,54.335960716339095,6.686134292456289,8.126663082080821,4.4126968460280886e-16,41.23137830732657,67.44054312535162,2266,2266,0,5,full,fixed504,recent,dgtw,activity_tercile_3,899232
ld2_ols_characteristics_full_dgtw_fixed504_recent,ols,characteristics,504,cap_spread_bp,28.779932843450766,7.745951996867434,3.715480402549584,0.00020281798530277122,13.598145903614482,43.96171978328705,2266,2266,0,5,full,fixed504,recent,dgtw,activity_tercile_3,899232
ld2_ols_characteristics_full_dgtw_fixed504_union,ols,characteristics,504,rank_ic,0.09028056538660938,0.0021342139235383346,42.301553930888204,0.0,0.08609758296117032,0.09446354781204844,2266,2266,0,5,full,fixed504,union,dgtw,activity_tercile_3,899232
ld2_ols_characteristics_full_dgtw_fixed504_union,ols,characteristics,504,ew_spread_bp,54.825463470380654,6.6811264304992894,8.206020951811785,2.286395350956771e-16,41.7306962904434,67.9202306503179,2266,2266,0,5,full,fixed504,union,dgtw,activity_tercile_3,899232
ld2_ols_characteristics_full_dgtw_fixed504_union,ols,characteristics,504,cap_spread_bp,32.064266640038014,7.378757592349572,4.34548313028779,1.389694524544236e-05,17.60216750838137,46.52636577169466,2266,2266,0,5,full,fixed504,union,dgtw,activity_tercile_3,899232
ld2_ridge_characteristics_full_dgtw_fixed504_retain,ridge,characteristics,504,rank_ic,0.08975980770958811,0.002095257038369968,42.83952091119947,0.0,0.08565317937602891,0.0938664360431473,2266,2266,0,5,full,fixed504,retain,dgtw,activity_tercile_3,899232
ld2_ridge_characteristics_full_dgtw_fixed504_retain,ridge,characteristics,504,ew_spread_bp,40.81594195661922,6.344284917216257,6.433497626479301,1.2470054304363593e-10,28.38137201121468,53.25051190202376,2266,2266,0,5,full,fixed504,retain,dgtw,activity_tercile_3,899232
ld2_ridge_characteristics_full_dgtw_fixed504_retain,ridge,characteristics,504,cap_spread_bp,30.008849982189687,6.936778456834238,4.326049933542916,1.5180702384948789e-05,16.41301403806125,43.604685926318126,2266,2266,0,5,full,fixed504,retain,dgtw,activity_tercile_3,899232
ld2_ridge_characteristics_full_dgtw_fixed504_recent,ridge,characteristics,504,rank_ic,0.08984979269856509,0.0021153026188548488,42.47609391568127,0.0,0.08570387574920633,0.09399570964792385,2266,2266,0,5,full,fixed504,recent,dgtw,activity_tercile_3,899232
ld2_ridge_characteristics_full_dgtw_fixed504_recent,ridge,characteristics,504,ew_spread_bp,42.317482212979364,6.400270674717479,6.611826962278801,3.796055770366554e-11,29.773182199225232,54.861782226733496,2266,2266,0,5,full,fixed504,recent,dgtw,activity_tercile_3,899232
ld2_ridge_characteristics_full_dgtw_fixed504_recent,ridge,characteristics,504,cap_spread_bp,20.918387372087107,7.692557866204209,2.71930191958491,0.006541986441440625,5.84125100533657,35.99552373883765,2266,2266,0,5,full,fixed504,recent,dgtw,activity_tercile_3,899232
ld2_ridge_characteristics_full_dgtw_fixed504_union,ridge,characteristics,504,rank_ic,0.09033741226433485,0.002112708853064582,42.759044689615536,0.0,0.08619657900250935,0.09447824552616035,2266,2266,0,5,full,fixed504,union,dgtw,activity_tercile_3,899232
ld2_ridge_characteristics_full_dgtw_fixed504_union,ridge,characteristics,504,ew_spread_bp,41.604362986437884,6.3825134550007325,6.518492014120338,7.101771771454182e-11,29.094866483794142,54.11385948908163,2266,2266,0,5,full,fixed504,union,dgtw,activity_tercile_3,899232
ld2_ridge_characteristics_full_dgtw_fixed504_union,ridge,characteristics,504,cap_spread_bp,21.74796146034575,7.62790870641629,2.8511040571385236,0.004356770909516854,6.797535118410309,36.69838780228119,2266,2266,0,5,full,fixed504,union,dgtw,activity_tercile_3,899232
ld2_lasso_characteristics_full_dgtw_fixed504_retain,lasso,characteristics,504,rank_ic,0.0885457106621466,0.00211560694085722,41.8535735311347,0.0,0.08439919725262349,0.09269222407166972,2266,2266,0,5,full,fixed504,retain,dgtw,activity_tercile_3,899232
ld2_lasso_characteristics_full_dgtw_fixed504_retain,lasso,characteristics,504,ew_spread_bp,42.59979179734278,6.3857776154618815,6.671042175693046,2.5399320863357905e-11,30.08389765775543,55.115685936930134,2266,2266,0,5,full,fixed504,retain,dgtw,activity_tercile_3,899232
ld2_lasso_characteristics_full_dgtw_fixed504_retain,lasso,characteristics,504,cap_spread_bp,32.26613384561723,7.062868254049534,4.568417912526865,4.914194569657929e-06,18.423166440128853,46.10910125110561,2266,2266,0,5,full,fixed504,retain,dgtw,activity_tercile_3,899232
ld2_lasso_characteristics_full_dgtw_fixed504_recent,lasso,characteristics,504,rank_ic,0.08890337786522211,0.002140985228470243,41.524517162943965,0.0,0.08470712392598817,0.09309963180445605,2266,2266,0,5,full,fixed504,recent,dgtw,activity_tercile_3,899232
ld2_lasso_characteristics_full_dgtw_fixed504_recent,lasso,characteristics,504,ew_spread_bp,43.966634859722305,6.36217709070724,6.910627326601944,4.825151286669816e-12,31.496996898670297,56.43627282077431,2266,2266,0,5,full,fixed504,recent,dgtw,activity_tercile_3,899232
ld2_lasso_characteristics_full_dgtw_fixed504_recent,lasso,characteristics,504,cap_spread_bp,24.60056301904374,7.323218794232198,3.3592555009307192,0.000781527738369605,10.247317931441792,38.95380810664569,2266,2266,0,5,full,fixed504,recent,dgtw,activity_tercile_3,899232
ld2_lasso_characteristics_full_dgtw_fixed504_union,lasso,characteristics,504,rank_ic,0.08962937224570378,0.002143948222318493,41.80575412813721,0.0,0.08542731094524085,0.0938314335461667,2266,2266,0,5,full,fixed504,union,dgtw,activity_tercile_3,899232
ld2_lasso_characteristics_full_dgtw_fixed504_union,lasso,characteristics,504,ew_spread_bp,44.13340009553741,6.4031964443806295,6.892401393411625,5.485831769493438e-12,31.583365678616445,56.683434512458376,2266,2266,0,5,full,fixed504,union,dgtw,activity_tercile_3,899232
ld2_lasso_characteristics_full_dgtw_fixed504_union,lasso,characteristics,504,cap_spread_bp,26.328329431950696,7.304253545759637,3.604520197308207,0.00031273012983390334,12.01225554831282,40.64440331558857,2266,2266,0,5,full,fixed504,union,dgtw,activity_tercile_3,899232
ld2_enet_characteristics_full_dgtw_fixed504_retain,enet,characteristics,504,rank_ic,0.0885192626866528,0.0021100443384205517,41.95137565351486,0.0,0.08438365177756588,0.09265487359573973,2266,2266,0,5,full,fixed504,retain,dgtw,activity_tercile_3,899232
ld2_enet_characteristics_full_dgtw_fixed504_retain,enet,characteristics,504,ew_spread_bp,42.46945495577485,6.35551576377028,6.682298736142338,2.3522289499383557e-11,30.01287295560853,54.92603695594117,2266,2266,0,5,full,fixed504,retain,dgtw,activity_tercile_3,899232
ld2_enet_characteristics_full_dgtw_fixed504_retain,enet,characteristics,504,cap_spread_bp,31.64237607799684,7.01776247376521,4.508898127613586,6.516518827096156e-06,17.887814377360314,45.396937778633365,2266,2266,0,5,full,fixed504,retain,dgtw,activity_tercile_3,899232
ld2_enet_characteristics_full_dgtw_fixed504_recent,enet,characteristics,504,rank_ic,0.08893011383540587,0.0021385475365617084,41.58435214322381,0.0,0.08473863768451807,0.09312158998629368,2266,2266,0,5,full,fixed504,recent,dgtw,activity_tercile_3,899232
ld2_enet_characteristics_full_dgtw_fixed504_recent,enet,characteristics,504,ew_spread_bp,43.24343265989051,6.363703020425164,6.795325382264834,1.0806833977409018e-11,30.77080393154843,55.71606138823259,2266,2266,0,5,full,fixed504,recent,dgtw,activity_tercile_3,899232
ld2_enet_characteristics_full_dgtw_fixed504_recent,enet,characteristics,504,cap_spread_bp,24.234141512236445,7.270476325000335,3.3332261091208943,0.0008584514648069949,9.98426976478466,38.484013259688226,2266,2266,0,5,full,fixed504,recent,dgtw,activity_tercile_3,899232
ld2_enet_characteristics_full_dgtw_fixed504_union,enet,characteristics,504,rank_ic,0.08955303690253269,0.00213874797208044,41.87171095967007,0.0,0.08536116790524695,0.09374490589981843,2266,2266,0,5,full,fixed504,union,dgtw,activity_tercile_3,899232
ld2_enet_characteristics_full_dgtw_fixed504_union,enet,characteristics,504,ew_spread_bp,42.947576402108986,6.3822547628442345,6.729216867389592,1.7057865825263976e-11,30.438586926775063,55.45656587744291,2266,2266,0,5,full,fixed504,union,dgtw,activity_tercile_3,899232
ld2_enet_characteristics_full_dgtw_fixed504_union,enet,characteristics,504,cap_spread_bp,26.026639219648793,7.320431958807926,3.5553420025075986,0.0003774877370266591,11.678856229109257,40.37442221018833,2266,2266,0,5,full,fixed504,union,dgtw,activity_tercile_3,899232
ld2_ols_characteristics_core_full_dgtw_fixed504_retain,ols,characteristics_core,504,rank_ic,0.09008662061681298,0.0021274434409454283,42.34501321303226,0.0,0.08591690809341397,0.09425633314021199,2266,2266,0,5,full,fixed504,retain,dgtw,activity_tercile_3,899232
ld2_ols_characteristics_core_full_dgtw_fixed504_retain,ols,characteristics_core,504,ew_spread_bp,58.081773214857364,6.474779504648765,8.970463499669107,2.952692779076396e-19,45.39143857790769,70.77210785180704,2266,2266,0,5,full,fixed504,retain,dgtw,activity_tercile_3,899232
ld2_ols_characteristics_core_full_dgtw_fixed504_retain,ols,characteristics_core,504,cap_spread_bp,34.35603440758549,7.439344666795253,4.6181533382812745,3.871701182053163e-06,19.775186792086664,48.936882023084316,2266,2266,0,5,full,fixed504,retain,dgtw,activity_tercile_3,899232
ld2_ols_characteristics_core_full_dgtw_fixed504_recent,ols,characteristics_core,504,rank_ic,0.09073473464853796,0.002134072460732764,42.51717611190339,0.0,0.08655202948510297,0.09491743981197294,2266,2266,0,5,full,fixed504,recent,dgtw,activity_tercile_3,899232
ld2_ols_characteristics_core_full_dgtw_fixed504_recent,ols,characteristics_core,504,ew_spread_bp,57.332156192954685,6.57799408400837,8.715750646893062,2.8883841625573725e-18,44.43952469778074,70.22478768812863,2266,2266,0,5,full,fixed504,recent,dgtw,activity_tercile_3,899232
ld2_ols_characteristics_core_full_dgtw_fixed504_recent,ols,characteristics_core,504,cap_spread_bp,29.711368359415857,7.826150072036712,3.7964220064698604,0.00014679951891645156,14.372396080618353,45.05034063821336,2266,2266,0,5,full,fixed504,recent,dgtw,activity_tercile_3,899232
ld2_ols_characteristics_core_full_dgtw_fixed504_union,ols,characteristics_core,504,rank_ic,0.09138992635009902,0.0021352414328064924,42.80074606363321,0.0,0.08720493004350059,0.09557492265669744,2266,2266,0,5,full,fixed504,union,dgtw,activity_tercile_3,899232
ld2_ols_characteristics_core_full_dgtw_fixed504_union,ols,characteristics_core,504,ew_spread_bp,58.637788615403636,6.524183644171031,8.987758747072212,2.523231720218882e-19,45.850623644303134,71.42495358650415,2266,2266,0,5,full,fixed504,union,dgtw,activity_tercile_3,899232
ld2_ols_characteristics_core_full_dgtw_fixed504_union,ols,characteristics_core,504,cap_spread_bp,35.663485771206176,7.53285811710923,4.734389685397686,2.197152320753505e-06,20.89935516102188,50.42761638139047,2266,2266,0,5,full,fixed504,union,dgtw,activity_tercile_3,899232
ld2_ridge_characteristics_core_full_dgtw_fixed504_retain,ridge,characteristics_core,504,rank_ic,0.09129567191604214,0.0021072412300874722,43.32473691787647,0.0,0.08716555499833281,0.09542578883375147,2266,2266,0,5,full,fixed504,retain,dgtw,activity_tercile_3,899232
ld2_ridge_characteristics_core_full_dgtw_fixed504_retain,ridge,characteristics_core,504,ew_spread_bp,47.37194184830272,6.2932698386433525,7.5273972136740195,5.176172533581928e-14,35.03735961956955,59.70652407703589,2266,2266,0,5,full,fixed504,retain,dgtw,activity_tercile_3,899232
ld2_ridge_characteristics_core_full_dgtw_fixed504_retain,ridge,characteristics_core,504,cap_spread_bp,32.18769418939465,7.752429421609902,4.1519493359941375,3.296552515937463e-05,16.99321173035056,47.38217664843874,2266,2266,0,5,full,fixed504,retain,dgtw,activity_tercile_3,899232
ld2_ridge_characteristics_core_full_dgtw_fixed504_recent,ridge,characteristics_core,504,rank_ic,0.09143394543640003,0.002124061555310291,43.04674937871234,0.0,0.08727086128704573,0.09559702958575433,2266,2266,0,5,full,fixed504,recent,dgtw,activity_tercile_3,899232
ld2_ridge_characteristics_core_full_dgtw_fixed504_recent,ridge,characteristics_core,504,ew_spread_bp,45.42282439849359,6.281312710397141,7.231422234926701,4.77961761551249e-13,33.11167771048152,57.733971086505655,2266,2266,0,5,full,fixed504,recent,dgtw,activity_tercile_3,899232
ld2_ridge_characteristics_core_full_dgtw_fixed504_recent,ridge,characteristics_core,504,cap_spread_bp,28.230438052341913,7.845000476722513,3.5985259830265854,0.00032002588198139844,12.854519659266234,43.60635644541759,2266,2266,0,5,full,fixed504,recent,dgtw,activity_tercile_3,899232
ld2_ridge_characteristics_core_full_dgtw_fixed504_union,ridge,characteristics_core,504,rank_ic,0.09201976845696679,0.00211971786373755,43.41132847496731,0.0,0.08786519778665501,0.09617433912727856,2266,2266,0,5,full,fixed504,union,dgtw,activity_tercile_3,899232
ld2_ridge_characteristics_core_full_dgtw_fixed504_union,ridge,characteristics_core,504,ew_spread_bp,46.84437697795615,6.22924783646801,7.520069550566632,5.47471106365829e-14,34.635275567704795,59.05347838820751,2266,2266,0,5,full,fixed504,union,dgtw,activity_tercile_3,899232
ld2_ridge_characteristics_core_full_dgtw_fixed504_union,ridge,characteristics_core,504,cap_spread_bp,31.494053251839233,7.7298889508546695,4.074321565558459,4.614868006217826e-05,16.343749303669977,46.644357200008486,2266,2266,0,5,full,fixed504,union,dgtw,activity_tercile_3,899232
ld2_lasso_characteristics_core_full_dgtw_fixed504_retain,lasso,characteristics_core,504,rank_ic,0.08976790473918198,0.002112128934045259,42.50114815067365,0.0,0.08562820809774829,0.09390760138061566,2266,2266,0,5,full,fixed504,retain,dgtw,activity_tercile_3,899232
ld2_lasso_characteristics_core_full_dgtw_fixed504_retain,lasso,characteristics_core,504,ew_spread_bp,49.24064723789835,6.309476457447207,7.8042366224821365,5.986278242793154e-15,36.87430061999846,61.606993855798244,2266,2266,0,5,full,fixed504,retain,dgtw,activity_tercile_3,899232
ld2_lasso_characteristics_core_full_dgtw_fixed504_retain,lasso,characteristics_core,504,cap_spread_bp,37.33225899812124,6.950237935552413,5.371364166851941,7.81432191217393e-08,23.710042960454494,50.954475035787986,2266,2266,0,5,full,fixed504,retain,dgtw,activity_tercile_3,899232
ld2_lasso_characteristics_core_full_dgtw_fixed504_recent,lasso,characteristics_core,504,rank_ic,0.09025957187694533,0.0021486042124348377,42.0084682672485,0.0,0.086048385003542,0.09447075875034866,2266,2266,0,5,full,fixed504,recent,dgtw,activity_tercile_3,899232
ld2_lasso_characteristics_core_full_dgtw_fixed504_recent,lasso,characteristics_core,504,ew_spread_bp,49.562512069479006,6.250592158494973,7.929250671413626,2.2047212193590906e-15,37.31157655678038,61.81344758217763,2266,2266,0,5,full,fixed504,recent,dgtw,activity_tercile_3,899232
ld2_lasso_characteristics_core_full_dgtw_fixed504_recent,lasso,characteristics_core,504,cap_spread_bp,30.689508469201268,7.660721559203108,4.006085880034737,6.17332114096437e-05,15.674770117573647,45.704246820828885,2266,2266,0,5,full,fixed504,recent,dgtw,activity_tercile_3,899232
ld2_lasso_characteristics_core_full_dgtw_fixed504_union,lasso,characteristics_core,504,rank_ic,0.09104101708206355,0.0021420527316215617,42.50176278953895,0.0,0.08684267087509964,0.09523936328902746,2266,2266,0,5,full,fixed504,union,dgtw,activity_tercile_3,899232
ld2_lasso_characteristics_core_full_dgtw_fixed504_union,lasso,characteristics_core,504,ew_spread_bp,48.57789873340947,6.429221921706795,7.555797470514639,4.163012013759266e-14,35.97685531824875,61.17894214857019,2266,2266,0,5,full,fixed504,union,dgtw,activity_tercile_3,899232
ld2_lasso_characteristics_core_full_dgtw_fixed504_union,lasso,characteristics_core,504,cap_spread_bp,34.35664306362627,7.437955441315496,4.619097725805933,3.854123142424584e-06,19.778518280034177,48.93476784721837,2266,2266,0,5,full,fixed504,union,dgtw,activity_tercile_3,899232
ld2_enet_characteristics_core_full_dgtw_fixed504_retain,enet,characteristics_core,504,rank_ic,0.08985353813442667,0.002109827721588966,42.58809248499003,0.0,0.0857183517865281,0.09398872448232524,2266,2266,0,5,full,fixed504,retain,dgtw,activity_tercile_3,899232
ld2_enet_characteristics_core_full_dgtw_fixed504_retain,enet,characteristics_core,504,ew_spread_bp,48.1417985937509,6.286203053694903,7.65832700320651,1.8837076002463456e-14,35.82106700900318,60.46253017849862,2266,2266,0,5,full,fixed504,retain,dgtw,activity_tercile_3,899232
ld2_enet_characteristics_core_full_dgtw_fixed504_retain,enet,characteristics_core,504,cap_spread_bp,35.759077798681865,7.024868426526808,5.090355523763403,3.5739279125169553e-07,21.990588686556762,49.52756691080697,2266,2266,0,5,full,fixed504,retain,dgtw,activity_tercile_3,899232
ld2_enet_characteristics_core_full_dgtw_fixed504_recent,enet,characteristics_core,504,rank_ic,0.09040115851943778,0.002145977987007335,42.12585546858584,0.0,0.08619511895328764,0.09460719808558792,2266,2266,0,5,full,fixed504,recent,dgtw,activity_tercile_3,899232
ld2_enet_characteristics_core_full_dgtw_fixed504_recent,enet,characteristics_core,504,ew_spread_bp,48.833919015357004,6.226561226309793,7.842839288083047,4.404715766015913e-15,36.63008326425626,61.03775476645775,2266,2266,0,5,full,fixed504,recent,dgtw,activity_tercile_3,899232
ld2_enet_characteristics_core_full_dgtw_fixed504_recent,enet,characteristics_core,504,cap_spread_bp,28.36551648754279,7.685608475803691,3.6907313945076528,0.0002236101685256168,13.302000675691778,43.4290322993938,2266,2266,0,5,full,fixed504,recent,dgtw,activity_tercile_3,899232
ld2_enet_characteristics_core_full_dgtw_fixed504_union,enet,characteristics_core,504,rank_ic,0.09108247754836366,0.0021400440926775486,42.561028466663245,0.0,0.08688806820138796,0.09527688689533935,2266,2266,0,5,full,fixed504,union,dgtw,activity_tercile_3,899232
ld2_enet_characteristics_core_full_dgtw_fixed504_union,enet,characteristics_core,504,ew_spread_bp,47.91453645054886,6.410197769908628,7.474736064380716,7.735896019864488e-14,35.350779687748975,60.47829321334874,2266,2266,0,5,full,fixed504,union,dgtw,activity_tercile_3,899232
ld2_enet_characteristics_core_full_dgtw_fixed504_union,enet,characteristics_core,504,cap_spread_bp,32.12643032303905,7.4067228214923135,4.3374689585813595,1.4413288251389838e-05,17.609520349443226,46.643340296634875,2266,2266,0,5,full,fixed504,union,dgtw,activity_tercile_3,899232
ld2_group_ridge_characteristics_core_full_dgtw_fixed504_retain,group_ridge,characteristics_core,504,rank_ic,0.09102778489763093,0.0021129178829450116,43.08155353901177,0.0,0.08688654194476808,0.09516902785049378,2266,2266,0,5,full,fixed504,retain,dgtw,activity_tercile_3,899232
ld2_group_ridge_characteristics_core_full_dgtw_fixed504_retain,group_ridge,characteristics_core,504,ew_spread_bp,46.62113471908818,6.370163287083237,7.318671848431536,2.5043716585739173e-13,34.13584410076575,59.10642533741061,2266,2266,0,5,full,fixed504,retain,dgtw,activity_tercile_3,899232
ld2_group_ridge_characteristics_core_full_dgtw_fixed504_retain,group_ridge,characteristics_core,504,cap_spread_bp,33.0478106253068,7.534847759713377,4.385995799676771,1.1545634897644334e-05,18.279780387276272,47.81584086333733,2266,2266,0,5,full,fixed504,retain,dgtw,activity_tercile_3,899232
ld2_group_ridge_characteristics_core_full_dgtw_fixed504_recent,group_ridge,characteristics_core,504,rank_ic,0.0911732436168815,0.0021305118112954487,42.79405687098444,0.0,0.08699751719810522,0.09534897003565779,2266,2266,0,5,full,fixed504,recent,dgtw,activity_tercile_3,899232
ld2_group_ridge_characteristics_core_full_dgtw_fixed504_recent,group_ridge,characteristics_core,504,ew_spread_bp,45.143630622951,6.352788939198765,7.106112143030627,1.1935744344023878e-12,32.69239310073701,57.594868145164995,2266,2266,0,5,full,fixed504,recent,dgtw,activity_tercile_3,899232
ld2_group_ridge_characteristics_core_full_dgtw_fixed504_recent,group_ridge,characteristics_core,504,cap_spread_bp,25.818667505213195,7.873100549420038,3.279351932970689,0.0010404579341566692,10.387673981687408,41.249661028738984,2266,2266,0,5,full,fixed504,recent,dgtw,activity_tercile_3,899232
ld2_group_ridge_characteristics_core_full_dgtw_fixed504_union,group_ridge,characteristics_core,504,rank_ic,0.09177386537911819,0.002125779808374647,43.17185863633153,0.0,0.08760741351564143,0.09594031724259496,2266,2266,0,5,full,fixed504,union,dgtw,activity_tercile_3,899232
ld2_group_ridge_characteristics_core_full_dgtw_fixed504_union,group_ridge,characteristics_core,504,ew_spread_bp,45.894585047349175,6.331029442543242,7.249150468160329,4.1939377210145877e-13,33.485995354901725,58.303174739796624,2266,2266,0,5,full,fixed504,union,dgtw,activity_tercile_3,899232
ld2_group_ridge_characteristics_core_full_dgtw_fixed504_union,group_ridge,characteristics_core,504,cap_spread_bp,27.129268603025977,8.088233699309976,3.354164779553839,0.0007960494237444375,11.276621853835255,42.9819153522167,2266,2266,0,5,full,fixed504,union,dgtw,activity_tercile_3,899232
ld2_ols_characteristics_textcore_full_dgtw_fixed504_retain,ols,characteristics_textcore,504,rank_ic,0.08606020293719825,0.0020742445801869877,41.48990131599628,0.0,0.08199475826490435,0.09012564760949215,2266,2266,0,5,full,fixed504,retain,dgtw,activity_tercile_3,899232
ld2_ols_characteristics_textcore_full_dgtw_fixed504_retain,ols,characteristics_textcore,504,ew_spread_bp,55.76263019787326,6.352084630870411,8.778634643322162,1.6547110814538967e-18,43.31277309461685,68.21248730112967,2266,2266,0,5,full,fixed504,retain,dgtw,activity_tercile_3,899232
ld2_ols_characteristics_textcore_full_dgtw_fixed504_retain,ols,characteristics_textcore,504,cap_spread_bp,27.972057399816446,7.075013092553309,3.953640372659944,7.697107256749844e-05,14.105286548262612,41.83882825137028,2266,2266,0,5,full,fixed504,retain,dgtw,activity_tercile_3,899232
ld2_ols_characteristics_textcore_full_dgtw_fixed504_recent,ols,characteristics_textcore,504,rank_ic,0.08874038517079146,0.0020824020718220424,42.614433769337424,0.0,0.08465895210868866,0.09282181823289425,2266,2266,0,5,full,fixed504,recent,dgtw,activity_tercile_3,899232
ld2_ols_characteristics_textcore_full_dgtw_fixed504_recent,ols,characteristics_textcore,504,ew_spread_bp,55.3826076953877,6.515608066806432,8.499990657438822,1.8960595576113736e-17,42.61225054706844,68.15296484370695,2266,2266,0,5,full,fixed504,recent,dgtw,activity_tercile_3,899232
ld2_ols_characteristics_textcore_full_dgtw_fixed504_recent,ols,characteristics_textcore,504,cap_spread_bp,23.81770505329005,7.577493644555341,3.1432167640818536,0.0016710204545762853,8.966090416880428,38.66931968969968,2266,2266,0,5,full,fixed504,recent,dgtw,activity_tercile_3,899232
ld2_ols_characteristics_textcore_full_dgtw_fixed504_union,ols,characteristics_textcore,504,rank_ic,0.08909793535882402,0.0020885218934296595,42.6607619671691,0.0,0.08500450766677849,0.09319136305086954,2266,2266,0,5,full,fixed504,union,dgtw,activity_tercile_3,899232
ld2_ols_characteristics_textcore_full_dgtw_fixed504_union,ols,characteristics_textcore,504,ew_spread_bp,56.73056085812917,6.44052184856231,8.80837953694589,1.269679114488294e-18,44.107369993303706,69.35375172295463,2266,2266,0,5,full,fixed504,union,dgtw,activity_tercile_3,899232
ld2_ols_characteristics_textcore_full_dgtw_fixed504_union,ols,characteristics_textcore,504,cap_spread_bp,27.71487638398416,7.182496083827426,3.858669195293927,0.00011400612844462671,13.637442740582422,41.792310027385895,2266,2266,0,5,full,fixed504,union,dgtw,activity_tercile_3,899232
ld2_ridge_characteristics_textcore_full_dgtw_fixed504_retain,ridge,characteristics_textcore,504,rank_ic,0.09014044291543961,0.002038354964797527,44.22215191768299,0.0,0.08614534059672806,0.09413554523415117,2266,2266,0,5,full,fixed504,retain,dgtw,activity_tercile_3,899232
ld2_ridge_characteristics_textcore_full_dgtw_fixed504_retain,ridge,characteristics_textcore,504,ew_spread_bp,46.47039080482002,5.92402396917669,7.844396148059204,4.350417480187167e-15,34.85951718168169,58.08126442795835,2266,2266,0,5,full,fixed504,retain,dgtw,activity_tercile_3,899232
ld2_ridge_characteristics_textcore_full_dgtw_fixed504_retain,ridge,characteristics_textcore,504,cap_spread_bp,27.400169702388638,8.196988087927211,3.34271190935906,0.0008296398278786681,11.334368268347461,43.465971136429815,2266,2266,0,5,full,fixed504,retain,dgtw,activity_tercile_3,899232
ld2_ridge_characteristics_textcore_full_dgtw_fixed504_recent,ridge,characteristics_textcore,504,rank_ic,0.09140867397879847,0.0020758633208107806,44.034052272331934,0.0,0.08734005663318162,0.09547729132441532,2266,2266,0,5,full,fixed504,recent,dgtw,activity_tercile_3,899232
ld2_ridge_characteristics_textcore_full_dgtw_fixed504_recent,ridge,characteristics_textcore,504,ew_spread_bp,47.412030200359474,6.1507223198955385,7.708367852503655,1.2743698252142861e-14,35.35683597445757,59.46722442626138,2266,2266,0,5,full,fixed504,recent,dgtw,activity_tercile_3,899232
ld2_ridge_characteristics_textcore_full_dgtw_fixed504_recent,ridge,characteristics_textcore,504,cap_spread_bp,32.534334253031865,7.466884197401396,4.357149969508617,1.3176698670425144e-05,17.899510149393862,47.16915835666987,2266,2266,0,5,full,fixed504,recent,dgtw,activity_tercile_3,899232
ld2_ridge_characteristics_textcore_full_dgtw_fixed504_union,ridge,characteristics_textcore,504,rank_ic,0.09158301949128206,0.0020721047529395,44.198064485572864,0.0,0.08752176880332638,0.09564427017923774,2266,2266,0,5,full,fixed504,union,dgtw,activity_tercile_3,899232
ld2_ridge_characteristics_textcore_full_dgtw_fixed504_union,ridge,characteristics_textcore,504,ew_spread_bp,47.73763432129144,5.996516903430515,7.960893813870761,1.7080092107761256e-15,35.984677157881976,59.4905914847009,2266,2266,0,5,full,fixed504,union,dgtw,activity_tercile_3,899232
ld2_ridge_characteristics_textcore_full_dgtw_fixed504_union,ridge,characteristics_textcore,504,cap_spread_bp,28.495695322120643,7.635328885323257,3.7320848584394963,0.00018990150194272696,13.530725696768704,43.46066494747258,2266,2266,0,5,full,fixed504,union,dgtw,activity_tercile_3,899232
ld2_lasso_characteristics_textcore_full_dgtw_fixed504_retain,lasso,characteristics_textcore,504,rank_ic,0.08964239012108227,0.002106105328122044,42.563108750602666,0.0,0.08551449953031515,0.0937702807118494,2266,2266,0,5,full,fixed504,retain,dgtw,activity_tercile_3,899232
ld2_lasso_characteristics_textcore_full_dgtw_fixed504_retain,lasso,characteristics_textcore,504,ew_spread_bp,44.57718698795634,6.1650249989418295,7.230657944713543,4.80659605508081e-13,32.49396002624127,56.66041394967141,2266,2266,0,5,full,fixed504,retain,dgtw,activity_tercile_3,899232
ld2_lasso_characteristics_textcore_full_dgtw_fixed504_retain,lasso,characteristics_textcore,504,cap_spread_bp,24.581654413247744,7.808054381949737,3.148243238427535,0.001642549526942736,9.278149035296108,39.88515979119938,2266,2266,0,5,full,fixed504,retain,dgtw,activity_tercile_3,899232
ld2_lasso_characteristics_textcore_full_dgtw_fixed504_recent,lasso,characteristics_textcore,504,rank_ic,0.09048574772683517,0.0021545143194818196,41.99821134101249,0.0,0.08626297725647497,0.09470851819719536,2266,2266,0,5,full,fixed504,recent,dgtw,activity_tercile_3,899232
ld2_lasso_characteristics_textcore_full_dgtw_fixed504_recent,lasso,characteristics_textcore,504,ew_spread_bp,45.28581836103161,6.269342178101099,7.223376404499919,5.071239073335141e-13,32.99813348519556,57.57350323686766,2266,2266,0,5,full,fixed504,recent,dgtw,activity_tercile_3,899232
ld2_lasso_characteristics_textcore_full_dgtw_fixed504_recent,lasso,characteristics_textcore,504,cap_spread_bp,30.138460065898204,7.757673702558696,3.884986817112159,0.00010233544114823978,14.933699005069668,45.34322112672674,2266,2266,0,5,full,fixed504,recent,dgtw,activity_tercile_3,899232
ld2_lasso_characteristics_textcore_full_dgtw_fixed504_union,lasso,characteristics_textcore,504,rank_ic,0.09087938110776385,0.0021433128110739264,42.40136140567736,0.0,0.08667856519045565,0.09508019702507205,2266,2266,0,5,full,fixed504,union,dgtw,activity_tercile_3,899232
ld2_lasso_characteristics_textcore_full_dgtw_fixed504_union,lasso,characteristics_textcore,504,ew_spread_bp,45.27489011340321,6.25412594601408,7.239203448126608,4.513275746673049e-13,33.017028504438116,57.5327517223683,2266,2266,0,5,full,fixed504,union,dgtw,activity_tercile_3,899232
ld2_lasso_characteristics_textcore_full_dgtw_fixed504_union,lasso,characteristics_textcore,504,cap_spread_bp,28.511698345606256,7.9294337721556785,3.5956789809791334,0.0003235465873309534,12.97029373438554,44.05310295682697,2266,2266,0,5,full,fixed504,union,dgtw,activity_tercile_3,899232
ld2_enet_characteristics_textcore_full_dgtw_fixed504_retain,enet,characteristics_textcore,504,rank_ic,0.0896915164752295,0.002104462239016361,42.61968440790454,0.0,0.0855668462799329,0.09381618667052609,2266,2266,0,5,full,fixed504,retain,dgtw,activity_tercile_3,899232
ld2_enet_characteristics_textcore_full_dgtw_fixed504_retain,enet,characteristics_textcore,504,ew_spread_bp,43.71193412828927,6.171272036441207,7.083131949162409,1.4093236605628807e-12,31.61646319806535,55.8074050585132,2266,2266,0,5,full,fixed504,retain,dgtw,activity_tercile_3,899232
ld2_enet_characteristics_textcore_full_dgtw_fixed504_retain,enet,characteristics_textcore,504,cap_spread_bp,22.051011238962364,7.9136249589234025,2.78646149563831,0.005328694826877385,6.5405913323152305,37.5614311456095,2266,2266,0,5,full,fixed504,retain,dgtw,activity_tercile_3,899232
ld2_enet_characteristics_textcore_full_dgtw_fixed504_recent,enet,characteristics_textcore,504,rank_ic,0.09055261156875101,0.002154887354347272,42.02196991228803,0.0,0.08632910996348955,0.09477611317401247,2266,2266,0,5,full,fixed504,recent,dgtw,activity_tercile_3,899232
ld2_enet_characteristics_textcore_full_dgtw_fixed504_recent,enet,characteristics_textcore,504,ew_spread_bp,45.43183835407249,6.264224161971467,7.252588218326825,4.088817529930609e-13,33.154184605522815,57.709492102622164,2266,2266,0,5,full,fixed504,recent,dgtw,activity_tercile_3,899232
ld2_enet_characteristics_textcore_full_dgtw_fixed504_recent,enet,characteristics_textcore,504,cap_spread_bp,27.790655832402848,7.717267283817558,3.6011005982230846,0.00031687292905631354,12.665089897051185,42.91622176775451,2266,2266,0,5,full,fixed504,recent,dgtw,activity_tercile_3,899232
ld2_enet_characteristics_textcore_full_dgtw_fixed504_union,enet,characteristics_textcore,504,rank_ic,0.09090069855467316,0.0021422485423570232,42.432377363020194,0.0,0.08670196856571996,0.09509942854362635,2266,2266,0,5,full,fixed504,union,dgtw,activity_tercile_3,899232
ld2_enet_characteristics_textcore_full_dgtw_fixed504_union,enet,characteristics_textcore,504,ew_spread_bp,44.87619910230515,6.257282944511695,7.1718347244735625,7.399924737186146e-13,32.61214988998549,57.14024831462481,2266,2266,0,5,full,fixed504,union,dgtw,activity_tercile_3,899232
ld2_enet_characteristics_textcore_full_dgtw_fixed504_union,enet,characteristics_textcore,504,cap_spread_bp,26.02096508216864,7.893665385579895,3.296436295577413,0.0009791981882807897,10.549665220421568,41.492264943915714,2266,2266,0,5,full,fixed504,union,dgtw,activity_tercile_3,899232
ld2_group_ridge_characteristics_textcore_full_dgtw_fixed504_retain,group_ridge,characteristics_textcore,504,rank_ic,0.09113730317672214,0.0021029045156939273,43.33877382285623,0.0,0.08701568606303539,0.09525892029040889,2266,2266,0,5,full,fixed504,retain,dgtw,activity_tercile_3,899232
ld2_group_ridge_characteristics_textcore_full_dgtw_fixed504_retain,group_ridge,characteristics_textcore,504,ew_spread_bp,46.89627104248087,6.4499631965385555,7.270781183317181,3.57414501105127e-13,34.25457547565646,59.53796660930528,2266,2266,0,5,full,fixed504,retain,dgtw,activity_tercile_3,899232
ld2_group_ridge_characteristics_textcore_full_dgtw_fixed504_retain,group_ridge,characteristics_textcore,504,cap_spread_bp,30.406642800386244,7.958129427186867,3.8208278815508963,0.0001330044529765232,14.808995738791614,46.00428986198087,2266,2266,0,5,full,fixed504,retain,dgtw,activity_tercile_3,899232
ld2_group_ridge_characteristics_textcore_full_dgtw_fixed504_recent,group_ridge,characteristics_textcore,504,rank_ic,0.09141632029206562,0.0021262536258913013,42.99408084665579,0.0,0.08724893976332096,0.09558370082081027,2266,2266,0,5,full,fixed504,recent,dgtw,activity_tercile_3,899232
ld2_group_ridge_characteristics_textcore_full_dgtw_fixed504_recent,group_ridge,characteristics_textcore,504,ew_spread_bp,46.048557280957766,6.386201966306015,7.2106327867350135,5.569245716969104e-13,33.5318314289991,58.565283132916434,2266,2266,0,5,full,fixed504,recent,dgtw,activity_tercile_3,899232
ld2_group_ridge_characteristics_textcore_full_dgtw_fixed504_recent,group_ridge,characteristics_textcore,504,cap_spread_bp,25.502034819088006,8.007248997502813,3.184868464442809,0.0014481981700425652,9.80811516873804,41.19595446943797,2266,2266,0,5,full,fixed504,recent,dgtw,activity_tercile_3,899232
ld2_group_ridge_characteristics_textcore_full_dgtw_fixed504_union,group_ridge,characteristics_textcore,504,rank_ic,0.09193816481194321,0.002120521608097438,43.35639139958184,0.0,0.08778201883163328,0.09609431079225314,2266,2266,0,5,full,fixed504,union,dgtw,activity_tercile_3,899232
ld2_group_ridge_characteristics_textcore_full_dgtw_fixed504_union,group_ridge,characteristics_textcore,504,ew_spread_bp,45.9377207655017,6.389636382095405,7.189410792486594,6.507151896074174e-13,33.414263582287894,58.46117794871551,2266,2266,0,5,full,fixed504,union,dgtw,activity_tercile_3,899232
ld2_group_ridge_characteristics_textcore_full_dgtw_fixed504_union,group_ridge,characteristics_textcore,504,cap_spread_bp,28.124772646550884,7.971518802175648,3.528157349246276,0.00041846332856611897,12.50088289220274,43.74866240089903,2266,2266,0,5,full,fixed504,union,dgtw,activity_tercile_3,899232
ld2_ols_characteristics_textcore_pca_dgtw_fixed504_retain,ols,characteristics_textcore,504,rank_ic,0.090341186693442,0.002118358201414303,42.646794405746164,0.0,0.08618928091231493,0.09449309247456908,2266,2266,0,5,pca,fixed504,retain,dgtw,activity_tercile_3,899232
ld2_ols_characteristics_textcore_pca_dgtw_fixed504_retain,ols,characteristics_textcore,504,ew_spread_bp,55.653732820948434,6.545134596437218,8.503069264800608,1.846426610216388e-17,42.82550473796439,68.48196090393247,2266,2266,0,5,pca,fixed504,retain,dgtw,activity_tercile_3,899232
ld2_ols_characteristics_textcore_pca_dgtw_fixed504_retain,ols,characteristics_textcore,504,cap_spread_bp,31.70550927308219,7.286469389619249,4.351285592203516,1.3534162793997591e-05,17.42429169497491,45.98672685118947,2266,2266,0,5,pca,fixed504,retain,dgtw,activity_tercile_3,899232
ld2_ols_characteristics_textcore_pca_dgtw_fixed504_recent,ols,characteristics_textcore,504,rank_ic,0.09122143735891496,0.0021285880281467742,42.855374620487574,0.0,0.08704948148582414,0.09539339323200577,2266,2266,0,5,pca,fixed504,recent,dgtw,activity_tercile_3,899232
ld2_ols_characteristics_textcore_pca_dgtw_fixed504_recent,ols,characteristics_textcore,504,ew_spread_bp,56.41290213705197,6.585265280976075,8.566534487231833,1.0664596713942324e-17,43.50601935769683,69.31978491640712,2266,2266,0,5,pca,fixed504,recent,dgtw,activity_tercile_3,899232
ld2_ols_characteristics_textcore_pca_dgtw_fixed504_recent,ols,characteristics_textcore,504,cap_spread_bp,29.296893745428605,7.627173933512336,3.841120446552777,0.00012247399721647512,14.347907531921729,44.24587995893548,2266,2266,0,5,pca,fixed504,recent,dgtw,activity_tercile_3,899232
ld2_ols_characteristics_textcore_pca_dgtw_fixed504_union,ols,characteristics_textcore,504,rank_ic,0.0917574487022363,0.0021314311596228185,43.04968907298599,0.0,0.08757992039384914,0.09593497701062347,2266,2266,0,5,pca,fixed504,union,dgtw,activity_tercile_3,899232
ld2_ols_characteristics_textcore_pca_dgtw_fixed504_union,ols,characteristics_textcore,504,ew_spread_bp,59.38815035441877,6.583311306011904,9.021015047577242,1.863544856129591e-19,46.48509729562009,72.29120341321745,2266,2266,0,5,pca,fixed504,union,dgtw,activity_tercile_3,899232
ld2_ols_characteristics_textcore_pca_dgtw_fixed504_union,ols,characteristics_textcore,504,cap_spread_bp,32.40245801388002,7.421692061669232,4.3659124825764195,1.2659316251296062e-05,17.856208868661504,46.94870715909854,2266,2266,0,5,pca,fixed504,union,dgtw,activity_tercile_3,899232
ld2_ridge_characteristics_textcore_pca_dgtw_fixed504_retain,ridge,characteristics_textcore,504,rank_ic,0.09076692910402234,0.002088460650116283,43.461163177275346,0.0,0.08667362144666532,0.09486023676137936,2266,2266,0,5,pca,fixed504,retain,dgtw,activity_tercile_3,899232
ld2_ridge_characteristics_textcore_pca_dgtw_fixed504_retain,ridge,characteristics_textcore,504,ew_spread_bp,45.1355996349315,6.288896608099607,7.1770300018608,7.124205864522396e-13,32.80958878056016,57.46161048930284,2266,2266,0,5,pca,fixed504,retain,dgtw,activity_tercile_3,899232
ld2_ridge_characteristics_textcore_pca_dgtw_fixed504_retain,ridge,characteristics_textcore,504,cap_spread_bp,24.251230532430053,7.937806282908901,3.05515524920859,0.0022494404897395077,8.693416101672849,39.80904496318726,2266,2266,0,5,pca,fixed504,retain,dgtw,activity_tercile_3,899232
ld2_ridge_characteristics_textcore_pca_dgtw_fixed504_recent,ridge,characteristics_textcore,504,rank_ic,0.09127594849969968,0.002114971235264357,43.15706378308772,0.0,0.08713068105024335,0.09542121594915601,2266,2266,0,5,pca,fixed504,recent,dgtw,activity_tercile_3,899232
ld2_ridge_characteristics_textcore_pca_dgtw_fixed504_recent,ridge,characteristics_textcore,504,ew_spread_bp,45.33289865286284,6.254295568869445,7.248282105263122,4.2209077714109003e-13,33.07470458921028,57.5910927165154,2266,2266,0,5,pca,fixed504,recent,dgtw,activity_tercile_3,899232
ld2_ridge_characteristics_textcore_pca_dgtw_fixed504_recent,ridge,characteristics_textcore,504,cap_spread_bp,24.299045838357106,7.953245779970598,3.055236379033031,0.002248832046371568,8.710970549419562,39.88712112729465,2266,2266,0,5,pca,fixed504,recent,dgtw,activity_tercile_3,899232
ld2_ridge_characteristics_textcore_pca_dgtw_fixed504_union,ridge,characteristics_textcore,504,rank_ic,0.09164919121193628,0.002108857817034486,43.459160912429375,0.0,0.08751590584203292,0.09578247658183964,2266,2266,0,5,pca,fixed504,union,dgtw,activity_tercile_3,899232
ld2_ridge_characteristics_textcore_pca_dgtw_fixed504_union,ridge,characteristics_textcore,504,ew_spread_bp,45.85222702266824,6.245948903467647,7.341114653885793,2.1182225024309493e-13,33.610392122594206,58.09406192274227,2266,2266,0,5,pca,fixed504,union,dgtw,activity_tercile_3,899232
ld2_ridge_characteristics_textcore_pca_dgtw_fixed504_union,ridge,characteristics_textcore,504,cap_spread_bp,27.10698736645472,8.031123136552212,3.375242404525233,0.0007375069878801438,11.366275263406031,42.84769946950341,2266,2266,0,5,pca,fixed504,union,dgtw,activity_tercile_3,899232
ld2_lasso_characteristics_textcore_pca_dgtw_fixed504_retain,lasso,characteristics_textcore,504,rank_ic,0.08993291862416533,0.0021021566931422823,42.78126312731451,0.0,0.08581276721574664,0.09405307003258402,2266,2266,0,5,pca,fixed504,retain,dgtw,activity_tercile_3,899232
ld2_lasso_characteristics_textcore_pca_dgtw_fixed504_retain,lasso,characteristics_textcore,504,ew_spread_bp,48.19785046195616,6.441954177752056,7.481867944421638,7.327355624897775e-14,35.57185228350479,60.823848640407526,2266,2266,0,5,pca,fixed504,retain,dgtw,activity_tercile_3,899232
ld2_lasso_characteristics_textcore_pca_dgtw_fixed504_retain,lasso,characteristics_textcore,504,cap_spread_bp,26.38894963532521,8.17520317553438,3.2279258470662135,0.0012469129251140763,10.365845844980345,42.41205342567008,2266,2266,0,5,pca,fixed504,retain,dgtw,activity_tercile_3,899232
ld2_lasso_characteristics_textcore_pca_dgtw_fixed504_recent,lasso,characteristics_textcore,504,rank_ic,0.09059960171678887,0.002137675801486443,42.38229279378566,0.0,0.08640983413525265,0.09478936929832509,2266,2266,0,5,pca,fixed504,recent,dgtw,activity_tercile_3,899232
ld2_lasso_characteristics_textcore_pca_dgtw_fixed504_recent,lasso,characteristics_textcore,504,ew_spread_bp,48.80486292137982,6.251334795896928,7.807110723523072,5.851386187529369e-15,36.552471866119795,61.05725397663985,2266,2266,0,5,pca,fixed504,recent,dgtw,activity_tercile_3,899232
ld2_lasso_characteristics_textcore_pca_dgtw_fixed504_recent,lasso,characteristics_textcore,504,cap_spread_bp,26.75098013738634,7.77978701452958,3.4385234566738188,0.0005848958624403519,11.502877781515972,41.99908249325671,2266,2266,0,5,pca,fixed504,recent,dgtw,activity_tercile_3,899232
ld2_lasso_characteristics_textcore_pca_dgtw_fixed504_union,lasso,characteristics_textcore,504,rank_ic,0.09119786784201875,0.0021365669707976236,42.68430107200091,0.0,0.08701027352869757,0.09538546215533993,2266,2266,0,5,pca,fixed504,union,dgtw,activity_tercile_3,899232
ld2_lasso_characteristics_textcore_pca_dgtw_fixed504_union,lasso,characteristics_textcore,504,ew_spread_bp,47.547538920783985,6.396084973674095,7.433850412633169,1.0548125140376624e-13,35.01144273032494,60.083635111243034,2266,2266,0,5,pca,fixed504,union,dgtw,activity_tercile_3,899232
ld2_lasso_characteristics_textcore_pca_dgtw_fixed504_union,lasso,characteristics_textcore,504,cap_spread_bp,28.11447995655003,7.72525496318014,3.6392947663926116,0.00027338572214030563,12.973258457327656,43.25570145577241,2266,2266,0,5,pca,fixed504,union,dgtw,activity_tercile_3,899232
ld2_enet_characteristics_textcore_pca_dgtw_fixed504_retain,enet,characteristics_textcore,504,rank_ic,0.09000579100896752,0.002103486049674792,42.78886994419707,0.0,0.0858830341096225,0.09412854790831254,2266,2266,0,5,pca,fixed504,retain,dgtw,activity_tercile_3,899232
ld2_enet_characteristics_textcore_pca_dgtw_fixed504_retain,enet,characteristics_textcore,504,ew_spread_bp,47.562518524230626,6.4450348540705535,7.379714710804256,1.586290705063135e-13,34.930482331146976,60.194554717314276,2266,2266,0,5,pca,fixed504,retain,dgtw,activity_tercile_3,899232
ld2_enet_characteristics_textcore_pca_dgtw_fixed504_retain,enet,characteristics_textcore,504,cap_spread_bp,27.114015598317383,7.800579270501113,3.4758977068347345,0.0005091464487637781,11.825161169585474,42.40287002704929,2266,2266,0,5,pca,fixed504,retain,dgtw,activity_tercile_3,899232
ld2_enet_characteristics_textcore_pca_dgtw_fixed504_recent,enet,characteristics_textcore,504,rank_ic,0.09070395453282515,0.002140217367120334,42.3807207278518,0.0,0.08650920557418215,0.09489870349146814,2266,2266,0,5,pca,fixed504,recent,dgtw,activity_tercile_3,899232
ld2_enet_characteristics_textcore_pca_dgtw_fixed504_recent,enet,characteristics_textcore,504,ew_spread_bp,47.88331758047659,6.2634546613923,7.644873343719971,2.091511002791385e-14,35.60717202534816,60.15946313560502,2266,2266,0,5,pca,fixed504,recent,dgtw,activity_tercile_3,899232
ld2_enet_characteristics_textcore_pca_dgtw_fixed504_recent,enet,characteristics_textcore,504,cap_spread_bp,24.515156480642986,7.757692573201057,3.1601093043220834,0.00157709961335399,9.310358434035058,39.71995452725091,2266,2266,0,5,pca,fixed504,recent,dgtw,activity_tercile_3,899232
ld2_enet_characteristics_textcore_pca_dgtw_fixed504_union,enet,characteristics_textcore,504,rank_ic,0.09123681924504931,0.0021379532403222237,42.67484317444588,0.0,0.08704650789338704,0.09542713059671158,2266,2266,0,5,pca,fixed504,union,dgtw,activity_tercile_3,899232
ld2_enet_characteristics_textcore_pca_dgtw_fixed504_union,enet,characteristics_textcore,504,ew_spread_bp,47.562759022960606,6.406021995325795,7.424694928875541,1.1304015266662972e-13,35.00718662795063,60.11833141797058,2266,2266,0,5,pca,fixed504,union,dgtw,activity_tercile_3,899232
ld2_enet_characteristics_textcore_pca_dgtw_fixed504_union,enet,characteristics_textcore,504,cap_spread_bp,28.243097436737166,7.476207581097847,3.777730504453141,0.00015826400209352983,13.589999836840072,42.89619503663426,2266,2266,0,5,pca,fixed504,union,dgtw,activity_tercile_3,899232
ld2_group_ridge_characteristics_textcore_pca_dgtw_fixed504_retain,group_ridge,characteristics_textcore,504,rank_ic,0.091014109774224,0.0020957694327987325,43.42753947540972,0.0,0.08690647716603855,0.09512174238240945,2266,2266,0,5,pca,fixed504,retain,dgtw,activity_tercile_3,899232
ld2_group_ridge_characteristics_textcore_pca_dgtw_fixed504_retain,group_ridge,characteristics_textcore,504,ew_spread_bp,45.5404316052679,6.391006428328173,7.1257058048650475,1.0354868054440228e-12,33.014289180780715,58.06657402975508,2266,2266,0,5,pca,fixed504,retain,dgtw,activity_tercile_3,899232
ld2_group_ridge_characteristics_textcore_pca_dgtw_fixed504_retain,group_ridge,characteristics_textcore,504,cap_spread_bp,26.966189110360453,8.24107178370376,3.2721701519072464,0.0010672532488074885,10.813985220291823,43.11839300042908,2266,2266,0,5,pca,fixed504,retain,dgtw,activity_tercile_3,899232
ld2_group_ridge_characteristics_textcore_pca_dgtw_fixed504_recent,group_ridge,characteristics_textcore,504,rank_ic,0.0913082865789355,0.0021185479821054175,43.09946593146931,0.0,0.08715600883448887,0.09546056432338212,2266,2266,0,5,pca,fixed504,recent,dgtw,activity_tercile_3,899232
ld2_group_ridge_characteristics_textcore_pca_dgtw_fixed504_recent,group_ridge,characteristics_textcore,504,ew_spread_bp,47.48595127164402,6.258403786382899,7.587549939645067,3.2601098180550204e-14,35.21970524962443,59.752197293663606,2266,2266,0,5,pca,fixed504,recent,dgtw,activity_tercile_3,899232
ld2_group_ridge_characteristics_textcore_pca_dgtw_fixed504_recent,group_ridge,characteristics_textcore,504,cap_spread_bp,24.07570426445172,7.989048776204984,3.013588343102886,0.002581778613599982,8.417456392356156,39.73395213654728,2266,2266,0,5,pca,fixed504,recent,dgtw,activity_tercile_3,899232
ld2_group_ridge_characteristics_textcore_pca_dgtw_fixed504_union,group_ridge,characteristics_textcore,504,rank_ic,0.09183247701144846,0.0021147396823374166,43.424955694757784,0.0,0.08768766339738945,0.09597729062550747,2266,2266,0,5,pca,fixed504,union,dgtw,activity_tercile_3,899232
ld2_group_ridge_characteristics_textcore_pca_dgtw_fixed504_union,group_ridge,characteristics_textcore,504,ew_spread_bp,45.78735497884552,6.284481950199018,7.285780330293656,3.198137190682783e-13,33.469996694963406,58.104713262727635,2266,2266,0,5,pca,fixed504,union,dgtw,activity_tercile_3,899232
ld2_group_ridge_characteristics_textcore_pca_dgtw_fixed504_union,group_ridge,characteristics_textcore,504,cap_spread_bp,26.195015053779787,8.022972726054382,3.2650011346432977,0.0010946363805108175,10.470277461766061,41.919752645793515,2266,2266,0,5,pca,fixed504,union,dgtw,activity_tercile_3,899232
