model_id,estimator,feature_set,fit_days,metric,mean,se,t,p,ci_low,ci_high,n,calendar_days,missing_days,hac_lags,representation,history_policy,refit_policy,target,period
ld2_ols_characteristics_full_raw_fixed504_retain,ols,characteristics,504,rank_ic,0.0675135122597086,0.003447184710255415,19.58511595240461,2.0713446105975463e-85,0.06075715437955084,0.07426987013986636,2266,2266,0,5,full,fixed504,retain,raw,full
ld2_ols_characteristics_full_raw_fixed504_retain,ols,characteristics,504,ew_spread_bp,22.189485484405903,5.648541598185405,3.9283565675667997,8.552833691126444e-05,11.118547386786192,33.260423582025616,2266,2266,0,5,full,fixed504,retain,raw,full
ld2_ols_characteristics_full_raw_fixed504_retain,ols,characteristics,504,cap_spread_bp,11.499896134649003,6.520568646109846,1.7636339342136687,0.07779363063269679,-1.280183570447397,24.279975839745404,2266,2266,0,5,full,fixed504,retain,raw,full
ld2_ols_characteristics_full_raw_fixed504_recent,ols,characteristics,504,rank_ic,0.06794975445736329,0.0034429346962890116,19.73599863238863,1.0583491289491044e-86,0.06120172645151348,0.0746977824632131,2266,2266,0,5,full,fixed504,recent,raw,full
ld2_ols_characteristics_full_raw_fixed504_recent,ols,characteristics,504,ew_spread_bp,22.842523286607392,5.637389844784683,4.0519680056790275,5.078861159966907e-05,11.793442224017568,33.891604349197216,2266,2266,0,5,full,fixed504,recent,raw,full
ld2_ols_characteristics_full_raw_fixed504_recent,ols,characteristics,504,cap_spread_bp,11.748821609305072,6.385506557878992,1.8399200600316283,0.06577997445805142,-0.7665412671820828,24.264184485792228,2266,2266,0,5,full,fixed504,recent,raw,full
ld2_ols_characteristics_full_raw_fixed504_union,ols,characteristics,504,rank_ic,0.06837476795308062,0.0034781171483162622,19.658558075359963,4.884124302130325e-86,0.06155778360836959,0.07519175229779165,2266,2266,0,5,full,fixed504,union,raw,full
ld2_ols_characteristics_full_raw_fixed504_union,ols,characteristics,504,ew_spread_bp,23.116537788528024,5.6786185697042955,4.070803049152811,4.6851348257418044e-05,11.98664990996725,34.2464256670888,2266,2266,0,5,full,fixed504,union,raw,full
ld2_ols_characteristics_full_raw_fixed504_union,ols,characteristics,504,cap_spread_bp,12.51478997740564,6.414561180037147,1.9509970559409593,0.05105739600306029,-0.05751891209591875,25.087098866907198,2266,2266,0,5,full,fixed504,union,raw,full
ld2_ols_characteristics_full_raw_select_retain,ols,characteristics,0,rank_ic,0.06816898778886231,0.0034599268765765786,19.70243598220551,2.0549116310200306e-86,0.061387655721630054,0.07495031985609456,2266,2266,0,5,full,select,retain,raw,full
ld2_ols_characteristics_full_raw_select_retain,ols,characteristics,0,ew_spread_bp,22.798446464510814,5.663072484967164,4.025808697492419,5.6779837220385114e-05,11.699028352135427,33.8978645768862,2266,2266,0,5,full,select,retain,raw,full
ld2_ols_characteristics_full_raw_select_retain,ols,characteristics,0,cap_spread_bp,10.725230989054134,6.559552586847243,1.635055264372698,0.10203746299021801,-2.1312558358630067,23.581717813971274,2266,2266,0,5,full,select,retain,raw,full
ld2_ols_characteristics_full_raw_select_recent,ols,characteristics,0,rank_ic,0.06854049040698353,0.003471227057269555,19.745320394251895,8.800493647770303e-87,0.061737010392574246,0.0753439704213928,2266,2266,0,5,full,select,recent,raw,full
ld2_ols_characteristics_full_raw_select_recent,ols,characteristics,0,ew_spread_bp,24.294815335502793,5.660335229888446,4.292115987621743,1.7697845410770035e-05,13.200762144498192,35.388868526507395,2266,2266,0,5,full,select,recent,raw,full
ld2_ols_characteristics_full_raw_select_recent,ols,characteristics,0,cap_spread_bp,14.58286974706698,6.483588455361789,2.249197315262547,0.024499945212902934,1.8752698839781932,27.290469610155768,2266,2266,0,5,full,select,recent,raw,full
ld2_ols_characteristics_full_raw_select_union,ols,characteristics,0,rank_ic,0.06871222139229934,0.0034774979355835065,19.759097680318185,6.6991590687386685e-87,0.061896450682243274,0.07552799210235539,2266,2266,0,5,full,select,union,raw,full
ld2_ols_characteristics_full_raw_select_union,ols,characteristics,0,ew_spread_bp,23.885642474573302,5.680617281091559,4.204761787786477,2.6135727476005393e-05,12.751837193678002,35.019447755468605,2266,2266,0,5,full,select,union,raw,full
ld2_ols_characteristics_full_raw_select_union,ols,characteristics,0,cap_spread_bp,11.766161062085878,6.7384999174109526,1.7461098473392338,0.0807918660066674,-1.4410560858657178,24.973378210037474,2266,2266,0,5,full,select,union,raw,full
ld2_ridge_characteristics_full_raw_fixed504_retain,ridge,characteristics,504,rank_ic,0.06896526675961913,0.0036198629632726263,19.05189988111301,6.336037181368484e-81,0.06187046572263435,0.07606006779660392,2266,2266,0,5,full,fixed504,retain,raw,full
ld2_ridge_characteristics_full_raw_fixed504_retain,ridge,characteristics,504,ew_spread_bp,19.87269873517749,5.9004039857060375,3.3680234070954955,0.0007570916809741816,8.308119428957069,31.43727804139791,2266,2266,0,5,full,fixed504,retain,raw,full
ld2_ridge_characteristics_full_raw_fixed504_retain,ridge,characteristics,504,cap_spread_bp,14.689560892853283,6.461031819938119,2.273562691259733,0.02299229279398746,2.026171222807289,27.352950562899277,2266,2266,0,5,full,fixed504,retain,raw,full
ld2_ridge_characteristics_full_raw_fixed504_recent,ridge,characteristics,504,rank_ic,0.06904060798459288,0.003607924653188622,19.13582311747447,1.2705671208822648e-81,0.06196920560540902,0.07611201036377675,2266,2266,0,5,full,fixed504,recent,raw,full
ld2_ridge_characteristics_full_raw_fixed504_recent,ridge,characteristics,504,ew_spread_bp,19.6720165592906,5.852173946650533,3.36148869439361,0.0007752353018805877,8.20196639259193,31.142066725989274,2266,2266,0,5,full,fixed504,recent,raw,full
ld2_ridge_characteristics_full_raw_fixed504_recent,ridge,characteristics,504,cap_spread_bp,14.989984597870214,6.548429703112337,2.2890960546993084,0.022073772010674602,2.155298224477715,27.824670971262712,2266,2266,0,5,full,fixed504,recent,raw,full
ld2_ridge_characteristics_full_raw_fixed504_union,ridge,characteristics,504,rank_ic,0.06938038349030148,0.0036371520342943706,19.075469718098187,4.037783562194339e-81,0.062251696496787925,0.07650907048381504,2266,2266,0,5,full,fixed504,union,raw,full
ld2_ridge_characteristics_full_raw_fixed504_union,ridge,characteristics,504,ew_spread_bp,20.219063338648112,5.926510330334248,3.4116304893891547,0.00064575585062605,8.603316537188407,31.83481014010782,2266,2266,0,5,full,fixed504,union,raw,full
ld2_ridge_characteristics_full_raw_fixed504_union,ridge,characteristics,504,cap_spread_bp,15.59463200417698,6.560406351489811,2.3770832428140025,0.017450149599350068,2.7364718313091316,28.452792177044827,2266,2266,0,5,full,fixed504,union,raw,full
ld2_ridge_characteristics_full_raw_select_retain,ridge,characteristics,0,rank_ic,0.06920402727515795,0.0036170730616756934,19.13260420653421,1.3515093483195903e-81,0.06211469434482357,0.07629336020549234,2266,2266,0,5,full,select,retain,raw,full
ld2_ridge_characteristics_full_raw_select_retain,ridge,characteristics,0,ew_spread_bp,19.106210700581258,5.894311306966682,3.2414661706108046,0.0011891654721443092,7.553572825259346,30.65884857590317,2266,2266,0,5,full,select,retain,raw,full
ld2_ridge_characteristics_full_raw_select_retain,ridge,characteristics,0,cap_spread_bp,14.545980821276258,6.66166515512341,2.1835352697199304,0.028996414550227008,1.489357040168942,27.602604602383572,2266,2266,0,5,full,select,retain,raw,full
ld2_ridge_characteristics_full_raw_select_recent,ridge,characteristics,0,rank_ic,0.06922172920281354,0.0036100197439720414,19.17488936685152,5.9995954763446e-82,0.062146220521149834,0.07629723788447725,2266,2266,0,5,full,select,recent,raw,full
ld2_ridge_characteristics_full_raw_select_recent,ridge,characteristics,0,ew_spread_bp,20.6050401218951,5.853985940430221,3.5198308181076357,0.0004318221466903764,9.13143851264803,32.07864173114217,2266,2266,0,5,full,select,recent,raw,full
ld2_ridge_characteristics_full_raw_select_recent,ridge,characteristics,0,cap_spread_bp,17.285284262245487,6.523540871755606,2.649678234880698,0.008056846243550254,4.49937910192947,30.071189422561503,2266,2266,0,5,full,select,recent,raw,full
ld2_ridge_characteristics_full_raw_select_union,ridge,characteristics,0,rank_ic,0.0694221552531966,0.0036245050860069876,19.153554376627177,9.040078184814952e-82,0.06231825582284065,0.07652605468355254,2266,2266,0,5,full,select,union,raw,full
ld2_ridge_characteristics_full_raw_select_union,ridge,characteristics,0,ew_spread_bp,20.038149527113,5.91283940558637,3.388921658887138,0.0007016805438486125,8.449197245794494,31.627101808431505,2266,2266,0,5,full,select,union,raw,full
ld2_ridge_characteristics_full_raw_select_union,ridge,characteristics,0,cap_spread_bp,16.484085030050863,6.530992858276717,2.5239784191710775,0.011603505169344445,3.6835742445401927,29.284595815561534,2266,2266,0,5,full,select,union,raw,full
ld2_lasso_characteristics_full_raw_fixed504_retain,lasso,characteristics,504,rank_ic,0.06847663699730874,0.003590835179913908,19.069835725222706,4.49715467312974e-81,0.06143872937025808,0.07551454462435941,2266,2266,0,5,full,fixed504,retain,raw,full
ld2_lasso_characteristics_full_raw_fixed504_retain,lasso,characteristics,504,ew_spread_bp,20.5546819086214,5.853845077102559,3.511312929858954,0.0004458991700255958,9.08135638642329,32.028007430819514,2266,2266,0,5,full,fixed504,retain,raw,full
ld2_lasso_characteristics_full_raw_fixed504_retain,lasso,characteristics,504,cap_spread_bp,16.480097604041557,6.511470574773149,2.530933283779095,0.01137594843177632,3.71784979109386,29.242345416989252,2266,2266,0,5,full,fixed504,retain,raw,full
ld2_lasso_characteristics_full_raw_fixed504_recent,lasso,characteristics,504,rank_ic,0.0683986779074583,0.0035694870443404737,19.162046831324517,7.679313561019785e-82,0.06140261185726864,0.07539474395764795,2266,2266,0,5,full,fixed504,recent,raw,full
ld2_lasso_characteristics_full_raw_fixed504_recent,lasso,characteristics,504,ew_spread_bp,20.524396686059163,5.801165884584876,3.5379778986492236,0.0004032038063097914,9.154320483930363,31.894472888187963,2266,2266,0,5,full,fixed504,recent,raw,full
ld2_lasso_characteristics_full_raw_fixed504_recent,lasso,characteristics,504,cap_spread_bp,13.747440864081831,6.378272223454191,2.155354989950056,0.031134065695202422,1.246257022519405,26.248624705644257,2266,2266,0,5,full,fixed504,recent,raw,full
ld2_lasso_characteristics_full_raw_fixed504_union,lasso,characteristics,504,rank_ic,0.06883576976342433,0.003604025060060532,19.099692320748787,2.5397937469604423e-81,0.06177201044632588,0.07589952908052278,2266,2266,0,5,full,fixed504,union,raw,full
ld2_lasso_characteristics_full_raw_fixed504_union,lasso,characteristics,504,ew_spread_bp,20.27393701166745,5.8435904394905425,3.469431545828009,0.0005215609590047685,8.8207102098634,31.7271638134715,2266,2266,0,5,full,fixed504,union,raw,full
ld2_lasso_characteristics_full_raw_fixed504_union,lasso,characteristics,504,cap_spread_bp,15.489852191523227,6.435532478514157,2.406926271173064,0.01608741730297973,2.8764403122976887,28.103264070748764,2266,2266,0,5,full,fixed504,union,raw,full
ld2_lasso_characteristics_full_raw_select_retain,lasso,characteristics,0,rank_ic,0.06887760666412637,0.003586277986326112,19.20587498424421,3.30507846821704e-82,0.06184863097237837,0.07590658235587439,2266,2266,0,5,full,select,retain,raw,full
ld2_lasso_characteristics_full_raw_select_retain,lasso,characteristics,0,ew_spread_bp,20.91850658058499,5.796420380511217,3.6088663705133266,0.0003075379641501031,9.557731395529048,32.27928176564093,2266,2266,0,5,full,select,retain,raw,full
ld2_lasso_characteristics_full_raw_select_retain,lasso,characteristics,0,cap_spread_bp,15.886890841283135,6.25108154819492,2.5414627402950263,0.011038971136619159,3.63499614239821,28.138785540168058,2266,2266,0,5,full,select,retain,raw,full
ld2_lasso_characteristics_full_raw_select_recent,lasso,characteristics,0,rank_ic,0.06875673353354518,0.003579327530184885,19.209399797507118,3.088156623263508e-82,0.0617413804855101,0.07577208658158026,2266,2266,0,5,full,select,recent,raw,full
ld2_lasso_characteristics_full_raw_select_recent,lasso,characteristics,0,ew_spread_bp,20.84411511920187,5.803183953877157,3.591841183196638,0.00032834994017244453,9.470083573941894,32.21814666446185,2266,2266,0,5,full,select,recent,raw,full
ld2_lasso_characteristics_full_raw_select_recent,lasso,characteristics,0,cap_spread_bp,15.160570653762276,6.3307234197231,2.3947611747703528,0.01663119412655543,2.7525807550207535,27.568560552503797,2266,2266,0,5,full,select,recent,raw,full
ld2_lasso_characteristics_full_raw_select_union,lasso,characteristics,0,rank_ic,0.06893584224927096,0.003599669031923372,19.150605691223014,9.566758327754314e-82,0.06188062059043699,0.07599106390810494,2266,2266,0,5,full,select,union,raw,full
ld2_lasso_characteristics_full_raw_select_union,lasso,characteristics,0,ew_spread_bp,20.79234668341067,5.7944486614701205,3.588321840120576,0.00033281329986911554,9.43543599666291,32.14925737015843,2266,2266,0,5,full,select,union,raw,full
ld2_lasso_characteristics_full_raw_select_union,lasso,characteristics,0,cap_spread_bp,16.744884289193273,6.237070933782216,2.684735265474851,0.007258727626821988,4.520449889958526,28.969318688428018,2266,2266,0,5,full,select,union,raw,full
ld2_enet_characteristics_full_raw_fixed504_retain,enet,characteristics,504,rank_ic,0.06837207508494371,0.0036009665301897425,18.987145398805204,2.1785376284687074e-80,0.06131431037623765,0.07542983979364977,2266,2266,0,5,full,fixed504,retain,raw,full
ld2_enet_characteristics_full_raw_fixed504_retain,enet,characteristics,504,ew_spread_bp,20.456212453334143,5.847369318674666,3.4983616287077006,0.000468125927806721,8.995579184427283,31.916845722241,2266,2266,0,5,full,fixed504,retain,raw,full
ld2_enet_characteristics_full_raw_fixed504_retain,enet,characteristics,504,cap_spread_bp,16.54817721714057,6.526440886127369,2.5355591977114886,0.011226795158503656,3.75658813310125,29.33976630117989,2266,2266,0,5,full,fixed504,retain,raw,full
ld2_enet_characteristics_full_raw_fixed504_recent,enet,characteristics,504,rank_ic,0.06827158521842701,0.0035790287694916754,19.07545024515786,4.039287797968035e-81,0.06125681773059062,0.0752863527062634,2266,2266,0,5,full,fixed504,recent,raw,full
ld2_enet_characteristics_full_raw_fixed504_recent,enet,characteristics,504,ew_spread_bp,20.60809351427447,5.800070294087182,3.553076509311131,0.00038075370823381535,9.240164630062953,31.976022398485984,2266,2266,0,5,full,fixed504,recent,raw,full
ld2_enet_characteristics_full_raw_fixed504_recent,enet,characteristics,504,cap_spread_bp,14.771232903400563,6.402747578952216,2.307014718487124,0.021053999597292622,2.2220782465531936,27.32038756024793,2266,2266,0,5,full,fixed504,recent,raw,full
ld2_enet_characteristics_full_raw_fixed504_union,enet,characteristics,504,rank_ic,0.06866361255211713,0.0036142266317117167,18.99814802692594,1.7666916418489875e-80,0.061579858521996655,0.0757473665822376,2266,2266,0,5,full,fixed504,union,raw,full
ld2_enet_characteristics_full_raw_fixed504_union,enet,characteristics,504,ew_spread_bp,20.34938402250017,5.843766510019551,3.482237695090951,0.0004972421044086847,8.895812128800527,31.802955916199814,2266,2266,0,5,full,fixed504,union,raw,full
ld2_enet_characteristics_full_raw_fixed504_union,enet,characteristics,504,cap_spread_bp,15.327483069113054,6.468281062832175,2.3696377631434933,0.01780552037442587,2.649885144079528,28.00508099414658,2266,2266,0,5,full,fixed504,union,raw,full
ld2_enet_characteristics_full_raw_select_retain,enet,characteristics,0,rank_ic,0.06892053746542973,0.0035832274690142146,19.234206608823115,1.914504883477604e-82,0.061897540677747255,0.0759435342531122,2266,2266,0,5,full,select,retain,raw,full
ld2_enet_characteristics_full_raw_select_retain,enet,characteristics,0,ew_spread_bp,20.535228291971723,5.862549191215436,3.50278140484384,0.0004604271494509997,9.044843019595046,32.025613564348404,2266,2266,0,5,full,select,retain,raw,full
ld2_enet_characteristics_full_raw_select_retain,enet,characteristics,0,cap_spread_bp,15.31765375024096,6.369262354817062,2.4049337108332876,0.016175399595455525,2.8341289267127454,27.801178573769178,2266,2266,0,5,full,select,retain,raw,full
ld2_enet_characteristics_full_raw_select_recent,enet,characteristics,0,rank_ic,0.06892285340730792,0.003580103707987932,19.25163599409904,1.3677483192935622e-82,0.06190597907873327,0.07593972773588256,2266,2266,0,5,full,select,recent,raw,full
ld2_enet_characteristics_full_raw_select_recent,enet,characteristics,0,ew_spread_bp,20.788399372619665,5.886595140614081,3.5314810813456163,0.0004132394213395661,9.25088490544757,32.32591383979176,2266,2266,0,5,full,select,recent,raw,full
ld2_enet_characteristics_full_raw_select_recent,enet,characteristics,0,cap_spread_bp,14.790019171605005,6.5249469683246915,2.266688027259539,0.023409290325285097,2.0013581126547972,27.578680230555214,2266,2266,0,5,full,select,recent,raw,full
ld2_enet_characteristics_full_raw_select_union,enet,characteristics,0,rank_ic,0.06897234888628957,0.0035976966993618996,19.171251678476054,6.434192919065074e-82,0.061920992928241624,0.07602370484433753,2266,2266,0,5,full,select,union,raw,full
ld2_enet_characteristics_full_raw_select_union,enet,characteristics,0,ew_spread_bp,20.67639989442585,5.8591502213476145,3.528907625391151,0.00041727875897919285,9.192676480574638,32.16012330827706,2266,2266,0,5,full,select,union,raw,full
ld2_enet_characteristics_full_raw_select_union,enet,characteristics,0,cap_spread_bp,15.1445492919302,6.425076831343138,2.357100107823036,0.01841828086252768,2.551630104594919,27.73746847926548,2266,2266,0,5,full,select,union,raw,full
ld2_ols_characteristics_core_full_raw_fixed504_retain,ols,characteristics_core,504,rank_ic,0.06847364439094392,0.003404348446679995,20.113582808399393,5.6120059406977435e-90,0.06180124404462625,0.07514604473726158,2266,2266,0,5,full,fixed504,retain,raw,full
ld2_ols_characteristics_core_full_raw_fixed504_retain,ols,characteristics_core,504,ew_spread_bp,25.585735175188944,5.626910805323764,4.5470305217885505,5.440811045211018e-06,14.557192652535095,36.614277697842795,2266,2266,0,5,full,fixed504,retain,raw,full
ld2_ols_characteristics_core_full_raw_fixed504_retain,ols,characteristics_core,504,cap_spread_bp,13.429587195085476,6.509632363863693,2.063033124518041,0.03910948113466281,0.6709422093163013,26.18823218085465,2266,2266,0,5,full,fixed504,retain,raw,full
ld2_ols_characteristics_core_full_raw_fixed504_recent,ols,characteristics_core,504,rank_ic,0.06887522059044884,0.0033973609577355787,20.273153617552552,2.2196673006301535e-91,0.062216515470804604,0.07553392571009308,2266,2266,0,5,full,fixed504,recent,raw,full
ld2_ols_characteristics_core_full_raw_fixed504_recent,ols,characteristics_core,504,ew_spread_bp,24.734825835687424,5.640409527681698,4.385288996179298,1.1583189178407154e-05,13.679826303374718,35.78982536800013,2266,2266,0,5,full,fixed504,recent,raw,full
ld2_ols_characteristics_core_full_raw_fixed504_recent,ols,characteristics_core,504,cap_spread_bp,12.25025563099428,6.353270280734437,1.9281810925220315,0.05383260513196708,-0.20192530329389413,24.702436565282454,2266,2266,0,5,full,fixed504,recent,raw,full
ld2_ols_characteristics_core_full_raw_fixed504_union,ols,characteristics_core,504,rank_ic,0.06936326492128594,0.003437548603273758,20.178119039605043,1.5243728353853581e-90,0.06262579346376342,0.07610073637880847,2266,2266,0,5,full,fixed504,union,raw,full
ld2_ols_characteristics_core_full_raw_fixed504_union,ols,characteristics_core,504,ew_spread_bp,25.09723833034942,5.665313686069622,4.4299821194474625,9.424090173239631e-06,13.993427544531103,36.20104911616774,2266,2266,0,5,full,fixed504,union,raw,full
ld2_ols_characteristics_core_full_raw_fixed504_union,ols,characteristics_core,504,cap_spread_bp,9.995546420143127,6.4028539557615245,1.5611079823472727,0.11849827500094033,-2.5538167314192783,22.54490957170553,2266,2266,0,5,full,fixed504,union,raw,full
ld2_ols_characteristics_core_full_raw_select_retain,ols,characteristics_core,0,rank_ic,0.06915584479165601,0.0034189036230255205,20.22749173913751,5.608420331397876e-91,0.062454916823912486,0.07585677275939953,2266,2266,0,5,full,select,retain,raw,full
ld2_ols_characteristics_core_full_raw_select_retain,ols,characteristics_core,0,ew_spread_bp,25.477279463448212,5.623835329964307,4.530232122498848,5.891891671623854e-06,14.45476476173424,36.499794165162186,2266,2266,0,5,full,select,retain,raw,full
ld2_ols_characteristics_core_full_raw_select_retain,ols,characteristics_core,0,cap_spread_bp,13.80528594259728,6.748254591494745,2.0457565368083417,0.04078033018801852,0.5789499847605253,27.031621900434033,2266,2266,0,5,full,select,retain,raw,full
ld2_ols_characteristics_core_full_raw_select_recent,ols,characteristics_core,0,rank_ic,0.06967620016532436,0.0034183405919721724,20.383047941143126,2.364624744136466e-92,0.06297637571816757,0.07637602461248115,2266,2266,0,5,full,select,recent,raw,full
ld2_ols_characteristics_core_full_raw_select_recent,ols,characteristics_core,0,ew_spread_bp,25.819277505321825,5.680804082765788,4.545004039771656,5.49342005032111e-06,14.685106099872783,36.95344891077087,2266,2266,0,5,full,select,recent,raw,full
ld2_ols_characteristics_core_full_raw_select_recent,ols,characteristics_core,0,cap_spread_bp,13.191475432050105,6.523922951055369,2.0220158225375933,0.04317471728019884,0.4048214100673153,25.978129454032896,2266,2266,0,5,full,select,recent,raw,full
ld2_ols_characteristics_core_full_raw_select_union,ols,characteristics_core,0,rank_ic,0.06974880457667654,0.0034382705761568017,20.28601386416764,1.7090296811004152e-91,0.06300991807830543,0.07648769107504765,2266,2266,0,5,full,select,union,raw,full
ld2_ols_characteristics_core_full_raw_select_union,ols,characteristics_core,0,ew_spread_bp,25.138797854045325,5.656024710364099,4.444605379460418,8.805334040733823e-06,14.053193126063102,36.22440258202755,2266,2266,0,5,full,select,union,raw,full
ld2_ols_characteristics_core_full_raw_select_union,ols,characteristics_core,0,cap_spread_bp,12.067610921112946,6.699899914416292,1.8011628644103856,0.07167721364374437,-1.0639516111659777,25.19917345339187,2266,2266,0,5,full,select,union,raw,full
ld2_ridge_characteristics_core_full_raw_fixed504_retain,ridge,characteristics_core,504,rank_ic,0.07004768301027298,0.0035970392102273457,19.47370571082702,1.8350366953240283e-84,0.06299761570724897,0.07709775031329698,2266,2266,0,5,full,fixed504,retain,raw,full
ld2_ridge_characteristics_core_full_raw_fixed504_retain,ridge,characteristics_core,504,ew_spread_bp,23.733739933221067,5.942274105021675,3.994050007414543,6.49541547015924e-05,12.0870967011136,35.38038316532853,2266,2266,0,5,full,fixed504,retain,raw,full
ld2_ridge_characteristics_core_full_raw_fixed504_retain,ridge,characteristics_core,504,cap_spread_bp,15.418801327275688,6.75488650006984,2.282614419519302,0.022453090829069693,2.1794670674829852,28.65813558706839,2266,2266,0,5,full,fixed504,retain,raw,full
ld2_ridge_characteristics_core_full_raw_fixed504_recent,ridge,characteristics_core,504,rank_ic,0.0700923598089442,0.0035820379767567013,19.567732185912835,2.9136114845151875e-85,0.06307169438324634,0.07711302523464206,2266,2266,0,5,full,fixed504,recent,raw,full
ld2_ridge_characteristics_core_full_raw_fixed504_recent,ridge,characteristics_core,504,ew_spread_bp,23.524580098277376,5.886871667439516,3.996108871948511,6.439212954205787e-05,11.986523648486669,35.062636548068085,2266,2266,0,5,full,fixed504,recent,raw,full
ld2_ridge_characteristics_core_full_raw_fixed504_recent,ridge,characteristics_core,504,cap_spread_bp,14.315105086339754,6.722539184523786,2.1294193597703535,0.03321958013223099,1.1391704000138692,27.491039772665637,2266,2266,0,5,full,fixed504,recent,raw,full
ld2_ridge_characteristics_core_full_raw_fixed504_union,ridge,characteristics_core,504,rank_ic,0.07042372997016452,0.003610860233020657,19.503310963451973,1.0290036960616704e-84,0.06334657396023613,0.07750088598009292,2266,2266,0,5,full,fixed504,union,raw,full
ld2_ridge_characteristics_core_full_raw_fixed504_union,ridge,characteristics_core,504,ew_spread_bp,24.465412416354358,5.966177315876494,4.100684763634138,4.1192939005723507e-05,12.771919751856581,36.158905080852136,2266,2266,0,5,full,fixed504,union,raw,full
ld2_ridge_characteristics_core_full_raw_fixed504_union,ridge,characteristics_core,504,cap_spread_bp,14.70069537569908,6.8544962172143515,2.1446791871851674,0.03197850608338497,1.2661296577929129,28.135261093605248,2266,2266,0,5,full,fixed504,union,raw,full
ld2_ridge_characteristics_core_full_raw_select_retain,ridge,characteristics_core,0,rank_ic,0.07011464845102292,0.003601869956320317,19.466179873593294,2.1254352870927736e-84,0.06305511305963823,0.0771741838424076,2266,2266,0,5,full,select,retain,raw,full
ld2_ridge_characteristics_core_full_raw_select_retain,ridge,characteristics_core,0,ew_spread_bp,23.416958511964086,5.947573267649901,3.937229094651736,8.24279053657123e-05,11.759929111957078,35.073987911971095,2266,2266,0,5,full,select,retain,raw,full
ld2_ridge_characteristics_core_full_raw_select_retain,ridge,characteristics_core,0,cap_spread_bp,16.087085106796362,6.754157887281099,2.3818047157426245,0.017228030828378822,2.8491789018282674,29.324991311764457,2266,2266,0,5,full,select,retain,raw,full
ld2_ridge_characteristics_core_full_raw_select_recent,ridge,characteristics_core,0,rank_ic,0.07024084747847573,0.003586892501195141,19.582646386829744,2.174257220212061e-85,0.06321066735971646,0.07727102759723499,2266,2266,0,5,full,select,recent,raw,full
ld2_ridge_characteristics_core_full_raw_select_recent,ridge,characteristics_core,0,ew_spread_bp,23.159229669349948,5.923555082209538,3.9096841926742667,9.241686403461786e-05,11.549275047780053,34.76918429091984,2266,2266,0,5,full,select,recent,raw,full
ld2_ridge_characteristics_core_full_raw_select_recent,ridge,characteristics_core,0,cap_spread_bp,15.522768468604184,6.554531760604576,2.3682497904583193,0.017872464690491276,2.676122282295305,28.369414654913065,2266,2266,0,5,full,select,recent,raw,full
ld2_ridge_characteristics_core_full_raw_select_union,ridge,characteristics_core,0,rank_ic,0.07038217073251699,0.003610583484383214,19.493295484494293,1.251555135065977e-84,0.06330555713995074,0.07745878432508323,2266,2266,0,5,full,select,union,raw,full
ld2_ridge_characteristics_core_full_raw_select_union,ridge,characteristics_core,0,ew_spread_bp,23.08021045785211,5.967472877104811,3.8676691010030604,0.00010988062901880162,11.384178540007065,34.77624237569716,2266,2266,0,5,full,select,union,raw,full
ld2_ridge_characteristics_core_full_raw_select_union,ridge,characteristics_core,0,cap_spread_bp,13.966830787297113,6.727097103857228,2.0762047242173325,0.037875020540029114,0.7819627432332421,27.15169883136098,2266,2266,0,5,full,select,union,raw,full
ld2_lasso_characteristics_core_full_raw_fixed504_retain,lasso,characteristics_core,504,rank_ic,0.06949370969051034,0.0035556862227633765,19.544387591237406,4.6048460018354e-85,0.06252469275356887,0.07646272662745182,2266,2266,0,5,full,fixed504,retain,raw,full
ld2_lasso_characteristics_core_full_raw_fixed504_retain,lasso,characteristics_core,504,ew_spread_bp,23.12769512993199,5.920832264245679,3.906156110787659,9.377594093623434e-05,11.523077133507718,34.73231312635626,2266,2266,0,5,full,fixed504,retain,raw,full
ld2_lasso_characteristics_core_full_raw_fixed504_retain,lasso,characteristics_core,504,cap_spread_bp,15.177198887135019,6.708531075726437,2.262372897406836,0.023674373975959943,2.0287195895434547,28.325678184726584,2266,2266,0,5,full,fixed504,retain,raw,full
ld2_lasso_characteristics_core_full_raw_fixed504_recent,lasso,characteristics_core,504,rank_ic,0.0694051895203988,0.0035330244639827026,19.64469542397672,6.418057300750081e-86,0.062480588814493775,0.07632979022630383,2266,2266,0,5,full,fixed504,recent,raw,full
ld2_lasso_characteristics_core_full_raw_fixed504_recent,lasso,characteristics_core,504,ew_spread_bp,22.980892551838046,5.837521114968705,3.9367553622906675,8.259072656820581e-05,11.539561407507284,34.42222369616881,2266,2266,0,5,full,fixed504,recent,raw,full
ld2_lasso_characteristics_core_full_raw_fixed504_recent,lasso,characteristics_core,504,cap_spread_bp,14.50601544385358,6.742891868014274,2.1513047706822386,0.03145215196837573,1.2901902308975952,27.72184065680956,2266,2266,0,5,full,fixed504,recent,raw,full
ld2_lasso_characteristics_core_full_raw_fixed504_union,lasso,characteristics_core,504,rank_ic,0.06989920739297881,0.0035730584187602587,19.56285042135742,3.2064190120037963e-85,0.06289614157755107,0.07690227320840655,2266,2266,0,5,full,fixed504,union,raw,full
ld2_lasso_characteristics_core_full_raw_fixed504_union,lasso,characteristics_core,504,ew_spread_bp,24.180967973463744,5.873471046806852,4.1169808756629305,3.8386791232858524e-05,12.669176257483544,35.692759689443946,2266,2266,0,5,full,fixed504,union,raw,full
ld2_lasso_characteristics_core_full_raw_fixed504_union,lasso,characteristics_core,504,cap_spread_bp,16.860679149842344,6.610589079967857,2.550556228178734,0.01075511736748864,3.904162636511572,29.817195663173116,2266,2266,0,5,full,fixed504,union,raw,full
ld2_lasso_characteristics_core_full_raw_select_retain,lasso,characteristics_core,0,rank_ic,0.06972325514478062,0.003552918514969691,19.624220159007898,9.603942377484415e-86,0.06275966281543449,0.07668684747412674,2266,2266,0,5,full,select,retain,raw,full
ld2_lasso_characteristics_core_full_raw_select_retain,lasso,characteristics_core,0,ew_spread_bp,23.607455495858353,5.832150388855136,4.047813228714177,5.1698372688693666e-05,12.176650781281015,35.038260210435695,2266,2266,0,5,full,select,retain,raw,full
ld2_lasso_characteristics_core_full_raw_select_retain,lasso,characteristics_core,0,cap_spread_bp,16.521758516717007,6.582390466724666,2.509993686980115,0.01207333200052442,3.6205102697568634,29.42300676367715,2266,2266,0,5,full,select,retain,raw,full
ld2_lasso_characteristics_core_full_raw_select_recent,lasso,characteristics_core,0,rank_ic,0.06972844235851822,0.0035240430501633758,19.786489939527154,3.892229617059383e-87,0.06282144490022933,0.07663543981680711,2266,2266,0,5,full,select,recent,raw,full
ld2_lasso_characteristics_core_full_raw_select_recent,lasso,characteristics_core,0,ew_spread_bp,22.38345114467951,5.843024217061735,3.830798968677801,0.00012772783238424587,10.93133411844316,33.835568170915856,2266,2266,0,5,full,select,recent,raw,full
ld2_lasso_characteristics_core_full_raw_select_recent,lasso,characteristics_core,0,cap_spread_bp,13.704186177577071,6.643204428869793,2.0628879216815794,0.03912327794219759,0.6837447550552973,26.724627600098845,2266,2266,0,5,full,select,recent,raw,full
ld2_lasso_characteristics_core_full_raw_select_union,lasso,characteristics_core,0,rank_ic,0.06989169909026755,0.003567619978817639,19.59056724237503,1.861052326619841e-85,0.06289929242125943,0.07688410575927566,2266,2266,0,5,full,select,union,raw,full
ld2_lasso_characteristics_core_full_raw_select_union,lasso,characteristics_core,0,ew_spread_bp,22.582068681233135,5.860958681617068,3.852965002476801,0.00011669607537009868,11.094800750386325,34.069336612079944,2266,2266,0,5,full,select,union,raw,full
ld2_lasso_characteristics_core_full_raw_select_union,lasso,characteristics_core,0,cap_spread_bp,15.54725976616472,6.676556219219297,2.3286345917989877,0.019878431892032925,2.461450035737988,28.633069496591453,2266,2266,0,5,full,select,union,raw,full
ld2_enet_characteristics_core_full_raw_fixed504_retain,enet,characteristics_core,504,rank_ic,0.0694597044014444,0.0035656709048654035,19.48012204566208,1.618931492825561e-84,0.06247111784718587,0.07644829095570294,2266,2266,0,5,full,fixed504,retain,raw,full
ld2_enet_characteristics_core_full_raw_fixed504_retain,enet,characteristics_core,504,ew_spread_bp,23.41600783402413,5.94208916606341,3.9407028705927445,8.124320855218574e-05,11.7697270756142,35.06228859243406,2266,2266,0,5,full,fixed504,retain,raw,full
ld2_enet_characteristics_core_full_raw_fixed504_retain,enet,characteristics_core,504,cap_spread_bp,15.327780913327619,6.729536882098948,2.277687333002159,0.02274521297059131,2.138130991779713,28.517430834875526,2266,2266,0,5,full,fixed504,retain,raw,full
ld2_enet_characteristics_core_full_raw_fixed504_recent,enet,characteristics_core,504,rank_ic,0.06932356299182903,0.0035416443180085115,19.573835418574753,2.584774003515666e-85,0.062382067682481425,0.07626505830117664,2266,2266,0,5,full,fixed504,recent,raw,full
ld2_enet_characteristics_core_full_raw_fixed504_recent,enet,characteristics_core,504,ew_spread_bp,23.44728237279822,5.843312794253911,4.01266938779238,6.003596981410501e-05,11.994599745658448,34.89996499993799,2266,2266,0,5,full,fixed504,recent,raw,full
ld2_enet_characteristics_core_full_raw_fixed504_recent,enet,characteristics_core,504,cap_spread_bp,15.097367710271602,6.829184469963296,2.21071312053059,0.027055709372083136,1.712412105363283,28.48232331517992,2266,2266,0,5,full,fixed504,recent,raw,full
ld2_enet_characteristics_core_full_raw_fixed504_union,enet,characteristics_core,504,rank_ic,0.06979027593125804,0.003583250310705115,19.47680733404434,1.7271992054692718e-84,0.06276723437468405,0.07681331748783203,2266,2266,0,5,full,fixed504,union,raw,full
ld2_enet_characteristics_core_full_raw_fixed504_union,enet,characteristics_core,504,ew_spread_bp,23.863996568383563,5.895224335038992,4.0480217905440785,5.165233863522485e-05,12.30956919092305,35.418423945844076,2266,2266,0,5,full,fixed504,union,raw,full
ld2_enet_characteristics_core_full_raw_fixed504_union,enet,characteristics_core,504,cap_spread_bp,15.957028521436017,6.67442764806429,2.3907710687468247,0.016813032822328548,2.8753907138116297,29.038666329060405,2266,2266,0,5,full,fixed504,union,raw,full
ld2_enet_characteristics_core_full_raw_select_retain,enet,characteristics_core,0,rank_ic,0.06992096282771673,0.0035659521704602807,19.607936249658554,1.3229193136350776e-85,0.06293182500302215,0.07691010065241131,2266,2266,0,5,full,select,retain,raw,full
ld2_enet_characteristics_core_full_raw_select_retain,enet,characteristics_core,0,ew_spread_bp,24.035275564676606,5.854131099737673,4.1056947914531055,4.031014307930521e-05,12.561389448414909,35.509161680938305,2266,2266,0,5,full,select,retain,raw,full
ld2_enet_characteristics_core_full_raw_select_retain,enet,characteristics_core,0,cap_spread_bp,18.584495116721847,6.491517222178615,2.862889287765721,0.004197972189519516,5.861355156230266,31.307635077213426,2266,2266,0,5,full,select,retain,raw,full
ld2_enet_characteristics_core_full_raw_select_recent,enet,characteristics_core,0,rank_ic,0.07002223469159007,0.003535275862649457,19.806724400599673,2.604892781777899e-87,0.06309322132538336,0.07695124805779677,2266,2266,0,5,full,select,recent,raw,full
ld2_enet_characteristics_core_full_raw_select_recent,enet,characteristics_core,0,ew_spread_bp,22.72005963201501,5.857290805016863,3.878936591735366,0.00010491409518558662,11.239980607204338,34.20013865682568,2266,2266,0,5,full,select,recent,raw,full
ld2_enet_characteristics_core_full_raw_select_recent,enet,characteristics_core,0,cap_spread_bp,16.48458518912392,6.4925380996211945,2.539004767655612,0.011116830830959653,3.759444345612252,29.209726032635587,2266,2266,0,5,full,select,recent,raw,full
ld2_enet_characteristics_core_full_raw_select_union,enet,characteristics_core,0,rank_ic,0.07006189212495892,0.0035771556442428477,19.58592219427691,2.0388100887514482e-85,0.06305079589514877,0.07707298835476907,2266,2266,0,5,full,select,union,raw,full
ld2_enet_characteristics_core_full_raw_select_union,enet,characteristics_core,0,ew_spread_bp,22.984882713295235,5.873526510726001,3.9133019441252466,9.104257655635743e-05,11.472982290031062,34.49678313655941,2266,2266,0,5,full,select,union,raw,full
ld2_enet_characteristics_core_full_raw_select_union,enet,characteristics_core,0,cap_spread_bp,16.930041878392824,6.556256080570046,2.582272820088017,0.00981519597284372,4.080016087053799,29.78006766973185,2266,2266,0,5,full,select,union,raw,full
ld2_group_ridge_characteristics_core_full_raw_fixed504_retain,group_ridge,characteristics_core,504,rank_ic,0.06999191072347608,0.0036078462114432705,19.39991524624237,7.729872357941543e-84,0.06292066208728798,0.07706315935966417,2266,2266,0,5,full,fixed504,retain,raw,full
ld2_group_ridge_characteristics_core_full_raw_fixed504_retain,group_ridge,characteristics_core,504,ew_spread_bp,23.586845011524797,5.934885044765174,3.974271588011535,7.059497288362424e-05,11.954684071399669,35.219005951649926,2266,2266,0,5,full,fixed504,retain,raw,full
ld2_group_ridge_characteristics_core_full_raw_fixed504_retain,group_ridge,characteristics_core,504,cap_spread_bp,13.413357484577555,6.688880860379116,2.0053216322075897,0.04492867365756305,0.303391901355198,26.52332306779991,2266,2266,0,5,full,fixed504,retain,raw,full
ld2_group_ridge_characteristics_core_full_raw_fixed504_recent,group_ridge,characteristics_core,504,rank_ic,0.07005557067689774,0.0035916300702195465,19.505230022928124,9.911031259857378e-85,0.06301610509347637,0.07709503626031912,2266,2266,0,5,full,fixed504,recent,raw,full
ld2_group_ridge_characteristics_core_full_raw_fixed504_recent,group_ridge,characteristics_core,504,ew_spread_bp,23.862262614301482,5.845187702002117,4.082377475427878,4.457731491807564e-05,12.40590523550089,35.318619993102075,2266,2266,0,5,full,fixed504,recent,raw,full
ld2_group_ridge_characteristics_core_full_raw_fixed504_recent,group_ridge,characteristics_core,504,cap_spread_bp,14.907551483851302,6.715953962678822,2.2197221074911986,0.026437637201859897,1.7445235951717528,28.07057937253085,2266,2266,0,5,full,fixed504,recent,raw,full
ld2_group_ridge_characteristics_core_full_raw_fixed504_union,group_ridge,characteristics_core,504,rank_ic,0.07036325127200087,0.003621302841541566,19.430369220942502,4.27277605171546e-84,0.06326562812546684,0.0774608744185349,2266,2266,0,5,full,fixed504,union,raw,full
ld2_group_ridge_characteristics_core_full_raw_fixed504_union,group_ridge,characteristics_core,504,ew_spread_bp,24.1743741431027,5.9375262839856555,4.0714555164672515,4.6720285217389196e-05,12.537036469230873,35.81171181697452,2266,2266,0,5,full,fixed504,union,raw,full
ld2_group_ridge_characteristics_core_full_raw_fixed504_union,group_ridge,characteristics_core,504,cap_spread_bp,13.823115698341097,6.8228869487703205,2.0259921939396075,0.04276558458190394,0.4505030081628867,27.195728388519306,2266,2266,0,5,full,fixed504,union,raw,full
ld2_group_ridge_characteristics_core_full_raw_select_retain,group_ridge,characteristics_core,0,rank_ic,0.07018562441918555,0.003615890905006426,19.41032687739809,6.312423394924394e-84,0.06309860847334701,0.07727264036502408,2266,2266,0,5,full,select,retain,raw,full
ld2_group_ridge_characteristics_core_full_raw_select_retain,group_ridge,characteristics_core,0,ew_spread_bp,22.633467621572404,5.946862019157474,3.805951365385642,0.00014126014132009336,10.977832242994609,34.2891030001502,2266,2266,0,5,full,select,retain,raw,full
ld2_group_ridge_characteristics_core_full_raw_select_retain,group_ridge,characteristics_core,0,cap_spread_bp,16.007257046111103,6.750455911945511,2.3712853257488713,0.017726340871109126,2.776606579472416,29.237907512749793,2266,2266,0,5,full,select,retain,raw,full
ld2_group_ridge_characteristics_core_full_raw_select_recent,group_ridge,characteristics_core,0,rank_ic,0.07027273817884568,0.003597720840584167,19.532571117284185,5.804229128398593e-85,0.06322133490487154,0.07732414145281981,2266,2266,0,5,full,select,recent,raw,full
ld2_group_ridge_characteristics_core_full_raw_select_recent,group_ridge,characteristics_core,0,ew_spread_bp,23.253863215315587,5.867632242864953,3.9630744144867474,7.399070596752633e-05,11.753515344774298,34.75421108585687,2266,2266,0,5,full,select,recent,raw,full
ld2_group_ridge_characteristics_core_full_raw_select_recent,group_ridge,characteristics_core,0,cap_spread_bp,15.06894988616673,6.612835732028849,2.278742508782009,0.022682376234197752,2.1080300157106215,28.029869756622837,2266,2266,0,5,full,select,recent,raw,full
ld2_group_ridge_characteristics_core_full_raw_select_union,group_ridge,characteristics_core,0,rank_ic,0.07041484849596333,0.0036230626626394657,19.435172684721067,3.891027424862323e-84,0.06331377616345818,0.07751592082846848,2266,2266,0,5,full,select,union,raw,full
ld2_group_ridge_characteristics_core_full_raw_select_union,group_ridge,characteristics_core,0,ew_spread_bp,22.351291445942632,5.932033702078651,3.767896908291416,0.0001646286589459194,10.724719034790672,33.97786385709459,2266,2266,0,5,full,select,union,raw,full
ld2_group_ridge_characteristics_core_full_raw_select_union,group_ridge,characteristics_core,0,cap_spread_bp,14.445661007932152,6.731662791554392,2.1459276044034494,0.03187875505614461,1.2518443804171824,27.639477635447122,2266,2266,0,5,full,select,union,raw,full
ld2_ols_characteristics_textcore_full_raw_fixed504_retain,ols,characteristics_textcore,504,rank_ic,0.06275646849545238,0.00294637517220092,21.299551084858543,1.1461419971505367e-100,0.05698167927299558,0.06853125771790919,2266,2266,0,5,full,fixed504,retain,raw,full
ld2_ols_characteristics_textcore_full_raw_fixed504_retain,ols,characteristics_textcore,504,ew_spread_bp,25.521040135337508,5.17301485952751,4.933494456976784,8.077133538504081e-07,15.382117319173062,35.65996295150195,2266,2266,0,5,full,fixed504,retain,raw,full
ld2_ols_characteristics_textcore_full_raw_fixed504_retain,ols,characteristics_textcore,504,cap_spread_bp,9.737998396803567,5.944258457457757,1.6382192104359337,0.10137597362556942,-1.912534094611253,21.388530888218387,2266,2266,0,5,full,fixed504,retain,raw,full
ld2_ols_characteristics_textcore_full_raw_fixed504_recent,ols,characteristics_textcore,504,rank_ic,0.06468926621676581,0.0030235704688637895,21.394992074080886,1.4875499250942955e-101,0.058763176993073894,0.07061535544045772,2266,2266,0,5,full,fixed504,recent,raw,full
ld2_ols_characteristics_textcore_full_raw_fixed504_recent,ols,characteristics_textcore,504,ew_spread_bp,26.124199382490545,5.174885200828503,5.048266457835247,4.45837041255394e-07,15.981610764737354,36.266788000243736,2266,2266,0,5,full,fixed504,recent,raw,full
ld2_ols_characteristics_textcore_full_raw_fixed504_recent,ols,characteristics_textcore,504,cap_spread_bp,9.31374045898421,6.120328006217501,1.5217714556348279,0.12806635607543154,-2.681882006773929,21.30936292474235,2266,2266,0,5,full,fixed504,recent,raw,full
ld2_ols_characteristics_textcore_full_raw_fixed504_union,ols,characteristics_textcore,504,rank_ic,0.06522397879033603,0.0030668518241922862,21.267404664232192,2.2752568493669083e-100,0.05921305966899819,0.07123489791167388,2266,2266,0,5,full,fixed504,union,raw,full
ld2_ols_characteristics_textcore_full_raw_fixed504_union,ols,characteristics_textcore,504,ew_spread_bp,25.537209240740644,5.26461535849351,4.850726501707471,1.2301007000337956e-06,15.21875274563694,35.85566573584435,2266,2266,0,5,full,fixed504,union,raw,full
ld2_ols_characteristics_textcore_full_raw_fixed504_union,ols,characteristics_textcore,504,cap_spread_bp,7.208802397592601,6.129989682632387,1.1759893198542777,0.23959914392158943,-4.805756605968995,19.223361401154197,2266,2266,0,5,full,fixed504,union,raw,full
ld2_ols_characteristics_textcore_full_raw_select_retain,ols,characteristics_textcore,0,rank_ic,0.06435262990739088,0.00300362344844799,21.424999175793054,7.813617934560978e-102,0.05846563612531282,0.07023962368946894,2266,2266,0,5,full,select,retain,raw,full
ld2_ols_characteristics_textcore_full_raw_select_retain,ols,characteristics_textcore,0,ew_spread_bp,25.826696714003877,5.196278836472678,4.970229182607813,6.687380791414129e-07,15.64217734088973,36.01121608711802,2266,2266,0,5,full,select,retain,raw,full
ld2_ols_characteristics_textcore_full_raw_select_retain,ols,characteristics_textcore,0,cap_spread_bp,10.009037115551159,5.991537852992151,1.6705288961084814,0.0948147672172881,-1.7341612883218982,21.752235519424218,2266,2266,0,5,full,select,retain,raw,full
ld2_ols_characteristics_textcore_full_raw_select_recent,ols,characteristics_textcore,0,rank_ic,0.06584793539558721,0.00307637684971816,21.40437879111586,1.2163090280503908e-101,0.059818347567266825,0.0718775232239076,2266,2266,0,5,full,select,recent,raw,full
ld2_ols_characteristics_textcore_full_raw_select_recent,ols,characteristics_textcore,0,ew_spread_bp,26.696000332369653,5.307094114725981,5.030248146211373,4.89845446511747e-07,16.294287004942248,37.09771365979706,2266,2266,0,5,full,select,recent,raw,full
ld2_ols_characteristics_textcore_full_raw_select_recent,ols,characteristics_textcore,0,cap_spread_bp,9.71187079786583,6.1408886224429935,1.5815090282491093,0.11376169630212309,-2.324049735194224,21.747791330925885,2266,2266,0,5,full,select,recent,raw,full
ld2_ols_characteristics_textcore_full_raw_select_union,ols,characteristics_textcore,0,rank_ic,0.06615932296140269,0.003094300548920483,21.381026799249952,2.006656643285134e-101,0.06009460532817602,0.07222404059462935,2266,2266,0,5,full,select,union,raw,full
ld2_ols_characteristics_textcore_full_raw_select_union,ols,characteristics_textcore,0,ew_spread_bp,26.80967915565958,5.266821993418862,5.090295284169375,3.5750635254203574e-07,16.486897735575155,37.132460575744005,2266,2266,0,5,full,select,union,raw,full
ld2_ols_characteristics_textcore_full_raw_select_union,ols,characteristics_textcore,0,cap_spread_bp,13.415382889539023,6.114919594987641,2.193877234385146,0.028244236438398934,1.4303607150049924,25.400405064073055,2266,2266,0,5,full,select,union,raw,full
ld2_ridge_characteristics_textcore_full_raw_fixed504_retain,ridge,characteristics_textcore,504,rank_ic,0.06749411022516501,0.0033949613265075555,19.880671304906187,5.982800692019924e-88,0.060840108296303874,0.07414811215402614,2266,2266,0,5,full,fixed504,retain,raw,full
ld2_ridge_characteristics_textcore_full_raw_fixed504_retain,ridge,characteristics_textcore,504,ew_spread_bp,22.694950069785307,5.628872879243955,4.031881791729784,5.533201781615408e-05,11.662561952912878,33.72733818665773,2266,2266,0,5,full,fixed504,retain,raw,full
ld2_ridge_characteristics_textcore_full_raw_fixed504_retain,ridge,characteristics_textcore,504,cap_spread_bp,11.68317021839156,6.82201630354602,1.7125684986004441,0.08679195278245594,-1.687736038503708,25.054076475286827,2266,2266,0,5,full,fixed504,retain,raw,full
ld2_ridge_characteristics_textcore_full_raw_fixed504_recent,ridge,characteristics_textcore,504,rank_ic,0.06775841256758543,0.0033984713475979523,19.937909029445617,1.9087827477020751e-88,0.06109753112380214,0.07441929401136872,2266,2266,0,5,full,fixed504,recent,raw,full
ld2_ridge_characteristics_textcore_full_raw_fixed504_recent,ridge,characteristics_textcore,504,ew_spread_bp,23.73465125563683,5.599165352869191,4.238962373824956,2.245552872554806e-05,12.760488820528714,34.70881369074495,2266,2266,0,5,full,fixed504,recent,raw,full
ld2_ridge_characteristics_textcore_full_raw_fixed504_recent,ridge,characteristics_textcore,504,cap_spread_bp,11.318831556485849,7.075140759597636,1.5998030203330615,0.10964228858384119,-2.548189517876878,25.185852630848576,2266,2266,0,5,full,fixed504,recent,raw,full
ld2_ridge_characteristics_textcore_full_raw_fixed504_union,ridge,characteristics_textcore,504,rank_ic,0.06830800671690164,0.003446935833294259,19.81702300840896,2.1230199803767407e-87,0.06155213662662433,0.07506387680717895,2266,2266,0,5,full,fixed504,union,raw,full
ld2_ridge_characteristics_textcore_full_raw_fixed504_union,ridge,characteristics_textcore,504,ew_spread_bp,23.103203879495393,5.64406562813879,4.093362019802381,4.251631223990105e-05,12.041038521962927,34.16536923702786,2266,2266,0,5,full,fixed504,union,raw,full
ld2_ridge_characteristics_textcore_full_raw_fixed504_union,ridge,characteristics_textcore,504,cap_spread_bp,11.41668688330887,6.807321771988948,1.677118735636492,0.09351926579169582,-1.9254186209648498,24.758792387582588,2266,2266,0,5,full,fixed504,union,raw,full
ld2_ridge_characteristics_textcore_full_raw_select_retain,ridge,characteristics_textcore,0,rank_ic,0.06806157215274969,0.0033999392568906067,20.01846709902546,3.802406719464111e-89,0.06139781365962022,0.07472533064587915,2266,2266,0,5,full,select,retain,raw,full
ld2_ridge_characteristics_textcore_full_raw_select_retain,ridge,characteristics_textcore,0,ew_spread_bp,23.184878454098705,5.69506052877227,4.071050401828979,4.6801620816054144e-05,12.022764927929419,34.34699198026799,2266,2266,0,5,full,select,retain,raw,full
ld2_ridge_characteristics_textcore_full_raw_select_retain,ridge,characteristics_textcore,0,cap_spread_bp,14.551329080447283,6.760557155551218,2.152386074940424,0.031366959528133107,1.3008805401423444,27.801777620752222,2266,2266,0,5,full,select,retain,raw,full
ld2_ridge_characteristics_textcore_full_raw_select_recent,ridge,characteristics_textcore,0,rank_ic,0.06840265922931614,0.0034292765999080926,19.946673077100105,1.6020006545726286e-88,0.06168140060047031,0.07512391785816197,2266,2266,0,5,full,select,recent,raw,full
ld2_ridge_characteristics_textcore_full_raw_select_recent,ridge,characteristics_textcore,0,ew_spread_bp,23.70948342524497,5.629861840996024,4.211379265578982,2.538161976460638e-05,12.675156978956398,34.74380987153354,2266,2266,0,5,full,select,recent,raw,full
ld2_ridge_characteristics_textcore_full_raw_select_recent,ridge,characteristics_textcore,0,cap_spread_bp,13.715651541696085,6.843523503991424,2.0041797962258117,0.04505080399993574,0.30259194651954147,27.128711136872628,2266,2266,0,5,full,select,recent,raw,full
ld2_ridge_characteristics_textcore_full_raw_select_union,ridge,characteristics_textcore,0,rank_ic,0.06862383904116057,0.003442832470907403,19.932378244089776,2.1318684344591615e-88,0.06187601139337701,0.07537166668894413,2266,2266,0,5,full,select,union,raw,full
ld2_ridge_characteristics_textcore_full_raw_select_union,ridge,characteristics_textcore,0,ew_spread_bp,23.315199242772938,5.6851913922150965,4.10104034047106,4.1129684362361504e-05,12.17242886881422,34.45796961673165,2266,2266,0,5,full,select,union,raw,full
ld2_ridge_characteristics_textcore_full_raw_select_union,ridge,characteristics_textcore,0,cap_spread_bp,12.23381584169308,6.8200894809303225,1.7937911043396275,0.07284651733663094,-1.1333139122708236,25.60094559565698,2266,2266,0,5,full,select,union,raw,full
ld2_lasso_characteristics_textcore_full_raw_fixed504_retain,lasso,characteristics_textcore,504,rank_ic,0.06926339314596824,0.0035302114395912663,19.620182623958545,1.0397898441295881e-85,0.062344305866558064,0.07618248042537842,2266,2266,0,5,full,fixed504,retain,raw,full
ld2_lasso_characteristics_textcore_full_raw_fixed504_retain,lasso,characteristics_textcore,504,ew_spread_bp,23.122720929380474,5.835162976344092,3.962652118393369,7.412174930808256e-05,11.686011651824506,34.55943020693644,2266,2266,0,5,full,fixed504,retain,raw,full
ld2_lasso_characteristics_textcore_full_raw_fixed504_retain,lasso,characteristics_textcore,504,cap_spread_bp,8.826945419190741,6.7331384849662745,1.3109704246986025,0.18986775583397453,-4.369763514263742,22.023654352645224,2266,2266,0,5,full,fixed504,retain,raw,full
ld2_lasso_characteristics_textcore_full_raw_fixed504_recent,lasso,characteristics_textcore,504,rank_ic,0.06941492345415257,0.003508976387011918,19.78210047553586,4.24628871462955e-87,0.06253745611300772,0.07629239079529741,2266,2266,0,5,full,fixed504,recent,raw,full
ld2_lasso_characteristics_textcore_full_raw_fixed504_recent,lasso,characteristics_textcore,504,ew_spread_bp,24.079526237914948,5.765919656560836,4.176181367791989,2.9644349260664578e-05,12.778531373304151,35.38052110252575,2266,2266,0,5,full,fixed504,recent,raw,full
ld2_lasso_characteristics_textcore_full_raw_fixed504_recent,lasso,characteristics_textcore,504,cap_spread_bp,13.24038032007487,6.69608292804343,1.977332189932071,0.048004093362308056,0.11629894361623627,26.364461696533503,2266,2266,0,5,full,fixed504,recent,raw,full
ld2_lasso_characteristics_textcore_full_raw_fixed504_union,lasso,characteristics_textcore,504,rank_ic,0.06976740937906015,0.0035535666467519248,19.633066244256266,8.069476939745333e-86,0.06280254673476361,0.07673227202335668,2266,2266,0,5,full,fixed504,union,raw,full
ld2_lasso_characteristics_textcore_full_raw_fixed504_union,lasso,characteristics_textcore,504,ew_spread_bp,23.9729624186467,5.7797607134450395,4.147743065362572,3.3576891184077894e-05,12.644839581034894,35.3010852562585,2266,2266,0,5,full,fixed504,union,raw,full
ld2_lasso_characteristics_textcore_full_raw_fixed504_union,lasso,characteristics_textcore,504,cap_spread_bp,13.048536618247072,6.653087030626035,1.961275503864744,0.049846893234079245,0.008725652209511381,26.088347584284634,2266,2266,0,5,full,fixed504,union,raw,full
ld2_lasso_characteristics_textcore_full_raw_select_retain,lasso,characteristics_textcore,0,rank_ic,0.06959612704168071,0.0035066924573920635,19.84665832185339,1.1777784018109e-87,0.062723136120334,0.07646911796302741,2266,2266,0,5,full,select,retain,raw,full
ld2_lasso_characteristics_textcore_full_raw_select_retain,lasso,characteristics_textcore,0,ew_spread_bp,23.83269843652568,5.804176152197957,4.106129416403149,4.0234411864523716e-05,12.45672221829141,35.208674654759946,2266,2266,0,5,full,select,retain,raw,full
ld2_lasso_characteristics_textcore_full_raw_select_retain,lasso,characteristics_textcore,0,cap_spread_bp,11.910291215758633,6.515823265606172,1.827902742332992,0.06756414942474863,-0.8604877144576264,24.681070145974893,2266,2266,0,5,full,select,retain,raw,full
ld2_lasso_characteristics_textcore_full_raw_select_recent,lasso,characteristics_textcore,0,rank_ic,0.06960052168772764,0.003517972081146135,19.78427346275363,4.067170136950722e-87,0.06270542311006379,0.07649562026539149,2266,2266,0,5,full,select,recent,raw,full
ld2_lasso_characteristics_textcore_full_raw_select_recent,lasso,characteristics_textcore,0,ew_spread_bp,24.40348154285804,5.752415332829871,4.242301734296517,2.2123896599548127e-05,13.128954666395503,35.67800841932058,2266,2266,0,5,full,select,recent,raw,full
ld2_lasso_characteristics_textcore_full_raw_select_recent,lasso,characteristics_textcore,0,cap_spread_bp,11.56646245725342,6.487965798855392,1.7827563855675654,0.07462596828251747,-1.149716841430788,24.28264175593763,2266,2266,0,5,full,select,recent,raw,full
ld2_lasso_characteristics_textcore_full_raw_select_union,lasso,characteristics_textcore,0,rank_ic,0.06983860882205979,0.003535831558623916,19.75167868269148,7.759522719769369e-87,0.06290850631175679,0.0767687113323628,2266,2266,0,5,full,select,union,raw,full
ld2_lasso_characteristics_textcore_full_raw_select_union,lasso,characteristics_textcore,0,ew_spread_bp,23.929844802689015,5.8045544835898335,4.122598016840317,3.746231207109153e-05,12.553127068552449,35.30656253682558,2266,2266,0,5,full,select,union,raw,full
ld2_lasso_characteristics_textcore_full_raw_select_union,lasso,characteristics_textcore,0,cap_spread_bp,12.721726981430685,6.5792472011431835,1.9336143775263845,0.0531605582016097,-0.17336057819590778,25.616814541057277,2266,2266,0,5,full,select,union,raw,full
ld2_enet_characteristics_textcore_full_raw_fixed504_retain,enet,characteristics_textcore,504,rank_ic,0.06900481504137929,0.0035277730699275318,19.56044611531569,3.3612374873444566e-85,0.06209050687869102,0.07591912320406755,2266,2266,0,5,full,fixed504,retain,raw,full
ld2_enet_characteristics_textcore_full_raw_fixed504_retain,enet,characteristics_textcore,504,ew_spread_bp,23.15495018835452,5.903669570051583,3.9221284175212072,8.777018876649455e-05,11.583970454428352,34.725929922280685,2266,2266,0,5,full,fixed504,retain,raw,full
ld2_enet_characteristics_textcore_full_raw_fixed504_retain,enet,characteristics_textcore,504,cap_spread_bp,8.952720484742816,6.872429832387404,1.302700893729277,0.19267689681753042,-4.516994473015135,22.422435442500767,2266,2266,0,5,full,fixed504,retain,raw,full
ld2_enet_characteristics_textcore_full_raw_fixed504_recent,enet,characteristics_textcore,504,rank_ic,0.06909638899641521,0.0035078158999792284,19.69783790444201,2.2502646295611616e-86,0.06222119616805896,0.07597158182477146,2266,2266,0,5,full,fixed504,recent,raw,full
ld2_enet_characteristics_textcore_full_raw_fixed504_recent,enet,characteristics_textcore,504,ew_spread_bp,23.33266918506507,5.819809665841578,4.009180802254129,6.0929752943607635e-05,11.92605184313749,34.73928652699264,2266,2266,0,5,full,fixed504,recent,raw,full
ld2_enet_characteristics_textcore_full_raw_fixed504_recent,enet,characteristics_textcore,504,cap_spread_bp,12.521926668539539,6.940277135420789,1.8042401512515875,0.07119366749194599,-1.080766559612023,26.1246198966911,2266,2266,0,5,full,fixed504,recent,raw,full
ld2_enet_characteristics_textcore_full_raw_fixed504_union,enet,characteristics_textcore,504,rank_ic,0.06948750280678356,0.0035495539409016856,19.576404236621293,2.4576917695425112e-85,0.06253050492143404,0.07644450069213309,2266,2266,0,5,full,fixed504,union,raw,full
ld2_enet_characteristics_textcore_full_raw_fixed504_union,enet,characteristics_textcore,504,ew_spread_bp,23.48435477838535,5.8675514741034345,4.002411377562525,6.270015664890051e-05,11.984165211707714,34.984544345062986,2266,2266,0,5,full,fixed504,union,raw,full
ld2_enet_characteristics_textcore_full_raw_fixed504_union,enet,characteristics_textcore,504,cap_spread_bp,10.773379297291493,6.875220551350032,1.5669867194552778,0.11711779587271715,-2.701805369124182,24.24856396370717,2266,2266,0,5,full,fixed504,union,raw,full
ld2_enet_characteristics_textcore_full_raw_select_retain,enet,characteristics_textcore,0,rank_ic,0.06986086276813032,0.0035128752076509454,19.887089247000656,5.264330887544901e-88,0.0629757538789508,0.07674597165730984,2266,2266,0,5,full,select,retain,raw,full
ld2_enet_characteristics_textcore_full_raw_select_retain,enet,characteristics_textcore,0,ew_spread_bp,24.30113004821707,5.809067534390235,4.183309955401974,2.872952653470427e-05,12.915566897051315,35.68669319938282,2266,2266,0,5,full,select,retain,raw,full
ld2_enet_characteristics_textcore_full_raw_select_retain,enet,characteristics_textcore,0,cap_spread_bp,16.405593374614046,6.402082227553278,2.5625402472976155,0.01039095434575525,3.8577427825456585,28.953443966682435,2266,2266,0,5,full,select,retain,raw,full
ld2_enet_characteristics_textcore_full_raw_select_recent,enet,characteristics_textcore,0,rank_ic,0.06976686389084852,0.0035240488192166334,19.79736021544591,3.1370786933308645e-87,0.06285985512542301,0.07667387265627403,2266,2266,0,5,full,select,recent,raw,full
ld2_enet_characteristics_textcore_full_raw_select_recent,enet,characteristics_textcore,0,ew_spread_bp,24.7316583035735,5.754654785678873,4.297678874694814,1.7259596534583034e-05,13.452742180181847,36.01057442696515,2266,2266,0,5,full,select,recent,raw,full
ld2_enet_characteristics_textcore_full_raw_select_recent,enet,characteristics_textcore,0,cap_spread_bp,13.520249450993978,6.408063295768884,2.1098807591243873,0.03486862796069397,0.960676180633925,26.07982272135403,2266,2266,0,5,full,select,recent,raw,full
ld2_enet_characteristics_textcore_full_raw_select_union,enet,characteristics_textcore,0,rank_ic,0.07001658861560624,0.0035400435289281323,19.778454147089576,4.564706218627833e-87,0.06307823079520303,0.07695494643600945,2266,2266,0,5,full,select,union,raw,full
ld2_enet_characteristics_textcore_full_raw_select_union,enet,characteristics_textcore,0,ew_spread_bp,24.255449592043686,5.805193587146446,4.1782326855987755,2.9378301661610793e-05,12.877479237953768,35.6334199461336,2266,2266,0,5,full,select,union,raw,full
ld2_enet_characteristics_textcore_full_raw_select_union,enet,characteristics_textcore,0,cap_spread_bp,15.615965393199456,6.482625402238165,2.4088952275119815,0.01600089075861363,2.9102530795481716,28.321677706850743,2266,2266,0,5,full,select,union,raw,full
ld2_group_ridge_characteristics_textcore_full_raw_fixed504_retain,group_ridge,characteristics_textcore,504,rank_ic,0.06981291336043512,0.003584913712300708,19.474084723682495,1.8215071464170096e-84,0.06278661159664195,0.07683921512422828,2266,2266,0,5,full,fixed504,retain,raw,full
ld2_group_ridge_characteristics_textcore_full_raw_fixed504_retain,group_ridge,characteristics_textcore,504,ew_spread_bp,23.110754838430285,5.923485397452171,3.9015466887739367,9.558002159099585e-05,11.500936796475102,34.72057288038547,2266,2266,0,5,full,fixed504,retain,raw,full
ld2_group_ridge_characteristics_textcore_full_raw_fixed504_retain,group_ridge,characteristics_textcore,504,cap_spread_bp,13.109068842216585,6.738644777987067,1.9453568594444384,0.05173204314875233,-0.09843222724697398,26.316569911680144,2266,2266,0,5,full,fixed504,retain,raw,full
ld2_group_ridge_characteristics_textcore_full_raw_fixed504_recent,group_ridge,characteristics_textcore,504,rank_ic,0.06984809842065375,0.003566128858688258,19.58653239646147,2.0145257237323592e-85,0.06285861429339583,0.07683758254791166,2266,2266,0,5,full,fixed504,recent,raw,full
ld2_group_ridge_characteristics_textcore_full_raw_fixed504_recent,group_ridge,characteristics_textcore,504,ew_spread_bp,23.513944143380936,5.831702164729386,4.032089341872636,5.52831615271636e-05,12.08401793194707,34.943870354814806,2266,2266,0,5,full,fixed504,recent,raw,full
ld2_group_ridge_characteristics_textcore_full_raw_fixed504_recent,group_ridge,characteristics_textcore,504,cap_spread_bp,13.634366730906407,6.720052945219631,2.0289076354086366,0.042467698926731585,0.46330498407361276,26.805428477739202,2266,2266,0,5,full,fixed504,recent,raw,full
ld2_group_ridge_characteristics_textcore_full_raw_fixed504_union,group_ridge,characteristics_textcore,504,rank_ic,0.07016673685647726,0.0035989976316153547,19.496188672117576,1.1827441647864937e-84,0.0631128311180662,0.07722064259488831,2266,2266,0,5,full,fixed504,union,raw,full
ld2_group_ridge_characteristics_textcore_full_raw_fixed504_union,group_ridge,characteristics_textcore,504,ew_spread_bp,23.991888363138994,5.899697939689637,4.0666299543466335,4.769789162025916e-05,12.428692881682146,35.55508384459584,2266,2266,0,5,full,fixed504,union,raw,full
ld2_group_ridge_characteristics_textcore_full_raw_fixed504_union,group_ridge,characteristics_textcore,504,cap_spread_bp,12.687638464318775,6.721789933393369,1.8875386749721974,0.05908790957784261,-0.48682771677611747,25.862104645413666,2266,2266,0,5,full,fixed504,union,raw,full
ld2_group_ridge_characteristics_textcore_full_raw_select_retain,group_ridge,characteristics_textcore,0,rank_ic,0.06995988156517914,0.0035833870307065904,19.523395314455914,6.946508662196402e-85,0.0629365720423263,0.07698319108803198,2266,2266,0,5,full,select,retain,raw,full
ld2_group_ridge_characteristics_textcore_full_raw_select_retain,group_ridge,characteristics_textcore,0,ew_spread_bp,22.46278236036967,5.944575755175,3.7787023473987835,0.00015764772358781295,10.811627976856675,34.11393674388266,2266,2266,0,5,full,select,retain,raw,full
ld2_group_ridge_characteristics_textcore_full_raw_select_retain,group_ridge,characteristics_textcore,0,cap_spread_bp,15.921874179197,6.83665958680611,2.328896733417034,0.019864537034792518,2.522267614496535,29.321480743897464,2266,2266,0,5,full,select,retain,raw,full
ld2_group_ridge_characteristics_textcore_full_raw_select_recent,group_ridge,characteristics_textcore,0,rank_ic,0.0700215147526888,0.0035649464332581254,19.641673742820803,6.811578962976104e-86,0.06303434813668835,0.07700868136868924,2266,2266,0,5,full,select,recent,raw,full
ld2_group_ridge_characteristics_textcore_full_raw_select_recent,group_ridge,characteristics_textcore,0,ew_spread_bp,23.407764787343307,5.856094481458729,3.997163102722436,6.410613244294287e-05,11.930030513620435,34.88549906106618,2266,2266,0,5,full,select,recent,raw,full
ld2_group_ridge_characteristics_textcore_full_raw_select_recent,group_ridge,characteristics_textcore,0,cap_spread_bp,14.73330927203131,6.613451652464219,2.2277790851531476,0.02589525021432344,1.7711822197045333,27.695436324358084,2266,2266,0,5,full,select,recent,raw,full
ld2_group_ridge_characteristics_textcore_full_raw_select_union,group_ridge,characteristics_textcore,0,rank_ic,0.07016694869273502,0.0035919679052334778,19.53440301916455,5.59968352553408e-85,0.06312682096485361,0.07720707642061642,2266,2266,0,5,full,select,union,raw,full
ld2_group_ridge_characteristics_textcore_full_raw_select_union,group_ridge,characteristics_textcore,0,ew_spread_bp,22.543471022297812,5.933029912912521,3.799655716084404,0.00014489724466369656,10.914946073790457,34.17199597080517,2266,2266,0,5,full,select,union,raw,full
ld2_group_ridge_characteristics_textcore_full_raw_select_union,group_ridge,characteristics_textcore,0,cap_spread_bp,13.654895340926952,6.6448868396861265,2.054947762146081,0.03988405051725967,0.6311564537979653,26.67863422805594,2266,2266,0,5,full,select,union,raw,full
ld2_ols_characteristics_textcore_pca_raw_fixed504_retain,ols,characteristics_textcore,504,rank_ic,0.06832349472591522,0.00332415897474856,20.553618297116255,7.143512120349212e-94,0.061808262856522446,0.07483872659530798,2266,2266,0,5,pca,fixed504,retain,raw,full
ld2_ols_characteristics_textcore_pca_raw_fixed504_retain,ols,characteristics_textcore,504,ew_spread_bp,26.46999326860289,5.526083886989699,4.790009310376622,1.6677357481236194e-06,15.639067874555971,37.30091866264981,2266,2266,0,5,pca,fixed504,retain,raw,full
ld2_ols_characteristics_textcore_pca_raw_fixed504_retain,ols,characteristics_textcore,504,cap_spread_bp,12.43736365698328,6.241192456750304,1.9927864335494678,0.0462848379344225,0.2048512211696245,24.669876092796933,2266,2266,0,5,pca,fixed504,retain,raw,full
ld2_ols_characteristics_textcore_pca_raw_fixed504_recent,ols,characteristics_textcore,504,rank_ic,0.06869733371709831,0.0033287369090675163,20.637657944659434,1.2602283474942846e-94,0.062173129261316795,0.07522153817287983,2266,2266,0,5,pca,fixed504,recent,raw,full
ld2_ols_characteristics_textcore_pca_raw_fixed504_recent,ols,characteristics_textcore,504,ew_spread_bp,26.80465193562805,5.53017853019843,4.846977686028929,1.2535652095005927e-06,15.965701188362477,37.64360268289363,2266,2266,0,5,pca,fixed504,recent,raw,full
ld2_ols_characteristics_textcore_pca_raw_fixed504_recent,ols,characteristics_textcore,504,cap_spread_bp,11.709013406722326,6.272349081576799,1.8667668610974073,0.0619341521388559,-0.5845648916310857,24.002591705075737,2266,2266,0,5,pca,fixed504,recent,raw,full
ld2_ols_characteristics_textcore_pca_raw_fixed504_union,ols,characteristics_textcore,504,rank_ic,0.06923319997551242,0.0033708423899422033,20.538842214067294,9.684369062363215e-94,0.06262647029366478,0.07583992965736006,2266,2266,0,5,pca,fixed504,union,raw,full
ld2_ols_characteristics_textcore_pca_raw_fixed504_union,ols,characteristics_textcore,504,ew_spread_bp,27.079135551307473,5.547708872596822,4.8811385336145126,1.054751114450625e-06,16.205825964304395,37.95244513831055,2266,2266,0,5,pca,fixed504,union,raw,full
ld2_ols_characteristics_textcore_pca_raw_fixed504_union,ols,characteristics_textcore,504,cap_spread_bp,10.414739593525415,6.335344635923686,1.643910504011114,0.10019469012023108,-2.002307722534031,22.83178690958486,2266,2266,0,5,pca,fixed504,union,raw,full
ld2_ols_characteristics_textcore_pca_raw_select_retain,ols,characteristics_textcore,0,rank_ic,0.06882792293003206,0.0033487755246931843,20.553161124867604,7.211111695996385e-94,0.062264443509324204,0.07539140235073993,2266,2266,0,5,pca,select,retain,raw,full
ld2_ols_characteristics_textcore_pca_raw_select_retain,ols,characteristics_textcore,0,ew_spread_bp,26.46842070145097,5.544798978002234,4.773558213103593,1.8099919918152075e-06,15.600814403052093,37.33602699984985,2266,2266,0,5,pca,select,retain,raw,full
ld2_ols_characteristics_textcore_pca_raw_select_retain,ols,characteristics_textcore,0,cap_spread_bp,9.351888979494282,6.468545232558864,1.4457484091511574,0.14824778110101672,-3.3262267086893598,22.03000466767792,2266,2266,0,5,pca,select,retain,raw,full
ld2_ols_characteristics_textcore_pca_raw_select_recent,ols,characteristics_textcore,0,rank_ic,0.06944714347525112,0.003362549420916851,20.653122016066987,9.151068809614543e-95,0.06285666771401807,0.07603761923648417,2266,2266,0,5,pca,select,recent,raw,full
ld2_ols_characteristics_textcore_pca_raw_select_recent,ols,characteristics_textcore,0,ew_spread_bp,26.734349738297997,5.543271991791679,4.82284646647061,1.4152390666834923e-06,15.869736277876695,37.5989631987193,2266,2266,0,5,pca,select,recent,raw,full
ld2_ols_characteristics_textcore_pca_raw_select_recent,ols,characteristics_textcore,0,cap_spread_bp,10.571331502239182,6.406765780891268,1.6500262166238526,0.09893757410114881,-1.9856986856913377,23.128361690169704,2266,2266,0,5,pca,select,recent,raw,full
ld2_ols_characteristics_textcore_pca_raw_select_union,ols,characteristics_textcore,0,rank_ic,0.06946659266427826,0.0033787103447327207,20.56009115210897,6.251551084245852e-94,0.06284444207440923,0.0760887432541473,2266,2266,0,5,pca,select,union,raw,full
ld2_ols_characteristics_textcore_pca_raw_select_union,ols,characteristics_textcore,0,ew_spread_bp,27.28989791584696,5.543475176255671,4.922886284895365,8.527701072499855e-07,16.424886221194015,38.15490961049991,2266,2266,0,5,pca,select,union,raw,full
ld2_ols_characteristics_textcore_pca_raw_select_union,ols,characteristics_textcore,0,cap_spread_bp,11.455319396004683,6.397699823957505,1.7905371791761593,0.07336759586511185,-1.0839418428502707,23.994580634859638,2266,2266,0,5,pca,select,union,raw,full
ld2_ridge_characteristics_textcore_pca_raw_fixed504_retain,ridge,characteristics_textcore,504,rank_ic,0.06993781047237016,0.0035376647495807823,19.769485076464036,5.452965425953149e-87,0.06300411497381492,0.0768715059709254,2266,2266,0,5,pca,fixed504,retain,raw,full
ld2_ridge_characteristics_textcore_pca_raw_fixed504_retain,ridge,characteristics_textcore,504,ew_spread_bp,24.749693419650367,5.808097307182722,4.261239457721046,2.0329626368141184e-05,13.36603187886816,36.13335496043257,2266,2266,0,5,pca,fixed504,retain,raw,full
ld2_ridge_characteristics_textcore_pca_raw_fixed504_retain,ridge,characteristics_textcore,504,cap_spread_bp,14.543392838249828,6.691809073833699,2.17331257927208,0.029756799365727324,1.4276880621174417,27.659097614382212,2266,2266,0,5,pca,fixed504,retain,raw,full
ld2_ridge_characteristics_textcore_pca_raw_fixed504_recent,ridge,characteristics_textcore,504,rank_ic,0.06993241995833949,0.0035245041312827892,19.841775567131105,1.2979280921939664e-87,0.06302451879766259,0.07684032111901638,2266,2266,0,5,pca,fixed504,recent,raw,full
ld2_ridge_characteristics_textcore_pca_raw_fixed504_recent,ridge,characteristics_textcore,504,ew_spread_bp,25.12749321339395,5.77465918775319,4.351337870585326,1.353093567440497e-05,13.809369182404376,36.44561724438353,2266,2266,0,5,pca,fixed504,recent,raw,full
ld2_ridge_characteristics_textcore_pca_raw_fixed504_recent,ridge,characteristics_textcore,504,cap_spread_bp,12.244060475108466,6.793902058153248,1.8022132745370645,0.07151185697585945,-1.0717428733644478,25.55986382358138,2266,2266,0,5,pca,fixed504,recent,raw,full
ld2_ridge_characteristics_textcore_pca_raw_fixed504_union,ridge,characteristics_textcore,504,rank_ic,0.07029601069793026,0.0035567389493933554,19.764174908006698,6.058074772144799e-87,0.06332493045470845,0.07726709094115207,2266,2266,0,5,pca,fixed504,union,raw,full
ld2_ridge_characteristics_textcore_pca_raw_fixed504_union,ridge,characteristics_textcore,504,ew_spread_bp,25.408358464428105,5.827995731743804,4.359707802467046,1.3023622853614577e-05,13.985696728157091,36.831020200699115,2266,2266,0,5,pca,fixed504,union,raw,full
ld2_ridge_characteristics_textcore_pca_raw_fixed504_union,ridge,characteristics_textcore,504,cap_spread_bp,13.52568418340368,6.732811657771857,2.0089206220094744,0.044545552550020545,0.3296158194794234,26.721752547327938,2266,2266,0,5,pca,fixed504,union,raw,full
ld2_ridge_characteristics_textcore_pca_raw_select_retain,ridge,characteristics_textcore,0,rank_ic,0.07024391148461477,0.0035491361404855833,19.79183347838671,3.5007223868120204e-87,0.06328773247303354,0.077200090496196,2266,2266,0,5,pca,select,retain,raw,full
ld2_ridge_characteristics_textcore_pca_raw_select_retain,ridge,characteristics_textcore,0,ew_spread_bp,24.980324647014267,5.856194677739684,4.265624013827342,1.9934424666346734e-05,13.502393992189338,36.458255301839195,2266,2266,0,5,pca,select,retain,raw,full
ld2_ridge_characteristics_textcore_pca_raw_select_retain,ridge,characteristics_textcore,0,cap_spread_bp,14.810866970214795,6.663124156427282,2.2228111952451255,0.026228533869219285,1.751383599098494,27.870350341331097,2266,2266,0,5,pca,select,retain,raw,full
ld2_ridge_characteristics_textcore_pca_raw_select_recent,ridge,characteristics_textcore,0,rank_ic,0.07034191619357968,0.0035331876831922373,19.908910168628722,3.4064482864007005e-88,0.06341699558390239,0.07726683680325698,2266,2266,0,5,pca,select,recent,raw,full
ld2_ridge_characteristics_textcore_pca_raw_select_recent,ridge,characteristics_textcore,0,ew_spread_bp,24.678179645115268,5.822618576173215,4.238330112520344,2.2518849026439123e-05,13.266056940101876,36.09030235012866,2266,2266,0,5,pca,select,recent,raw,full
ld2_ridge_characteristics_textcore_pca_raw_select_recent,ridge,characteristics_textcore,0,cap_spread_bp,12.627613345303542,6.628430550109678,1.9050683641989126,0.056771185074343776,-0.3638718069364444,25.61909849754353,2266,2266,0,5,pca,select,recent,raw,full
ld2_ridge_characteristics_textcore_pca_raw_select_union,ridge,characteristics_textcore,0,rank_ic,0.07046678000377474,0.0035605167594241097,19.7911664977452,3.5473591357598805e-87,0.06348829538895222,0.07744526461859726,2266,2266,0,5,pca,select,union,raw,full
ld2_ridge_characteristics_textcore_pca_raw_select_union,ridge,characteristics_textcore,0,ew_spread_bp,25.074110796825796,5.849480910377271,4.286553145654868,1.814668037126966e-05,13.609338884231777,36.538882709419816,2266,2266,0,5,pca,select,union,raw,full
ld2_ridge_characteristics_textcore_pca_raw_select_union,ridge,characteristics_textcore,0,cap_spread_bp,13.666947863616247,6.597260280476108,2.071609620142187,0.03830186204278437,0.7365553172464612,26.59734040998603,2266,2266,0,5,pca,select,union,raw,full
ld2_lasso_characteristics_textcore_pca_raw_fixed504_retain,lasso,characteristics_textcore,504,rank_ic,0.06954362425271918,0.0035253373847066775,19.726799640342932,1.2695761420410898e-86,0.06263408994534146,0.07645315856009689,2266,2266,0,5,pca,fixed504,retain,raw,full
ld2_lasso_characteristics_textcore_pca_raw_fixed504_retain,lasso,characteristics_textcore,504,ew_spread_bp,24.679823869587842,5.755012387196966,4.288404995355429,1.79960742023503e-05,13.400206860099908,35.95944087907578,2266,2266,0,5,pca,fixed504,retain,raw,full
ld2_lasso_characteristics_textcore_pca_raw_fixed504_retain,lasso,characteristics_textcore,504,cap_spread_bp,11.945454159758427,6.479071697298758,1.8436984058593924,0.06522710548988422,-0.753293020199937,24.64420133971679,2266,2266,0,5,pca,fixed504,retain,raw,full
ld2_lasso_characteristics_textcore_pca_raw_fixed504_recent,lasso,characteristics_textcore,504,rank_ic,0.06947064382650013,0.003495719889281678,19.873057918486538,6.962928624729558e-88,0.0626191587434677,0.07632212890953256,2266,2266,0,5,pca,fixed504,recent,raw,full
ld2_lasso_characteristics_textcore_pca_raw_fixed504_recent,lasso,characteristics_textcore,504,ew_spread_bp,25.030521368162816,5.708231573147146,4.384987022235088,1.1599269351881657e-05,13.842593069379994,36.21844966694564,2266,2266,0,5,pca,fixed504,recent,raw,full
ld2_lasso_characteristics_textcore_pca_raw_fixed504_recent,lasso,characteristics_textcore,504,cap_spread_bp,14.612846341348046,6.531538842432122,2.2372746597502773,0.025268394348895173,1.8112654465566518,27.41442723613944,2266,2266,0,5,pca,fixed504,recent,raw,full
ld2_lasso_characteristics_textcore_pca_raw_fixed504_union,lasso,characteristics_textcore,504,rank_ic,0.0698910883206452,0.0035438315740246953,19.72189898440082,1.3987689719144509e-86,0.0629453060682809,0.07683687057300949,2266,2266,0,5,pca,fixed504,union,raw,full
ld2_lasso_characteristics_textcore_pca_raw_fixed504_union,lasso,characteristics_textcore,504,ew_spread_bp,25.84190825694436,5.730115968497241,4.509840359081173,6.487642846773744e-06,14.611087331451918,37.0727291824368,2266,2266,0,5,pca,fixed504,union,raw,full
ld2_lasso_characteristics_textcore_pca_raw_fixed504_union,lasso,characteristics_textcore,504,cap_spread_bp,16.256027117637398,6.389786116991826,2.5440643583373,0.010957089413149795,3.7322764594193796,28.779777775855415,2266,2266,0,5,pca,fixed504,union,raw,full
ld2_lasso_characteristics_textcore_pca_raw_select_retain,lasso,characteristics_textcore,0,rank_ic,0.07012140779861621,0.003525540520780546,19.88954810909151,5.01246796537623e-88,0.06321147535184976,0.07703134024538266,2266,2266,0,5,pca,select,retain,raw,full
ld2_lasso_characteristics_textcore_pca_raw_select_retain,lasso,characteristics_textcore,0,ew_spread_bp,24.905712968474383,5.7392463515540735,4.339544156652278,1.4277857637699712e-05,13.656996821025492,36.15442911592327,2266,2266,0,5,pca,select,retain,raw,full
ld2_lasso_characteristics_textcore_pca_raw_select_retain,lasso,characteristics_textcore,0,cap_spread_bp,15.454362748227734,6.404378577015288,2.4130932552444646,0.015817771857997376,2.9020113939178884,28.00671410253758,2266,2266,0,5,pca,select,retain,raw,full
ld2_lasso_characteristics_textcore_pca_raw_select_recent,lasso,characteristics_textcore,0,rank_ic,0.06999682353581436,0.0034992496192417367,20.003381053730656,5.146259251603798e-89,0.06313842030918507,0.07685522676244366,2266,2266,0,5,pca,select,recent,raw,full
ld2_lasso_characteristics_textcore_pca_raw_select_recent,lasso,characteristics_textcore,0,ew_spread_bp,24.13984869840969,5.740545776180438,4.2051487157500755,2.6091054076691128e-05,12.8885857254925,35.39111167132688,2266,2266,0,5,pca,select,recent,raw,full
ld2_lasso_characteristics_textcore_pca_raw_select_recent,lasso,characteristics_textcore,0,cap_spread_bp,13.94003246313758,6.401415639360426,2.1776483903692196,0.029432223962266107,1.3934883599197025,26.48657656635546,2266,2266,0,5,pca,select,recent,raw,full
ld2_lasso_characteristics_textcore_pca_raw_select_union,lasso,characteristics_textcore,0,rank_ic,0.07034320406296916,0.003545858691801354,19.838129541263154,1.3955506210935066e-87,0.0633934487327702,0.07729295939316813,2266,2266,0,5,pca,select,union,raw,full
ld2_lasso_characteristics_textcore_pca_raw_select_union,lasso,characteristics_textcore,0,ew_spread_bp,24.910826713482326,5.794536366727223,4.299019824350858,1.7155512873330415e-05,13.55374412758939,36.26790929937526,2266,2266,0,5,pca,select,union,raw,full
ld2_lasso_characteristics_textcore_pca_raw_select_union,lasso,characteristics_textcore,0,cap_spread_bp,14.999970971215413,6.442079946975592,2.3284360167336255,0.019888963041851074,2.3737262896155524,27.626215652815276,2266,2266,0,5,pca,select,union,raw,full
ld2_enet_characteristics_textcore_pca_raw_fixed504_retain,enet,characteristics_textcore,504,rank_ic,0.0696550598161194,0.003528161612489174,19.74259330115455,9.288609345211496e-87,0.06273999012400386,0.07657012950823494,2266,2266,0,5,pca,fixed504,retain,raw,full
ld2_enet_characteristics_textcore_pca_raw_fixed504_retain,enet,characteristics_textcore,504,ew_spread_bp,24.87964688118872,5.741031823699517,4.333654235895925,1.4665444968151734e-05,13.627431272639361,36.131862489738076,2266,2266,0,5,pca,fixed504,retain,raw,full
ld2_enet_characteristics_textcore_pca_raw_fixed504_retain,enet,characteristics_textcore,504,cap_spread_bp,12.841735031588522,6.416511720594667,2.0013576832363955,0.04535385754447075,0.2656031528438394,25.417866910333203,2266,2266,0,5,pca,fixed504,retain,raw,full
ld2_enet_characteristics_textcore_pca_raw_fixed504_recent,enet,characteristics_textcore,504,rank_ic,0.06957047180948976,0.0035006843119493713,19.873392059951026,6.91672898046524e-88,0.06270925663682461,0.07643168698215491,2266,2266,0,5,pca,fixed504,recent,raw,full
ld2_enet_characteristics_textcore_pca_raw_fixed504_recent,enet,characteristics_textcore,504,ew_spread_bp,24.72162240360851,5.681816298441925,4.3510069852817495,1.3551373452584405e-05,13.585467091889655,35.857777715327366,2266,2266,0,5,pca,fixed504,recent,raw,full
ld2_enet_characteristics_textcore_pca_raw_fixed504_recent,enet,characteristics_textcore,504,cap_spread_bp,15.000037271910323,6.510795379133502,2.303871708206966,0.021229846285568062,2.2391128180988513,27.760961725721792,2266,2266,0,5,pca,fixed504,recent,raw,full
ld2_enet_characteristics_textcore_pca_raw_fixed504_union,enet,characteristics_textcore,504,rank_ic,0.06998040257836836,0.003546910100454195,19.72996230420588,1.1925923269392453e-86,0.0630285865250768,0.07693221863165993,2266,2266,0,5,pca,fixed504,union,raw,full
ld2_enet_characteristics_textcore_pca_raw_fixed504_union,enet,characteristics_textcore,504,ew_spread_bp,25.64034918725911,5.701993028078365,4.49673457350757,6.900504252282033e-06,14.464648212127027,36.81605016239119,2266,2266,0,5,pca,fixed504,union,raw,full
ld2_enet_characteristics_textcore_pca_raw_fixed504_union,enet,characteristics_textcore,504,cap_spread_bp,14.397280175389366,6.447857544211299,2.232878142339672,0.025556981353143982,1.7597116112903404,27.03484873948839,2266,2266,0,5,pca,fixed504,union,raw,full
ld2_enet_characteristics_textcore_pca_raw_select_retain,enet,characteristics_textcore,0,rank_ic,0.0702672327436787,0.003536735682251126,19.867821363159866,7.728501884411534e-88,0.0633353581836288,0.0771991073037286,2266,2266,0,5,pca,select,retain,raw,full
ld2_enet_characteristics_textcore_pca_raw_select_retain,enet,characteristics_textcore,0,ew_spread_bp,25.19888982295023,5.747101480749611,4.384625868771586,1.1618528828236584e-05,13.934777905184177,36.46300174071628,2266,2266,0,5,pca,select,retain,raw,full
ld2_enet_characteristics_textcore_pca_raw_select_retain,enet,characteristics_textcore,0,cap_spread_bp,17.20427010415833,6.44601267015536,2.668978636019913,0.007608228944659756,4.570317426764957,29.8382227815517,2266,2266,0,5,pca,select,retain,raw,full
ld2_enet_characteristics_textcore_pca_raw_select_recent,enet,characteristics_textcore,0,rank_ic,0.07009854797179668,0.003509264138317292,19.975284050692537,9.036835703360608e-89,0.0632205166484568,0.07697657929513656,2266,2266,0,5,pca,select,recent,raw,full
ld2_enet_characteristics_textcore_pca_raw_select_recent,enet,characteristics_textcore,0,ew_spread_bp,24.31588831479934,5.742709551001776,4.234218725297992,2.293476412925845e-05,13.060384421161675,35.571392208437004,2266,2266,0,5,pca,select,recent,raw,full
ld2_enet_characteristics_textcore_pca_raw_select_recent,enet,characteristics_textcore,0,cap_spread_bp,14.765782164734992,6.412792733832665,2.302550975464021,0.02130412019121995,2.1969393661028143,27.33462496336717,2266,2266,0,5,pca,select,recent,raw,full
ld2_enet_characteristics_textcore_pca_raw_select_union,enet,characteristics_textcore,0,rank_ic,0.0704592845743306,0.003555890498810593,19.814807176401654,2.2185627834380188e-87,0.06348986726369367,0.07742870188496752,2266,2266,0,5,pca,select,union,raw,full
ld2_enet_characteristics_textcore_pca_raw_select_union,enet,characteristics_textcore,0,ew_spread_bp,25.175029940270974,5.80615059021724,4.335924387267578,1.451488366210182e-05,13.795183894629206,36.554875985912744,2266,2266,0,5,pca,select,union,raw,full
ld2_enet_characteristics_textcore_pca_raw_select_union,enet,characteristics_textcore,0,cap_spread_bp,15.468283637967147,6.475963122775775,2.388568826707126,0.016914139846297648,2.775629152117089,28.160938123817203,2266,2266,0,5,pca,select,union,raw,full
ld2_group_ridge_characteristics_textcore_pca_raw_fixed504_retain,group_ridge,characteristics_textcore,504,rank_ic,0.07013359917053257,0.003567715520632647,19.657845129450255,4.9532371028829624e-86,0.063141005243008,0.07712619309805713,2266,2266,0,5,pca,fixed504,retain,raw,full
ld2_group_ridge_characteristics_textcore_pca_raw_fixed504_retain,group_ridge,characteristics_textcore,504,ew_spread_bp,24.01325335118155,5.8722196520801955,4.089297535502612,4.326815502193321e-05,12.50391432379604,35.52259237856706,2266,2266,0,5,pca,fixed504,retain,raw,full
ld2_group_ridge_characteristics_textcore_pca_raw_fixed504_retain,group_ridge,characteristics_textcore,504,cap_spread_bp,13.974215747946932,6.749640965300633,2.0703643082331733,0.03841824157314343,0.7451625473815273,27.20326894851234,2266,2266,0,5,pca,fixed504,retain,raw,full
ld2_group_ridge_characteristics_textcore_pca_raw_fixed504_recent,group_ridge,characteristics_textcore,504,rank_ic,0.07006068759246573,0.0035468455781600752,19.75295683123867,7.565587841361943e-87,0.06310899800054684,0.07701237718438461,2266,2266,0,5,pca,fixed504,recent,raw,full
ld2_group_ridge_characteristics_textcore_pca_raw_fixed504_recent,group_ridge,characteristics_textcore,504,ew_spread_bp,24.613406462777487,5.794477370970336,4.247735367142482,2.1594225187086473e-05,13.256439506443291,35.97037341911168,2266,2266,0,5,pca,fixed504,recent,raw,full
ld2_group_ridge_characteristics_textcore_pca_raw_fixed504_recent,group_ridge,characteristics_textcore,504,cap_spread_bp,14.99460410400732,6.589877072245099,2.275399668251903,0.022881965265209737,2.0786823798606697,27.910525828153972,2266,2266,0,5,pca,fixed504,recent,raw,full
ld2_group_ridge_characteristics_textcore_pca_raw_fixed504_union,group_ridge,characteristics_textcore,504,rank_ic,0.07043260975624518,0.003582615911468046,19.65954807792501,4.7897460462070286e-86,0.06341081159932768,0.07745440791316269,2266,2266,0,5,pca,fixed504,union,raw,full
ld2_group_ridge_characteristics_textcore_pca_raw_fixed504_union,group_ridge,characteristics_textcore,504,ew_spread_bp,24.88542351202328,5.864446091986889,4.243439725028154,2.2011951530096564e-05,13.391320382452308,36.37952664159425,2266,2266,0,5,pca,fixed504,union,raw,full
ld2_group_ridge_characteristics_textcore_pca_raw_fixed504_union,group_ridge,characteristics_textcore,504,cap_spread_bp,14.281389975386114,6.777454157628689,2.1071909367783785,0.03510103223182479,0.9978239195626326,27.564956031209597,2266,2266,0,5,pca,fixed504,union,raw,full
ld2_group_ridge_characteristics_textcore_pca_raw_select_retain,group_ridge,characteristics_textcore,0,rank_ic,0.07023962697310261,0.003570168306167052,19.67403801433445,3.59942388819032e-86,0.06324222567426882,0.0772370282719364,2266,2266,0,5,pca,select,retain,raw,full
ld2_group_ridge_characteristics_textcore_pca_raw_select_retain,group_ridge,characteristics_textcore,0,ew_spread_bp,23.170118297034897,5.9342635456041934,3.9044639859647225,9.443445287382425e-05,11.539175472881713,34.801061121188084,2266,2266,0,5,pca,select,retain,raw,full
ld2_group_ridge_characteristics_textcore_pca_raw_select_retain,group_ridge,characteristics_textcore,0,cap_spread_bp,16.6147791834538,6.850726926110574,2.4252578394460484,0.0152975176905027,3.1876011403582822,30.041957226549314,2266,2266,0,5,pca,select,retain,raw,full
ld2_group_ridge_characteristics_textcore_pca_raw_select_recent,group_ridge,characteristics_textcore,0,rank_ic,0.07020731182941077,0.003552677165840509,19.76180456374251,6.349375595830825e-87,0.06324419253566554,0.077170431123156,2266,2266,0,5,pca,select,recent,raw,full
ld2_group_ridge_characteristics_textcore_pca_raw_select_recent,group_ridge,characteristics_textcore,0,ew_spread_bp,23.53729179958424,5.838345438273341,4.031500370855971,5.542190909726236e-05,12.094345011264775,34.9802385879037,2266,2266,0,5,pca,select,recent,raw,full
ld2_group_ridge_characteristics_textcore_pca_raw_select_recent,group_ridge,characteristics_textcore,0,cap_spread_bp,15.465006784162744,6.587151060036051,2.3477534738786003,0.018887017372874487,2.5544279457672445,28.375585622558244,2266,2266,0,5,pca,select,recent,raw,full
ld2_group_ridge_characteristics_textcore_pca_raw_select_union,group_ridge,characteristics_textcore,0,rank_ic,0.07045275120546016,0.003579783475361862,19.680729767695922,3.1542768521368028e-86,0.06343650452129929,0.07746899788962103,2266,2266,0,5,pca,select,union,raw,full
ld2_group_ridge_characteristics_textcore_pca_raw_select_union,group_ridge,characteristics_textcore,0,ew_spread_bp,23.734835480506288,5.866853737006972,4.0455815918490625,5.2193382591069706e-05,12.236013453408397,35.23365750760418,2266,2266,0,5,pca,select,union,raw,full
ld2_group_ridge_characteristics_textcore_pca_raw_select_union,group_ridge,characteristics_textcore,0,cap_spread_bp,14.483130067346465,6.654502462253308,2.1764407105564842,0.029522322476558366,1.4405449062968696,27.52571522839606,2266,2266,0,5,pca,select,union,raw,full
ld2_ols_characteristics_full_raw_fixed504_retain,ols,characteristics,504,rank_ic,0.06437953335172063,0.004493821500634721,14.32623288277638,1.5004153099779e-46,0.055571805057524834,0.07318726164591642,1258,1258,0,5,full,fixed504,retain,raw,2014-2018
ld2_ols_characteristics_full_raw_fixed504_retain,ols,characteristics,504,ew_spread_bp,25.29766814028471,7.018649923506479,3.6043496136713045,0.0003129355821898239,11.541367070117206,39.053969210452216,1258,1258,0,5,full,fixed504,retain,raw,2014-2018
ld2_ols_characteristics_full_raw_fixed504_retain,ols,characteristics,504,cap_spread_bp,14.785444983714433,7.098391455980869,2.082928938957953,0.03725770133658723,0.8728533818250916,28.698036585603774,1258,1258,0,5,full,fixed504,retain,raw,2014-2018
ld2_ols_characteristics_full_raw_fixed504_recent,ols,characteristics,504,rank_ic,0.06440545421534855,0.004425585634978347,14.552978865962823,5.591419954860128e-48,0.055731465760293156,0.07307944267040394,1258,1258,0,5,full,fixed504,recent,raw,2014-2018
ld2_ols_characteristics_full_raw_fixed504_recent,ols,characteristics,504,ew_spread_bp,25.971548748496247,7.047783492185531,3.6850662023447627,0.0002286432016936065,12.158146932976676,39.784950564015816,1258,1258,0,5,full,fixed504,recent,raw,2014-2018
ld2_ols_characteristics_full_raw_fixed504_recent,ols,characteristics,504,cap_spread_bp,13.476690162225406,7.142204035175495,1.8869091523922368,0.05917254588710053,-0.5217725169552097,27.47515284140602,1258,1258,0,5,full,fixed504,recent,raw,2014-2018
ld2_ols_characteristics_full_raw_fixed504_union,ols,characteristics,504,rank_ic,0.06475858304743276,0.004504797441396467,14.375470571071425,7.376695784963088e-47,0.0559293423046475,0.07358782379021803,1258,1258,0,5,full,fixed504,union,raw,2014-2018
ld2_ols_characteristics_full_raw_fixed504_union,ols,characteristics,504,ew_spread_bp,25.989616914040464,7.158466433293958,3.6306123883130903,0.0002827495483973364,11.959280520245409,40.01995330783552,1258,1258,0,5,full,fixed504,union,raw,2014-2018
ld2_ols_characteristics_full_raw_fixed504_union,ols,characteristics,504,cap_spread_bp,14.070834199711644,7.162186021630553,1.9646004944881703,0.04946049470314532,0.03320754673954873,28.10846085268374,1258,1258,0,5,full,fixed504,union,raw,2014-2018
ld2_ols_characteristics_full_raw_select_retain,ols,characteristics,0,rank_ic,0.06490036073570071,0.004465504559162992,14.533712792326774,7.409322006539377e-48,0.056148132626941835,0.07365258884445959,1258,1258,0,5,full,select,retain,raw,2014-2018
ld2_ols_characteristics_full_raw_select_retain,ols,characteristics,0,ew_spread_bp,26.617543639684925,7.01496772908887,3.7943928849893815,0.00014800515864081125,12.86845953796001,40.36662774140984,1258,1258,0,5,full,select,retain,raw,2014-2018
ld2_ols_characteristics_full_raw_select_retain,ols,characteristics,0,cap_spread_bp,10.386211903604792,6.785169345130461,1.5307225767413906,0.12583797154734064,-2.912475641856135,23.684899449065718,1258,1258,0,5,full,select,retain,raw,2014-2018
ld2_ols_characteristics_full_raw_select_recent,ols,characteristics,0,rank_ic,0.06471509985008661,0.004460555199294253,14.508306019915594,1.0733872124355359e-47,0.05597257230841699,0.07345762739175624,1258,1258,0,5,full,select,recent,raw,2014-2018
ld2_ols_characteristics_full_raw_select_recent,ols,characteristics,0,ew_spread_bp,27.43895039156319,7.108781735109745,3.8598667695822266,0.00011344886202349523,13.505994216791935,41.371906566334445,1258,1258,0,5,full,select,recent,raw,2014-2018
ld2_ols_characteristics_full_raw_select_recent,ols,characteristics,0,cap_spread_bp,15.649482251989145,7.186101293197148,2.1777430644908957,0.029425170842742238,1.564982528066027,29.733981975912265,1258,1258,0,5,full,select,recent,raw,2014-2018
ld2_ols_characteristics_full_raw_select_union,ols,characteristics,0,rank_ic,0.06506040519535042,0.004473829820401937,14.542440773821227,6.522489125055317e-48,0.05629185987440132,0.07382895051629951,1258,1258,0,5,full,select,union,raw,2014-2018
ld2_ols_characteristics_full_raw_select_union,ols,characteristics,0,ew_spread_bp,26.718924238409496,7.11407491135307,3.755783369074428,0.0001728001180795206,12.775593628837502,40.66225484798149,1258,1258,0,5,full,select,union,raw,2014-2018
ld2_ols_characteristics_full_raw_select_union,ols,characteristics,0,cap_spread_bp,11.527347673475292,7.0120215960100545,1.6439406975064832,0.10018845255778103,-2.215962113521483,25.270657460472066,1258,1258,0,5,full,select,union,raw,2014-2018
ld2_ridge_characteristics_full_raw_fixed504_retain,ridge,characteristics,504,rank_ic,0.06518604493933469,0.004630172991852848,14.078533362367807,5.146684200438554e-45,0.05611107263311304,0.07426101724555634,1258,1258,0,5,full,fixed504,retain,raw,2014-2018
ld2_ridge_characteristics_full_raw_fixed504_retain,ridge,characteristics,504,ew_spread_bp,25.250634687809697,7.244388412275247,3.485544017080004,0.0004911374125004634,11.051894309730908,39.44937506588849,1258,1258,0,5,full,fixed504,retain,raw,2014-2018
ld2_ridge_characteristics_full_raw_fixed504_retain,ridge,characteristics,504,cap_spread_bp,19.51668778431418,7.158916969814996,2.726206752586284,0.006406685339343567,5.485468355164169,33.547907213464185,1258,1258,0,5,full,fixed504,retain,raw,2014-2018
ld2_ridge_characteristics_full_raw_fixed504_recent,ridge,characteristics,504,rank_ic,0.06508062652823315,0.0045628377615867044,14.26319100716868,3.7109036199770886e-46,0.056137628848223854,0.07402362420824245,1258,1258,0,5,full,fixed504,recent,raw,2014-2018
ld2_ridge_characteristics_full_raw_fixed504_recent,ridge,characteristics,504,ew_spread_bp,24.496024826234645,7.124264063615308,3.438393721442688,0.0005851761905926895,10.532723845195669,38.45932580727362,1258,1258,0,5,full,fixed504,recent,raw,2014-2018
ld2_ridge_characteristics_full_raw_fixed504_recent,ridge,characteristics,504,cap_spread_bp,17.717258887214037,7.215564887917292,2.4554222936699226,0.014071917231554659,3.575011578784352,31.85950619564372,1258,1258,0,5,full,fixed504,recent,raw,2014-2018
ld2_ridge_characteristics_full_raw_fixed504_union,ridge,characteristics,504,rank_ic,0.06525846641069358,0.004622965630512878,14.116147864039759,3.0205720109477383e-45,0.056197620273121834,0.07431931254826532,1258,1258,0,5,full,fixed504,union,raw,2014-2018
ld2_ridge_characteristics_full_raw_fixed504_union,ridge,characteristics,504,ew_spread_bp,24.879646202397595,7.305339266462926,3.4056797767920415,0.0006599954342045549,10.561444345284002,39.19784805951119,1258,1258,0,5,full,fixed504,union,raw,2014-2018
ld2_ridge_characteristics_full_raw_fixed504_union,ridge,characteristics,504,cap_spread_bp,18.31064096209788,7.306411137147277,2.5061060236540573,0.012206901042067076,3.9903382770468774,32.63094364714888,1258,1258,0,5,full,fixed504,union,raw,2014-2018
ld2_ridge_characteristics_full_raw_select_retain,ridge,characteristics,0,rank_ic,0.0651450076909183,0.004587470816805503,14.200636972396522,9.078346098995307e-46,0.05615373010985097,0.07413628527198562,1258,1258,0,5,full,select,retain,raw,2014-2018
ld2_ridge_characteristics_full_raw_select_retain,ridge,characteristics,0,ew_spread_bp,24.36552372742885,7.208802456666672,3.379968292083758,0.0007249419265255579,10.236530540698311,38.49451691415939,1258,1258,0,5,full,select,retain,raw,2014-2018
ld2_ridge_characteristics_full_raw_select_retain,ridge,characteristics,0,cap_spread_bp,15.54528663092561,7.440832233606731,2.089186551030526,0.03669093359594446,0.9615234380516906,30.129049823799527,1258,1258,0,5,full,select,retain,raw,2014-2018
ld2_ridge_characteristics_full_raw_select_recent,ridge,characteristics,0,rank_ic,0.06478565879359502,0.004565405452942405,14.190559734807485,1.0481873725994811e-45,0.05583762853100513,0.07373368905618491,1258,1258,0,5,full,select,recent,raw,2014-2018
ld2_ridge_characteristics_full_raw_select_recent,ridge,characteristics,0,ew_spread_bp,25.327376493715455,7.118182948887224,3.5581238464339906,0.00037351320454857297,11.37599427852938,39.278758708901535,1258,1258,0,5,full,select,recent,raw,2014-2018
ld2_ridge_characteristics_full_raw_select_recent,ridge,characteristics,0,cap_spread_bp,19.715600282344237,7.2820923569770155,2.7074087111041107,0.0067810717459254105,5.442961530574893,33.98823903411358,1258,1258,0,5,full,select,recent,raw,2014-2018
ld2_ridge_characteristics_full_raw_select_union,ridge,characteristics,0,rank_ic,0.06508220898804608,0.004580676512375624,14.207990634617687,8.173732062648577e-46,0.05610424799896131,0.07406016997713084,1258,1258,0,5,full,select,union,raw,2014-2018
ld2_ridge_characteristics_full_raw_select_union,ridge,characteristics,0,ew_spread_bp,24.573378921263114,7.254618334776452,3.387273842300669,0.0007059088989766511,10.354588263517329,38.7921695790089,1258,1258,0,5,full,select,union,raw,2014-2018
ld2_ridge_characteristics_full_raw_select_union,ridge,characteristics,0,cap_spread_bp,17.608718390430553,7.295840304880081,2.4135284839845434,0.015798892942052868,3.3091341559098666,31.90830262495124,1258,1258,0,5,full,select,union,raw,2014-2018
ld2_lasso_characteristics_full_raw_fixed504_retain,lasso,characteristics,504,rank_ic,0.06495608678690999,0.004615251577725953,14.074224490903147,5.470166540940528e-45,0.05591035991497546,0.07400181365884452,1258,1258,0,5,full,fixed504,retain,raw,2014-2018
ld2_lasso_characteristics_full_raw_fixed504_retain,lasso,characteristics,504,ew_spread_bp,24.975658820632123,7.249648360796463,3.4450855514167644,0.0005708786766001278,10.766609132891217,39.18470850837303,1258,1258,0,5,full,fixed504,retain,raw,2014-2018
ld2_lasso_characteristics_full_raw_fixed504_retain,lasso,characteristics,504,cap_spread_bp,18.31197350025915,7.313911617483619,2.5037181822767853,0.012289588061172267,3.9769701438821645,32.64697685663614,1258,1258,0,5,full,fixed504,retain,raw,2014-2018
ld2_lasso_characteristics_full_raw_fixed504_recent,lasso,characteristics,504,rank_ic,0.06471582189316626,0.00454640133950919,14.234515842403104,5.594907067968709e-46,0.055805039008463585,0.07362660477786892,1258,1258,0,5,full,fixed504,recent,raw,2014-2018
ld2_lasso_characteristics_full_raw_fixed504_recent,lasso,characteristics,504,ew_spread_bp,25.52436763957314,7.213679804221647,3.538328333430542,0.00040266901592558705,11.385815027294763,39.66292025185152,1258,1258,0,5,full,fixed504,recent,raw,2014-2018
ld2_lasso_characteristics_full_raw_fixed504_recent,lasso,characteristics,504,cap_spread_bp,17.08141158086147,7.492653199929015,2.279754731077544,0.02262223924121257,2.3960811603518106,31.766742001371128,1258,1258,0,5,full,fixed504,recent,raw,2014-2018
ld2_lasso_characteristics_full_raw_fixed504_union,lasso,characteristics,504,rank_ic,0.06497441926432132,0.004609617789625641,14.095402749128592,4.053288021301579e-45,0.05593973441415993,0.07400910411448271,1258,1258,0,5,full,fixed504,union,raw,2014-2018
ld2_lasso_characteristics_full_raw_fixed504_union,lasso,characteristics,504,ew_spread_bp,25.244089200750366,7.317738328019315,3.449711928628522,0.0005611850492147486,10.901585629544156,39.586592771956575,1258,1258,0,5,full,fixed504,union,raw,2014-2018
ld2_lasso_characteristics_full_raw_fixed504_union,lasso,characteristics,504,cap_spread_bp,17.551721607718367,7.489542661501768,2.3434971133736724,0.0191039100746047,2.8724877304986407,32.23095548493809,1258,1258,0,5,full,fixed504,union,raw,2014-2018
ld2_lasso_characteristics_full_raw_select_retain,lasso,characteristics,0,rank_ic,0.06491744873264317,0.004580038884248933,14.173995106438664,1.3272951653936398e-45,0.05594073747172225,0.07389415999356409,1258,1258,0,5,full,select,retain,raw,2014-2018
ld2_lasso_characteristics_full_raw_select_retain,lasso,characteristics,0,ew_spread_bp,26.23281414211975,7.103364632076026,3.693012466748868,0.00022161315445133324,12.310475294195127,40.15515299004437,1258,1258,0,5,full,select,retain,raw,2014-2018
ld2_lasso_characteristics_full_raw_select_retain,lasso,characteristics,0,cap_spread_bp,15.84407453624207,6.970729833736992,2.2729434240242385,0.023029589532472458,2.1816951161586875,29.50645395632545,1258,1258,0,5,full,select,retain,raw,2014-2018
ld2_lasso_characteristics_full_raw_select_recent,lasso,characteristics,0,rank_ic,0.06450404191299443,0.0045657818689468525,14.127709944205677,2.5634567144518523e-45,0.05555527388859262,0.07345280993739624,1258,1258,0,5,full,select,recent,raw,2014-2018
ld2_lasso_characteristics_full_raw_select_recent,lasso,characteristics,0,ew_spread_bp,25.218729111843103,7.272120830113143,3.467864423733831,0.0005246118891513611,10.965634193597822,39.471824030088385,1258,1258,0,5,full,select,recent,raw,2014-2018
ld2_lasso_characteristics_full_raw_select_recent,lasso,characteristics,0,cap_spread_bp,15.012059239685325,7.223075929584808,2.078347145458879,0.03767739707738254,0.8550905601009298,29.16902791926972,1258,1258,0,5,full,select,recent,raw,2014-2018
ld2_lasso_characteristics_full_raw_select_union,lasso,characteristics,0,rank_ic,0.06478261387956309,0.004586846730421909,14.123561934149091,2.7189361587022427e-45,0.05579255948533085,0.07377266827379533,1258,1258,0,5,full,select,union,raw,2014-2018
ld2_lasso_characteristics_full_raw_select_union,lasso,characteristics,0,ew_spread_bp,25.584672107063938,7.222274471423203,3.542467432980609,0.0003964023664460859,11.429274256611404,39.74006995751647,1258,1258,0,5,full,select,union,raw,2014-2018
ld2_lasso_characteristics_full_raw_select_union,lasso,characteristics,0,cap_spread_bp,16.748099300900414,7.153009166635586,2.3414061006688005,0.019211257814938893,2.728458953209799,30.76773964859103,1258,1258,0,5,full,select,union,raw,2014-2018
ld2_enet_characteristics_full_raw_fixed504_retain,enet,characteristics,504,rank_ic,0.06467444843811919,0.004632210170736607,13.961898543958933,2.662457143657249e-44,0.055595483334655305,0.07375341354158307,1258,1258,0,5,full,fixed504,retain,raw,2014-2018
ld2_enet_characteristics_full_raw_fixed504_retain,enet,characteristics,504,ew_spread_bp,25.18317681300929,7.2398462112694135,3.478413225657972,0.0005043917142751647,10.993338985312477,39.3730146407061,1258,1258,0,5,full,fixed504,retain,raw,2014-2018
ld2_enet_characteristics_full_raw_fixed504_retain,enet,characteristics,504,cap_spread_bp,19.358631069363568,7.417346664081118,2.6099132137248935,0.009056519533479263,4.820898746916262,33.89636339181087,1258,1258,0,5,full,fixed504,retain,raw,2014-2018
ld2_enet_characteristics_full_raw_fixed504_recent,enet,characteristics,504,rank_ic,0.06441860229999324,0.004562657346065583,14.118658802099601,2.9148611221782614e-45,0.055475958227907594,0.07336124637207889,1258,1258,0,5,full,fixed504,recent,raw,2014-2018
ld2_enet_characteristics_full_raw_fixed504_recent,enet,characteristics,504,ew_spread_bp,25.403750681993984,7.212575521180488,3.5221469234385405,0.00042806683158428706,11.267362424705016,39.540138939282954,1258,1258,0,5,full,fixed504,recent,raw,2014-2018
ld2_enet_characteristics_full_raw_fixed504_recent,enet,characteristics,504,cap_spread_bp,17.878622919722343,7.622829151690925,2.3454051722720872,0.019006412698136257,2.9381523221061165,32.81909351733857,1258,1258,0,5,full,fixed504,recent,raw,2014-2018
ld2_enet_characteristics_full_raw_fixed504_union,enet,characteristics,504,rank_ic,0.06459790642863544,0.0046269551124678504,13.961213121469264,2.6881886467528425e-44,0.05552924105011498,0.07366657180715591,1258,1258,0,5,full,fixed504,union,raw,2014-2018
ld2_enet_characteristics_full_raw_fixed504_union,enet,characteristics,504,ew_spread_bp,25.00122501230304,7.30643432893183,3.4218093103641314,0.0006220592464322062,10.680876872189573,39.321573152416505,1258,1258,0,5,full,fixed504,union,raw,2014-2018
ld2_enet_characteristics_full_raw_fixed504_union,enet,characteristics,504,cap_spread_bp,18.201338552573368,7.579099671586625,2.4015172436389216,0.016327239534698387,3.346576161024233,33.056100944122505,1258,1258,0,5,full,fixed504,union,raw,2014-2018
ld2_enet_characteristics_full_raw_select_retain,enet,characteristics,0,rank_ic,0.06513485777372914,0.004598861531336629,14.163256999564002,1.5465673965036138e-45,0.056121254802422624,0.07414846074503566,1258,1258,0,5,full,select,retain,raw,2014-2018
ld2_enet_characteristics_full_raw_select_retain,enet,characteristics,0,ew_spread_bp,26.55271960746625,7.153083036705582,3.7120664573880506,0.00020557399026966173,12.532934477098909,40.5725047378336,1258,1258,0,5,full,select,retain,raw,2014-2018
ld2_enet_characteristics_full_raw_select_retain,enet,characteristics,0,cap_spread_bp,16.474874937601122,6.992689946423935,2.3560139322388203,0.018472224866444408,2.7694544875548885,30.180295387647355,1258,1258,0,5,full,select,retain,raw,2014-2018
ld2_enet_characteristics_full_raw_select_recent,enet,characteristics,0,rank_ic,0.06484193635289688,0.004592327795979978,14.119622821711044,2.875260959009563e-45,0.05584113926757392,0.07384273343821984,1258,1258,0,5,full,select,recent,raw,2014-2018
ld2_enet_characteristics_full_raw_select_recent,enet,characteristics,0,ew_spread_bp,25.724407019228533,7.2992832352059045,3.5242374066476234,0.00042470354135968713,11.418074765267951,40.03073927318911,1258,1258,0,5,full,select,recent,raw,2014-2018
ld2_enet_characteristics_full_raw_select_recent,enet,characteristics,0,cap_spread_bp,16.238488601264606,7.279515034305693,2.2307102224170903,0.02570033006646149,1.9709013091075906,30.506075893421624,1258,1258,0,5,full,select,recent,raw,2014-2018
ld2_enet_characteristics_full_raw_select_union,enet,characteristics,0,rank_ic,0.06495308384530078,0.0046040047202527265,14.10795335625445,3.392823663692734e-45,0.05592940040895303,0.07397676728164854,1258,1258,0,5,full,select,union,raw,2014-2018
ld2_enet_characteristics_full_raw_select_union,enet,characteristics,0,ew_spread_bp,25.975982308993864,7.226055550612418,3.5947664845715672,0.0003246826630367473,11.813173679507774,40.13879093847996,1258,1258,0,5,full,select,union,raw,2014-2018
ld2_enet_characteristics_full_raw_select_union,enet,characteristics,0,cap_spread_bp,16.23331851808735,7.176314790542176,2.262068901921861,0.023693146603238287,2.1679999869025846,30.298637049272116,1258,1258,0,5,full,select,union,raw,2014-2018
ld2_ols_characteristics_core_full_raw_fixed504_retain,ols,characteristics_core,504,rank_ic,0.06507097141447594,0.004421092475718099,14.718301363715932,4.918604616822532e-49,0.05640578938974745,0.07373615343920445,1258,1258,0,5,full,fixed504,retain,raw,2014-2018
ld2_ols_characteristics_core_full_raw_fixed504_retain,ols,characteristics_core,504,ew_spread_bp,27.70904418957236,7.0720515332427,3.9181055255782504,8.924763652544628e-05,13.848077887605399,41.57001049153932,1258,1258,0,5,full,fixed504,retain,raw,2014-2018
ld2_ols_characteristics_core_full_raw_fixed504_retain,ols,characteristics_core,504,cap_spread_bp,15.760294990583368,7.056346949735833,2.2334920749855396,0.025516512360383044,1.9301091066820693,29.59048087448467,1258,1258,0,5,full,fixed504,retain,raw,2014-2018
ld2_ols_characteristics_core_full_raw_fixed504_recent,ols,characteristics_core,504,rank_ic,0.06509741458938927,0.004348138315622157,14.971330225513938,1.1303746202033524e-50,0.056575220090971184,0.07361960908780735,1258,1258,0,5,full,fixed504,recent,raw,2014-2018
ld2_ols_characteristics_core_full_raw_fixed504_recent,ols,characteristics_core,504,ew_spread_bp,26.245033681132828,7.139274466033016,3.676148578682681,0.00023678165071407326,12.25231285196169,40.237754510303965,1258,1258,0,5,full,fixed504,recent,raw,2014-2018
ld2_ols_characteristics_core_full_raw_fixed504_recent,ols,characteristics_core,504,cap_spread_bp,13.840609851818112,7.1400430123557985,1.9384490860723143,0.05256845673489163,-0.15361730046612898,27.834837004102354,1258,1258,0,5,full,fixed504,recent,raw,2014-2018
ld2_ols_characteristics_core_full_raw_fixed504_union,ols,characteristics_core,504,rank_ic,0.06559867794450443,0.004436121789425438,14.787393371587461,1.7666406419022348e-49,0.05690403900619719,0.07429331688281166,1258,1258,0,5,full,fixed504,union,raw,2014-2018
ld2_ols_characteristics_core_full_raw_fixed504_union,ols,characteristics_core,504,ew_spread_bp,26.636398342189064,7.153201921659163,3.723702844391513,0.00019632198670644025,12.6163802015944,40.656416482783726,1258,1258,0,5,full,fixed504,union,raw,2014-2018
ld2_ols_characteristics_core_full_raw_fixed504_union,ols,characteristics_core,504,cap_spread_bp,14.392888870610891,7.040064334535814,2.0444257590097554,0.0409115047331349,0.5946163260757533,28.191161415146027,1258,1258,0,5,full,fixed504,union,raw,2014-2018
ld2_ols_characteristics_core_full_raw_select_retain,ols,characteristics_core,0,rank_ic,0.06549325041206337,0.004400662871163861,14.882587539531768,4.27635266468355e-50,0.05686810967647958,0.07411839114764716,1258,1258,0,5,full,select,retain,raw,2014-2018
ld2_ols_characteristics_core_full_raw_select_retain,ols,characteristics_core,0,ew_spread_bp,28.18456380201241,7.016676695239853,4.016796701083998,5.899457538914026e-05,14.43213018818077,41.93699741584405,1258,1258,0,5,full,select,retain,raw,2014-2018
ld2_ols_characteristics_core_full_raw_select_retain,ols,characteristics_core,0,cap_spread_bp,14.746240180128455,6.996481366480734,2.1076651830698565,0.03505996095753512,1.0333886833206325,28.459091676936275,1258,1258,0,5,full,select,retain,raw,2014-2018
ld2_ols_characteristics_core_full_raw_select_recent,ols,characteristics_core,0,rank_ic,0.06554127863381623,0.004385648677667642,14.944489048464348,1.6918384112916378e-50,0.05694556517674194,0.07413699209089052,1258,1258,0,5,full,select,recent,raw,2014-2018
ld2_ols_characteristics_core_full_raw_select_recent,ols,characteristics_core,0,ew_spread_bp,27.60869553173441,7.196461814220219,3.836426322332398,0.00012483762479842378,13.503889559745003,41.71350150372381,1258,1258,0,5,full,select,recent,raw,2014-2018
ld2_ols_characteristics_core_full_raw_select_recent,ols,characteristics_core,0,cap_spread_bp,16.055077118173397,7.0283590805148926,2.2843279539720407,0.022352264221948446,2.279746449949158,29.830407786397636,1258,1258,0,5,full,select,recent,raw,2014-2018
ld2_ols_characteristics_core_full_raw_select_union,ols,characteristics_core,0,rank_ic,0.06584844380798721,0.004412365416775762,14.923615246740942,2.313893650241123e-50,0.05720036650447665,0.07449652111149777,1258,1258,0,5,full,select,union,raw,2014-2018
ld2_ols_characteristics_core_full_raw_select_union,ols,characteristics_core,0,ew_spread_bp,26.888357407136173,7.145143311709986,3.763165584526423,0.00016777603297674022,12.884133851807352,40.89258096246499,1258,1258,0,5,full,select,union,raw,2014-2018
ld2_ols_characteristics_core_full_raw_select_union,ols,characteristics_core,0,cap_spread_bp,13.36594255659804,6.978842549447747,1.9152090711167742,0.05546584611354869,-0.31233749409523703,27.044222607291317,1258,1258,0,5,full,select,union,raw,2014-2018
ld2_ridge_characteristics_core_full_raw_fixed504_retain,ridge,characteristics_core,504,rank_ic,0.06582089674710453,0.004575672713425295,14.384966073727721,6.430963243618362e-47,0.05685274302374829,0.07478905047046078,1258,1258,0,5,full,fixed504,retain,raw,2014-2018
ld2_ridge_characteristics_core_full_raw_fixed504_retain,ridge,characteristics_core,504,ew_spread_bp,27.33857275547851,7.308871895185207,3.740464075377771,0.00018368079933861817,13.013447073298495,41.663698437658525,1258,1258,0,5,full,fixed504,retain,raw,2014-2018
ld2_ridge_characteristics_core_full_raw_fixed504_retain,ridge,characteristics_core,504,cap_spread_bp,17.233141295148634,7.641047139589273,2.255337649451403,0.024112143140311373,2.2569640973808607,32.20931849291641,1258,1258,0,5,full,fixed504,retain,raw,2014-2018
ld2_ridge_characteristics_core_full_raw_fixed504_recent,ridge,characteristics_core,504,rank_ic,0.06568136954758133,0.004503915077473989,14.583172288501183,3.594193842292561e-48,0.05685385820630538,0.07450888088885728,1258,1258,0,5,full,fixed504,recent,raw,2014-2018
ld2_ridge_characteristics_core_full_raw_fixed504_recent,ridge,characteristics_core,504,ew_spread_bp,26.78607683476179,7.224267594701505,3.7077913412852403,0.0002090748153837841,12.626772534467035,40.94538113505654,1258,1258,0,5,full,fixed504,recent,raw,2014-2018
ld2_ridge_characteristics_core_full_raw_fixed504_recent,ridge,characteristics_core,504,cap_spread_bp,16.87388956264374,7.533310176273476,2.239903729941835,0.02509717344913504,2.10887293277864,31.63890619250884,1258,1258,0,5,full,fixed504,recent,raw,2014-2018
ld2_ridge_characteristics_core_full_raw_fixed504_union,ridge,characteristics_core,504,rank_ic,0.06593508512819438,0.004565082169078239,14.443351222636961,2.7608512894903354e-47,0.05698768849033504,0.07488248176605372,1258,1258,0,5,full,fixed504,union,raw,2014-2018
ld2_ridge_characteristics_core_full_raw_fixed504_union,ridge,characteristics_core,504,ew_spread_bp,27.58574363365392,7.333897942406576,3.761402715211744,0.00016896313776487376,13.211567800244623,41.959919467063216,1258,1258,0,5,full,fixed504,union,raw,2014-2018
ld2_ridge_characteristics_core_full_raw_fixed504_union,ridge,characteristics_core,504,cap_spread_bp,17.61483396345636,7.683612478319419,2.2925198288122313,0.021875664677120012,2.555230234787752,32.67443769212497,1258,1258,0,5,full,fixed504,union,raw,2014-2018
ld2_ridge_characteristics_core_full_raw_select_retain,ridge,characteristics_core,0,rank_ic,0.06585931882077939,0.0045420021498442644,14.500063330669617,1.2103817106575907e-47,0.05695715818938113,0.07476147945217765,1258,1258,0,5,full,select,retain,raw,2014-2018
ld2_ridge_characteristics_core_full_raw_select_retain,ridge,characteristics_core,0,ew_spread_bp,27.358733404394012,7.284169878341998,3.755916440902849,0.0001727083147352098,13.08202278557219,41.63544402321583,1258,1258,0,5,full,select,retain,raw,2014-2018
ld2_ridge_characteristics_core_full_raw_select_retain,ridge,characteristics_core,0,cap_spread_bp,17.16499192061233,7.5489259396370345,2.2738323382515064,0.02297606911028821,2.369368956963557,31.960614884261105,1258,1258,0,5,full,select,retain,raw,2014-2018
ld2_ridge_characteristics_core_full_raw_select_recent,ridge,characteristics_core,0,rank_ic,0.06559018455158476,0.004491475157235156,14.603261123670668,2.6772631072162633e-48,0.056787055005947475,0.07439331409722204,1258,1258,0,5,full,select,recent,raw,2014-2018
ld2_ridge_characteristics_core_full_raw_select_recent,ridge,characteristics_core,0,ew_spread_bp,26.456050862539186,7.245781843013379,3.6512348060891426,0.0002609824952823595,12.254579410398707,40.65752231467967,1258,1258,0,5,full,select,recent,raw,2014-2018
ld2_ridge_characteristics_core_full_raw_select_recent,ridge,characteristics_core,0,cap_spread_bp,17.275968764984224,7.088011399897211,2.4373505896498355,0.014795327017073987,3.383721699176359,31.16821583079209,1258,1258,0,5,full,select,recent,raw,2014-2018
ld2_ridge_characteristics_core_full_raw_select_union,ridge,characteristics_core,0,rank_ic,0.06591498162782214,0.004533858262224313,14.538386031389567,6.920513585857763e-48,0.057028782722853125,0.07480118053279115,1258,1258,0,5,full,select,union,raw,2014-2018
ld2_ridge_characteristics_core_full_raw_select_union,ridge,characteristics_core,0,ew_spread_bp,26.612299604730982,7.340900372503671,3.625209205182913,0.00028872762330345026,12.22439926052712,41.00019994893484,1258,1258,0,5,full,select,union,raw,2014-2018
ld2_ridge_characteristics_core_full_raw_select_union,ridge,characteristics_core,0,cap_spread_bp,15.355457286307896,7.410784152578114,2.0720421712681962,0.03826150855086287,0.8305872500546077,29.880327322561186,1258,1258,0,5,full,select,union,raw,2014-2018
ld2_lasso_characteristics_core_full_raw_fixed504_retain,lasso,characteristics_core,504,rank_ic,0.06573645141854745,0.004575517001931388,14.366999705344599,8.336525088495969e-47,0.056768602884111244,0.07470429995298365,1258,1258,0,5,full,fixed504,retain,raw,2014-2018
ld2_lasso_characteristics_core_full_raw_fixed504_retain,lasso,characteristics_core,504,ew_spread_bp,27.35573566880283,7.349478405035125,3.722132940762357,0.00019754696198656202,12.951022689779105,41.76044864782655,1258,1258,0,5,full,fixed504,retain,raw,2014-2018
ld2_lasso_characteristics_core_full_raw_fixed504_retain,lasso,characteristics_core,504,cap_spread_bp,19.01004897472958,7.640041331620675,2.4882128446152003,0.012838687043990587,4.0358431243556225,33.98425482510354,1258,1258,0,5,full,fixed504,retain,raw,2014-2018
ld2_lasso_characteristics_core_full_raw_fixed504_recent,lasso,characteristics_core,504,rank_ic,0.06549176143141053,0.004488292209197793,14.59168841484946,3.172477680659347e-48,0.05669487034929114,0.07428865251352992,1258,1258,0,5,full,fixed504,recent,raw,2014-2018
ld2_lasso_characteristics_core_full_raw_fixed504_recent,lasso,characteristics_core,504,ew_spread_bp,25.59208248862919,7.22368939501638,3.542799404731488,0.0003959037246039772,11.433911438893155,39.75025353836523,1258,1258,0,5,full,fixed504,recent,raw,2014-2018
ld2_lasso_characteristics_core_full_raw_fixed504_recent,lasso,characteristics_core,504,cap_spread_bp,16.70511832203452,7.827365862554865,2.134194135724472,0.03282689254950285,1.3637631376086876,32.04647350646035,1258,1258,0,5,full,fixed504,recent,raw,2014-2018
ld2_lasso_characteristics_core_full_raw_fixed504_union,lasso,characteristics_core,504,rank_ic,0.06589682709689151,0.0045656955428918025,14.433031392004303,3.206714266790696e-47,0.05694822826844853,0.0748454259253345,1258,1258,0,5,full,fixed504,union,raw,2014-2018
ld2_lasso_characteristics_core_full_raw_fixed504_union,lasso,characteristics_core,504,ew_spread_bp,27.094579733942677,7.337341555826182,3.6926970794249523,0.00022188826617261645,12.713654542254273,41.47550492563108,1258,1258,0,5,full,fixed504,union,raw,2014-2018
ld2_lasso_characteristics_core_full_raw_fixed504_union,lasso,characteristics_core,504,cap_spread_bp,19.994172214921342,7.571907699323244,2.6405726283098203,0.008276605069377942,5.153505829986242,34.83483859985644,1258,1258,0,5,full,fixed504,union,raw,2014-2018
ld2_lasso_characteristics_core_full_raw_select_retain,lasso,characteristics_core,0,rank_ic,0.06558167732963828,0.0045400975212391784,14.444993091632613,2.695843187257529e-47,0.05668324970170992,0.07448010495756664,1258,1258,0,5,full,select,retain,raw,2014-2018
ld2_lasso_characteristics_core_full_raw_select_retain,lasso,characteristics_core,0,ew_spread_bp,28.006440587732587,7.1745537361450795,3.903579458418075,9.478041359423702e-05,13.944573659740946,42.06830751572423,1258,1258,0,5,full,select,retain,raw,2014-2018
ld2_lasso_characteristics_core_full_raw_select_retain,lasso,characteristics_core,0,cap_spread_bp,15.834583787227144,7.365237847143212,2.1499080024101294,0.03156249251890733,1.398982869255125,30.270184705199163,1258,1258,0,5,full,select,retain,raw,2014-2018
ld2_lasso_characteristics_core_full_raw_select_recent,lasso,characteristics_core,0,rank_ic,0.06534849456347071,0.004517246201107659,14.466445186770386,1.9741451157438917e-47,0.05649485469999932,0.0742021344269421,1258,1258,0,5,full,select,recent,raw,2014-2018
ld2_lasso_characteristics_core_full_raw_select_recent,lasso,characteristics_core,0,ew_spread_bp,25.387778351651146,7.2626103516677345,3.495682285339909,0.00047285135398685745,11.15332362863461,39.62223307466768,1258,1258,0,5,full,select,recent,raw,2014-2018
ld2_lasso_characteristics_core_full_raw_select_recent,lasso,characteristics_core,0,cap_spread_bp,17.17299254630869,7.342785085108467,2.338757344421856,0.01934799547359618,2.781398233278221,31.564586859339162,1258,1258,0,5,full,select,recent,raw,2014-2018
ld2_lasso_characteristics_core_full_raw_select_union,lasso,characteristics_core,0,rank_ic,0.06560747547202572,0.004543385439835008,14.440217837738247,2.889275198123469e-47,0.05670260364206543,0.07451234730198601,1258,1258,0,5,full,select,union,raw,2014-2018
ld2_lasso_characteristics_core_full_raw_select_union,lasso,characteristics_core,0,ew_spread_bp,26.04115369287817,7.250768911037713,3.591502365112781,0.0003287771922797273,11.829907767021545,40.25239961873479,1258,1258,0,5,full,select,union,raw,2014-2018
ld2_lasso_characteristics_core_full_raw_select_union,lasso,characteristics_core,0,cap_spread_bp,16.20994259027082,7.393872160931851,2.1923482361409774,0.028354371268264133,1.71821944855105,30.70166573199059,1258,1258,0,5,full,select,union,raw,2014-2018
ld2_enet_characteristics_core_full_raw_fixed504_retain,enet,characteristics_core,504,rank_ic,0.06551755838404931,0.0045923278965544915,14.266742240510633,3.526728342641598e-46,0.056516761101603925,0.0745183556664947,1258,1258,0,5,full,fixed504,retain,raw,2014-2018
ld2_enet_characteristics_core_full_raw_fixed504_retain,enet,characteristics_core,504,ew_spread_bp,27.114931478381667,7.372258584132678,3.6779680431640274,0.00023509940613744624,12.665570168765367,41.56429278799797,1258,1258,0,5,full,fixed504,retain,raw,2014-2018
ld2_enet_characteristics_core_full_raw_fixed504_retain,enet,characteristics_core,504,cap_spread_bp,19.12485023572689,7.688859593981133,2.4873454901813905,0.012870034525061599,4.054962349338606,34.19473812211517,1258,1258,0,5,full,fixed504,retain,raw,2014-2018
ld2_enet_characteristics_core_full_raw_fixed504_recent,enet,characteristics_core,504,rank_ic,0.06520307802261568,0.00450085991176029,14.486804588662416,1.4681553891733292e-47,0.05638155469610539,0.07402460134912597,1258,1258,0,5,full,fixed504,recent,raw,2014-2018
ld2_enet_characteristics_core_full_raw_fixed504_recent,enet,characteristics_core,504,ew_spread_bp,26.144211690629014,7.206375334718541,3.6279281159104553,0.00028570477698569894,12.019975575502896,40.26844780575513,1258,1258,0,5,full,fixed504,recent,raw,2014-2018
ld2_enet_characteristics_core_full_raw_fixed504_recent,enet,characteristics_core,504,cap_spread_bp,17.743672403335818,7.821415682900322,2.268601123212025,0.023292593253689663,2.413979356734435,33.0733654499372,1258,1258,0,5,full,fixed504,recent,raw,2014-2018
ld2_enet_characteristics_core_full_raw_fixed504_union,enet,characteristics_core,504,rank_ic,0.06557053602023498,0.004581905753825259,14.310756166359955,1.8746384541889594e-46,0.05659016576218062,0.07455090627828934,1258,1258,0,5,full,fixed504,union,raw,2014-2018
ld2_enet_characteristics_core_full_raw_fixed504_union,enet,characteristics_core,504,ew_spread_bp,26.630782377807275,7.34594982247494,3.6252333627886175,0.00028870063378691246,12.23298529351799,41.02857946209656,1258,1258,0,5,full,fixed504,union,raw,2014-2018
ld2_enet_characteristics_core_full_raw_fixed504_union,enet,characteristics_core,504,cap_spread_bp,18.94594123371319,7.627307674363961,2.48396184375676,0.012992972907304393,3.9966928929538668,33.89518957447251,1258,1258,0,5,full,fixed504,union,raw,2014-2018
ld2_enet_characteristics_core_full_raw_select_retain,enet,characteristics_core,0,rank_ic,0.06583632019523891,0.004561404034922825,14.433345454861204,3.1921425461927637e-47,0.056896132567854495,0.07477650782262334,1258,1258,0,5,full,select,retain,raw,2014-2018
ld2_enet_characteristics_core_full_raw_select_retain,enet,characteristics_core,0,ew_spread_bp,28.46594676579862,7.2241181396441325,3.9404043809284772,8.13443700115694e-05,14.306935392033623,42.62495813956362,1258,1258,0,5,full,select,retain,raw,2014-2018
ld2_enet_characteristics_core_full_raw_select_retain,enet,characteristics_core,0,cap_spread_bp,15.97993228716289,7.370386333577165,2.168126820484747,0.03014903872024206,1.5342405212054313,30.42562405312035,1258,1258,0,5,full,select,retain,raw,2014-2018
ld2_enet_characteristics_core_full_raw_select_recent,enet,characteristics_core,0,rank_ic,0.06569675136782839,0.004543444603760907,14.459679185578025,2.1781066512586851e-47,0.056791763578704156,0.07460173915695262,1258,1258,0,5,full,select,recent,raw,2014-2018
ld2_enet_characteristics_core_full_raw_select_recent,enet,characteristics_core,0,ew_spread_bp,25.926574190989726,7.3147400235889775,3.5444286614945,0.0003934649665048101,11.589947188481664,40.263201193497785,1258,1258,0,5,full,select,recent,raw,2014-2018
ld2_enet_characteristics_core_full_raw_select_recent,enet,characteristics_core,0,cap_spread_bp,18.17297902911,7.336522422902827,2.477056292008106,0.013247100693629651,3.7936593084499233,32.552298749770074,1258,1258,0,5,full,select,recent,raw,2014-2018
ld2_enet_characteristics_core_full_raw_select_union,enet,characteristics_core,0,rank_ic,0.0658115477237191,0.0045627298611849365,14.42372214133841,3.670042878766562e-47,0.05686876152461118,0.07475433392282702,1258,1258,0,5,full,select,union,raw,2014-2018
ld2_enet_characteristics_core_full_raw_select_union,enet,characteristics_core,0,ew_spread_bp,26.49057409039568,7.284761529827123,3.6364366880001815,0.0002764355467196712,12.212703855971611,40.76844432481975,1258,1258,0,5,full,select,union,raw,2014-2018
ld2_enet_characteristics_core_full_raw_select_union,enet,characteristics_core,0,cap_spread_bp,15.883431469945752,7.412901483767166,2.1426740264560946,0.032139282398689684,1.3544115408185782,30.412451399072925,1258,1258,0,5,full,select,union,raw,2014-2018
ld2_group_ridge_characteristics_core_full_raw_fixed504_retain,group_ridge,characteristics_core,504,rank_ic,0.06573856518961471,0.004591844206003555,14.316375347331158,1.7290920856459052e-46,0.05673871592322882,0.0747384144560006,1258,1258,0,5,full,fixed504,retain,raw,2014-2018
ld2_group_ridge_characteristics_core_full_raw_fixed504_retain,group_ridge,characteristics_core,504,ew_spread_bp,27.61365526335038,7.27671902140524,3.7947947669989577,0.00014776563517236412,13.351548055778563,41.8757624709222,1258,1258,0,5,full,fixed504,retain,raw,2014-2018
ld2_group_ridge_characteristics_core_full_raw_fixed504_retain,group_ridge,characteristics_core,504,cap_spread_bp,15.202143305616605,7.485042519903783,2.031002932206726,0.04225469715511013,0.5317295438542597,29.87255706737895,1258,1258,0,5,full,fixed504,retain,raw,2014-2018
ld2_group_ridge_characteristics_core_full_raw_fixed504_recent,group_ridge,characteristics_core,504,rank_ic,0.06564599156917442,0.004516296425496359,14.535359370694907,7.233293363064089e-48,0.05679421323169457,0.07449776990665427,1258,1258,0,5,full,fixed504,recent,raw,2014-2018
ld2_group_ridge_characteristics_core_full_raw_fixed504_recent,group_ridge,characteristics_core,504,ew_spread_bp,27.572588693532214,7.1185566354380745,3.873339794231391,0.00010735398564565125,13.620474066164965,41.52470332089946,1258,1258,0,5,full,fixed504,recent,raw,2014-2018
ld2_group_ridge_characteristics_core_full_raw_fixed504_recent,group_ridge,characteristics_core,504,cap_spread_bp,17.108437447032752,7.576479079110316,2.258098685206394,0.02393950760052,2.2588113223553385,31.958063571710166,1258,1258,0,5,full,fixed504,recent,raw,2014-2018
ld2_group_ridge_characteristics_core_full_raw_fixed504_union,group_ridge,characteristics_core,504,rank_ic,0.06584730007195033,0.004580666966833467,14.375046373971472,7.422032827331345e-47,0.056869357791784404,0.07482524235211625,1258,1258,0,5,full,fixed504,union,raw,2014-2018
ld2_group_ridge_characteristics_core_full_raw_fixed504_union,group_ridge,characteristics_core,504,ew_spread_bp,27.95393059912653,7.283045506732987,3.8382199552761063,0.00012392944738400202,13.679423708163608,42.22843749008945,1258,1258,0,5,full,fixed504,union,raw,2014-2018
ld2_group_ridge_characteristics_core_full_raw_fixed504_union,group_ridge,characteristics_core,504,cap_spread_bp,17.404930861536574,7.619810499762808,2.284168466142086,0.022361632050525385,2.47037671298132,32.33948501009183,1258,1258,0,5,full,fixed504,union,raw,2014-2018
ld2_group_ridge_characteristics_core_full_raw_select_retain,group_ridge,characteristics_core,0,rank_ic,0.06578521446180019,0.004560687652327299,14.424406904566307,3.6338011483415843e-47,0.05684643091850215,0.07472399800509823,1258,1258,0,5,full,select,retain,raw,2014-2018
ld2_group_ridge_characteristics_core_full_raw_select_retain,group_ridge,characteristics_core,0,ew_spread_bp,26.85925666551533,7.2706624212943405,3.6941966370010313,0.00022058306083023126,12.609020176029636,41.10949315500102,1258,1258,0,5,full,select,retain,raw,2014-2018
ld2_group_ridge_characteristics_core_full_raw_select_retain,group_ridge,characteristics_core,0,cap_spread_bp,17.310504024685855,7.556673404251031,2.2907572020973905,0.021977460195769665,2.4996963094221503,32.12131173994956,1258,1258,0,5,full,select,retain,raw,2014-2018
ld2_group_ridge_characteristics_core_full_raw_select_recent,group_ridge,characteristics_core,0,rank_ic,0.06550715031419485,0.004506764151942869,14.53529585877146,7.240005323621395e-48,0.05667405488957063,0.07434024573881907,1258,1258,0,5,full,select,recent,raw,2014-2018
ld2_group_ridge_characteristics_core_full_raw_select_recent,group_ridge,characteristics_core,0,ew_spread_bp,26.66321964103052,7.116724908470686,3.7465575786545586,0.0001792778678291564,12.714695132548862,40.61174414951218,1258,1258,0,5,full,select,recent,raw,2014-2018
ld2_group_ridge_characteristics_core_full_raw_select_recent,group_ridge,characteristics_core,0,cap_spread_bp,17.932645919752172,7.3201963864028965,2.4497492926640145,0.014295571266417272,3.585324642642245,32.2799671968621,1258,1258,0,5,full,select,recent,raw,2014-2018
ld2_group_ridge_characteristics_core_full_raw_select_union,group_ridge,characteristics_core,0,rank_ic,0.06582456329888839,0.004550526792725602,14.465262220654202,2.00838131065528e-47,0.056905694674461646,0.07474343192331513,1258,1258,0,5,full,select,union,raw,2014-2018
ld2_group_ridge_characteristics_core_full_raw_select_union,group_ridge,characteristics_core,0,ew_spread_bp,26.408052241223448,7.260726817443049,3.637108640113161,0.00027571566024257963,12.177289177450943,40.63881530499595,1258,1258,0,5,full,select,union,raw,2014-2018
ld2_group_ridge_characteristics_core_full_raw_select_union,group_ridge,characteristics_core,0,cap_spread_bp,15.297329310263441,7.509139592854984,2.037161397934191,0.041633870792439916,0.579686153383907,30.014972467142975,1258,1258,0,5,full,select,union,raw,2014-2018
ld2_ols_characteristics_textcore_full_raw_fixed504_retain,ols,characteristics_textcore,504,rank_ic,0.05703367221824584,0.0036060472351348927,15.816119007690247,2.408912956714744e-56,0.049965949510831206,0.06410139492566047,1258,1258,0,5,full,fixed504,retain,raw,2014-2018
ld2_ols_characteristics_textcore_full_raw_fixed504_retain,ols,characteristics_textcore,504,ew_spread_bp,26.434539578966433,6.236047742555357,4.238989287810408,2.2452837082147912e-05,14.212110597685626,38.656968560247236,1258,1258,0,5,full,fixed504,retain,raw,2014-2018
ld2_ols_characteristics_textcore_full_raw_fixed504_retain,ols,characteristics_textcore,504,cap_spread_bp,8.338563436257406,5.8690785000094365,1.4207619537281702,0.15538597477328825,-3.1646190461994532,19.841745918714267,1258,1258,0,5,full,fixed504,retain,raw,2014-2018
ld2_ols_characteristics_textcore_full_raw_fixed504_recent,ols,characteristics_textcore,504,rank_ic,0.05945554005654362,0.0037042794497336305,16.050500742005028,5.670471197646038e-58,0.05219528574639385,0.06671579436669338,1258,1258,0,5,full,fixed504,recent,raw,2014-2018
ld2_ols_characteristics_textcore_full_raw_fixed504_recent,ols,characteristics_textcore,504,ew_spread_bp,26.242992620696157,6.199109894613658,4.2333485075814545,2.3023729396174644e-05,14.092960491047497,38.393024750344814,1258,1258,0,5,full,fixed504,recent,raw,2014-2018
ld2_ols_characteristics_textcore_full_raw_fixed504_recent,ols,characteristics_textcore,504,cap_spread_bp,11.754086799972825,6.16356107116052,1.9070285285190953,0.05651689330283447,-0.3262709160149111,23.834444515960563,1258,1258,0,5,full,fixed504,recent,raw,2014-2018
ld2_ols_characteristics_textcore_full_raw_fixed504_union,ols,characteristics_textcore,504,rank_ic,0.059777126677357045,0.0037592627743610356,15.901289764857527,6.207350129625817e-57,0.05240910703118729,0.0671451463235268,1258,1258,0,5,full,fixed504,union,raw,2014-2018
ld2_ols_characteristics_textcore_full_raw_fixed504_union,ols,characteristics_textcore,504,ew_spread_bp,26.441088905329146,6.4389875864232815,4.10640470267106,4.018651447881834e-05,13.820905139039025,39.061272671619264,1258,1258,0,5,full,fixed504,union,raw,2014-2018
ld2_ols_characteristics_textcore_full_raw_fixed504_union,ols,characteristics_textcore,504,cap_spread_bp,10.422381265228866,5.990943709523311,1.7396893996285199,0.08191357168133631,-1.319652638843614,22.164415169301346,1258,1258,0,5,full,fixed504,union,raw,2014-2018
ld2_ols_characteristics_textcore_full_raw_select_retain,ols,characteristics_textcore,0,rank_ic,0.058611486648935264,0.0036705864431265675,15.967880761584954,2.1393187518209088e-57,0.051417269418266215,0.06580570387960431,1258,1258,0,5,full,select,retain,raw,2014-2018
ld2_ols_characteristics_textcore_full_raw_select_retain,ols,characteristics_textcore,0,ew_spread_bp,25.783355712620022,6.102702023951546,4.224908181888439,2.390382183390657e-05,13.822279537295296,37.74443188794475,1258,1258,0,5,full,select,retain,raw,2014-2018
ld2_ols_characteristics_textcore_full_raw_select_retain,ols,characteristics_textcore,0,cap_spread_bp,7.240450230929933,5.793496496120104,1.2497548303997166,0.21138912106409846,-4.114594246024468,18.595494707884335,1258,1258,0,5,full,select,retain,raw,2014-2018
ld2_ols_characteristics_textcore_full_raw_select_recent,ols,characteristics_textcore,0,rank_ic,0.06038214484900224,0.0037835893097604473,15.958958519423783,2.4681565819377305e-57,0.052966446069581,0.06779784362842348,1258,1258,0,5,full,select,recent,raw,2014-2018
ld2_ols_characteristics_textcore_full_raw_select_recent,ols,characteristics_textcore,0,ew_spread_bp,27.120857184298643,6.435228369334623,4.214435856470286,2.5040330338758095e-05,14.50804134811236,39.73367302048493,1258,1258,0,5,full,select,recent,raw,2014-2018
ld2_ols_characteristics_textcore_full_raw_select_recent,ols,characteristics_textcore,0,cap_spread_bp,10.919767362284114,6.148084254724124,1.776125197681453,0.07571228390493737,-1.1302563508929495,22.969791075461178,1258,1258,0,5,full,select,recent,raw,2014-2018
ld2_ols_characteristics_textcore_full_raw_select_union,ols,characteristics_textcore,0,rank_ic,0.06082243573939241,0.0038071259876734887,15.975945092523881,1.8798342772122007e-57,0.05336060591894589,0.06828426555983894,1258,1258,0,5,full,select,union,raw,2014-2018
ld2_ols_characteristics_textcore_full_raw_select_union,ols,characteristics_textcore,0,ew_spread_bp,27.66477374782333,6.307579320851367,4.385957328569792,1.1547675971784188e-05,15.302145449325035,40.027402046321626,1258,1258,0,5,full,select,union,raw,2014-2018
ld2_ols_characteristics_textcore_full_raw_select_union,ols,characteristics_textcore,0,cap_spread_bp,12.671635401192225,6.019132347285835,2.105226246920149,0.035271618572026174,0.8743527823319521,24.4689180200525,1258,1258,0,5,full,select,union,raw,2014-2018
ld2_ridge_characteristics_textcore_full_raw_fixed504_retain,ridge,characteristics_textcore,504,rank_ic,0.06304452360719985,0.004291824660758004,14.689445303682371,7.53278976806165e-49,0.05463270184415333,0.07145634537024638,1258,1258,0,5,full,fixed504,retain,raw,2014-2018
ld2_ridge_characteristics_textcore_full_raw_fixed504_retain,ridge,characteristics_textcore,504,ew_spread_bp,24.7561070352772,6.814162691291222,3.633037272050536,0.00028010453879861693,11.400593575549879,38.11162049500452,1258,1258,0,5,full,fixed504,retain,raw,2014-2018
ld2_ridge_characteristics_textcore_full_raw_fixed504_retain,ridge,characteristics_textcore,504,cap_spread_bp,16.929452495235925,7.325945101062001,2.3108898936168325,0.020838937434163075,2.5708639444367556,31.288041046035094,1258,1258,0,5,full,fixed504,retain,raw,2014-2018
ld2_ridge_characteristics_textcore_full_raw_fixed504_recent,ridge,characteristics_textcore,504,rank_ic,0.06319503069779756,0.004264952679329052,14.81728765809875,1.1326645367886134e-49,0.054835877050545004,0.0715541843450501,1258,1258,0,5,full,fixed504,recent,raw,2014-2018
ld2_ridge_characteristics_textcore_full_raw_fixed504_recent,ridge,characteristics_textcore,504,ew_spread_bp,25.71286764827891,6.754451409624829,3.806803260386044,0.00014077464413466304,12.474386150088446,38.95134914646937,1258,1258,0,5,full,fixed504,recent,raw,2014-2018
ld2_ridge_characteristics_textcore_full_raw_fixed504_recent,ridge,characteristics_textcore,504,cap_spread_bp,14.710755845032008,7.96848313307794,1.846117460419317,0.06487515213310961,-0.9071841072156452,30.32869579727966,1258,1258,0,5,full,fixed504,recent,raw,2014-2018
ld2_ridge_characteristics_textcore_full_raw_fixed504_union,ridge,characteristics_textcore,504,rank_ic,0.06365405753195913,0.004338712397492507,14.671186218461273,9.86060073846501e-49,0.05515033749359639,0.07215777757032188,1258,1258,0,5,full,fixed504,union,raw,2014-2018
ld2_ridge_characteristics_textcore_full_raw_fixed504_union,ridge,characteristics_textcore,504,ew_spread_bp,24.842283464287274,6.850641558558239,3.6262710947491885,0.0002875434811274685,11.41527273851978,38.269294190054765,1258,1258,0,5,full,fixed504,union,raw,2014-2018
ld2_ridge_characteristics_textcore_full_raw_fixed504_union,ridge,characteristics_textcore,504,cap_spread_bp,15.779283132771363,7.43450477519378,2.1224390339247683,0.03380088723604623,1.2079215305005029,30.350644735042223,1258,1258,0,5,full,fixed504,union,raw,2014-2018
ld2_ridge_characteristics_textcore_full_raw_select_retain,ridge,characteristics_textcore,0,rank_ic,0.06313262074357741,0.004285907757494913,14.73027986502398,4.119961253579086e-49,0.05473239589782655,0.07153284558932826,1258,1258,0,5,full,select,retain,raw,2014-2018
ld2_ridge_characteristics_textcore_full_raw_select_retain,ridge,characteristics_textcore,0,ew_spread_bp,24.816253580439195,6.851449047377874,3.6220445352266983,0.0002922837854410509,11.3876602056673,38.24484695521109,1258,1258,0,5,full,select,retain,raw,2014-2018
ld2_ridge_characteristics_textcore_full_raw_select_retain,ridge,characteristics_textcore,0,cap_spread_bp,15.962005038066136,7.037178800595621,2.2682392319938107,0.023314629469726896,2.169388036129945,29.754622040002328,1258,1258,0,5,full,select,retain,raw,2014-2018
ld2_ridge_characteristics_textcore_full_raw_select_recent,ridge,characteristics_textcore,0,rank_ic,0.06318991166771377,0.004310357317001859,14.660017028858892,1.1624380352185593e-48,0.054741766565891435,0.07163805676953611,1258,1258,0,5,full,select,recent,raw,2014-2018
ld2_ridge_characteristics_textcore_full_raw_select_recent,ridge,characteristics_textcore,0,ew_spread_bp,25.600266144235132,6.73928965431406,3.798659422191104,0.00014548083989883518,12.391501140396183,38.809031148074084,1258,1258,0,5,full,select,recent,raw,2014-2018
ld2_ridge_characteristics_textcore_full_raw_select_recent,ridge,characteristics_textcore,0,cap_spread_bp,17.013100713027445,7.349510219437663,2.3148618350147934,0.020620494590376924,2.608325378920556,31.417876047134335,1258,1258,0,5,full,select,recent,raw,2014-2018
ld2_ridge_characteristics_textcore_full_raw_select_union,ridge,characteristics_textcore,0,rank_ic,0.06358930314586811,0.004327968113858304,14.692645942157698,7.185239446613699e-49,0.05510664151646809,0.07207196477526813,1258,1258,0,5,full,select,union,raw,2014-2018
ld2_ridge_characteristics_textcore_full_raw_select_union,ridge,characteristics_textcore,0,ew_spread_bp,24.615618703821983,6.873298577990002,3.5813399380971562,0.0003418365367088784,11.144201035971212,38.08703637167275,1258,1258,0,5,full,select,union,raw,2014-2018
ld2_ridge_characteristics_textcore_full_raw_select_union,ridge,characteristics_textcore,0,cap_spread_bp,13.984142966588507,7.346165450569496,1.9035976062184137,0.056962610824286615,-0.414076741000164,28.38236267417718,1258,1258,0,5,full,select,union,raw,2014-2018
ld2_lasso_characteristics_textcore_full_raw_fixed504_retain,lasso,characteristics_textcore,504,rank_ic,0.06534221014434106,0.004542284915916929,14.385317379667443,6.398391015847187e-47,0.056439495301624336,0.07424492498705779,1258,1258,0,5,full,fixed504,retain,raw,2014-2018
ld2_lasso_characteristics_textcore_full_raw_fixed504_retain,lasso,characteristics_textcore,504,ew_spread_bp,25.828766899605487,7.233257195836478,3.5708348535529386,0.00035584521452832607,11.651843304850805,40.00569049436017,1258,1258,0,5,full,fixed504,retain,raw,2014-2018
ld2_lasso_characteristics_textcore_full_raw_fixed504_retain,lasso,characteristics_textcore,504,cap_spread_bp,12.837043569315227,7.60660162169679,1.6876187564101315,0.09148443637154784,-2.07162165395445,27.745708792584907,1258,1258,0,5,full,fixed504,retain,raw,2014-2018
ld2_lasso_characteristics_textcore_full_raw_fixed504_recent,lasso,characteristics_textcore,504,rank_ic,0.06525910685276594,0.004481373977396135,14.562298790935587,4.8789150323109096e-48,0.0564757752558145,0.07404243844971738,1258,1258,0,5,full,fixed504,recent,raw,2014-2018
ld2_lasso_characteristics_textcore_full_raw_fixed504_recent,lasso,characteristics_textcore,504,ew_spread_bp,25.8306852345397,7.223686062686085,3.5758316474975262,0.0003491162760211752,11.672520716051027,39.988849753028376,1258,1258,0,5,full,fixed504,recent,raw,2014-2018
ld2_lasso_characteristics_textcore_full_raw_fixed504_recent,lasso,characteristics_textcore,504,cap_spread_bp,15.479120061000504,7.974614267335711,1.941049377698869,0.052252288403463576,-0.15083669357675866,31.109076815577765,1258,1258,0,5,full,fixed504,recent,raw,2014-2018
ld2_lasso_characteristics_textcore_full_raw_fixed504_union,lasso,characteristics_textcore,504,rank_ic,0.06550614482266796,0.004556232776063048,14.377260346928662,7.188424494432811e-47,0.05657609267640344,0.07443619696893249,1258,1258,0,5,full,fixed504,union,raw,2014-2018
ld2_lasso_characteristics_textcore_full_raw_fixed504_union,lasso,characteristics_textcore,504,ew_spread_bp,25.36253567895502,7.293955192457504,3.4771992711419153,0.0005066810911710357,11.066646196889394,39.658425161020645,1258,1258,0,5,full,fixed504,union,raw,2014-2018
ld2_lasso_characteristics_textcore_full_raw_fixed504_union,lasso,characteristics_textcore,504,cap_spread_bp,16.025348980960523,7.593976623422256,2.110271044492449,0.03483501617742224,1.1414282996138123,30.90926966230723,1258,1258,0,5,full,fixed504,union,raw,2014-2018
ld2_lasso_characteristics_textcore_full_raw_select_retain,lasso,characteristics_textcore,0,rank_ic,0.06529952118497863,0.004488731933780001,14.547431690800327,6.063720366718338e-48,0.056501768258514995,0.07409727411144226,1258,1258,0,5,full,select,retain,raw,2014-2018
ld2_lasso_characteristics_textcore_full_raw_select_retain,lasso,characteristics_textcore,0,ew_spread_bp,26.785134189352178,7.156056661665454,3.743001971021059,0.00018183480206786394,12.759520861159956,40.8107475175444,1258,1258,0,5,full,select,retain,raw,2014-2018
ld2_lasso_characteristics_textcore_full_raw_select_retain,lasso,characteristics_textcore,0,cap_spread_bp,15.946413398476562,7.566112663727035,2.107609826499917,0.03506475290104451,1.117105074599161,30.775721722353964,1258,1258,0,5,full,select,retain,raw,2014-2018
ld2_lasso_characteristics_textcore_full_raw_select_recent,lasso,characteristics_textcore,0,rank_ic,0.06472007666141441,0.004491835874175357,14.408379663537058,4.583374632737763e-47,0.05591624012356572,0.0735239131992631,1258,1258,0,5,full,select,recent,raw,2014-2018
ld2_lasso_characteristics_textcore_full_raw_select_recent,lasso,characteristics_textcore,0,ew_spread_bp,26.39084742443074,7.144733167951291,3.6937485003373687,0.0002209723590189039,12.387427736097443,40.394267112764034,1258,1258,0,5,full,select,recent,raw,2014-2018
ld2_lasso_characteristics_textcore_full_raw_select_recent,lasso,characteristics_textcore,0,cap_spread_bp,13.84118439082433,7.408523767036184,1.8682783272438044,0.06172328590263272,-0.6792553711756,28.36162415282426,1258,1258,0,5,full,select,recent,raw,2014-2018
ld2_lasso_characteristics_textcore_full_raw_select_union,lasso,characteristics_textcore,0,rank_ic,0.06527712185177269,0.004519566865074771,14.44322515863315,2.765906683239418e-47,0.056418933570505536,0.07413531013303984,1258,1258,0,5,full,select,union,raw,2014-2018
ld2_lasso_characteristics_textcore_full_raw_select_union,lasso,characteristics_textcore,0,ew_spread_bp,25.99063494465713,7.2345456841707,3.592573200764362,0.00032742863396816805,11.811185959172875,40.17008393014139,1258,1258,0,5,full,select,union,raw,2014-2018
ld2_lasso_characteristics_textcore_full_raw_select_union,lasso,characteristics_textcore,0,cap_spread_bp,15.443294188595871,7.624192782498003,2.0255644930762107,0.042809433224224126,0.5001509237095636,30.38643745348218,1258,1258,0,5,full,select,union,raw,2014-2018
ld2_enet_characteristics_textcore_full_raw_fixed504_retain,enet,characteristics_textcore,504,rank_ic,0.0651891745988154,0.0045518123536094305,14.321586553787226,1.6041865862449824e-46,0.05626778632135642,0.07411056287627438,1258,1258,0,5,full,fixed504,retain,raw,2014-2018
ld2_enet_characteristics_textcore_full_raw_fixed504_retain,enet,characteristics_textcore,504,ew_spread_bp,26.206535837984827,7.267097423664177,3.606190244904011,0.00031072536991573355,11.963286615459225,40.44978506051043,1258,1258,0,5,full,fixed504,retain,raw,2014-2018
ld2_enet_characteristics_textcore_full_raw_fixed504_retain,enet,characteristics_textcore,504,cap_spread_bp,13.636595855791345,7.593610922313251,1.7957985990197682,0.07252655364158793,-1.2466080645526088,28.5197997761353,1258,1258,0,5,full,fixed504,retain,raw,2014-2018
ld2_enet_characteristics_textcore_full_raw_fixed504_recent,enet,characteristics_textcore,504,rank_ic,0.06504440764982854,0.004488504082136776,14.491333072123176,1.3744912067433094e-47,0.056247101304379446,0.07384171399527763,1258,1258,0,5,full,fixed504,recent,raw,2014-2018
ld2_enet_characteristics_textcore_full_raw_fixed504_recent,enet,characteristics_textcore,504,ew_spread_bp,25.239081856429085,7.185611803718667,3.5124471716336614,0.00044400026355968406,11.155541514254601,39.32262219860357,1258,1258,0,5,full,fixed504,recent,raw,2014-2018
ld2_enet_characteristics_textcore_full_raw_fixed504_recent,enet,characteristics_textcore,504,cap_spread_bp,16.57308926627077,8.004049167615255,2.0705881384794886,0.038397301583851316,0.8854411672570723,32.26073736528447,1258,1258,0,5,full,fixed504,recent,raw,2014-2018
ld2_enet_characteristics_textcore_full_raw_fixed504_union,enet,characteristics_textcore,504,rank_ic,0.0653379283699045,0.0045590757508962125,14.331397840244378,1.3928850761462206e-46,0.05640230409535802,0.07427355264445099,1258,1258,0,5,full,fixed504,union,raw,2014-2018
ld2_enet_characteristics_textcore_full_raw_fixed504_union,enet,characteristics_textcore,504,ew_spread_bp,25.714702774077,7.301972891193112,3.5216102767365003,0.0004289342223572379,11.40309889125069,40.026306656903316,1258,1258,0,5,full,fixed504,union,raw,2014-2018
ld2_enet_characteristics_textcore_full_raw_fixed504_union,enet,characteristics_textcore,504,cap_spread_bp,16.19448867037596,7.573156734980306,2.1384066429754243,0.03248375379359494,1.3513742205376147,31.037603120214307,1258,1258,0,5,full,fixed504,union,raw,2014-2018
ld2_enet_characteristics_textcore_full_raw_select_retain,enet,characteristics_textcore,0,rank_ic,0.06549740584162284,0.00450094491016107,14.551923462506664,5.678367809446352e-48,0.05667571592130827,0.0743190957619374,1258,1258,0,5,full,select,retain,raw,2014-2018
ld2_enet_characteristics_textcore_full_raw_select_retain,enet,characteristics_textcore,0,ew_spread_bp,27.335270138772852,7.1825007083432615,3.8058151678314407,0.00014133790672407463,13.257827431486632,41.41271284605907,1258,1258,0,5,full,select,retain,raw,2014-2018
ld2_enet_characteristics_textcore_full_raw_select_retain,enet,characteristics_textcore,0,cap_spread_bp,17.57000396009207,7.455171658901639,2.3567537763014617,0.0184354661362159,2.9581360100811285,32.18187191010301,1258,1258,0,5,full,select,retain,raw,2014-2018
ld2_enet_characteristics_textcore_full_raw_select_recent,enet,characteristics_textcore,0,rank_ic,0.06496273492261308,0.004506743521192513,14.414562225947023,4.190880101130833e-47,0.05612967993351653,0.07379578991170962,1258,1258,0,5,full,select,recent,raw,2014-2018
ld2_enet_characteristics_textcore_full_raw_select_recent,enet,characteristics_textcore,0,ew_spread_bp,26.97760327097954,7.163477012606615,3.765992858426588,0.00016588853351440143,12.937446322189995,41.01776021976909,1258,1258,0,5,full,select,recent,raw,2014-2018
ld2_enet_characteristics_textcore_full_raw_select_recent,enet,characteristics_textcore,0,cap_spread_bp,15.055597209048615,7.390259594185986,2.037221699342341,0.041627830276669345,0.5709545680424881,29.540239850054743,1258,1258,0,5,full,select,recent,raw,2014-2018
ld2_enet_characteristics_textcore_full_raw_select_union,enet,characteristics_textcore,0,rank_ic,0.06541692575573121,0.0045281630383464085,14.44668074045764,2.630610094729863e-47,0.05654188928444679,0.07429196222701565,1258,1258,0,5,full,select,union,raw,2014-2018
ld2_enet_characteristics_textcore_full_raw_select_union,enet,characteristics_textcore,0,ew_spread_bp,26.382360521319924,7.2445534869961605,3.6416820675940587,0.00027086246040897567,12.183296602733387,40.58142443990646,1258,1258,0,5,full,select,union,raw,2014-2018
ld2_enet_characteristics_textcore_full_raw_select_union,enet,characteristics_textcore,0,cap_spread_bp,16.315787164513353,7.467610185158866,2.1848739770776144,0.028898088030003793,1.6795401510174912,30.952034178009214,1258,1258,0,5,full,select,union,raw,2014-2018
ld2_group_ridge_characteristics_textcore_full_raw_fixed504_retain,group_ridge,characteristics_textcore,504,rank_ic,0.06552950979080573,0.004562941722606002,14.361241886162048,9.05891663738827e-47,0.056586308350942804,0.07447271123066865,1258,1258,0,5,full,fixed504,retain,raw,2014-2018
ld2_group_ridge_characteristics_textcore_full_raw_fixed504_retain,group_ridge,characteristics_textcore,504,ew_spread_bp,26.956623009117955,7.251825551963279,3.717218901083468,0.00020142790710694092,12.74330610510263,41.16993991313328,1258,1258,0,5,full,fixed504,retain,raw,2014-2018
ld2_group_ridge_characteristics_textcore_full_raw_fixed504_retain,group_ridge,characteristics_textcore,504,cap_spread_bp,15.746081830133344,7.508347715915663,2.0971433963767976,0.035980883410950314,1.0299907235350663,30.46217293673162,1258,1258,0,5,full,fixed504,retain,raw,2014-2018
ld2_group_ridge_characteristics_textcore_full_raw_fixed504_recent,group_ridge,characteristics_textcore,504,rank_ic,0.0653409862893961,0.004487642252068618,14.56020391538042,5.030751696342078e-48,0.05654536909984138,0.0741366034789508,1258,1258,0,5,full,fixed504,recent,raw,2014-2018
ld2_group_ridge_characteristics_textcore_full_raw_fixed504_recent,group_ridge,characteristics_textcore,504,ew_spread_bp,26.89857820272694,7.080263169312067,3.7990929940730527,0.00014522659666830996,13.02151738980987,40.77563901564401,1258,1258,0,5,full,fixed504,recent,raw,2014-2018
ld2_group_ridge_characteristics_textcore_full_raw_fixed504_recent,group_ridge,characteristics_textcore,504,cap_spread_bp,14.660577582153909,7.679320035239201,1.9090983986705603,0.05624939929011209,-0.3906131126717831,29.7117682769796,1258,1258,0,5,full,fixed504,recent,raw,2014-2018
ld2_group_ridge_characteristics_textcore_full_raw_fixed504_union,group_ridge,characteristics_textcore,504,rank_ic,0.06558503972412937,0.004553479472114534,14.403279980896265,4.934500123014133e-47,0.05666038395444242,0.07450969549381631,1258,1258,0,5,full,fixed504,union,raw,2014-2018
ld2_group_ridge_characteristics_textcore_full_raw_fixed504_union,group_ridge,characteristics_textcore,504,ew_spread_bp,27.053393117515384,7.24444791571383,3.734362291270567,0.0001881914282759569,12.854536114840016,41.25225012019075,1258,1258,0,5,full,fixed504,union,raw,2014-2018
ld2_group_ridge_characteristics_textcore_full_raw_fixed504_union,group_ridge,characteristics_textcore,504,cap_spread_bp,15.661650295256173,7.4378917496892685,2.10565719727105,0.03523414038292899,1.0836503449576007,30.239650245554746,1258,1258,0,5,full,fixed504,union,raw,2014-2018
ld2_group_ridge_characteristics_textcore_full_raw_select_retain,group_ridge,characteristics_textcore,0,rank_ic,0.06544550179486955,0.004532374006176434,14.439563395625457,2.9168394322634904e-47,0.05656221197829822,0.07432879161144088,1258,1258,0,5,full,select,retain,raw,2014-2018
ld2_group_ridge_characteristics_textcore_full_raw_select_retain,group_ridge,characteristics_textcore,0,ew_spread_bp,25.986451841035613,7.30453855612332,3.557576107152099,0.00037429267536905053,11.669819347349698,40.30308433472153,1258,1258,0,5,full,select,retain,raw,2014-2018
ld2_group_ridge_characteristics_textcore_full_raw_select_retain,group_ridge,characteristics_textcore,0,cap_spread_bp,15.73193992902686,7.57803284949317,2.075992575049214,0.03789463771590135,0.8792684703588058,30.584611387694913,1258,1258,0,5,full,select,retain,raw,2014-2018
ld2_group_ridge_characteristics_textcore_full_raw_select_recent,group_ridge,characteristics_textcore,0,rank_ic,0.06497872769107632,0.004477104831480821,14.513559574075092,9.94243248862558e-48,0.056203763466363646,0.073753691915789,1258,1258,0,5,full,select,recent,raw,2014-2018
ld2_group_ridge_characteristics_textcore_full_raw_select_recent,group_ridge,characteristics_textcore,0,ew_spread_bp,26.64028213352042,7.070801233570139,3.767646869641872,0.0001647935899057653,12.78176637388156,40.49879789315928,1258,1258,0,5,full,select,recent,raw,2014-2018
ld2_group_ridge_characteristics_textcore_full_raw_select_recent,group_ridge,characteristics_textcore,0,cap_spread_bp,17.786302308355747,7.197247199708287,2.4712646119861836,0.013463615410607995,3.6799570090957463,31.89264760761575,1258,1258,0,5,full,select,recent,raw,2014-2018
ld2_group_ridge_characteristics_textcore_full_raw_select_union,group_ridge,characteristics_textcore,0,rank_ic,0.06542809785795181,0.004524438579960071,14.461042337440512,2.1353934934571135e-47,0.056560361190966524,0.0742958345249371,1258,1258,0,5,full,select,union,raw,2014-2018
ld2_group_ridge_characteristics_textcore_full_raw_select_union,group_ridge,characteristics_textcore,0,ew_spread_bp,25.797210610053273,7.254636822824419,3.555961689066297,0.00037659895866885764,11.578383716399328,40.01603750370722,1258,1258,0,5,full,select,union,raw,2014-2018
ld2_group_ridge_characteristics_textcore_full_raw_select_union,group_ridge,characteristics_textcore,0,cap_spread_bp,15.641787236644454,7.319632205552946,2.1369635519087984,0.03260095624990581,1.2955717336811983,29.98800273960771,1258,1258,0,5,full,select,union,raw,2014-2018
ld2_ols_characteristics_textcore_pca_raw_fixed504_retain,ols,characteristics_textcore,504,rank_ic,0.06476080481306956,0.00429346929601539,15.083560717010755,2.0775575020072553e-51,0.05634575962415086,0.07317585000198827,1258,1258,0,5,pca,fixed504,retain,raw,2014-2018
ld2_ols_characteristics_textcore_pca_raw_fixed504_retain,ols,characteristics_textcore,504,ew_spread_bp,27.733695626384936,6.867121119105379,4.038620427012065,5.37664876843624e-05,14.274385555464002,41.19300569730587,1258,1258,0,5,pca,fixed504,retain,raw,2014-2018
ld2_ols_characteristics_textcore_pca_raw_fixed504_retain,ols,characteristics_textcore,504,cap_spread_bp,15.454529371890905,7.078165216008599,2.1834089626698154,0.029005706507874495,1.581580471889879,29.32747827189193,1258,1258,0,5,pca,fixed504,retain,raw,2014-2018
ld2_ols_characteristics_textcore_pca_raw_fixed504_recent,ols,characteristics_textcore,504,rank_ic,0.06488089555598414,0.004241626205092011,15.29623130819391,8.101398869734188e-53,0.0565674609581225,0.07319433015384579,1258,1258,0,5,pca,fixed504,recent,raw,2014-2018
ld2_ols_characteristics_textcore_pca_raw_fixed504_recent,ols,characteristics_textcore,504,ew_spread_bp,27.072483751613156,6.897309444179904,3.9250788978965545,8.670131631158572e-05,13.554005650792565,40.59096185243375,1258,1258,0,5,pca,fixed504,recent,raw,2014-2018
ld2_ols_characteristics_textcore_pca_raw_fixed504_recent,ols,characteristics_textcore,504,cap_spread_bp,13.151085416221076,7.271261355488322,1.8086388005149454,0.07050713643133888,-1.1003249627139304,27.40249579515608,1258,1258,0,5,pca,fixed504,recent,raw,2014-2018
ld2_ols_characteristics_textcore_pca_raw_fixed504_union,ols,characteristics_textcore,504,rank_ic,0.06543382411276472,0.0043281382022374,15.118238155828566,1.2278390308997916e-51,0.056950829116267476,0.07391681910926196,1258,1258,0,5,pca,fixed504,union,raw,2014-2018
ld2_ols_characteristics_textcore_pca_raw_fixed504_union,ols,characteristics_textcore,504,ew_spread_bp,27.72301793679565,6.974825194113396,3.97472584118571,7.046037405260002e-05,14.052611757870803,41.39342411572049,1258,1258,0,5,pca,fixed504,union,raw,2014-2018
ld2_ols_characteristics_textcore_pca_raw_fixed504_union,ols,characteristics_textcore,504,cap_spread_bp,15.823853499412184,7.070405899570645,2.238040322461982,0.025218425740802557,1.9661125801741974,29.68159441865017,1258,1258,0,5,pca,fixed504,union,raw,2014-2018
ld2_ols_characteristics_textcore_pca_raw_select_retain,ols,characteristics_textcore,0,rank_ic,0.06496329768966137,0.0042906546773853645,15.140649288804722,8.734705539420668e-52,0.056553769051887734,0.07337282632743501,1258,1258,0,5,pca,select,retain,raw,2014-2018
ld2_ols_characteristics_textcore_pca_raw_select_retain,ols,characteristics_textcore,0,ew_spread_bp,27.715398835694923,6.835699748528028,4.054507929735071,5.02399463430977e-05,14.317673519450484,41.11312415193936,1258,1258,0,5,pca,select,retain,raw,2014-2018
ld2_ols_characteristics_textcore_pca_raw_select_retain,ols,characteristics_textcore,0,cap_spread_bp,11.43880355006874,6.909899228963535,1.6554226293376104,0.09783879884092497,-2.104350075500875,24.981957175638357,1258,1258,0,5,pca,select,retain,raw,2014-2018
ld2_ols_characteristics_textcore_pca_raw_select_recent,ols,characteristics_textcore,0,rank_ic,0.06516100652126454,0.004283180020161026,15.21323087391849,2.8892476714130016e-52,0.056766127942447384,0.0735558851000817,1258,1258,0,5,pca,select,recent,raw,2014-2018
ld2_ols_characteristics_textcore_pca_raw_select_recent,ols,characteristics_textcore,0,ew_spread_bp,27.29023537817214,6.915537968170878,3.9462201644726504,7.939461425160378e-05,13.736030026837918,40.84444072950637,1258,1258,0,5,pca,select,recent,raw,2014-2018
ld2_ols_characteristics_textcore_pca_raw_select_recent,ols,characteristics_textcore,0,cap_spread_bp,15.350870919555796,6.9916683297752,2.1955948416748434,0.028120955787739245,1.6474528013470895,29.0542890377645,1258,1258,0,5,pca,select,recent,raw,2014-2018
ld2_ols_characteristics_textcore_pca_raw_select_union,ols,characteristics_textcore,0,rank_ic,0.06544972222769341,0.004313754923503497,15.17233208383966,5.392621776161929e-52,0.05699491793949422,0.0739045265158926,1258,1258,0,5,pca,select,union,raw,2014-2018
ld2_ols_characteristics_textcore_pca_raw_select_union,ols,characteristics_textcore,0,ew_spread_bp,28.3000939404957,6.894913136384419,4.104488828315509,4.0520985137561294e-05,14.786312516650133,41.813875364341264,1258,1258,0,5,pca,select,union,raw,2014-2018
ld2_ols_characteristics_textcore_pca_raw_select_union,ols,characteristics_textcore,0,cap_spread_bp,14.7668287483823,6.782676041212991,2.1771390316529775,0.029470195600424014,1.4730279888021265,28.060629507962474,1258,1258,0,5,pca,select,union,raw,2014-2018
ld2_ridge_characteristics_textcore_pca_raw_fixed504_retain,ridge,characteristics_textcore,504,rank_ic,0.0656317592436894,0.004486470618515502,14.628817354298388,1.839569666312964e-48,0.056838438413701876,0.07442508007367693,1258,1258,0,5,pca,fixed504,retain,raw,2014-2018
ld2_ridge_characteristics_textcore_pca_raw_fixed504_retain,ridge,characteristics_textcore,504,ew_spread_bp,28.27491698448016,7.002729420349616,4.037699486476591,5.3977938414756324e-05,14.549819527115865,42.000014441844456,1258,1258,0,5,pca,fixed504,retain,raw,2014-2018
ld2_ridge_characteristics_textcore_pca_raw_fixed504_retain,ridge,characteristics_textcore,504,cap_spread_bp,15.275547238994708,7.374351079868237,2.0714429071184997,0.03831742466510129,0.8220847130989082,29.729009764890506,1258,1258,0,5,pca,fixed504,retain,raw,2014-2018
ld2_ridge_characteristics_textcore_pca_raw_fixed504_recent,ridge,characteristics_textcore,504,rank_ic,0.06548900065132139,0.004412602486961679,14.841355151484354,7.914090837608403e-50,0.056840458698784624,0.07413754260385816,1258,1258,0,5,pca,fixed504,recent,raw,2014-2018
ld2_ridge_characteristics_textcore_pca_raw_fixed504_recent,ridge,characteristics_textcore,504,ew_spread_bp,28.190613167593302,6.977151755101876,4.040418519918187,5.3355900173543e-05,14.515647012923196,41.86557932226341,1258,1258,0,5,pca,fixed504,recent,raw,2014-2018
ld2_ridge_characteristics_textcore_pca_raw_fixed504_recent,ridge,characteristics_textcore,504,cap_spread_bp,13.66594380108045,7.6952745899604835,1.7758877401086512,0.0757514220719896,-1.416517246388329,28.748404848549228,1258,1258,0,5,pca,fixed504,recent,raw,2014-2018
ld2_ridge_characteristics_textcore_pca_raw_fixed504_union,ridge,characteristics_textcore,504,rank_ic,0.06576832198838205,0.00447654745859568,14.691751309839564,7.280745790520272e-49,0.05699445019445021,0.07454219378231389,1258,1258,0,5,pca,fixed504,union,raw,2014-2018
ld2_ridge_characteristics_textcore_pca_raw_fixed504_union,ridge,characteristics_textcore,504,ew_spread_bp,28.746247507677065,7.040002497985953,4.0832723448466055,4.440592989326433e-05,14.948096160552582,42.54439885480155,1258,1258,0,5,pca,fixed504,union,raw,2014-2018
ld2_ridge_characteristics_textcore_pca_raw_fixed504_union,ridge,characteristics_textcore,504,cap_spread_bp,16.036866593262996,7.554882841987287,2.1227154581585213,0.03377770286615033,1.2295683155483044,30.844164870977686,1258,1258,0,5,pca,fixed504,union,raw,2014-2018
ld2_ridge_characteristics_textcore_pca_raw_select_retain,ridge,characteristics_textcore,0,rank_ic,0.06578316810721455,0.004482152677248235,14.676690609209983,9.092085367673895e-49,0.05699831028659823,0.07456802592783086,1258,1258,0,5,pca,select,retain,raw,2014-2018
ld2_ridge_characteristics_textcore_pca_raw_select_retain,ridge,characteristics_textcore,0,ew_spread_bp,28.334560441535835,6.974195322521711,4.062771277717915,4.8493540170286354e-05,14.665388788245576,42.00373209482609,1258,1258,0,5,pca,select,retain,raw,2014-2018
ld2_ridge_characteristics_textcore_pca_raw_select_retain,ridge,characteristics_textcore,0,cap_spread_bp,15.298064596333564,7.226076738454426,2.117063677849295,0.03425444382529385,1.1352144394402277,29.460914753226902,1258,1258,0,5,pca,select,retain,raw,2014-2018
ld2_ridge_characteristics_textcore_pca_raw_select_recent,ridge,characteristics_textcore,0,rank_ic,0.06544056923908827,0.004428819289662441,14.77607573464034,2.089934870358329e-49,0.05676024293731362,0.07412089554086292,1258,1258,0,5,pca,select,recent,raw,2014-2018
ld2_ridge_characteristics_textcore_pca_raw_select_recent,ridge,characteristics_textcore,0,ew_spread_bp,26.92804592055838,6.989858572181705,3.8524450305370745,0.0001169442346898453,13.228174862053672,40.62791697906309,1258,1258,0,5,pca,select,recent,raw,2014-2018
ld2_ridge_characteristics_textcore_pca_raw_select_recent,ridge,characteristics_textcore,0,cap_spread_bp,12.893588072341,7.333373993528922,1.758206806814775,0.07871232748290044,-1.4795608401383546,27.266736984820355,1258,1258,0,5,pca,select,recent,raw,2014-2018
ld2_ridge_characteristics_textcore_pca_raw_select_union,ridge,characteristics_textcore,0,rank_ic,0.06580621319511872,0.004471948485399136,14.715333463696037,5.139227442151393e-49,0.05704135522301797,0.07457107116721946,1258,1258,0,5,pca,select,union,raw,2014-2018
ld2_ridge_characteristics_textcore_pca_raw_select_union,ridge,characteristics_textcore,0,ew_spread_bp,28.113352034953127,7.00893319021479,4.011074334993281,6.044307424031087e-05,14.376095412084714,41.85060865782154,1258,1258,0,5,pca,select,union,raw,2014-2018
ld2_ridge_characteristics_textcore_pca_raw_select_union,ridge,characteristics_textcore,0,cap_spread_bp,17.199593952160175,7.375399053188892,2.3320221493267685,0.01969952597654796,2.744077436299131,31.65511046802122,1258,1258,0,5,pca,select,union,raw,2014-2018
ld2_lasso_characteristics_textcore_pca_raw_fixed504_retain,lasso,characteristics_textcore,504,rank_ic,0.06546665744823583,0.004531061333240267,14.448415643365195,2.565187927994358e-47,0.05658594042334287,0.0743473744731288,1258,1258,0,5,pca,fixed504,retain,raw,2014-2018
ld2_lasso_characteristics_textcore_pca_raw_fixed504_retain,lasso,characteristics_textcore,504,ew_spread_bp,28.07288469902665,7.036780186957034,3.9894502816872,6.622659831978235e-05,14.281048965465834,41.86472043258746,1258,1258,0,5,pca,fixed504,retain,raw,2014-2018
ld2_lasso_characteristics_textcore_pca_raw_fixed504_retain,lasso,characteristics_textcore,504,cap_spread_bp,13.625511313768945,7.554396247362594,1.8036532460851402,0.07128568327197168,-1.1808332560062773,28.431855883544166,1258,1258,0,5,pca,fixed504,retain,raw,2014-2018
ld2_lasso_characteristics_textcore_pca_raw_fixed504_recent,lasso,characteristics_textcore,504,rank_ic,0.06530794268554603,0.004437903962545071,14.715943210292659,5.093111261112143e-49,0.0566098107521101,0.07400607461898197,1258,1258,0,5,pca,fixed504,recent,raw,2014-2018
ld2_lasso_characteristics_textcore_pca_raw_fixed504_recent,lasso,characteristics_textcore,504,ew_spread_bp,27.056828276861577,7.008536735960552,3.8605531077598485,0.00011313064796685165,13.320348690052988,40.793307863670165,1258,1258,0,5,pca,fixed504,recent,raw,2014-2018
ld2_lasso_characteristics_textcore_pca_raw_fixed504_recent,lasso,characteristics_textcore,504,cap_spread_bp,15.864341378373718,7.881885485640362,2.0127596889445067,0.0441399166004936,0.41612969624961416,31.31255306049782,1258,1258,0,5,pca,fixed504,recent,raw,2014-2018
ld2_lasso_characteristics_textcore_pca_raw_fixed504_union,lasso,characteristics_textcore,504,rank_ic,0.06552877050009719,0.0045284838899744195,14.470355220909783,1.8650647836138444e-47,0.05665310517117748,0.07440443582901689,1258,1258,0,5,pca,fixed504,union,raw,2014-2018
ld2_lasso_characteristics_textcore_pca_raw_fixed504_union,lasso,characteristics_textcore,504,ew_spread_bp,28.614232372872276,7.10186954534019,4.029112642831799,5.59877878588812e-05,14.694823841103656,42.5336409046409,1258,1258,0,5,pca,fixed504,union,raw,2014-2018
ld2_lasso_characteristics_textcore_pca_raw_fixed504_union,lasso,characteristics_textcore,504,cap_spread_bp,17.11832740327709,7.557542655137344,2.2650652711355415,0.023508674401325227,2.3058159875826796,31.9308388189715,1258,1258,0,5,pca,fixed504,union,raw,2014-2018
ld2_lasso_characteristics_textcore_pca_raw_select_retain,lasso,characteristics_textcore,0,rank_ic,0.06598211464306863,0.004493672529724457,14.683338451258825,8.243006434910111e-49,0.0571746783264917,0.07478955095964557,1258,1258,0,5,pca,select,retain,raw,2014-2018
ld2_lasso_characteristics_textcore_pca_raw_select_retain,lasso,characteristics_textcore,0,ew_spread_bp,27.357662133828402,7.077731424841911,3.865315097688871,0.00011094587313156701,13.485563448890897,41.22976081876591,1258,1258,0,5,pca,select,retain,raw,2014-2018
ld2_lasso_characteristics_textcore_pca_raw_select_retain,lasso,characteristics_textcore,0,cap_spread_bp,15.472088303281732,7.523946735323635,2.056379297668727,0.03974597019131116,0.725423680449687,30.218752926113776,1258,1258,0,5,pca,select,retain,raw,2014-2018
ld2_lasso_characteristics_textcore_pca_raw_select_recent,lasso,characteristics_textcore,0,rank_ic,0.06548216545168879,0.004473898947575449,14.636487372423934,1.6434202239617918e-48,0.05671348464396926,0.07425084625940832,1258,1258,0,5,pca,select,recent,raw,2014-2018
ld2_lasso_characteristics_textcore_pca_raw_select_recent,lasso,characteristics_textcore,0,ew_spread_bp,25.534469184457684,7.142820305805101,3.5748441219647304,0.00035043661827155557,11.534798637038312,39.534139731877055,1258,1258,0,5,pca,select,recent,raw,2014-2018
ld2_lasso_characteristics_textcore_pca_raw_select_recent,lasso,characteristics_textcore,0,cap_spread_bp,13.519921049777096,7.522654926466909,1.7972273328941415,0.07229953699519961,-1.2242116742208538,28.264053773775046,1258,1258,0,5,pca,select,recent,raw,2014-2018
ld2_lasso_characteristics_textcore_pca_raw_select_union,lasso,characteristics_textcore,0,rank_ic,0.06605652277078822,0.004512889010144501,14.637302761556974,1.6238333312875362e-48,0.05721142284467838,0.07490162269689805,1258,1258,0,5,pca,select,union,raw,2014-2018
ld2_lasso_characteristics_textcore_pca_raw_select_union,lasso,characteristics_textcore,0,ew_spread_bp,27.52806202447649,7.185147426432925,3.831245260633828,0.0001274963341685005,13.4454318450573,41.61069220389568,1258,1258,0,5,pca,select,union,raw,2014-2018
ld2_lasso_characteristics_textcore_pca_raw_select_union,lasso,characteristics_textcore,0,cap_spread_bp,15.110256415734172,7.585566178926899,1.9919747661962606,0.04637382660761961,0.2428199026923341,29.97769292877601,1258,1258,0,5,pca,select,union,raw,2014-2018
ld2_enet_characteristics_textcore_pca_raw_fixed504_retain,enet,characteristics_textcore,504,rank_ic,0.06558735231490707,0.004528788569298919,14.482317138744312,1.5672342486913828e-47,0.05671108982548451,0.07446361480432964,1258,1258,0,5,pca,fixed504,retain,raw,2014-2018
ld2_enet_characteristics_textcore_pca_raw_fixed504_retain,enet,characteristics_textcore,504,ew_spread_bp,27.72900575947365,7.078558983215382,3.9173235435664844,8.953754128164824e-05,13.855285089929037,41.60272642901826,1258,1258,0,5,pca,fixed504,retain,raw,2014-2018
ld2_enet_characteristics_textcore_pca_raw_fixed504_retain,enet,characteristics_textcore,504,cap_spread_bp,14.615532362779446,7.520469971437399,1.9434333782714321,0.05196381762671805,-0.12431792805282527,29.355382653611716,1258,1258,0,5,pca,fixed504,retain,raw,2014-2018
ld2_enet_characteristics_textcore_pca_raw_fixed504_recent,enet,characteristics_textcore,504,rank_ic,0.06538884862730526,0.004438241941760742,14.733051844705013,3.954370453307065e-49,0.05669005426677909,0.07408764298783144,1258,1258,0,5,pca,fixed504,recent,raw,2014-2018
ld2_enet_characteristics_textcore_pca_raw_fixed504_recent,enet,characteristics_textcore,504,ew_spread_bp,26.366767646452896,7.0122343353442504,3.760109315450947,0.00016983912493347643,12.623040898023001,40.11049439488279,1258,1258,0,5,pca,fixed504,recent,raw,2014-2018
ld2_enet_characteristics_textcore_pca_raw_fixed504_recent,enet,characteristics_textcore,504,cap_spread_bp,15.776298812389825,7.871158503487787,2.004317255890501,0.045036086561203566,0.34911162894757375,31.203485995832075,1258,1258,0,5,pca,fixed504,recent,raw,2014-2018
ld2_enet_characteristics_textcore_pca_raw_fixed504_union,enet,characteristics_textcore,504,rank_ic,0.06560132080805339,0.004523368795167788,14.502757519602158,1.1637902925550364e-47,0.05673568088073219,0.0744669607353746,1258,1258,0,5,pca,fixed504,union,raw,2014-2018
ld2_enet_characteristics_textcore_pca_raw_fixed504_union,enet,characteristics_textcore,504,ew_spread_bp,28.326963317338386,7.079913720365703,4.001032277533913,6.306675349630463e-05,14.450587411770623,42.20333922290615,1258,1258,0,5,pca,fixed504,union,raw,2014-2018
ld2_enet_characteristics_textcore_pca_raw_fixed504_union,enet,characteristics_textcore,504,cap_spread_bp,17.20984946275968,7.539337480489932,2.282673975968685,0.022449579828803017,2.433019533706462,31.9866793918129,1258,1258,0,5,pca,fixed504,union,raw,2014-2018
ld2_enet_characteristics_textcore_pca_raw_select_retain,enet,characteristics_textcore,0,rank_ic,0.06617180880163934,0.004513954321187474,14.659388220001237,1.1732529714757414e-48,0.05732462090425294,0.07501899669902573,1258,1258,0,5,pca,select,retain,raw,2014-2018
ld2_enet_characteristics_textcore_pca_raw_select_retain,enet,characteristics_textcore,0,ew_spread_bp,27.635777435898444,7.102786361606971,3.890836078821042,9.989940598268105e-05,13.714571977266491,41.55698289453039,1258,1258,0,5,pca,select,retain,raw,2014-2018
ld2_enet_characteristics_textcore_pca_raw_select_retain,enet,characteristics_textcore,0,cap_spread_bp,16.138035447333476,7.575577679164832,2.1302712652155935,0.03314922443477172,1.290176034084876,30.985894860582075,1258,1258,0,5,pca,select,retain,raw,2014-2018
ld2_enet_characteristics_textcore_pca_raw_select_recent,enet,characteristics_textcore,0,rank_ic,0.06560133134451879,0.0044907697853356,14.608037036041546,2.4960656428010975e-48,0.05679958430240034,0.07440307838663723,1258,1258,0,5,pca,select,recent,raw,2014-2018
ld2_enet_characteristics_textcore_pca_raw_select_recent,enet,characteristics_textcore,0,ew_spread_bp,25.722869472721896,7.157949014230676,3.5936089264651665,0.00032612921774540773,11.69354720165579,39.752191743788,1258,1258,0,5,pca,select,recent,raw,2014-2018
ld2_enet_characteristics_textcore_pca_raw_select_recent,enet,characteristics_textcore,0,cap_spread_bp,14.27553670513743,7.551837953534527,1.8903393839980338,0.05871258467976008,-0.5257937008729083,29.07686711114777,1258,1258,0,5,pca,select,recent,raw,2014-2018
ld2_enet_characteristics_textcore_pca_raw_select_union,enet,characteristics_textcore,0,rank_ic,0.06620860271579401,0.004530099952443119,14.61526310916985,2.2448548926537586e-48,0.05732976996263889,0.07508743546894914,1258,1258,0,5,pca,select,union,raw,2014-2018
ld2_enet_characteristics_textcore_pca_raw_select_union,enet,characteristics_textcore,0,ew_spread_bp,27.73481419142713,7.212122277209856,3.845582912406868,0.0001202661878609025,13.599314275996813,41.87031410685745,1258,1258,0,5,pca,select,union,raw,2014-2018
ld2_enet_characteristics_textcore_pca_raw_select_union,enet,characteristics_textcore,0,cap_spread_bp,15.496626477795186,7.629704397665701,2.031091333307272,0.04224573046296131,0.5426806456835465,30.450572309906825,1258,1258,0,5,pca,select,union,raw,2014-2018
ld2_group_ridge_characteristics_textcore_pca_raw_fixed504_retain,group_ridge,characteristics_textcore,504,rank_ic,0.06602890314296737,0.0045392667848184985,14.546160486490887,6.17742837090258e-48,0.05713210372850419,0.07492570255743056,1258,1258,0,5,pca,fixed504,retain,raw,2014-2018
ld2_group_ridge_characteristics_textcore_pca_raw_fixed504_retain,group_ridge,characteristics_textcore,504,ew_spread_bp,28.2881483856224,7.153814918150176,3.9542745666863173,7.676721342477863e-05,14.2669287939827,42.3093679772621,1258,1258,0,5,pca,fixed504,retain,raw,2014-2018
ld2_group_ridge_characteristics_textcore_pca_raw_fixed504_retain,group_ridge,characteristics_textcore,504,cap_spread_bp,17.41271288982427,7.526359047493957,2.313563939740845,0.020691653640937988,2.6613202220189294,32.16410555762961,1258,1258,0,5,pca,fixed504,retain,raw,2014-2018
ld2_group_ridge_characteristics_textcore_pca_raw_fixed504_recent,group_ridge,characteristics_textcore,504,rank_ic,0.06578976616215687,0.0044544661977196694,14.769393961466353,2.3077873712574557e-49,0.057059172844275245,0.0745203594800385,1258,1258,0,5,pca,fixed504,recent,raw,2014-2018
ld2_group_ridge_characteristics_textcore_pca_raw_fixed504_recent,group_ridge,characteristics_textcore,504,ew_spread_bp,27.847783476192994,7.002239496412254,3.9769824340429083,6.979531863247428e-05,14.123646252101091,41.5719207002849,1258,1258,0,5,pca,fixed504,recent,raw,2014-2018
ld2_group_ridge_characteristics_textcore_pca_raw_fixed504_recent,group_ridge,characteristics_textcore,504,cap_spread_bp,17.141345200389615,7.295000692071185,2.349738666785907,0.01878659583464097,2.8434065767353243,31.439283824043905,1258,1258,0,5,pca,fixed504,recent,raw,2014-2018
ld2_group_ridge_characteristics_textcore_pca_raw_fixed504_union,group_ridge,characteristics_textcore,504,rank_ic,0.06606779009172704,0.004529200103946682,14.587076873498368,3.3943273539052117e-48,0.057190721009216475,0.07494485917423761,1258,1258,0,5,pca,fixed504,union,raw,2014-2018
ld2_group_ridge_characteristics_textcore_pca_raw_fixed504_union,group_ridge,characteristics_textcore,504,ew_spread_bp,28.998948979834324,7.094683896943907,4.087419453927448,4.361980445174512e-05,15.093624060127985,42.90427389954066,1258,1258,0,5,pca,fixed504,union,raw,2014-2018
ld2_group_ridge_characteristics_textcore_pca_raw_fixed504_union,group_ridge,characteristics_textcore,504,cap_spread_bp,19.06437081936216,7.4577679894804945,2.5563105269905533,0.010578866611648433,4.447414154924703,33.68132748379962,1258,1258,0,5,pca,fixed504,union,raw,2014-2018
ld2_group_ridge_characteristics_textcore_pca_raw_select_retain,group_ridge,characteristics_textcore,0,rank_ic,0.06585322741806902,0.004509110509488174,14.604482919524626,2.6296984927829334e-48,0.05701553321716115,0.0746909216189769,1258,1258,0,5,pca,select,retain,raw,2014-2018
ld2_group_ridge_characteristics_textcore_pca_raw_select_retain,group_ridge,characteristics_textcore,0,ew_spread_bp,26.767772833783194,7.181087579584071,3.727537442919417,0.00019335984121698958,12.693099807970507,40.842445859595884,1258,1258,0,5,pca,select,retain,raw,2014-2018
ld2_group_ridge_characteristics_textcore_pca_raw_select_retain,group_ridge,characteristics_textcore,0,cap_spread_bp,16.3290025392474,7.581620273082109,2.153761590675033,0.0312588732814628,1.4692998595477391,31.188705218947064,1258,1258,0,5,pca,select,retain,raw,2014-2018
ld2_group_ridge_characteristics_textcore_pca_raw_select_recent,group_ridge,characteristics_textcore,0,rank_ic,0.06530555869479134,0.0044444311093025605,14.693794793691687,7.064420827078305e-49,0.056594633788788914,0.07401648360079376,1258,1258,0,5,pca,select,recent,raw,2014-2018
ld2_group_ridge_characteristics_textcore_pca_raw_select_recent,group_ridge,characteristics_textcore,0,ew_spread_bp,26.178578698931528,6.987846682570505,3.7463012410142977,0.00017946107045463392,12.482650871605642,39.87450652625741,1258,1258,0,5,pca,select,recent,raw,2014-2018
ld2_group_ridge_characteristics_textcore_pca_raw_select_recent,group_ridge,characteristics_textcore,0,cap_spread_bp,14.582967193304095,7.042142928757156,2.070813861751283,0.038376194322391,0.7806206789566534,28.385313707651534,1258,1258,0,5,pca,select,recent,raw,2014-2018
ld2_group_ridge_characteristics_textcore_pca_raw_select_union,group_ridge,characteristics_textcore,0,rank_ic,0.06587582611687774,0.004495460923594166,14.653853572863305,1.272869267108685e-48,0.057064884612726005,0.07468676762102948,1258,1258,0,5,pca,select,union,raw,2014-2018
ld2_group_ridge_characteristics_textcore_pca_raw_select_union,group_ridge,characteristics_textcore,0,ew_spread_bp,27.30313178716273,7.061102870014062,3.8666950885405185,0.00011032021788702135,13.463624470802758,41.142639103522704,1258,1258,0,5,pca,select,union,raw,2014-2018
ld2_group_ridge_characteristics_textcore_pca_raw_select_union,group_ridge,characteristics_textcore,0,cap_spread_bp,17.37310660877514,7.3292134361159755,2.3703916880310962,0.017769249444155987,3.00811223898077,31.738100978569506,1258,1258,0,5,pca,select,union,raw,2014-2018
ld2_ols_characteristics_full_raw_fixed504_retain,ols,characteristics,504,rank_ic,0.07142476768257452,0.005290260616270538,13.50118129585205,1.5388868887095263e-41,0.0610560474058536,0.08179348795929545,1008,1008,0,5,full,fixed504,retain,raw,2019-2022
ld2_ols_characteristics_full_raw_fixed504_retain,ols,characteristics,504,ew_spread_bp,18.31042419363651,9.151186070079145,2.0008798917885136,0.045405335044051094,0.37442908045674983,36.24641930681627,1008,1008,0,5,full,fixed504,retain,raw,2019-2022
ld2_ols_characteristics_full_raw_fixed504_retain,ols,characteristics,504,cap_spread_bp,7.399479019446322,11.673526794410574,0.6338683372868329,0.5261667506368289,-15.48021307016171,30.279171109054353,1008,1008,0,5,full,fixed504,retain,raw,2019-2022
ld2_ols_characteristics_full_raw_fixed504_recent,ols,characteristics,504,rank_ic,0.07237309741813173,0.005364250435714778,13.491744706078052,1.749117991182519e-41,0.061859359760077476,0.082886835076186,1008,1008,0,5,full,fixed504,recent,raw,2019-2022
ld2_ols_characteristics_full_raw_fixed504_recent,ols,characteristics,504,ew_spread_bp,18.937449843099277,9.087521414882943,2.083896034851128,0.03716962511108609,1.126235161192234,36.74866452500632,1008,1008,0,5,full,fixed504,recent,raw,2019-2022
ld2_ols_characteristics_full_raw_fixed504_recent,ols,characteristics,504,cap_spread_bp,9.592414228775526,11.256288718726735,0.8521826748115413,0.39411271098223355,-12.469506259513386,31.654334717064437,1008,1008,0,5,full,fixed504,recent,raw,2019-2022
ld2_ols_characteristics_full_raw_fixed504_union,ols,characteristics,504,rank_ic,0.07288782411508955,0.005373834676538962,13.563466035399738,6.594483527952408e-42,0.06235530169020074,0.08342034653997837,1008,1008,0,5,full,fixed504,union,raw,2019-2022
ld2_ols_characteristics_full_raw_fixed504_union,ols,characteristics,504,ew_spread_bp,19.530889435457937,9.081005996964238,2.150740726521607,0.03149666988862574,1.7324447380157828,37.32933413290009,1008,1008,0,5,full,fixed504,union,raw,2019-2022
ld2_ols_characteristics_full_raw_fixed504_union,ols,characteristics,504,cap_spread_bp,10.572822088853103,11.322171379195762,0.933815761549099,0.3503989377155142,-11.618226041160783,32.76387021886699,1008,1008,0,5,full,fixed504,union,raw,2019-2022
ld2_ols_characteristics_full_raw_select_retain,ols,characteristics,0,rank_ic,0.07224828623417705,0.005368397573596566,13.458072961942385,2.760211732271901e-41,0.061726420335235566,0.08277015213311853,1008,1008,0,5,full,select,retain,raw,2019-2022
ld2_ols_characteristics_full_raw_select_retain,ols,characteristics,0,ew_spread_bp,18.032152569303435,9.197648819685448,1.9605176195366112,0.04993532062955384,0.005092140272619616,36.059212998334246,1008,1008,0,5,full,select,retain,raw,2019-2022
ld2_ols_characteristics_full_raw_select_retain,ols,characteristics,0,cap_spread_bp,11.148332188950244,12.06969965431718,0.9236627677775416,0.3556619227403758,-12.507844437726968,34.80450881562746,1008,1008,0,5,full,select,retain,raw,2019-2022
ld2_ols_characteristics_full_raw_select_recent,ols,characteristics,0,rank_ic,0.07331463854247591,0.005409154639992222,13.553807095923835,7.522513737980074e-42,0.06271289026128343,0.08391638682366839,1008,1008,0,5,full,select,recent,raw,2019-2022
ld2_ols_characteristics_full_raw_select_recent,ols,characteristics,0,ew_spread_bp,20.370884878633767,9.082806903223672,2.2427962077894366,0.02490995913809031,2.5689104697835887,38.172859287483945,1008,1008,0,5,full,select,recent,raw,2019-2022
ld2_ols_characteristics_full_raw_select_recent,ols,characteristics,0,cap_spread_bp,13.251720410566891,11.494161746270791,1.1529088160662373,0.24894781311365255,-9.276422644601874,35.77986346573566,1008,1008,0,5,full,select,recent,raw,2019-2022
ld2_ols_characteristics_full_raw_select_union,ols,characteristics,0,rank_ic,0.07326974597142805,0.005411665017515291,13.539224200737591,9.175279474005977e-42,0.06266307744070275,0.08387641450215334,1008,1008,0,5,full,select,union,raw,2019-2022
ld2_ols_characteristics_full_raw_select_union,ols,characteristics,0,ew_spread_bp,20.34966186057932,9.140151579929126,2.226403105312299,0.025987192675036477,2.435293950681359,38.26402977047728,1008,1008,0,5,full,select,union,raw,2019-2022
ld2_ols_characteristics_full_raw_select_union,ols,characteristics,0,cap_spread_bp,12.06420396176059,12.366353497399311,0.9755668042562212,0.3292791815121374,-12.173403513232998,36.30181143675418,1008,1008,0,5,full,select,union,raw,2019-2022
ld2_ridge_characteristics_full_raw_fixed504_retain,ridge,characteristics,504,rank_ic,0.07368179557898206,0.005664280145002688,13.008148201142177,1.0997485294616432e-38,0.06258001049643148,0.08478358066153265,1008,1008,0,5,full,fixed504,retain,raw,2019-2022
ld2_ridge_characteristics_full_raw_fixed504_retain,ridge,characteristics,504,ew_spread_bp,13.160949302229756,9.653593605245364,1.3633212501382532,0.1727812876858591,-5.759746485437333,32.081645089896845,1008,1008,0,5,full,fixed504,retain,raw,2019-2022
ld2_ridge_characteristics_full_raw_fixed504_retain,ridge,characteristics,504,cap_spread_bp,8.66522991124832,11.434358432740018,0.7578238833616718,0.4485564225025086,-13.745700803243972,31.076160625740613,1008,1008,0,5,full,fixed504,retain,raw,2019-2022
ld2_ridge_characteristics_full_raw_fixed504_recent,ridge,characteristics,504,rank_ic,0.07398272769897833,0.005712105879137833,12.95191813043652,2.2915577231966436e-38,0.06278720589998868,0.08517824949796798,1008,1008,0,5,full,fixed504,recent,raw,2019-2022
ld2_ridge_characteristics_full_raw_fixed504_recent,ridge,characteristics,504,ew_spread_bp,13.651577670584638,9.653984766050275,1.4140873433519923,0.15733625883633273,-5.269884778172239,32.57304011934151,1008,1008,0,5,full,fixed504,recent,raw,2019-2022
ld2_ridge_characteristics_full_raw_fixed504_recent,ridge,characteristics,504,cap_spread_bp,11.586302994701033,11.644583247937334,0.994995076079977,0.31973865916019106,-11.236660786234587,34.40926677563665,1008,1008,0,5,full,fixed504,recent,raw,2019-2022
ld2_ridge_characteristics_full_raw_fixed504_union,ridge,characteristics,504,rank_ic,0.07452460143290737,0.005726659996736088,13.013624254868056,1.0236935163312825e-38,0.06330055408759838,0.08574864877821636,1008,1008,0,5,full,fixed504,union,raw,2019-2022
ld2_ridge_characteristics_full_raw_fixed504_union,ridge,characteristics,504,ew_spread_bp,14.402581947182993,9.6707059242732,1.4892999601024903,0.13640839824018017,-4.551653369470616,33.356817263836604,1008,1008,0,5,full,fixed504,union,raw,2019-2022
ld2_ridge_characteristics_full_raw_fixed504_union,ridge,characteristics,504,cap_spread_bp,12.205009713438383,11.585777446160412,1.0534476231876169,0.2921358874508403,-10.50269681393247,34.91271624080923,1008,1008,0,5,full,fixed504,union,raw,2019-2022
ld2_ridge_characteristics_full_raw_select_retain,ridge,characteristics,0,rank_ic,0.07426974814517132,0.005706978693996567,13.013847103249057,1.0207117354812571e-38,0.06308427544440061,0.08545522084594202,1008,1008,0,5,full,select,retain,raw,2019-2022
ld2_ridge_characteristics_full_raw_select_retain,ridge,characteristics,0,ew_spread_bp,12.542504561916296,9.674801162404556,1.2964095438628123,0.19483442574747845,-6.419757273982885,31.504766397815477,1008,1008,0,5,full,select,retain,raw,2019-2022
ld2_ridge_characteristics_full_raw_select_retain,ridge,characteristics,0,cap_spread_bp,13.298831308836894,11.744706918544882,1.1323255148953995,0.2574976069693401,-9.720371260489474,36.31803387816326,1008,1008,0,5,full,select,retain,raw,2019-2022
ld2_ridge_characteristics_full_raw_select_recent,ridge,characteristics,0,rank_ic,0.07475801548733428,0.005709780042276493,13.092976425327972,3.611722489091997e-39,0.06356705224482677,0.0859489787298418,1008,1008,0,5,full,select,recent,raw,2019-2022
ld2_ridge_characteristics_full_raw_select_recent,ridge,characteristics,0,ew_spread_bp,14.711489372143122,9.664236807668024,1.5222608535906725,0.12794373265369136,-4.230066708952551,33.653045453238796,1008,1008,0,5,full,select,recent,raw,2019-2022
ld2_ridge_characteristics_full_raw_select_recent,ridge,characteristics,0,cap_spread_bp,14.252211292717483,11.504205758355155,1.2388696440314044,0.21539377712176722,-8.295617664396921,36.80004024983189,1008,1008,0,5,full,select,recent,raw,2019-2022
ld2_ridge_characteristics_full_raw_select_union,ridge,characteristics,0,rank_ic,0.07483847708014038,0.005736764636103585,13.045415286719996,6.748824922538478e-39,0.06359462500559432,0.08608232915468644,1008,1008,0,5,full,select,union,raw,2019-2022
ld2_ridge_characteristics_full_raw_select_union,ridge,characteristics,0,ew_spread_bp,14.378111255445496,9.686656688075956,1.4843213420730197,0.13772369102374651,-4.607386983787418,33.363609494678414,1008,1008,0,5,full,select,union,raw,2019-2022
ld2_ridge_characteristics_full_raw_select_union,ridge,characteristics,0,cap_spread_bp,15.080524744973822,11.514286466953287,1.3097229071254965,0.19028959132890733,-7.487062037931565,37.64811152787921,1008,1008,0,5,full,select,union,raw,2019-2022
ld2_lasso_characteristics_full_raw_fixed504_retain,lasso,characteristics,504,rank_ic,0.07287033954163577,0.005591272645921643,13.032871790787823,7.955598055224276e-39,0.061911646527885375,0.08382903255538617,1008,1008,0,5,full,fixed504,retain,raw,2019-2022
ld2_lasso_characteristics_full_raw_fixed504_retain,lasso,characteristics,504,ew_spread_bp,15.037232548195318,9.506897711933664,1.581718138117719,0.11371393013023835,-3.59594457190091,33.67040966829155,1008,1008,0,5,full,fixed504,retain,raw,2019-2022
ld2_lasso_characteristics_full_raw_fixed504_retain,lasso,characteristics,504,cap_spread_bp,14.193887408166827,11.437576646826171,1.2409873040811934,0.21461043898901233,-8.223350890028865,36.611125706362515,1008,1008,0,5,full,fixed504,retain,raw,2019-2022
ld2_lasso_characteristics_full_raw_fixed504_recent,lasso,characteristics,504,rank_ic,0.07299494067132674,0.005612362703617462,13.006098238140893,1.129642779311547e-38,0.061994911904060666,0.0839949694385928,1008,1008,0,5,full,fixed504,recent,raw,2019-2022
ld2_lasso_characteristics_full_raw_fixed504_recent,lasso,characteristics,504,ew_spread_bp,14.284353571455409,9.38492285463383,1.5220533820800106,0.12799570550729886,-4.109757221313732,32.67846436422455,1008,1008,0,5,full,fixed504,recent,raw,2019-2022
ld2_lasso_characteristics_full_raw_fixed504_recent,lasso,characteristics,504,cap_spread_bp,9.586592489370734,10.858969695301901,0.8828270782925512,0.3773297077650998,-11.69659702263288,30.869782001374347,1008,1008,0,5,full,fixed504,recent,raw,2019-2022
ld2_lasso_characteristics_full_raw_fixed504_union,lasso,characteristics,504,rank_ic,0.07365479647758265,0.005638880747549929,13.061953209346617,5.431607439388143e-39,0.06260279329926849,0.08470679965589681,1008,1008,0,5,full,fixed504,union,raw,2019-2022
ld2_lasso_characteristics_full_raw_fixed504_union,lasso,characteristics,504,ew_spread_bp,14.071108188387381,9.388256903832165,1.4987988007277195,0.1339258358320089,-4.3295372207331795,32.47175359750794,1008,1008,0,5,full,fixed504,union,raw,2019-2022
ld2_lasso_characteristics_full_raw_fixed504_union,lasso,characteristics,504,cap_spread_bp,12.916606432025718,11.033864851868858,1.1706330107748213,0.24174632248792627,-8.709371287919621,34.542584151971056,1008,1008,0,5,full,fixed504,union,raw,2019-2022
ld2_lasso_characteristics_full_raw_select_retain,lasso,characteristics,0,rank_ic,0.0738199466222671,0.005619994524337917,13.13523461679239,2.068493366086717e-39,0.06280495976125247,0.08483493348328172,1008,1008,0,5,full,select,retain,raw,2019-2022
ld2_lasso_characteristics_full_raw_select_retain,lasso,characteristics,0,ew_spread_bp,14.28616638970133,9.499589585780745,1.5038719579091364,0.1326143386475123,-4.332687066340702,32.90501984574336,1008,1008,0,5,full,select,retain,raw,2019-2022
ld2_lasso_characteristics_full_raw_select_retain,lasso,characteristics,0,cap_spread_bp,15.940326269598275,11.03420360748772,1.4446286145002163,0.14856223088278514,-5.686315399159595,37.56696793835614,1008,1008,0,5,full,select,retain,raw,2019-2022
ld2_lasso_characteristics_full_raw_select_recent,lasso,characteristics,0,rank_ic,0.07406416017903412,0.005614110987379044,13.192500174210322,9.691682006061817e-40,0.06306070483856059,0.08506761551950766,1008,1008,0,5,full,select,recent,raw,2019-2022
ld2_lasso_characteristics_full_raw_select_recent,lasso,characteristics,0,ew_spread_bp,15.384527418068267,9.32403948591232,1.649985228109848,0.09894595739658042,-2.8902541647492406,33.65930900088577,1008,1008,0,5,full,select,recent,raw,2019-2022
ld2_lasso_characteristics_full_raw_select_recent,lasso,characteristics,0,cap_spread_bp,15.345915255854342,10.987538742839869,1.3966654056946692,0.16251421180677084,-6.189264958850304,36.88109547055899,1008,1008,0,5,full,select,recent,raw,2019-2022
ld2_lasso_characteristics_full_raw_select_union,lasso,characteristics,0,rank_ic,0.07411913717892622,0.005651920609641737,13.113973514151056,2.7386516802496195e-39,0.06304157634054876,0.08519669801730369,1008,1008,0,5,full,select,union,raw,2019-2022
ld2_lasso_characteristics_full_raw_select_union,lasso,characteristics,0,ew_spread_bp,14.81144848603387,9.35110360067437,1.583925183436714,0.11321074573783604,-3.5163777869907182,33.13927475905846,1008,1008,0,5,full,select,union,raw,2019-2022
ld2_lasso_characteristics_full_raw_select_union,lasso,characteristics,0,cap_spread_bp,16.740871903550836,10.787210904548322,1.5519184756545559,0.12068173154894042,-4.401672963001616,37.88341677010329,1008,1008,0,5,full,select,union,raw,2019-2022
ld2_enet_characteristics_full_raw_fixed504_retain,enet,characteristics,504,rank_ic,0.07298677183266719,0.005600448004903792,13.032309516802846,8.014451707558197e-39,0.06201009544576656,0.08396344821956782,1008,1008,0,5,full,fixed504,retain,raw,2019-2022
ld2_enet_characteristics_full_raw_fixed504_retain,enet,characteristics,504,ew_spread_bp,14.556885901279248,9.49594041314601,1.5329588506186238,0.1252859940642121,-4.054815307825333,33.168587110383825,1008,1008,0,5,full,fixed504,retain,raw,2019-2022
ld2_enet_characteristics_full_raw_fixed504_retain,enet,characteristics,504,cap_spread_bp,13.040686199187665,11.373371909998637,1.1465980627718018,0.2515477774972561,-9.25071312718919,35.33208552556452,1008,1008,0,5,full,fixed504,retain,raw,2019-2022
ld2_enet_characteristics_full_raw_fixed504_recent,enet,characteristics,504,rank_ic,0.07308016905909134,0.0056206262091962915,13.002140035485704,1.1896691937029483e-38,0.06206394411850472,0.08409639399967797,1008,1008,0,5,full,fixed504,recent,raw,2019-2022
ld2_enet_characteristics_full_raw_fixed504_recent,enet,characteristics,504,ew_spread_bp,14.623037247418168,9.384557086336015,1.5582021733033538,0.1191853299694825,-3.770356652660567,33.0164311474969,1008,1008,0,5,full,fixed504,recent,raw,2019-2022
ld2_enet_characteristics_full_raw_fixed504_recent,enet,characteristics,504,cap_spread_bp,10.893160839379926,10.791433270298425,1.0094266967633936,0.31277004040431655,-10.257659711972282,32.043981390732135,1008,1008,0,5,full,fixed504,recent,raw,2019-2022
ld2_enet_characteristics_full_raw_fixed504_union,enet,characteristics,504,rank_ic,0.07373767832924007,0.005647384098825349,13.056961778919455,5.799654489556419e-39,0.0626690088886782,0.08480634776980193,1008,1008,0,5,full,fixed504,union,raw,2019-2022
ld2_enet_characteristics_full_raw_fixed504_union,enet,characteristics,504,ew_spread_bp,14.543812628480321,9.405038135750779,1.546385290368557,0.12201154451537446,-3.889723390816936,32.977348647777575,1008,1008,0,5,full,fixed504,union,raw,2019-2022
ld2_enet_characteristics_full_raw_fixed504_union,enet,characteristics,504,cap_spread_bp,11.740865809000878,11.032433480789802,1.064213605225414,0.28723194506964167,-9.882306475180998,33.36403809318276,1008,1008,0,5,full,fixed504,union,raw,2019-2022
ld2_enet_characteristics_full_raw_select_retain,enet,characteristics,0,rank_ic,0.07364512581082591,0.005587615088970807,13.180064238174062,1.1429346506334677e-39,0.06269360147697056,0.08459665014468126,1008,1008,0,5,full,select,retain,raw,2019-2022
ld2_enet_characteristics_full_raw_select_retain,enet,characteristics,0,ew_spread_bp,13.025303614499379,9.63736340327144,1.3515422288712169,0.17652180209794754,-5.863581561837009,31.914188790835766,1008,1008,0,5,full,select,retain,raw,2019-2022
ld2_enet_characteristics_full_raw_select_retain,enet,characteristics,0,cap_spread_bp,13.873423339825216,11.348063621622988,1.2225366196740668,0.22150476449984446,-8.368372652825013,36.11521933247545,1008,1008,0,5,full,select,retain,raw,2019-2022
ld2_enet_characteristics_full_raw_select_recent,enet,characteristics,0,rank_ic,0.0740159026676741,0.005584298313077956,13.254288814466646,4.2613743321062396e-40,0.06307087909511354,0.08496092624023467,1008,1008,0,5,full,select,recent,raw,2019-2022
ld2_enet_characteristics_full_raw_select_recent,enet,characteristics,0,ew_spread_bp,14.62818348032408,9.550048859903413,1.5317391245757486,0.1255868235399779,-4.089568335684415,33.34593529633257,1008,1008,0,5,full,select,recent,raw,2019-2022
ld2_enet_characteristics_full_raw_select_recent,enet,characteristics,0,cap_spread_bp,12.982306331811575,11.493932625109236,1.1294921203427704,0.2586902917035757,-9.545387654132448,35.5100003177556,1008,1008,0,5,full,select,recent,raw,2019-2022
ld2_enet_characteristics_full_raw_select_union,enet,characteristics,0,rank_ic,0.07398845545530137,0.005624951075381533,13.153617598404237,1.6222335878340602e-39,0.06296375393275372,0.08501315697784903,1008,1008,0,5,full,select,union,raw,2019-2022
ld2_enet_characteristics_full_raw_select_union,enet,characteristics,0,ew_spread_bp,14.062436920689173,9.54325657195984,1.4735469820656049,0.14060360521859352,-4.642002255577292,32.76687609695564,1008,1008,0,5,full,select,union,raw,2019-2022
ld2_enet_characteristics_full_raw_select_union,enet,characteristics,0,cap_spread_bp,13.78574801563486,11.307658001466292,1.219151482459695,0.22278670279362822,-8.376854416735236,35.94835044800496,1008,1008,0,5,full,select,union,raw,2019-2022
ld2_ols_characteristics_core_full_raw_fixed504_retain,ols,characteristics_core,504,rank_ic,0.07272023427625812,0.005243990331533832,13.867347130479537,9.990387525437764e-44,0.062442202091175555,0.08299826646134069,1008,1008,0,5,full,fixed504,retain,raw,2019-2022
ld2_ols_characteristics_core_full_raw_fixed504_retain,ols,characteristics_core,504,ew_spread_bp,22.93581182192075,9.020199622232868,2.542716656224422,0.010999438535938377,5.25654542898253,40.61507821485897,1008,1008,0,5,full,fixed504,retain,raw,2019-2022
ld2_ols_characteristics_core_full_raw_fixed504_retain,ols,characteristics_core,504,cap_spread_bp,10.52082687094228,11.689630460984558,0.9000136408124029,0.3681129915001248,-12.390427825169805,33.43208156705437,1008,1008,0,5,full,fixed504,retain,raw,2019-2022
ld2_ols_characteristics_core_full_raw_fixed504_recent,ols,characteristics_core,504,rank_ic,0.0735899824449458,0.0053143940667638246,13.847295010578332,1.3209343172974665e-43,0.06317396147443535,0.08400600341545625,1008,1008,0,5,full,fixed504,recent,raw,2019-2022
ld2_ols_characteristics_core_full_raw_fixed504_recent,ols,characteristics_core,504,ew_spread_bp,22.85006247301846,8.98683795057026,2.5426142764228334,0.011002661573496629,5.236183755003001,40.463941191033925,1008,1008,0,5,full,fixed504,recent,raw,2019-2022
ld2_ols_characteristics_core_full_raw_fixed504_recent,ols,characteristics_core,504,cap_spread_bp,10.265468319688349,11.163902888332178,0.9195232547586187,0.3578219478645962,-11.615379268345404,32.1463159077221,1008,1008,0,5,full,fixed504,recent,raw,2019-2022
ld2_ols_characteristics_core_full_raw_fixed504_union,ols,characteristics_core,504,rank_ic,0.0740615292236581,0.0053298571506846925,13.895593658479926,6.736266200986024e-44,0.06361520116557284,0.08450785728174337,1008,1008,0,5,full,fixed504,union,raw,2019-2022
ld2_ols_characteristics_core_full_raw_fixed504_union,ols,characteristics_core,504,ew_spread_bp,23.176342204462244,9.04419440811881,2.5625656812128295,0.01039019328848835,5.450046895370825,40.902637513553664,1008,1008,0,5,full,fixed504,union,raw,2019-2022
ld2_ols_characteristics_core_full_raw_fixed504_union,ols,characteristics_core,504,cap_spread_bp,4.507593242872841,11.39125454268233,0.39570648043928497,0.6923215742305624,-17.81885539951281,26.83404188525849,1008,1008,0,5,full,fixed504,union,raw,2019-2022
ld2_ols_characteristics_core_full_raw_select_retain,ols,characteristics_core,0,rank_ic,0.07372682071380633,0.00531593017058119,13.86903483454633,9.75809813961845e-44,0.06330778903513734,0.08414585239247532,1008,1008,0,5,full,select,retain,raw,2019-2022
ld2_ols_characteristics_core_full_raw_select_retain,ols,characteristics_core,0,ew_spread_bp,22.098545636152807,9.078648186723008,2.43412292024606,0.01492792470323454,4.304722161865843,39.89236911043977,1008,1008,0,5,full,select,retain,raw,2019-2022
ld2_ols_characteristics_core_full_raw_select_retain,ols,characteristics_core,0,cap_spread_bp,12.630960118376828,12.407894881676006,1.0179776858869305,0.3086885605653438,-11.688066973667018,36.94998721042067,1008,1008,0,5,full,select,retain,raw,2019-2022
ld2_ols_characteristics_core_full_raw_select_recent,ols,characteristics_core,0,rank_ic,0.07483664787032163,0.0053307490554768,14.0386739445997,9.038811219284391e-45,0.06438857171096618,0.08528472402967707,1008,1008,0,5,full,select,recent,raw,2019-2022
ld2_ols_characteristics_core_full_raw_select_recent,ols,characteristics_core,0,ew_spread_bp,23.58605540489819,9.042440259623017,2.6083728205776944,0.00909738104301407,5.8631981636820605,41.30891264611432,1008,1008,0,5,full,select,recent,raw,2019-2022
ld2_ols_characteristics_core_full_raw_select_recent,ols,characteristics_core,0,cap_spread_bp,9.617655073773216,11.74955298292952,0.8185549771762672,0.4130403632138433,-13.411045607213806,32.646355754760236,1008,1008,0,5,full,select,recent,raw,2019-2022
ld2_ols_characteristics_core_full_raw_select_union,ols,characteristics_core,0,rank_ic,0.07461651672648921,0.005361427587192236,13.917285184404712,4.974425141616783e-44,0.06410831174987294,0.08512472170310548,1008,1008,0,5,full,select,union,raw,2019-2022
ld2_ols_characteristics_core_full_raw_select_union,ols,characteristics_core,0,ew_spread_bp,22.95531976100139,9.027452235462377,2.542834806793707,0.010995720058617653,5.261838507339533,40.64880101466325,1008,1008,0,5,full,select,union,raw,2019-2022
ld2_ols_characteristics_core_full_raw_select_union,ols,characteristics_core,0,cap_spread_bp,10.44727243158889,12.292479922786896,0.8498913561146034,0.39538549175058735,-13.645545497755128,34.54009036093291,1008,1008,0,5,full,select,union,raw,2019-2022
ld2_ridge_characteristics_core_full_raw_fixed504_retain,ridge,characteristics_core,504,rank_ic,0.07532277935855264,0.005655643580392314,13.3181623431312,1.8152062354733698e-40,0.06423792163158853,0.08640763708551674,1008,1008,0,5,full,fixed504,retain,raw,2019-2022
ld2_ridge_characteristics_core_full_raw_fixed504_retain,ridge,characteristics_core,504,ew_spread_bp,19.23485135147517,9.71489493401474,1.9799340581778428,0.04771093880425496,0.19400716721565558,38.275695535734684,1008,1008,0,5,full,fixed504,retain,raw,2019-2022
ld2_ridge_characteristics_core_full_raw_fixed504_retain,ridge,characteristics_core,504,cap_spread_bp,13.154476248323135,11.81404938976934,1.1134604075478618,0.2655107434763906,-10.000635067202172,36.30958756384844,1008,1008,0,5,full,fixed504,retain,raw,2019-2022
ld2_ridge_characteristics_core_full_raw_fixed504_recent,ridge,characteristics_core,504,rank_ic,0.07559734567084352,0.005698046977518544,13.26723805000386,3.585540636409925e-40,0.06442937881268986,0.08676531252899718,1008,1008,0,5,full,fixed504,recent,raw,2019-2022
ld2_ridge_characteristics_core_full_raw_fixed504_recent,ridge,characteristics_core,504,ew_spread_bp,19.45418040135537,9.644360047867393,2.017156172602367,0.04367921814832802,0.5515820535982883,38.35677874911245,1008,1008,0,5,full,fixed504,recent,raw,2019-2022
ld2_ridge_characteristics_core_full_raw_fixed504_recent,ridge,characteristics_core,504,cap_spread_bp,11.121701444285769,11.823937715633097,0.9406089334842435,0.34690530215522397,-12.052790633799901,34.29619352237144,1008,1008,0,5,full,fixed504,recent,raw,2019-2022
ld2_ridge_characteristics_core_full_raw_fixed504_union,ridge,characteristics_core,504,rank_ic,0.0760256299812741,0.005710971403589059,13.312206384625881,1.965892167780645e-40,0.06483233171350139,0.08721892824904681,1008,1008,0,5,full,fixed504,union,raw,2019-2022
ld2_ridge_characteristics_core_full_raw_fixed504_union,ridge,characteristics_core,504,ew_spread_bp,20.57118952809756,9.761027653406494,2.1074819433503436,0.03507582524843743,1.4399268753213121,39.702452180873806,1008,1008,0,5,full,fixed504,union,raw,2019-2022
ld2_ridge_characteristics_core_full_raw_fixed504_union,ridge,characteristics_core,504,cap_spread_bp,11.063804162009943,12.056769307236202,0.9176425193247827,0.358806049846365,-12.56702945008095,34.69463777410083,1008,1008,0,5,full,fixed504,union,raw,2019-2022
ld2_ridge_characteristics_core_full_raw_select_retain,ridge,characteristics_core,0,rank_ic,0.0754253673744816,0.005714099734437878,13.19986889971593,8.788787569253805e-40,0.06422593769091348,0.08662479705804974,1008,1008,0,5,full,select,retain,raw,2019-2022
ld2_ridge_characteristics_core_full_raw_select_retain,ridge,characteristics_core,0,ew_spread_bp,18.497560878356104,9.75964770433823,1.8953103061428962,0.05805130358677262,-0.6309971239458427,37.626118880658055,1008,1008,0,5,full,select,retain,raw,2019-2022
ld2_ridge_characteristics_core_full_raw_select_retain,ridge,characteristics_core,0,cap_spread_bp,14.741840293522058,11.904219118878071,1.238371046963005,0.2155785110869629,-8.590000443552098,38.07368103059621,1008,1008,0,5,full,select,retain,raw,2019-2022
ld2_ridge_characteristics_core_full_raw_select_recent,ridge,characteristics_core,0,rank_ic,0.0760449486312821,0.005723968241079788,13.285354744899271,2.8152107596987728e-40,0.06482617703011463,0.08726372023244956,1008,1008,0,5,full,select,recent,raw,2019-2022
ld2_ridge_characteristics_core_full_raw_select_recent,ridge,characteristics_core,0,ew_spread_bp,19.044744489754656,9.738049960078001,1.955704126373378,0.05050001837093501,-0.04148271164993744,38.130971691159246,1008,1008,0,5,full,select,recent,raw,2019-2022
ld2_ridge_characteristics_core_full_raw_select_recent,ridge,characteristics_core,0,cap_spread_bp,13.334746670145758,11.780631276369867,1.1319212321748162,0.2576675513854384,-9.754866346685308,36.42435968697683,1008,1008,0,5,full,select,recent,raw,2019-2022
ld2_ridge_characteristics_core_full_raw_select_union,ridge,characteristics_core,0,rank_ic,0.07595729364293971,0.005749502166654559,13.211107925738323,7.570191362474015e-40,0.06468847646726177,0.08722611081861766,1008,1008,0,5,full,select,union,raw,2019-2022
ld2_ridge_characteristics_core_full_raw_select_union,ridge,characteristics_core,0,ew_spread_bp,18.67210713764019,9.758834207683845,1.9133542737039504,0.055702714019356586,-0.4548564405176201,37.799070715797995,1008,1008,0,5,full,select,union,raw,2019-2022
ld2_ridge_characteristics_core_full_raw_select_union,ridge,characteristics_core,0,cap_spread_bp,12.233802874841192,11.964241991341787,1.0225305442412882,0.30652986378211755,-11.215680530510486,35.683286280192874,1008,1008,0,5,full,select,union,raw,2019-2022
ld2_lasso_characteristics_core_full_raw_fixed504_retain,lasso,characteristics_core,504,rank_ic,0.07418282765294022,0.00552594470517639,13.424460723150194,4.347374901397386e-41,0.06335217505023469,0.08501348025564576,1008,1008,0,5,full,fixed504,retain,raw,2019-2022
ld2_lasso_characteristics_core_full_raw_fixed504_retain,lasso,characteristics_core,504,ew_spread_bp,17.851033425666603,9.594563306077792,1.860536311679621,0.0628096859996543,-0.9539651016354185,36.656031952968625,1008,1008,0,5,full,fixed504,retain,raw,2019-2022
ld2_lasso_characteristics_core_full_raw_fixed504_retain,lasso,characteristics_core,504,cap_spread_bp,10.393741138926716,11.663544994809744,0.8911305390901233,0.37285914310597856,-12.466386982962794,33.253869260816224,1008,1008,0,5,full,fixed504,retain,raw,2019-2022
ld2_lasso_characteristics_core_full_raw_fixed504_recent,lasso,characteristics_core,504,rank_ic,0.07428920989336234,0.005566022182626912,13.34691229317041,1.234611738283515e-40,0.06338000687826256,0.08519841290846211,1008,1008,0,5,full,fixed504,recent,raw,2019-2022
ld2_lasso_characteristics_core_full_raw_fixed504_recent,lasso,characteristics_core,504,ew_spread_bp,19.72208606326339,9.491926897532037,2.0777747528156016,0.03773011024233397,1.1182512002135852,38.325920926313195,1008,1008,0,5,full,fixed504,recent,raw,2019-2022
ld2_lasso_characteristics_core_full_raw_fixed504_recent,lasso,characteristics_core,504,cap_spread_bp,11.761500145488867,11.564107972051891,1.0170693817382226,0.30912042462659295,-10.903734993065363,34.4267352840431,1008,1008,0,5,full,fixed504,recent,raw,2019-2022
ld2_lasso_characteristics_core_full_raw_fixed504_union,lasso,characteristics_core,504,rank_ic,0.07489424153234175,0.005592820875088969,13.391138962795829,6.812792044139032e-41,0.06393251404518359,0.08585596901949992,1008,1008,0,5,full,fixed504,union,raw,2019-2022
ld2_lasso_characteristics_core_full_raw_fixed504_union,lasso,characteristics_core,504,ew_spread_bp,20.54473424858031,9.468628960275556,2.169768647052616,0.030024376656096675,1.9865625034672796,39.10290599369334,1008,1008,0,5,full,fixed504,union,raw,2019-2022
ld2_lasso_characteristics_core_full_raw_fixed504_union,lasso,characteristics_core,504,cap_spread_bp,12.950030066638586,11.450770814395774,1.1309308584150475,0.25808419391788306,-9.493068324799516,35.39312845807669,1008,1008,0,5,full,fixed504,union,raw,2019-2022
ld2_lasso_characteristics_core_full_raw_select_retain,lasso,characteristics_core,0,rank_ic,0.07489200999740865,0.005560851745431798,13.467722828419571,2.422216787979429e-41,0.06399294085299563,0.08579107914182167,1008,1008,0,5,full,select,retain,raw,2019-2022
ld2_lasso_characteristics_core_full_raw_select_retain,lasso,characteristics_core,0,ew_spread_bp,18.11745227603912,9.52816163784449,1.9014635734220964,0.057241319377042174,-0.5574013730122545,36.792305925090496,1008,1008,0,5,full,select,retain,raw,2019-2022
ld2_lasso_characteristics_core_full_raw_select_retain,lasso,characteristics_core,0,cap_spread_bp,17.37936348665575,11.585636919309033,1.5000783821984516,0.13359409998350652,-5.328067613147542,40.086794586459035,1008,1008,0,5,full,select,retain,raw,2019-2022
ld2_lasso_characteristics_core_full_raw_select_recent,lasso,characteristics_core,0,rank_ic,0.07519468672971837,0.005495546918136482,13.682839551703179,1.2857204209634743e-42,0.06442361269482078,0.08596576076461596,1008,1008,0,5,full,select,recent,raw,2019-2022
ld2_lasso_characteristics_core_full_raw_select_recent,lasso,characteristics_core,0,ew_spread_bp,18.634003102645462,9.469151437699646,1.9678640927060986,0.049083677266730345,0.0748073205984845,37.193198884692436,1008,1008,0,5,full,select,recent,raw,2019-2022
ld2_lasso_characteristics_core_full_raw_select_recent,lasso,characteristics_core,0,cap_spread_bp,9.375060768981452,11.761893706472675,0.7970706931165576,0.42540997584601303,-13.677827285693315,32.42794882365622,1008,1008,0,5,full,select,recent,raw,2019-2022
ld2_lasso_characteristics_core_full_raw_select_union,lasso,characteristics_core,0,rank_ic,0.07523847816938287,0.005601755558440581,13.43123193871169,3.967556950739737e-41,0.06425923902464227,0.08621771731412346,1008,1008,0,5,full,select,union,raw,2019-2022
ld2_lasso_characteristics_core_full_raw_select_union,lasso,characteristics_core,0,ew_spread_bp,18.265075680588836,9.533506004947776,1.9158823281916935,0.055380075343392544,-0.42025273550514086,36.95040409668282,1008,1008,0,5,full,select,union,raw,2019-2022
ld2_lasso_characteristics_core_full_raw_select_union,lasso,characteristics_core,0,cap_spread_bp,14.720221082905313,11.819094152151504,1.245461022089049,0.21296233459641922,-8.4447777851996,37.88521995101023,1008,1008,0,5,full,select,union,raw,2019-2022
ld2_enet_characteristics_core_full_raw_fixed504_retain,enet,characteristics_core,504,rank_ic,0.0743795652048998,0.005534388039377656,13.43952839513288,3.546898760639191e-41,0.06353236397125035,0.08522676643854925,1008,1008,0,5,full,fixed504,retain,raw,2019-2022
ld2_enet_characteristics_core_full_raw_fixed504_retain,enet,characteristics_core,504,ew_spread_bp,18.799692412792187,9.63734744542602,1.9507123219589542,0.05109127675270626,-0.08916148674190794,37.68854631232628,1008,1008,0,5,full,fixed504,retain,raw,2019-2022
ld2_enet_characteristics_core_full_raw_fixed504_retain,enet,characteristics_core,504,cap_spread_bp,10.5889781280317,11.674823764494338,0.9069925458091342,0.3644107391341831,-12.293255976229537,33.471212232292935,1008,1008,0,5,full,fixed504,retain,raw,2019-2022
ld2_enet_characteristics_core_full_raw_fixed504_recent,enet,characteristics_core,504,rank_ic,0.07446599363793056,0.005575192160917041,13.356668521660778,1.0830386896824306e-40,0.06353881779564313,0.085393169480218,1008,1008,0,5,full,fixed504,recent,raw,2019-2022
ld2_enet_characteristics_core_full_raw_fixed504_recent,enet,characteristics_core,504,ew_spread_bp,20.081471775743534,9.530091368761639,2.107164663873833,0.035103308751159794,1.4028359235946937,38.760107627892374,1008,1008,0,5,full,fixed504,recent,raw,2019-2022
ld2_enet_characteristics_core_full_raw_fixed504_recent,enet,characteristics_core,504,cap_spread_bp,11.794737448491063,11.820981899802472,0.997779841680339,0.3183861271948605,-11.373961337021647,34.96343623400377,1008,1008,0,5,full,fixed504,recent,raw,2019-2022
ld2_enet_characteristics_core_full_raw_fixed504_union,enet,characteristics_core,504,rank_ic,0.07505657832021341,0.0056023270721174065,13.397393146460063,6.26244049105582e-41,0.06407621902924956,0.08603693761117726,1008,1008,0,5,full,fixed504,union,raw,2019-2022
ld2_enet_characteristics_core_full_raw_fixed504_union,enet,characteristics_core,504,ew_spread_bp,20.4110039609877,9.527045500513646,2.1424274671394454,0.03215909958199764,1.7383379009065791,39.08367002106882,1008,1008,0,5,full,fixed504,union,raw,2019-2022
ld2_enet_characteristics_core_full_raw_fixed504_union,enet,characteristics_core,504,cap_spread_bp,12.226818013455182,11.579364163766344,1.055914456142145,0.2910072989344642,-10.468318711400615,34.92195473831098,1008,1008,0,5,full,fixed504,union,raw,2019-2022
ld2_enet_characteristics_core_full_raw_select_retain,enet,characteristics_core,0,rank_ic,0.07501866166864639,0.005576785991628505,13.451952752223116,2.998478114547302e-41,0.06408836197556703,0.08594896136172575,1008,1008,0,5,full,select,retain,raw,2019-2022
ld2_enet_characteristics_core_full_raw_select_retain,enet,characteristics_core,0,ew_spread_bp,18.50572757756204,9.538989512008738,1.9400092173563015,0.05237856970249479,-0.19034831488039217,37.20180347000448,1008,1008,0,5,full,select,retain,raw,2019-2022
ld2_enet_characteristics_core_full_raw_select_retain,enet,characteristics_core,0,cap_spread_bp,21.835030870278555,11.30973824086734,1.9306398083890608,0.05352761132317892,-0.3316487563968167,44.001710496953926,1008,1008,0,5,full,select,retain,raw,2019-2022
ld2_enet_characteristics_core_full_raw_select_recent,enet,characteristics_core,0,rank_ic,0.07542050653811011,0.005498530962443662,13.716483012144696,8.089524803830924e-43,0.06464358388384217,0.08619742919237805,1008,1008,0,5,full,select,recent,raw,2019-2022
ld2_enet_characteristics_core_full_raw_select_recent,enet,characteristics_core,0,ew_spread_bp,18.71827856535807,9.449374871848338,1.9809012574073797,0.047602348055841084,0.1978441401175388,37.2387129905986,1008,1008,0,5,full,select,recent,raw,2019-2022
ld2_enet_characteristics_core_full_raw_select_recent,enet,characteristics_core,0,cap_spread_bp,14.377442876919076,11.34396887844433,1.2674085261498658,0.20500925270993264,-7.856327566575043,36.6112133204132,1008,1008,0,5,full,select,recent,raw,2019-2022
ld2_enet_characteristics_core_full_raw_select_union,enet,characteristics_core,0,rank_ic,0.0753663894034904,0.005608654533606342,13.437516779096416,3.644630021527866e-41,0.06437362851589468,0.08635915029108612,1008,1008,0,5,full,select,union,raw,2019-2022
ld2_enet_characteristics_core_full_raw_select_union,enet,characteristics_core,0,ew_spread_bp,18.609724228779008,9.532432119213565,1.9522535273311055,0.05090811196605834,-0.07349940995240445,37.29294786751042,1008,1008,0,5,full,select,union,raw,2019-2022
ld2_enet_characteristics_core_full_raw_select_union,enet,characteristics_core,0,cap_spread_bp,18.236228280998407,11.452143558830354,1.5923855815566579,0.11129809393150703,-4.20956064009145,40.68201720208826,1008,1008,0,5,full,select,union,raw,2019-2022
ld2_group_ridge_characteristics_core_full_raw_fixed504_retain,group_ridge,characteristics_core,504,rank_ic,0.0753001534631562,0.0056676093273031755,13.28605221612661,2.7890995837153042e-40,0.0641918433031987,0.0864084636231137,1008,1008,0,5,full,fixed504,retain,raw,2019-2022
ld2_group_ridge_characteristics_core_full_raw_fixed504_retain,group_ridge,characteristics_core,504,ew_spread_bp,18.56132189962342,9.732349506412667,1.9071779006080003,0.0564975542261374,-0.5137326179015815,37.63637641714842,1008,1008,0,5,full,fixed504,retain,raw,2019-2022
ld2_group_ridge_characteristics_core_full_raw_fixed504_retain,group_ridge,characteristics_core,504,cap_spread_bp,11.180924386495088,11.784075688420538,0.9488164097148384,0.3427139943777565,-11.91543955390321,34.277288326893384,1008,1008,0,5,full,fixed504,retain,raw,2019-2022
ld2_group_ridge_characteristics_core_full_raw_fixed504_recent,group_ridge,characteristics_core,504,rank_ic,0.07555879539665562,0.005711660605870102,13.228866455930667,5.978217493364916e-40,0.064364146317234,0.08675344447607725,1008,1008,0,5,full,fixed504,recent,raw,2019-2022
ld2_group_ridge_characteristics_core_full_raw_fixed504_recent,group_ridge,characteristics_core,504,ew_spread_bp,19.231716773356787,9.646740836724694,1.9935973297989447,0.046196077418817934,0.3244521651845993,38.13898138152898,1008,1008,0,5,full,fixed504,recent,raw,2019-2022
ld2_group_ridge_characteristics_core_full_raw_fixed504_recent,group_ridge,characteristics_core,504,cap_spread_bp,12.160810867103022,11.770782098185936,1.0331353316766603,0.3015405709553286,-10.909498115210225,35.23111984941627,1008,1008,0,5,full,fixed504,recent,raw,2019-2022
ld2_group_ridge_characteristics_core_full_raw_fixed504_union,group_ridge,characteristics_core,504,rank_ic,0.075999230051429,0.005723033840411164,13.279535325265337,3.0427647138396885e-40,0.06478228984191917,0.08721617026093884,1008,1008,0,5,full,fixed504,union,raw,2019-2022
ld2_group_ridge_characteristics_core_full_raw_fixed504_union,group_ridge,characteristics_core,504,ew_spread_bp,19.45742769302535,9.736258665119292,1.9984501606076577,0.04566787812370337,0.37471136522551163,38.54014402082518,1008,1008,0,5,full,fixed504,union,raw,2019-2022
ld2_group_ridge_characteristics_core_full_raw_fixed504_union,group_ridge,characteristics_core,504,cap_spread_bp,9.352953520464204,12.029160083336384,0.7775234060955392,0.4368500306693487,-14.223767007141944,32.92967404807035,1008,1008,0,5,full,fixed504,union,raw,2019-2022
ld2_group_ridge_characteristics_core_full_raw_select_retain,group_ridge,characteristics_core,0,rank_ic,0.07567740589377958,0.00573157329217208,13.20360083280036,8.363936986637446e-40,0.06444372866637063,0.08691108312118853,1008,1008,0,5,full,select,retain,raw,2019-2022
ld2_group_ridge_characteristics_core_full_raw_select_retain,group_ridge,characteristics_core,0,ew_spread_bp,17.359615818715078,9.77279061151742,1.776321268794651,0.0756799795651636,-1.7947018083102364,36.51393344574039,1008,1008,0,5,full,select,retain,raw,2019-2022
ld2_group_ridge_characteristics_core_full_raw_select_retain,group_ridge,characteristics_core,0,cap_spread_bp,14.380784130389838,11.889465775202154,1.209539974485971,0.2264554631519864,-8.922140584427979,37.683708845207654,1008,1008,0,5,full,select,retain,raw,2019-2022
ld2_group_ridge_characteristics_core_full_raw_select_recent,group_ridge,characteristics_core,0,rank_ic,0.07622026747818172,0.005737844105561967,13.28378151722487,2.8750035208045835e-40,0.06497429968237484,0.08746623527398861,1008,1008,0,5,full,select,recent,raw,2019-2022
ld2_group_ridge_characteristics_core_full_raw_select_recent,group_ridge,characteristics_core,0,ew_spread_bp,18.998932279254678,9.714316464534797,1.9557662495983454,0.050492696407673794,-0.04077812565799377,38.03864268416735,1008,1008,0,5,full,select,recent,raw,2019-2022
ld2_group_ridge_characteristics_core_full_raw_select_recent,group_ridge,characteristics_core,0,cap_spread_bp,11.49501178075949,11.721689628192221,0.9806616746712402,0.3267596093746259,-11.479077728453959,34.46910128997294,1008,1008,0,5,full,select,recent,raw,2019-2022
ld2_group_ridge_characteristics_core_full_raw_select_union,group_ridge,characteristics_core,0,rank_ic,0.07614359728358268,0.005765543753101529,13.206663680701725,8.030562532435108e-40,0.0648433391762138,0.08744385539095156,1008,1008,0,5,full,select,union,raw,2019-2022
ld2_group_ridge_characteristics_core_full_raw_select_union,group_ridge,characteristics_core,0,ew_spread_bp,17.288389580403678,9.740865062546705,1.7748310308575106,0.0759257909688395,-1.8033551204523661,36.38013428125972,1008,1008,0,5,full,select,union,raw,2019-2022
ld2_group_ridge_characteristics_core_full_raw_select_union,group_ridge,characteristics_core,0,cap_spread_bp,13.382765448078228,11.883383284490522,1.1261746867615225,0.26009158577343794,-9.90823780400849,36.67376870016494,1008,1008,0,5,full,select,union,raw,2019-2022
ld2_ols_characteristics_textcore_full_raw_fixed504_retain,ols,characteristics_textcore,504,rank_ic,0.06989860908744228,0.004768198546465843,14.65933274512041,1.1742118827774878e-48,0.060553111665232986,0.07924410650965157,1008,1008,0,5,full,fixed504,retain,raw,2019-2022
ld2_ols_characteristics_textcore_full_raw_fixed504_retain,ols,characteristics_textcore,504,ew_spread_bp,24.38097832969743,8.60631148707352,2.832918418804281,0.0046125156104963325,7.512917775299979,41.24903888409489,1008,1008,0,5,full,fixed504,retain,raw,2019-2022
ld2_ols_characteristics_textcore_full_raw_fixed504_retain,ols,characteristics_textcore,504,cap_spread_bp,11.484515440818516,11.176101627552335,1.0275958311354159,0.30413998603976755,-10.42024123674354,33.389272118380575,1008,1008,0,5,full,fixed504,retain,raw,2019-2022
ld2_ols_characteristics_textcore_full_raw_fixed504_recent,ols,characteristics_textcore,504,rank_ic,0.0712210395397415,0.004901622802245815,14.530093891988097,7.811329460769402e-48,0.06161403538153941,0.0808280436979436,1008,1008,0,5,full,fixed504,recent,raw,2019-2022
ld2_ols_characteristics_textcore_full_raw_fixed504_recent,ols,characteristics_textcore,504,ew_spread_bp,25.975943535602976,8.65810001471038,3.0001898212620604,0.002698114024128305,9.00637933222492,42.945507738981036,1008,1008,0,5,full,fixed504,recent,raw,2019-2022
ld2_ols_characteristics_textcore_full_raw_fixed504_recent,ols,characteristics_textcore,504,cap_spread_bp,6.268149489774216,11.414429812349272,0.5491425846775723,0.58290760282389,-16.103721846490643,28.640020826039077,1008,1008,0,5,full,fixed504,recent,raw,2019-2022
ld2_ols_characteristics_textcore_full_raw_fixed504_union,ols,characteristics_textcore,504,rank_ic,0.07202173668530387,0.004965769561010148,14.503640533543615,1.1489119069794774e-47,0.06228900719019871,0.08175446618040903,1008,1008,0,5,full,fixed504,union,raw,2019-2022
ld2_ols_characteristics_textcore_full_raw_fixed504_union,ols,characteristics_textcore,504,ew_spread_bp,24.409153072037928,8.652838513425923,2.8209417099561236,0.004788290256147616,7.4499012216820155,41.368404922393836,1008,1008,0,5,full,fixed504,union,raw,2019-2022
ld2_ols_characteristics_textcore_full_raw_fixed504_union,ols,characteristics_textcore,504,cap_spread_bp,3.198204961594162,11.574630294587367,0.2763116298487508,0.7823087241765506,-19.487653550163316,25.884063473351638,1008,1008,0,5,full,fixed504,union,raw,2019-2022
ld2_ols_characteristics_textcore_full_raw_select_retain,ols,characteristics_textcore,0,rank_ic,0.07151766782320157,0.004869071516712908,14.688153085802872,7.677805507304615e-49,0.06197446301229445,0.08106087263410869,1008,1008,0,5,full,select,retain,raw,2019-2022
ld2_ols_characteristics_textcore_full_raw_select_retain,ols,characteristics_textcore,0,ew_spread_bp,25.88078697168333,8.832937921007447,2.93003157082434,0.0033892756739169246,8.568546768830632,43.19302717453603,1008,1008,0,5,full,select,retain,raw,2019-2022
ld2_ols_characteristics_textcore_full_raw_select_retain,ols,characteristics_textcore,0,cap_spread_bp,13.464277493382019,11.363662769275177,1.1848536661776377,0.23607530962785295,-8.80809226685602,35.736647253620056,1008,1008,0,5,full,select,retain,raw,2019-2022
ld2_ols_characteristics_textcore_full_raw_select_recent,ols,characteristics_textcore,0,rank_ic,0.07266932875630536,0.004968891569832504,14.624857019923855,1.9498006128669927e-48,0.06293048023634895,0.08240817727626176,1008,1008,0,5,full,select,recent,raw,2019-2022
ld2_ols_characteristics_textcore_full_raw_select_recent,ols,characteristics_textcore,0,ew_spread_bp,26.16577223740273,8.791233038057454,2.9763483830004835,0.002917032800751936,8.93527210311148,43.39627237169398,1008,1008,0,5,full,select,recent,raw,2019-2022
ld2_ols_characteristics_textcore_full_raw_select_recent,ols,characteristics_textcore,0,cap_spread_bp,8.204396712510473,11.4784425241202,0.7147656744606405,0.4747538487493558,-14.29293723337815,30.701730658399097,1008,1008,0,5,full,select,recent,raw,2019-2022
ld2_ols_characteristics_textcore_full_raw_select_union,ols,characteristics_textcore,0,rank_ic,0.07281984292696708,0.004996113986581653,14.575296544983454,4.03367256844453e-48,0.06302763945061021,0.08261204640332395,1008,1008,0,5,full,select,union,raw,2019-2022
ld2_ols_characteristics_textcore_full_raw_select_union,ols,characteristics_textcore,0,ew_spread_bp,25.742507531709183,8.814135329291167,2.9205936339735548,0.0034936519560039366,8.467119731436405,43.01789533198196,1008,1008,0,5,full,select,union,raw,2019-2022
ld2_ols_characteristics_textcore_full_raw_select_union,ols,characteristics_textcore,0,cap_spread_bp,14.343591560511515,11.515254644142903,1.2456165324843433,0.21290520982743288,-8.225892814816172,36.9130759358392,1008,1008,0,5,full,select,union,raw,2019-2022
ld2_ridge_characteristics_textcore_full_raw_fixed504_retain,ridge,characteristics_textcore,504,rank_ic,0.07304726495274454,0.005357509894971251,13.634555303632625,2.495071219555809e-42,0.06254673851178391,0.08354779139370516,1008,1008,0,5,full,fixed504,retain,raw,2019-2022
ld2_ridge_characteristics_textcore_full_raw_fixed504_retain,ridge,characteristics_textcore,504,ew_spread_bp,20.122593460074196,9.32461968220035,2.1580068834856574,0.030927296620082777,1.846674713428186,38.398512206720206,1008,1008,0,5,full,fixed504,retain,raw,2019-2022
ld2_ridge_characteristics_textcore_full_raw_fixed504_retain,ridge,characteristics_textcore,504,cap_spread_bp,5.135726662567939,12.278934602410224,0.4182550708886299,0.6757606352052266,-18.930542926678747,29.201996251814627,1008,1008,0,5,full,fixed504,retain,raw,2019-2022
ld2_ridge_characteristics_textcore_full_raw_fixed504_recent,ridge,characteristics_textcore,504,rank_ic,0.07345358557571352,0.005400951388113896,13.600119737675469,3.9977841104973606e-42,0.06286791537275867,0.08403925577866837,1008,1008,0,5,full,fixed504,recent,raw,2019-2022
ld2_ridge_characteristics_textcore_full_raw_fixed504_recent,ridge,characteristics_textcore,504,ew_spread_bp,21.26580579735931,9.306648436731122,2.2850122621402833,0.022312108765493804,3.025110044590317,39.506501550128306,1008,1008,0,5,full,fixed504,recent,raw,2019-2022
ld2_ridge_characteristics_textcore_full_raw_fixed504_recent,ridge,characteristics_textcore,504,cap_spread_bp,7.085656204312172,12.38100159448915,0.5723007262567541,0.5671182578048704,-17.180661013419545,31.35197342204389,1008,1008,0,5,full,fixed504,recent,raw,2019-2022
ld2_ridge_characteristics_textcore_full_raw_fixed504_union,ridge,characteristics_textcore,504,rank_ic,0.07411620917191918,0.005461762980144446,13.570015660027606,6.030915048813135e-42,0.06341135043874191,0.08482106790509644,1008,1008,0,5,full,fixed504,union,raw,2019-2022
ld2_ridge_characteristics_textcore_full_raw_fixed504_union,ridge,characteristics_textcore,504,ew_spread_bp,20.932804953237262,9.33582840468402,2.2422011251550797,0.024948376475371913,2.634917514210553,39.230692392263975,1008,1008,0,5,full,fixed504,union,raw,2019-2022
ld2_ridge_characteristics_textcore_full_raw_fixed504_union,ridge,characteristics_textcore,504,cap_spread_bp,5.972097516420164,12.139073149363854,0.49197310560181695,0.622738356129289,-17.8200486620302,29.764243694870526,1008,1008,0,5,full,fixed504,union,raw,2019-2022
ld2_ridge_characteristics_textcore_full_raw_select_retain,ridge,characteristics_textcore,0,rank_ic,0.07421298174872064,0.005373521633327608,13.810864980693022,2.191838198662902e-43,0.06368107287725168,0.0847448906201896,1008,1008,0,5,full,select,retain,raw,2019-2022
ld2_ridge_characteristics_textcore_full_raw_select_retain,ridge,characteristics_textcore,0,ew_spread_bp,21.1488964015825,9.488603972040199,2.228873337310879,0.025822333605644145,2.5515743528200083,39.746218450345,1008,1008,0,5,full,select,retain,raw,2019-2022
ld2_ridge_characteristics_textcore_full_raw_select_retain,ridge,characteristics_textcore,0,cap_spread_bp,12.790783093657089,12.378371181864464,1.0333171388814748,0.3014555092249873,-11.470378610065763,37.05194479737994,1008,1008,0,5,full,select,retain,raw,2019-2022
ld2_ridge_characteristics_textcore_full_raw_select_recent,ridge,characteristics_textcore,0,rank_ic,0.07490825092822068,0.0054334106193542385,13.786598542983583,3.068924612452075e-43,0.0642589618010689,0.08555754005537246,1008,1008,0,5,full,select,recent,raw,2019-2022
ld2_ridge_characteristics_textcore_full_raw_select_recent,ridge,characteristics_textcore,0,ew_spread_bp,21.34975657952114,9.414028484741506,2.2678661546568892,0.023337365772707206,2.8985997999936117,39.80091335904867,1008,1008,0,5,full,select,recent,raw,2019-2022
ld2_ridge_characteristics_textcore_full_raw_select_recent,ridge,characteristics_textcore,0,cap_spread_bp,9.600382635411513,12.311775524280156,0.7797723907878695,0.4355248601353925,-14.530253977919333,33.731019248742356,1008,1008,0,5,full,select,recent,raw,2019-2022
ld2_ridge_characteristics_textcore_full_raw_select_union,ridge,characteristics_textcore,0,rank_ic,0.07490701975175376,0.005456075177720717,13.729103304446452,6.796951400371023e-43,0.06421330890647818,0.08560073059702934,1008,1008,0,5,full,select,union,raw,2019-2022
ld2_ridge_characteristics_textcore_full_raw_select_union,ridge,characteristics_textcore,0,ew_spread_bp,21.692255113804976,9.435911190950543,2.298904120103293,0.02151038440376802,3.198209018223462,40.186301209386485,1008,1008,0,5,full,select,union,raw,2019-2022
ld2_ridge_characteristics_textcore_full_raw_select_union,ridge,characteristics_textcore,0,cap_spread_bp,10.049379806853347,12.264686471616928,0.8193751899088274,0.4125723855955299,-13.988963959191464,34.087723572898156,1008,1008,0,5,full,select,union,raw,2019-2022
ld2_lasso_characteristics_textcore_full_raw_fixed504_retain,lasso,characteristics_textcore,504,rank_ic,0.07415709177299896,0.005487371826732483,13.51413647818297,1.2906117217494836e-41,0.06340204062282354,0.0849121429231744,1008,1008,0,5,full,fixed504,retain,raw,2019-2022
ld2_lasso_characteristics_textcore_full_raw_fixed504_retain,lasso,characteristics_textcore,504,ew_spread_bp,19.74553260542902,9.476057857443992,2.0837285823363523,0.037184862795536046,1.1728004894210038,38.31826472143703,1008,1008,0,5,full,fixed504,retain,raw,2019-2022
ld2_lasso_characteristics_textcore_full_raw_fixed504_retain,lasso,characteristics_textcore,504,cap_spread_bp,3.8222792754837998,11.765576712976788,0.3248696913656629,0.7452796965245447,-19.237827339293855,26.882385890261457,1008,1008,0,5,full,fixed504,retain,raw,2019-2022
ld2_lasso_characteristics_textcore_full_raw_fixed504_recent,lasso,characteristics_textcore,504,rank_ic,0.074601448538026,0.005496713180681133,13.572010415282694,5.868989468111565e-42,0.06382808867054438,0.08537480840550762,1008,1008,0,5,full,fixed504,recent,raw,2019-2022
ld2_lasso_characteristics_textcore_full_raw_fixed504_recent,lasso,characteristics_textcore,504,ew_spread_bp,21.894052013952706,9.27956159962753,2.359384306994795,0.018305287706065744,3.706445486361858,40.081658541543554,1008,1008,0,5,full,fixed504,recent,raw,2019-2022
ld2_lasso_characteristics_textcore_full_raw_fixed504_recent,lasso,characteristics_textcore,504,cap_spread_bp,10.446397587848235,11.28045580338159,0.9260616565437607,0.3544139390852723,-11.662889515975522,32.55568469167199,1008,1008,0,5,full,fixed504,recent,raw,2019-2022
ld2_lasso_characteristics_textcore_full_raw_fixed504_union,lasso,characteristics_textcore,504,rank_ic,0.07508553518455754,0.005541236215628459,13.550322033337414,7.888331031253634e-42,0.06422491177209674,0.08594615859701835,1008,1008,0,5,full,fixed504,union,raw,2019-2022
ld2_lasso_characteristics_textcore_full_raw_fixed504_union,lasso,characteristics_textcore,504,ew_spread_bp,22.23875293306351,9.234017587472197,2.4083507230086774,0.01602477819391436,4.140411029008565,40.33709483711846,1008,1008,0,5,full,fixed504,union,raw,2019-2022
ld2_lasso_characteristics_textcore_full_raw_fixed504_union,lasso,characteristics_textcore,504,cap_spread_bp,9.333427538590806,11.552608876279276,0.8079064771036205,0.41914442235919425,-13.309269786394319,31.976124863575933,1008,1008,0,5,full,fixed504,union,raw,2019-2022
ld2_lasso_characteristics_textcore_full_raw_select_retain,lasso,characteristics_textcore,0,rank_ic,0.07495835935093788,0.00547507220308433,13.690843987173503,1.1516376982452579e-42,0.06422741502013622,0.08568930368173953,1008,1008,0,5,full,select,retain,raw,2019-2022
ld2_lasso_characteristics_textcore_full_raw_select_retain,lasso,characteristics_textcore,0,ew_spread_bp,20.14801175293864,9.471814021146638,2.1271544931051722,0.03340724879012147,1.5835974032297209,38.712426102647555,1008,1008,0,5,full,select,retain,raw,2019-2022
ld2_lasso_characteristics_textcore_full_raw_select_retain,lasso,characteristics_textcore,0,cap_spread_bp,6.873146666295188,11.174808626067776,0.6150572145156933,0.5385169364084084,-15.029075774925175,28.77536910751555,1008,1008,0,5,full,select,retain,raw,2019-2022
ld2_lasso_characteristics_textcore_full_raw_select_recent,lasso,characteristics_textcore,0,rank_ic,0.07569139454794795,0.0055009308765221095,13.75974289569747,4.451069673106284e-43,0.06490976814852026,0.08647302094737563,1008,1008,0,5,full,select,recent,raw,2019-2022
ld2_lasso_characteristics_textcore_full_raw_select_recent,lasso,characteristics_textcore,0,ew_spread_bp,21.923217377165127,9.332101511573686,2.349226200548282,0.01881247426131849,3.6326345144089025,40.213800239921355,1008,1008,0,5,full,select,recent,raw,2019-2022
ld2_lasso_characteristics_textcore_full_raw_select_recent,lasso,characteristics_textcore,0,cap_spread_bp,8.727573377459573,11.257923644600496,0.7752382813189069,0.43819887150504955,-13.3375515066593,30.792698261578444,1008,1008,0,5,full,select,recent,raw,2019-2022
ld2_lasso_characteristics_textcore_full_raw_select_union,lasso,characteristics_textcore,0,rank_ic,0.07553141696553319,0.005525261793330662,13.670196959120444,1.529805525721267e-42,0.0647021028454499,0.08636073108561647,1008,1008,0,5,full,select,union,raw,2019-2022
ld2_lasso_characteristics_textcore_full_raw_select_union,lasso,characteristics_textcore,0,ew_spread_bp,21.35794599455818,9.384072593172338,2.27597834335785,0.022847305841037273,2.9655016836310075,39.750390305485354,1008,1008,0,5,full,select,union,raw,2019-2022
ld2_lasso_characteristics_textcore_full_raw_select_union,lasso,characteristics_textcore,0,cap_spread_bp,9.325167907409043,11.302503852962708,0.8250532827701403,0.40934134096674346,-12.827332579523059,31.477668394341144,1008,1008,0,5,full,select,union,raw,2019-2022
ld2_enet_characteristics_textcore_full_raw_fixed504_retain,enet,characteristics_textcore,504,rank_ic,0.07376679487942031,0.005468343194568858,13.48978881806198,1.7961428660819662e-41,0.06304903916296065,0.08448455059587998,1008,1008,0,5,full,fixed504,retain,raw,2019-2022
ld2_enet_characteristics_textcore_full_raw_fixed504_retain,enet,characteristics_textcore,504,ew_spread_bp,19.346522859748436,9.64629223458382,2.005591618962923,0.044899836826644224,0.4401374956157511,38.25290822388112,1008,1008,0,5,full,fixed504,retain,raw,2019-2022
ld2_enet_characteristics_textcore_full_raw_fixed504_retain,enet,characteristics_textcore,504,cap_spread_bp,3.1071696744461335,12.174443792434575,0.2552206677710391,0.7985526689549747,-20.754301690532863,26.96864103942513,1008,1008,0,5,full,fixed504,retain,raw,2019-2022
ld2_enet_characteristics_textcore_full_raw_fixed504_recent,enet,characteristics_textcore,504,rank_ic,0.07415332603411962,0.0054852692524078265,13.518630102172121,1.2141568082131448e-41,0.06340239585389533,0.0849042562143439,1008,1008,0,5,full,fixed504,recent,raw,2019-2022
ld2_enet_characteristics_textcore_full_raw_fixed504_recent,enet,characteristics_textcore,504,ew_spread_bp,20.953435910684178,9.493039308358536,2.2072420886569875,0.0272971507651344,2.3474207624784214,39.559451058889934,1008,1008,0,5,full,fixed504,recent,raw,2019-2022
ld2_enet_characteristics_textcore_full_raw_fixed504_recent,enet,characteristics_textcore,504,cap_spread_bp,7.466011442402744,11.965107519886478,0.623981976759836,0.5326394215724085,-15.985168367724123,30.917191252529612,1008,1008,0,5,full,fixed504,recent,raw,2019-2022
ld2_enet_characteristics_textcore_full_raw_fixed504_union,enet,characteristics_textcore,504,rank_ic,0.07466623757026952,0.005526027993429904,13.511737120956125,1.333376354569451e-41,0.06383542172558677,0.08549705341495227,1008,1008,0,5,full,fixed504,union,raw,2019-2022
ld2_enet_characteristics_textcore_full_raw_fixed504_union,enet,characteristics_textcore,504,ew_spread_bp,20.700845077413025,9.497178955437874,2.179683585467259,0.029280924129564515,2.0867163700230584,39.31497378480299,1008,1008,0,5,full,fixed504,union,raw,2019-2022
ld2_enet_characteristics_textcore_full_raw_fixed504_union,enet,characteristics_textcore,504,cap_spread_bp,4.007748750326949,12.199008344461287,0.32853069996845985,0.742510436006502,-19.901868251920764,27.917365752574664,1008,1008,0,5,full,fixed504,union,raw,2019-2022
ld2_enet_characteristics_textcore_full_raw_select_retain,enet,characteristics_textcore,0,rank_ic,0.07530652627363271,0.005478539529431426,13.745730202196457,5.402521168352628e-43,0.0645687861080681,0.08604426643919733,1008,1008,0,5,full,select,retain,raw,2019-2022
ld2_enet_characteristics_textcore_full_raw_select_retain,enet,characteristics_textcore,0,ew_spread_bp,20.514475054249626,9.457238633335542,2.1691823427124652,0.030068843140483154,1.97862793971116,39.05032216878809,1008,1008,0,5,full,select,retain,raw,2019-2022
ld2_enet_characteristics_textcore_full_raw_select_retain,enet,characteristics_textcore,0,cap_spread_bp,14.952390481229767,10.96445939310641,1.3637143378569723,0.17265748970438022,-6.5375550392106945,36.44233600167023,1008,1008,0,5,full,select,retain,raw,2019-2022
ld2_enet_characteristics_textcore_full_raw_select_recent,enet,characteristics_textcore,0,rank_ic,0.07576249309922174,0.005502481568132772,13.768786348689435,3.9275573720165695e-43,0.06497782740008604,0.08654715879835745,1008,1008,0,5,full,select,recent,raw,2019-2022
ld2_enet_characteristics_textcore_full_raw_select_recent,enet,characteristics_textcore,0,ew_spread_bp,21.928683334330636,9.313913774445266,2.354400509321518,0.01855260940497737,3.673747781306396,40.183618887354875,1008,1008,0,5,full,select,recent,raw,2019-2022
ld2_enet_characteristics_textcore_full_raw_select_recent,enet,characteristics_textcore,0,cap_spread_bp,11.604111078342457,11.043906387988024,1.0507252298845764,0.29338480490593766,-10.041547690745906,33.24976984743082,1008,1008,0,5,full,select,recent,raw,2019-2022
ld2_enet_characteristics_textcore_full_raw_select_union,enet,characteristics_textcore,0,rank_ic,0.07575704087525188,0.005527963763144793,13.704330223784716,9.564581634164438e-43,0.06492243099164557,0.08659165075885819,1008,1008,0,5,full,select,union,raw,2019-2022
ld2_enet_characteristics_textcore_full_raw_select_union,enet,characteristics_textcore,0,ew_spread_bp,21.601030991815996,9.373411934284718,2.3045003402450344,0.021194573271711398,3.229481188360026,39.972580795271966,1008,1008,0,5,full,select,union,raw,2019-2022
ld2_enet_characteristics_textcore_full_raw_select_union,enet,characteristics_textcore,0,cap_spread_bp,14.742576714317632,11.182424516355146,1.31837033129582,0.18737970753883826,-7.174572597576187,36.65972602621145,1008,1008,0,5,full,select,union,raw,2019-2022
ld2_group_ridge_characteristics_textcore_full_raw_fixed504_retain,group_ridge,characteristics_textcore,504,rank_ic,0.07515866900586546,0.005630055424085201,13.349543360503882,1.1917722626169235e-40,0.06412396314369409,0.08619337486803683,1008,1008,0,5,full,fixed504,retain,raw,2019-2022
ld2_group_ridge_characteristics_textcore_full_raw_fixed504_retain,group_ridge,characteristics_textcore,504,ew_spread_bp,18.311050315885552,9.7232039874706,1.8832321464695507,0.05966891434083821,-0.7460793138930661,37.36817994566417,1008,1008,0,5,full,fixed504,retain,raw,2019-2022
ld2_group_ridge_characteristics_textcore_full_raw_fixed504_retain,group_ridge,characteristics_textcore,504,cap_spread_bp,9.818034775947464,11.898842185202287,0.825125220011526,0.4093005028204658,-13.503267364774896,33.13933691666982,1008,1008,0,5,full,fixed504,retain,raw,2019-2022
ld2_group_ridge_characteristics_textcore_full_raw_fixed504_recent,group_ridge,characteristics_textcore,504,rank_ic,0.07547304590192569,0.005664404424800869,13.324092038957641,1.6766011242916617e-40,0.06437101723544666,0.08657507456840471,1008,1008,0,5,full,fixed504,recent,raw,2019-2022
ld2_group_ridge_characteristics_textcore_full_raw_fixed504_recent,group_ridge,characteristics_textcore,504,ew_spread_bp,19.289867112966974,9.649281306667275,1.9990988447645766,0.04559766011020344,0.377623275203522,38.20211095073043,1008,1008,0,5,full,fixed504,recent,raw,2019-2022
ld2_group_ridge_characteristics_textcore_full_raw_fixed504_recent,group_ridge,characteristics_textcore,504,cap_spread_bp,12.35363929948839,11.675223049881577,1.0581073480744931,0.2900065047822611,-10.529377389751387,35.23665598872817,1008,1008,0,5,full,fixed504,recent,raw,2019-2022
ld2_group_ridge_characteristics_textcore_full_raw_fixed504_union,group_ridge,characteristics_textcore,504,rank_ic,0.07588476760299873,0.005684688162652798,13.34897630824249,1.2008783385048045e-40,0.06474298354085807,0.08702655166513938,1008,1008,0,5,full,fixed504,union,raw,2019-2022
ld2_group_ridge_characteristics_textcore_full_raw_fixed504_union,group_ridge,characteristics_textcore,504,ew_spread_bp,20.171081834363697,9.664214210727785,2.087193163824198,0.03687067718820698,1.2295700424570555,39.11259362627034,1008,1008,0,5,full,fixed504,union,raw,2019-2022
ld2_group_ridge_characteristics_textcore_full_raw_fixed504_union,group_ridge,characteristics_textcore,504,cap_spread_bp,8.97602449277191,11.920255364772705,0.7530060571771202,0.4514462741586046,-14.387246708702957,32.33929569424677,1008,1008,0,5,full,fixed504,union,raw,2019-2022
ld2_group_ridge_characteristics_textcore_full_raw_select_retain,group_ridge,characteristics_textcore,0,rank_ic,0.07559389917534726,0.005661422995061825,13.352455600170492,1.1460765777302666e-40,0.0644977140037792,0.08669008434691532,1008,1008,0,5,full,select,retain,raw,2019-2022
ld2_group_ridge_characteristics_textcore_full_raw_select_retain,group_ridge,characteristics_textcore,0,ew_spread_bp,18.065186917236964,9.73012704702883,1.8566239505324147,0.06336467400719037,-1.0055116599386125,37.13588549441254,1008,1008,0,5,full,select,retain,raw,2019-2022
ld2_group_ridge_characteristics_textcore_full_raw_select_retain,group_ridge,characteristics_textcore,0,cap_spread_bp,16.1589151382387,12.11458577088485,1.3338396742440541,0.18225640549050504,-7.585236660317012,39.90306693679442,1008,1008,0,5,full,select,retain,raw,2019-2022
ld2_group_ridge_characteristics_textcore_full_raw_select_recent,group_ridge,characteristics_textcore,0,rank_ic,0.07631499304982023,0.005666012258946164,13.468907154114461,2.3836794638457113e-41,0.06520981308632331,0.08742017301331714,1008,1008,0,5,full,select,recent,raw,2019-2022
ld2_group_ridge_characteristics_textcore_full_raw_select_recent,group_ridge,characteristics_textcore,0,ew_spread_bp,19.373531829515116,9.728682028179808,1.9913829821345097,0.04643879871948056,0.3056654372406058,38.441398221789626,1008,1008,0,5,full,select,recent,raw,2019-2022
ld2_group_ridge_characteristics_textcore_full_raw_select_recent,group_ridge,characteristics_textcore,0,cap_spread_bp,10.923125502491493,11.841146429932412,0.9224719554923907,0.35628245209240805,-12.285095035841072,34.131346040824056,1008,1008,0,5,full,select,recent,raw,2019-2022
ld2_group_ridge_characteristics_textcore_full_raw_select_union,group_ridge,characteristics_textcore,0,rank_ic,0.07608110975439901,0.005696485390930327,13.355798274411752,1.09577115123138e-40,0.064916203549717,0.08724601595908102,1008,1008,0,5,full,select,union,raw,2019-2022
ld2_group_ridge_characteristics_textcore_full_raw_select_union,group_ridge,characteristics_textcore,0,ew_spread_bp,18.482752370118867,9.75297526463336,1.8950886133323626,0.05808066293029367,-0.6327278906725198,37.59823263091025,1008,1008,0,5,full,select,union,raw,2019-2022
ld2_group_ridge_characteristics_textcore_full_raw_select_union,group_ridge,characteristics_textcore,0,cap_spread_bp,11.175222717104914,11.817324979531294,0.9456643306722493,0.34431982106515124,-11.986308636381954,34.33675407059178,1008,1008,0,5,full,select,union,raw,2019-2022
ld2_ols_characteristics_textcore_pca_raw_fixed504_retain,ols,characteristics_textcore,504,rank_ic,0.07276978828778015,0.005148811645301008,14.133317219749628,2.3672525045733817e-45,0.06267830289980976,0.08286127367575054,1008,1008,0,5,pca,fixed504,retain,raw,2019-2022
ld2_ols_characteristics_textcore_pca_raw_fixed504_retain,ols,characteristics_textcore,504,ew_spread_bp,24.89287266732331,8.960173387676177,2.7781686347231815,0.0054666239146265025,7.331255532243755,42.45448980240286,1008,1008,0,5,pca,fixed504,retain,raw,2019-2022
ld2_ols_characteristics_textcore_pca_raw_fixed504_retain,ols,characteristics_textcore,504,cap_spread_bp,8.671892953259283,10.894704320780933,0.7959732268014118,0.42604759710223883,-12.68133513768426,30.025121044202827,1008,1008,0,5,pca,fixed504,retain,raw,2019-2022
ld2_ols_characteristics_textcore_pca_raw_fixed504_recent,ols,characteristics_textcore,504,rank_ic,0.07346030912055229,0.005228798893424995,14.049174699169571,7.793698710883489e-45,0.06321205160703641,0.08370856663406817,1008,1008,0,5,pca,fixed504,recent,raw,2019-2022
ld2_ols_characteristics_textcore_pca_raw_fixed504_recent,ols,characteristics_textcore,504,ew_spread_bp,26.470393577979994,8.93991450014229,2.9609224537392036,0.0030671915519880216,8.948483132833704,43.99230402312628,1008,1008,0,5,pca,fixed504,recent,raw,2019-2022
ld2_ols_characteristics_textcore_pca_raw_fixed504_recent,ols,characteristics_textcore,504,cap_spread_bp,9.909284648835984,10.78424727677116,0.9188666018610487,0.35816535081876466,-11.227451614009643,31.04602091168161,1008,1008,0,5,pca,fixed504,recent,raw,2019-2022
ld2_ols_characteristics_textcore_pca_raw_fixed504_union,ols,characteristics_textcore,504,rank_ic,0.07397488135977495,0.005253149597812084,14.082005467840702,4.8999270424767164e-45,0.0636788973426622,0.0842708653768877,1008,1008,0,5,pca,fixed504,union,raw,2019-2022
ld2_ols_characteristics_textcore_pca_raw_fixed504_union,ols,characteristics_textcore,504,ew_spread_bp,26.275560113862902,8.89779112308943,2.9530430362293876,0.003146580920572206,8.83620997064742,43.71491025707839,1008,1008,0,5,pca,fixed504,union,raw,2019-2022
ld2_ols_characteristics_textcore_pca_raw_fixed504_union,ols,characteristics_textcore,504,cap_spread_bp,3.664079580027845,11.157444529312333,0.3283977411137238,0.7426109507071678,-18.204109856927783,25.532269016983474,1008,1008,0,5,pca,fixed504,union,raw,2019-2022
ld2_ols_characteristics_textcore_pca_raw_select_retain,ols,characteristics_textcore,0,rank_ic,0.0736510365732725,0.005228744005587326,14.085798902101642,4.643773374413689e-45,0.06340288663794165,0.08389918650860335,1008,1008,0,5,pca,select,retain,raw,2019-2022
ld2_ols_characteristics_textcore_pca_raw_select_retain,ols,characteristics_textcore,0,ew_spread_bp,24.912172196610808,9.051222863580566,2.7523543030688145,0.0059168468156325675,7.172101367947402,42.65224302527422,1008,1008,0,5,pca,select,retain,raw,2019-2022
ld2_ols_characteristics_textcore_pca_raw_select_retain,ols,characteristics_textcore,0,cap_spread_bp,6.747386469789252,11.70847771239672,0.5762821295415068,0.564424499860936,-16.20080816029824,29.695581099876744,1008,1008,0,5,pca,select,retain,raw,2019-2022
ld2_ols_characteristics_textcore_pca_raw_select_recent,ols,characteristics_textcore,0,rank_ic,0.07479631042774625,0.0052805416799750204,14.164514733666504,1.5191265860307664e-45,0.06444663891613257,0.08514598193935992,1008,1008,0,5,pca,select,recent,raw,2019-2022
ld2_ols_characteristics_textcore_pca_raw_select_recent,ols,characteristics_textcore,0,ew_spread_bp,26.040595636153487,8.961258836291307,2.9059082113211905,0.003661888515077018,8.47685106088121,43.604340211425765,1008,1008,0,5,pca,select,recent,raw,2019-2022
ld2_ols_characteristics_textcore_pca_raw_select_recent,ols,characteristics_textcore,0,cap_spread_bp,4.606390443723007,11.442675235881484,0.4025623683942783,0.687270198161694,-17.82084090539307,27.033621792839085,1008,1008,0,5,pca,select,recent,raw,2019-2022
ld2_ols_characteristics_textcore_pca_raw_select_union,ols,characteristics_textcore,0,rank_ic,0.07447971072898435,0.005294541303002666,14.067264087022053,6.035972120819031e-45,0.06410260046043935,0.08485682099752935,1008,1008,0,5,pca,select,union,raw,2019-2022
ld2_ols_characteristics_textcore_pca_raw_select_union,ols,characteristics_textcore,0,ew_spread_bp,26.0291572422278,8.980298173514347,2.8984736073681567,0.0037498386754450624,8.428096251708851,43.63021823274675,1008,1008,0,5,pca,select,union,raw,2019-2022
ld2_ols_characteristics_textcore_pca_raw_select_union,ols,characteristics_textcore,0,cap_spread_bp,7.322503160596903,11.619733008643077,0.6301782627148338,0.528577959555703,-15.451755046314773,30.096761367508577,1008,1008,0,5,pca,select,union,raw,2019-2022
ld2_ridge_characteristics_textcore_pca_raw_fixed504_retain,ridge,characteristics_textcore,504,rank_ic,0.07531183075578327,0.005577607831999971,13.502532451941605,1.5109177330846503e-41,0.0643799202851748,0.08624374122639174,1008,1008,0,5,pca,fixed504,retain,raw,2019-2022
ld2_ridge_characteristics_textcore_pca_raw_fixed504_retain,ridge,characteristics_textcore,504,ew_spread_bp,20.350158454813187,9.65986623261976,2.106670834228955,0.03514612202071851,1.4171685434038395,39.283148366222534,1008,1008,0,5,pca,fixed504,retain,raw,2019-2022
ld2_ridge_characteristics_textcore_pca_raw_fixed504_retain,ridge,characteristics_textcore,504,cap_spread_bp,13.629652524621786,11.89595738467051,1.1457381767511514,0.25190350244871595,-9.685995510955706,36.94530056019928,1008,1008,0,5,pca,fixed504,retain,raw,2019-2022
ld2_ridge_characteristics_textcore_pca_raw_fixed504_recent,ridge,characteristics_textcore,504,rank_ic,0.07547787778396327,0.005627934682957257,13.411292425359605,5.19259501412946e-41,0.0644473284980232,0.08650842706990333,1008,1008,0,5,pca,fixed504,recent,raw,2019-2022
ld2_ridge_characteristics_textcore_pca_raw_fixed504_recent,ridge,characteristics_textcore,504,ew_spread_bp,21.304670889601514,9.591485731001862,2.2212065457950874,0.026336975055053294,2.5057042986080305,40.103637480595,1008,1008,0,5,pca,fixed504,recent,raw,2019-2022
ld2_ridge_characteristics_textcore_pca_raw_fixed504_recent,ridge,characteristics_textcore,504,cap_spread_bp,10.469527514718829,11.866216625500357,0.8822970155643325,0.37761620993676237,-12.787829704012283,33.72688473344994,1008,1008,0,5,pca,fixed504,recent,raw,2019-2022
ld2_ridge_characteristics_textcore_pca_raw_fixed504_union,ridge,characteristics_textcore,504,rank_ic,0.07594663807552116,0.005648493384425967,13.445468181820186,3.2732748109198713e-41,0.0648757944751335,0.08701748167590881,1008,1008,0,5,pca,fixed504,union,raw,2019-2022
ld2_ridge_characteristics_textcore_pca_raw_fixed504_union,ridge,characteristics_textcore,504,ew_spread_bp,21.242619956087626,9.675514919311798,2.1955027854578075,0.028127551308839555,2.278959182356534,40.206280729818715,1008,1008,0,5,pca,fixed504,union,raw,2019-2022
ld2_ridge_characteristics_textcore_pca_raw_fixed504_union,ridge,characteristics_textcore,504,cap_spread_bp,10.391688675861007,11.831780746628105,0.8782861091152737,0.37978847219979517,-12.798175460504511,33.581552812226526,1008,1008,0,5,pca,fixed504,union,raw,2019-2022
ld2_ridge_characteristics_textcore_pca_raw_select_retain,ridge,characteristics_textcore,0,rank_ic,0.07581099002506068,0.005618155562167179,13.493928600976105,1.6980568942881003e-41,0.06479960746366964,0.08682237258645173,1008,1008,0,5,pca,select,retain,raw,2019-2022
ld2_ridge_characteristics_textcore_pca_raw_select_retain,ridge,characteristics_textcore,0,ew_spread_bp,20.794185133613336,9.839975296069786,2.1132355019141973,0.03458061606560418,1.5081879445526987,40.08018232267398,1008,1008,0,5,pca,select,retain,raw,2019-2022
ld2_ridge_characteristics_textcore_pca_raw_select_retain,ridge,characteristics_textcore,0,cap_spread_bp,14.202836599522922,11.955601996425582,1.1879649894475581,0.23484720332772258,-9.229712726966387,37.63538592601223,1008,1008,0,5,pca,select,retain,raw,2019-2022
ld2_ridge_characteristics_textcore_pca_raw_select_recent,ridge,characteristics_textcore,0,rank_ic,0.07645887499194298,0.005628837621271541,13.583421682480708,5.022420356478623e-42,0.06542655597942665,0.08749119400445932,1008,1008,0,5,pca,select,recent,raw,2019-2022
ld2_ridge_characteristics_textcore_pca_raw_select_recent,ridge,characteristics_textcore,0,ew_spread_bp,21.87031082119917,9.725502740412958,2.2487588976064106,0.024527839709843537,2.8086757184441744,40.93194592395416,1008,1008,0,5,pca,select,recent,raw,2019-2022
ld2_ridge_characteristics_textcore_pca_raw_select_recent,ridge,characteristics_textcore,0,cap_spread_bp,12.295672664139728,11.757141793015926,1.0458045739861457,0.2956512689542862,-10.747901811302162,35.339247139581616,1008,1008,0,5,pca,select,recent,raw,2019-2022
ld2_ridge_characteristics_textcore_pca_raw_select_union,ridge,characteristics_textcore,0,rank_ic,0.07628324135822835,0.0056645917212060125,13.466679526549774,2.456678276353774e-41,0.06518084559754081,0.0873856371189159,1008,1008,0,5,pca,select,union,raw,2019-2022
ld2_ridge_characteristics_textcore_pca_raw_select_union,ridge,characteristics_textcore,0,ew_spread_bp,21.281089489718475,9.779071022915444,2.1761872308576327,0.029541263329946787,2.1144624825449405,40.44771649689201,1008,1008,0,5,pca,select,union,raw,2019-2022
ld2_ridge_characteristics_textcore_pca_raw_select_union,ridge,characteristics_textcore,0,cap_spread_bp,9.258149471365991,11.61472872281404,0.7971042365527508,0.42539049609267554,-13.506300515552427,32.02259945828441,1008,1008,0,5,pca,select,union,raw,2019-2022
ld2_lasso_characteristics_textcore_pca_raw_fixed504_retain,lasso,characteristics_textcore,504,rank_ic,0.07463174353847318,0.005483099628956214,13.611232439466068,3.4340359794169543e-42,0.06388506574207407,0.08537842133487229,1008,1008,0,5,pca,fixed504,retain,raw,2019-2022
ld2_lasso_characteristics_textcore_pca_raw_fixed504_retain,lasso,characteristics_textcore,504,ew_spread_bp,20.44523009633981,9.454697593455322,2.1624414630132955,0.030584164523288083,1.9143633284498556,38.97609686422976,1008,1008,0,5,pca,fixed504,retain,raw,2019-2022
ld2_lasso_characteristics_textcore_pca_raw_fixed504_retain,lasso,characteristics_textcore,504,cap_spread_bp,9.848716163979432,11.08517069921576,0.888458683335945,0.37429407104370327,-11.877819168962148,31.575251496921013,1008,1008,0,5,pca,fixed504,retain,raw,2019-2022
ld2_lasso_characteristics_textcore_pca_raw_fixed504_recent,lasso,characteristics_textcore,504,rank_ic,0.07466576092503213,0.005508742048849949,13.554049229918105,7.497733792751223e-42,0.06386882490916485,0.08546269694089942,1008,1008,0,5,pca,fixed504,recent,raw,2019-2022
ld2_lasso_characteristics_textcore_pca_raw_fixed504_recent,lasso,characteristics_textcore,504,ew_spread_bp,22.501658182505032,9.352772761459523,2.4058809891360595,0.016133519549012605,4.170560414457142,40.83275595055292,1008,1008,0,5,pca,fixed504,recent,raw,2019-2022
ld2_lasso_characteristics_textcore_pca_raw_fixed504_recent,lasso,characteristics_textcore,504,cap_spread_bp,13.050960670139414,10.874908879143204,1.200098393023745,0.23010112959309348,-8.263469068136114,34.36539040841494,1008,1008,0,5,pca,fixed504,recent,raw,2019-2022
ld2_lasso_characteristics_textcore_pca_raw_fixed504_union,lasso,characteristics_textcore,504,rank_ic,0.07533533020382907,0.005543696499390516,13.589367710175255,4.630634286445355e-42,0.06446988472380288,0.08620077568385526,1008,1008,0,5,pca,fixed504,union,raw,2019-2022
ld2_lasso_characteristics_textcore_pca_raw_fixed504_union,lasso,characteristics_textcore,504,ew_spread_bp,22.382003755121616,9.303652887293756,2.4057221422877144,0.016140535656572922,4.147179171363767,40.616828338879465,1008,1008,0,5,pca,fixed504,union,raw,2019-2022
ld2_lasso_characteristics_textcore_pca_raw_fixed504_union,lasso,characteristics_textcore,504,cap_spread_bp,15.179862673852941,10.801093745814425,1.4054005113820394,0.15990221477254185,-5.9898920615841575,36.34961740929004,1008,1008,0,5,pca,fixed504,union,raw,2019-2022
ld2_lasso_characteristics_textcore_pca_raw_select_retain,lasso,characteristics_textcore,0,rank_ic,0.07528731135980556,0.005530812739440906,13.612341423697549,3.382314934839139e-42,0.06444711758526607,0.08612750513434504,1008,1008,0,5,pca,select,retain,raw,2019-2022
ld2_lasso_characteristics_textcore_pca_raw_select_retain,lasso,characteristics_textcore,0,ew_spread_bp,21.845641490284546,9.36474029625394,2.3327546519387394,0.019661025992473935,3.4910877850558677,40.200195195513224,1008,1008,0,5,pca,select,retain,raw,2019-2022
ld2_lasso_characteristics_textcore_pca_raw_select_retain,lasso,characteristics_textcore,0,cap_spread_bp,15.432240974162331,10.901415209799588,1.4156181263777439,0.15688734126886578,-5.934140217562016,36.79862216588668,1008,1008,0,5,pca,select,retain,raw,2019-2022
ld2_lasso_characteristics_textcore_pca_raw_select_recent,lasso,characteristics_textcore,0,rank_ic,0.07563118848604253,0.0054685333030661636,13.83025105536739,1.6743512897285867e-43,0.06491306016377499,0.08634931680831007,1008,1008,0,5,pca,select,recent,raw,2019-2022
ld2_lasso_characteristics_textcore_pca_raw_select_recent,lasso,characteristics_textcore,0,ew_spread_bp,22.399340194988685,9.29972721062412,2.4086018533317204,0.01601375720360602,4.172209796118274,40.626470593859096,1008,1008,0,5,pca,select,recent,raw,2019-2022
ld2_lasso_characteristics_textcore_pca_raw_select_recent,lasso,characteristics_textcore,0,cap_spread_bp,14.46433817544659,10.87102698810186,1.330540177232339,0.18334035793951153,-6.842483196195994,35.77115954708918,1008,1008,0,5,pca,select,recent,raw,2019-2022
ld2_lasso_characteristics_textcore_pca_raw_select_union,lasso,characteristics_textcore,0,rank_ic,0.07569305035817118,0.005569751101529821,13.590023858944232,4.589307851939669e-42,0.06477653879632045,0.08660956192002192,1008,1008,0,5,pca,select,union,raw,2019-2022
ld2_lasso_characteristics_textcore_pca_raw_select_union,lasso,characteristics_textcore,0,ew_spread_bp,21.644475501943983,9.408752118834865,2.3004618708803153,0.0214220670702155,3.203660209562724,40.085290794325246,1008,1008,0,5,pca,select,union,raw,2019-2022
ld2_lasso_characteristics_textcore_pca_raw_select_union,lasso,characteristics_textcore,0,cap_spread_bp,14.862332985893387,10.94312298626676,1.3581436491708172,0.17441810716041184,-6.585793945581868,36.31045991736864,1008,1008,0,5,pca,select,union,raw,2019-2022
ld2_enet_characteristics_textcore_pca_raw_fixed504_retain,enet,characteristics_textcore,504,rank_ic,0.0747316233444181,0.005495173276786752,13.599502614431964,4.031658759965637e-42,0.06396128163310912,0.08550196505572709,1008,1008,0,5,pca,fixed504,retain,raw,2019-2022
ld2_enet_characteristics_textcore_pca_raw_fixed504_retain,enet,characteristics_textcore,504,ew_spread_bp,21.32360177317042,9.366087962556586,2.276681775616155,0.022805235582489567,2.9664066905253783,39.68079685581546,1008,1008,0,5,pca,fixed504,retain,raw,2019-2022
ld2_enet_characteristics_textcore_pca_raw_fixed504_retain,enet,characteristics_textcore,504,cap_spread_bp,10.628007806749057,10.936172885733708,0.9718214879917769,0.33113936388919474,-10.806497177992483,32.0625127914906,1008,1008,0,5,pca,fixed504,retain,raw,2019-2022
ld2_enet_characteristics_textcore_pca_raw_fixed504_recent,enet,characteristics_textcore,504,rank_ic,0.07478920391582716,0.00552385428170694,13.539315141513176,9.163928265663822e-42,0.06396264846783419,0.08561575936382014,1008,1008,0,5,pca,fixed504,recent,raw,2019-2022
ld2_enet_characteristics_textcore_pca_raw_fixed504_recent,enet,characteristics_textcore,504,ew_spread_bp,22.66845502712217,9.268123242325794,2.4458517042155368,0.014451042615004515,4.503267267885022,40.83364278635932,1008,1008,0,5,pca,fixed504,recent,raw,2019-2022
ld2_enet_characteristics_textcore_pca_raw_fixed504_recent,enet,characteristics_textcore,504,cap_spread_bp,14.031250547780152,10.825427032804141,1.2961382960008365,0.19492784324192458,-7.186196553782265,35.24869764934257,1008,1008,0,5,pca,fixed504,recent,raw,2019-2022
ld2_enet_characteristics_textcore_pca_raw_fixed504_union,enet,characteristics_textcore,504,rank_ic,0.07544556613695588,0.005559796222474131,13.569843770889559,6.045074480907323e-42,0.06454856577952474,0.08634256649438703,1008,1008,0,5,pca,fixed504,union,raw,2019-2022
ld2_enet_characteristics_textcore_pca_raw_fixed504_union,enet,characteristics_textcore,504,ew_spread_bp,22.28741210825144,9.241753405253716,2.4115999563006714,0.015882697589847374,4.1739082799537535,40.400915936549126,1008,1008,0,5,pca,fixed504,union,raw,2019-2022
ld2_enet_characteristics_textcore_pca_raw_fixed504_union,enet,characteristics_textcore,504,cap_spread_bp,10.887149060794265,10.988466599916457,0.9907796471690634,0.32179318959903036,-10.649849720363292,32.42414784195182,1008,1008,0,5,pca,fixed504,union,raw,2019-2022
ld2_enet_characteristics_textcore_pca_raw_select_retain,enet,characteristics_textcore,0,rank_ic,0.07537838683007307,0.005541161242373359,13.603355602369625,3.8247436929214755e-42,0.06451791036249206,0.08623886329765408,1008,1008,0,5,pca,select,retain,raw,2019-2022
ld2_enet_characteristics_textcore_pca_raw_select_retain,enet,characteristics_textcore,0,ew_spread_bp,22.1576154012351,9.358512588889795,2.367642848238522,0.017901807790614913,3.8152677781463993,40.4999630243238,1008,1008,0,5,pca,select,retain,raw,2019-2022
ld2_enet_characteristics_textcore_pca_raw_select_retain,enet,characteristics_textcore,0,cap_spread_bp,18.534947880235382,10.957453830055556,1.6915378488198847,0.09073412536812363,-2.9412669889339824,40.01116274940475,1008,1008,0,5,pca,select,retain,raw,2019-2022
ld2_enet_characteristics_textcore_pca_raw_select_recent,enet,characteristics_textcore,0,rank_ic,0.07571114570703039,0.0054790113536091435,13.818395476979221,1.9742132972521175e-43,0.06497248078307041,0.08644981063099036,1008,1008,0,5,pca,select,recent,raw,2019-2022
ld2_enet_characteristics_textcore_pca_raw_select_recent,enet,characteristics_textcore,0,ew_spread_bp,22.559953496677743,9.287186222086191,2.429148394055791,0.015134336489348268,4.357402983672198,40.76250400968328,1008,1008,0,5,pca,select,recent,raw,2019-2022
ld2_enet_characteristics_textcore_pca_raw_select_recent,enet,characteristics_textcore,0,cap_spread_bp,15.377616279986709,10.874356814780045,1.4141173167212973,0.15732745950929927,-5.93573143201988,36.6909639919933,1008,1008,0,5,pca,select,recent,raw,2019-2022
ld2_enet_characteristics_textcore_pca_raw_select_union,enet,characteristics_textcore,0,rank_ic,0.07576420300492487,0.0055802203965923634,13.577277888735594,5.4618876495931856e-42,0.06482717200180801,0.08670123400804172,1008,1008,0,5,pca,select,union,raw,2019-2022
ld2_enet_characteristics_textcore_pca_raw_select_union,enet,characteristics_textcore,0,ew_spread_bp,21.980378563332046,9.411870084506303,2.335389074219783,0.01952310467058692,3.5334521705297384,40.42730495613435,1008,1008,0,5,pca,select,union,raw,2019-2022
ld2_enet_characteristics_textcore_pca_raw_select_union,enet,characteristics_textcore,0,cap_spread_bp,15.432911323975409,10.99443970812875,1.403701483083769,0.16040776064943385,-6.115794534154004,36.98161718210482,1008,1008,0,5,pca,select,union,raw,2019-2022
ld2_group_ridge_characteristics_textcore_pca_raw_fixed504_retain,group_ridge,characteristics_textcore,504,rank_ic,0.07525632496683912,0.005606929870092675,13.422020019949926,4.4929711096438654e-41,0.06426694435761564,0.0862457055760626,1008,1008,0,5,pca,fixed504,retain,raw,2019-2022
ld2_group_ridge_characteristics_textcore_pca_raw_fixed504_retain,group_ridge,characteristics_textcore,504,ew_spread_bp,18.678116492722637,9.67610707943094,1.9303337943032677,0.05356549234131183,-0.28670489351505424,37.642937878960325,1008,1008,0,5,pca,fixed504,retain,raw,2019-2022
ld2_group_ridge_characteristics_textcore_pca_raw_fixed504_retain,group_ridge,characteristics_textcore,504,cap_spread_bp,9.682916735564303,11.907034608184139,0.8132097582809478,0.4160978055459562,-13.654442259148604,33.02027573027721,1008,1008,0,5,pca,fixed504,retain,raw,2019-2022
ld2_group_ridge_characteristics_textcore_pca_raw_fixed504_recent,group_ridge,characteristics_textcore,504,rank_ic,0.07539086532989484,0.005647376387017792,13.349715011594341,1.1890293469246866e-40,0.06432221100419803,0.08645951965559164,1008,1008,0,5,pca,fixed504,recent,raw,2019-2022
ld2_group_ridge_characteristics_textcore_pca_raw_fixed504_recent,group_ridge,characteristics_textcore,504,ew_spread_bp,20.576852610717264,9.625543667862598,2.1377340668474116,0.032538332924944145,1.7111336900889995,39.44257153134553,1008,1008,0,5,pca,fixed504,recent,raw,2019-2022
ld2_group_ridge_characteristics_textcore_pca_raw_fixed504_recent,group_ridge,characteristics_textcore,504,cap_spread_bp,12.315437140466718,11.68029314583069,1.0543774018944674,0.291710164209253,-10.577516754231484,35.20839103516492,1008,1008,0,5,pca,fixed504,recent,raw,2019-2022
ld2_group_ridge_characteristics_textcore_pca_raw_fixed504_union,group_ridge,characteristics_textcore,504,rank_ic,0.07587997398041564,0.005665494000880485,13.393355278219868,6.612467535918557e-41,0.06477580978406215,0.08698413817676913,1008,1008,0,5,pca,fixed504,union,raw,2019-2022
ld2_group_ridge_characteristics_textcore_pca_raw_fixed504_union,group_ridge,characteristics_textcore,504,ew_spread_bp,19.751678434140054,9.720157654824067,2.0320327237014917,0.042150343248400175,0.7005195066335688,38.80283736164654,1008,1008,0,5,pca,fixed504,union,raw,2019-2022
ld2_group_ridge_characteristics_textcore_pca_raw_fixed504_union,group_ridge,characteristics_textcore,504,cap_spread_bp,8.31215396177315,12.041788000117464,0.6902757266356182,0.49002080947818005,-15.289316827923683,31.913624751469982,1008,1008,0,5,pca,fixed504,union,raw,2019-2022
ld2_group_ridge_characteristics_textcore_pca_raw_select_retain,group_ridge,characteristics_textcore,0,rank_ic,0.07571392324317429,0.005649665708201289,13.401487300968059,5.926349063542995e-41,0.06464078193040879,0.08678706455593979,1008,1008,0,5,pca,select,retain,raw,2019-2022
ld2_group_ridge_characteristics_textcore_pca_raw_select_retain,group_ridge,characteristics_textcore,0,ew_spread_bp,18.68018832954546,9.836820721823365,1.8990066869982436,0.05756359678011703,-0.5996260076056359,37.96000266669655,1008,1008,0,5,pca,select,retain,raw,2019-2022
ld2_group_ridge_characteristics_textcore_pca_raw_select_retain,group_ridge,characteristics_textcore,0,cap_spread_bp,16.971432971560592,12.140769335661302,1.3978877699051653,0.1621467718526478,-6.824037670943838,40.76690361406502,1008,1008,0,5,pca,select,retain,raw,2019-2022
ld2_group_ridge_characteristics_textcore_pca_raw_select_recent,group_ridge,characteristics_textcore,0,rank_ic,0.07632477754702115,0.005669406386565634,13.462569507785195,2.5972468245118506e-41,0.06521294521563113,0.08743660987841116,1008,1008,0,5,pca,select,recent,raw,2019-2022
ld2_group_ridge_characteristics_textcore_pca_raw_select_recent,group_ridge,characteristics_textcore,0,ew_spread_bp,20.240923824009954,9.770315072743402,2.0716756494861444,0.03829569970452309,1.091458163824047,39.390389484195865,1008,1008,0,5,pca,select,recent,raw,2019-2022
ld2_group_ridge_characteristics_textcore_pca_raw_select_recent,group_ridge,characteristics_textcore,0,cap_spread_bp,16.565806194182766,11.908324254652978,1.3911114477513455,0.16419163399414516,-6.774080461161855,39.905692849527384,1008,1008,0,5,pca,select,recent,raw,2019-2022
ld2_group_ridge_characteristics_textcore_pca_raw_select_union,group_ridge,characteristics_textcore,0,rank_ic,0.07616482636561557,0.005695691512999456,13.372358069565774,8.771531622748697e-41,0.06500147613308618,0.08732817659814496,1008,1008,0,5,pca,select,union,raw,2019-2022
ld2_group_ridge_characteristics_textcore_pca_raw_select_union,group_ridge,characteristics_textcore,0,ew_spread_bp,19.281545050175122,9.766143794120994,1.9743253280565245,0.04834476270812521,0.14025494585861864,38.42283515449162,1008,1008,0,5,pca,select,union,raw,2019-2022
ld2_group_ridge_characteristics_textcore_pca_raw_select_union,group_ridge,characteristics_textcore,0,cap_spread_bp,10.87639347099996,11.81449597848541,0.9205973315159811,0.35726069591671183,-12.279593142324751,34.03238008432467,1008,1008,0,5,pca,select,union,raw,2019-2022
ld2_ols_characteristics_full_dgtw_fixed504_retain,ols,characteristics,504,rank_ic,0.059337629691526374,0.0016464599637464102,36.03952176067953,2.0125973226443047e-284,0.05611062746059629,0.06256463192245645,2266,2266,0,5,full,fixed504,retain,dgtw,full
ld2_ols_characteristics_full_dgtw_fixed504_retain,ols,characteristics,504,ew_spread_bp,17.93143165478288,3.611192458144196,4.965515369955637,6.851886587783427e-07,10.85362449557759,25.00923881398817,2266,2266,0,5,full,fixed504,retain,dgtw,full
ld2_ols_characteristics_full_dgtw_fixed504_retain,ols,characteristics,504,cap_spread_bp,9.39416530296561,4.456757271152774,2.1078476415512166,0.03504417039027255,0.6590815636691616,18.129249042262057,2266,2266,0,5,full,fixed504,retain,dgtw,full
ld2_ols_characteristics_full_dgtw_fixed504_recent,ols,characteristics,504,rank_ic,0.059849053588754045,0.0016296613568109368,36.72484061711562,2.9319227733950033e-295,0.05665497602240793,0.06304313115510016,2266,2266,0,5,full,fixed504,recent,dgtw,full
ld2_ols_characteristics_full_dgtw_fixed504_recent,ols,characteristics,504,ew_spread_bp,17.60369016845387,3.5811660999967514,4.915630740632175,8.849706669932101e-07,10.584733589804472,24.622646747103268,2266,2266,0,5,full,fixed504,recent,dgtw,full
ld2_ols_characteristics_full_dgtw_fixed504_recent,ols,characteristics,504,cap_spread_bp,8.70743735130469,4.156021912686593,2.095137497885787,0.03615877142074559,0.561784083479699,16.85309061912968,2266,2266,0,5,full,fixed504,recent,dgtw,full
ld2_ols_characteristics_full_dgtw_fixed504_union,ols,characteristics,504,rank_ic,0.06015212972962192,0.0016532398580941222,36.3843936105957,7.515311767539645e-290,0.05691183914995133,0.06339242030929251,2266,2266,0,5,full,fixed504,union,dgtw,full
ld2_ols_characteristics_full_dgtw_fixed504_union,ols,characteristics,504,ew_spread_bp,18.253784262286263,3.6320994427372333,5.0256840568577035,5.016411780287146e-07,11.135000166253285,25.372568358319242,2266,2266,0,5,full,fixed504,union,dgtw,full
ld2_ols_characteristics_full_dgtw_fixed504_union,ols,characteristics,504,cap_spread_bp,10.347318541589223,4.316090758316285,2.397382057282255,0.016512696043179988,1.8879361012831328,18.80670098189531,2266,2266,0,5,full,fixed504,union,dgtw,full
ld2_ols_characteristics_full_dgtw_select_retain,ols,characteristics,0,rank_ic,0.05996983153378766,0.0016460479714661004,36.432614707075516,1.296880883738174e-290,0.056743636792888894,0.06319602627468643,2266,2266,0,5,full,select,retain,dgtw,full
ld2_ols_characteristics_full_dgtw_select_retain,ols,characteristics,0,ew_spread_bp,18.87197944610349,3.5793517872893528,5.272457296072388,1.3460916473079795e-07,11.856578855017288,25.887380037189693,2266,2266,0,5,full,select,retain,dgtw,full
ld2_ols_characteristics_full_dgtw_select_retain,ols,characteristics,0,cap_spread_bp,10.448608614565964,4.367218850319144,2.3925085901757384,0.016733636375681274,1.8890169553360199,19.008200273795907,2266,2266,0,5,full,select,retain,dgtw,full
ld2_ols_characteristics_full_dgtw_select_recent,ols,characteristics,0,rank_ic,0.06025833084567313,0.0016522058730848487,36.47144210495043,3.1460452154945385e-291,0.05702006683938127,0.06349659485196499,2266,2266,0,5,full,select,recent,dgtw,full
ld2_ols_characteristics_full_dgtw_select_recent,ols,characteristics,0,ew_spread_bp,18.321899027401418,3.551660414766846,5.158685484463522,2.4868966040044994e-07,11.36077252914181,25.283025525661024,2266,2266,0,5,full,select,recent,dgtw,full
ld2_ols_characteristics_full_dgtw_select_recent,ols,characteristics,0,cap_spread_bp,9.07628504566883,4.2666914938515506,2.1272419294312868,0.03339998694924911,0.7137233845763902,17.43884670676127,2266,2266,0,5,full,select,recent,dgtw,full
ld2_ols_characteristics_full_dgtw_select_union,ols,characteristics,0,rank_ic,0.060536470790007,0.00165112172862005,36.66384479150503,2.753670883362915e-294,0.057300331667820184,0.06377260991219381,2266,2266,0,5,full,select,union,dgtw,full
ld2_ols_characteristics_full_dgtw_select_union,ols,characteristics,0,ew_spread_bp,18.34480078430213,3.6463646350628967,5.030983628982486,4.879698186087472e-07,11.198057425078314,25.491544143525946,2266,2266,0,5,full,select,union,dgtw,full
ld2_ols_characteristics_full_dgtw_select_union,ols,characteristics,0,cap_spread_bp,9.849595652977683,4.244301060270129,2.3206637590291024,0.020304998132146458,1.5309184353030645,18.168272870652302,2266,2266,0,5,full,select,union,dgtw,full
ld2_ridge_characteristics_full_dgtw_fixed504_retain,ridge,characteristics,504,rank_ic,0.06068103268846969,0.0016343416419301784,37.12873191972555,9.664163312567278e-302,0.05747778193185248,0.0638842834450869,2266,2266,0,5,full,fixed504,retain,dgtw,full
ld2_ridge_characteristics_full_dgtw_fixed504_retain,ridge,characteristics,504,ew_spread_bp,14.50204672196336,3.6820371219102,3.9385932954526703,8.196072434671495e-05,7.285386573279852,21.71870687064687,2266,2266,0,5,full,fixed504,retain,dgtw,full
ld2_ridge_characteristics_full_dgtw_fixed504_retain,ridge,characteristics,504,cap_spread_bp,10.704066540319111,4.31512975251461,2.480589728288331,0.013116524659678965,2.2465676367732375,19.161565443864987,2266,2266,0,5,full,fixed504,retain,dgtw,full
ld2_ridge_characteristics_full_dgtw_fixed504_recent,ridge,characteristics,504,rank_ic,0.0607238601540553,0.0016323670402057413,37.19988131247844,6.854326727440971e-303,0.0575244795457018,0.0639232407624088,2266,2266,0,5,full,fixed504,recent,dgtw,full
ld2_ridge_characteristics_full_dgtw_fixed504_recent,ridge,characteristics,504,ew_spread_bp,14.269271251400072,3.6374384843084706,3.922890053799182,8.74930844474406e-05,7.140022826175507,21.398519676624637,2266,2266,0,5,full,fixed504,recent,dgtw,full
ld2_ridge_characteristics_full_dgtw_fixed504_recent,ridge,characteristics,504,cap_spread_bp,10.915177212162398,4.187795374871299,2.6064256333197386,0.009149268930310022,2.7072491027912378,19.123105321533558,2266,2266,0,5,full,fixed504,recent,dgtw,full
ld2_ridge_characteristics_full_dgtw_fixed504_union,ridge,characteristics,504,rank_ic,0.06104673546797219,0.001648987272695935,37.020743870367575,5.3110601746062737e-300,0.057814779802523225,0.06427869113342115,2266,2266,0,5,full,fixed504,union,dgtw,full
ld2_ridge_characteristics_full_dgtw_fixed504_union,ridge,characteristics,504,ew_spread_bp,14.92277317775564,3.674749920331487,4.0608948911575204,4.8884977474867684e-05,7.720395681714494,22.12515067379679,2266,2266,0,5,full,fixed504,union,dgtw,full
ld2_ridge_characteristics_full_dgtw_fixed504_union,ridge,characteristics,504,cap_spread_bp,11.274199191769222,4.215778539572496,2.6742863947764413,0.0074888466804851755,3.011425087410263,19.53697329612818,2266,2266,0,5,full,fixed504,union,dgtw,full
ld2_ridge_characteristics_full_dgtw_select_retain,ridge,characteristics,0,rank_ic,0.0610179146360109,0.0016352709539429074,37.31364180895323,9.861650502020615e-305,0.05781284246131835,0.06422298681070346,2266,2266,0,5,full,select,retain,dgtw,full
ld2_ridge_characteristics_full_dgtw_select_retain,ridge,characteristics,0,ew_spread_bp,14.1230159740677,3.6559475361909652,3.8630247929602666,0.00011199163655360459,6.957490473765462,21.288541474369936,2266,2266,0,5,full,select,retain,dgtw,full
ld2_ridge_characteristics_full_dgtw_select_retain,ridge,characteristics,0,cap_spread_bp,9.93425241675715,4.141336854391684,2.3988032768265066,0.016448748990230883,1.8173813343010519,18.051123499213247,2266,2266,0,5,full,select,retain,dgtw,full
ld2_ridge_characteristics_full_dgtw_select_recent,ridge,characteristics,0,rank_ic,0.06113101950816951,0.001649863832564414,37.05216048839159,1.6576225395042184e-300,0.05789734581694803,0.06436469319939098,2266,2266,0,5,full,select,recent,dgtw,full
ld2_ridge_characteristics_full_dgtw_select_recent,ridge,characteristics,0,ew_spread_bp,14.606726280550133,3.6122726853428286,4.043638881366415,5.262795813407199e-05,7.5268019149404015,21.686650646159862,2266,2266,0,5,full,select,recent,dgtw,full
ld2_ridge_characteristics_full_dgtw_select_recent,ridge,characteristics,0,cap_spread_bp,8.632196427300507,4.210452483448311,2.0501826018069296,0.04034661512470923,0.379861201124589,16.884531653476422,2266,2266,0,5,full,select,recent,dgtw,full
ld2_ridge_characteristics_full_dgtw_select_union,ridge,characteristics,0,rank_ic,0.06126776289436665,0.0016496310670179786,37.140281920805336,6.29156824442244e-302,0.05803454541523303,0.06450098037350027,2266,2266,0,5,full,select,union,dgtw,full
ld2_ridge_characteristics_full_dgtw_select_union,ridge,characteristics,0,ew_spread_bp,14.829457165347858,3.705398358652454,4.002122236255564,6.27768495923244e-05,7.567009834015217,22.0919044966805,2266,2266,0,5,full,select,union,dgtw,full
ld2_ridge_characteristics_full_dgtw_select_union,ridge,characteristics,0,cap_spread_bp,10.07625021349566,4.208761186345966,2.3941130815844245,0.016660611300196502,1.8272298687274962,18.325270558263824,2266,2266,0,5,full,select,union,dgtw,full
ld2_lasso_characteristics_full_dgtw_fixed504_retain,lasso,characteristics,504,rank_ic,0.06035402559706888,0.0016502825469804961,36.57193473172093,7.991739779767268e-293,0.057119531240672074,0.06358851995346568,2266,2266,0,5,full,fixed504,retain,dgtw,full
ld2_lasso_characteristics_full_dgtw_fixed504_retain,lasso,characteristics,504,ew_spread_bp,14.675174070237416,3.5094941822931682,4.181563868742015,2.8951090012155184e-05,7.796691868989959,21.553656271484872,2266,2266,0,5,full,fixed504,retain,dgtw,full
ld2_lasso_characteristics_full_dgtw_fixed504_retain,lasso,characteristics,504,cap_spread_bp,9.47614194344355,4.069890509517211,2.3283530407720114,0.019893364998146028,1.4993031237684464,17.452980763118653,2266,2266,0,5,full,fixed504,retain,dgtw,full
ld2_lasso_characteristics_full_dgtw_fixed504_recent,lasso,characteristics,504,rank_ic,0.060446141572679385,0.0016415612487978063,36.8223492220878,8.104658361468456e-297,0.05722874064661909,0.06366354249873968,2266,2266,0,5,full,fixed504,recent,dgtw,full
ld2_lasso_characteristics_full_dgtw_fixed504_recent,lasso,characteristics,504,ew_spread_bp,15.174375414120071,3.4865725213567464,4.352232836451999,1.347580356891736e-05,8.340818842773839,22.007931985466303,2266,2266,0,5,full,fixed504,recent,dgtw,full
ld2_lasso_characteristics_full_dgtw_fixed504_recent,lasso,characteristics,504,cap_spread_bp,9.982956890717086,4.0706988147788294,2.4523938873771685,0.014190922753160105,2.0045338218406954,17.961379959593476,2266,2266,0,5,full,fixed504,recent,dgtw,full
ld2_lasso_characteristics_full_dgtw_fixed504_union,lasso,characteristics,504,rank_ic,0.0608467278939739,0.0016615920138580134,36.619535593876165,1.3981097549433597e-293,0.057590067389812816,0.06410338839813498,2266,2266,0,5,full,fixed504,union,dgtw,full
ld2_lasso_characteristics_full_dgtw_fixed504_union,lasso,characteristics,504,ew_spread_bp,15.706872025577969,3.5258145934998684,4.4548207539145395,8.396331387095576e-06,8.796402406152495,22.617341645003442,2266,2266,0,5,full,fixed504,union,dgtw,full
ld2_lasso_characteristics_full_dgtw_fixed504_union,lasso,characteristics,504,cap_spread_bp,8.884863980489436,4.259691408523132,2.0857999156257865,0.036996751076084994,0.536022234529403,17.23370572644947,2266,2266,0,5,full,fixed504,union,dgtw,full
ld2_lasso_characteristics_full_dgtw_select_retain,lasso,characteristics,0,rank_ic,0.06066019135822637,0.0016308431361104075,37.19560147452446,8.038120506542573e-303,0.05746379754701562,0.06385658516943712,2266,2266,0,5,full,select,retain,dgtw,full
ld2_lasso_characteristics_full_dgtw_select_retain,lasso,characteristics,0,ew_spread_bp,15.797142339585609,3.5572992179287235,4.440768507739888,8.963818166893901e-06,8.82496399021281,22.76932068895841,2266,2266,0,5,full,select,retain,dgtw,full
ld2_lasso_characteristics_full_dgtw_select_retain,lasso,characteristics,0,cap_spread_bp,11.637480162636457,3.95097031285958,2.9454739573109165,0.003224602921259665,3.8937206454447315,19.381239679828184,2266,2266,0,5,full,select,retain,dgtw,full
ld2_lasso_characteristics_full_dgtw_select_recent,lasso,characteristics,0,rank_ic,0.06086297513739528,0.0016507279132723953,36.870385875247486,1.3787275887666457e-297,0.05762760787910643,0.06409834239568414,2266,2266,0,5,full,select,recent,dgtw,full
ld2_lasso_characteristics_full_dgtw_select_recent,lasso,characteristics,0,ew_spread_bp,16.719573107209595,3.4675675751846997,4.821700729601218,1.4233938696886972e-06,9.923265545888697,23.515880668530492,2266,2266,0,5,full,select,recent,dgtw,full
ld2_lasso_characteristics_full_dgtw_select_recent,lasso,characteristics,0,cap_spread_bp,9.988540649995379,4.102619107016855,2.434674140943678,0.014905205832797428,1.9475549579564664,18.02952634203429,2266,2266,0,5,full,select,recent,dgtw,full
ld2_lasso_characteristics_full_dgtw_select_union,lasso,characteristics,0,rank_ic,0.06093696666683506,0.0016400977717102381,37.15447195766388,3.7125028573302626e-302,0.057722434103158596,0.06415149923051153,2266,2266,0,5,full,select,union,dgtw,full
ld2_lasso_characteristics_full_dgtw_select_union,lasso,characteristics,0,ew_spread_bp,16.66673954185875,3.5577902208487657,4.684576241789388,2.805397292133915e-06,9.693598844446363,23.639880239271136,2266,2266,0,5,full,select,union,dgtw,full
ld2_lasso_characteristics_full_dgtw_select_union,lasso,characteristics,0,cap_spread_bp,11.393876995599117,4.079983847680957,2.792627966425735,0.0052281783717784145,3.3972555966392877,19.390498394558946,2266,2266,0,5,full,select,union,dgtw,full
ld2_enet_characteristics_full_dgtw_fixed504_retain,enet,characteristics,504,rank_ic,0.0604130602596943,0.0016499063121169944,36.616054994164074,1.5883058545763835e-293,0.057179303310079685,0.06364681720930891,2266,2266,0,5,full,fixed504,retain,dgtw,full
ld2_enet_characteristics_full_dgtw_fixed504_retain,enet,characteristics,504,ew_spread_bp,14.963379358149291,3.508403876396923,4.265010496316192,1.9989280435379828e-05,8.087034117190607,21.839724599107974,2266,2266,0,5,full,fixed504,retain,dgtw,full
ld2_enet_characteristics_full_dgtw_fixed504_retain,enet,characteristics,504,cap_spread_bp,10.54487625207464,4.0956772706460916,2.5746355377290726,0.010034576218374485,2.517496309308994,18.572256194840286,2266,2266,0,5,full,fixed504,retain,dgtw,full
ld2_enet_characteristics_full_dgtw_fixed504_recent,enet,characteristics,504,rank_ic,0.06049551508920959,0.0016427542381748945,36.825663683217954,7.172809284229557e-297,0.057275775946936267,0.06371525423148292,2266,2266,0,5,full,fixed504,recent,dgtw,full
ld2_enet_characteristics_full_dgtw_fixed504_recent,enet,characteristics,504,ew_spread_bp,15.582768025000957,3.483535034355908,4.473262898555045,7.703496842007105e-06,8.755164818779878,22.410371231222037,2266,2266,0,5,full,fixed504,recent,dgtw,full
ld2_enet_characteristics_full_dgtw_fixed504_recent,enet,characteristics,504,cap_spread_bp,10.563199773639393,4.129470346876022,2.5580035419386267,0.010527501998723857,2.469586618536267,18.656812928742518,2266,2266,0,5,full,fixed504,recent,dgtw,full
ld2_enet_characteristics_full_dgtw_fixed504_union,enet,characteristics,504,rank_ic,0.06087576913201584,0.0016599668247473643,36.67288299046622,1.9763916836237106e-294,0.057622293939979696,0.06412924432405198,2266,2266,0,5,full,fixed504,union,dgtw,full
ld2_enet_characteristics_full_dgtw_fixed504_union,enet,characteristics,504,ew_spread_bp,16.200571968154104,3.5325424698507812,4.586094040318342,4.516152459301217e-06,9.276915953388404,23.124227982919805,2266,2266,0,5,full,fixed504,union,dgtw,full
ld2_enet_characteristics_full_dgtw_fixed504_union,enet,characteristics,504,cap_spread_bp,10.369217609805391,4.216067597183188,2.459452409333571,0.013914914493605183,2.105876962940018,18.632558256670762,2266,2266,0,5,full,fixed504,union,dgtw,full
ld2_enet_characteristics_full_dgtw_select_retain,enet,characteristics,0,rank_ic,0.06069336327889996,0.0016285878184702312,37.26747958603214,5.521887628888632e-304,0.05750138980903765,0.06388533674876226,2266,2266,0,5,full,select,retain,dgtw,full
ld2_enet_characteristics_full_dgtw_select_retain,enet,characteristics,0,ew_spread_bp,16.005799777462283,3.575757823255828,4.476197933026838,7.598404534331524e-06,8.99744322644352,23.014156328481043,2266,2266,0,5,full,select,retain,dgtw,full
ld2_enet_characteristics_full_dgtw_select_retain,enet,characteristics,0,cap_spread_bp,11.60065176238126,3.9525437918747084,2.9349837404025374,0.003335651664969979,3.853808282989452,19.347495241773068,2266,2266,0,5,full,select,retain,dgtw,full
ld2_enet_characteristics_full_dgtw_select_recent,enet,characteristics,0,rank_ic,0.060850857470022425,0.0016479827492606812,36.92445051219217,1.8728053361184288e-298,0.057620870634328185,0.06408084430571666,2266,2266,0,5,full,select,recent,dgtw,full
ld2_enet_characteristics_full_dgtw_select_recent,enet,characteristics,0,ew_spread_bp,16.753579780158034,3.471447015572321,4.82610845131852,1.3922671245321196e-06,9.949668655397229,23.55749090491884,2266,2266,0,5,full,select,recent,dgtw,full
ld2_enet_characteristics_full_dgtw_select_recent,enet,characteristics,0,cap_spread_bp,9.844784037085963,4.112012999446087,2.3941519733551706,0.016658844701517773,1.7853866542111128,17.904181419960814,2266,2266,0,5,full,select,recent,dgtw,full
ld2_enet_characteristics_full_dgtw_select_union,enet,characteristics,0,rank_ic,0.060962669543898194,0.0016394861054652924,37.1840110999884,1.237341571684244e-302,0.05774933582403238,0.064176003263764,2266,2266,0,5,full,select,union,dgtw,full
ld2_enet_characteristics_full_dgtw_select_union,enet,characteristics,0,ew_spread_bp,16.65366526599929,3.563288439246569,4.673678695940929,2.9585205598817675e-06,9.669748258548076,23.637582273450505,2266,2266,0,5,full,select,union,dgtw,full
ld2_enet_characteristics_full_dgtw_select_union,enet,characteristics,0,cap_spread_bp,11.61501159909939,4.112626698736329,2.8242319203608464,0.004739407709188913,3.5544113877183268,19.675611810480454,2266,2266,0,5,full,select,union,dgtw,full
ld2_ols_characteristics_core_full_dgtw_fixed504_retain,ols,characteristics_core,504,rank_ic,0.060648827668592635,0.0016611006147663366,36.51123064398117,7.357392454813056e-292,0.05739313028895327,0.06390452504823199,2266,2266,0,5,full,fixed504,retain,dgtw,full
ld2_ols_characteristics_core_full_dgtw_fixed504_retain,ols,characteristics_core,504,ew_spread_bp,20.470916612235506,3.650844755309386,5.607172581760663,2.0565856726381717e-08,13.315392378682162,27.62644084578885,2266,2266,0,5,full,fixed504,retain,dgtw,full
ld2_ols_characteristics_core_full_dgtw_fixed504_retain,ols,characteristics_core,504,cap_spread_bp,10.716368013539602,4.602251615929051,2.328505459468735,0.019885279690183808,1.696120598527397,19.736615428551808,2266,2266,0,5,full,fixed504,retain,dgtw,full
ld2_ols_characteristics_core_full_dgtw_fixed504_recent,ols,characteristics_core,504,rank_ic,0.06117169007676344,0.0016480247555931014,37.11818640415301,1.4299065881251416e-301,0.057941620910170535,0.06440175924335634,2266,2266,0,5,full,fixed504,recent,dgtw,full
ld2_ols_characteristics_core_full_dgtw_fixed504_recent,ols,characteristics_core,504,ew_spread_bp,20.841049152745512,3.5618589039825865,5.851172018476845,4.881210584439132e-09,13.859933982926332,27.822164322564692,2266,2266,0,5,full,fixed504,recent,dgtw,full
ld2_ols_characteristics_core_full_dgtw_fixed504_recent,ols,characteristics_core,504,cap_spread_bp,12.562421699492138,4.170475988997853,3.0122273171295326,0.00259338315545739,4.3884389626672835,20.73640443631699,2266,2266,0,5,full,fixed504,recent,dgtw,full
ld2_ols_characteristics_core_full_dgtw_fixed504_union,ols,characteristics_core,504,rank_ic,0.06150018984237852,0.0016716836367883451,36.789371199764375,2.73063196306871e-296,0.058223750120728425,0.06477662956402862,2266,2266,0,5,full,fixed504,union,dgtw,full
ld2_ols_characteristics_core_full_dgtw_fixed504_union,ols,characteristics_core,504,ew_spread_bp,20.62102436211284,3.623870216000549,5.690331919466764,1.2679266459664582e-08,13.518369254104378,27.723679470121304,2266,2266,0,5,full,fixed504,union,dgtw,full
ld2_ols_characteristics_core_full_dgtw_fixed504_union,ols,characteristics_core,504,cap_spread_bp,13.878389840505513,4.339970605038914,3.197807336388877,0.0013847676391379351,5.372203760666734,22.38457592034429,2266,2266,0,5,full,fixed504,union,dgtw,full
ld2_ols_characteristics_core_full_dgtw_select_retain,ols,characteristics_core,0,rank_ic,0.061233005602543515,0.001660110212917118,36.88490386125985,8.068470170095815e-298,0.05797924937485884,0.06448676183022818,2266,2266,0,5,full,select,retain,dgtw,full
ld2_ols_characteristics_core_full_dgtw_select_retain,ols,characteristics_core,0,ew_spread_bp,20.221291573568983,3.621792715466265,5.583227192218183,2.360959981625134e-08,13.12270829178558,27.31987485535239,2266,2266,0,5,full,select,retain,dgtw,full
ld2_ols_characteristics_core_full_dgtw_select_retain,ols,characteristics_core,0,cap_spread_bp,9.819771965885192,4.417697227364944,2.2228259340766234,0.026227539619551397,1.1612445056474456,18.478299426122938,2266,2266,0,5,full,select,retain,dgtw,full
ld2_ols_characteristics_core_full_dgtw_select_recent,ols,characteristics_core,0,rank_ic,0.06163947694924956,0.0016700004194375939,36.90985716638795,3.2109826135341445e-298,0.05836633627298509,0.06491261762551402,2266,2266,0,5,full,select,recent,dgtw,full
ld2_ols_characteristics_core_full_dgtw_select_recent,ols,characteristics_core,0,ew_spread_bp,20.884625914572553,3.558524031244855,5.868901188020535,4.386927760484116e-09,13.910046975212351,27.859204853932752,2266,2266,0,5,full,select,recent,dgtw,full
ld2_ols_characteristics_core_full_dgtw_select_recent,ols,characteristics_core,0,cap_spread_bp,13.260515388402286,4.386386552994215,3.0231068849484903,0.002501938579924933,4.663355722262832,21.85767505454174,2266,2266,0,5,full,select,recent,dgtw,full
ld2_ols_characteristics_core_full_dgtw_select_union,ols,characteristics_core,0,rank_ic,0.06189187510341204,0.0016686496702906933,37.09099411659605,3.9247380161814265e-301,0.05862138184682765,0.06516236835999643,2266,2266,0,5,full,select,union,dgtw,full
ld2_ols_characteristics_core_full_dgtw_select_union,ols,characteristics_core,0,ew_spread_bp,20.431961730451068,3.606112925728835,5.6659239883125805,1.4623434514774131e-08,13.36411027183819,27.499813189063946,2266,2266,0,5,full,select,union,dgtw,full
ld2_ols_characteristics_core_full_dgtw_select_union,ols,characteristics_core,0,cap_spread_bp,12.607770875565501,4.26639060807678,2.955137499997657,0.003125297290302694,4.245798939755071,20.96974281137593,2266,2266,0,5,full,select,union,dgtw,full
ld2_ridge_characteristics_core_full_dgtw_fixed504_retain,ridge,characteristics_core,504,rank_ic,0.06231459558813944,0.001686656137714456,36.94564303580001,8.55659891926464e-299,0.05900881030391568,0.0656203808723632,2266,2266,0,5,full,fixed504,retain,dgtw,full
ld2_ridge_characteristics_core_full_dgtw_fixed504_retain,ridge,characteristics_core,504,ew_spread_bp,19.141101249724898,3.7163226028649823,5.150548888024056,2.5972521763830563e-07,11.857242793177381,26.424959706272414,2266,2266,0,5,full,fixed504,retain,dgtw,full
ld2_ridge_characteristics_core_full_dgtw_fixed504_retain,ridge,characteristics_core,504,cap_spread_bp,11.643356303322125,4.506962394278875,2.583415454742238,0.009782744072232986,2.80987233085912,20.47684027578513,2266,2266,0,5,full,fixed504,retain,dgtw,full
ld2_ridge_characteristics_core_full_dgtw_fixed504_recent,ridge,characteristics_core,504,rank_ic,0.06237229263737669,0.001676549765902275,37.20276839131558,6.155829007870304e-303,0.05908631547791917,0.0656582697968342,2266,2266,0,5,full,fixed504,recent,dgtw,full
ld2_ridge_characteristics_core_full_dgtw_fixed504_recent,ridge,characteristics_core,504,ew_spread_bp,17.6569189661468,3.6518138462158563,4.8351092661646895,1.3307251942295541e-06,10.49949534931903,24.81434258297457,2266,2266,0,5,full,fixed504,recent,dgtw,full
ld2_ridge_characteristics_core_full_dgtw_fixed504_recent,ridge,characteristics_core,504,cap_spread_bp,10.495951371376327,4.363525582798999,2.4053832554004786,0.016155512918246222,1.943598383471139,19.048304359281516,2266,2266,0,5,full,fixed504,recent,dgtw,full
ld2_ridge_characteristics_core_full_dgtw_fixed504_union,ridge,characteristics_core,504,rank_ic,0.06271232055158658,0.0016965724861731815,36.96412682787376,4.319488262535944e-299,0.05938709958152557,0.06603754152164759,2266,2266,0,5,full,fixed504,union,dgtw,full
ld2_ridge_characteristics_core_full_dgtw_fixed504_union,ridge,characteristics_core,504,ew_spread_bp,18.657379524256708,3.659710520720796,5.098047897127683,3.4317399805829293e-07,11.484478709801621,25.830280338711795,2266,2266,0,5,full,fixed504,union,dgtw,full
ld2_ridge_characteristics_core_full_dgtw_fixed504_union,ridge,characteristics_core,504,cap_spread_bp,11.40765183470986,4.435233226797035,2.572052302861208,0.010109761723529856,2.714754447152302,20.100549222267418,2266,2266,0,5,full,fixed504,union,dgtw,full
ld2_ridge_characteristics_core_full_dgtw_select_retain,ridge,characteristics_core,0,rank_ic,0.06255703244726273,0.0016693721374961945,37.473389570937016,2.4993415101255687e-307,0.059285123180975535,0.06582894171354992,2266,2266,0,5,full,select,retain,dgtw,full
ld2_ridge_characteristics_core_full_dgtw_select_retain,ridge,characteristics_core,0,ew_spread_bp,18.338772743339263,3.7082922313407485,4.9453418445149895,7.601036030973324e-07,11.07065352576172,25.606891960916805,2266,2266,0,5,full,select,retain,dgtw,full
ld2_ridge_characteristics_core_full_dgtw_select_retain,ridge,characteristics_core,0,cap_spread_bp,9.729534681061608,4.306786198062194,2.259117177778488,0.023876096884270562,1.2883888437455209,18.170680518377694,2266,2266,0,5,full,select,retain,dgtw,full
ld2_ridge_characteristics_core_full_dgtw_select_recent,ridge,characteristics_core,0,rank_ic,0.06271684468559656,0.001691593836122485,37.07559305687572,6.950657982190429e-301,0.059401381690326535,0.06603230768086658,2266,2266,0,5,full,select,recent,dgtw,full
ld2_ridge_characteristics_core_full_dgtw_select_recent,ridge,characteristics_core,0,ew_spread_bp,19.174918468060504,3.652453235265869,5.249873778784939,1.5220346499335754e-07,12.0162416717226,26.333595264398408,2266,2266,0,5,full,select,recent,dgtw,full
ld2_ridge_characteristics_core_full_dgtw_select_recent,ridge,characteristics_core,0,cap_spread_bp,10.012425698025005,4.262696341612369,2.348847981566005,0.018831593486690303,1.6576943914341165,18.367157004615894,2266,2266,0,5,full,select,recent,dgtw,full
ld2_ridge_characteristics_core_full_dgtw_select_union,ridge,characteristics_core,0,rank_ic,0.0628592891337069,0.0016860915998807779,37.281064171218,3.326764850432074e-304,0.059554610323305064,0.06616396794410875,2266,2266,0,5,full,select,union,dgtw,full
ld2_ridge_characteristics_core_full_dgtw_select_union,ridge,characteristics_core,0,ew_spread_bp,19.511334646686553,3.6540865594364647,5.339592899434654,9.315552557036977e-08,12.349456593799204,26.673212699573902,2266,2266,0,5,full,select,union,dgtw,full
ld2_ridge_characteristics_core_full_dgtw_select_union,ridge,characteristics_core,0,cap_spread_bp,9.722757666099113,4.194698698651943,2.3178679482327853,0.020456498863944624,1.5012992907442708,17.944216041453956,2266,2266,0,5,full,select,union,dgtw,full
ld2_lasso_characteristics_core_full_dgtw_fixed504_retain,lasso,characteristics_core,504,rank_ic,0.06188795511113163,0.001705744557157036,36.28207685110851,3.102111564909788e-288,0.05854475721227862,0.06523115300998465,2266,2266,0,5,full,fixed504,retain,dgtw,full
ld2_lasso_characteristics_core_full_dgtw_fixed504_retain,lasso,characteristics_core,504,ew_spread_bp,17.92802082407521,3.6938527975849733,4.853474625679855,1.2131687081063576e-06,10.688202376616141,25.167839271534284,2266,2266,0,5,full,fixed504,retain,dgtw,full
ld2_lasso_characteristics_core_full_dgtw_fixed504_retain,lasso,characteristics_core,504,cap_spread_bp,9.392384797728722,4.32499341441592,2.1716529709438044,0.029881848317753947,0.9155534721006013,17.869216123356843,2266,2266,0,5,full,fixed504,retain,dgtw,full
ld2_lasso_characteristics_core_full_dgtw_fixed504_recent,lasso,characteristics_core,504,rank_ic,0.06202228782985468,0.0016997288030395762,36.48951980983202,1.6260731625965742e-291,0.05869088059241174,0.06535369506729763,2266,2266,0,5,full,fixed504,recent,dgtw,full
ld2_lasso_characteristics_core_full_dgtw_fixed504_recent,lasso,characteristics_core,504,ew_spread_bp,18.273335262314223,3.6341235269943275,5.028264759461146,4.94938200874883e-07,11.150584034035667,25.39608649059278,2266,2266,0,5,full,fixed504,recent,dgtw,full
ld2_lasso_characteristics_core_full_dgtw_fixed504_recent,lasso,characteristics_core,504,cap_spread_bp,9.388817332709898,4.481388865273462,2.0950686528152866,0.03616489005447515,0.605456556055092,18.172178109364705,2266,2266,0,5,full,fixed504,recent,dgtw,full
ld2_lasso_characteristics_core_full_dgtw_fixed504_union,lasso,characteristics_core,504,rank_ic,0.06238035398806681,0.0017126115292444666,36.42411190329102,1.7681580372938952e-290,0.05902369707123959,0.06573701090489403,2266,2266,0,5,full,fixed504,union,dgtw,full
ld2_lasso_characteristics_core_full_dgtw_fixed504_union,lasso,characteristics_core,504,ew_spread_bp,18.877935278579926,3.6382234521101435,5.188778404369544,2.116781092735433e-07,11.74714834473506,26.008722212424793,2266,2266,0,5,full,fixed504,union,dgtw,full
ld2_lasso_characteristics_core_full_dgtw_fixed504_union,lasso,characteristics_core,504,cap_spread_bp,9.955223722475006,4.450005334832995,2.237126244444967,0.02527809012347745,1.233373535191232,18.677073909758782,2266,2266,0,5,full,fixed504,union,dgtw,full
ld2_lasso_characteristics_core_full_dgtw_select_retain,lasso,characteristics_core,0,rank_ic,0.06229397088186427,0.0016800360029095764,37.07894995939387,6.136663164784579e-301,0.059001160823430876,0.06558678094029767,2266,2266,0,5,full,select,retain,dgtw,full
ld2_lasso_characteristics_core_full_dgtw_select_retain,lasso,characteristics_core,0,ew_spread_bp,18.40028257433219,3.6470649112916145,5.0452303487561725,4.5297531281101087e-07,11.25216669892086,25.548398449743523,2266,2266,0,5,full,select,retain,dgtw,full
ld2_lasso_characteristics_core_full_dgtw_select_retain,lasso,characteristics_core,0,cap_spread_bp,8.979363312668598,4.3314419891940545,2.0730655830252447,0.03816617648862796,0.4898930127237211,17.468833612613473,2266,2266,0,5,full,select,retain,dgtw,full
ld2_lasso_characteristics_core_full_dgtw_select_recent,lasso,characteristics_core,0,rank_ic,0.06262571968894795,0.0017029159287003173,36.7755792482043,4.536744094055709e-296,0.05928806579999575,0.06596337357790015,2266,2266,0,5,full,select,recent,dgtw,full
ld2_lasso_characteristics_core_full_dgtw_select_recent,lasso,characteristics_core,0,ew_spread_bp,18.443090885158437,3.5721329464518052,5.163047165833492,2.42961888938515e-07,11.441838962123953,25.44434280819292,2266,2266,0,5,full,select,recent,dgtw,full
ld2_lasso_characteristics_core_full_dgtw_select_recent,lasso,characteristics_core,0,cap_spread_bp,9.9710298674171,4.271404201156618,2.3343681369974605,0.019576453717833245,1.5992314697370489,18.34282826509715,2266,2266,0,5,full,select,recent,dgtw,full
ld2_lasso_characteristics_core_full_dgtw_select_union,lasso,characteristics_core,0,rank_ic,0.06264238571790051,0.0016927752081931109,37.00573201610494,9.261201539173258e-300,0.05932460727591972,0.0659601641598813,2266,2266,0,5,full,select,union,dgtw,full
ld2_lasso_characteristics_core_full_dgtw_select_union,lasso,characteristics_core,0,ew_spread_bp,18.9523788592614,3.6331895140620145,5.216457546711367,1.8237735068856194e-07,11.831458262691273,26.07329945583153,2266,2266,0,5,full,select,union,dgtw,full
ld2_lasso_characteristics_core_full_dgtw_select_union,lasso,characteristics_core,0,cap_spread_bp,9.420273836845732,4.2204270597604046,2.2320664955125475,0.025610568419139577,1.1483888003370648,17.6921588733544,2266,2266,0,5,full,select,union,dgtw,full
ld2_enet_characteristics_core_full_dgtw_fixed504_retain,enet,characteristics_core,504,rank_ic,0.0620156741782106,0.0017054526269484121,36.36317608491772,1.6269410090970049e-289,0.058673048452052484,0.06535829990436871,2266,2266,0,5,full,fixed504,retain,dgtw,full
ld2_enet_characteristics_core_full_dgtw_fixed504_retain,enet,characteristics_core,504,ew_spread_bp,18.028078340077965,3.6883416084134506,4.887854828564209,1.0194065396506749e-06,10.799061624907067,25.25709505524886,2266,2266,0,5,full,fixed504,retain,dgtw,full
ld2_enet_characteristics_core_full_dgtw_fixed504_retain,enet,characteristics_core,504,cap_spread_bp,8.768570373108494,4.441465379463773,1.9742516543418696,0.04835313516359541,0.06345819077797366,17.473682555439012,2266,2266,0,5,full,fixed504,retain,dgtw,full
ld2_enet_characteristics_core_full_dgtw_fixed504_recent,enet,characteristics_core,504,rank_ic,0.06213037076258108,0.0016999729481166508,36.54785850057994,1.9284285907006797e-292,0.05879848500958006,0.06546225651558209,2266,2266,0,5,full,fixed504,recent,dgtw,full
ld2_enet_characteristics_core_full_dgtw_fixed504_recent,enet,characteristics_core,504,ew_spread_bp,18.321164741588785,3.6350097141801028,5.040196913399784,4.6505309202076056e-07,11.196676618342547,25.445652864835022,2266,2266,0,5,full,fixed504,recent,dgtw,full
ld2_enet_characteristics_core_full_dgtw_fixed504_recent,enet,characteristics_core,504,cap_spread_bp,8.680246004617956,4.509355693473426,1.924941520399739,0.05423667473117084,-0.15792874807059754,17.518420757306508,2266,2266,0,5,full,fixed504,recent,dgtw,full
ld2_enet_characteristics_core_full_dgtw_fixed504_union,enet,characteristics_core,504,rank_ic,0.06250064806017151,0.0017136169755518542,36.47293937435684,2.9787283780263195e-291,0.059142020504793426,0.0658592756155496,2266,2266,0,5,full,fixed504,union,dgtw,full
ld2_enet_characteristics_core_full_dgtw_fixed504_union,enet,characteristics_core,504,ew_spread_bp,19.011247664885982,3.6345922417929324,5.2306411284000855,1.6892315828521736e-07,11.887577772483137,26.134917557288826,2266,2266,0,5,full,fixed504,union,dgtw,full
ld2_enet_characteristics_core_full_dgtw_fixed504_union,enet,characteristics_core,504,cap_spread_bp,10.584214404630375,4.416798500481184,2.396354373756758,0.016559072075405863,1.9274484167167376,19.24098039254401,2266,2266,0,5,full,fixed504,union,dgtw,full
ld2_enet_characteristics_core_full_dgtw_select_retain,enet,characteristics_core,0,rank_ic,0.06227208128608818,0.0016751906507059878,37.17313086713109,1.854785247899957e-302,0.058988767943466226,0.06555539462871013,2266,2266,0,5,full,select,retain,dgtw,full
ld2_enet_characteristics_core_full_dgtw_select_retain,enet,characteristics_core,0,ew_spread_bp,18.10123623508508,3.66667309289159,4.936692139306641,7.945875178657288e-07,10.914689029935474,25.287783440234683,2266,2266,0,5,full,select,retain,dgtw,full
ld2_enet_characteristics_core_full_dgtw_select_retain,enet,characteristics_core,0,cap_spread_bp,8.132601883164847,4.238134758102434,1.9189106404927312,0.054995643782539,-0.1739896043432978,16.439193370672992,2266,2266,0,5,full,select,retain,dgtw,full
ld2_enet_characteristics_core_full_dgtw_select_recent,enet,characteristics_core,0,rank_ic,0.06259445716657128,0.0017010981758672505,36.79649890557286,2.1003214703535155e-296,0.059260366007704686,0.06592854832543787,2266,2266,0,5,full,select,recent,dgtw,full
ld2_enet_characteristics_core_full_dgtw_select_recent,enet,characteristics_core,0,ew_spread_bp,17.86266967315734,3.6019065542415722,4.959226288678262,7.077448822895209e-07,10.803062551165091,24.922276795149585,2266,2266,0,5,full,select,recent,dgtw,full
ld2_enet_characteristics_core_full_dgtw_select_recent,enet,characteristics_core,0,cap_spread_bp,9.234298803968125,4.275378946027817,2.1598784389738266,0.030782081293707086,0.8547100494927875,17.613887558443462,2266,2266,0,5,full,select,recent,dgtw,full
ld2_enet_characteristics_core_full_dgtw_select_union,enet,characteristics_core,0,rank_ic,0.0625962720238477,0.0016887083584729474,37.067544380754875,9.36922306680361e-301,0.05928646446084897,0.06590607958684642,2266,2266,0,5,full,select,union,dgtw,full
ld2_enet_characteristics_core_full_dgtw_select_union,enet,characteristics_core,0,ew_spread_bp,18.340104535065173,3.67734801304836,4.987318162433594,6.122319676571113e-07,11.132634870870458,25.547574199259888,2266,2266,0,5,full,select,union,dgtw,full
ld2_enet_characteristics_core_full_dgtw_select_union,enet,characteristics_core,0,cap_spread_bp,9.675690831936455,4.188399918377359,2.3101162784104305,0.02088171745115813,1.4665778390663302,17.884803824806582,2266,2266,0,5,full,select,union,dgtw,full
ld2_group_ridge_characteristics_core_full_dgtw_fixed504_retain,group_ridge,characteristics_core,504,rank_ic,0.062259926730876394,0.0016849706719941052,36.95015454316122,7.241947377182183e-299,0.058957444898761695,0.06556240856299109,2266,2266,0,5,full,fixed504,retain,dgtw,full
ld2_group_ridge_characteristics_core_full_dgtw_fixed504_retain,group_ridge,characteristics_core,504,ew_spread_bp,18.619953313416946,3.720435796150074,5.004777486735551,5.592659556256827e-07,11.328033146169199,25.911873480664696,2266,2266,0,5,full,fixed504,retain,dgtw,full
ld2_group_ridge_characteristics_core_full_dgtw_fixed504_retain,group_ridge,characteristics_core,504,cap_spread_bp,11.572192934979741,4.493065492173213,2.575567383813603,0.0100075771397567,2.7659463901405115,20.378439479818972,2266,2266,0,5,full,fixed504,retain,dgtw,full
ld2_group_ridge_characteristics_core_full_dgtw_fixed504_recent,group_ridge,characteristics_core,504,rank_ic,0.06230195057067263,0.0016759383111764488,37.17436981731081,1.7712388460736163e-302,0.059017171840455906,0.06558672930088935,2266,2266,0,5,full,fixed504,recent,dgtw,full
ld2_group_ridge_characteristics_core_full_dgtw_fixed504_recent,group_ridge,characteristics_core,504,ew_spread_bp,17.251520954555303,3.6711344940423185,4.6992342510338005,2.611387856942805e-06,10.056229563829685,24.44681234528092,2266,2266,0,5,full,fixed504,recent,dgtw,full
ld2_group_ridge_characteristics_core_full_dgtw_fixed504_recent,group_ridge,characteristics_core,504,cap_spread_bp,9.992041486796227,4.380196175105942,2.2811858390234208,0.022537452357646797,1.4070147383684812,18.577068235223972,2266,2266,0,5,full,fixed504,recent,dgtw,full
ld2_group_ridge_characteristics_core_full_dgtw_fixed504_union,group_ridge,characteristics_core,504,rank_ic,0.0626578991104764,0.0016956459301969737,36.9522304123938,6.70684203590775e-299,0.059334494156758406,0.06598130406419438,2266,2266,0,5,full,fixed504,union,dgtw,full
ld2_group_ridge_characteristics_core_full_dgtw_fixed504_union,group_ridge,characteristics_core,504,ew_spread_bp,18.269969969051157,3.67688080612374,4.968877407889601,6.734162601806029e-07,11.063416013602026,25.476523924500288,2266,2266,0,5,full,fixed504,union,dgtw,full
ld2_group_ridge_characteristics_core_full_dgtw_fixed504_union,group_ridge,characteristics_core,504,cap_spread_bp,10.550046239854314,4.445492091561194,2.3732009916025487,0.017634664827430074,1.8370418468367369,19.26305063287189,2266,2266,0,5,full,fixed504,union,dgtw,full
ld2_group_ridge_characteristics_core_full_dgtw_select_retain,group_ridge,characteristics_core,0,rank_ic,0.062488306049782553,0.0016681859329233716,37.458837661025264,4.31293506449842e-307,0.05921872170173639,0.06575789039782871,2266,2266,0,5,full,select,retain,dgtw,full
ld2_group_ridge_characteristics_core_full_dgtw_select_retain,group_ridge,characteristics_core,0,ew_spread_bp,18.202934450784934,3.7097599785932234,4.906768781760285,9.258907570892129e-07,10.931938501454134,25.473930400115734,2266,2266,0,5,full,select,retain,dgtw,full
ld2_group_ridge_characteristics_core_full_dgtw_select_retain,group_ridge,characteristics_core,0,cap_spread_bp,9.287351722025543,4.3227771081306985,2.1484687944138945,0.031676532809523074,0.8148642768951664,17.759839167155917,2266,2266,0,5,full,select,retain,dgtw,full
ld2_group_ridge_characteristics_core_full_dgtw_select_recent,group_ridge,characteristics_core,0,rank_ic,0.06262451104108568,0.0016908586408248775,37.03710619507176,2.8964068147843112e-300,0.059310489002120576,0.06593853308005079,2266,2266,0,5,full,select,recent,dgtw,full
ld2_group_ridge_characteristics_core_full_dgtw_select_recent,group_ridge,characteristics_core,0,ew_spread_bp,18.866343437639184,3.652785026929097,5.164920272765176,2.4054142908587443e-07,11.707016341590982,26.025670533687386,2266,2266,0,5,full,select,recent,dgtw,full
ld2_group_ridge_characteristics_core_full_dgtw_select_recent,group_ridge,characteristics_core,0,cap_spread_bp,8.789375760553195,4.300300722970344,2.043897933371068,0.04096363135825273,0.36094122083976465,17.217810300266628,2266,2266,0,5,full,select,recent,dgtw,full
ld2_group_ridge_characteristics_core_full_dgtw_select_union,group_ridge,characteristics_core,0,rank_ic,0.06277089618605745,0.0016845838985082907,37.26195901649153,6.784157875581481e-304,0.05946917241604513,0.06607261995606978,2266,2266,0,5,full,select,union,dgtw,full
ld2_group_ridge_characteristics_core_full_dgtw_select_union,group_ridge,characteristics_core,0,ew_spread_bp,18.837058358924427,3.664219795152687,5.14081016205511,2.735563401073002e-07,11.655319528986425,26.01879718886243,2266,2266,0,5,full,select,union,dgtw,full
ld2_group_ridge_characteristics_core_full_dgtw_select_union,group_ridge,characteristics_core,0,cap_spread_bp,8.951774390809415,4.196362367252705,2.133222445389054,0.03290648270585356,0.7270552849148704,17.176493496703962,2266,2266,0,5,full,select,union,dgtw,full
ld2_ols_characteristics_textcore_full_dgtw_fixed504_retain,ols,characteristics_textcore,504,rank_ic,0.05501363462564438,0.0015004345898244756,36.66513355445905,2.6264889512877097e-294,0.05207283686843028,0.05795443238285848,2266,2266,0,5,full,fixed504,retain,dgtw,full
ld2_ols_characteristics_textcore_full_dgtw_fixed504_retain,ols,characteristics_textcore,504,ew_spread_bp,20.02363659806828,3.4523328468731656,5.800030728845863,6.630276849929136e-09,13.25718855555224,26.79008464058432,2266,2266,0,5,full,fixed504,retain,dgtw,full
ld2_ols_characteristics_textcore_full_dgtw_fixed504_retain,ols,characteristics_textcore,504,cap_spread_bp,4.071011661790751,4.232405459904864,0.9618671226934525,0.33611635543452145,-4.224350607593468,12.36637393117497,2266,2266,0,5,full,fixed504,retain,dgtw,full
ld2_ols_characteristics_textcore_full_dgtw_fixed504_recent,ols,characteristics_textcore,504,rank_ic,0.057194040657925035,0.0015069291202395787,37.95403505695879,0.0,0.05424051385500083,0.06014756746084924,2266,2266,0,5,full,fixed504,recent,dgtw,full
ld2_ols_characteristics_textcore_full_dgtw_fixed504_recent,ols,characteristics_textcore,504,ew_spread_bp,22.87381923175342,3.4248494931972617,6.6787808565565925,2.4093812479689932e-11,16.16123757261653,29.58640089089031,2266,2266,0,5,full,fixed504,recent,dgtw,full
ld2_ols_characteristics_textcore_full_dgtw_fixed504_recent,ols,characteristics_textcore,504,cap_spread_bp,8.053358655494334,4.139338018191121,1.9455668080505366,0.05170679733002414,-0.05959477999766705,16.166312090986334,2266,2266,0,5,full,fixed504,recent,dgtw,full
ld2_ols_characteristics_textcore_full_dgtw_fixed504_union,ols,characteristics_textcore,504,rank_ic,0.05743989146458566,0.0015268486350471415,37.619899016913486,1.01649748492919e-309,0.05444732313004912,0.0604324597991222,2266,2266,0,5,full,fixed504,union,dgtw,full
ld2_ols_characteristics_textcore_full_dgtw_fixed504_union,ols,characteristics_textcore,504,ew_spread_bp,22.283569228643792,3.5097970551427804,6.348962312790272,2.1677212534812498e-10,15.404493407519201,29.162645049768383,2266,2266,0,5,full,fixed504,union,dgtw,full
ld2_ols_characteristics_textcore_full_dgtw_fixed504_union,ols,characteristics_textcore,504,cap_spread_bp,9.18685302193464,4.186025213624532,2.1946482768506947,0.028188837652846042,0.9823943648539704,17.39131167901531,2266,2266,0,5,full,fixed504,union,dgtw,full
ld2_ols_characteristics_textcore_full_dgtw_select_retain,ols,characteristics_textcore,0,rank_ic,0.057061478076330864,0.0015236654806846256,37.450135085223266,5.9762972617355254e-307,0.05407514860970209,0.06004780754295964,2266,2266,0,5,full,select,retain,dgtw,full
ld2_ols_characteristics_textcore_full_dgtw_select_retain,ols,characteristics_textcore,0,ew_spread_bp,21.906601365930367,3.445290111193013,6.3584199469184,2.0383956770673942e-10,15.153956831700064,28.65924590016067,2266,2266,0,5,full,select,retain,dgtw,full
ld2_ols_characteristics_textcore_full_dgtw_select_retain,ols,characteristics_textcore,0,cap_spread_bp,6.344775071532586,4.090799148560583,1.5509866999373711,0.1209048713021316,-1.673043927633275,14.362594070698448,2266,2266,0,5,full,select,retain,dgtw,full
ld2_ols_characteristics_textcore_full_dgtw_select_recent,ols,characteristics_textcore,0,rank_ic,0.058215843066920556,0.001531234232937003,38.018901233196,0.0,0.055214679118469216,0.061217007015371895,2266,2266,0,5,full,select,recent,dgtw,full
ld2_ols_characteristics_textcore_full_dgtw_select_recent,ols,characteristics_textcore,0,ew_spread_bp,22.565186042630078,3.4268115150561766,6.584892674571324,4.5521409773961e-11,15.848758891312833,29.281613193947322,2266,2266,0,5,full,select,recent,dgtw,full
ld2_ols_characteristics_textcore_full_dgtw_select_recent,ols,characteristics_textcore,0,cap_spread_bp,8.742905119791216,4.033094589469285,2.1677907437677266,0.0301746114229634,0.8381849781880621,16.647625261394367,2266,2266,0,5,full,select,recent,dgtw,full
ld2_ols_characteristics_textcore_full_dgtw_select_union,ols,characteristics_textcore,0,rank_ic,0.05883909314959386,0.001541025474544152,38.18177838169674,0.0,0.05581873872022858,0.06185944757895914,2266,2266,0,5,full,select,union,dgtw,full
ld2_ols_characteristics_textcore_full_dgtw_select_union,ols,characteristics_textcore,0,ew_spread_bp,22.734108180860876,3.468053190153542,6.5552939745582055,5.553236931759989e-11,15.936848831690693,29.53136753003106,2266,2266,0,5,full,select,union,dgtw,full
ld2_ols_characteristics_textcore_full_dgtw_select_union,ols,characteristics_textcore,0,cap_spread_bp,8.847779637689912,4.071627764909716,2.173032543382831,0.02977786803228918,0.8675358600135503,16.828023415366275,2266,2266,0,5,full,select,union,dgtw,full
ld2_ridge_characteristics_textcore_full_dgtw_fixed504_retain,ridge,characteristics_textcore,504,rank_ic,0.05989519874648069,0.0016033262656791904,37.356837487539245,1.9635954823157881e-305,0.056752737010282384,0.063037660482679,2266,2266,0,5,full,fixed504,retain,dgtw,full
ld2_ridge_characteristics_textcore_full_dgtw_fixed504_retain,ridge,characteristics_textcore,504,ew_spread_bp,18.895598660070842,3.5581347648803097,5.3105348472393965,1.093039814247996e-07,11.921782668765541,25.869414651376143,2266,2266,0,5,full,fixed504,retain,dgtw,full
ld2_ridge_characteristics_textcore_full_dgtw_fixed504_retain,ridge,characteristics_textcore,504,cap_spread_bp,9.55099266713165,4.21372221868708,2.2666403173837044,0.023412207057338402,1.292248877648765,17.809736456614537,2266,2266,0,5,full,fixed504,retain,dgtw,full
ld2_ridge_characteristics_textcore_full_dgtw_fixed504_recent,ridge,characteristics_textcore,504,rank_ic,0.06042680622769395,0.0016055644253879743,37.6358651650445,5.57198806428715e-310,0.05727995777907477,0.06357365467631312,2266,2266,0,5,full,fixed504,recent,dgtw,full
ld2_ridge_characteristics_textcore_full_dgtw_fixed504_recent,ridge,characteristics_textcore,504,ew_spread_bp,20.684953611381363,3.5168983860772336,5.881589781857038,4.063444282831607e-09,13.791959437382943,27.577947785379784,2266,2266,0,5,full,fixed504,recent,dgtw,full
ld2_ridge_characteristics_textcore_full_dgtw_fixed504_recent,ridge,characteristics_textcore,504,cap_spread_bp,12.487757210935818,4.26871341729634,2.9254147538546045,0.0034399740912207048,4.121232652712093,20.85428176915954,2266,2266,0,5,full,fixed504,recent,dgtw,full
ld2_ridge_characteristics_textcore_full_dgtw_fixed504_union,ridge,characteristics_textcore,504,rank_ic,0.06078617737877663,0.0016229989037991265,37.45299965174834,5.367929705272842e-307,0.057605157980382356,0.06396719677717091,2266,2266,0,5,full,fixed504,union,dgtw,full
ld2_ridge_characteristics_textcore_full_dgtw_fixed504_union,ridge,characteristics_textcore,504,ew_spread_bp,20.993351035387892,3.542579480391845,5.926007066767579,3.103892352173858e-09,14.050022841449259,27.936679229326526,2266,2266,0,5,full,fixed504,union,dgtw,full
ld2_ridge_characteristics_textcore_full_dgtw_fixed504_union,ridge,characteristics_textcore,504,cap_spread_bp,12.063420368253995,4.136024436968757,2.916670477192618,0.003537893260382156,3.9569614326176765,20.169879303890312,2266,2266,0,5,full,fixed504,union,dgtw,full
ld2_ridge_characteristics_textcore_full_dgtw_select_retain,ridge,characteristics_textcore,0,rank_ic,0.06053482850105023,0.001612796721043142,37.534072156283194,2.5629867977225873e-308,0.057373805013421375,0.06369585198867908,2266,2266,0,5,full,select,retain,dgtw,full
ld2_ridge_characteristics_textcore_full_dgtw_select_retain,ridge,characteristics_textcore,0,ew_spread_bp,20.949072062801694,3.541369523805441,5.915528419720092,3.3081178005379975e-09,14.008115340195268,27.89002878540812,2266,2266,0,5,full,select,retain,dgtw,full
ld2_ridge_characteristics_textcore_full_dgtw_select_retain,ridge,characteristics_textcore,0,cap_spread_bp,9.834094276040698,4.113218553962517,2.3908513848764272,0.016809355481260894,1.7723340497322457,17.895854502349152,2266,2266,0,5,full,select,retain,dgtw,full
ld2_ridge_characteristics_textcore_full_dgtw_select_recent,ridge,characteristics_textcore,0,rank_ic,0.060938596364670625,0.0016194937482949638,37.62817635376983,7.443204343549e-310,0.05776444694482472,0.06411274578451653,2266,2266,0,5,full,select,recent,dgtw,full
ld2_ridge_characteristics_textcore_full_dgtw_select_recent,ridge,characteristics_textcore,0,ew_spread_bp,21.201083108769737,3.5807376780581563,5.920870227016223,3.202424938172035e-09,14.182966221690172,28.2191999958493,2266,2266,0,5,full,select,recent,dgtw,full
ld2_ridge_characteristics_textcore_full_dgtw_select_recent,ridge,characteristics_textcore,0,cap_spread_bp,12.110273430817463,4.348944425086791,2.7846466284921036,0.005358608671527037,3.586498986881102,20.634047874753826,2266,2266,0,5,full,select,recent,dgtw,full
ld2_ridge_characteristics_textcore_full_dgtw_select_union,ridge,characteristics_textcore,0,rank_ic,0.06117363130090946,0.0016297372281909425,37.53588630285757,2.394156743545912e-308,0.05797940502939108,0.06436785757242784,2266,2266,0,5,full,select,union,dgtw,full
ld2_ridge_characteristics_textcore_full_dgtw_select_union,ridge,characteristics_textcore,0,ew_spread_bp,21.257620439186294,3.5335305733558373,6.0159718439899255,1.7881065186458517e-09,14.332027777137686,28.1832131012349,2266,2266,0,5,full,select,union,dgtw,full
ld2_ridge_characteristics_textcore_full_dgtw_select_union,ridge,characteristics_textcore,0,cap_spread_bp,10.746317260325927,4.092198428193503,2.626049896869219,0.008638215357623739,2.7257557234752436,18.76687879717661,2266,2266,0,5,full,select,union,dgtw,full
ld2_lasso_characteristics_textcore_full_dgtw_fixed504_retain,lasso,characteristics_textcore,504,rank_ic,0.061433312303269386,0.0016880414768401647,36.393248119866136,5.443892795430396e-290,0.05812481180425286,0.06474181280228591,2266,2266,0,5,full,fixed504,retain,dgtw,full
ld2_lasso_characteristics_textcore_full_dgtw_fixed504_retain,lasso,characteristics_textcore,504,ew_spread_bp,17.12166549111812,3.625762937666322,4.722224200939698,2.3327931493090827e-06,10.015300716811982,24.228030265424255,2266,2266,0,5,full,fixed504,retain,dgtw,full
ld2_lasso_characteristics_textcore_full_dgtw_fixed504_retain,lasso,characteristics_textcore,504,cap_spread_bp,9.269466128073127,4.326090253047113,2.142689030018297,0.03213807682657924,0.7904850382310169,17.748447217915235,2266,2266,0,5,full,fixed504,retain,dgtw,full
ld2_lasso_characteristics_textcore_full_dgtw_fixed504_recent,lasso,characteristics_textcore,504,rank_ic,0.061777048179641615,0.0016861927315229835,36.63700300964058,7.370082192467122e-294,0.05847217115486335,0.06508192520441988,2266,2266,0,5,full,fixed504,recent,dgtw,full
ld2_lasso_characteristics_textcore_full_dgtw_fixed504_recent,lasso,characteristics_textcore,504,ew_spread_bp,18.84188921387544,3.5957202984837466,5.24008756237818,1.6050042162757056e-07,11.794406930367684,25.889371497383195,2266,2266,0,5,full,fixed504,recent,dgtw,full
ld2_lasso_characteristics_textcore_full_dgtw_fixed504_recent,lasso,characteristics_textcore,504,cap_spread_bp,9.019104436910565,4.51837865018784,1.9960930978052536,0.045923790193090876,0.1632450140276962,17.874963859793432,2266,2266,0,5,full,fixed504,recent,dgtw,full
ld2_lasso_characteristics_textcore_full_dgtw_fixed504_union,lasso,characteristics_textcore,504,rank_ic,0.06202280444536827,0.0016975596156049886,36.536451430169144,2.9266431989634463e-292,0.05869564873717283,0.0653499601535637,2266,2266,0,5,full,fixed504,union,dgtw,full
ld2_lasso_characteristics_textcore_full_dgtw_fixed504_union,lasso,characteristics_textcore,504,ew_spread_bp,18.491991972253924,3.6107161688491143,5.121419438002542,3.032442901682428e-07,11.415118322913216,25.568865621594632,2266,2266,0,5,full,fixed504,union,dgtw,full
ld2_lasso_characteristics_textcore_full_dgtw_fixed504_union,lasso,characteristics_textcore,504,cap_spread_bp,8.763410053099948,4.449151859250177,1.9696810381691174,0.048874937489985296,0.043232647220181164,17.483587458979713,2266,2266,0,5,full,fixed504,union,dgtw,full
ld2_lasso_characteristics_textcore_full_dgtw_select_retain,lasso,characteristics_textcore,0,rank_ic,0.06175187577965944,0.0016639461161479473,37.111704027180686,1.8191631532920964e-301,0.05849060131979416,0.06501315023952471,2266,2266,0,5,full,select,retain,dgtw,full
ld2_lasso_characteristics_textcore_full_dgtw_select_retain,lasso,characteristics_textcore,0,ew_spread_bp,17.778541543841467,3.666246282595284,4.849249115707602,1.2392970318707466e-06,10.592830871500851,24.964252216182082,2266,2266,0,5,full,select,retain,dgtw,full
ld2_lasso_characteristics_textcore_full_dgtw_select_retain,lasso,characteristics_textcore,0,cap_spread_bp,9.58605361698796,4.523160964654665,2.1193262171955087,0.03406290748843676,0.7208210299873681,18.451286203988552,2266,2266,0,5,full,select,retain,dgtw,full
ld2_lasso_characteristics_textcore_full_dgtw_select_recent,lasso,characteristics_textcore,0,rank_ic,0.06225687938293404,0.0016775652411989595,37.111450484297656,1.8363736558983542e-301,0.05896891192846783,0.06554484683740025,2266,2266,0,5,full,select,recent,dgtw,full
ld2_lasso_characteristics_textcore_full_dgtw_select_recent,lasso,characteristics_textcore,0,ew_spread_bp,18.49400291184842,3.638833754410346,5.082398416644696,3.726986393379444e-07,11.362019807475473,25.625986016221365,2266,2266,0,5,full,select,recent,dgtw,full
ld2_lasso_characteristics_textcore_full_dgtw_select_recent,lasso,characteristics_textcore,0,cap_spread_bp,9.796461948374304,4.533338563705519,2.160981760066635,0.030696748416426573,0.9112816337849488,18.68164226296366,2266,2266,0,5,full,select,recent,dgtw,full
ld2_lasso_characteristics_textcore_full_dgtw_select_union,lasso,characteristics_textcore,0,rank_ic,0.06222683525295801,0.0016822288719064672,36.99070696749869,1.615354213813446e-299,0.05892972725026789,0.06552394325564813,2266,2266,0,5,full,select,union,dgtw,full
ld2_lasso_characteristics_textcore_full_dgtw_select_union,lasso,characteristics_textcore,0,ew_spread_bp,18.37606621568308,3.71519256369895,4.946194820487946,7.567822116108116e-07,11.094422595202106,25.657709836164052,2266,2266,0,5,full,select,union,dgtw,full
ld2_lasso_characteristics_textcore_full_dgtw_select_union,lasso,characteristics_textcore,0,cap_spread_bp,10.956918750864887,4.559451552230531,2.403122091626272,0.016255759113288637,2.0205579192378007,19.89327958249197,2266,2266,0,5,full,select,union,dgtw,full
ld2_enet_characteristics_textcore_full_dgtw_fixed504_retain,enet,characteristics_textcore,504,rank_ic,0.06154484885077706,0.0016917058155869482,36.380349516871334,8.707521713293763e-290,0.058229166379789685,0.06486053132176443,2266,2266,0,5,full,fixed504,retain,dgtw,full
ld2_enet_characteristics_textcore_full_dgtw_fixed504_retain,enet,characteristics_textcore,504,ew_spread_bp,17.325343012059708,3.633761394203026,4.767881303296081,1.8617341017391638e-06,10.203301551009723,24.447384473109693,2266,2266,0,5,full,fixed504,retain,dgtw,full
ld2_enet_characteristics_textcore_full_dgtw_fixed504_retain,enet,characteristics_textcore,504,cap_spread_bp,8.67537907793536,4.4092580883882775,1.9675371466192593,0.04912131778490014,0.03339202615241099,17.31736612971831,2266,2266,0,5,full,fixed504,retain,dgtw,full
ld2_enet_characteristics_textcore_full_dgtw_fixed504_recent,enet,characteristics_textcore,504,rank_ic,0.0618705927277384,0.0016896076751920692,36.61831893649817,1.4618562214604229e-293,0.058559022536359494,0.0651821629191173,2266,2266,0,5,full,fixed504,recent,dgtw,full
ld2_enet_characteristics_textcore_full_dgtw_fixed504_recent,enet,characteristics_textcore,504,ew_spread_bp,18.775593144031163,3.593414685323529,5.2250003932793305,1.7415473943712725e-07,11.732629779279714,25.818556508782613,2266,2266,0,5,full,fixed504,recent,dgtw,full
ld2_enet_characteristics_textcore_full_dgtw_fixed504_recent,enet,characteristics_textcore,504,cap_spread_bp,9.534868792573267,4.546616602122482,2.0971349966307113,0.03598162676243855,0.623664000901325,18.44607358424521,2266,2266,0,5,full,fixed504,recent,dgtw,full
ld2_enet_characteristics_textcore_full_dgtw_fixed504_union,enet,characteristics_textcore,504,rank_ic,0.06210961272376028,0.0017016772730366401,36.49905520153406,1.147883469920535e-291,0.05877438655529814,0.06544483889222243,2266,2266,0,5,full,fixed504,union,dgtw,full
ld2_enet_characteristics_textcore_full_dgtw_fixed504_union,enet,characteristics_textcore,504,ew_spread_bp,18.708793099928855,3.614714789494889,5.175731472452679,2.270197763057035e-07,11.624082298134589,25.79350390172312,2266,2266,0,5,full,fixed504,union,dgtw,full
ld2_enet_characteristics_textcore_full_dgtw_fixed504_union,enet,characteristics_textcore,504,cap_spread_bp,9.78709209419781,4.467965737628672,2.1905029422611935,0.028487781650532763,1.0300401642866763,18.544144024108945,2266,2266,0,5,full,fixed504,union,dgtw,full
ld2_enet_characteristics_textcore_full_dgtw_select_retain,enet,characteristics_textcore,0,rank_ic,0.061825340382584616,0.0016620306769876878,37.19867583589892,7.168922112010406e-303,0.05856782011448802,0.06508286065068121,2266,2266,0,5,full,select,retain,dgtw,full
ld2_enet_characteristics_textcore_full_dgtw_select_retain,enet,characteristics_textcore,0,ew_spread_bp,18.02921881368782,3.6530567309444817,4.935378818775268,7.999533767105727e-07,10.869359187555009,25.18907843982063,2266,2266,0,5,full,select,retain,dgtw,full
ld2_enet_characteristics_textcore_full_dgtw_select_retain,enet,characteristics_textcore,0,cap_spread_bp,9.813342170555394,4.4889296281246684,2.186120742252557,0.02880677283954787,1.0152017702962652,18.611482570814523,2266,2266,0,5,full,select,retain,dgtw,full
ld2_enet_characteristics_textcore_full_dgtw_select_recent,enet,characteristics_textcore,0,rank_ic,0.06236538999599588,0.001684612751962563,37.0206089935747,5.3376652574183615e-300,0.05906360967425235,0.06566717031773942,2266,2266,0,5,full,select,recent,dgtw,full
ld2_enet_characteristics_textcore_full_dgtw_select_recent,enet,characteristics_textcore,0,ew_spread_bp,18.583232305515796,3.6332395451996615,5.114783122425409,3.141016373184203e-07,11.462213649717775,25.704250961313818,2266,2266,0,5,full,select,recent,dgtw,full
ld2_enet_characteristics_textcore_full_dgtw_select_recent,enet,characteristics_textcore,0,cap_spread_bp,9.4442774092753,4.5325643966627185,2.083649912669531,0.037192023338859986,0.5606144342078512,18.327940384342746,2266,2266,0,5,full,select,recent,dgtw,full
ld2_enet_characteristics_textcore_full_dgtw_select_union,enet,characteristics_textcore,0,rank_ic,0.062261245764616814,0.0016821518583091223,37.01285675075794,7.113256543563256e-300,0.05896428870580381,0.06555820282342982,2266,2266,0,5,full,select,union,dgtw,full
ld2_enet_characteristics_textcore_full_dgtw_select_union,enet,characteristics_textcore,0,ew_spread_bp,18.331581336534803,3.7225969231488745,4.9244067286845725,8.461667628959687e-07,11.03542543820339,25.627737234866217,2266,2266,0,5,full,select,union,dgtw,full
ld2_enet_characteristics_textcore_full_dgtw_select_union,enet,characteristics_textcore,0,cap_spread_bp,10.614266320909714,4.595249361233208,2.309834676319112,0.020897308708954104,1.607743072911937,19.62078956890749,2266,2266,0,5,full,select,union,dgtw,full
ld2_group_ridge_characteristics_textcore_full_dgtw_fixed504_retain,group_ridge,characteristics_textcore,504,rank_ic,0.06211217107123739,0.0016808633346086213,36.952540871325404,6.630283856396372e-299,0.0588177394724706,0.06540660267000419,2266,2266,0,5,full,fixed504,retain,dgtw,full
ld2_group_ridge_characteristics_textcore_full_dgtw_fixed504_retain,group_ridge,characteristics_textcore,504,ew_spread_bp,18.95993612004543,3.724987489078207,5.089932832160275,3.5819036823202987e-07,11.659094798589857,26.260777441501006,2266,2266,0,5,full,fixed504,retain,dgtw,full
ld2_group_ridge_characteristics_textcore_full_dgtw_fixed504_retain,group_ridge,characteristics_textcore,504,cap_spread_bp,12.133444416249464,4.49453847614275,2.6995974070873876,0.006942342956902929,3.3243108758801387,20.94257795661879,2266,2266,0,5,full,fixed504,retain,dgtw,full
ld2_group_ridge_characteristics_textcore_full_dgtw_fixed504_recent,group_ridge,characteristics_textcore,504,rank_ic,0.06220790692566929,0.0016749452792095734,37.14026225085153,6.296169542499906e-302,0.05892507450234314,0.06549073934899544,2266,2266,0,5,full,fixed504,recent,dgtw,full
ld2_group_ridge_characteristics_textcore_full_dgtw_fixed504_recent,group_ridge,characteristics_textcore,504,ew_spread_bp,17.890955983576493,3.703884089355768,4.8303228589122345,1.3631183886674642e-06,10.631476565528253,25.150435401624733,2266,2266,0,5,full,fixed504,recent,dgtw,full
ld2_group_ridge_characteristics_textcore_full_dgtw_fixed504_recent,group_ridge,characteristics_textcore,504,cap_spread_bp,10.593827303139134,4.410492425463818,2.4019602078842848,0.01630748222983477,1.9494209951433437,19.238233611134923,2266,2266,0,5,full,fixed504,recent,dgtw,full
ld2_group_ridge_characteristics_textcore_full_dgtw_fixed504_union,group_ridge,characteristics_textcore,504,rank_ic,0.06252623517054084,0.0016933946339827343,36.92360535209914,1.932215084653577e-298,0.0592072426763213,0.06584522766476039,2266,2266,0,5,full,fixed504,union,dgtw,full
ld2_group_ridge_characteristics_textcore_full_dgtw_fixed504_union,group_ridge,characteristics_textcore,504,ew_spread_bp,17.954441500370905,3.7118047670629544,4.837119036995511,1.3173454273607238e-06,10.67943783928343,25.22944516145838,2266,2266,0,5,full,fixed504,union,dgtw,full
ld2_group_ridge_characteristics_textcore_full_dgtw_fixed504_union,group_ridge,characteristics_textcore,504,cap_spread_bp,10.607812444412133,4.32444506526829,2.45298813704644,0.014167501082973835,2.13205586336432,19.083569025459944,2266,2266,0,5,full,fixed504,union,dgtw,full
ld2_group_ridge_characteristics_textcore_full_dgtw_select_retain,group_ridge,characteristics_textcore,0,rank_ic,0.06240964621270211,0.0016724045614908156,37.31731403379388,8.597955599132904e-305,0.059131793504599614,0.06568749892080461,2266,2266,0,5,full,select,retain,dgtw,full
ld2_group_ridge_characteristics_textcore_full_dgtw_select_retain,group_ridge,characteristics_textcore,0,ew_spread_bp,17.90893530428985,3.750531372268582,4.775039461530296,1.7967201880455416e-06,10.558028891755846,25.259841716823857,2266,2266,0,5,full,select,retain,dgtw,full
ld2_group_ridge_characteristics_textcore_full_dgtw_select_retain,group_ridge,characteristics_textcore,0,cap_spread_bp,8.740092569056912,4.264805087257481,2.049353344463698,0.040427575909600874,0.3812281969490474,17.09895694116478,2266,2266,0,5,full,select,retain,dgtw,full
ld2_group_ridge_characteristics_textcore_full_dgtw_select_recent,group_ridge,characteristics_textcore,0,rank_ic,0.06244734634001535,0.0016922659784320367,36.90161424735119,4.353634509670359e-298,0.059130565970026125,0.06576412671000458,2266,2266,0,5,full,select,recent,dgtw,full
ld2_group_ridge_characteristics_textcore_full_dgtw_select_recent,group_ridge,characteristics_textcore,0,ew_spread_bp,18.92834452042037,3.689639455069773,5.130133919836465,2.895361186638055e-07,11.696784072545626,26.159904968295116,2266,2266,0,5,full,select,recent,dgtw,full
ld2_group_ridge_characteristics_textcore_full_dgtw_select_recent,group_ridge,characteristics_textcore,0,cap_spread_bp,9.211078774033842,4.3221292718009385,2.1311437476269153,0.03307730158485361,0.7398610647776724,17.68229648329001,2266,2266,0,5,full,select,recent,dgtw,full
ld2_group_ridge_characteristics_textcore_full_dgtw_select_union,group_ridge,characteristics_textcore,0,rank_ic,0.06270947210258726,0.0016873271831122456,37.16497471872689,2.5121635349609326e-302,0.059402371593551835,0.06601657261162268,2266,2266,0,5,full,select,union,dgtw,full
ld2_group_ridge_characteristics_textcore_full_dgtw_select_union,group_ridge,characteristics_textcore,0,ew_spread_bp,18.169642300116024,3.692411214117342,4.920806824182343,8.618816789770431e-07,10.93264930433422,25.40663529589783,2266,2266,0,5,full,select,union,dgtw,full
ld2_group_ridge_characteristics_textcore_full_dgtw_select_union,group_ridge,characteristics_textcore,0,cap_spread_bp,8.636073103863133,4.285478236523347,2.015194717420678,0.04388425082042832,0.23669010374714894,17.035456103979115,2266,2266,0,5,full,select,union,dgtw,full
ld2_ols_characteristics_textcore_pca_dgtw_fixed504_retain,ols,characteristics_textcore,504,rank_ic,0.06068940049019302,0.0016400509349667363,37.004582721343304,9.663874377628987e-300,0.05747495972484698,0.06390384125553907,2266,2266,0,5,pca,fixed504,retain,dgtw,full
ld2_ols_characteristics_textcore_pca_dgtw_fixed504_retain,ols,characteristics_textcore,504,ew_spread_bp,21.452614045278423,3.6617043785157293,5.858641721911542,4.666682658226687e-09,14.275805341354971,28.629422749201876,2266,2266,0,5,pca,fixed504,retain,dgtw,full
ld2_ols_characteristics_textcore_pca_dgtw_fixed504_retain,ols,characteristics_textcore,504,cap_spread_bp,10.276551944440186,4.573876053563645,2.2467928348065778,0.02465326990260458,1.311919609705246,19.241184279175126,2266,2266,0,5,pca,fixed504,retain,dgtw,full
ld2_ols_characteristics_textcore_pca_dgtw_fixed504_recent,ols,characteristics_textcore,504,rank_ic,0.06110990534393747,0.001625816340473237,37.58721315726831,3.477575771949317e-309,0.05792336387113321,0.06429644681674172,2266,2266,0,5,pca,fixed504,recent,dgtw,full
ld2_ols_characteristics_textcore_pca_dgtw_fixed504_recent,ols,characteristics_textcore,504,ew_spread_bp,21.452868060713474,3.5900460383009993,5.975652632818634,2.291708557322887e-09,14.416507122802813,28.489228998624135,2266,2266,0,5,pca,fixed504,recent,dgtw,full
ld2_ols_characteristics_textcore_pca_dgtw_fixed504_recent,ols,characteristics_textcore,504,cap_spread_bp,12.681522219330278,4.276153421192748,2.9656377987937157,0.0030205599401258265,4.300415521424755,21.0626289172358,2266,2266,0,5,pca,fixed504,recent,dgtw,full
ld2_ols_characteristics_textcore_pca_dgtw_fixed504_union,ols,characteristics_textcore,504,rank_ic,0.06150523202254785,0.0016524461741865267,37.22071737242874,3.155051805072014e-303,0.05826649703475126,0.06474396701034445,2266,2266,0,5,pca,fixed504,union,dgtw,full
ld2_ols_characteristics_textcore_pca_dgtw_fixed504_union,ols,characteristics_textcore,504,ew_spread_bp,21.325055520848764,3.621165003777577,5.889004090838887,3.885298308878301e-09,14.227702531367864,28.422408510329664,2266,2266,0,5,pca,fixed504,union,dgtw,full
ld2_ols_characteristics_textcore_pca_dgtw_fixed504_union,ols,characteristics_textcore,504,cap_spread_bp,11.425174770109823,4.522232089719119,2.5264459106563577,0.01152231297668764,2.5617627445290427,20.288586795690605,2266,2266,0,5,pca,fixed504,union,dgtw,full
ld2_ols_characteristics_textcore_pca_dgtw_select_retain,ols,characteristics_textcore,0,rank_ic,0.060914741326435304,0.0016296985013151233,37.37792068734108,8.926059100249494e-306,0.05772059095819876,0.06410889169467185,2266,2266,0,5,pca,select,retain,dgtw,full
ld2_ols_characteristics_textcore_pca_dgtw_select_retain,ols,characteristics_textcore,0,ew_spread_bp,20.82958116997928,3.6217819355158265,5.751196935884176,8.861381741706344e-09,13.731019016510494,27.92814332344807,2266,2266,0,5,pca,select,retain,dgtw,full
ld2_ols_characteristics_textcore_pca_dgtw_select_retain,ols,characteristics_textcore,0,cap_spread_bp,7.858513984999767,4.4078317802986176,1.7828525172227367,0.07461031420460987,-0.7806775542965916,16.497705524296126,2266,2266,0,5,pca,select,retain,dgtw,full
ld2_ols_characteristics_textcore_pca_dgtw_select_recent,ols,characteristics_textcore,0,rank_ic,0.06150471699595035,0.0016377993811427776,37.553266721248434,1.246112066533031e-308,0.05829468919500852,0.06471474479689218,2266,2266,0,5,pca,select,recent,dgtw,full
ld2_ols_characteristics_textcore_pca_dgtw_select_recent,ols,characteristics_textcore,0,ew_spread_bp,22.2629913701137,3.5484939572811207,6.273926808986804,3.520540507145792e-10,15.308071014484689,29.21791172574271,2266,2266,0,5,pca,select,recent,dgtw,full
ld2_ols_characteristics_textcore_pca_dgtw_select_recent,ols,characteristics_textcore,0,cap_spread_bp,11.483715599016545,4.359761995145622,2.6340235113299975,0.008437964480309644,2.9387391073646363,20.028692090668454,2266,2266,0,5,pca,select,recent,dgtw,full
ld2_ols_characteristics_textcore_pca_dgtw_select_union,ols,characteristics_textcore,0,rank_ic,0.06167154888415665,0.0016426525375344311,37.543879472358576,1.7731467764515357e-308,0.05845200907147584,0.06489108869683746,2266,2266,0,5,pca,select,union,dgtw,full
ld2_ols_characteristics_textcore_pca_dgtw_select_union,ols,characteristics_textcore,0,ew_spread_bp,21.691367780300247,3.5645965120364824,6.085223869533496,1.1632865093565027e-09,14.704886997291645,28.67784856330885,2266,2266,0,5,pca,select,union,dgtw,full
ld2_ols_characteristics_textcore_pca_dgtw_select_union,ols,characteristics_textcore,0,cap_spread_bp,10.096804624409822,4.35007719583152,2.321063321378556,0.020283426595191268,1.5708099906110515,18.622799258208595,2266,2266,0,5,pca,select,union,dgtw,full
ld2_ridge_characteristics_textcore_pca_dgtw_fixed504_retain,ridge,characteristics_textcore,504,rank_ic,0.06211301983616499,0.001668390371369077,37.22930850122037,2.2909568717123384e-303,0.058843034796128194,0.06538300487620179,2266,2266,0,5,pca,fixed504,retain,dgtw,full
ld2_ridge_characteristics_textcore_pca_dgtw_fixed504_retain,ridge,characteristics_textcore,504,ew_spread_bp,20.064638969667026,3.6698129719044363,5.467482709140502,4.5647172034941525e-08,12.87193771473643,27.257340224597623,2266,2266,0,5,pca,fixed504,retain,dgtw,full
ld2_ridge_characteristics_textcore_pca_dgtw_fixed504_retain,ridge,characteristics_textcore,504,cap_spread_bp,10.042850576669373,4.569760753265577,2.1976753530242683,0.027972249156778532,1.0862840823042141,18.999417071034532,2266,2266,0,5,pca,fixed504,retain,dgtw,full
ld2_ridge_characteristics_textcore_pca_dgtw_fixed504_recent,ridge,characteristics_textcore,504,rank_ic,0.06224558348184327,0.00166889050410596,37.29758383111467,1.7959802746662418e-304,0.05897461819965469,0.06551654876403185,2266,2266,0,5,pca,fixed504,recent,dgtw,full
ld2_ridge_characteristics_textcore_pca_dgtw_fixed504_recent,ridge,characteristics_textcore,504,ew_spread_bp,19.899851027372556,3.6700128913368775,5.42228368580025,5.884239969558635e-08,12.706757937554565,27.092944117190548,2266,2266,0,5,pca,fixed504,recent,dgtw,full
ld2_ridge_characteristics_textcore_pca_dgtw_fixed504_recent,ridge,characteristics_textcore,504,cap_spread_bp,9.763651381340857,4.287471526395678,2.2772515971782568,0.022771205554147706,1.3603616048643552,18.16694115781736,2266,2266,0,5,pca,fixed504,recent,dgtw,full
ld2_ridge_characteristics_textcore_pca_dgtw_fixed504_union,ridge,characteristics_textcore,504,rank_ic,0.06257794360775541,0.0016841352137875244,37.157315573861304,3.340006492581366e-302,0.0592770992436362,0.06587878797187463,2266,2266,0,5,pca,fixed504,union,dgtw,full
ld2_ridge_characteristics_textcore_pca_dgtw_fixed504_union,ridge,characteristics_textcore,504,ew_spread_bp,20.178011963365954,3.677074291212642,5.4875181639888915,4.0762011355025063e-08,12.971078784111029,27.38494514262088,2266,2266,0,5,pca,fixed504,union,dgtw,full
ld2_ridge_characteristics_textcore_pca_dgtw_fixed504_union,ridge,characteristics_textcore,504,cap_spread_bp,9.397675868578979,4.553967716921875,2.0636237348935516,0.03905340540306007,0.47206315665400744,18.32328858050395,2266,2266,0,5,pca,fixed504,union,dgtw,full
ld2_ridge_characteristics_textcore_pca_dgtw_select_retain,ridge,characteristics_textcore,0,rank_ic,0.062449789068166006,0.0016617831005383622,37.579988054959976,4.563421918669887e-309,0.059192754040993514,0.0657068240953385,2266,2266,0,5,pca,select,retain,dgtw,full
ld2_ridge_characteristics_textcore_pca_dgtw_select_retain,ridge,characteristics_textcore,0,ew_spread_bp,19.98309790390219,3.649670918349765,5.475314994409892,4.367340326505608e-08,12.829874348513428,27.136321459290954,2266,2266,0,5,pca,select,retain,dgtw,full
ld2_ridge_characteristics_textcore_pca_dgtw_select_retain,ridge,characteristics_textcore,0,cap_spread_bp,11.854056294569252,4.4151396131744765,2.684865561034028,0.00725589858684243,3.2005416660311727,20.50757092310733,2266,2266,0,5,pca,select,retain,dgtw,full
ld2_ridge_characteristics_textcore_pca_dgtw_select_recent,ridge,characteristics_textcore,0,rank_ic,0.06258014705491884,0.001674966202864616,37.36203569235663,1.6167796130029303e-305,0.05929727362198238,0.06586302048785529,2266,2266,0,5,pca,select,recent,dgtw,full
ld2_ridge_characteristics_textcore_pca_dgtw_select_recent,ridge,characteristics_textcore,0,ew_spread_bp,20.00811539605304,3.637687836678116,5.500228797621118,3.792987401750252e-08,12.87837824916451,27.13785254294157,2266,2266,0,5,pca,select,recent,dgtw,full
ld2_ridge_characteristics_textcore_pca_dgtw_select_recent,ridge,characteristics_textcore,0,cap_spread_bp,10.180318149010692,4.570104912654365,2.2275895944580966,0.025907895188210774,1.223077114638567,19.137559183382816,2266,2266,0,5,pca,select,recent,dgtw,full
ld2_ridge_characteristics_textcore_pca_dgtw_select_union,ridge,characteristics_textcore,0,rank_ic,0.06275357007799677,0.001676697566243752,37.426886840768454,1.4279157157373394e-306,0.05946730323519306,0.06603983692080048,2266,2266,0,5,pca,select,union,dgtw,full
ld2_ridge_characteristics_textcore_pca_dgtw_select_union,ridge,characteristics_textcore,0,ew_spread_bp,19.911653680533934,3.6547563839966895,5.448147999062903,5.0896999821419014e-08,12.748462795632584,27.074844565435285,2266,2266,0,5,pca,select,union,dgtw,full
ld2_ridge_characteristics_textcore_pca_dgtw_select_union,ridge,characteristics_textcore,0,cap_spread_bp,12.497480629955286,4.465167981589028,2.7988825239017734,0.005127979018394324,3.745912201119383,21.249049058791186,2266,2266,0,5,pca,select,union,dgtw,full
ld2_lasso_characteristics_textcore_pca_dgtw_fixed504_retain,lasso,characteristics_textcore,504,rank_ic,0.06190260263997295,0.0016866775001175439,36.700912080500856,7.062468680838339e-295,0.058596775486208515,0.0652084297937374,2266,2266,0,5,pca,fixed504,retain,dgtw,full
ld2_lasso_characteristics_textcore_pca_dgtw_fixed504_retain,lasso,characteristics_textcore,504,ew_spread_bp,19.189254822575048,3.5999770845848404,5.330382491806335,9.800613098205267e-08,12.133429391619256,26.24508025353084,2266,2266,0,5,pca,fixed504,retain,dgtw,full
ld2_lasso_characteristics_textcore_pca_dgtw_fixed504_retain,lasso,characteristics_textcore,504,cap_spread_bp,9.980684129649267,4.240207920305944,2.353819510088819,0.01858163102814266,1.6700293188881332,18.2913389404104,2266,2266,0,5,pca,fixed504,retain,dgtw,full
ld2_lasso_characteristics_textcore_pca_dgtw_fixed504_recent,lasso,characteristics_textcore,504,rank_ic,0.0620822470540621,0.0016823770689439253,36.90150573261965,4.371115828919937e-298,0.05878484859051595,0.06537964551760826,2266,2266,0,5,pca,fixed504,recent,dgtw,full
ld2_lasso_characteristics_textcore_pca_dgtw_fixed504_recent,lasso,characteristics_textcore,504,ew_spread_bp,19.179798368091408,3.586147305917235,5.348301877182861,8.878329254919347e-08,12.151078805238285,26.20851793094453,2266,2266,0,5,pca,fixed504,recent,dgtw,full
ld2_lasso_characteristics_textcore_pca_dgtw_fixed504_recent,lasso,characteristics_textcore,504,cap_spread_bp,8.458297764287249,4.3677163137909005,1.9365492528854245,0.05280046637211891,-0.10226890543096268,17.018864434005458,2266,2266,0,5,pca,fixed504,recent,dgtw,full
ld2_lasso_characteristics_textcore_pca_dgtw_fixed504_union,lasso,characteristics_textcore,504,rank_ic,0.06247215434666693,0.0016985071351644555,36.78062520509704,3.7678022673635077e-296,0.05914314153426029,0.06580116715907357,2266,2266,0,5,pca,fixed504,union,dgtw,full
ld2_lasso_characteristics_textcore_pca_dgtw_fixed504_union,lasso,characteristics_textcore,504,ew_spread_bp,19.831128017273738,3.5914033478720357,5.521832580855614,3.354820753287792e-08,12.792106801487972,26.870149233059504,2266,2266,0,5,pca,fixed504,union,dgtw,full
ld2_lasso_characteristics_textcore_pca_dgtw_fixed504_union,lasso,characteristics_textcore,504,cap_spread_bp,10.194500900491866,4.23549219830905,2.4069223653774765,0.01608758935262794,1.8930887350057475,18.495913065977984,2266,2266,0,5,pca,fixed504,union,dgtw,full
ld2_lasso_characteristics_textcore_pca_dgtw_select_retain,lasso,characteristics_textcore,0,rank_ic,0.06218307006204561,0.0016703711249046657,37.227098298645835,2.4875809515856675e-303,0.05890920281641681,0.0654569373076744,2266,2266,0,5,pca,select,retain,dgtw,full
ld2_lasso_characteristics_textcore_pca_dgtw_select_retain,lasso,characteristics_textcore,0,ew_spread_bp,18.965794425429195,3.57690361125166,5.302293963351315,1.14356499450768e-07,11.955192171204683,25.976396679653707,2266,2266,0,5,pca,select,retain,dgtw,full
ld2_lasso_characteristics_textcore_pca_dgtw_select_retain,lasso,characteristics_textcore,0,cap_spread_bp,9.363382362414688,4.384952805458278,2.13534393135529,0.03273292693395983,0.7690327898085929,17.95773193502078,2266,2266,0,5,pca,select,retain,dgtw,full
ld2_lasso_characteristics_textcore_pca_dgtw_select_recent,lasso,characteristics_textcore,0,rank_ic,0.06255170041882917,0.0016897526083914823,37.01825942341565,5.823092475733957e-300,0.05923984616359925,0.06586355467405909,2266,2266,0,5,pca,select,recent,dgtw,full
ld2_lasso_characteristics_textcore_pca_dgtw_select_recent,lasso,characteristics_textcore,0,ew_spread_bp,19.719626751346414,3.5354547699839722,5.577677564642077,2.4375092464774804e-08,12.790262733207488,26.64899076948534,2266,2266,0,5,pca,select,recent,dgtw,full
ld2_lasso_characteristics_textcore_pca_dgtw_select_recent,lasso,characteristics_textcore,0,cap_spread_bp,10.050995142741277,4.263633702196912,2.3573777310096613,0.018404515083238124,1.6944266431641548,18.4075636423184,2266,2266,0,5,pca,select,recent,dgtw,full
ld2_lasso_characteristics_textcore_pca_dgtw_select_union,lasso,characteristics_textcore,0,rank_ic,0.06266446216429408,0.0016847312431960328,37.19552445968531,8.061196268178293e-303,0.059362449604000465,0.06596647472458769,2266,2266,0,5,pca,select,union,dgtw,full
ld2_lasso_characteristics_textcore_pca_dgtw_select_union,lasso,characteristics_textcore,0,ew_spread_bp,19.55834999202336,3.5938887981246395,5.442113290269105,5.2652171034407384e-08,12.514457383257124,26.602242600789594,2266,2266,0,5,pca,select,union,dgtw,full
ld2_lasso_characteristics_textcore_pca_dgtw_select_union,lasso,characteristics_textcore,0,cap_spread_bp,8.455338696719192,4.356422085789571,1.940890604769469,0.05227154784599029,-0.08309169288322948,16.993769086321613,2266,2266,0,5,pca,select,union,dgtw,full
ld2_enet_characteristics_textcore_pca_dgtw_fixed504_retain,enet,characteristics_textcore,504,rank_ic,0.061882796338172126,0.0016899651078275512,36.61779527372752,1.4901798321844927e-293,0.05857052559170078,0.06519506708464348,2266,2266,0,5,pca,fixed504,retain,dgtw,full
ld2_enet_characteristics_textcore_pca_dgtw_fixed504_retain,enet,characteristics_textcore,504,ew_spread_bp,19.36356541659921,3.608151913425197,5.366615896783983,8.022765596602272e-08,12.291717615536541,26.435413217661882,2266,2266,0,5,pca,fixed504,retain,dgtw,full
ld2_enet_characteristics_textcore_pca_dgtw_fixed504_retain,enet,characteristics_textcore,504,cap_spread_bp,8.541922097251316,4.566441417028044,1.8705861560818215,0.061402464942001314,-0.40813861763570003,17.491982812138332,2266,2266,0,5,pca,fixed504,retain,dgtw,full
ld2_enet_characteristics_textcore_pca_dgtw_fixed504_recent,enet,characteristics_textcore,504,rank_ic,0.06204299363981858,0.0016855133475787525,36.80955343898262,1.298604060147939e-296,0.05873944818310268,0.06534653909653447,2266,2266,0,5,pca,fixed504,recent,dgtw,full
ld2_enet_characteristics_textcore_pca_dgtw_fixed504_recent,enet,characteristics_textcore,504,ew_spread_bp,19.61341985212857,3.571776991920184,5.4912218474156225,3.9916258273812533e-08,12.612865587156197,26.61397411710094,2266,2266,0,5,pca,fixed504,recent,dgtw,full
ld2_enet_characteristics_textcore_pca_dgtw_fixed504_recent,enet,characteristics_textcore,504,cap_spread_bp,7.988101165515092,4.550424505832988,1.7554628486365387,0.07918017000288523,-0.9305669802860379,16.90676931131622,2266,2266,0,5,pca,fixed504,recent,dgtw,full
ld2_enet_characteristics_textcore_pca_dgtw_fixed504_union,enet,characteristics_textcore,504,rank_ic,0.06241340631852075,0.001703371581872053,36.64109873779077,6.342377172002228e-294,0.059074859365762504,0.06575195327127899,2266,2266,0,5,pca,fixed504,union,dgtw,full
ld2_enet_characteristics_textcore_pca_dgtw_fixed504_union,enet,characteristics_textcore,504,ew_spread_bp,19.940390441669653,3.5903950606350783,5.553815138700237,2.7950106777488594e-08,12.903345432554396,26.97743545078491,2266,2266,0,5,pca,fixed504,union,dgtw,full
ld2_enet_characteristics_textcore_pca_dgtw_fixed504_union,enet,characteristics_textcore,504,cap_spread_bp,9.491840250596681,4.443087473143894,2.136316313367634,0.03265364007705901,0.7835488230735734,18.20013167811979,2266,2266,0,5,pca,fixed504,union,dgtw,full
ld2_enet_characteristics_textcore_pca_dgtw_select_retain,enet,characteristics_textcore,0,rank_ic,0.062248931091133775,0.001669831451995388,37.27857144908162,3.650978857527036e-304,0.05897612158497059,0.06552174059729696,2266,2266,0,5,pca,select,retain,dgtw,full
ld2_enet_characteristics_textcore_pca_dgtw_select_retain,enet,characteristics_textcore,0,ew_spread_bp,19.003328597429526,3.5670436242981025,5.327472999764298,9.958857724725724e-08,12.012051562522021,25.99460563233703,2266,2266,0,5,pca,select,retain,dgtw,full
ld2_enet_characteristics_textcore_pca_dgtw_select_retain,enet,characteristics_textcore,0,cap_spread_bp,9.395424485129977,4.375467635454578,2.1472960761950337,0.03176971801537886,0.8196655041183742,17.971183466141582,2266,2266,0,5,pca,select,retain,dgtw,full
ld2_enet_characteristics_textcore_pca_dgtw_select_recent,enet,characteristics_textcore,0,rank_ic,0.06263980897674269,0.0016906580565269448,37.05054888829577,1.759693719120226e-300,0.0593261800757774,0.065953437877708,2266,2266,0,5,pca,select,recent,dgtw,full
ld2_enet_characteristics_textcore_pca_dgtw_select_recent,enet,characteristics_textcore,0,ew_spread_bp,19.610323375440537,3.538805691775058,5.541508939306593,2.998762638962234e-08,12.674391671276071,26.546255079605004,2266,2266,0,5,pca,select,recent,dgtw,full
ld2_enet_characteristics_textcore_pca_dgtw_select_recent,enet,characteristics_textcore,0,cap_spread_bp,8.49521519422491,4.389879733604505,1.9351817611753883,0.052967995075982405,-0.10879098010220645,17.099221368552026,2266,2266,0,5,pca,select,recent,dgtw,full
ld2_enet_characteristics_textcore_pca_dgtw_select_union,enet,characteristics_textcore,0,rank_ic,0.06272823363381187,0.001685197356823065,37.22307857880051,2.889411905402917e-303,0.05942530750759657,0.06603115976002717,2266,2266,0,5,pca,select,union,dgtw,full
ld2_enet_characteristics_textcore_pca_dgtw_select_union,enet,characteristics_textcore,0,ew_spread_bp,19.35148094176111,3.610432479247242,5.359878921152349,8.32777469788099e-08,12.275163313822858,26.427798569699362,2266,2266,0,5,pca,select,union,dgtw,full
ld2_enet_characteristics_textcore_pca_dgtw_select_union,enet,characteristics_textcore,0,cap_spread_bp,8.886405619294854,4.340171157145628,2.0474781517923173,0.040611159898549576,0.37982646454989144,17.392984774039817,2266,2266,0,5,pca,select,union,dgtw,full
ld2_group_ridge_characteristics_textcore_pca_dgtw_fixed504_retain,group_ridge,characteristics_textcore,504,rank_ic,0.062274615890288876,0.001677065792906346,37.13307859101181,8.222808407891948e-302,0.05898762733648833,0.06556160444408943,2266,2266,0,5,pca,fixed504,retain,dgtw,full
ld2_group_ridge_characteristics_textcore_pca_dgtw_fixed504_retain,group_ridge,characteristics_textcore,504,ew_spread_bp,19.330534333983774,3.703584766927889,5.219411880781221,1.794921897784095e-07,12.07164157711394,26.589427090853608,2266,2266,0,5,pca,fixed504,retain,dgtw,full
ld2_group_ridge_characteristics_textcore_pca_dgtw_fixed504_retain,group_ridge,characteristics_textcore,504,cap_spread_bp,11.034507208294642,4.646918060632862,2.3745861373746404,0.01756863646695812,1.926715170345517,20.142299246243766,2266,2266,0,5,pca,fixed504,retain,dgtw,full
ld2_group_ridge_characteristics_textcore_pca_dgtw_fixed504_recent,group_ridge,characteristics_textcore,504,rank_ic,0.06226700995079281,0.0016716135139350813,37.24964498774147,1.0736930407258541e-303,0.05899070766740961,0.06554331223417602,2266,2266,0,5,pca,fixed504,recent,dgtw,full
ld2_group_ridge_characteristics_textcore_pca_dgtw_fixed504_recent,group_ridge,characteristics_textcore,504,ew_spread_bp,19.225430838112352,3.679946249902733,5.224378165474703,1.747413357480438e-07,12.012868723259762,26.43799295296494,2266,2266,0,5,pca,fixed504,recent,dgtw,full
ld2_group_ridge_characteristics_textcore_pca_dgtw_fixed504_recent,group_ridge,characteristics_textcore,504,cap_spread_bp,10.937116442980725,4.313470196841146,2.5355725074883395,0.011226368529113894,2.482870208785183,19.391362677176268,2266,2266,0,5,pca,fixed504,recent,dgtw,full
ld2_group_ridge_characteristics_textcore_pca_dgtw_fixed504_union,group_ridge,characteristics_textcore,504,rank_ic,0.06264317543160751,0.0016894860615462633,37.07824341224501,6.299674342976454e-301,0.05933184359859441,0.06595450726462061,2266,2266,0,5,pca,fixed504,union,dgtw,full
ld2_group_ridge_characteristics_textcore_pca_dgtw_fixed504_union,group_ridge,characteristics_textcore,504,ew_spread_bp,19.541712557659128,3.7017841736110046,5.2789983535416765,1.2989197207928852e-07,12.286348898841192,26.797076216477066,2266,2266,0,5,pca,fixed504,union,dgtw,full
ld2_group_ridge_characteristics_textcore_pca_dgtw_fixed504_union,group_ridge,characteristics_textcore,504,cap_spread_bp,11.317551373640786,4.314679466160829,2.623034100772047,0.008715054920318302,2.8609350151310533,19.774167732150516,2266,2266,0,5,pca,fixed504,union,dgtw,full
ld2_group_ridge_characteristics_textcore_pca_dgtw_select_retain,group_ridge,characteristics_textcore,0,rank_ic,0.0625358308646259,0.0016635133823451062,37.592622655350816,2.83728934300471e-309,0.059275404547429085,0.06579625718182272,2266,2266,0,5,pca,select,retain,dgtw,full
ld2_group_ridge_characteristics_textcore_pca_dgtw_select_retain,group_ridge,characteristics_textcore,0,ew_spread_bp,18.83550146050386,3.696284995140841,5.095792528245285,3.4728530190545856e-07,11.590915993432002,26.080086927575717,2266,2266,0,5,pca,select,retain,dgtw,full
ld2_group_ridge_characteristics_textcore_pca_dgtw_select_retain,group_ridge,characteristics_textcore,0,cap_spread_bp,10.002072945306601,4.38920820785934,2.2787875333407137,0.02267969833735304,1.399382937254698,18.604762953358502,2266,2266,0,5,pca,select,retain,dgtw,full
ld2_group_ridge_characteristics_textcore_pca_dgtw_select_recent,group_ridge,characteristics_textcore,0,rank_ic,0.06252399068684666,0.001685250381431344,37.10071297164922,2.736032187795957e-301,0.059220960634308845,0.06582702073938448,2266,2266,0,5,pca,select,recent,dgtw,full
ld2_group_ridge_characteristics_textcore_pca_dgtw_select_recent,group_ridge,characteristics_textcore,0,ew_spread_bp,19.0030429428864,3.6943071719020044,5.143871924732975,2.6913304804676667e-07,11.762333938130448,26.24375194764235,2266,2266,0,5,pca,select,recent,dgtw,full
ld2_group_ridge_characteristics_textcore_pca_dgtw_select_recent,group_ridge,characteristics_textcore,0,cap_spread_bp,8.13767700477769,4.310787246058604,1.887747304675741,0.05905988248761245,-0.3113107425117789,16.586664752067158,2266,2266,0,5,pca,select,recent,dgtw,full
ld2_group_ridge_characteristics_textcore_pca_dgtw_select_union,group_ridge,characteristics_textcore,0,rank_ic,0.06285207624140637,0.0016811361359230059,37.38666661096917,6.435301394350633e-306,0.05955710996188845,0.06614704252092429,2266,2266,0,5,pca,select,union,dgtw,full
ld2_group_ridge_characteristics_textcore_pca_dgtw_select_union,group_ridge,characteristics_textcore,0,ew_spread_bp,19.055872543869015,3.6979759137557755,5.153054803030152,2.5627703024377687e-07,11.807972937211098,26.30377215052693,2266,2266,0,5,pca,select,union,dgtw,full
ld2_group_ridge_characteristics_textcore_pca_dgtw_select_union,group_ridge,characteristics_textcore,0,cap_spread_bp,9.750732571373375,4.266682197211207,2.2853196279176027,0.02229409285180305,1.3881891313611856,18.113276011385565,2266,2266,0,5,pca,select,union,dgtw,full
ld2_ols_characteristics_full_dgtw_fixed504_retain,ols,characteristics,504,rank_ic,0.057715000295182506,0.0019794896402236485,29.156505354916483,6.909296580073476e-187,0.053835271892574005,0.06159472869779101,1258,1258,0,5,full,fixed504,retain,dgtw,2014-2018
ld2_ols_characteristics_full_dgtw_fixed504_retain,ols,characteristics,504,ew_spread_bp,19.131633540054693,4.437841210771392,4.311022551599859,1.6250132977833174e-05,10.433624597835138,27.82964248227425,1258,1258,0,5,full,fixed504,retain,dgtw,2014-2018
ld2_ols_characteristics_full_dgtw_fixed504_retain,ols,characteristics,504,cap_spread_bp,12.535282840076507,4.524071379871009,2.7707968746580467,0.005591929859554831,3.6682658720409034,21.40229980811211,1258,1258,0,5,full,fixed504,retain,dgtw,2014-2018
ld2_ols_characteristics_full_dgtw_fixed504_recent,ols,characteristics,504,rank_ic,0.05795689284124364,0.0019385841422241718,29.896506207230537,2.1847203748494824e-196,0.05415733774148379,0.06175644794100349,1258,1258,0,5,full,fixed504,recent,dgtw,2014-2018
ld2_ols_characteristics_full_dgtw_fixed504_recent,ols,characteristics,504,ew_spread_bp,18.499745904240807,4.420343091335744,4.185138013495358,2.849928921997772e-05,9.836032645912303,27.16345916256931,1258,1258,0,5,full,fixed504,recent,dgtw,2014-2018
ld2_ols_characteristics_full_dgtw_fixed504_recent,ols,characteristics,504,cap_spread_bp,12.969021609535616,4.331084688063563,2.9944049917283175,0.0027498068020759816,4.480251606938138,21.457791612133093,1258,1258,0,5,full,fixed504,recent,dgtw,2014-2018
ld2_ols_characteristics_full_dgtw_fixed504_union,ols,characteristics,504,rank_ic,0.05823932962500748,0.001994665628926528,29.197540069084273,2.0838016201846868e-187,0.05432985683111155,0.062148802418903415,1258,1258,0,5,full,fixed504,union,dgtw,2014-2018
ld2_ols_characteristics_full_dgtw_fixed504_union,ols,characteristics,504,ew_spread_bp,19.51274627799633,4.5588376077982105,4.280202094634477,1.8672367779894074e-05,10.577588755345102,28.44790380064756,1258,1258,0,5,full,fixed504,union,dgtw,2014-2018
ld2_ols_characteristics_full_dgtw_fixed504_union,ols,characteristics,504,cap_spread_bp,14.825899819632358,4.5446899509489675,3.2622467054186153,0.0011053290314219082,5.918471194871277,23.73332844439344,1258,1258,0,5,full,fixed504,union,dgtw,2014-2018
ld2_ols_characteristics_full_dgtw_select_retain,ols,characteristics,0,rank_ic,0.05833738243246812,0.001983115799231401,29.417032759800524,3.3259056137010496e-190,0.05445054688880221,0.062224217976134026,1258,1258,0,5,full,select,retain,dgtw,2014-2018
ld2_ols_characteristics_full_dgtw_select_retain,ols,characteristics,0,ew_spread_bp,19.900308691102058,4.473976791646724,4.448013393421607,8.666812697813266e-06,11.131475311806419,28.669142070397697,1258,1258,0,5,full,select,retain,dgtw,2014-2018
ld2_ols_characteristics_full_dgtw_select_retain,ols,characteristics,0,cap_spread_bp,13.424829583203843,4.224914773525962,3.177538554700824,0.0014853094015726837,5.1441487893417595,21.705510377065927,1258,1258,0,5,full,select,retain,dgtw,2014-2018
ld2_ols_characteristics_full_dgtw_select_recent,ols,characteristics,0,rank_ic,0.058459147386072774,0.001986900287721768,29.42228542988615,2.8491824860578053e-190,0.05456489438126584,0.06235340039087971,1258,1258,0,5,full,select,recent,dgtw,2014-2018
ld2_ols_characteristics_full_dgtw_select_recent,ols,characteristics,0,ew_spread_bp,19.661265053927252,4.392359248092938,4.476242480043891,7.596820087326714e-06,11.052399120503662,28.270130987350843,1258,1258,0,5,full,select,recent,dgtw,2014-2018
ld2_ols_characteristics_full_dgtw_select_recent,ols,characteristics,0,cap_spread_bp,14.006542933071868,4.348313280312275,3.221143931024672,0.001276800085655286,5.484005510162589,22.529080355981147,1258,1258,0,5,full,select,recent,dgtw,2014-2018
ld2_ols_characteristics_full_dgtw_select_union,ols,characteristics,0,rank_ic,0.05867807650187344,0.0019957477005996265,29.401550348394988,5.246672094910185e-190,0.05476648288646955,0.06258967011727734,1258,1258,0,5,full,select,union,dgtw,2014-2018
ld2_ols_characteristics_full_dgtw_select_union,ols,characteristics,0,ew_spread_bp,19.524653656328994,4.607398169473335,4.237674483115235,2.258468906815932e-05,10.494319181725485,28.5549881309325,1258,1258,0,5,full,select,union,dgtw,2014-2018
ld2_ols_characteristics_full_dgtw_select_union,ols,characteristics,0,cap_spread_bp,12.86294554222826,4.380841811441594,2.936181240015028,0.0033228012278255083,4.276653369835525,21.449237714620995,1258,1258,0,5,full,select,union,dgtw,2014-2018
ld2_ridge_characteristics_full_dgtw_fixed504_retain,ridge,characteristics,504,rank_ic,0.058427493354547305,0.0019732303238132096,29.61007270638224,1.1085930983617505e-192,0.05456003298667111,0.0622949537224235,1258,1258,0,5,full,fixed504,retain,dgtw,2014-2018
ld2_ridge_characteristics_full_dgtw_fixed504_retain,ridge,characteristics,504,ew_spread_bp,18.469344454539623,4.562502255031837,4.048073496110687,5.1640932122159366e-05,9.527004355294443,27.411684553784802,1258,1258,0,5,full,fixed504,retain,dgtw,2014-2018
ld2_ridge_characteristics_full_dgtw_fixed504_retain,ridge,characteristics,504,cap_spread_bp,16.140019196169607,4.500646862887081,3.5861554322918123,0.0003355889809403018,7.31891343777775,24.961124954561463,1258,1258,0,5,full,fixed504,retain,dgtw,2014-2018
ld2_ridge_characteristics_full_dgtw_fixed504_recent,ridge,characteristics,504,rank_ic,0.058412506666721764,0.0019390521045186597,30.124258409869693,2.332032167247819e-199,0.054612034377718596,0.06221297895572493,1258,1258,0,5,full,fixed504,recent,dgtw,2014-2018
ld2_ridge_characteristics_full_dgtw_fixed504_recent,ridge,characteristics,504,ew_spread_bp,17.59274910656454,4.431117587780219,3.970273584045798,7.179014983186445e-05,8.90791822325331,26.27757998987577,1258,1258,0,5,full,fixed504,recent,dgtw,2014-2018
ld2_ridge_characteristics_full_dgtw_fixed504_recent,ridge,characteristics,504,cap_spread_bp,14.09160866300431,4.619830541909493,3.0502436258581667,0.002286558038446739,5.036907186183544,23.146310139825076,1258,1258,0,5,full,fixed504,recent,dgtw,2014-2018
ld2_ridge_characteristics_full_dgtw_fixed504_union,ridge,characteristics,504,rank_ic,0.058640233007963366,0.0019842002905211646,29.553585536750973,5.9061295339096646e-192,0.05475127190042797,0.06252919411549876,1258,1258,0,5,full,fixed504,union,dgtw,2014-2018
ld2_ridge_characteristics_full_dgtw_fixed504_union,ridge,characteristics,504,ew_spread_bp,18.435981356912258,4.56275296608921,4.0405390109721315,5.332849299094507e-05,9.4931498730241,27.378812840800414,1258,1258,0,5,full,fixed504,union,dgtw,2014-2018
ld2_ridge_characteristics_full_dgtw_fixed504_union,ridge,characteristics,504,cap_spread_bp,16.25903190305461,4.520091013539459,3.597058522572307,0.0003218360936375959,7.399816309674119,25.1182474964351,1258,1258,0,5,full,fixed504,union,dgtw,2014-2018
ld2_ridge_characteristics_full_dgtw_select_retain,ridge,characteristics,0,rank_ic,0.05849328554039677,0.001966944073107745,29.738153890658502,2.467634073577941e-194,0.05463814599750107,0.06234842508329247,1258,1258,0,5,full,select,retain,dgtw,2014-2018
ld2_ridge_characteristics_full_dgtw_select_retain,ridge,characteristics,0,ew_spread_bp,17.884997652476788,4.522779435856227,3.9544262341616707,7.671853621942446e-05,9.020512848180198,26.74948245677338,1258,1258,0,5,full,select,retain,dgtw,2014-2018
ld2_ridge_characteristics_full_dgtw_select_retain,ridge,characteristics,0,cap_spread_bp,14.99340403738587,4.483462786433616,3.344157128448571,0.0008253297819939647,6.205978449950386,23.780829624821354,1258,1258,0,5,full,select,retain,dgtw,2014-2018
ld2_ridge_characteristics_full_dgtw_select_recent,ridge,characteristics,0,rank_ic,0.05846011001164096,0.0019745256782812983,29.607166244870946,1.2083381494148164e-192,0.0545901107956601,0.062330109227621826,1258,1258,0,5,full,select,recent,dgtw,2014-2018
ld2_ridge_characteristics_full_dgtw_select_recent,ridge,characteristics,0,ew_spread_bp,18.3609741465454,4.428833165406,4.145781396771628,3.386568088206612e-05,9.680620648813115,27.041327644277683,1258,1258,0,5,full,select,recent,dgtw,2014-2018
ld2_ridge_characteristics_full_dgtw_select_recent,ridge,characteristics,0,cap_spread_bp,14.120737794839448,4.67641464159186,3.019564960996,0.002531380009876871,4.955133520543617,23.28634206913528,1258,1258,0,5,full,select,recent,dgtw,2014-2018
ld2_ridge_characteristics_full_dgtw_select_union,ridge,characteristics,0,rank_ic,0.0586649898031957,0.001978845429138763,29.64606984423639,3.8111799693675646e-193,0.05478652403111201,0.06254345557527938,1258,1258,0,5,full,select,union,dgtw,2014-2018
ld2_ridge_characteristics_full_dgtw_select_union,ridge,characteristics,0,ew_spread_bp,17.641060503615428,4.646368845115402,3.7967413030846617,0.00014661064714056608,8.534344908300275,26.74777609893058,1258,1258,0,5,full,select,union,dgtw,2014-2018
ld2_ridge_characteristics_full_dgtw_select_union,ridge,characteristics,0,cap_spread_bp,13.59819491433678,4.568085230445823,2.976782224575451,0.002912908412781557,4.6449123843536135,22.551477444319946,1258,1258,0,5,full,select,union,dgtw,2014-2018
ld2_lasso_characteristics_full_dgtw_fixed504_retain,lasso,characteristics,504,rank_ic,0.05828176087048246,0.0020244896918048903,28.788371265315067,2.9992462248777264e-182,0.054313833987472276,0.06224968775349264,1258,1258,0,5,full,fixed504,retain,dgtw,2014-2018
ld2_lasso_characteristics_full_dgtw_fixed504_retain,lasso,characteristics,504,ew_spread_bp,17.068414869646855,4.387461870280059,3.8902708158595005,0.00010013240916063621,8.469147620355193,25.667682118938515,1258,1258,0,5,full,fixed504,retain,dgtw,2014-2018
ld2_lasso_characteristics_full_dgtw_fixed504_retain,lasso,characteristics,504,cap_spread_bp,12.461522713999054,4.509816828010971,2.7631993025967616,0.005723780458424815,3.622444154224885,21.300601273773225,1258,1258,0,5,full,fixed504,retain,dgtw,2014-2018
ld2_lasso_characteristics_full_dgtw_fixed504_recent,lasso,characteristics,504,rank_ic,0.05825296836347855,0.001967108268528214,29.61350389069499,1.001373561983468e-192,0.054397507003472303,0.06210842972348479,1258,1258,0,5,full,fixed504,recent,dgtw,2014-2018
ld2_lasso_characteristics_full_dgtw_fixed504_recent,lasso,characteristics,504,ew_spread_bp,18.36892905411206,4.319367241770775,4.252689809857775,2.112180546758349e-05,9.903124824239228,26.83473328398489,1258,1258,0,5,full,fixed504,recent,dgtw,2014-2018
ld2_lasso_characteristics_full_dgtw_fixed504_recent,lasso,characteristics,504,cap_spread_bp,15.206246635996814,4.576041673392132,3.323013145709557,0.0008905071780169792,6.237369764393835,24.175123507599793,1258,1258,0,5,full,fixed504,recent,dgtw,2014-2018
ld2_lasso_characteristics_full_dgtw_fixed504_union,lasso,characteristics,504,rank_ic,0.05850527747104785,0.0020244855370364742,28.898836964125856,1.2347845954487706e-183,0.05453735873123413,0.062473196210861566,1258,1258,0,5,full,fixed504,union,dgtw,2014-2018
ld2_lasso_characteristics_full_dgtw_fixed504_union,lasso,characteristics,504,ew_spread_bp,18.309845941147817,4.434910398224454,4.1285717854589095,3.6502348222993535e-05,9.617581285965699,27.002110596329935,1258,1258,0,5,full,fixed504,union,dgtw,2014-2018
ld2_lasso_characteristics_full_dgtw_fixed504_union,lasso,characteristics,504,cap_spread_bp,12.40445479261046,4.928886666451944,2.5166849294872913,0.01184647129686555,2.744014442484964,22.064895142735956,1258,1258,0,5,full,fixed504,union,dgtw,2014-2018
ld2_lasso_characteristics_full_dgtw_select_retain,lasso,characteristics,0,rank_ic,0.058402721798687676,0.0020016123655942453,29.17783822810711,3.7058719209639494e-187,0.054479633651112934,0.06232580994626242,1258,1258,0,5,full,select,retain,dgtw,2014-2018
ld2_lasso_characteristics_full_dgtw_select_retain,lasso,characteristics,0,ew_spread_bp,18.490074084657028,4.453229772143605,4.152059298695619,3.294968520921734e-05,9.76190411637405,27.21824405294001,1258,1258,0,5,full,select,retain,dgtw,2014-2018
ld2_lasso_characteristics_full_dgtw_select_retain,lasso,characteristics,0,cap_spread_bp,15.473289324922002,4.389788552429028,3.52483704855444,0.00042374336649540377,6.869461862414887,24.077116787429116,1258,1258,0,5,full,select,retain,dgtw,2014-2018
ld2_lasso_characteristics_full_dgtw_select_recent,lasso,characteristics,0,rank_ic,0.058350747884661054,0.0020219766074535666,28.858270501035477,3.9900298021158164e-183,0.05438774655646958,0.06231374921285253,1258,1258,0,5,full,select,recent,dgtw,2014-2018
ld2_lasso_characteristics_full_dgtw_select_recent,lasso,characteristics,0,ew_spread_bp,18.83660054180488,4.270425875610203,4.410941927217811,1.0292192087817046e-05,10.466719626960957,27.206481456648802,1258,1258,0,5,full,select,recent,dgtw,2014-2018
ld2_lasso_characteristics_full_dgtw_select_recent,lasso,characteristics,0,cap_spread_bp,14.021101645335719,4.662644906843179,3.007113328479616,0.002637414186606481,4.882485555223974,23.159717735447465,1258,1258,0,5,full,select,recent,dgtw,2014-2018
ld2_lasso_characteristics_full_dgtw_select_union,lasso,characteristics,0,rank_ic,0.05846449267927128,0.001998706056568211,29.251171019942337,4.3388883325145205e-188,0.054547100792715505,0.06238188456582705,1258,1258,0,5,full,select,union,dgtw,2014-2018
ld2_lasso_characteristics_full_dgtw_select_union,lasso,characteristics,0,ew_spread_bp,19.41160511626693,4.435819528656121,4.376103443989274,1.2081969271755607e-05,10.717558598181494,28.105651634352366,1258,1258,0,5,full,select,union,dgtw,2014-2018
ld2_lasso_characteristics_full_dgtw_select_union,lasso,characteristics,0,cap_spread_bp,16.22618881305515,4.471894343415898,3.628482152523448,0.00028509245479037233,7.461436957291596,24.990940668818702,1258,1258,0,5,full,select,union,dgtw,2014-2018
ld2_enet_characteristics_full_dgtw_fixed504_retain,enet,characteristics,504,rank_ic,0.05836052894807002,0.002019010722776479,28.905507182158242,1.0180433616094645e-183,0.05440334064702794,0.0623177172491121,1258,1258,0,5,full,fixed504,retain,dgtw,2014-2018
ld2_enet_characteristics_full_dgtw_fixed504_retain,enet,characteristics,504,ew_spread_bp,17.448181562250547,4.3847985927439925,3.9792435600403557,6.913488689218963e-05,8.85413424101041,26.042228883490683,1258,1258,0,5,full,fixed504,retain,dgtw,2014-2018
ld2_enet_characteristics_full_dgtw_fixed504_retain,enet,characteristics,504,cap_spread_bp,12.87835086627763,4.5925843320399755,2.804162087222296,0.005044753696116884,3.877050979516337,21.879650753038923,1258,1258,0,5,full,fixed504,retain,dgtw,2014-2018
ld2_enet_characteristics_full_dgtw_fixed504_recent,enet,characteristics,504,rank_ic,0.05833000619112092,0.001967235747617817,29.65074534750318,3.3173301122789065e-193,0.05447429497669027,0.06218571740555157,1258,1258,0,5,full,fixed504,recent,dgtw,2014-2018
ld2_enet_characteristics_full_dgtw_fixed504_recent,enet,characteristics,504,ew_spread_bp,18.978722407643932,4.307128563919281,4.4063514998433675,1.0512632098945468e-05,10.536905545578419,27.420539269709444,1258,1258,0,5,full,fixed504,recent,dgtw,2014-2018
ld2_enet_characteristics_full_dgtw_fixed504_recent,enet,characteristics,504,cap_spread_bp,14.925885139288912,4.687974879298297,3.1838662799155273,0.0014532212770750374,5.737623215435743,24.11414706314208,1258,1258,0,5,full,fixed504,recent,dgtw,2014-2018
ld2_enet_characteristics_full_dgtw_fixed504_union,enet,characteristics,504,rank_ic,0.05856779764550899,0.0020180169245212964,29.022451166707704,3.427604299692906e-185,0.05461255715325496,0.06252303813776301,1258,1258,0,5,full,fixed504,union,dgtw,2014-2018
ld2_enet_characteristics_full_dgtw_fixed504_union,enet,characteristics,504,ew_spread_bp,18.830904429956085,4.43208722744116,4.248766656343088,2.149506750791072e-05,10.144173087831428,27.517635772080745,1258,1258,0,5,full,fixed504,union,dgtw,2014-2018
ld2_enet_characteristics_full_dgtw_fixed504_union,enet,characteristics,504,cap_spread_bp,13.96199375753328,4.849623181988439,2.8789852806272247,0.003989569542739254,4.456906982245403,23.467080532821157,1258,1258,0,5,full,fixed504,union,dgtw,2014-2018
ld2_enet_characteristics_full_dgtw_select_retain,enet,characteristics,0,rank_ic,0.05847674334526374,0.0020004672733379414,29.231542112503828,7.708038638052343e-188,0.05455589953727033,0.06239758715325715,1258,1258,0,5,full,select,retain,dgtw,2014-2018
ld2_enet_characteristics_full_dgtw_select_retain,enet,characteristics,0,ew_spread_bp,18.726660483748415,4.452767941588116,4.20562237453349,2.603646589062509e-05,9.999395686721156,27.45392528077567,1258,1258,0,5,full,select,retain,dgtw,2014-2018
ld2_enet_characteristics_full_dgtw_select_retain,enet,characteristics,0,cap_spread_bp,15.151960689056436,4.317567918232664,3.5093740216734517,0.00044916278368074895,6.689683068514839,23.614238309598033,1258,1258,0,5,full,select,retain,dgtw,2014-2018
ld2_enet_characteristics_full_dgtw_select_recent,enet,characteristics,0,rank_ic,0.05835964860056943,0.0020196064195810255,28.896545403473386,1.3194255606966273e-183,0.05440129275524473,0.06231800444589412,1258,1258,0,5,full,select,recent,dgtw,2014-2018
ld2_enet_characteristics_full_dgtw_select_recent,enet,characteristics,0,ew_spread_bp,19.096813785141762,4.2782425578845436,4.463705254380092,8.055435783166905e-06,10.71161245456154,27.482015115721985,1258,1258,0,5,full,select,recent,dgtw,2014-2018
ld2_enet_characteristics_full_dgtw_select_recent,enet,characteristics,0,cap_spread_bp,14.533250420213504,4.61922106962989,3.1462556567741764,0.0016537537918331058,5.479743487110335,23.58675735331667,1258,1258,0,5,full,select,recent,dgtw,2014-2018
ld2_enet_characteristics_full_dgtw_select_union,enet,characteristics,0,rank_ic,0.058489584542381796,0.001998296804019787,29.26971830446997,2.520063202127452e-188,0.05457299477608152,0.062406174308682075,1258,1258,0,5,full,select,union,dgtw,2014-2018
ld2_enet_characteristics_full_dgtw_select_union,enet,characteristics,0,ew_spread_bp,19.495641954944574,4.432699547112203,4.398141978209535,1.0918154979752967e-05,10.807710488317648,28.183573421571502,1258,1258,0,5,full,select,union,dgtw,2014-2018
ld2_enet_characteristics_full_dgtw_select_union,enet,characteristics,0,cap_spread_bp,16.342376615447396,4.493486151332626,3.636903745792287,0.0002759349844999932,7.535305593805949,25.14944763708884,1258,1258,0,5,full,select,union,dgtw,2014-2018
ld2_ols_characteristics_core_full_dgtw_fixed504_retain,ols,characteristics_core,504,rank_ic,0.05886531761793954,0.001961300162278523,30.01341597277659,6.558332300085753e-198,0.055021239937001074,0.062709395298878,1258,1258,0,5,full,fixed504,retain,dgtw,2014-2018
ld2_ols_characteristics_core_full_dgtw_fixed504_retain,ols,characteristics_core,504,ew_spread_bp,19.244074861702707,4.5298673823343405,4.2482645158114565,2.1543293676325246e-05,10.365697937584669,28.122451785820743,1258,1258,0,5,full,fixed504,retain,dgtw,2014-2018
ld2_ols_characteristics_core_full_dgtw_fixed504_retain,ols,characteristics_core,504,cap_spread_bp,13.706205654850764,4.6462666922958435,2.9499395025209294,0.0031783615838801385,4.599690275382866,22.812721034318663,1258,1258,0,5,full,fixed504,retain,dgtw,2014-2018
ld2_ols_characteristics_core_full_dgtw_fixed504_recent,ols,characteristics_core,504,rank_ic,0.05918956255182168,0.001929493292306935,30.67622094765286,1.1816648579861047e-206,0.05540782519048847,0.0629712999131549,1258,1258,0,5,full,fixed504,recent,dgtw,2014-2018
ld2_ols_characteristics_core_full_dgtw_fixed504_recent,ols,characteristics_core,504,ew_spread_bp,20.986158170237157,4.334320125067506,4.8418569844123605,1.2863133295908762e-06,12.491046827637703,29.48126951283661,1258,1258,0,5,full,fixed504,recent,dgtw,2014-2018
ld2_ols_characteristics_core_full_dgtw_fixed504_recent,ols,characteristics_core,504,cap_spread_bp,13.951356212144352,4.3541618516480645,3.204142769029984,0.001354652835956732,5.417355800055912,22.485356624232793,1258,1258,0,5,full,fixed504,recent,dgtw,2014-2018
ld2_ols_characteristics_core_full_dgtw_fixed504_union,ols,characteristics_core,504,rank_ic,0.05954320499980574,0.0019850543031083696,29.99575624030428,1.1147291784679924e-197,0.05565257005835708,0.0634338399412544,1258,1258,0,5,full,fixed504,union,dgtw,2014-2018
ld2_ols_characteristics_core_full_dgtw_fixed504_union,ols,characteristics_core,504,ew_spread_bp,21.239612770210908,4.470517864127748,4.7510408001367,2.023722900050732e-06,12.477558764277594,30.00166677614422,1258,1258,0,5,full,fixed504,union,dgtw,2014-2018
ld2_ols_characteristics_core_full_dgtw_fixed504_union,ols,characteristics_core,504,cap_spread_bp,17.92047660151029,4.484475744746245,3.9961140658425673,6.439071756031897e-05,9.131065652264216,26.709887550756367,1258,1258,0,5,full,fixed504,union,dgtw,2014-2018
ld2_ols_characteristics_core_full_dgtw_select_retain,ols,characteristics_core,0,rank_ic,0.05948690336180432,0.0019599523807556436,30.35119829741457,2.4226446462128487e-202,0.055645467284109726,0.06332833943949892,1258,1258,0,5,full,select,retain,dgtw,2014-2018
ld2_ols_characteristics_core_full_dgtw_select_retain,ols,characteristics_core,0,ew_spread_bp,20.14522327760188,4.514530257168156,4.462307733039415,8.108166991035653e-06,11.296906566435945,28.993539988767814,1258,1258,0,5,full,select,retain,dgtw,2014-2018
ld2_ols_characteristics_core_full_dgtw_select_retain,ols,characteristics_core,0,cap_spread_bp,11.790772376992201,4.547631192246939,2.5927283630857714,0.0095217943257314,2.877579025217253,20.70396572876715,1258,1258,0,5,full,select,retain,dgtw,2014-2018
ld2_ols_characteristics_core_full_dgtw_select_recent,ols,characteristics_core,0,rank_ic,0.05987334306902413,0.0019710727646788185,30.37601865437999,1.1392936867769507e-202,0.05601011143934585,0.0637365746987024,1258,1258,0,5,full,select,recent,dgtw,2014-2018
ld2_ols_characteristics_core_full_dgtw_select_recent,ols,characteristics_core,0,ew_spread_bp,21.844990626033212,4.349654258285873,5.0222360971379745,5.107334648819862e-07,13.319824934591619,30.370156317474805,1258,1258,0,5,full,select,recent,dgtw,2014-2018
ld2_ols_characteristics_core_full_dgtw_select_recent,ols,characteristics_core,0,cap_spread_bp,18.48124526930779,4.298012086758987,4.299951907125509,1.7083517862024095e-05,10.057296374142336,26.905194164473247,1258,1258,0,5,full,select,recent,dgtw,2014-2018
ld2_ols_characteristics_core_full_dgtw_select_union,ols,characteristics_core,0,rank_ic,0.060082446696285235,0.001980691262208739,30.33407974410165,4.0748943178835226e-202,0.05620036315786293,0.06396453023470755,1258,1258,0,5,full,select,union,dgtw,2014-2018
ld2_ols_characteristics_core_full_dgtw_select_union,ols,characteristics_core,0,ew_spread_bp,20.820299061627082,4.4333003529251425,4.696342996000623,2.648606442327029e-06,12.131190037245092,29.509408086009074,1258,1258,0,5,full,select,union,dgtw,2014-2018
ld2_ols_characteristics_core_full_dgtw_select_union,ols,characteristics_core,0,cap_spread_bp,13.424506491147552,4.313647317726561,3.1121010834568468,0.0018576088112121903,4.969913106395685,21.87909987589942,1258,1258,0,5,full,select,union,dgtw,2014-2018
ld2_ridge_characteristics_core_full_dgtw_fixed504_retain,ridge,characteristics_core,504,rank_ic,0.05983575882443003,0.0019967993019882856,29.965835206797895,2.736456069356684e-197,0.055922104108178265,0.06374941354068178,1258,1258,0,5,full,fixed504,retain,dgtw,2014-2018
ld2_ridge_characteristics_core_full_dgtw_fixed504_retain,ridge,characteristics_core,504,ew_spread_bp,21.692556099549197,4.477427479985808,4.84487045217714,1.2669431810498806e-06,12.91695949538708,30.468152703711315,1258,1258,0,5,full,fixed504,retain,dgtw,2014-2018
ld2_ridge_characteristics_core_full_dgtw_fixed504_retain,ridge,characteristics_core,504,cap_spread_bp,14.51230684923063,4.810596566412652,3.016737456338542,0.002555110075709209,5.083710834909786,23.94090286355147,1258,1258,0,5,full,fixed504,retain,dgtw,2014-2018
ld2_ridge_characteristics_core_full_dgtw_fixed504_recent,ridge,characteristics_core,504,rank_ic,0.05990214856465561,0.0019539692840553997,30.656648010520744,2.1550058483912872e-206,0.05607243914100951,0.06373185798830171,1258,1258,0,5,full,fixed504,recent,dgtw,2014-2018
ld2_ridge_characteristics_core_full_dgtw_fixed504_recent,ridge,characteristics_core,504,ew_spread_bp,20.538964801783166,4.355828493128617,4.71528317384022,2.41374815177561e-06,12.001697832417703,29.076231771148628,1258,1258,0,5,full,fixed504,recent,dgtw,2014-2018
ld2_ridge_characteristics_core_full_dgtw_fixed504_recent,ridge,characteristics_core,504,cap_spread_bp,15.749789822660986,4.663213001324196,3.3774545186309473,0.0007316005067362627,6.610060287826631,24.88951935749534,1258,1258,0,5,full,fixed504,recent,dgtw,2014-2018
ld2_ridge_characteristics_core_full_dgtw_fixed504_union,ridge,characteristics_core,504,rank_ic,0.06019381913695789,0.0020048237701005118,30.02449394040259,4.701206223170277e-198,0.05626443675221108,0.0641232015217047,1258,1258,0,5,full,fixed504,union,dgtw,2014-2018
ld2_ridge_characteristics_core_full_dgtw_fixed504_union,ridge,characteristics_core,504,ew_spread_bp,21.57798994266453,4.380446205165079,4.925979896116851,8.393862816400209e-07,12.992473144325823,30.16350674100324,1258,1258,0,5,full,fixed504,union,dgtw,2014-2018
ld2_ridge_characteristics_core_full_dgtw_fixed504_union,ridge,characteristics_core,504,cap_spread_bp,15.679463523646751,4.71180168107183,3.3277002269925804,0.0008756603736444124,6.444501926450682,24.91442512084282,1258,1258,0,5,full,fixed504,union,dgtw,2014-2018
ld2_ridge_characteristics_core_full_dgtw_select_retain,ridge,characteristics_core,0,rank_ic,0.05992476543061607,0.0019642063504673366,30.50838595260543,2.0171543652157526e-204,0.05607499172549523,0.06377453913573691,1258,1258,0,5,full,select,retain,dgtw,2014-2018
ld2_ridge_characteristics_core_full_dgtw_select_retain,ridge,characteristics_core,0,ew_spread_bp,20.308290866074753,4.49431875059832,4.518658331336901,6.223272657514285e-06,11.499587979858992,29.11699375229051,1258,1258,0,5,full,select,retain,dgtw,2014-2018
ld2_ridge_characteristics_core_full_dgtw_select_retain,ridge,characteristics_core,0,cap_spread_bp,11.587156490138861,4.656510072970093,2.4883778427538434,0.012832731419965462,2.4605644534695,20.713748526808224,1258,1258,0,5,full,select,retain,dgtw,2014-2018
ld2_ridge_characteristics_core_full_dgtw_select_recent,ridge,characteristics_core,0,rank_ic,0.05996859542105259,0.0019976900917622054,30.01896824154191,5.550532198393988e-198,0.05605319478892615,0.06388399605317903,1258,1258,0,5,full,select,recent,dgtw,2014-2018
ld2_ridge_characteristics_core_full_dgtw_select_recent,ridge,characteristics_core,0,ew_spread_bp,21.4198945923329,4.41919219260746,4.8470158478657375,1.253324192768919e-06,12.758437054061682,30.081352130604117,1258,1258,0,5,full,select,recent,dgtw,2014-2018
ld2_ridge_characteristics_core_full_dgtw_select_recent,ridge,characteristics_core,0,cap_spread_bp,14.149648194918953,4.507394490722512,3.1392078559005467,0.0016940523820921205,5.31531732898857,22.983979060849336,1258,1258,0,5,full,select,recent,dgtw,2014-2018
ld2_ridge_characteristics_core_full_dgtw_select_union,ridge,characteristics_core,0,rank_ic,0.060236934942577675,0.0019865278123252297,30.32272418681638,5.752383715714481e-202,0.05634341197613308,0.06413045790902226,1258,1258,0,5,full,select,union,dgtw,2014-2018
ld2_ridge_characteristics_core_full_dgtw_select_union,ridge,characteristics_core,0,ew_spread_bp,22.039887980396305,4.420643885857197,4.985673704888943,6.174627539830153e-07,13.375585175639007,30.704190785153603,1258,1258,0,5,full,select,union,dgtw,2014-2018
ld2_ridge_characteristics_core_full_dgtw_select_union,ridge,characteristics_core,0,cap_spread_bp,12.385825274223444,4.5758522067517875,2.7067800083114224,0.00679392616247675,3.417319750411812,21.35433079803508,1258,1258,0,5,full,select,union,dgtw,2014-2018
ld2_lasso_characteristics_core_full_dgtw_fixed504_retain,lasso,characteristics_core,504,rank_ic,0.05965899162539119,0.002030448676544981,29.38217169168105,9.279675483125876e-190,0.05567938534690601,0.06363859790387637,1258,1258,0,5,full,fixed504,retain,dgtw,2014-2018
ld2_lasso_characteristics_core_full_dgtw_fixed504_retain,lasso,characteristics_core,504,ew_spread_bp,19.48840769148224,4.557053398963706,4.276537048241302,1.898229788021453e-05,10.556747153887539,28.420068229076943,1258,1258,0,5,full,fixed504,retain,dgtw,2014-2018
ld2_lasso_characteristics_core_full_dgtw_fixed504_retain,lasso,characteristics_core,504,cap_spread_bp,13.149191826038537,4.729677754393918,2.7801453944347068,0.00543345652476747,3.8791937689461786,22.419189883130898,1258,1258,0,5,full,fixed504,retain,dgtw,2014-2018
ld2_lasso_characteristics_core_full_dgtw_fixed504_recent,lasso,characteristics_core,504,rank_ic,0.05969671324790709,0.001985325614030462,30.068978522225994,1.2333393029315352e-198,0.055805546546822515,0.06358787994899166,1258,1258,0,5,full,fixed504,recent,dgtw,2014-2018
ld2_lasso_characteristics_core_full_dgtw_fixed504_recent,lasso,characteristics_core,504,ew_spread_bp,20.812227250613518,4.42273524954059,4.705736625943273,2.5295091284538718e-06,12.143825448358191,29.480629052868842,1258,1258,0,5,full,fixed504,recent,dgtw,2014-2018
ld2_lasso_characteristics_core_full_dgtw_fixed504_recent,lasso,characteristics_core,504,cap_spread_bp,15.365675463858995,4.5790929873871,3.355615512981072,0.0007918857819638785,6.3908181267203545,24.340532800997636,1258,1258,0,5,full,fixed504,recent,dgtw,2014-2018
ld2_lasso_characteristics_core_full_dgtw_fixed504_union,lasso,characteristics_core,504,rank_ic,0.05999742471897069,0.0020345842765053176,29.488788157758023,4.0087965835496385e-191,0.056009712813508784,0.0639851366244326,1258,1258,0,5,full,fixed504,union,dgtw,2014-2018
ld2_lasso_characteristics_core_full_dgtw_fixed504_union,lasso,characteristics_core,504,ew_spread_bp,20.678162456068755,4.484860215807157,4.610659298407414,4.0139392055379155e-06,11.887997957390192,29.46832695474732,1258,1258,0,5,full,fixed504,union,dgtw,2014-2018
ld2_lasso_characteristics_core_full_dgtw_fixed504_union,lasso,characteristics_core,504,cap_spread_bp,14.694085220896266,4.865505468537977,3.0200531714357837,0.0025273031303589297,5.157869735979149,24.230300705813384,1258,1258,0,5,full,fixed504,union,dgtw,2014-2018
ld2_lasso_characteristics_core_full_dgtw_select_retain,lasso,characteristics_core,0,rank_ic,0.05994532651849909,0.0019989572099268073,29.98829900950907,1.39447367310544e-197,0.05602744238040588,0.06386321065659231,1258,1258,0,5,full,select,retain,dgtw,2014-2018
ld2_lasso_characteristics_core_full_dgtw_select_retain,lasso,characteristics_core,0,ew_spread_bp,19.9940174229229,4.493328197931079,4.44971222714802,8.598542502992734e-06,11.187255984259725,28.80077886158608,1258,1258,0,5,full,select,retain,dgtw,2014-2018
ld2_lasso_characteristics_core_full_dgtw_select_retain,lasso,characteristics_core,0,cap_spread_bp,14.610995333484203,4.5811905664823485,3.1893445866198067,0.0014259578990359104,5.632026816864151,23.589963850104255,1258,1258,0,5,full,select,retain,dgtw,2014-2018
ld2_lasso_characteristics_core_full_dgtw_select_recent,lasso,characteristics_core,0,rank_ic,0.06014082671949352,0.002023461321480957,29.721757505835036,4.019967792164518e-194,0.05617491540528102,0.06410673803370602,1258,1258,0,5,full,select,recent,dgtw,2014-2018
ld2_lasso_characteristics_core_full_dgtw_select_recent,lasso,characteristics_core,0,ew_spread_bp,20.63797520414978,4.379335553099009,4.712581384531141,2.4459834204627997e-06,12.054635243859925,29.22131516443963,1258,1258,0,5,full,select,recent,dgtw,2014-2018
ld2_lasso_characteristics_core_full_dgtw_select_recent,lasso,characteristics_core,0,cap_spread_bp,14.669305084284717,4.573435759283215,3.207502161697316,0.0013389305427768347,5.705535710482021,23.633074458087414,1258,1258,0,5,full,select,recent,dgtw,2014-2018
ld2_lasso_characteristics_core_full_dgtw_select_union,lasso,characteristics_core,0,rank_ic,0.06014086587081072,0.0020002638932500117,30.066465766721585,1.3302429457284445e-198,0.056220420680464823,0.06406131106115662,1258,1258,0,5,full,select,union,dgtw,2014-2018
ld2_lasso_characteristics_core_full_dgtw_select_union,lasso,characteristics_core,0,ew_spread_bp,20.440676945394287,4.39850848218588,4.647183705153639,3.3649747976040814e-06,11.819758734616023,29.06159515617255,1258,1258,0,5,full,select,union,dgtw,2014-2018
ld2_lasso_characteristics_core_full_dgtw_select_union,lasso,characteristics_core,0,cap_spread_bp,12.842113571591542,4.403798773047573,2.9161445001049353,0.0035438632791207902,4.210826581256621,21.47340056192646,1258,1258,0,5,full,select,union,dgtw,2014-2018
ld2_enet_characteristics_core_full_dgtw_fixed504_retain,enet,characteristics_core,504,rank_ic,0.05973582454361687,0.002029068690172455,29.440020849436983,1.6895412353768687e-190,0.055758922988720996,0.06371272609851274,1258,1258,0,5,full,fixed504,retain,dgtw,2014-2018
ld2_enet_characteristics_core_full_dgtw_fixed504_retain,enet,characteristics_core,504,ew_spread_bp,19.559398611688334,4.5357044894118745,4.312317669139975,1.6155209381397945e-05,10.669581167924425,28.44921605545224,1258,1258,0,5,full,fixed504,retain,dgtw,2014-2018
ld2_enet_characteristics_core_full_dgtw_fixed504_retain,enet,characteristics_core,504,cap_spread_bp,13.315206321532546,4.846479365692836,2.7473977122007303,0.0060070243015519645,3.8162813129580613,22.81413133010703,1258,1258,0,5,full,fixed504,retain,dgtw,2014-2018
ld2_enet_characteristics_core_full_dgtw_fixed504_recent,enet,characteristics_core,504,rank_ic,0.059750765750964926,0.001985907790225655,30.087381722882284,7.086313018057669e-199,0.05585845800550512,0.06364307349642473,1258,1258,0,5,full,fixed504,recent,dgtw,2014-2018
ld2_enet_characteristics_core_full_dgtw_fixed504_recent,enet,characteristics_core,504,ew_spread_bp,21.001140926044915,4.412447314393933,4.759522194754976,1.940517868699403e-06,12.35290310615232,29.64937874593751,1258,1258,0,5,full,fixed504,recent,dgtw,2014-2018
ld2_enet_characteristics_core_full_dgtw_fixed504_recent,enet,characteristics_core,504,cap_spread_bp,14.936890862071765,4.6649834132514085,3.2019172500467743,0.0013651620810571632,5.7936913836222725,24.08009034052126,1258,1258,0,5,full,fixed504,recent,dgtw,2014-2018
ld2_enet_characteristics_core_full_dgtw_fixed504_union,enet,characteristics_core,504,rank_ic,0.060043106351714726,0.002032546547210358,29.54082721211136,8.614048162957589e-192,0.05605938832228118,0.06402682438114826,1258,1258,0,5,full,fixed504,union,dgtw,2014-2018
ld2_enet_characteristics_core_full_dgtw_fixed504_union,enet,characteristics_core,504,ew_spread_bp,20.91418002115356,4.458967121206841,4.690364259849719,2.7271910292041615e-06,12.174765055339904,29.653594986967214,1258,1258,0,5,full,fixed504,union,dgtw,2014-2018
ld2_enet_characteristics_core_full_dgtw_fixed504_union,enet,characteristics_core,504,cap_spread_bp,15.10423706476293,4.755171286767551,3.1763812813208716,0.0014912481236824227,5.784272602379545,24.424201527146316,1258,1258,0,5,full,fixed504,union,dgtw,2014-2018
ld2_enet_characteristics_core_full_dgtw_select_retain,enet,characteristics_core,0,rank_ic,0.059931541549870834,0.001997818070641389,29.998498076769383,1.0266212473941791e-197,0.056015890083750415,0.06384719301599126,1258,1258,0,5,full,select,retain,dgtw,2014-2018
ld2_enet_characteristics_core_full_dgtw_select_retain,enet,characteristics_core,0,ew_spread_bp,19.76953829749805,4.479871649689029,4.412969799898253,1.0196222398899193e-05,10.989151208745513,28.549925386250585,1258,1258,0,5,full,select,retain,dgtw,2014-2018
ld2_enet_characteristics_core_full_dgtw_select_retain,enet,characteristics_core,0,cap_spread_bp,14.729782846921683,4.582995358646298,3.214007803680712,0.001308961157772007,5.747277002660711,23.712288691182657,1258,1258,0,5,full,select,retain,dgtw,2014-2018
ld2_enet_characteristics_core_full_dgtw_select_recent,enet,characteristics_core,0,rank_ic,0.060134812117240984,0.0020228308894995398,29.72804717853537,3.3337668941413984e-194,0.056170136427006766,0.06409948780747521,1258,1258,0,5,full,select,recent,dgtw,2014-2018
ld2_enet_characteristics_core_full_dgtw_select_recent,enet,characteristics_core,0,ew_spread_bp,20.435768774984197,4.374191457378695,4.671896274798787,2.9843166556572615e-06,11.862511057039185,29.00902649292921,1258,1258,0,5,full,select,recent,dgtw,2014-2018
ld2_enet_characteristics_core_full_dgtw_select_recent,enet,characteristics_core,0,cap_spread_bp,15.13782937584246,4.607805249018251,3.285258069244085,0.0010188900162581757,6.106697039992072,24.168961711692845,1258,1258,0,5,full,select,recent,dgtw,2014-2018
ld2_enet_characteristics_core_full_dgtw_select_union,enet,characteristics_core,0,rank_ic,0.06012565687513495,0.0019986396885502047,30.083289759321033,8.015755081809916e-199,0.0562083950675042,0.06404291868276571,1258,1258,0,5,full,select,union,dgtw,2014-2018
ld2_enet_characteristics_core_full_dgtw_select_union,enet,characteristics_core,0,ew_spread_bp,20.33202238471233,4.397985771566937,4.62303050550078,3.781740826137244e-06,11.712128667921535,28.95191610150313,1258,1258,0,5,full,select,union,dgtw,2014-2018
ld2_enet_characteristics_core_full_dgtw_select_union,enet,characteristics_core,0,cap_spread_bp,12.942758751831185,4.4439420618366565,2.912449931105091,0.003586056854236022,4.232792361248668,21.6527251424137,1258,1258,0,5,full,select,union,dgtw,2014-2018
ld2_group_ridge_characteristics_core_full_dgtw_fixed504_retain,group_ridge,characteristics_core,504,rank_ic,0.05975023603040155,0.001999325246106896,29.885200592923912,3.0642403537437496e-196,0.055831630554650354,0.06366884150615275,1258,1258,0,5,full,fixed504,retain,dgtw,2014-2018
ld2_group_ridge_characteristics_core_full_dgtw_fixed504_retain,group_ridge,characteristics_core,504,ew_spread_bp,21.28285707454833,4.502993015545133,4.726380210023892,2.285575198081885e-06,12.457152941444456,30.1085612076522,1258,1258,0,5,full,fixed504,retain,dgtw,2014-2018
ld2_group_ridge_characteristics_core_full_dgtw_fixed504_retain,group_ridge,characteristics_core,504,cap_spread_bp,13.782256836806713,4.791627337987652,2.8763206870329925,0.004023407199278123,4.390839827013382,23.173673846600046,1258,1258,0,5,full,fixed504,retain,dgtw,2014-2018
ld2_group_ridge_characteristics_core_full_dgtw_fixed504_recent,group_ridge,characteristics_core,504,rank_ic,0.05979289094897995,0.0019578629611404024,30.539875433443108,7.706425253003731e-205,0.05595555005847982,0.06363023183948008,1258,1258,0,5,full,fixed504,recent,dgtw,2014-2018
ld2_group_ridge_characteristics_core_full_dgtw_fixed504_recent,group_ridge,characteristics_core,504,ew_spread_bp,19.907845278955254,4.416680379504863,4.507422672316408,6.561983357955541e-06,11.251310803901026,28.56437975400948,1258,1258,0,5,full,fixed504,recent,dgtw,2014-2018
ld2_group_ridge_characteristics_core_full_dgtw_fixed504_recent,group_ridge,characteristics_core,504,cap_spread_bp,14.498498480727598,4.739734654118276,3.058926192868222,0.002221318687280039,5.208789262379366,23.78820769907583,1258,1258,0,5,full,fixed504,recent,dgtw,2014-2018
ld2_group_ridge_characteristics_core_full_dgtw_fixed504_union,group_ridge,characteristics_core,504,rank_ic,0.0601009637132369,0.0020082814288674283,29.926564499045774,8.88159011197952e-197,0.0561648044418361,0.06403712298463769,1258,1258,0,5,full,fixed504,union,dgtw,2014-2018
ld2_group_ridge_characteristics_core_full_dgtw_fixed504_union,group_ridge,characteristics_core,504,ew_spread_bp,21.408733199194856,4.452458492389386,4.8082948411060835,1.5222314137193393e-06,12.682074911452153,30.135391486937557,1258,1258,0,5,full,fixed504,union,dgtw,2014-2018
ld2_group_ridge_characteristics_core_full_dgtw_fixed504_union,group_ridge,characteristics_core,504,cap_spread_bp,14.512512233829817,4.719399778683256,3.0750758389616455,0.0021044903332824733,5.262658638964334,23.7623658286953,1258,1258,0,5,full,fixed504,union,dgtw,2014-2018
ld2_group_ridge_characteristics_core_full_dgtw_select_retain,group_ridge,characteristics_core,0,rank_ic,0.05983335179106254,0.0019673099728842285,30.413789700533172,3.609994542452254e-203,0.055977495097782985,0.0636892084843421,1258,1258,0,5,full,select,retain,dgtw,2014-2018
ld2_group_ridge_characteristics_core_full_dgtw_select_retain,group_ridge,characteristics_core,0,ew_spread_bp,20.603360209254074,4.525461295262834,4.552764649831671,5.2945492880832235e-06,11.733619057108937,29.47310136139921,1258,1258,0,5,full,select,retain,dgtw,2014-2018
ld2_group_ridge_characteristics_core_full_dgtw_select_retain,group_ridge,characteristics_core,0,cap_spread_bp,12.388636257048804,4.733909362218057,2.6169990401430394,0.008870659074954625,3.1103444010244345,21.666928113073173,1258,1258,0,5,full,select,retain,dgtw,2014-2018
ld2_group_ridge_characteristics_core_full_dgtw_select_recent,group_ridge,characteristics_core,0,rank_ic,0.059852867774244534,0.0019992895230940486,29.937068685088587,6.483244499949278e-197,0.05593433231431194,0.06377140323417713,1258,1258,0,5,full,select,recent,dgtw,2014-2018
ld2_group_ridge_characteristics_core_full_dgtw_select_recent,group_ridge,characteristics_core,0,ew_spread_bp,21.341387492498946,4.477042567919813,4.766849358418069,1.8712911538540864e-06,12.566545302123393,30.116229682874497,1258,1258,0,5,full,select,recent,dgtw,2014-2018
ld2_group_ridge_characteristics_core_full_dgtw_select_recent,group_ridge,characteristics_core,0,cap_spread_bp,14.445437226724293,4.626549422291097,3.122291779079455,0.001794489929512503,5.377566986339149,23.513307467109435,1258,1258,0,5,full,select,recent,dgtw,2014-2018
ld2_group_ridge_characteristics_core_full_dgtw_select_union,group_ridge,characteristics_core,0,rank_ic,0.06013295578455673,0.001988778299971415,30.23612827303125,7.940351218669111e-201,0.056235021943377955,0.0640308896257355,1258,1258,0,5,full,select,union,dgtw,2014-2018
ld2_group_ridge_characteristics_core_full_dgtw_select_union,group_ridge,characteristics_core,0,ew_spread_bp,21.574114436200496,4.496597289635544,4.797875603832228,1.6035731332040513e-06,12.760945695534406,30.387283176866585,1258,1258,0,5,full,select,union,dgtw,2014-2018
ld2_group_ridge_characteristics_core_full_dgtw_select_union,group_ridge,characteristics_core,0,cap_spread_bp,13.0368250816047,4.631078720039005,2.815073089816728,0.0048766141412440395,3.960077580758398,22.113572582451003,1258,1258,0,5,full,select,union,dgtw,2014-2018
ld2_ols_characteristics_textcore_full_dgtw_fixed504_retain,ols,characteristics_textcore,504,rank_ic,0.050714187151146076,0.0016392323405482617,30.937766353599443,3.7112360676681607e-210,0.047501350801378184,0.05392702350091397,1258,1258,0,5,full,fixed504,retain,dgtw,2014-2018
ld2_ols_characteristics_textcore_full_dgtw_fixed504_retain,ols,characteristics_textcore,504,ew_spread_bp,18.074772655188458,3.993784202610025,4.525725912625975,6.018854598756932e-06,10.24709945604779,25.902445854329123,1258,1258,0,5,full,fixed504,retain,dgtw,2014-2018
ld2_ols_characteristics_textcore_full_dgtw_fixed504_retain,ols,characteristics_textcore,504,cap_spread_bp,8.631361666227544,3.369626024069471,2.5615191729210105,0.010421548881838839,2.0270160176824836,15.235707314772604,1258,1258,0,5,full,fixed504,retain,dgtw,2014-2018
ld2_ols_characteristics_textcore_full_dgtw_fixed504_recent,ols,characteristics_textcore,504,rank_ic,0.053718527503411946,0.0016666664012192176,32.23112163544858,6.469611837708814e-228,0.0504519213827793,0.056985133624044594,1258,1258,0,5,full,fixed504,recent,dgtw,2014-2018
ld2_ols_characteristics_textcore_full_dgtw_fixed504_recent,ols,characteristics_textcore,504,ew_spread_bp,21.252461017868463,4.003336330347747,5.308687370771663,1.1041753758746177e-07,13.406065992386132,29.098856043350793,1258,1258,0,5,full,fixed504,recent,dgtw,2014-2018
ld2_ols_characteristics_textcore_full_dgtw_fixed504_recent,ols,characteristics_textcore,504,cap_spread_bp,10.0128700146345,3.5133000257986517,2.8499900210937295,0.004372060077166229,3.1269284971854994,16.8988115320835,1258,1258,0,5,full,fixed504,recent,dgtw,2014-2018
ld2_ols_characteristics_textcore_full_dgtw_fixed504_union,ols,characteristics_textcore,504,rank_ic,0.053776769393798066,0.0016968792630278702,31.691570853332312,2.030036130881379e-220,0.05045094715215057,0.05710259163544556,1258,1258,0,5,full,fixed504,union,dgtw,2014-2018
ld2_ols_characteristics_textcore_full_dgtw_fixed504_union,ols,characteristics_textcore,504,ew_spread_bp,21.073767577841963,4.173733824400132,5.049140281692684,4.4380276386163527e-07,12.893399600961082,29.254135554722843,1258,1258,0,5,full,fixed504,union,dgtw,2014-2018
ld2_ols_characteristics_textcore_full_dgtw_fixed504_union,ols,characteristics_textcore,504,cap_spread_bp,12.884408352592166,3.421445630227552,3.7657790726708855,0.00016603055662153433,6.178498142284216,19.590318562900116,1258,1258,0,5,full,fixed504,union,dgtw,2014-2018
ld2_ols_characteristics_textcore_full_dgtw_select_retain,ols,characteristics_textcore,0,rank_ic,0.05346415696990608,0.0016607828625147044,32.19214153556014,2.273570356249122e-227,0.05020908237323592,0.05671923156657623,1258,1258,0,5,full,select,retain,dgtw,2014-2018
ld2_ols_characteristics_textcore_full_dgtw_select_retain,ols,characteristics_textcore,0,ew_spread_bp,20.738523132545726,3.9846174961394487,5.20464590456638,1.943668623165312e-07,12.928816347944238,28.548229917147214,1258,1258,0,5,full,select,retain,dgtw,2014-2018
ld2_ols_characteristics_textcore_full_dgtw_select_retain,ols,characteristics_textcore,0,cap_spread_bp,8.786935684172608,3.4148880238801858,2.5731255674346833,0.010078463470312974,2.0938781461302876,15.47999322221493,1258,1258,0,5,full,select,retain,dgtw,2014-2018
ld2_ols_characteristics_textcore_full_dgtw_select_recent,ols,characteristics_textcore,0,rank_ic,0.05504502674352233,0.0016910427886956145,32.55093668326471,2.030867475616283e-232,0.05173064378136275,0.05835940970568191,1258,1258,0,5,full,select,recent,dgtw,2014-2018
ld2_ols_characteristics_textcore_full_dgtw_select_recent,ols,characteristics_textcore,0,ew_spread_bp,22.16856415937648,4.032004801297487,5.498149246311092,3.8379803991657434e-08,14.265979963340829,30.07114835541213,1258,1258,0,5,full,select,recent,dgtw,2014-2018
ld2_ols_characteristics_textcore_full_dgtw_select_recent,ols,characteristics_textcore,0,cap_spread_bp,11.001595818756627,3.5454396273087436,3.103027261842749,0.001915519941727836,4.052661839870377,17.950529797642876,1258,1258,0,5,full,select,recent,dgtw,2014-2018
ld2_ols_characteristics_textcore_full_dgtw_select_union,ols,characteristics_textcore,0,rank_ic,0.05587865290860655,0.0017124129109097152,32.631529786189915,1.4651407239624914e-233,0.05252238527656211,0.05923492054065099,1258,1258,0,5,full,select,union,dgtw,2014-2018
ld2_ols_characteristics_textcore_full_dgtw_select_union,ols,characteristics_textcore,0,ew_spread_bp,22.73921965966852,4.087432093493748,5.563204266038849,2.648655483734729e-08,14.727999967167621,30.750439352169423,1258,1258,0,5,full,select,union,dgtw,2014-2018
ld2_ols_characteristics_textcore_full_dgtw_select_union,ols,characteristics_textcore,0,cap_spread_bp,11.139995367477226,3.4753728972068276,3.2054100946780384,0.0013487017277889581,4.32838965610522,17.951601078849233,1258,1258,0,5,full,select,union,dgtw,2014-2018
ld2_ridge_characteristics_textcore_full_dgtw_fixed504_retain,ridge,characteristics_textcore,504,rank_ic,0.05653278379902099,0.0018426903201013,30.679481615724317,1.069068798554647e-206,0.05292117713696186,0.060144390461080124,1258,1258,0,5,full,fixed504,retain,dgtw,2014-2018
ld2_ridge_characteristics_textcore_full_dgtw_fixed504_retain,ridge,characteristics_textcore,504,ew_spread_bp,19.751303876266093,4.203870850890087,4.698361242968286,2.6225726965712324e-06,11.511868412863771,27.990739339668416,1258,1258,0,5,full,fixed504,retain,dgtw,2014-2018
ld2_ridge_characteristics_textcore_full_dgtw_fixed504_retain,ridge,characteristics_textcore,504,cap_spread_bp,12.737599541715541,3.7922754916296935,3.3588275877714997,0.0007827388624899956,5.3048761586674145,20.170322924763667,1258,1258,0,5,full,fixed504,retain,dgtw,2014-2018
ld2_ridge_characteristics_textcore_full_dgtw_fixed504_recent,ridge,characteristics_textcore,504,rank_ic,0.05709941810773849,0.0018313733300574669,31.1784698240346,2.086711355125041e-213,0.05350999233857867,0.06068884387689831,1258,1258,0,5,full,fixed504,recent,dgtw,2014-2018
ld2_ridge_characteristics_textcore_full_dgtw_fixed504_recent,ridge,characteristics_textcore,504,ew_spread_bp,21.681648799041312,4.034723660620626,5.373763018929087,7.711018891828179e-08,13.773735736653276,29.58956186142935,1258,1258,0,5,full,fixed504,recent,dgtw,2014-2018
ld2_ridge_characteristics_textcore_full_dgtw_fixed504_recent,ridge,characteristics_textcore,504,cap_spread_bp,15.662689678333757,4.149204851639779,3.774865362972814,0.00016009410674378027,7.530397604640932,23.794981752026583,1258,1258,0,5,full,fixed504,recent,dgtw,2014-2018
ld2_ridge_characteristics_textcore_full_dgtw_fixed504_union,ridge,characteristics_textcore,504,rank_ic,0.05741251133241648,0.0018641064340377668,30.79894489074721,2.707086372064423e-208,0.053758929858353066,0.0610660928064799,1258,1258,0,5,full,fixed504,union,dgtw,2014-2018
ld2_ridge_characteristics_textcore_full_dgtw_fixed504_union,ridge,characteristics_textcore,504,ew_spread_bp,21.816697018074105,4.140918958973466,5.268564112030453,1.3749502175673555e-07,13.700644995587018,29.93274904056119,1258,1258,0,5,full,fixed504,union,dgtw,2014-2018
ld2_ridge_characteristics_textcore_full_dgtw_fixed504_union,ridge,characteristics_textcore,504,cap_spread_bp,16.176600288942332,3.6607087067779918,4.418980472002735,9.91676064998248e-06,9.001743065765272,23.351457512119392,1258,1258,0,5,full,fixed504,union,dgtw,2014-2018
ld2_ridge_characteristics_textcore_full_dgtw_select_retain,ridge,characteristics_textcore,0,rank_ic,0.057279720254455296,0.001853630203855747,30.90137403636789,1.1447534167797958e-209,0.053646671814242396,0.0609127686946682,1258,1258,0,5,full,select,retain,dgtw,2014-2018
ld2_ridge_characteristics_textcore_full_dgtw_select_retain,ridge,characteristics_textcore,0,ew_spread_bp,22.064668411347004,4.1408920455205696,5.328481923409611,9.903705190166575e-08,13.948669138258293,30.180667684435715,1258,1258,0,5,full,select,retain,dgtw,2014-2018
ld2_ridge_characteristics_textcore_full_dgtw_select_retain,ridge,characteristics_textcore,0,cap_spread_bp,12.775397485328716,3.7058111210885323,3.4473957435737077,0.0005660188160180687,5.512141154487192,20.03865381617024,1258,1258,0,5,full,select,retain,dgtw,2014-2018
ld2_ridge_characteristics_textcore_full_dgtw_select_recent,ridge,characteristics_textcore,0,rank_ic,0.05758058753437235,0.0018510839643320234,31.1064158319532,1.9723988525614035e-212,0.05395252963192196,0.06120864543682274,1258,1258,0,5,full,select,recent,dgtw,2014-2018
ld2_ridge_characteristics_textcore_full_dgtw_select_recent,ridge,characteristics_textcore,0,ew_spread_bp,23.07459320367602,4.216542730994499,5.472396386276803,4.439903565788865e-08,14.81032131165264,31.3388650956994,1258,1258,0,5,full,select,recent,dgtw,2014-2018
ld2_ridge_characteristics_textcore_full_dgtw_select_recent,ridge,characteristics_textcore,0,cap_spread_bp,17.457414017754342,4.2382963161162515,4.11896967924871,3.805702141576015e-05,9.1505058823577,25.764322153150985,1258,1258,0,5,full,select,recent,dgtw,2014-2018
ld2_ridge_characteristics_textcore_full_dgtw_select_union,ridge,characteristics_textcore,0,rank_ic,0.05798194541576569,0.001877431460249115,30.883654952747044,1.9801026389104718e-209,0.054302247370234986,0.0616616434612964,1258,1258,0,5,full,select,union,dgtw,2014-2018
ld2_ridge_characteristics_textcore_full_dgtw_select_union,ridge,characteristics_textcore,0,ew_spread_bp,22.794309429631056,4.137861337211085,5.508717564952141,3.614573051294299e-08,14.684250235676583,30.90436862358553,1258,1258,0,5,full,select,union,dgtw,2014-2018
ld2_ridge_characteristics_textcore_full_dgtw_select_union,ridge,characteristics_textcore,0,cap_spread_bp,13.938630953370634,3.6518150477079914,3.816904955829845,0.0001351361960884355,6.781204981661552,21.096056925079715,1258,1258,0,5,full,select,union,dgtw,2014-2018
ld2_lasso_characteristics_textcore_full_dgtw_fixed504_retain,lasso,characteristics_textcore,504,rank_ic,0.05885254626134909,0.0019995960224989547,29.432218107635215,2.1263437150986438e-190,0.05493341007362159,0.06277168244907658,1258,1258,0,5,full,fixed504,retain,dgtw,2014-2018
ld2_lasso_characteristics_textcore_full_dgtw_fixed504_retain,lasso,characteristics_textcore,504,ew_spread_bp,17.675771096189983,4.465009065475625,3.958731289677037,7.534895155850526e-05,8.924514137212913,26.427028055167053,1258,1258,0,5,full,fixed504,retain,dgtw,2014-2018
ld2_lasso_characteristics_textcore_full_dgtw_fixed504_retain,lasso,characteristics_textcore,504,cap_spread_bp,14.123309515333151,4.605251070391464,3.0667838299058503,0.0021637527511074645,5.0971832776013475,23.149435753064957,1258,1258,0,5,full,fixed504,retain,dgtw,2014-2018
ld2_lasso_characteristics_textcore_full_dgtw_fixed504_recent,lasso,characteristics_textcore,504,rank_ic,0.059138418073789015,0.0019593381121923445,30.18285496810849,3.9768557453065085e-200,0.05529818594035532,0.06297865020722271,1258,1258,0,5,full,fixed504,recent,dgtw,2014-2018
ld2_lasso_characteristics_textcore_full_dgtw_fixed504_recent,lasso,characteristics_textcore,504,ew_spread_bp,20.328300554992122,4.404766754942814,4.615068557757501,3.929655753252238e-06,11.69511635500484,28.961484754979402,1258,1258,0,5,full,fixed504,recent,dgtw,2014-2018
ld2_lasso_characteristics_textcore_full_dgtw_fixed504_recent,lasso,characteristics_textcore,504,cap_spread_bp,13.304369191332615,4.6045701438644775,2.889383541927468,0.003859979539245751,4.279577545069824,22.329160837595406,1258,1258,0,5,full,fixed504,recent,dgtw,2014-2018
ld2_lasso_characteristics_textcore_full_dgtw_fixed504_union,lasso,characteristics_textcore,504,rank_ic,0.05921663129982547,0.0019987271082531517,29.62717174110859,6.67688109982366e-193,0.0552991981527254,0.06313406444692554,1258,1258,0,5,full,fixed504,union,dgtw,2014-2018
ld2_lasso_characteristics_textcore_full_dgtw_fixed504_union,lasso,characteristics_textcore,504,ew_spread_bp,18.9930194585864,4.4046374336661005,4.312050593180831,1.6174740931210664e-05,10.36008872364391,27.625950193528887,1258,1258,0,5,full,fixed504,union,dgtw,2014-2018
ld2_lasso_characteristics_textcore_full_dgtw_fixed504_union,lasso,characteristics_textcore,504,cap_spread_bp,13.403529266217038,4.790107880500832,2.7981685591631447,0.00513932847384201,4.0150903383739145,22.79196819406016,1258,1258,0,5,full,fixed504,union,dgtw,2014-2018
ld2_lasso_characteristics_textcore_full_dgtw_select_retain,lasso,characteristics_textcore,0,rank_ic,0.059025085698612374,0.0019734307283839686,29.90988477560988,1.4637175973950998e-196,0.05515723254499515,0.0628929388522296,1258,1258,0,5,full,select,retain,dgtw,2014-2018
ld2_lasso_characteristics_textcore_full_dgtw_select_retain,lasso,characteristics_textcore,0,ew_spread_bp,18.111115000193767,4.478705866091598,4.04382773544329,5.258556234464993e-05,9.333012805305964,26.88921719508157,1258,1258,0,5,full,select,retain,dgtw,2014-2018
ld2_lasso_characteristics_textcore_full_dgtw_select_retain,lasso,characteristics_textcore,0,cap_spread_bp,15.873410582953175,4.479554987440807,3.5435239945612853,0.0003948173813667595,7.09364414080242,24.65317702510393,1258,1258,0,5,full,select,retain,dgtw,2014-2018
ld2_lasso_characteristics_textcore_full_dgtw_select_recent,lasso,characteristics_textcore,0,rank_ic,0.05943862046560962,0.001961856813423557,30.297124672358574,1.2508100068559605e-201,0.05559345176847493,0.06328378916274431,1258,1258,0,5,full,select,recent,dgtw,2014-2018
ld2_lasso_characteristics_textcore_full_dgtw_select_recent,lasso,characteristics_textcore,0,ew_spread_bp,19.654828249054926,4.425213906727173,4.44155438885696,8.931136560184662e-06,10.981568367983877,28.328088130125977,1258,1258,0,5,full,select,recent,dgtw,2014-2018
ld2_lasso_characteristics_textcore_full_dgtw_select_recent,lasso,characteristics_textcore,0,cap_spread_bp,15.074691635755627,4.579616013867387,3.291693362523941,0.0009958612990909356,6.098809185552664,24.05057408595859,1258,1258,0,5,full,select,recent,dgtw,2014-2018
ld2_lasso_characteristics_textcore_full_dgtw_select_union,lasso,characteristics_textcore,0,rank_ic,0.05934392596664176,0.0019803413590565666,29.966513447415533,2.681340397718514e-197,0.05546252822579578,0.06322532370748774,1258,1258,0,5,full,select,union,dgtw,2014-2018
ld2_lasso_characteristics_textcore_full_dgtw_select_union,lasso,characteristics_textcore,0,ew_spread_bp,18.88892764135978,4.5695592267512986,4.133643247422958,3.570575760097278e-05,9.932756131704535,27.84509915101502,1258,1258,0,5,full,select,union,dgtw,2014-2018
ld2_lasso_characteristics_textcore_full_dgtw_select_union,lasso,characteristics_textcore,0,cap_spread_bp,17.270166526586436,4.697121040957405,3.676755692688365,0.0002362190722830712,8.063978455284635,26.47635459788824,1258,1258,0,5,full,select,union,dgtw,2014-2018
ld2_enet_characteristics_textcore_full_dgtw_fixed504_retain,enet,characteristics_textcore,504,rank_ic,0.05898035655634447,0.0020093055000119614,29.35360330024148,2.149435658398062e-189,0.05504219014238278,0.06291852297030616,1258,1258,0,5,full,fixed504,retain,dgtw,2014-2018
ld2_enet_characteristics_textcore_full_dgtw_fixed504_retain,enet,characteristics_textcore,504,ew_spread_bp,17.527215918861344,4.463057814627655,3.927176533858907,8.594889726937731e-05,8.779783341271099,26.27464849645159,1258,1258,0,5,full,fixed504,retain,dgtw,2014-2018
ld2_enet_characteristics_textcore_full_dgtw_fixed504_retain,enet,characteristics_textcore,504,cap_spread_bp,13.901427968902226,4.650175279151832,2.9894417165792886,0.002794877631726302,4.787251899966142,23.015604037838308,1258,1258,0,5,full,fixed504,retain,dgtw,2014-2018
ld2_enet_characteristics_textcore_full_dgtw_fixed504_recent,enet,characteristics_textcore,504,rank_ic,0.059246200479590526,0.001971286572554254,30.05458531725475,1.9019667718549385e-198,0.05538254979417678,0.06310985116500427,1258,1258,0,5,full,fixed504,recent,dgtw,2014-2018
ld2_enet_characteristics_textcore_full_dgtw_fixed504_recent,enet,characteristics_textcore,504,ew_spread_bp,20.18578263752626,4.366966093285698,4.622381352711285,3.79359793204402e-06,11.626686372978709,28.744878902073808,1258,1258,0,5,full,fixed504,recent,dgtw,2014-2018
ld2_enet_characteristics_textcore_full_dgtw_fixed504_recent,enet,characteristics_textcore,504,cap_spread_bp,13.840884216652304,4.703517926441667,2.942666411207513,0.003253988459263118,4.622158480188121,23.059609953116485,1258,1258,0,5,full,fixed504,recent,dgtw,2014-2018
ld2_enet_characteristics_textcore_full_dgtw_fixed504_union,enet,characteristics_textcore,504,rank_ic,0.05930357286505663,0.002007283676642859,29.544191264605235,7.798241143566333e-192,0.05536936915208148,0.06323777657803177,1258,1258,0,5,full,fixed504,union,dgtw,2014-2018
ld2_enet_characteristics_textcore_full_dgtw_fixed504_union,enet,characteristics_textcore,504,ew_spread_bp,19.213028990378962,4.408858096748527,4.3578243093258795,1.313617641475775e-05,10.57182590780404,27.854232072953884,1258,1258,0,5,full,fixed504,union,dgtw,2014-2018
ld2_enet_characteristics_textcore_full_dgtw_fixed504_union,enet,characteristics_textcore,504,cap_spread_bp,13.909028002074683,4.872052507044516,2.8548600373176556,0.004305579889503631,4.3599805574793535,23.458075446670012,1258,1258,0,5,full,fixed504,union,dgtw,2014-2018
ld2_enet_characteristics_textcore_full_dgtw_select_retain,enet,characteristics_textcore,0,rank_ic,0.0590837173806372,0.0019683962698062597,30.016170161942313,6.037429680227011e-198,0.055225731584513944,0.06294170317676046,1258,1258,0,5,full,select,retain,dgtw,2014-2018
ld2_enet_characteristics_textcore_full_dgtw_select_retain,enet,characteristics_textcore,0,ew_spread_bp,18.223566410368058,4.488916181744426,4.059680705217856,4.913986579736721e-05,9.425452364529926,27.02168045620619,1258,1258,0,5,full,select,retain,dgtw,2014-2018
ld2_enet_characteristics_textcore_full_dgtw_select_retain,enet,characteristics_textcore,0,cap_spread_bp,16.013435824338902,4.492230542062273,3.564695906498941,0.00036427828281711803,7.208825751646003,24.8180458970318,1258,1258,0,5,full,select,retain,dgtw,2014-2018
ld2_enet_characteristics_textcore_full_dgtw_select_recent,enet,characteristics_textcore,0,rank_ic,0.0595558462864511,0.001979285414933422,30.08956961795952,6.634359941896695e-199,0.055676518158056174,0.06343517441484603,1258,1258,0,5,full,select,recent,dgtw,2014-2018
ld2_enet_characteristics_textcore_full_dgtw_select_recent,enet,characteristics_textcore,0,ew_spread_bp,19.78069500375916,4.426175783772696,4.469026078060298,7.85765514200505e-06,11.105549878321328,28.455840129196993,1258,1258,0,5,full,select,recent,dgtw,2014-2018
ld2_enet_characteristics_textcore_full_dgtw_select_recent,enet,characteristics_textcore,0,cap_spread_bp,15.876968478742828,4.584445609732256,3.463225399607279,0.0005337410799351898,6.891620194584837,24.862316762900818,1258,1258,0,5,full,select,recent,dgtw,2014-2018
ld2_enet_characteristics_textcore_full_dgtw_select_union,enet,characteristics_textcore,0,rank_ic,0.059354618722675744,0.001980155723634996,29.974722701968986,2.095950356750919e-197,0.055473584820570306,0.06323565262478119,1258,1258,0,5,full,select,union,dgtw,2014-2018
ld2_enet_characteristics_textcore_full_dgtw_select_union,enet,characteristics_textcore,0,ew_spread_bp,19.178161203090582,4.565890020445653,4.200311684515498,2.6654778788740767e-05,10.22918120564625,28.127141200534915,1258,1258,0,5,full,select,union,dgtw,2014-2018
ld2_enet_characteristics_textcore_full_dgtw_select_union,enet,characteristics_textcore,0,cap_spread_bp,17.564947011711624,4.695765522509589,3.7405928655322365,0.00018358669805509985,8.36141570774792,26.768478315675328,1258,1258,0,5,full,select,union,dgtw,2014-2018
ld2_group_ridge_characteristics_textcore_full_dgtw_fixed504_retain,group_ridge,characteristics_textcore,504,rank_ic,0.05956345287896902,0.001996745108098796,29.830273597456042,1.5825633569762135e-195,0.055649904380788845,0.06347700137714919,1258,1258,0,5,full,fixed504,retain,dgtw,2014-2018
ld2_group_ridge_characteristics_textcore_full_dgtw_fixed504_retain,group_ridge,characteristics_textcore,504,ew_spread_bp,21.673720658371096,4.560096609627869,4.752908219665943,2.0051138315306246e-06,12.736095537477267,30.611345779264923,1258,1258,0,5,full,fixed504,retain,dgtw,2014-2018
ld2_group_ridge_characteristics_textcore_full_dgtw_fixed504_retain,group_ridge,characteristics_textcore,504,cap_spread_bp,15.569336835740968,4.676078945473077,3.3295709968313685,0.0008697988598177647,6.4043905137477015,24.734283157734232,1258,1258,0,5,full,fixed504,retain,dgtw,2014-2018
ld2_group_ridge_characteristics_textcore_full_dgtw_fixed504_recent,group_ridge,characteristics_textcore,504,rank_ic,0.05964664160113218,0.0019589907116653146,30.447638799893685,1.287296195539238e-203,0.05580709036021967,0.06348619284204468,1258,1258,0,5,full,fixed504,recent,dgtw,2014-2018
ld2_group_ridge_characteristics_textcore_full_dgtw_fixed504_recent,group_ridge,characteristics_textcore,504,ew_spread_bp,20.974659795728424,4.47627656143393,4.68573813701301,2.789527397035493e-06,12.201318950477127,29.748000640979722,1258,1258,0,5,full,fixed504,recent,dgtw,2014-2018
ld2_group_ridge_characteristics_textcore_full_dgtw_fixed504_recent,group_ridge,characteristics_textcore,504,cap_spread_bp,16.02034900355828,4.746415134769892,3.3752523849422946,0.0007374802403719414,6.717546283733466,25.323151723383095,1258,1258,0,5,full,fixed504,recent,dgtw,2014-2018
ld2_group_ridge_characteristics_textcore_full_dgtw_fixed504_union,group_ridge,characteristics_textcore,504,rank_ic,0.059918839918135604,0.002008466291204909,29.833131967671406,1.4530724666209786e-195,0.055982318323211246,0.06385536151305996,1258,1258,0,5,full,fixed504,union,dgtw,2014-2018
ld2_group_ridge_characteristics_textcore_full_dgtw_fixed504_union,group_ridge,characteristics_textcore,504,ew_spread_bp,21.26063669398519,4.513472124053443,4.710483660834381,2.4712961278741363e-06,12.414393885614944,30.10687950235544,1258,1258,0,5,full,fixed504,union,dgtw,2014-2018
ld2_group_ridge_characteristics_textcore_full_dgtw_fixed504_union,group_ridge,characteristics_textcore,504,cap_spread_bp,14.443837931826678,4.596107241729488,3.1426242191841345,0.001674406493624,5.435633268953154,23.452042594700202,1258,1258,0,5,full,fixed504,union,dgtw,2014-2018
ld2_group_ridge_characteristics_textcore_full_dgtw_select_retain,group_ridge,characteristics_textcore,0,rank_ic,0.05973780969025563,0.001973481003674638,30.2702734807294,2.8230828186330055e-201,0.055869857998879384,0.06360576138163188,1258,1258,0,5,full,select,retain,dgtw,2014-2018
ld2_group_ridge_characteristics_textcore_full_dgtw_select_retain,group_ridge,characteristics_textcore,0,ew_spread_bp,20.392180192442883,4.54600320697016,4.485738188916491,7.266192147179359e-06,11.482177633177784,29.30218275170798,1258,1258,0,5,full,select,retain,dgtw,2014-2018
ld2_group_ridge_characteristics_textcore_full_dgtw_select_retain,group_ridge,characteristics_textcore,0,cap_spread_bp,12.357067678778366,4.666545834243477,2.6480116380945495,0.008096673780986222,3.2108059114557292,21.503329446101002,1258,1258,0,5,full,select,retain,dgtw,2014-2018
ld2_group_ridge_characteristics_textcore_full_dgtw_select_recent,group_ridge,characteristics_textcore,0,rank_ic,0.05955652849961721,0.00200024305499712,29.774645811582612,8.320756101459295e-195,0.055636124151496484,0.06347693284773794,1258,1258,0,5,full,select,recent,dgtw,2014-2018
ld2_group_ridge_characteristics_textcore_full_dgtw_select_recent,group_ridge,characteristics_textcore,0,ew_spread_bp,21.026037703918448,4.551685547082366,4.6193959328750545,3.848588475021754e-06,12.104897962685518,29.947177445151375,1258,1258,0,5,full,select,recent,dgtw,2014-2018
ld2_group_ridge_characteristics_textcore_full_dgtw_select_recent,group_ridge,characteristics_textcore,0,cap_spread_bp,14.81666742020931,4.558344326177619,3.250449364941627,0.0011522278496720456,5.8824767117686765,23.750858128649945,1258,1258,0,5,full,select,recent,dgtw,2014-2018
ld2_group_ridge_characteristics_textcore_full_dgtw_select_union,group_ridge,characteristics_textcore,0,rank_ic,0.06004465492722381,0.001996032784999813,30.081998341139187,8.333646357137413e-199,0.056132502556662994,0.06395680729778462,1258,1258,0,5,full,select,union,dgtw,2014-2018
ld2_group_ridge_characteristics_textcore_full_dgtw_select_union,group_ridge,characteristics_textcore,0,ew_spread_bp,20.82166491663331,4.5228519852053894,4.603658263578521,4.151334545840865e-06,11.95703791822526,29.68629191504136,1258,1258,0,5,full,select,union,dgtw,2014-2018
ld2_group_ridge_characteristics_textcore_full_dgtw_select_union,group_ridge,characteristics_textcore,0,cap_spread_bp,13.224278519591675,4.670375407414799,2.8315236712227665,0.004632680439033645,4.070510926777088,22.37804611240626,1258,1258,0,5,full,select,union,dgtw,2014-2018
ld2_ols_characteristics_textcore_pca_dgtw_fixed504_retain,ols,characteristics_textcore,504,rank_ic,0.05893066697855048,0.0019441027336442361,30.31252719247222,7.8389006143797615e-202,0.05512029563836191,0.06274103831873905,1258,1258,0,5,pca,fixed504,retain,dgtw,2014-2018
ld2_ols_characteristics_textcore_pca_dgtw_fixed504_retain,ols,characteristics_textcore,504,ew_spread_bp,21.210747934035723,4.479660731173859,4.734900521914662,2.1916256718785095e-06,12.430774237976594,29.990721630094853,1258,1258,0,5,pca,fixed504,retain,dgtw,2014-2018
ld2_ols_characteristics_textcore_pca_dgtw_fixed504_retain,ols,characteristics_textcore,504,cap_spread_bp,15.281167503708206,4.420645472234714,3.4567729078675264,0.0005466853375193789,6.6168615897081065,23.945473417708307,1258,1258,0,5,pca,fixed504,retain,dgtw,2014-2018
ld2_ols_characteristics_textcore_pca_dgtw_fixed504_recent,ols,characteristics_textcore,504,rank_ic,0.05917956638230774,0.0019096354464761805,30.98998109377936,7.355855421287243e-211,0.055436749683613354,0.06292238308100212,1258,1258,0,5,pca,fixed504,recent,dgtw,2014-2018
ld2_ols_characteristics_textcore_pca_dgtw_fixed504_recent,ols,characteristics_textcore,504,ew_spread_bp,21.01847273454766,4.356248754952488,4.82490186324929,1.400722202000433e-06,12.480382067143333,29.55656340195199,1258,1258,0,5,pca,fixed504,recent,dgtw,2014-2018
ld2_ols_characteristics_textcore_pca_dgtw_fixed504_recent,ols,characteristics_textcore,504,cap_spread_bp,16.701510387575453,4.211295043957665,3.9658846538284362,7.312422103991288e-05,8.447523773146406,24.9554970020045,1258,1258,0,5,pca,fixed504,recent,dgtw,2014-2018
ld2_ols_characteristics_textcore_pca_dgtw_fixed504_union,ols,characteristics_textcore,504,rank_ic,0.05958695715593086,0.0019662760947764535,30.304471134154394,1.0009462143150485e-201,0.05573312682650695,0.06344078748535478,1258,1258,0,5,pca,fixed504,union,dgtw,2014-2018
ld2_ols_characteristics_textcore_pca_dgtw_fixed504_union,ols,characteristics_textcore,504,ew_spread_bp,21.042243907396465,4.378885035044206,4.805388526758624,1.5445127464196695e-06,12.459786946268409,29.62470086852452,1258,1258,0,5,pca,fixed504,union,dgtw,2014-2018
ld2_ols_characteristics_textcore_pca_dgtw_fixed504_union,ols,characteristics_textcore,504,cap_spread_bp,18.479915704217778,4.280328833050854,4.317405607140236,1.5787388762423847e-05,10.090625349449747,26.86920605898581,1258,1258,0,5,pca,fixed504,union,dgtw,2014-2018
ld2_ols_characteristics_textcore_pca_dgtw_select_retain,ols,characteristics_textcore,0,rank_ic,0.05898537788253622,0.0019353351400728622,30.478120642358366,5.081294038094708e-204,0.055192190709978634,0.06277856505509381,1258,1258,0,5,pca,select,retain,dgtw,2014-2018
ld2_ols_characteristics_textcore_pca_dgtw_select_retain,ols,characteristics_textcore,0,ew_spread_bp,20.91430104579365,4.447484060352597,4.702501630581574,2.5699316674846265e-06,12.197392465686596,29.631209625900702,1258,1258,0,5,pca,select,retain,dgtw,2014-2018
ld2_ols_characteristics_textcore_pca_dgtw_select_retain,ols,characteristics_textcore,0,cap_spread_bp,11.627832305610093,4.219360513083454,2.755828109391066,0.0058543754084605035,3.3580376621760806,19.897626949044106,1258,1258,0,5,pca,select,retain,dgtw,2014-2018
ld2_ols_characteristics_textcore_pca_dgtw_select_recent,ols,characteristics_textcore,0,rank_ic,0.059632746083070926,0.0019395967318018993,30.744919861600135,1.4297424720626362e-207,0.05583120634420761,0.06343428582193424,1258,1258,0,5,pca,select,recent,dgtw,2014-2018
ld2_ols_characteristics_textcore_pca_dgtw_select_recent,ols,characteristics_textcore,0,ew_spread_bp,23.391848075683853,4.344912661615675,5.383732631114728,7.295685038286445e-08,14.875975742945064,31.90772040842264,1258,1258,0,5,pca,select,recent,dgtw,2014-2018
ld2_ols_characteristics_textcore_pca_dgtw_select_recent,ols,characteristics_textcore,0,cap_spread_bp,16.362985944144754,4.205953430428898,3.890434407990141,0.00010006492327047783,8.119468699851422,24.606503188438083,1258,1258,0,5,pca,select,recent,dgtw,2014-2018
ld2_ols_characteristics_textcore_pca_dgtw_select_union,ols,characteristics_textcore,0,rank_ic,0.059762517754091686,0.0019600858141718275,30.489745562156653,3.563745698285422e-204,0.05592082015170703,0.06360421535647634,1258,1258,0,5,pca,select,union,dgtw,2014-2018
ld2_ols_characteristics_textcore_pca_dgtw_select_union,ols,characteristics_textcore,0,ew_spread_bp,21.571021179231163,4.364501540510794,4.942379096217852,7.717496513898045e-07,13.016755349360423,30.125287009101903,1258,1258,0,5,pca,select,union,dgtw,2014-2018
ld2_ols_characteristics_textcore_pca_dgtw_select_union,ols,characteristics_textcore,0,cap_spread_bp,14.985410919381344,4.1647749125969415,3.5981322481692546,0.00032051064275709357,6.822602086975387,23.148219751787302,1258,1258,0,5,pca,select,union,dgtw,2014-2018
ld2_ridge_characteristics_textcore_pca_dgtw_fixed504_retain,ridge,characteristics_textcore,504,rank_ic,0.05949154063988158,0.0019715792436146105,30.17456226147537,5.109128577845959e-200,0.055627316329730225,0.06335576495003294,1258,1258,0,5,pca,fixed504,retain,dgtw,2014-2018
ld2_ridge_characteristics_textcore_pca_dgtw_fixed504_retain,ridge,characteristics_textcore,504,ew_spread_bp,21.829309926202754,4.316564168269155,5.057103074400911,4.2567319116343756e-07,13.368999619439117,30.289620232966392,1258,1258,0,5,pca,fixed504,retain,dgtw,2014-2018
ld2_ridge_characteristics_textcore_pca_dgtw_fixed504_retain,ridge,characteristics_textcore,504,cap_spread_bp,14.941283719582664,4.330600666676056,3.4501642773381866,0.0005602455181100406,6.4534623814724466,23.42910505769288,1258,1258,0,5,pca,fixed504,retain,dgtw,2014-2018
ld2_ridge_characteristics_textcore_pca_dgtw_fixed504_recent,ridge,characteristics_textcore,504,rank_ic,0.05967483688732988,0.001953061465962406,30.554510407036283,4.9259590917209374e-205,0.05584690675445056,0.0635027670202092,1258,1258,0,5,pca,fixed504,recent,dgtw,2014-2018
ld2_ridge_characteristics_textcore_pca_dgtw_fixed504_recent,ridge,characteristics_textcore,504,ew_spread_bp,21.778942540962642,4.388972547395261,4.962196118972734,6.970056364291885e-07,13.176714418932916,30.381170662992368,1258,1258,0,5,pca,fixed504,recent,dgtw,2014-2018
ld2_ridge_characteristics_textcore_pca_dgtw_fixed504_recent,ridge,characteristics_textcore,504,cap_spread_bp,17.24274812617363,4.407222004252388,3.912384742483282,9.138915883765592e-05,8.604751725966517,25.880744526380745,1258,1258,0,5,pca,fixed504,recent,dgtw,2014-2018
ld2_ridge_characteristics_textcore_pca_dgtw_fixed504_union,ridge,characteristics_textcore,504,rank_ic,0.0599435218378118,0.001988441066054114,30.145988664760598,1.2106732769053673e-199,0.056046248962965305,0.0638407947126583,1258,1258,0,5,pca,fixed504,union,dgtw,2014-2018
ld2_ridge_characteristics_textcore_pca_dgtw_fixed504_union,ridge,characteristics_textcore,504,ew_spread_bp,22.051423039272354,4.356565644479189,5.061652879537529,4.156372569930399e-07,13.512711279808615,30.590134798736095,1258,1258,0,5,pca,fixed504,union,dgtw,2014-2018
ld2_ridge_characteristics_textcore_pca_dgtw_fixed504_union,ridge,characteristics_textcore,504,cap_spread_bp,17.364736746513106,4.332663042344808,4.007866888516544,6.126963506268222e-05,8.872873226369544,25.85660026665667,1258,1258,0,5,pca,fixed504,union,dgtw,2014-2018
ld2_ridge_characteristics_textcore_pca_dgtw_select_retain,ridge,characteristics_textcore,0,rank_ic,0.05968132992851912,0.0019587455775894884,30.469158736769366,6.678953409627837e-204,0.05584225914156662,0.06352040071547163,1258,1258,0,5,pca,select,retain,dgtw,2014-2018
ld2_ridge_characteristics_textcore_pca_dgtw_select_retain,ridge,characteristics_textcore,0,ew_spread_bp,22.54097293231531,4.351338259173032,5.180239179244871,2.21601576650201e-07,14.012506659784952,31.069439204845665,1258,1258,0,5,pca,select,retain,dgtw,2014-2018
ld2_ridge_characteristics_textcore_pca_dgtw_select_retain,ridge,characteristics_textcore,0,cap_spread_bp,15.711841840948523,4.339145451032831,3.6209530236440197,0.00029351981136352406,7.207273033243366,24.216410648653678,1258,1258,0,5,pca,select,retain,dgtw,2014-2018
ld2_ridge_characteristics_textcore_pca_dgtw_select_recent,ridge,characteristics_textcore,0,rank_ic,0.05968184652808962,0.001963395494965262,30.397261622088806,5.970278595163778e-203,0.05583366207054951,0.06353003098562972,1258,1258,0,5,pca,select,recent,dgtw,2014-2018
ld2_ridge_characteristics_textcore_pca_dgtw_select_recent,ridge,characteristics_textcore,0,ew_spread_bp,22.209730083127212,4.382421805304475,5.067912462521202,4.0220228353779727e-07,13.620341179667438,30.799118986586986,1258,1258,0,5,pca,select,recent,dgtw,2014-2018
ld2_ridge_characteristics_textcore_pca_dgtw_select_recent,ridge,characteristics_textcore,0,cap_spread_bp,17.524204883872958,4.513196853848595,3.8828806833296716,0.00010322622789436846,8.67850159519023,26.369908172555686,1258,1258,0,5,pca,select,recent,dgtw,2014-2018
ld2_ridge_characteristics_textcore_pca_dgtw_select_union,ridge,characteristics_textcore,0,rank_ic,0.05998407330060619,0.001973052646095116,30.401658779516673,5.2225095621785e-203,0.05611696117465831,0.06385118542655407,1258,1258,0,5,pca,select,union,dgtw,2014-2018
ld2_ridge_characteristics_textcore_pca_dgtw_select_union,ridge,characteristics_textcore,0,ew_spread_bp,22.60276627188603,4.352883649774562,5.192596010016632,2.073818635658692e-07,14.071271089434624,31.134261454337434,1258,1258,0,5,pca,select,union,dgtw,2014-2018
ld2_ridge_characteristics_textcore_pca_dgtw_select_union,ridge,characteristics_textcore,0,cap_spread_bp,18.188789123035427,4.441573439687434,4.095122904084059,4.219444901469226e-05,9.48346514655837,26.894113099512484,1258,1258,0,5,pca,select,union,dgtw,2014-2018
ld2_lasso_characteristics_textcore_pca_dgtw_fixed504_retain,lasso,characteristics_textcore,504,rank_ic,0.05953526276039409,0.0020040203902801416,29.70791267850906,6.068646056371481e-194,0.05560745497116111,0.06346307054962708,1258,1258,0,5,pca,fixed504,retain,dgtw,2014-2018
ld2_lasso_characteristics_textcore_pca_dgtw_fixed504_retain,lasso,characteristics_textcore,504,ew_spread_bp,21.030208908253876,4.376784546524316,4.804944973806021,1.547940714023069e-06,12.451868828974742,29.60854898753301,1258,1258,0,5,pca,fixed504,retain,dgtw,2014-2018
ld2_lasso_characteristics_textcore_pca_dgtw_fixed504_retain,lasso,characteristics_textcore,504,cap_spread_bp,14.863297713340387,4.424551943872831,3.3592774820788915,0.0007814655720460714,6.191335255622953,23.53526017105782,1258,1258,0,5,pca,fixed504,retain,dgtw,2014-2018
ld2_lasso_characteristics_textcore_pca_dgtw_fixed504_recent,lasso,characteristics_textcore,504,rank_ic,0.05962309585838131,0.0019646008261659073,30.34870751568453,2.613098735722615e-202,0.055772548995098495,0.06347364272166413,1258,1258,0,5,pca,fixed504,recent,dgtw,2014-2018
ld2_lasso_characteristics_textcore_pca_dgtw_fixed504_recent,lasso,characteristics_textcore,504,ew_spread_bp,21.895369039235767,4.404571758176181,4.971055131203509,6.658950917065742e-07,13.262567025888188,30.528171052583346,1258,1258,0,5,pca,fixed504,recent,dgtw,2014-2018
ld2_lasso_characteristics_textcore_pca_dgtw_fixed504_recent,lasso,characteristics_textcore,504,cap_spread_bp,15.396965875069817,4.437280167817637,3.4699106868977405,0.0005206314557888868,6.7000565568334025,24.093875193306232,1258,1258,0,5,pca,fixed504,recent,dgtw,2014-2018
ld2_lasso_characteristics_textcore_pca_dgtw_fixed504_union,lasso,characteristics_textcore,504,rank_ic,0.059940417733643,0.0020209969180941642,29.65883678346619,2.608924835998096e-193,0.055979336561311994,0.063901498905974,1258,1258,0,5,pca,fixed504,union,dgtw,2014-2018
ld2_lasso_characteristics_textcore_pca_dgtw_fixed504_union,lasso,characteristics_textcore,504,ew_spread_bp,21.390210479540343,4.386866172775372,4.875966039786375,1.0827723701082834e-06,12.792110775903547,29.98831018317714,1258,1258,0,5,pca,fixed504,union,dgtw,2014-2018
ld2_lasso_characteristics_textcore_pca_dgtw_fixed504_union,lasso,characteristics_textcore,504,cap_spread_bp,15.332000667504971,4.494071580387844,3.4116057996080693,0.0006458143364372636,6.523782225999794,24.140219109010147,1258,1258,0,5,pca,fixed504,union,dgtw,2014-2018
ld2_lasso_characteristics_textcore_pca_dgtw_select_retain,lasso,characteristics_textcore,0,rank_ic,0.05972169338023783,0.0019929606788992803,29.966317957272665,2.69711171694589e-197,0.055815562226990745,0.06362782453348491,1258,1258,0,5,pca,select,retain,dgtw,2014-2018
ld2_lasso_characteristics_textcore_pca_dgtw_select_retain,lasso,characteristics_textcore,0,ew_spread_bp,21.076911192149716,4.308379480538712,4.892073989154339,9.977891852754242e-07,12.632642578562454,29.521179805736978,1258,1258,0,5,pca,select,retain,dgtw,2014-2018
ld2_lasso_characteristics_textcore_pca_dgtw_select_retain,lasso,characteristics_textcore,0,cap_spread_bp,17.24397885147862,4.351183684731928,3.9630546768197408,7.399682590861837e-05,8.715815539285757,25.772142163671482,1258,1258,0,5,pca,select,retain,dgtw,2014-2018
ld2_lasso_characteristics_textcore_pca_dgtw_select_recent,lasso,characteristics_textcore,0,rank_ic,0.05997179472829132,0.0019972554222135084,30.027103224396843,4.346568023882382e-198,0.056057246032825504,0.06388634342375714,1258,1258,0,5,pca,select,recent,dgtw,2014-2018
ld2_lasso_characteristics_textcore_pca_dgtw_select_recent,lasso,characteristics_textcore,0,ew_spread_bp,21.593665517959817,4.318514851347142,5.000252693636973,5.725522491093452e-07,13.129531942618074,30.05779909330156,1258,1258,0,5,pca,select,recent,dgtw,2014-2018
ld2_lasso_characteristics_textcore_pca_dgtw_select_recent,lasso,characteristics_textcore,0,cap_spread_bp,15.737184871707704,4.297371338694013,3.662049106626725,0.0002502058815471888,7.31449181967276,24.15987792374265,1258,1258,0,5,pca,select,recent,dgtw,2014-2018
ld2_lasso_characteristics_textcore_pca_dgtw_select_union,lasso,characteristics_textcore,0,rank_ic,0.06008251875474218,0.00199582650834238,30.10407893852623,4.284897774622805e-199,0.05617077067900079,0.06399426683048358,1258,1258,0,5,pca,select,union,dgtw,2014-2018
ld2_lasso_characteristics_textcore_pca_dgtw_select_union,lasso,characteristics_textcore,0,ew_spread_bp,21.01459328532598,4.367420267437539,4.811671879165341,1.4967293654558944e-06,12.454606855798112,29.574579714853847,1258,1258,0,5,pca,select,union,dgtw,2014-2018
ld2_lasso_characteristics_textcore_pca_dgtw_select_union,lasso,characteristics_textcore,0,cap_spread_bp,15.775737607617334,4.428832263205664,3.5620535324132114,0.0003679653281767502,7.095385878165214,24.456089337069454,1258,1258,0,5,pca,select,union,dgtw,2014-2018
ld2_enet_characteristics_textcore_pca_dgtw_fixed504_retain,enet,characteristics_textcore,504,rank_ic,0.05958698493611766,0.0020016106150260067,29.76951885086973,9.694563314487884e-195,0.055663900219593616,0.06351006965264169,1258,1258,0,5,pca,fixed504,retain,dgtw,2014-2018
ld2_enet_characteristics_textcore_pca_dgtw_fixed504_retain,enet,characteristics_textcore,504,ew_spread_bp,21.19947537949249,4.368395597197006,4.852920233024499,1.2165663266942853e-06,12.637577338763018,29.761373420221965,1258,1258,0,5,pca,fixed504,retain,dgtw,2014-2018
ld2_enet_characteristics_textcore_pca_dgtw_fixed504_retain,enet,characteristics_textcore,504,cap_spread_bp,15.479748016574288,4.456433848014816,3.473572938476349,0.0005135777534047776,6.745298174980002,24.214197858168575,1258,1258,0,5,pca,fixed504,retain,dgtw,2014-2018
ld2_enet_characteristics_textcore_pca_dgtw_fixed504_recent,enet,characteristics_textcore,504,rank_ic,0.05965066887548381,0.001965168087398267,30.353977992008186,2.226425678713756e-202,0.05579901020061574,0.06350232755035187,1258,1258,0,5,pca,fixed504,recent,dgtw,2014-2018
ld2_enet_characteristics_textcore_pca_dgtw_fixed504_recent,enet,characteristics_textcore,504,ew_spread_bp,21.684219621533465,4.398545707898143,4.929861154471287,8.228807943661806e-07,13.063228449699867,30.305210793367063,1258,1258,0,5,pca,fixed504,recent,dgtw,2014-2018
ld2_enet_characteristics_textcore_pca_dgtw_fixed504_recent,enet,characteristics_textcore,504,cap_spread_bp,14.825568240076107,4.438902882824953,3.339917234377743,0.0008380336125683753,6.125478458868178,23.525658021284038,1258,1258,0,5,pca,fixed504,recent,dgtw,2014-2018
ld2_enet_characteristics_textcore_pca_dgtw_fixed504_union,enet,characteristics_textcore,504,rank_ic,0.05994786122363662,0.002020686252990482,29.667080248068075,2.0424199840915027e-193,0.05598738894372009,0.06390833350355316,1258,1258,0,5,pca,fixed504,union,dgtw,2014-2018
ld2_enet_characteristics_textcore_pca_dgtw_fixed504_union,enet,characteristics_textcore,504,ew_spread_bp,21.68005906149918,4.36685576831186,4.964684022499846,6.881301154813845e-07,13.121179029926948,30.23893909307141,1258,1258,0,5,pca,fixed504,union,dgtw,2014-2018
ld2_enet_characteristics_textcore_pca_dgtw_fixed504_union,enet,characteristics_textcore,504,cap_spread_bp,15.116193814044674,4.45752993831512,3.391159234649666,0.0006959765190494916,6.37959567493799,23.85279195315136,1258,1258,0,5,pca,fixed504,union,dgtw,2014-2018
ld2_enet_characteristics_textcore_pca_dgtw_select_retain,enet,characteristics_textcore,0,rank_ic,0.05972673921219082,0.0019912498006588804,29.99459896615079,1.1541482506787768e-197,0.055823961318676854,0.06362951710570479,1258,1258,0,5,pca,select,retain,dgtw,2014-2018
ld2_enet_characteristics_textcore_pca_dgtw_select_retain,enet,characteristics_textcore,0,ew_spread_bp,20.94800153130442,4.3012115602351235,4.8702560285500835,1.1145373849898134e-06,12.517781783356245,29.378221279252596,1258,1258,0,5,pca,select,retain,dgtw,2014-2018
ld2_enet_characteristics_textcore_pca_dgtw_select_retain,enet,characteristics_textcore,0,cap_spread_bp,16.98109271740508,4.36095537224278,3.8938927982360743,9.864825835979038e-05,8.433777249622766,25.528408185187395,1258,1258,0,5,pca,select,retain,dgtw,2014-2018
ld2_enet_characteristics_textcore_pca_dgtw_select_recent,enet,characteristics_textcore,0,rank_ic,0.059980289031195975,0.00199627975043617,30.046033887831,2.4599611059199708e-198,0.05606765261727448,0.06389292544511747,1258,1258,0,5,pca,select,recent,dgtw,2014-2018
ld2_enet_characteristics_textcore_pca_dgtw_select_recent,enet,characteristics_textcore,0,ew_spread_bp,21.427381701036087,4.3146139222395075,4.96623384785125,6.826563180604092e-07,12.970893806251551,29.88386959582062,1258,1258,0,5,pca,select,recent,dgtw,2014-2018
ld2_enet_characteristics_textcore_pca_dgtw_select_recent,enet,characteristics_textcore,0,cap_spread_bp,15.938532926533616,4.311690679945999,3.69658542544922,0.00021851875128346685,7.487774481362441,24.389291371704793,1258,1258,0,5,pca,select,recent,dgtw,2014-2018
ld2_enet_characteristics_textcore_pca_dgtw_select_union,enet,characteristics_textcore,0,rank_ic,0.060091790778533105,0.001994841704627138,30.12358857304171,2.379618933522301e-199,0.05618197288260542,0.06400160867446078,1258,1258,0,5,pca,select,union,dgtw,2014-2018
ld2_enet_characteristics_textcore_pca_dgtw_select_union,enet,characteristics_textcore,0,ew_spread_bp,20.884601247213528,4.3578530430371,4.7924060405347015,1.6479295615934653e-06,12.343366232942534,29.42583626148452,1258,1258,0,5,pca,select,union,dgtw,2014-2018
ld2_enet_characteristics_textcore_pca_dgtw_select_union,enet,characteristics_textcore,0,cap_spread_bp,15.553143536148886,4.40821800855655,3.528215597767518,0.0004183712508705441,6.913195003377169,24.193092068920603,1258,1258,0,5,pca,select,union,dgtw,2014-2018
ld2_group_ridge_characteristics_textcore_pca_dgtw_fixed504_retain,group_ridge,characteristics_textcore,504,rank_ic,0.059815194505724,0.0019874276864363166,30.096790395920987,5.337335748180784e-199,0.05591990781843106,0.06371048119301695,1258,1258,0,5,pca,fixed504,retain,dgtw,2014-2018
ld2_group_ridge_characteristics_textcore_pca_dgtw_fixed504_retain,group_ridge,characteristics_textcore,504,ew_spread_bp,22.306083530870655,4.430444801029278,5.034727783018202,4.785283566414817e-07,13.622571285360545,30.989595776380767,1258,1258,0,5,pca,fixed504,retain,dgtw,2014-2018
ld2_group_ridge_characteristics_textcore_pca_dgtw_fixed504_retain,group_ridge,characteristics_textcore,504,cap_spread_bp,16.547389418522044,4.46029700050939,3.7099299478559935,0.00020731660370913786,7.80536793717161,25.28941089987248,1258,1258,0,5,pca,fixed504,retain,dgtw,2014-2018
ld2_group_ridge_characteristics_textcore_pca_dgtw_fixed504_recent,group_ridge,characteristics_textcore,504,rank_ic,0.05974262425960877,0.001957324525778369,30.522595243040204,1.3068500142817403e-204,0.05590633868302623,0.06357890983619131,1258,1258,0,5,pca,fixed504,recent,dgtw,2014-2018
ld2_group_ridge_characteristics_textcore_pca_dgtw_fixed504_recent,group_ridge,characteristics_textcore,504,ew_spread_bp,22.046353612166516,4.461752211646335,4.941187355635706,7.764824882314078e-07,13.301479969397768,30.791227254935265,1258,1258,0,5,pca,fixed504,recent,dgtw,2014-2018
ld2_group_ridge_characteristics_textcore_pca_dgtw_fixed504_recent,group_ridge,characteristics_textcore,504,cap_spread_bp,18.11261060471904,4.537708679337989,3.9915763405423172,6.563555238627151e-05,9.21886502088177,27.00635618855631,1258,1258,0,5,pca,fixed504,recent,dgtw,2014-2018
ld2_group_ridge_characteristics_textcore_pca_dgtw_fixed504_union,group_ridge,characteristics_textcore,504,rank_ic,0.06011067503533959,0.0020023905024314417,30.019456725523334,5.469644775699113e-198,0.0561860617675889,0.06403528830309027,1258,1258,0,5,pca,fixed504,union,dgtw,2014-2018
ld2_group_ridge_characteristics_textcore_pca_dgtw_fixed504_union,group_ridge,characteristics_textcore,504,ew_spread_bp,22.62540281188465,4.450872295646137,5.083363733894796,3.7080863016618175e-07,13.90185341263111,31.34895221113819,1258,1258,0,5,pca,fixed504,union,dgtw,2014-2018
ld2_group_ridge_characteristics_textcore_pca_dgtw_fixed504_union,group_ridge,characteristics_textcore,504,cap_spread_bp,17.69141274043892,4.492716045187809,3.937798997866416,8.22324323704997e-05,8.88585109910559,26.49697438177225,1258,1258,0,5,pca,fixed504,union,dgtw,2014-2018
ld2_group_ridge_characteristics_textcore_pca_dgtw_select_retain,group_ridge,characteristics_textcore,0,rank_ic,0.05989865865925609,0.001962938282670075,30.514794676977466,1.658540207147747e-204,0.05605137032134784,0.06374594699716433,1258,1258,0,5,pca,select,retain,dgtw,2014-2018
ld2_group_ridge_characteristics_textcore_pca_dgtw_select_retain,group_ridge,characteristics_textcore,0,ew_spread_bp,21.850025971481536,4.4394922207182095,4.921739893925683,8.577817117465583e-07,13.1487811092281,30.55127083373497,1258,1258,0,5,pca,select,retain,dgtw,2014-2018
ld2_group_ridge_characteristics_textcore_pca_dgtw_select_retain,group_ridge,characteristics_textcore,0,cap_spread_bp,11.996520712505431,4.589687777078974,2.6137988671944923,0.008954173170773422,3.0008979691469406,20.99214345586392,1258,1258,0,5,pca,select,retain,dgtw,2014-2018
ld2_group_ridge_characteristics_textcore_pca_dgtw_select_recent,group_ridge,characteristics_textcore,0,rank_ic,0.05968912279616621,0.0019902219338369565,29.991189314797328,1.2785688536788283e-197,0.055788359484604116,0.0635898861077283,1258,1258,0,5,pca,select,recent,dgtw,2014-2018
ld2_group_ridge_characteristics_textcore_pca_dgtw_select_recent,group_ridge,characteristics_textcore,0,ew_spread_bp,21.3300722105499,4.473045370075376,4.768579445504365,1.8552950792905955e-06,12.563064383988527,30.097080037111276,1258,1258,0,5,pca,select,recent,dgtw,2014-2018
ld2_group_ridge_characteristics_textcore_pca_dgtw_select_recent,group_ridge,characteristics_textcore,0,cap_spread_bp,14.168157442227367,4.314921497587948,3.2835261198025045,0.001025171442437118,5.711066710837356,22.62524817361738,1258,1258,0,5,pca,select,recent,dgtw,2014-2018
ld2_group_ridge_characteristics_textcore_pca_dgtw_select_union,group_ridge,characteristics_textcore,0,rank_ic,0.0602277402747296,0.0019866605600973655,30.316069833176666,7.039867283474934e-202,0.056333957127432596,0.06412152342202661,1258,1258,0,5,pca,select,union,dgtw,2014-2018
ld2_group_ridge_characteristics_textcore_pca_dgtw_select_union,group_ridge,characteristics_textcore,0,ew_spread_bp,22.413863949789846,4.421353934759113,5.069457066890759,3.9895211502866985e-07,13.74816947475753,31.07955842482216,1258,1258,0,5,pca,select,union,dgtw,2014-2018
ld2_group_ridge_characteristics_textcore_pca_dgtw_select_union,group_ridge,characteristics_textcore,0,cap_spread_bp,15.136009157471046,4.4978476270508105,3.3651671671669234,0.0007649729708078564,6.320389800502513,23.951628514439577,1258,1258,0,5,pca,select,union,dgtw,2014-2018
ld2_ols_characteristics_full_dgtw_fixed504_retain,ols,characteristics,504,rank_ic,0.06136269693418568,0.002738949552946032,22.40373389432586,3.619361524672321e-111,0.05599445445493938,0.06673093941343199,1008,1008,0,5,full,fixed504,retain,dgtw,2019-2022
ld2_ols_characteristics_full_dgtw_fixed504_retain,ols,characteristics,504,ew_spread_bp,16.43356065114008,5.932331897140995,2.7701687862508177,0.005602725065402305,4.806403788405557,28.060717513874604,1008,1008,0,5,full,fixed504,retain,dgtw,2019-2022
ld2_ols_characteristics_full_dgtw_fixed504_retain,ols,characteristics,504,cap_spread_bp,5.474000757642683,8.267759781044438,0.6620899618047649,0.507913568703255,-10.73051064603318,21.678512161318544,1008,1008,0,5,full,fixed504,retain,dgtw,2019-2022
ld2_ols_characteristics_full_dgtw_fixed504_recent,ols,characteristics,504,rank_ic,0.06221050023594459,0.002733119427040259,22.76172040652954,1.0985050415897072e-114,0.05685368459349894,0.06756731587839025,1008,1008,0,5,full,fixed504,recent,dgtw,2019-2022
ld2_ols_characteristics_full_dgtw_fixed504_recent,ols,characteristics,504,ew_spread_bp,16.485398387084857,5.863711205793342,2.8114274063834004,0.0049322219214362195,4.992735607985974,27.97806116618374,1008,1008,0,5,full,fixed504,recent,dgtw,2019-2022
ld2_ols_characteristics_full_dgtw_fixed504_recent,ols,characteristics,504,cap_spread_bp,3.3889125528379203,7.6006147497106795,0.4458734805585194,0.6556886394703376,-11.508018616958928,18.28584372263477,1008,1008,0,5,full,fixed504,recent,dgtw,2019-2022
ld2_ols_characteristics_full_dgtw_fixed504_union,ols,characteristics,504,rank_ic,0.06253933462208716,0.0027408801769672306,22.817245039615926,3.0917290769629286e-115,0.05716730818929162,0.0679113610548827,1008,1008,0,5,full,fixed504,union,dgtw,2019-2022
ld2_ols_characteristics_full_dgtw_fixed504_union,ols,characteristics,504,ew_spread_bp,16.682579683156042,5.855311844969057,2.849135985385626,0.004383813884478756,5.206379348765914,28.15878001754617,1008,1008,0,5,full,fixed504,union,dgtw,2019-2022
ld2_ols_characteristics_full_dgtw_fixed504_union,ols,characteristics,504,cap_spread_bp,4.757978017999677,7.85102236346753,0.6060329212841828,0.5444928923059942,-10.629743056215215,20.14569909221457,1008,1008,0,5,full,fixed504,union,dgtw,2019-2022
ld2_ols_characteristics_full_dgtw_select_retain,ols,characteristics,0,rank_ic,0.06200715392412492,0.002735751535486906,22.665491774306528,9.814587466742837e-114,0.05664517944392043,0.0673691284043294,1008,1008,0,5,full,select,retain,dgtw,2019-2022
ld2_ols_characteristics_full_dgtw_select_retain,ols,characteristics,0,ew_spread_bp,17.588608225658852,5.79318926215566,3.0360838270134622,0.002396727207666789,6.234165916209589,28.943050535108114,1008,1008,0,5,full,select,retain,dgtw,2019-2022
ld2_ols_characteristics_full_dgtw_select_retain,ols,characteristics,0,cap_spread_bp,6.734237604103217,8.276256885524992,0.8136815588555817,0.4158274012829961,-9.486927818327406,22.95540302653384,1008,1008,0,5,full,select,retain,dgtw,2019-2022
ld2_ols_characteristics_full_dgtw_select_recent,ols,characteristics,0,rank_ic,0.06250374036172197,0.0027496333146834616,22.73166390148914,2.1791885183278184e-114,0.0571145580942509,0.06789292262919305,1008,1008,0,5,full,select,recent,dgtw,2019-2022
ld2_ols_characteristics_full_dgtw_select_recent,ols,characteristics,0,ew_spread_bp,16.65034896651898,5.804304539394473,2.8686208405350153,0.004122656818960857,5.274121114003465,28.026576819034496,1008,1008,0,5,full,select,recent,dgtw,2019-2022
ld2_ols_characteristics_full_dgtw_select_recent,ols,characteristics,0,cap_spread_bp,2.923244944128132,7.886665001634755,0.3706566645752291,0.7108932713004981,-12.534334417208514,18.380824305464778,1008,1008,0,5,full,select,recent,dgtw,2019-2022
ld2_ols_characteristics_full_dgtw_select_union,ols,characteristics,0,rank_ic,0.0628557763599197,0.0027352398311925484,22.979987218347485,7.390901840475376e-117,0.05749480480170288,0.0682167479181365,1008,1008,0,5,full,select,union,dgtw,2019-2022
ld2_ols_characteristics_full_dgtw_select_union,ols,characteristics,0,ew_spread_bp,16.872325672189234,5.841738682731062,2.8882369767867258,0.003874078803424799,5.422728246941896,28.321923097436574,1008,1008,0,5,full,select,union,dgtw,2019-2022
ld2_ols_characteristics_full_dgtw_select_union,ols,characteristics,0,cap_spread_bp,6.088887160242334,7.812634420180095,0.7793641469405878,0.4357652374811256,-9.22359492768862,21.40136924817329,1008,1008,0,5,full,select,union,dgtw,2019-2022
ld2_ridge_characteristics_full_dgtw_fixed504_retain,ridge,characteristics,504,rank_ic,0.06349348554767043,0.002700220418056831,23.514186146834067,2.920370609791018e-122,0.05820115077795935,0.06878582031738151,1008,1008,0,5,full,fixed504,retain,dgtw,2019-2022
ld2_ridge_characteristics_full_dgtw_fixed504_retain,ridge,characteristics,504,ew_spread_bp,9.550796178728303,5.9881557372883,1.5949478600323317,0.11072389584727278,-2.185773400173657,21.287365757630262,1008,1008,0,5,full,fixed504,retain,dgtw,2019-2022
ld2_ridge_characteristics_full_dgtw_fixed504_retain,ridge,characteristics,504,cap_spread_bp,3.9199113408549002,7.878912000729414,0.4975193707572826,0.6188228464175176,-11.52247241793517,19.36229509964497,1008,1008,0,5,full,fixed504,retain,dgtw,2019-2022
ld2_ridge_characteristics_full_dgtw_fixed504_recent,ridge,characteristics,504,rank_ic,0.06360846599439814,0.002733855564530686,23.266944610995804,9.584925429943195e-120,0.05825020754898357,0.0689667244398127,1008,1008,0,5,full,fixed504,recent,dgtw,2019-2022
ld2_ridge_characteristics_full_dgtw_fixed504_recent,ridge,characteristics,504,ew_spread_bp,10.121518134538068,6.010358919326384,1.6840122645574793,0.09217929851474985,-1.6585688815007256,21.901605150576863,1008,1008,0,5,full,fixed504,recent,dgtw,2019-2022
ld2_ridge_characteristics_full_dgtw_fixed504_recent,ridge,characteristics,504,cap_spread_bp,6.95094034196485,7.4350098568461505,0.9348932248643128,0.3498433290225075,-7.621411202153908,21.52329188608361,1008,1008,0,5,full,fixed504,recent,dgtw,2019-2022
ld2_ridge_characteristics_full_dgtw_fixed504_union,ridge,characteristics,504,rank_ic,0.06405008873651495,0.0027317617045044497,23.446440672662494,1.437183412107609e-121,0.05869593418134048,0.06940424329168943,1008,1008,0,5,full,fixed504,union,dgtw,2019-2022
ld2_ridge_characteristics_full_dgtw_fixed504_union,ridge,characteristics,504,ew_spread_bp,10.538233604958988,5.969635849346449,1.7653059367285702,0.07751236230551585,-1.1620376605792284,22.238504870497202,1008,1008,0,5,full,fixed504,union,dgtw,2019-2022
ld2_ridge_characteristics_full_dgtw_fixed504_union,ridge,characteristics,504,cap_spread_bp,5.053048843756308,7.590161432060188,0.6657366762204379,0.5055794264225708,-9.82339419992662,19.929491887439234,1008,1008,0,5,full,fixed504,union,dgtw,2019-2022
ld2_ridge_characteristics_full_dgtw_select_retain,ridge,characteristics,0,rank_ic,0.06416869182081507,0.002708010310341997,23.695881649989413,3.976023625676945e-124,0.05886108914278162,0.06947629449884851,1008,1008,0,5,full,select,retain,dgtw,2019-2022
ld2_ridge_characteristics_full_dgtw_select_retain,ridge,characteristics,0,ew_spread_bp,9.42800312541827,5.956509834814518,1.582806607707356,0.11346555019876303,-2.2465416243768104,21.10254787521335,1008,1008,0,5,full,select,retain,dgtw,2019-2022
ld2_ridge_characteristics_full_dgtw_select_retain,ridge,characteristics,0,cap_spread_bp,3.620350890218526,7.413686082633651,0.488333448417663,0.6253136730629005,-10.910206824429268,18.15090860486632,1008,1008,0,5,full,select,retain,dgtw,2019-2022
ld2_ridge_characteristics_full_dgtw_select_recent,ridge,characteristics,0,rank_ic,0.06446435695522598,0.0027427730727987935,23.503350530361214,3.7693470563059615e-122,0.05908862051477409,0.06984009339567787,1008,1008,0,5,full,select,recent,dgtw,2019-2022
ld2_ridge_characteristics_full_dgtw_select_recent,ridge,characteristics,0,ew_spread_bp,9.92136535255207,5.931586499752009,1.672632667999846,0.09439963171682302,-1.7043305581458696,21.54706126325001,1008,1008,0,5,full,select,recent,dgtw,2019-2022
ld2_ridge_characteristics_full_dgtw_select_recent,ridge,characteristics,0,cap_spread_bp,1.7824096809076593,7.41983271200938,0.2402223540731232,0.8101578849388081,-12.760195205942882,16.3250145677582,1008,1008,0,5,full,select,recent,dgtw,2019-2022
ld2_ridge_characteristics_full_dgtw_select_union,ridge,characteristics,0,rank_ic,0.06451606502600658,0.0027378565326251977,23.564443299790167,8.927615056890904e-123,0.059149964827223483,0.06988216522478968,1008,1008,0,5,full,select,union,dgtw,2019-2022
ld2_ridge_characteristics_full_dgtw_select_union,ridge,characteristics,0,ew_spread_bp,11.32053157056551,5.971303784535765,1.8958224165186426,0.057983530650853314,-0.38300878787231163,23.024071929003334,1008,1008,0,5,full,select,union,dgtw,2019-2022
ld2_ridge_characteristics_full_dgtw_select_union,ridge,characteristics,0,cap_spread_bp,5.6808073229618,7.539274843833441,0.7534951889448986,0.45115240127374845,-9.095899840500586,20.457514486424184,1008,1008,0,5,full,select,union,dgtw,2019-2022
ld2_lasso_characteristics_full_dgtw_fixed504_retain,lasso,characteristics,504,rank_ic,0.06294024486893963,0.0026932622050019066,23.369519964319657,8.727839566053374e-121,0.05766154794621296,0.06821894179166631,1008,1008,0,5,full,fixed504,retain,dgtw,2019-2022
ld2_lasso_characteristics_full_dgtw_fixed504_retain,lasso,characteristics,504,ew_spread_bp,11.688371564625252,5.672871708118369,2.0603976550180367,0.039360540904438975,0.56974732779703,22.806995801453475,1008,1008,0,5,full,fixed504,retain,dgtw,2019-2022
ld2_lasso_characteristics_full_dgtw_fixed504_retain,lasso,characteristics,504,cap_spread_bp,5.750339354793926,7.200953637266653,0.7985524757491214,0.4245499537556495,-8.363270428591418,19.863949138179272,1008,1008,0,5,full,fixed504,retain,dgtw,2019-2022
ld2_lasso_characteristics_full_dgtw_fixed504_recent,lasso,characteristics,504,rank_ic,0.06318325655003516,0.0027331941011174334,23.117003115220925,3.1233373576437548e-118,0.057826294549087665,0.06854021855098266,1008,1008,0,5,full,fixed504,recent,dgtw,2019-2022
ld2_lasso_characteristics_full_dgtw_fixed504_recent,lasso,characteristics,504,ew_spread_bp,11.187521764209443,5.6768829497679585,1.9707155957243632,0.04875641565521507,0.06103563821474012,22.314007890204145,1008,1008,0,5,full,fixed504,recent,dgtw,2019-2022
ld2_lasso_characteristics_full_dgtw_fixed504_recent,lasso,characteristics,504,cap_spread_bp,3.4642083792469487,7.122615228017123,0.48636747435412925,0.626706647185086,-10.495860943403159,17.424277701897054,1008,1008,0,5,full,fixed504,recent,dgtw,2019-2022
ld2_lasso_characteristics_full_dgtw_fixed504_union,lasso,characteristics,504,rank_ic,0.06376889518766536,0.00272576375075001,23.394872416994676,4.819361796119876e-121,0.05842649640583053,0.06911129396950019,1008,1008,0,5,full,fixed504,union,dgtw,2019-2022
ld2_lasso_characteristics_full_dgtw_fixed504_union,lasso,characteristics,504,ew_spread_bp,12.458319261900524,5.6646460797693825,2.1993111460915356,0.027855805699174577,1.3558169603865284,23.56082156341452,1008,1008,0,5,full,fixed504,union,dgtw,2019-2022
ld2_lasso_characteristics_full_dgtw_fixed504_union,lasso,characteristics,504,cap_spread_bp,4.492358780441579,7.328403268916398,0.6130064920821195,0.5398720470664558,-9.871047690820163,18.85576525170332,1008,1008,0,5,full,fixed504,union,dgtw,2019-2022
ld2_lasso_characteristics_full_dgtw_select_retain,lasso,characteristics,0,rank_ic,0.06347754920138081,0.0026604470436483118,23.859730398667537,8.025483870958844e-126,0.05826316881305406,0.06869192958970756,1008,1008,0,5,full,select,retain,dgtw,2019-2022
ld2_lasso_characteristics_full_dgtw_select_retain,lasso,characteristics,0,ew_spread_bp,12.436320776788142,5.741519779389917,2.1660329067279815,0.030308672443241473,1.1831487926595479,23.689492760916735,1008,1008,0,5,full,select,retain,dgtw,2019-2022
ld2_lasso_characteristics_full_dgtw_select_retain,lasso,characteristics,0,cap_spread_bp,6.850329442244378,6.9774737880011255,0.9817778827094424,0.3262092865509887,-6.825267885310092,20.52592676979885,1008,1008,0,5,full,select,retain,dgtw,2019-2022
ld2_lasso_characteristics_full_dgtw_select_recent,lasso,characteristics,0,rank_ic,0.06399827462543063,0.0026962192543148883,23.736302054445737,1.5219156962549895e-124,0.05871378199255001,0.06928276725831126,1008,1008,0,5,full,select,recent,dgtw,2019-2022
ld2_lasso_characteristics_full_dgtw_select_recent,lasso,characteristics,0,ew_spread_bp,14.077489265224603,5.68436278387369,2.4765289972627853,0.013266684783314378,2.936342933772332,25.218635596676876,1008,1008,0,5,full,select,recent,dgtw,2019-2022
ld2_lasso_characteristics_full_dgtw_select_recent,lasso,characteristics,0,cap_spread_bp,4.955840518905943,7.138294752157798,0.6942611213144243,0.48751846804774823,-9.034960106354614,18.9466411441665,1008,1008,0,5,full,select,recent,dgtw,2019-2022
ld2_lasso_characteristics_full_dgtw_select_union,lasso,characteristics,0,rank_ic,0.06402265344893353,0.0026902503838059054,23.798027809723973,3.500552334399479e-125,0.058749859587278894,0.06929544731058816,1008,1008,0,5,full,select,union,dgtw,2019-2022
ld2_lasso_characteristics_full_dgtw_select_union,lasso,characteristics,0,ew_spread_bp,13.241103735702508,5.764011354635661,2.2972029236294707,0.02160719643339117,1.9438490741366827,24.538358397268333,1008,1008,0,5,full,select,union,dgtw,2019-2022
ld2_lasso_characteristics_full_dgtw_select_union,lasso,characteristics,0,cap_spread_bp,5.363075144051806,7.253141458166251,0.7394141111109263,0.45965557620714825,-8.852820888728377,19.57897117683199,1008,1008,0,5,full,select,union,dgtw,2019-2022
ld2_enet_characteristics_full_dgtw_fixed504_retain,enet,characteristics,504,rank_ic,0.06297465191646351,0.002698609368061386,23.335964316207402,1.9135896073103904e-120,0.0576854747467208,0.06826382908620622,1008,1008,0,5,full,fixed504,retain,dgtw,2019-2022
ld2_enet_characteristics_full_dgtw_fixed504_retain,enet,characteristics,504,ew_spread_bp,11.862306766126093,5.671408935715872,2.0915978552389074,0.03647450455729188,0.7465495105243445,22.97806402172784,1008,1008,0,5,full,fixed504,retain,dgtw,2019-2022
ld2_enet_characteristics_full_dgtw_fixed504_retain,enet,characteristics,504,cap_spread_bp,7.6326628942697194,7.20077272670862,1.059978308433366,0.2891544677866502,-6.480592310937457,21.745918099476896,1008,1008,0,5,full,fixed504,retain,dgtw,2019-2022
ld2_enet_characteristics_full_dgtw_fixed504_recent,enet,characteristics,504,rank_ic,0.06319810456718138,0.002736922938955849,23.09093313065358,5.710727232673719e-118,0.05783383417836639,0.06856237495599636,1008,1008,0,5,full,fixed504,recent,dgtw,2019-2022
ld2_enet_characteristics_full_dgtw_fixed504_recent,enet,characteristics,504,ew_spread_bp,11.34456305142471,5.680233783069327,1.9972000246255095,0.045803458398916856,0.2115094128411279,22.477616690008293,1008,1008,0,5,full,fixed504,recent,dgtw,2019-2022
ld2_enet_characteristics_full_dgtw_fixed504_recent,enet,characteristics,504,cap_spread_bp,5.118499188334732,7.188944701783835,0.711995904915592,0.47646731186238656,-8.971573514011624,19.20857189068109,1008,1008,0,5,full,fixed504,recent,dgtw,2019-2022
ld2_enet_characteristics_full_dgtw_fixed504_union,enet,characteristics,504,rank_ic,0.06375615418164443,0.002728541563986803,23.36638555305247,9.392357130391698e-121,0.058408310985909706,0.06910399737737916,1008,1008,0,5,full,fixed504,union,dgtw,2019-2022
ld2_enet_characteristics_full_dgtw_fixed504_union,enet,characteristics,504,ew_spread_bp,12.917875304516311,5.688949405911802,2.2706961132564136,0.023165380480800617,1.767739359058643,24.068011249973978,1008,1008,0,5,full,fixed504,union,dgtw,2019-2022
ld2_enet_characteristics_full_dgtw_fixed504_union,enet,characteristics,504,cap_spread_bp,5.885375949248167,7.281515247494572,0.8082625317955916,0.4189394668944185,-8.386131688720454,20.156883587216786,1008,1008,0,5,full,fixed504,union,dgtw,2019-2022
ld2_enet_characteristics_full_dgtw_select_retain,enet,characteristics,0,rank_ic,0.06345974014052135,0.0026552565947294783,23.8996638842683,3.0874822624769256e-126,0.0582555328451391,0.0686639474359036,1008,1008,0,5,full,select,retain,dgtw,2019-2022
ld2_enet_characteristics_full_dgtw_select_retain,enet,characteristics,0,ew_spread_bp,12.610122427752007,5.7995993821316265,2.174309223254864,0.029681920214123712,1.243116514013268,23.977128341490747,1008,1008,0,5,full,select,retain,dgtw,2019-2022
ld2_enet_characteristics_full_dgtw_select_retain,enet,characteristics,0,cap_spread_bp,7.168561851907679,7.054509621723826,1.016167279697605,0.30954973488647886,-6.6580229352623,20.99514663907766,1008,1008,0,5,full,select,retain,dgtw,2019-2022
ld2_enet_characteristics_full_dgtw_select_recent,enet,characteristics,0,rank_ic,0.0639599256820977,0.0026907394336131447,23.770389983920456,6.762702173806581e-125,0.058686173300434234,0.06923367806376117,1008,1008,0,5,full,select,recent,dgtw,2019-2022
ld2_enet_characteristics_full_dgtw_select_recent,enet,characteristics,0,ew_spread_bp,13.829186547747792,5.685912845850514,2.4321840525290686,0.015008078793028356,2.68500215064714,24.973370944848444,1008,1008,0,5,full,select,recent,dgtw,2019-2022
ld2_enet_characteristics_full_dgtw_select_recent,enet,characteristics,0,cap_spread_bp,3.9935035708414723,7.2029322298468585,0.5544274808380889,0.579286323209903,-10.123984182741152,18.1109913244241,1008,1008,0,5,full,select,recent,dgtw,2019-2022
ld2_enet_characteristics_full_dgtw_select_union,enet,characteristics,0,rank_ic,0.06404911888110815,0.0026887282386040038,23.82134347440136,2.0073316297350777e-125,0.05877930836922848,0.06931892939298781,1008,1008,0,5,full,select,union,dgtw,2019-2022
ld2_enet_characteristics_full_dgtw_select_union,enet,characteristics,0,ew_spread_bp,13.106833247454482,5.784049105620271,2.266030769814657,0.023449499373529584,1.7703053156276383,24.443361179281325,1008,1008,0,5,full,select,union,dgtw,2019-2022
ld2_enet_characteristics_full_dgtw_select_union,enet,characteristics,0,cap_spread_bp,5.715185021157135,7.326632385231554,0.7800562005372826,0.4353577956949337,-8.644750581861503,20.075120624175774,1008,1008,0,5,full,select,union,dgtw,2019-2022
ld2_ols_characteristics_core_full_dgtw_fixed504_retain,ols,characteristics_core,504,rank_ic,0.06287467652149106,0.002801517935996511,22.443074775149096,1.4953998239853052e-111,0.05738380226489491,0.06836555077808722,1008,1008,0,5,full,fixed504,retain,dgtw,2019-2022
ld2_ols_characteristics_core_full_dgtw_fixed504_retain,ols,characteristics_core,504,ew_spread_bp,22.002034590579022,5.944602725252302,3.7011782969307183,0.00021460061154451084,10.350827346685856,33.65324183447219,1008,1008,0,5,full,fixed504,retain,dgtw,2019-2022
ld2_ols_characteristics_core_full_dgtw_fixed504_retain,ols,characteristics_core,504,cap_spread_bp,6.985003179442937,8.56053569716457,0.8159539807487185,0.4145264565059642,-9.7933384753691,23.763344834254976,1008,1008,0,5,full,fixed504,retain,dgtw,2019-2022
ld2_ols_characteristics_core_full_dgtw_fixed504_recent,ols,characteristics_core,504,rank_ic,0.06364541669023241,0.002796992573348389,22.75494661540699,1.2819814662742918e-114,0.058163411981443564,0.06912742139902125,1008,1008,0,5,full,fixed504,recent,dgtw,2019-2022
ld2_ols_characteristics_core_full_dgtw_fixed504_recent,ols,characteristics_core,504,ew_spread_bp,20.659950795598192,5.903983153256963,3.499324144277245,0.00046643916945596166,9.088356449883323,32.23154514131306,1008,1008,0,5,full,fixed504,recent,dgtw,2019-2022
ld2_ols_characteristics_core_full_dgtw_fixed504_recent,ols,characteristics_core,504,cap_spread_bp,10.829009381122612,7.638701173335439,1.4176506104105293,0.1562927963092246,-4.142569807278701,25.800588569523924,1008,1008,0,5,full,fixed504,recent,dgtw,2019-2022
ld2_ols_characteristics_core_full_dgtw_fixed504_union,ols,characteristics_core,504,rank_ic,0.06394253798916083,0.002806663322199373,22.78240410362217,6.852544441033829e-115,0.05844157896092052,0.06944349701740114,1008,1008,0,5,full,fixed504,union,dgtw,2019-2022
ld2_ols_characteristics_core_full_dgtw_fixed504_union,ols,characteristics_core,504,ew_spread_bp,19.849016209942825,5.9340881398943335,3.3449142887682606,0.0008230800201768566,8.21841717466365,31.479615245222,1008,1008,0,5,full,fixed504,union,dgtw,2019-2022
ld2_ols_characteristics_core_full_dgtw_fixed504_union,ols,characteristics_core,504,cap_spread_bp,8.833801402664236,7.975395830367685,1.1076317201746935,0.2680208985216518,-6.797687187307345,24.465289992635817,1008,1008,0,5,full,fixed504,union,dgtw,2019-2022
ld2_ols_characteristics_core_full_dgtw_select_retain,ols,characteristics_core,0,rank_ic,0.06341216891489458,0.0028026848920448405,22.625507810344324,2.4314806149698653e-113,0.05791900746647216,0.068905330363317,1008,1008,0,5,full,select,retain,dgtw,2019-2022
ld2_ols_characteristics_core_full_dgtw_select_retain,ols,characteristics_core,0,ew_spread_bp,20.316226014369203,5.87604423707338,3.4574664850528585,0.0005452800623961698,8.79939093814124,31.833061090597166,1008,1008,0,5,full,select,retain,dgtw,2019-2022
ld2_ols_characteristics_core_full_dgtw_select_retain,ols,characteristics_core,0,cap_spread_bp,7.359932167102833,8.148408566419118,0.9032355345354526,0.3664009022347907,-8.61065515439629,23.330519488601958,1008,1008,0,5,full,select,retain,dgtw,2019-2022
ld2_ols_characteristics_core_full_dgtw_select_recent,ols,characteristics_core,0,rank_ic,0.063843640065642,0.002820773765636583,22.633378416731684,2.034085801458023e-113,0.058315025076458867,0.06937225505482512,1008,1008,0,5,full,select,recent,dgtw,2019-2022
ld2_ols_characteristics_core_full_dgtw_select_recent,ols,characteristics_core,0,ew_spread_bp,19.686075510785347,5.874555297147978,3.3510750201538975,0.0008049849149890491,8.172158703186314,31.199992318384382,1008,1008,0,5,full,select,recent,dgtw,2019-2022
ld2_ols_characteristics_core_full_dgtw_select_recent,ols,characteristics_core,0,cap_spread_bp,6.74496162830395,8.24930701632337,0.8176397865853839,0.4135629020519209,-9.423383021103426,22.913306277711328,1008,1008,0,5,full,select,recent,dgtw,2019-2022
ld2_ols_characteristics_core_full_dgtw_select_union,ols,characteristics_core,0,rank_ic,0.06415007047659213,0.0028054600733246984,22.8661498648844,1.0095739190293237e-115,0.05865146977281062,0.06964867118037364,1008,1008,0,5,full,select,union,dgtw,2019-2022
ld2_ols_characteristics_core_full_dgtw_select_union,ols,characteristics_core,0,ew_spread_bp,19.947310577058783,5.923862835200836,3.367280967163466,0.000759133028671974,8.33675277070981,31.557868383407758,1008,1008,0,5,full,select,union,dgtw,2019-2022
ld2_ols_characteristics_core_full_dgtw_select_union,ols,characteristics_core,0,cap_spread_bp,11.58847186326171,7.939868624473154,1.4595294218776393,0.1444194487991149,-3.9733846826852517,27.15032840920867,1008,1008,0,5,full,select,union,dgtw,2019-2022
ld2_ridge_characteristics_core_full_dgtw_fixed504_retain,ridge,characteristics_core,504,rank_ic,0.06540822321586409,0.0028288211369042475,23.12207808495249,2.776947856102914e-118,0.05986383566882612,0.07095261076290206,1008,1008,0,5,full,fixed504,retain,dgtw,2019-2022
ld2_ridge_characteristics_core_full_dgtw_fixed504_retain,ridge,characteristics_core,504,ew_spread_bp,15.95684509786084,6.201037386278937,2.5732541353755782,0.010074719999772783,3.8030351539677323,28.11065504175395,1008,1008,0,5,full,fixed504,retain,dgtw,2019-2022
ld2_ridge_characteristics_core_full_dgtw_fixed504_retain,ridge,characteristics_core,504,cap_spread_bp,8.062860483130756,8.154478603807862,0.9887646868514287,0.3227782854561638,-7.9196238930351175,24.045344859296627,1008,1008,0,5,full,fixed504,retain,dgtw,2019-2022
ld2_ridge_characteristics_core_full_dgtw_fixed504_recent,ridge,characteristics_core,504,rank_ic,0.06545507164876868,0.0028474923518382643,22.986917456165475,6.300749354895972e-117,0.05987408919291243,0.07103605410462493,1008,1008,0,5,full,fixed504,recent,dgtw,2019-2022
ld2_ridge_characteristics_core_full_dgtw_fixed504_recent,ridge,characteristics_core,504,ew_spread_bp,14.060080016513318,6.139990345376605,2.289918912836812,0.022026017653078572,2.025920074151525,26.09423995887511,1008,1008,0,5,full,fixed504,recent,dgtw,2019-2022
ld2_ridge_characteristics_core_full_dgtw_fixed504_recent,ridge,characteristics_core,504,cap_spread_bp,3.939077589911936,7.870217515810204,0.5005042849195541,0.616720039758972,-11.486265291572357,19.36442047139623,1008,1008,0,5,full,fixed504,recent,dgtw,2019-2022
ld2_ridge_characteristics_core_full_dgtw_fixed504_union,ridge,characteristics_core,504,rank_ic,0.0658554502932561,0.0028506219041766596,23.102134378735514,4.406819372546107e-118,0.060268334027528854,0.07144256655898334,1008,1008,0,5,full,fixed504,union,dgtw,2019-2022
ld2_ridge_characteristics_core_full_dgtw_fixed504_union,ridge,characteristics_core,504,ew_spread_bp,15.012411363188214,6.135984447250585,2.4466182227555975,0.014420349606058041,2.986102836879157,27.038719889497273,1008,1008,0,5,full,fixed504,union,dgtw,2019-2022
ld2_ridge_characteristics_core_full_dgtw_fixed504_union,ridge,characteristics_core,504,cap_spread_bp,6.076363040381874,8.036243190420025,0.7561198555595583,0.44957733837047276,-9.674384183846637,21.827110264610383,1008,1008,0,5,full,fixed504,union,dgtw,2019-2022
ld2_ridge_characteristics_core_full_dgtw_select_retain,ridge,characteristics_core,0,rank_ic,0.06584214346605394,0.002812154924825489,23.4134125701271,3.120320804348936e-121,0.060330421094449034,0.07135386583765883,1008,1008,0,5,full,select,retain,dgtw,2019-2022
ld2_ridge_characteristics_core_full_dgtw_select_retain,ridge,characteristics_core,0,ew_spread_bp,15.880782863972941,6.161321494067876,2.5774962204557847,0.00995189698575817,3.8048146384273878,27.956751089518495,1008,1008,0,5,full,select,retain,dgtw,2019-2022
ld2_ridge_characteristics_core_full_dgtw_select_retain,ridge,characteristics_core,0,cap_spread_bp,7.41119317727274,7.740815700973411,0.9574175982953295,0.3383565194082089,-7.760526807597318,22.5829131621428,1008,1008,0,5,full,select,retain,dgtw,2019-2022
ld2_ridge_characteristics_core_full_dgtw_select_recent,ridge,characteristics_core,0,rank_ic,0.06614670339075161,0.002841368828055918,23.279872270580793,7.090582237411062e-120,0.06057772282096723,0.07171568396053599,1008,1008,0,5,full,select,recent,dgtw,2019-2022
ld2_ridge_characteristics_core_full_dgtw_select_recent,ridge,characteristics_core,0,ew_spread_bp,16.3731526304269,6.07587433390492,2.6947813155154567,0.007043484149505968,4.464657761381966,28.281647499471838,1008,1008,0,5,full,select,recent,dgtw,2019-2022
ld2_ridge_characteristics_core_full_dgtw_select_recent,ridge,characteristics_core,0,cap_spread_bp,4.849106351702993,7.739676316518608,0.6265257296811831,0.530970165917721,-10.320380480671107,20.01859318407709,1008,1008,0,5,full,select,recent,dgtw,2019-2022
ld2_ridge_characteristics_core_full_dgtw_select_union,ridge,characteristics_core,0,rank_ic,0.06613202878890591,0.0028388123324882657,23.295667710073705,4.9049804290621134e-120,0.060568058858360765,0.07169599871945105,1008,1008,0,5,full,select,union,dgtw,2019-2022
ld2_ridge_characteristics_core_full_dgtw_select_union,ridge,characteristics_core,0,ew_spread_bp,16.355659950449585,6.075907733146963,2.6918874790052674,0.007104891169130802,4.447099620093137,28.264220280806033,1008,1008,0,5,full,select,union,dgtw,2019-2022
ld2_ridge_characteristics_core_full_dgtw_select_union,ridge,characteristics_core,0,cap_spread_bp,6.399207020245536,7.497177146225205,0.853548861849624,0.39335500337298945,-8.294990172072648,21.09340421256372,1008,1008,0,5,full,select,union,dgtw,2019-2022
ld2_lasso_characteristics_core_full_dgtw_fixed504_retain,lasso,characteristics_core,504,rank_ic,0.0646697369217085,0.0028530947768064746,22.666522488991628,9.587520557073623e-114,0.05907777391468847,0.07026169992872854,1008,1008,0,5,full,fixed504,retain,dgtw,2019-2022
ld2_lasso_characteristics_core_full_dgtw_fixed504_retain,lasso,characteristics_core,504,ew_spread_bp,15.980633245505727,6.04616383073393,2.643102914987647,0.00821500612564113,4.130369892638498,27.830896598372956,1008,1008,0,5,full,fixed504,retain,dgtw,2019-2022
ld2_lasso_characteristics_core_full_dgtw_fixed504_retain,lasso,characteristics_core,504,cap_spread_bp,4.703829994540484,7.712007303077023,0.6099358843531822,0.5419042804834584,-10.411426568000355,19.81908655708132,1008,1008,0,5,full,fixed504,retain,dgtw,2019-2022
ld2_lasso_characteristics_core_full_dgtw_fixed504_recent,lasso,characteristics_core,504,rank_ic,0.06492464182200756,0.0028855829353111226,22.499662382778617,4.182333660835908e-112,0.05926900319439439,0.07058028044962074,1008,1008,0,5,full,fixed504,recent,dgtw,2019-2022
ld2_lasso_characteristics_core_full_dgtw_fixed504_recent,lasso,characteristics_core,504,ew_spread_bp,15.104757761043878,6.014212316259789,2.5115105631052046,0.012021568806464027,3.3171182257974756,26.89239729629028,1008,1008,0,5,full,fixed504,recent,dgtw,2019-2022
ld2_lasso_characteristics_core_full_dgtw_fixed504_recent,lasso,characteristics_core,504,cap_spread_bp,1.9296035142718355,8.26266464396544,0.233532836853194,0.815347674227622,-14.264921604232896,18.124128632776568,1008,1008,0,5,full,fixed504,recent,dgtw,2019-2022
ld2_lasso_characteristics_core_full_dgtw_fixed504_union,lasso,characteristics_core,504,rank_ic,0.06535428754017286,0.0028683667189926872,22.78449513008015,6.53314081828374e-115,0.059732392076493876,0.07097618300385185,1008,1008,0,5,full,fixed504,union,dgtw,2019-2022
ld2_lasso_characteristics_core_full_dgtw_fixed504_union,lasso,characteristics_core,504,ew_spread_bp,16.63122318603931,5.957877674086543,2.791467716495068,0.0052469591548945345,4.95399752053442,28.3084488515442,1008,1008,0,5,full,fixed504,union,dgtw,2019-2022
ld2_lasso_characteristics_core_full_dgtw_fixed504_union,lasso,characteristics_core,504,cap_spread_bp,4.041049352421484,7.928693625552502,0.509674045090863,0.610279839487795,-11.498904598113725,19.581003302956695,1008,1008,0,5,full,fixed504,union,dgtw,2019-2022
ld2_lasso_characteristics_core_full_dgtw_select_retain,lasso,characteristics_core,0,rank_ic,0.06522511632741326,0.0028119361503857842,23.195802763325435,5.019751483170352e-119,0.05971382274583092,0.0707364099089956,1008,1008,0,5,full,select,retain,dgtw,2019-2022
ld2_lasso_characteristics_core_full_dgtw_select_retain,lasso,characteristics_core,0,ew_spread_bp,16.41127618591244,5.9787868508875235,2.7449174214123824,0.006052612583964979,4.693069286931246,28.12948308489363,1008,1008,0,5,full,select,retain,dgtw,2019-2022
ld2_lasso_characteristics_core_full_dgtw_select_retain,lasso,characteristics_core,0,cap_spread_bp,1.9509971597062659,7.848910906541534,0.24856915601886145,0.8036940696831459,-13.432585534978768,17.3345798543913,1008,1008,0,5,full,select,retain,dgtw,2019-2022
ld2_lasso_characteristics_core_full_dgtw_select_recent,lasso,characteristics_core,0,rank_ic,0.06572690555757262,0.0028530595259978,23.037341127534294,1.970189135905591e-117,0.06013501164086801,0.07131879947427722,1008,1008,0,5,full,select,recent,dgtw,2019-2022
ld2_lasso_characteristics_core_full_dgtw_select_recent,lasso,characteristics_core,0,ew_spread_bp,15.703840415623606,5.876179667599268,2.672457498570574,0.0075297912266679866,4.186739900442495,27.220940930804716,1008,1008,0,5,full,select,recent,dgtw,2019-2022
ld2_lasso_characteristics_core_full_dgtw_select_recent,lasso,characteristics_core,0,cap_spread_bp,4.107507820969221,7.699215699798305,0.5334969146372693,0.5936896462525753,-10.982677659840807,19.197693301779246,1008,1008,0,5,full,select,recent,dgtw,2019-2022
ld2_lasso_characteristics_core_full_dgtw_select_union,lasso,characteristics_core,0,rank_ic,0.06576432219373282,0.002847210069393026,23.097811749363682,4.870478820712948e-118,0.0601838930013027,0.07134475138616295,1008,1008,0,5,full,select,union,dgtw,2019-2022
ld2_lasso_characteristics_core_full_dgtw_select_union,lasso,characteristics_core,0,ew_spread_bp,17.094959223988404,6.045532267070987,2.827701262484664,0.004688353457377447,5.245933713154486,28.943984734822322,1008,1008,0,5,full,select,union,dgtw,2019-2022
ld2_lasso_characteristics_core_full_dgtw_select_union,lasso,characteristics_core,0,cap_spread_bp,5.149763532966535,7.722241030620274,0.6668742289377738,0.5048524735623141,-9.98555076698667,20.28507783291974,1008,1008,0,5,full,select,union,dgtw,2019-2022
ld2_enet_characteristics_core_full_dgtw_fixed504_retain,enet,characteristics_core,504,rank_ic,0.06486096271027303,0.0028529588101879754,22.734629914267664,2.0368322721765027e-114,0.059269266192928355,0.0704526592276177,1008,1008,0,5,full,fixed504,retain,dgtw,2019-2022
ld2_enet_characteristics_core_full_dgtw_fixed504_retain,enet,characteristics_core,504,ew_spread_bp,16.116966334437247,6.054802336301418,2.6618484699010523,0.007771285431511848,4.249771821777491,27.984160847097,1008,1008,0,5,full,fixed504,retain,dgtw,2019-2022
ld2_enet_characteristics_core_full_dgtw_fixed504_retain,enet,characteristics_core,504,cap_spread_bp,3.094296540650701,7.923563515219964,0.3905182983271386,0.6961533271974734,-12.435602578396017,18.62419565969742,1008,1008,0,5,full,fixed504,retain,dgtw,2019-2022
ld2_enet_characteristics_core_full_dgtw_fixed504_recent,enet,characteristics_core,504,rank_ic,0.06510015558858613,0.002884819104248524,22.566460230630053,9.256644326630211e-113,0.059446014042345924,0.07075429713482634,1008,1008,0,5,full,fixed504,recent,dgtw,2019-2022
ld2_enet_characteristics_core_full_dgtw_fixed504_recent,enet,characteristics_core,504,ew_spread_bp,14.976511924083024,6.028025086125286,2.4844806897958143,0.012974054445806363,3.1617998573735058,26.791223990792542,1008,1008,0,5,full,fixed504,recent,dgtw,2019-2022
ld2_enet_characteristics_core_full_dgtw_fixed504_recent,enet,characteristics_core,504,cap_spread_bp,0.8718539106924729,8.261295505737289,0.10553476874020418,0.9159514825555788,-15.319987746195224,17.06369556758017,1008,1008,0,5,full,fixed504,recent,dgtw,2019-2022
ld2_enet_characteristics_core_full_dgtw_fixed504_union,enet,characteristics_core,504,rank_ic,0.06556769912092414,0.0028724602569679012,22.826320733897916,2.5123305229984643e-115,0.05993778047024438,0.0711976177716039,1008,1008,0,5,full,fixed504,union,dgtw,2019-2022
ld2_enet_characteristics_core_full_dgtw_fixed504_union,enet,characteristics_core,504,ew_spread_bp,16.636357878988548,5.976508975123014,2.783624679262884,0.005375519774100138,4.922615534467051,28.350100223510047,1008,1008,0,5,full,fixed504,union,dgtw,2019-2022
ld2_enet_characteristics_core_full_dgtw_fixed504_union,enet,characteristics_core,504,cap_spread_bp,4.943154378393524,7.940371881759554,0.6225343664002474,0.5335905533951313,-10.619688533709738,20.505997290496786,1008,1008,0,5,full,fixed504,union,dgtw,2019-2022
ld2_enet_characteristics_core_full_dgtw_select_retain,enet,characteristics_core,0,rank_ic,0.06519311202831184,0.0027985875748128934,23.29500517155354,4.9814125614872635e-120,0.05970798117409727,0.0706782428825264,1008,1008,0,5,full,select,retain,dgtw,2019-2022
ld2_enet_characteristics_core_full_dgtw_select_retain,enet,characteristics_core,0,ew_spread_bp,16.019168780208563,6.054524301625555,2.645817901153298,0.008149367311500611,4.152519205499951,27.885818354917177,1008,1008,0,5,full,select,retain,dgtw,2019-2022
ld2_enet_characteristics_core_full_dgtw_select_retain,enet,characteristics_core,0,cap_spread_bp,-0.10078467676184,7.5724703949900745,-0.01330935236518308,0.9893809867411121,-14.942553924938183,14.740984571414502,1008,1008,0,5,full,select,retain,dgtw,2019-2022
ld2_enet_characteristics_core_full_dgtw_select_recent,enet,characteristics_core,0,rank_ic,0.06566413323012042,0.0028485608733935107,23.051686851225433,1.4147022944431387e-117,0.06008105651049918,0.07124720994974167,1008,1008,0,5,full,select,recent,dgtw,2019-2022
ld2_enet_characteristics_core_full_dgtw_select_recent,enet,characteristics_core,0,ew_spread_bp,14.65140115123452,5.971516619959312,2.4535477473617666,0.014145475875521401,2.947443643031912,26.35535865943713,1008,1008,0,5,full,select,recent,dgtw,2019-2022
ld2_enet_characteristics_core_full_dgtw_select_recent,enet,characteristics_core,0,cap_spread_bp,1.8665989434344834,7.664329165297935,0.24354368179878705,0.8075842503472322,-13.155210186209402,16.88840807307837,1008,1008,0,5,full,select,recent,dgtw,2019-2022
ld2_enet_characteristics_core_full_dgtw_select_union,enet,characteristics_core,0,rank_ic,0.06567963894555466,0.0028372026405739533,23.149435294571685,1.4729167205738043e-118,0.060118823953187774,0.07124045393792156,1008,1008,0,5,full,select,union,dgtw,2019-2022
ld2_enet_characteristics_core_full_dgtw_select_union,enet,characteristics_core,0,ew_spread_bp,15.854159440961874,6.177591707123175,2.5663980710607617,0.01027608221735268,3.746302183807142,27.962016698116607,1008,1008,0,5,full,select,union,dgtw,2019-2022
ld2_enet_characteristics_core_full_dgtw_select_union,enet,characteristics_core,0,cap_spread_bp,5.5983382096868874,7.598186546197031,0.7367992580399216,0.46124443447491104,-9.293833768676077,20.49051018804985,1008,1008,0,5,full,select,union,dgtw,2019-2022
ld2_group_ridge_characteristics_core_full_dgtw_fixed504_retain,group_ridge,characteristics_core,504,rank_ic,0.06539206056142931,0.0028204307678592905,23.185132323266327,6.432037405441188e-119,0.05986411783553645,0.07092000328732216,1008,1008,0,5,full,fixed504,retain,dgtw,2019-2022
ld2_group_ridge_characteristics_core_full_dgtw_fixed504_retain,group_ridge,characteristics_core,504,ew_spread_bp,15.296607151211306,6.183446685459971,2.4737994729024546,0.01336847091760564,3.1772743473861915,27.41593995503642,1008,1008,0,5,full,fixed504,retain,dgtw,2019-2022
ld2_group_ridge_characteristics_core_full_dgtw_fixed504_retain,group_ridge,characteristics_core,504,cap_spread_bp,8.813998105120282,8.136901078272905,1.0832131324117185,0.27871383203867506,-7.134034954059743,24.762031164300307,1008,1008,0,5,full,fixed504,retain,dgtw,2019-2022
ld2_group_ridge_characteristics_core_full_dgtw_fixed504_recent,group_ridge,characteristics_core,504,rank_ic,0.06543329680488828,0.0028407446454851494,23.03385378509212,2.135313313340437e-117,0.059865539610462384,0.07100105399931418,1008,1008,0,5,full,fixed504,recent,dgtw,2019-2022
ld2_group_ridge_characteristics_core_full_dgtw_fixed504_recent,group_ridge,characteristics_core,504,ew_spread_bp,13.936386033826004,6.134186493192397,2.2719208242677884,0.02309129289292647,1.9136014327168525,25.959170634935155,1008,1008,0,5,full,fixed504,recent,dgtw,2019-2022
ld2_group_ridge_characteristics_core_full_dgtw_fixed504_recent,group_ridge,characteristics_core,504,cap_spread_bp,4.367911627306481,7.8528872185147955,0.5562172874466135,0.5780623226347795,-11.023464495637441,19.7592877502504,1008,1008,0,5,full,fixed504,recent,dgtw,2019-2022
ld2_group_ridge_characteristics_core_full_dgtw_fixed504_union,group_ridge,characteristics_core,504,rank_ic,0.06584899507250738,0.002843413536315537,23.15843060866685,1.1955192797026923e-118,0.060276006948175254,0.07142198319683951,1008,1008,0,5,full,fixed504,union,dgtw,2019-2022
ld2_group_ridge_characteristics_core_full_dgtw_fixed504_union,group_ridge,characteristics_core,504,ew_spread_bp,14.352743636193257,6.106062700428454,2.3505725932336308,0.01874455092845183,2.3850806560101017,26.32040661637641,1008,1008,0,5,full,fixed504,union,dgtw,2019-2022
ld2_group_ridge_characteristics_core_full_dgtw_fixed504_union,group_ridge,characteristics_core,504,cap_spread_bp,5.604825783087269,8.060019427591826,0.6953861381401012,0.48681334526149234,-10.192522009685852,21.402173575860388,1008,1008,0,5,full,fixed504,union,dgtw,2019-2022
ld2_group_ridge_characteristics_core_full_dgtw_select_retain,group_ridge,characteristics_core,0,rank_ic,0.06580173110679623,0.002804705017469597,23.46119491958641,1.0161439329650894e-121,0.06030461028529703,0.07129885192829542,1008,1008,0,5,full,select,retain,dgtw,2019-2022
ld2_group_ridge_characteristics_core_full_dgtw_select_retain,group_ridge,characteristics_core,0,ew_spread_bp,15.20716500221928,6.128972163067454,2.4811933547122416,0.013094332194866611,3.1946003003585197,27.21972970408004,1008,1008,0,5,full,select,retain,dgtw,2019-2022
ld2_group_ridge_characteristics_core_full_dgtw_select_retain,group_ridge,characteristics_core,0,cap_spread_bp,5.416899395577858,7.706476632325556,0.7029022021368564,0.4821166987069083,-9.687517251479754,20.521316042635473,1008,1008,0,5,full,select,retain,dgtw,2019-2022
ld2_group_ridge_characteristics_core_full_dgtw_select_recent,group_ridge,characteristics_core,0,rank_ic,0.066083565832441,0.0028370275110746745,23.29324110339993,5.190766489352373e-120,0.06052309408758533,0.07164403757729668,1008,1008,0,5,full,select,recent,dgtw,2019-2022
ld2_group_ridge_characteristics_core_full_dgtw_select_recent,group_ridge,characteristics_core,0,ew_spread_bp,15.777449170760635,6.010171389781163,2.62512466742402,0.008661724663208694,3.9977297058765124,27.557168635644757,1008,1008,0,5,full,select,recent,dgtw,2019-2022
ld2_group_ridge_characteristics_core_full_dgtw_select_recent,group_ridge,characteristics_core,0,cap_spread_bp,1.7305212720182352,7.720201739339665,0.22415492890555636,0.8226367526282091,-13.40079609047099,16.86183863450746,1008,1008,0,5,full,select,recent,dgtw,2019-2022
ld2_group_ridge_characteristics_core_full_dgtw_select_union,group_ridge,characteristics_core,0,rank_ic,0.06606308767920027,0.002831489681555636,23.331565751249656,2.120822012492639e-120,0.06051346988075444,0.0716127054776461,1008,1008,0,5,full,select,union,dgtw,2019-2022
ld2_group_ridge_characteristics_core_full_dgtw_select_union,group_ridge,characteristics_core,0,ew_spread_bp,15.421168929149328,6.02061391588683,2.5613947588396067,0.010425282183945745,3.620982489190478,27.221355369108178,1008,1008,0,5,full,select,union,dgtw,2019-2022
ld2_group_ridge_characteristics_core_full_dgtw_select_union,group_ridge,characteristics_core,0,cap_spread_bp,3.853566286622434,7.438353930894482,0.5180670780691169,0.604411469179906,-10.725339522192687,18.432472095437557,1008,1008,0,5,full,select,union,dgtw,2019-2022
ld2_ols_characteristics_textcore_full_dgtw_fixed504_retain,ols,characteristics_textcore,504,rank_ic,0.060379413319016285,0.002618813412971217,23.056019577397784,1.2799817812892501e-117,0.05524663334736228,0.06551219329067029,1008,1008,0,5,full,fixed504,retain,dgtw,2019-2022
ld2_ols_characteristics_textcore_full_dgtw_fixed504_retain,ols,characteristics_textcore,504,ew_spread_bp,22.455849733130588,5.942794561403701,3.7786683522552167,0.0001576692428859136,10.808186425258826,34.10351304100235,1008,1008,0,5,full,fixed504,retain,dgtw,2019-2022
ld2_ols_characteristics_textcore_full_dgtw_fixed504_retain,ols,characteristics_textcore,504,cap_spread_bp,-1.6203775302543744,8.51515456080481,-0.1902933785503976,0.8490792420052558,-18.309773792223783,15.069018731715035,1008,1008,0,5,full,fixed504,retain,dgtw,2019-2022
ld2_ols_characteristics_textcore_full_dgtw_fixed504_recent,ols,characteristics_textcore,504,rank_ic,0.061531536241632837,0.0026315763925638096,23.3820064716745,6.51497908478763e-121,0.056373741289641933,0.06668933119362375,1008,1008,0,5,full,fixed504,recent,dgtw,2019-2022
ld2_ols_characteristics_textcore_full_dgtw_fixed504_recent,ols,characteristics_textcore,504,ew_spread_bp,24.897300018526522,5.852918597073445,4.25382646377067,2.1014818554603997e-05,13.425790363817871,36.36880967323518,1008,1008,0,5,full,fixed504,recent,dgtw,2019-2022
ld2_ols_characteristics_textcore_full_dgtw_fixed504_recent,ols,characteristics_textcore,504,cap_spread_bp,5.607857375932502,8.205385177255389,0.6834362135097561,0.49433124351925783,-10.474402050766868,21.69011680263187,1008,1008,0,5,full,fixed504,recent,dgtw,2019-2022
ld2_ols_characteristics_textcore_full_dgtw_fixed504_union,ols,characteristics_textcore,504,rank_ic,0.06201152595372336,0.002654391312513706,23.36186291048342,1.044117098479687e-120,0.05680901458032049,0.06721403732712623,1008,1008,0,5,full,fixed504,union,dgtw,2019-2022
ld2_ols_characteristics_textcore_full_dgtw_fixed504_union,ols,characteristics_textcore,504,ew_spread_bp,23.79342089204528,5.923656733047722,4.016677867119347,5.902431863256153e-05,12.183267038493547,35.40357474559701,1008,1008,0,5,full,fixed504,union,dgtw,2019-2022
ld2_ols_characteristics_textcore_full_dgtw_fixed504_union,ols,characteristics_textcore,504,cap_spread_bp,4.572245277919588,8.372671580511529,0.5460915591819077,0.5850030016574397,-11.837889474265062,20.98238003010424,1008,1008,0,5,full,fixed504,union,dgtw,2019-2022
ld2_ols_characteristics_textcore_full_dgtw_select_retain,ols,characteristics_textcore,0,rank_ic,0.061550991917484026,0.002681672672572599,22.952462672648462,1.3923508190127264e-116,0.05629501006091646,0.06680697377405159,1008,1008,0,5,full,select,retain,dgtw,2019-2022
ld2_ols_characteristics_textcore_full_dgtw_select_retain,ols,characteristics_textcore,0,ew_spread_bp,23.364381542118743,5.9366620332178215,3.9356091708415235,8.298592944445553e-05,11.728737768625482,35.00002531561201,1008,1008,0,5,full,select,retain,dgtw,2019-2022
ld2_ols_characteristics_textcore_full_dgtw_select_retain,ols,characteristics_textcore,0,cap_spread_bp,3.2969198625036737,8.142748811773837,0.404890281981505,0.6855581620071127,-12.662574543729367,19.256414268736712,1008,1008,0,5,full,select,retain,dgtw,2019-2022
ld2_ols_characteristics_textcore_full_dgtw_select_recent,ols,characteristics_textcore,0,rank_ic,0.06217307216893934,0.00268389211579043,23.165265028035158,1.0201899862624194e-118,0.05691274028359909,0.06743340405427958,1008,1008,0,5,full,select,recent,dgtw,2019-2022
ld2_ols_characteristics_textcore_full_dgtw_select_recent,ols,characteristics_textcore,0,ew_spread_bp,23.06017644851602,5.832766202052534,3.9535574802228846,7.699775580403731e-05,11.628164762250579,34.492188134781465,1008,1008,0,5,full,select,recent,dgtw,2019-2022
ld2_ols_characteristics_textcore_full_dgtw_select_recent,ols,characteristics_textcore,0,cap_spread_bp,5.924023275249064,7.907647715028521,0.749151136815368,0.4537661164288498,-9.574681448637289,21.422727999135418,1008,1008,0,5,full,select,recent,dgtw,2019-2022
ld2_ols_characteristics_textcore_full_dgtw_select_union,ols,characteristics_textcore,0,rank_ic,0.06253376956146096,0.0026941136828534835,23.21125866345329,3.504631306606266e-119,0.05725340377281157,0.06781413535011035,1008,1008,0,5,full,select,union,dgtw,2019-2022
ld2_ols_characteristics_textcore_full_dgtw_select_union,ols,characteristics_textcore,0,ew_spread_bp,22.727728974174354,5.894220980834025,3.855934320765559,0.00011528844132337427,11.175268134819312,34.2801898135294,1008,1008,0,5,full,select,union,dgtw,2019-2022
ld2_ols_characteristics_textcore_full_dgtw_select_union,ols,characteristics_textcore,0,cap_spread_bp,5.987058022538683,8.054136477791278,0.7433519458041938,0.45726862964292125,-9.798759400502508,21.772875445579874,1008,1008,0,5,full,select,union,dgtw,2019-2022
ld2_ridge_characteristics_textcore_full_dgtw_fixed504_retain,ridge,characteristics_textcore,504,rank_ic,0.06409154597257623,0.002731991062153912,23.459647017309866,1.0537921042853731e-121,0.058736941884669235,0.06944615006048323,1008,1008,0,5,full,fixed504,retain,dgtw,2019-2022
ld2_ridge_characteristics_textcore_full_dgtw_fixed504_retain,ridge,characteristics_textcore,504,ew_spread_bp,17.827664967636693,6.03557434464007,2.9537644554852784,0.0031392350933120558,5.998156626128216,29.657173309145172,1008,1008,0,5,full,fixed504,retain,dgtw,2019-2022
ld2_ridge_characteristics_textcore_full_dgtw_fixed504_retain,ridge,characteristics_textcore,504,cap_spread_bp,5.574056706589447,8.196077638119885,0.6800883242814293,0.4964485369044842,-10.489960278619636,21.63807369179853,1008,1008,0,5,full,fixed504,retain,dgtw,2019-2022
ld2_ridge_characteristics_textcore_full_dgtw_fixed504_recent,ridge,characteristics_textcore,504,rank_ic,0.06457943941708279,0.002752360144771907,23.463295506495065,9.671915774836275e-122,0.0591849126608464,0.06997396617331918,1008,1008,0,5,full,fixed504,recent,dgtw,2019-2022
ld2_ridge_characteristics_textcore_full_dgtw_fixed504_recent,ridge,characteristics_textcore,504,ew_spread_bp,19.44106219662321,6.0930351004548005,3.190702478502393,0.0014192735223000992,7.498932843193412,31.38319155005301,1008,1008,0,5,full,fixed504,recent,dgtw,2019-2022
ld2_ridge_characteristics_textcore_full_dgtw_fixed504_recent,ridge,characteristics_textcore,504,cap_spread_bp,8.525391095869743,8.064582956680002,1.0571397357637753,0.29044781866537606,-7.280901049558604,24.33168324129809,1008,1008,0,5,full,fixed504,recent,dgtw,2019-2022
ld2_ridge_characteristics_textcore_full_dgtw_fixed504_union,ridge,characteristics_textcore,504,rank_ic,0.06499656615488882,0.0027677449045632706,23.483582626320395,6.0023843649775e-122,0.05957188582355056,0.07042124648622708,1008,1008,0,5,full,fixed504,union,dgtw,2019-2022
ld2_ridge_characteristics_textcore_full_dgtw_fixed504_union,ridge,characteristics_textcore,504,ew_spread_bp,19.965802180011647,6.055538640287311,3.2971141571419897,0.0009768378888822447,8.097164538057868,31.834439821965425,1008,1008,0,5,full,fixed504,union,dgtw,2019-2022
ld2_ridge_characteristics_textcore_full_dgtw_fixed504_union,ridge,characteristics_textcore,504,cap_spread_bp,6.9301065386647815,8.073092201921483,0.8584203382460244,0.3906604010890805,-8.892863420972485,22.75307649830205,1008,1008,0,5,full,fixed504,union,dgtw,2019-2022
ld2_ridge_characteristics_textcore_full_dgtw_select_retain,ridge,characteristics_textcore,0,rank_ic,0.06459725526118557,0.0027508877632411778,23.482330367806487,6.181844262199274e-122,0.059205614319720906,0.06998889620265022,1008,1008,0,5,full,select,retain,dgtw,2019-2022
ld2_ridge_characteristics_textcore_full_dgtw_select_retain,ridge,characteristics_textcore,0,ew_spread_bp,19.556790111938604,6.052936286086075,3.2309591886658264,0.0012337555439914764,7.693252990494264,31.42032723338294,1008,1008,0,5,full,select,retain,dgtw,2019-2022
ld2_ridge_characteristics_textcore_full_dgtw_select_retain,ridge,characteristics_textcore,0,cap_spread_bp,6.163301183496726,7.998788692547544,0.7705293164250059,0.4409859717264827,-9.514036573842688,21.84063894083614,1008,1008,0,5,full,select,retain,dgtw,2019-2022
ld2_ridge_characteristics_textcore_full_dgtw_select_recent,ridge,characteristics_textcore,0,rank_ic,0.06512944468661033,0.002772337255437438,23.492612436986413,4.85340562900091e-122,0.05969576351295433,0.07056312586026633,1008,1008,0,5,full,select,recent,dgtw,2019-2022
ld2_ridge_characteristics_textcore_full_dgtw_select_recent,ridge,characteristics_textcore,0,ew_spread_bp,18.862912772071223,6.085284879430582,3.099758375459372,0.0019367857051234005,6.935973572721116,30.789851971421328,1008,1008,0,5,full,select,recent,dgtw,2019-2022
ld2_ridge_characteristics_textcore_full_dgtw_select_recent,ridge,characteristics_textcore,0,cap_spread_bp,5.436957103072827,8.194055987927774,0.6635245244947124,0.5069946779730231,-10.62309752057038,21.497011726716035,1008,1008,0,5,full,select,recent,dgtw,2019-2022
ld2_ridge_characteristics_textcore_full_dgtw_select_union,ridge,characteristics_textcore,0,rank_ic,0.06515690594724961,0.002777582332548791,23.458136662130816,1.0918686608133112e-121,0.05971294461135923,0.07060086728314,1008,1008,0,5,full,select,union,dgtw,2019-2022
ld2_ridge_characteristics_textcore_full_dgtw_select_union,ridge,characteristics_textcore,0,ew_spread_bp,19.339808187222495,6.031065422437529,3.206698457501738,0.0013426765629335953,7.519137170840091,31.1604792036049,1008,1008,0,5,full,select,union,dgtw,2019-2022
ld2_ridge_characteristics_textcore_full_dgtw_select_union,ridge,characteristics_textcore,0,cap_spread_bp,6.76225909976021,7.978702726003857,0.8475386703807043,0.39669494218970247,-8.875710886558903,22.40022908607932,1008,1008,0,5,full,select,union,dgtw,2019-2022
ld2_lasso_characteristics_textcore_full_dgtw_fixed504_retain,lasso,characteristics_textcore,504,rank_ic,0.06465414928812624,0.0028280060590005563,22.862097159358854,1.1077894234148589e-115,0.059111359264424096,0.07019693931182838,1008,1008,0,5,full,fixed504,retain,dgtw,2019-2022
ld2_lasso_characteristics_textcore_full_dgtw_fixed504_retain,lasso,characteristics_textcore,504,ew_spread_bp,16.430132900661366,5.943139105751462,2.764554658456696,0.005700055668262829,4.7817942982769175,28.078471503045815,1008,1008,0,5,full,fixed504,retain,dgtw,2019-2022
ld2_lasso_characteristics_textcore_full_dgtw_fixed504_retain,lasso,characteristics_textcore,504,cap_spread_bp,3.211792535639485,7.819802096140185,0.4107255524055794,0.6812737881127149,-12.114737939026098,18.538323010305067,1008,1008,0,5,full,fixed504,retain,dgtw,2019-2022
ld2_lasso_characteristics_textcore_full_dgtw_fixed504_recent,lasso,characteristics_textcore,504,rank_ic,0.06507010043476322,0.002867985666789089,22.68843292637991,5.827723248525441e-114,0.05944895181967951,0.07069124904984693,1008,1008,0,5,full,fixed504,recent,dgtw,2019-2022
ld2_lasso_characteristics_textcore_full_dgtw_fixed504_recent,lasso,characteristics_textcore,504,ew_spread_bp,16.986824266331006,5.922646822303711,2.8681136620136503,0.0041292715982743835,5.378649801465135,28.594998731196874,1008,1008,0,5,full,fixed504,recent,dgtw,2019-2022
ld2_lasso_characteristics_textcore_full_dgtw_fixed504_recent,lasso,characteristics_textcore,504,cap_spread_bp,3.6710260033163773,8.354077773273552,0.43942923479366686,0.6603505471932904,-12.702665556346357,20.044717562979113,1008,1008,0,5,full,fixed504,recent,dgtw,2019-2022
ld2_lasso_characteristics_textcore_full_dgtw_fixed504_union,lasso,characteristics_textcore,504,rank_ic,0.06552495307343659,0.002855043493478195,22.950597153113744,1.4533788076075643e-116,0.05992917065192391,0.07112073549494927,1008,1008,0,5,full,fixed504,union,dgtw,2019-2022
ld2_lasso_characteristics_textcore_full_dgtw_fixed504_union,lasso,characteristics_textcore,504,ew_spread_bp,17.86670171649375,5.9690759593479354,2.9932106473722135,0.0027605914016192524,6.167527815187926,29.565875617799577,1008,1008,0,5,full,fixed504,union,dgtw,2019-2022
ld2_lasso_characteristics_textcore_full_dgtw_fixed504_union,lasso,characteristics_textcore,504,cap_spread_bp,2.972467622443892,7.992637330200753,0.37190072558555987,0.7099667648825245,-12.692813686239957,18.63774893112774,1008,1008,0,5,full,fixed504,union,dgtw,2019-2022
ld2_lasso_characteristics_textcore_full_dgtw_select_retain,lasso,characteristics_textcore,0,rank_ic,0.06515495308318839,0.002783881493782302,23.40435583508479,3.85869627566659e-121,0.05969864561814751,0.07061126054822926,1008,1008,0,5,full,select,retain,dgtw,2019-2022
ld2_lasso_characteristics_textcore_full_dgtw_select_retain,lasso,characteristics_textcore,0,ew_spread_bp,17.363484591370042,6.056904357687275,2.8667258992347686,0.004147420487254314,5.492170192499275,29.23479899024081,1008,1008,0,5,full,select,retain,dgtw,2019-2022
ld2_lasso_characteristics_textcore_full_dgtw_select_retain,lasso,characteristics_textcore,0,cap_spread_bp,1.7393323241464538,8.454795142286912,0.20572140363840763,0.8370085384670125,-14.831761651400097,18.310426299693003,1008,1008,0,5,full,select,retain,dgtw,2019-2022
ld2_lasso_characteristics_textcore_full_dgtw_select_recent,lasso,characteristics_textcore,0,rank_ic,0.06577411124602345,0.0028362417859815765,23.190586772650665,5.666547237494131e-119,0.060215179494052,0.0713330429979949,1008,1008,0,5,full,select,recent,dgtw,2019-2022
ld2_lasso_characteristics_textcore_full_dgtw_select_recent,lasso,characteristics_textcore,0,ew_spread_bp,17.045274465215698,6.031952834304722,2.8258301968603567,0.004715825554018916,5.222864153534143,28.867684776897253,1008,1008,0,5,full,select,recent,dgtw,2019-2022
ld2_lasso_characteristics_textcore_full_dgtw_select_recent,lasso,characteristics_textcore,0,cap_spread_bp,3.209147517098804,8.40728636242079,0.38171026639977135,0.7026762842020063,-13.268830960960704,19.68712599515831,1008,1008,0,5,full,select,recent,dgtw,2019-2022
ld2_lasso_characteristics_textcore_full_dgtw_select_union,lasso,characteristics_textcore,0,rank_ic,0.06582475180274557,0.00282917891559401,23.26638002281489,9.711899209101817e-120,0.06027966302236122,0.07136984058312991,1008,1008,0,5,full,select,union,dgtw,2019-2022
ld2_lasso_characteristics_textcore_full_dgtw_select_union,lasso,characteristics_textcore,0,ew_spread_bp,17.736007015781006,6.100924901943082,2.907101349523622,0.0036479498543075944,5.778413935589004,29.693600095973007,1008,1008,0,5,full,select,union,dgtw,2019-2022
ld2_lasso_characteristics_textcore_full_dgtw_select_union,lasso,characteristics_textcore,0,cap_spread_bp,3.0778853164822406,8.36623396075258,0.367893765692081,0.7129524490016566,-13.319631932828706,19.47540256579319,1008,1008,0,5,full,select,union,dgtw,2019-2022
ld2_enet_characteristics_textcore_full_dgtw_fixed504_retain,enet,characteristics_textcore,504,rank_ic,0.06474537594045585,0.002828558950467843,22.88988035046856,5.860141378509202e-116,0.05920150226939046,0.07028924961152123,1008,1008,0,5,full,fixed504,retain,dgtw,2019-2022
ld2_enet_characteristics_textcore_full_dgtw_fixed504_retain,enet,characteristics_textcore,504,ew_spread_bp,17.0734024200394,5.970159174417243,2.859790153200725,0.0042392141915806305,5.372105456210221,28.77469938386858,1008,1008,0,5,full,fixed504,retain,dgtw,2019-2022
ld2_enet_characteristics_textcore_full_dgtw_fixed504_retain,enet,characteristics_textcore,504,cap_spread_bp,2.153187108851719,8.00722334861117,0.26890558875508114,0.7880023361276777,-13.540682270594383,17.84705648829782,1008,1008,0,5,full,fixed504,retain,dgtw,2019-2022
ld2_enet_characteristics_textcore_full_dgtw_fixed504_recent,enet,characteristics_textcore,504,rank_ic,0.06514587591044675,0.002865610127440161,22.73368428127427,2.0811807441326224e-114,0.0595293832669308,0.0707623685539627,1008,1008,0,5,full,fixed504,recent,dgtw,2019-2022
ld2_enet_characteristics_textcore_full_dgtw_fixed504_recent,enet,characteristics_textcore,504,ew_spread_bp,17.015654272189078,5.959692903474709,2.8551226628251865,0.004302020995031468,5.334870822459704,28.69643772191845,1008,1008,0,5,full,fixed504,recent,dgtw,2019-2022
ld2_enet_characteristics_textcore_full_dgtw_fixed504_recent,enet,characteristics_textcore,504,cap_spread_bp,4.160893193871453,8.345715226731395,0.49856639974295763,0.6180848808624033,-12.196408075749613,20.518194463492517,1008,1008,0,5,full,fixed504,recent,dgtw,2019-2022
ld2_enet_characteristics_textcore_full_dgtw_fixed504_union,enet,characteristics_textcore,504,rank_ic,0.06561159500773768,0.002858019965134895,22.957010730553414,1.2540730536758748e-116,0.06000997880897686,0.0712132112064985,1008,1008,0,5,full,fixed504,union,dgtw,2019-2022
ld2_enet_characteristics_textcore_full_dgtw_fixed504_union,enet,characteristics_textcore,504,ew_spread_bp,18.079498704902825,5.976358474202606,3.025169722155108,0.002484936401966916,6.366051336764967,29.79294607304068,1008,1008,0,5,full,fixed504,union,dgtw,2019-2022
ld2_enet_characteristics_textcore_full_dgtw_fixed504_union,enet,characteristics_textcore,504,cap_spread_bp,4.642850653613379,7.973140198443266,0.5823114278762943,0.5603569293155087,-10.984216979023962,20.26991828625072,1008,1008,0,5,full,fixed504,union,dgtw,2019-2022
ld2_enet_characteristics_textcore_full_dgtw_select_retain,enet,characteristics_textcore,0,rank_ic,0.06524692940684045,0.0027833912753018565,23.441522572051774,1.613158597958459e-121,0.0597915827523658,0.0707022760613151,1008,1008,0,5,full,select,retain,dgtw,2019-2022
ld2_enet_characteristics_textcore_full_dgtw_select_retain,enet,characteristics_textcore,0,ew_spread_bp,17.786669928148388,6.003904736232499,2.9625170134377705,0.0030513494590654476,6.019232878523237,29.55410697777354,1008,1008,0,5,full,select,retain,dgtw,2019-2022
ld2_enet_characteristics_textcore_full_dgtw_select_retain,enet,characteristics_textcore,0,cap_spread_bp,2.075526876448591,8.352868194101047,0.24848074077289609,0.8037624695407289,-14.295793951599581,18.446847704496765,1008,1008,0,5,full,select,retain,dgtw,2019-2022
ld2_enet_characteristics_textcore_full_dgtw_select_recent,enet,characteristics_textcore,0,rank_ic,0.06587174514143966,0.002838592399501418,23.20577803033984,3.980940019036963e-119,0.06030820627162775,0.07143528401125157,1008,1008,0,5,full,select,recent,dgtw,2019-2022
ld2_enet_characteristics_textcore_full_dgtw_select_recent,enet,characteristics_textcore,0,ew_spread_bp,17.08877985076366,6.013716658612649,2.8416336885925055,0.004488302941208663,5.302111786654313,28.875447914873007,1008,1008,0,5,full,select,recent,dgtw,2019-2022
ld2_enet_characteristics_textcore_full_dgtw_select_recent,enet,characteristics_textcore,0,cap_spread_bp,1.416176848372373,8.387680944832317,0.16884009509742798,0.8659224197118608,-15.023375717311861,17.855729414056608,1008,1008,0,5,full,select,recent,dgtw,2019-2022
ld2_enet_characteristics_textcore_full_dgtw_select_union,enet,characteristics_textcore,0,rank_ic,0.06588876244989642,0.002828697660263947,23.29296742294767,5.224023789737953e-120,0.06034461691262636,0.07143290798716646,1008,1008,0,5,full,select,union,dgtw,2019-2022
ld2_enet_characteristics_textcore_full_dgtw_select_union,enet,characteristics_textcore,0,ew_spread_bp,17.275036225297534,6.12720319802855,2.819399923093107,0.004811353148686434,5.2659386312029355,29.28413381939213,1008,1008,0,5,full,select,union,dgtw,2019-2022
ld2_enet_characteristics_textcore_full_dgtw_select_union,enet,characteristics_textcore,0,cap_spread_bp,1.939706490523992,8.45773574528278,0.22934110841732602,0.8186038049051492,-14.637150960987292,18.516563942035276,1008,1008,0,5,full,select,union,dgtw,2019-2022
ld2_group_ridge_characteristics_textcore_full_dgtw_fixed504_retain,group_ridge,characteristics_textcore,504,rank_ic,0.06529301183103264,0.0028108856189952404,23.228626376612162,2.3397938021169882e-119,0.059783777253140394,0.0708022464089249,1008,1008,0,5,full,fixed504,retain,dgtw,2019-2022
ld2_group_ridge_characteristics_textcore_full_dgtw_fixed504_retain,group_ridge,characteristics_textcore,504,ew_spread_bp,15.573089940269938,6.130702236865957,2.540180445663101,0.011079528942842943,3.5571343560735134,27.589045524466364,1008,1008,0,5,full,fixed504,retain,dgtw,2019-2022
ld2_group_ridge_characteristics_textcore_full_dgtw_fixed504_retain,group_ridge,characteristics_textcore,504,cap_spread_bp,7.845396138749156,8.237657167845736,0.9523819672142095,0.34090330143972236,-8.300115227216711,23.99090750471502,1008,1008,0,5,full,fixed504,retain,dgtw,2019-2022
ld2_group_ridge_characteristics_textcore_full_dgtw_fixed504_recent,group_ridge,characteristics_textcore,504,rank_ic,0.06540440670569675,0.002836134544518771,23.06110858954134,1.1380094672374076e-117,0.059845685143130045,0.07096312826826345,1008,1008,0,5,full,fixed504,recent,dgtw,2019-2022
ld2_group_ridge_characteristics_textcore_full_dgtw_fixed504_recent,group_ridge,characteristics_textcore,504,ew_spread_bp,14.04244467833134,6.1626735541046544,2.2786286755329357,0.022689147846996244,1.9638264638087648,26.121062892853914,1008,1008,0,5,full,fixed504,recent,dgtw,2019-2022
ld2_group_ridge_characteristics_textcore_full_dgtw_fixed504_recent,group_ridge,characteristics_textcore,504,cap_spread_bp,3.8214420857509523,7.918235002682542,0.48261286567730344,0.6293706422530791,-11.698013340631249,19.340897512133154,1008,1008,0,5,full,fixed504,recent,dgtw,2019-2022
ld2_group_ridge_characteristics_textcore_full_dgtw_fixed504_union,group_ridge,characteristics_textcore,504,rank_ic,0.06578030583276884,0.00283607005000189,23.194175275298647,5.213231437919196e-119,0.060221710677132424,0.07133890098840526,1008,1008,0,5,full,fixed504,union,dgtw,2019-2022
ld2_group_ridge_characteristics_textcore_full_dgtw_fixed504_union,group_ridge,characteristics_textcore,504,ew_spread_bp,13.828257419451486,6.1414519191229076,2.251626749106972,0.02434586920893481,1.7912328451861903,25.86528199371678,1008,1008,0,5,full,fixed504,union,dgtw,2019-2022
ld2_group_ridge_characteristics_textcore_full_dgtw_fixed504_union,group_ridge,characteristics_textcore,504,cap_spread_bp,5.820391746825329,7.83491893352805,0.7428783623935235,0.45755532685018063,-9.53576718468062,21.176550678331274,1008,1008,0,5,full,fixed504,union,dgtw,2019-2022
ld2_group_ridge_characteristics_textcore_full_dgtw_select_retain,group_ridge,characteristics_textcore,0,rank_ic,0.06574414060281883,0.0028098198784934168,23.397991133178916,4.479636323166493e-121,0.06023699483792702,0.07125128636771064,1008,1008,0,5,full,select,retain,dgtw,2019-2022
ld2_group_ridge_characteristics_textcore_full_dgtw_select_retain,group_ridge,characteristics_textcore,0,ew_spread_bp,14.809806267289344,6.22787029891734,2.377988872032852,0.017407351233288026,2.6034047810246577,27.01620775355403,1008,1008,0,5,full,select,retain,dgtw,2019-2022
ld2_group_ridge_characteristics_textcore_full_dgtw_select_retain,group_ridge,characteristics_textcore,0,cap_spread_bp,4.226050219821208,7.600640712412485,0.5560123652364877,0.5782024017316101,-10.67093183593612,19.123032275578538,1008,1008,0,5,full,select,retain,dgtw,2019-2022
ld2_group_ridge_characteristics_textcore_full_dgtw_select_recent,group_ridge,characteristics_textcore,0,rank_ic,0.06605513289082968,0.002837759958871434,23.277209435677406,7.544873612765793e-120,0.0604932255746718,0.07161704020698756,1008,1008,0,5,full,select,recent,dgtw,2019-2022
ld2_group_ridge_characteristics_textcore_full_dgtw_select_recent,group_ridge,characteristics_textcore,0,ew_spread_bp,16.310390130697566,6.036114995551651,2.70213376364062,0.006889603874520078,4.479822132874181,28.14095812852095,1008,1008,0,5,full,select,recent,dgtw,2019-2022
ld2_group_ridge_characteristics_textcore_full_dgtw_select_recent,group_ridge,characteristics_textcore,0,cap_spread_bp,2.2152151660093033,7.842682156813121,0.2824563231961268,0.7775936326260753,-13.156159403539325,17.586589735557933,1008,1008,0,5,full,select,recent,dgtw,2019-2022
ld2_group_ridge_characteristics_textcore_full_dgtw_select_union,group_ridge,characteristics_textcore,0,rank_ic,0.06603520623612616,0.002830732549067625,23.327956665449218,2.307482262936802e-120,0.06048707239008835,0.07158334008216397,1008,1008,0,5,full,select,union,dgtw,2019-2022
ld2_group_ridge_characteristics_textcore_full_dgtw_select_union,group_ridge,characteristics_textcore,0,ew_spread_bp,14.859875979105365,6.0753202868658525,2.445941164819033,0.014447457457853504,2.952467022302745,26.767284935907984,1008,1008,0,5,full,select,union,dgtw,2019-2022
ld2_group_ridge_characteristics_textcore_full_dgtw_select_union,group_ridge,characteristics_textcore,0,cap_spread_bp,2.90991991637652,7.646194875340477,0.38057098515252585,0.7035216144444765,-12.076346658065543,17.896186490818582,1008,1008,0,5,full,select,union,dgtw,2019-2022
ld2_ols_characteristics_textcore_pca_dgtw_fixed504_retain,ols,characteristics_textcore,504,rank_ic,0.06288432782912783,0.002758136719849108,22.799568772851877,4.630523965111981e-115,0.05747847919378613,0.06829017646446951,1008,1008,0,5,pca,fixed504,retain,dgtw,2019-2022
ld2_ols_characteristics_textcore_pca_dgtw_fixed504_retain,ols,characteristics_textcore,504,ew_spread_bp,21.754466791253925,6.038468492379042,3.6026464025952176,0.0003149938850014602,9.919286024411125,33.58964755809673,1008,1008,0,5,pca,fixed504,retain,dgtw,2019-2022
ld2_ols_characteristics_textcore_pca_dgtw_fixed504_retain,ols,characteristics_textcore,504,cap_spread_bp,4.030712288131489,8.65295861435503,0.4658189721888468,0.6413450837991478,-12.92877495571998,20.99019953198296,1008,1008,0,5,pca,fixed504,retain,dgtw,2019-2022
ld2_ols_characteristics_textcore_pca_dgtw_fixed504_recent,ols,characteristics_textcore,504,rank_ic,0.06351899900835237,0.0027538197268148525,23.06577964775504,1.0215776912186869e-117,0.058121611523879325,0.06891638649282542,1008,1008,0,5,pca,fixed504,recent,dgtw,2019-2022
ld2_ols_characteristics_textcore_pca_dgtw_fixed504_recent,ols,characteristics_textcore,504,ew_spread_bp,21.995000322932313,5.964000112752086,3.687961084357312,0.00022605821268504388,10.305774898145403,33.684225747719225,1008,1008,0,5,pca,fixed504,recent,dgtw,2019-2022
ld2_ols_characteristics_textcore_pca_dgtw_fixed504_recent,ols,characteristics_textcore,504,cap_spread_bp,7.664513176024292,8.02732459709519,0.9548029462764984,0.33967735718410474,-8.068753926494779,23.397780278543365,1008,1008,0,5,pca,fixed504,recent,dgtw,2019-2022
ld2_ols_characteristics_textcore_pca_dgtw_fixed504_union,ols,characteristics_textcore,504,rank_ic,0.06389926950489326,0.0027708647409513116,23.06112909825939,1.1374703605769339e-117,0.05846847440659678,0.06933006460318974,1008,1008,0,5,pca,fixed504,union,dgtw,2019-2022
ld2_ols_characteristics_textcore_pca_dgtw_fixed504_union,ols,characteristics_textcore,504,ew_spread_bp,21.67800890351047,6.032784095276937,3.5933672681046502,0.0003264319687189157,9.85396935026162,33.50204845675932,1008,1008,0,5,pca,fixed504,union,dgtw,2019-2022
ld2_ols_characteristics_textcore_pca_dgtw_fixed504_union,ols,characteristics_textcore,504,cap_spread_bp,2.6207461043282705,8.603293655951646,0.3046212542699008,0.760654630359849,-14.241399609758885,19.482891818415425,1008,1008,0,5,pca,fixed504,union,dgtw,2019-2022
ld2_ols_characteristics_textcore_pca_dgtw_select_retain,ols,characteristics_textcore,0,rank_ic,0.06332261752923794,0.0027358948041881844,23.145121454341705,1.6278887582116245e-118,0.05796036224753884,0.06868487281093705,1008,1008,0,5,pca,select,retain,dgtw,2019-2022
ld2_ols_characteristics_textcore_pca_dgtw_select_retain,ols,characteristics_textcore,0,ew_spread_bp,20.723849420203013,5.955962418841165,3.4795131269876607,0.0005023257593140562,9.050377586000266,32.39732125440576,1008,1008,0,5,pca,select,retain,dgtw,2019-2022
ld2_ols_characteristics_textcore_pca_dgtw_select_retain,ols,characteristics_textcore,0,cap_spread_bp,3.154344890428556,8.379840079302852,0.3764206548785328,0.7066041928910505,-13.269839861210306,19.578529642067416,1008,1008,0,5,pca,select,retain,dgtw,2019-2022
ld2_ols_characteristics_textcore_pca_dgtw_select_recent,ols,characteristics_textcore,0,rank_ic,0.0638409664090479,0.002757457716068077,23.152110742093345,1.3842947184061705e-118,0.0584364485966624,0.06924548422143341,1008,1008,0,5,pca,select,recent,dgtw,2019-2022
ld2_ols_characteristics_textcore_pca_dgtw_select_recent,ols,characteristics_textcore,0,ew_spread_bp,20.854160283201733,5.8491544676985425,3.565329040012032,0.000363399982593316,9.390028186501038,32.31829237990243,1008,1008,0,5,pca,select,recent,dgtw,2019-2022
ld2_ols_characteristics_textcore_pca_dgtw_select_recent,ols,characteristics_textcore,0,cap_spread_bp,5.394308759560898,8.25237007704134,0.6536678201778948,0.5133258397916106,-10.780039378536157,21.568656897657952,1008,1008,0,5,pca,select,recent,dgtw,2019-2022
ld2_ols_characteristics_textcore_pca_dgtw_select_union,ols,characteristics_textcore,0,rank_ic,0.06405405003655915,0.002748832993420627,23.302270523481592,4.204393276785501e-120,0.05866643636993929,0.069441663703179,1008,1008,0,5,pca,select,union,dgtw,2019-2022
ld2_ols_characteristics_textcore_pca_dgtw_select_union,ols,characteristics_textcore,0,ew_spread_bp,21.841562248697972,5.876534857666648,3.7167417156052465,0.00020180856383781025,10.323765573777129,33.359358923618814,1008,1008,0,5,pca,select,union,dgtw,2019-2022
ld2_ols_characteristics_textcore_pca_dgtw_select_union,ols,characteristics_textcore,0,cap_spread_bp,3.9957463713600383,8.259854579376778,0.4837550507652551,0.6285597187807582,-12.193271121756684,20.18476386447676,1008,1008,0,5,pca,select,union,dgtw,2019-2022
ld2_ridge_characteristics_textcore_pca_dgtw_fixed504_retain,ridge,characteristics_textcore,504,rank_ic,0.06538466748390762,0.002799984535156231,23.35179593420838,1.3214554411846171e-120,0.05989679863773228,0.07087253633008295,1008,1008,0,5,pca,fixed504,retain,dgtw,2019-2022
ld2_ridge_characteristics_textcore_pca_dgtw_fixed504_retain,ridge,characteristics_textcore,504,ew_spread_bp,17.862301605260345,6.243043569598609,2.861152802495784,0.004221035561003392,5.626161054932693,30.098442155587996,1008,1008,0,5,pca,fixed504,retain,dgtw,2019-2022
ld2_ridge_characteristics_textcore_pca_dgtw_fixed504_retain,ridge,characteristics_textcore,504,cap_spread_bp,3.9295282614065585,8.712567396130739,0.4510184062566525,0.651976283112958,-13.146790047887608,21.005846570700726,1008,1008,0,5,pca,fixed504,retain,dgtw,2019-2022
ld2_ridge_characteristics_textcore_pca_dgtw_fixed504_recent,ridge,characteristics_textcore,504,rank_ic,0.06545391603729749,0.00282495408177555,23.16990440997121,9.160412185719497e-119,0.05991710777903799,0.07099072429555699,1008,1008,0,5,pca,fixed504,recent,dgtw,2019-2022
ld2_ridge_characteristics_textcore_pca_dgtw_fixed504_recent,ridge,characteristics_textcore,504,ew_spread_bp,17.554714991562705,6.166156869129853,2.8469458958218112,0.004414086368675069,5.469269605043932,29.640160378081475,1008,1008,0,5,pca,fixed504,recent,dgtw,2019-2022
ld2_ridge_characteristics_textcore_pca_dgtw_fixed504_recent,ridge,characteristics_textcore,504,cap_spread_bp,0.4296199279682108,7.85344094486759,0.054704674165656976,0.956373745495444,-14.962841478684478,15.8220813346209,1008,1008,0,5,pca,fixed504,recent,dgtw,2019-2022
ld2_ridge_characteristics_textcore_pca_dgtw_fixed504_union,ridge,characteristics_textcore,504,rank_ic,0.06586574379286361,0.0028301591382491297,23.27280572413722,8.360792938608882e-120,0.0603187338113784,0.07141275377434882,1008,1008,0,5,pca,fixed504,union,dgtw,2019-2022
ld2_ridge_characteristics_textcore_pca_dgtw_fixed504_union,ridge,characteristics_textcore,504,ew_spread_bp,17.83996520395102,6.2210666336316685,2.8676698474030964,0.004135067865216869,5.646898656609116,30.033031751292924,1008,1008,0,5,pca,fixed504,union,dgtw,2019-2022
ld2_ridge_characteristics_textcore_pca_dgtw_fixed504_union,ridge,characteristics_textcore,504,cap_spread_bp,-0.5453425683665879,8.629565412887933,-0.06319467345970159,0.9496114862670177,-17.45897997985946,16.368294843126282,1008,1008,0,5,pca,fixed504,union,dgtw,2019-2022
ld2_ridge_characteristics_textcore_pca_dgtw_select_retain,ridge,characteristics_textcore,0,rank_ic,0.0659048700182412,0.002795501871824716,23.575326735597187,6.904461891641015e-123,0.06042578703075045,0.07138395300573196,1008,1008,0,5,pca,select,retain,dgtw,2019-2022
ld2_ridge_characteristics_textcore_pca_dgtw_select_retain,ridge,characteristics_textcore,0,ew_spread_bp,16.790829267251695,6.141253836205483,2.7341044215209154,0.006255020424707619,4.754192928370504,28.827465606132886,1008,1008,0,5,pca,select,retain,dgtw,2019-2022
ld2_ridge_characteristics_textcore_pca_dgtw_select_retain,ridge,characteristics_textcore,0,cap_spread_bp,7.039478697996711,8.30217054482271,0.8479082259261197,0.39648908304353403,-9.23247656336508,23.3114339593585,1008,1008,0,5,pca,select,retain,dgtw,2019-2022
ld2_ridge_characteristics_textcore_pca_dgtw_select_recent,ridge,characteristics_textcore,0,rank_ic,0.06619727211717197,0.002828768103659635,23.40144886091271,4.130856504055925e-121,0.06065298851338342,0.07174155572096053,1008,1008,0,5,pca,select,recent,dgtw,2019-2022
ld2_ridge_characteristics_textcore_pca_dgtw_select_recent,ridge,characteristics_textcore,0,ew_spread_bp,17.2604653203196,6.073025204578276,2.8421527556492667,0.00448100156200421,5.357554642142185,29.163375998497017,1008,1008,0,5,pca,select,recent,dgtw,2019-2022
ld2_ridge_characteristics_textcore_pca_dgtw_select_recent,ridge,characteristics_textcore,0,cap_spread_bp,1.0150309342718655,8.538287470333929,0.11887992033514516,0.9053704901873647,-15.719704997232238,17.74976686577597,1008,1008,0,5,pca,select,recent,dgtw,2019-2022
ld2_ridge_characteristics_textcore_pca_dgtw_select_union,ridge,characteristics_textcore,0,rank_ic,0.0662099460164465,0.0028257344947195248,23.431057001347302,2.0624883889768322e-121,0.06067160817692375,0.07174828385596926,1008,1008,0,5,pca,select,union,dgtw,2019-2022
ld2_ridge_characteristics_textcore_pca_dgtw_select_union,ridge,characteristics_textcore,0,ew_spread_bp,16.55310245045363,6.1533556295883125,2.6900935760738904,0.007143198581364955,4.492747032393748,28.61345786851351,1008,1008,0,5,pca,select,union,dgtw,2019-2022
ld2_ridge_characteristics_textcore_pca_dgtw_select_union,ridge,characteristics_textcore,0,cap_spread_bp,5.394637292361224,8.334543743548393,0.6472624607120344,0.51746209263688,-10.940768272567261,21.73004285728971,1008,1008,0,5,pca,select,union,dgtw,2019-2022
ld2_lasso_characteristics_textcore_pca_dgtw_fixed504_retain,lasso,characteristics_textcore,504,rank_ic,0.06485708038651085,0.0028227213809533355,22.976791412762903,7.955175988269746e-117,0.05932464814145114,0.07038951263157055,1008,1008,0,5,pca,fixed504,retain,dgtw,2019-2022
ld2_lasso_characteristics_textcore_pca_dgtw_fixed504_retain,lasso,characteristics_textcore,504,ew_spread_bp,16.891714902154444,5.965712393068504,2.8314665188654993,0.004633508430068672,5.1991334696159175,28.584296334692972,1008,1008,0,5,pca,fixed504,retain,dgtw,2019-2022
ld2_lasso_characteristics_textcore_pca_dgtw_fixed504_retain,lasso,characteristics_textcore,504,cap_spread_bp,3.8871048753998356,7.739980911089757,0.5022111708092762,0.6155189859278942,-11.282978951363601,19.057188702163273,1008,1008,0,5,pca,fixed504,retain,dgtw,2019-2022
ld2_lasso_characteristics_textcore_pca_dgtw_fixed504_recent,lasso,characteristics_textcore,504,rank_ic,0.06515130678041774,0.0028540009611217124,22.828060560572208,2.4143244928323384e-115,0.05955756768477648,0.070745045876059,1008,1008,0,5,pca,fixed504,recent,dgtw,2019-2022
ld2_lasso_characteristics_textcore_pca_dgtw_fixed504_recent,lasso,characteristics_textcore,504,ew_spread_bp,15.79072306620687,5.885722454447883,2.6828861177906385,0.007298984055809422,4.25491903249033,27.32652709992341,1008,1008,0,5,pca,fixed504,recent,dgtw,2019-2022
ld2_lasso_characteristics_textcore_pca_dgtw_fixed504_recent,lasso,characteristics_textcore,504,cap_spread_bp,-0.2012701755584564,8.056302411130266,-0.02498294692617168,0.9800685657454138,-15.991332749936978,15.588792398820067,1008,1008,0,5,pca,fixed504,recent,dgtw,2019-2022
ld2_lasso_characteristics_textcore_pca_dgtw_fixed504_union,lasso,characteristics_textcore,504,rank_ic,0.06563180182601623,0.002838579166024681,23.121356843441855,2.8237332336163e-118,0.06006828889334211,0.07119531475869034,1008,1008,0,5,pca,fixed504,union,dgtw,2019-2022
ld2_lasso_characteristics_textcore_pca_dgtw_fixed504_union,lasso,characteristics_textcore,504,ew_spread_bp,17.885368357024348,5.928678703897378,3.016754533394922,0.002554966146502576,6.265371621475879,29.505365092572816,1008,1008,0,5,pca,fixed504,union,dgtw,2019-2022
ld2_lasso_characteristics_textcore_pca_dgtw_fixed504_union,lasso,characteristics_textcore,504,cap_spread_bp,3.7828196436441606,7.661074650338578,0.49377141149211756,0.6214676254622802,-11.23261075389224,18.798250041180562,1008,1008,0,5,pca,fixed504,union,dgtw,2019-2022
ld2_lasso_characteristics_textcore_pca_dgtw_select_retain,lasso,characteristics_textcore,0,rank_ic,0.06525490723041291,0.0027879713373423253,23.405874499634603,3.7237089608744205e-121,0.05979058381929198,0.07071923064153383,1008,1008,0,5,pca,select,retain,dgtw,2019-2022
ld2_lasso_characteristics_textcore_pca_dgtw_select_retain,lasso,characteristics_textcore,0,ew_spread_bp,16.331087190772035,5.972568346376154,2.7343491515975527,0.006250372752570701,4.625068336670825,28.037106044873244,1008,1008,0,5,pca,select,retain,dgtw,2019-2022
ld2_lasso_characteristics_textcore_pca_dgtw_select_retain,lasso,characteristics_textcore,0,cap_spread_bp,-0.47172714477025446,8.164011204088075,-0.05778129561287718,0.953922837221971,-16.472895074164363,15.529440784623853,1008,1008,0,5,pca,select,retain,dgtw,2019-2022
ld2_lasso_characteristics_textcore_pca_dgtw_select_recent,lasso,characteristics_textcore,0,rank_ic,0.06577146367150438,0.0028412857365019027,23.148486203460845,1.5056970078843544e-118,0.06020264595817329,0.07134028138483547,1008,1008,0,5,pca,select,recent,dgtw,2019-2022
ld2_lasso_characteristics_textcore_pca_dgtw_select_recent,lasso,characteristics_textcore,0,ew_spread_bp,17.3807966239658,5.837294071745638,2.9775434319977796,0.00290568472590465,5.939910476175184,28.821682771756414,1008,1008,0,5,pca,select,recent,dgtw,2019-2022
ld2_lasso_characteristics_textcore_pca_dgtw_select_recent,lasso,characteristics_textcore,0,cap_spread_bp,2.954540104011345,7.905721318210991,0.3737217623906754,0.7086113326034641,-12.540388951492718,18.44946915951541,1008,1008,0,5,pca,select,recent,dgtw,2019-2022
ld2_lasso_characteristics_textcore_pca_dgtw_select_union,lasso,characteristics_textcore,0,rank_ic,0.06588676852264361,0.002827340822396343,23.303440462759834,4.091112951578091e-120,0.060345282338726915,0.07142825470656029,1008,1008,0,5,pca,select,union,dgtw,2019-2022
ld2_lasso_characteristics_textcore_pca_dgtw_select_union,lasso,characteristics_textcore,0,ew_spread_bp,17.74093524700878,5.960996132116296,2.9761695619001056,0.0029187343442669245,6.057597516078275,29.42427297793929,1008,1008,0,5,pca,select,union,dgtw,2019-2022
ld2_lasso_characteristics_textcore_pca_dgtw_select_union,lasso,characteristics_textcore,0,cap_spread_bp,-0.6806353408897977,8.02872657353622,-0.08477500568188046,0.9324402645681631,-16.41665026674046,15.055379584960868,1008,1008,0,5,pca,select,union,dgtw,2019-2022
ld2_enet_characteristics_textcore_pca_dgtw_fixed504_retain,enet,characteristics_textcore,504,rank_ic,0.06474800540938691,0.002835745712370904,22.832796723247988,2.1664377953922794e-115,0.059190045943826056,0.07030596487494777,1008,1008,0,5,pca,fixed504,retain,dgtw,2019-2022
ld2_enet_characteristics_textcore_pca_dgtw_fixed504_retain,enet,characteristics_textcore,504,ew_spread_bp,17.072320641480413,5.999826710331898,2.8454689553085455,0.004434608193479174,5.312876375748463,28.831764907212364,1008,1008,0,5,pca,fixed504,retain,dgtw,2019-2022
ld2_enet_characteristics_textcore_pca_dgtw_fixed504_retain,enet,characteristics_textcore,504,cap_spread_bp,-0.11659477428469335,8.58272637731888,-0.013584817825814912,0.9891612169744673,-16.938429362991627,16.705239814422242,1008,1008,0,5,pca,fixed504,retain,dgtw,2019-2022
ld2_enet_characteristics_textcore_pca_dgtw_fixed504_recent,enet,characteristics_textcore,504,rank_ic,0.06502865291911729,0.002863635386631668,22.708426227267296,3.6985188616317476e-114,0.05941603069646478,0.0706412751417698,1008,1008,0,5,pca,fixed504,recent,dgtw,2019-2022
ld2_enet_characteristics_textcore_pca_dgtw_fixed504_recent,enet,characteristics_textcore,504,ew_spread_bp,17.029028870073645,5.854178625518266,2.908867316730719,0.003627407743038993,5.555049604993648,28.503008135153642,1008,1008,0,5,pca,fixed504,recent,dgtw,2019-2022
ld2_enet_characteristics_textcore_pca_dgtw_fixed504_recent,enet,characteristics_textcore,504,cap_spread_bp,-0.5451662747604635,8.550896023018336,-0.06375545595372918,0.9491649470575816,-17.304614515423182,16.214281965902252,1008,1008,0,5,pca,fixed504,recent,dgtw,2019-2022
ld2_enet_characteristics_textcore_pca_dgtw_fixed504_union,enet,characteristics_textcore,504,rank_ic,0.06549044573257255,0.0028542201835263055,22.94512739786635,1.6481405399145085e-116,0.05989627696891369,0.07108461449623141,1008,1008,0,5,pca,fixed504,union,dgtw,2019-2022
ld2_enet_characteristics_textcore_pca_dgtw_fixed504_union,enet,characteristics_textcore,504,ew_spread_bp,17.769256390334775,5.947997586548825,2.9874350370483147,0.0028132907741605963,6.111395340567915,29.427117440101632,1008,1008,0,5,pca,fixed504,union,dgtw,2019-2022
ld2_enet_characteristics_textcore_pca_dgtw_fixed504_union,enet,characteristics_textcore,504,cap_spread_bp,2.4725577279601967,8.258470812446292,0.29939655707613805,0.764637488817596,-13.713747631809774,18.658863087730168,1008,1008,0,5,pca,fixed504,union,dgtw,2019-2022
ld2_enet_characteristics_textcore_pca_dgtw_select_retain,enet,characteristics_textcore,0,rank_ic,0.06539666659084628,0.002787271746935856,23.462608790384035,9.829302300701817e-122,0.05993371435172597,0.0708596188299666,1008,1008,0,5,pca,select,retain,dgtw,2019-2022
ld2_enet_characteristics_textcore_pca_dgtw_select_retain,enet,characteristics_textcore,0,ew_spread_bp,16.57634590812931,5.95236840805853,2.7848319814492086,0.00535554662331516,4.909918205620574,28.242773610638043,1008,1008,0,5,pca,select,retain,dgtw,2019-2022
ld2_enet_characteristics_textcore_pca_dgtw_select_retain,enet,characteristics_textcore,0,cap_spread_bp,-0.07160987618160994,8.134765273883962,-0.008802943142257335,0.9929763582897336,-16.015456835681285,15.872237083318065,1008,1008,0,5,pca,select,retain,dgtw,2019-2022
ld2_enet_characteristics_textcore_pca_dgtw_select_recent,enet,characteristics_textcore,0,rank_ic,0.06595893208338728,0.002843827791071495,23.19371527716006,5.26925418876718e-119,0.06038513203465305,0.07153273213212151,1008,1008,0,5,pca,select,recent,dgtw,2019-2022
ld2_enet_characteristics_textcore_pca_dgtw_select_recent,enet,characteristics_textcore,0,ew_spread_bp,17.342605742901643,5.852415885974661,2.963324220423786,0.0030433582690158937,5.872081383841236,28.813130101962052,1008,1008,0,5,pca,select,recent,dgtw,2019-2022
ld2_enet_characteristics_textcore_pca_dgtw_select_recent,enet,characteristics_textcore,0,cap_spread_bp,-0.7941634835968673,8.212739285524032,-0.09669897655179174,0.9229654526164431,-16.890836697641188,15.302509730447452,1008,1008,0,5,pca,select,recent,dgtw,2019-2022
ld2_enet_characteristics_textcore_pca_dgtw_select_union,enet,characteristics_textcore,0,rank_ic,0.06601855616549906,0.002828950120102676,23.336769247491343,1.877915368505229e-120,0.06047391581603756,0.07156319651496057,1008,1008,0,5,pca,select,union,dgtw,2019-2022
ld2_enet_characteristics_textcore_pca_dgtw_select_union,enet,characteristics_textcore,0,ew_spread_bp,17.43812246531355,6.021682747649671,2.8958886072368792,0.0037808658171226634,5.635841153594001,29.2404037770331,1008,1008,0,5,pca,select,union,dgtw,2019-2022
ld2_enet_characteristics_textcore_pca_dgtw_select_union,enet,characteristics_textcore,0,cap_spread_bp,0.5662108778242458,8.009442213967196,0.07069292251548603,0.9436421537604205,-15.132007397806213,16.264429153454703,1008,1008,0,5,pca,select,union,dgtw,2019-2022
ld2_group_ridge_characteristics_textcore_pca_dgtw_fixed504_retain,group_ridge,characteristics_textcore,504,rank_ic,0.06534401281666048,0.0028110443206473125,23.245458044437168,1.5812614950029883e-119,0.059834467189245885,0.07085355844407508,1008,1008,0,5,pca,fixed504,retain,dgtw,2019-2022
ld2_group_ridge_characteristics_textcore_pca_dgtw_fixed504_retain,group_ridge,characteristics_textcore,504,ew_spread_bp,15.617001705329315,6.212355089035842,2.513861729007038,0.011941724333901544,3.441009471644943,27.792993939013687,1008,1008,0,5,pca,fixed504,retain,dgtw,2019-2022
ld2_group_ridge_characteristics_textcore_pca_dgtw_fixed504_retain,group_ridge,characteristics_textcore,504,cap_spread_bp,4.154342703864012,8.813550246382276,0.4713585998524553,0.6373846751505075,-13.119898354979368,21.42858376270739,1008,1008,0,5,pca,fixed504,retain,dgtw,2019-2022
ld2_group_ridge_characteristics_textcore_pca_dgtw_fixed504_recent,group_ridge,characteristics_textcore,504,rank_ic,0.06541748336300467,0.002829098271708739,23.123086255852595,2.7128438534088442e-118,0.059872552641731025,0.07096241408427831,1008,1008,0,5,pca,fixed504,recent,dgtw,2019-2022
ld2_group_ridge_characteristics_textcore_pca_dgtw_fixed504_recent,group_ridge,characteristics_textcore,504,ew_spread_bp,15.704874439540784,6.107873051971521,2.5712509585430086,0.010133186714855734,3.733663235533861,27.676085643547708,1008,1008,0,5,pca,fixed504,recent,dgtw,2019-2022
ld2_group_ridge_characteristics_textcore_pca_dgtw_fixed504_recent,group_ridge,characteristics_textcore,504,cap_spread_bp,1.9819858323985842,7.813813530409457,0.25365153963364734,0.7997647755392239,-13.332807269115722,17.29677893391289,1008,1008,0,5,pca,fixed504,recent,dgtw,2019-2022
ld2_group_ridge_characteristics_textcore_pca_dgtw_fixed504_union,group_ridge,characteristics_textcore,504,rank_ic,0.06580377612456885,0.002832465252783355,23.231980007488527,2.164118480835183e-119,0.06025224624165233,0.07135530600748537,1008,1008,0,5,pca,fixed504,union,dgtw,2019-2022
ld2_group_ridge_characteristics_textcore_pca_dgtw_fixed504_union,group_ridge,characteristics_textcore,504,ew_spread_bp,15.693218172921327,6.184094871082739,2.5376742272024178,0.011159180721702036,3.5726149486202896,27.813821397222362,1008,1008,0,5,pca,fixed504,union,dgtw,2019-2022
ld2_group_ridge_characteristics_textcore_pca_dgtw_fixed504_union,group_ridge,characteristics_textcore,504,cap_spread_bp,3.362871215474059,7.873274482326714,0.4271248542169791,0.669288390937189,-12.068463210284538,18.794205641232658,1008,1008,0,5,pca,fixed504,union,dgtw,2019-2022
ld2_group_ridge_characteristics_textcore_pca_dgtw_select_retain,group_ridge,characteristics_textcore,0,rank_ic,0.06582706363680371,0.0027983386373711043,23.523623180447117,2.3381546807696192e-122,0.06034242069100946,0.07131170658259797,1008,1008,0,5,pca,select,retain,dgtw,2019-2022
ld2_group_ridge_characteristics_textcore_pca_dgtw_select_retain,group_ridge,characteristics_textcore,0,ew_spread_bp,15.073327021208307,6.180194135071237,2.4389730632684343,0.01472906612682827,2.960369099003012,27.186284943413604,1008,1008,0,5,pca,select,retain,dgtw,2019-2022
ld2_group_ridge_characteristics_textcore_pca_dgtw_select_retain,group_ridge,characteristics_textcore,0,cap_spread_bp,7.512970473941391,8.031329808623097,0.9354578448359632,0.3495523983809824,-8.228146698922842,23.254087646805626,1008,1008,0,5,pca,select,retain,dgtw,2019-2022
ld2_group_ridge_characteristics_textcore_pca_dgtw_select_recent,group_ridge,characteristics_textcore,0,rank_ic,0.06606195081231891,0.0028313524701705493,23.332294904399383,2.0849816771193204e-120,0.06051260194324612,0.07161129968139171,1008,1008,0,5,pca,select,recent,dgtw,2019-2022
ld2_group_ridge_characteristics_textcore_pca_dgtw_select_recent,group_ridge,characteristics_textcore,0,ew_spread_bp,16.09887347986984,6.142152115607751,2.6210476681229014,0.008766000402485128,4.0604765457121506,28.137270414027533,1008,1008,0,5,pca,select,recent,dgtw,2019-2022
ld2_group_ridge_characteristics_textcore_pca_dgtw_select_recent,group_ridge,characteristics_textcore,0,cap_spread_bp,0.6115416969287867,8.019765888065525,0.07625430785190897,0.9392167770019425,-15.106910608122524,16.329994001980097,1008,1008,0,5,pca,select,recent,dgtw,2019-2022
ld2_group_ridge_characteristics_textcore_pca_dgtw_select_union,group_ridge,characteristics_textcore,0,rank_ic,0.06612728918394543,0.0028265060492368476,23.395417533884178,4.758179833240719e-121,0.060587439125356614,0.07166713924253425,1008,1008,0,5,pca,select,union,dgtw,2019-2022
ld2_group_ridge_characteristics_textcore_pca_dgtw_select_union,group_ridge,characteristics_textcore,0,ew_spread_bp,14.865045967828923,6.202560034409875,2.396598482781669,0.016548045878565298,2.7082516884380503,27.021840247219796,1008,1008,0,5,pca,select,union,dgtw,2019-2022
ld2_group_ridge_characteristics_textcore_pca_dgtw_select_union,group_ridge,characteristics_textcore,0,cap_spread_bp,3.029821911342757,7.748316264585724,0.3910297163773233,0.6957752706300944,-12.156598908071185,18.2162427307567,1008,1008,0,5,pca,select,union,dgtw,2019-2022
