model_id,estimator,feature_set,fit_days,metric,mean,se,t,p,ci_low,ci_high,n,calendar_days,missing_days,hac_lags,representation,transform,penalty_grid,pca_grid,history_policy,refit_policy,target,horizon,target_column,stock_days
ld3_ols_characteristics_full_raw_standard_original_none_fixed504_union,ols,characteristics,504,rank_ic,0.08452034762601587,0.005539788329679599,15.256963370458637,1.479761639995902e-52,0.07366256201786855,0.09537813323416319,2266,2266,0,5,full,standard,original,none,fixed504,union,raw,3,f_cumret3,3031789
ld3_ols_characteristics_full_raw_standard_original_none_fixed504_union,ols,characteristics,504,ew_spread_bp,57.358658679615445,14.871713676840617,3.8568963823542934,0.00011483581212230627,28.21063548461609,86.5066818746148,2266,2266,0,5,full,standard,original,none,fixed504,union,raw,3,f_cumret3,3031789
ld3_ols_characteristics_full_raw_standard_original_none_fixed504_union,ols,characteristics,504,cap_spread_bp,39.57890719745944,15.189518820769859,2.605672218091596,0.009169416421830822,9.807997366257208,69.34981702866168,2266,2266,0,5,full,standard,original,none,fixed504,union,raw,3,f_cumret3,3031789
ld3_ridge_characteristics_full_raw_standard_original_none_fixed504_union,ridge,characteristics,504,rank_ic,0.0853381873225284,0.005826769025528164,14.645884700190768,1.4312605504771197e-48,0.07391792988625966,0.09675844475879715,2266,2266,0,5,full,standard,original,none,fixed504,union,raw,3,f_cumret3,3031789
ld3_ridge_characteristics_full_raw_standard_original_none_fixed504_union,ridge,characteristics,504,ew_spread_bp,49.13201871819122,15.658998761236518,3.137621981286337,0.001703243860688382,18.440945112210322,79.82309232417211,2266,2266,0,5,full,standard,original,none,fixed504,union,raw,3,f_cumret3,3031789
ld3_ridge_characteristics_full_raw_standard_original_none_fixed504_union,ridge,characteristics,504,cap_spread_bp,39.860009275139554,16.049058844620454,2.4836353122663253,0.013004891592757993,8.404431953919453,71.31558659635965,2266,2266,0,5,full,standard,original,none,fixed504,union,raw,3,f_cumret3,3031789
ld3_ridge_characteristics_full_raw_standard_expanded_none_fixed504_union,ridge,characteristics,504,rank_ic,0.08519062866215145,0.005820592734917725,14.636074458721879,1.653428560948201e-48,0.07378247653303721,0.09659878079126569,2266,2266,0,5,full,standard,expanded,none,fixed504,union,raw,3,f_cumret3,3031789
ld3_ridge_characteristics_full_raw_standard_expanded_none_fixed504_union,ridge,characteristics,504,ew_spread_bp,49.22665022595953,15.659360911077535,3.143592545410731,0.0016688763549921664,18.534866819333235,79.91843363258583,2266,2266,0,5,full,standard,expanded,none,fixed504,union,raw,3,f_cumret3,3031789
ld3_ridge_characteristics_full_raw_standard_expanded_none_fixed504_union,ridge,characteristics,504,cap_spread_bp,37.61920134914663,16.097281821376235,2.3369909135336475,0.01943965655242701,6.069108730257884,69.16929396803538,2266,2266,0,5,full,standard,expanded,none,fixed504,union,raw,3,f_cumret3,3031789
ld3_lasso_characteristics_full_raw_standard_original_none_fixed504_union,lasso,characteristics,504,rank_ic,0.0850180020900652,0.0057630375690834795,14.752290102385361,2.9739912667187936e-49,0.07372265601311032,0.09631334816702009,2266,2266,0,5,full,standard,original,none,fixed504,union,raw,3,f_cumret3,3031789
ld3_lasso_characteristics_full_raw_standard_original_none_fixed504_union,lasso,characteristics,504,ew_spread_bp,48.61586237847854,15.410402236675251,3.154743246271505,0.001606394058590556,18.412029007319553,78.81969574963753,2266,2266,0,5,full,standard,original,none,fixed504,union,raw,3,f_cumret3,3031789
ld3_lasso_characteristics_full_raw_standard_original_none_fixed504_union,lasso,characteristics,504,cap_spread_bp,38.86705869599357,15.725387291339162,2.471612175644145,0.013450534517260178,8.045865962024937,69.68825142996221,2266,2266,0,5,full,standard,original,none,fixed504,union,raw,3,f_cumret3,3031789
ld3_lasso_characteristics_full_raw_standard_expanded_none_fixed504_union,lasso,characteristics,504,rank_ic,0.08448889217606241,0.005779461357776207,14.618817731583837,2.1306814651257202e-48,0.07316135606478008,0.09581642828734474,2266,2266,0,5,full,standard,expanded,none,fixed504,union,raw,3,f_cumret3,3031789
ld3_lasso_characteristics_full_raw_standard_expanded_none_fixed504_union,lasso,characteristics,504,ew_spread_bp,43.61424471135011,15.576873640367326,2.799935707144994,0.0051112785664359514,13.08413338449883,74.1443560382014,2266,2266,0,5,full,standard,expanded,none,fixed504,union,raw,3,f_cumret3,3031789
ld3_lasso_characteristics_full_raw_standard_expanded_none_fixed504_union,lasso,characteristics,504,cap_spread_bp,28.62430623819121,15.968306744368888,1.7925699134183637,0.07304172080514888,-2.6729998748598547,59.921612351242274,2266,2266,0,5,full,standard,expanded,none,fixed504,union,raw,3,f_cumret3,3031789
ld3_enet_characteristics_full_raw_standard_original_none_fixed504_union,enet,characteristics,504,rank_ic,0.0847432436450585,0.005781192962124518,14.658435412942243,1.189831535345748e-48,0.07341231365161802,0.09607417363849899,2266,2266,0,5,full,standard,original,none,fixed504,union,raw,3,f_cumret3,3031789
ld3_enet_characteristics_full_raw_standard_original_none_fixed504_union,enet,characteristics,504,ew_spread_bp,49.69286969784556,15.443938716384626,3.217629298484972,0.0012925475386518612,19.42330603428794,79.96243336140319,2266,2266,0,5,full,standard,original,none,fixed504,union,raw,3,f_cumret3,3031789
ld3_enet_characteristics_full_raw_standard_original_none_fixed504_union,enet,characteristics,504,cap_spread_bp,39.799731747862275,15.799096656780671,2.51911439068138,0.011765042792160422,8.834071312304985,70.76539218341956,2266,2266,0,5,full,standard,original,none,fixed504,union,raw,3,f_cumret3,3031789
ld3_enet_characteristics_full_raw_standard_expanded_none_fixed504_union,enet,characteristics,504,rank_ic,0.08436211477302823,0.005806666154581655,14.528494066507282,7.995897523269035e-48,0.07298125823980049,0.09574297130625596,2266,2266,0,5,full,standard,expanded,none,fixed504,union,raw,3,f_cumret3,3031789
ld3_enet_characteristics_full_raw_standard_expanded_none_fixed504_union,enet,characteristics,504,ew_spread_bp,44.711287995198134,15.80375007959575,2.829156862770499,0.004667081759600655,13.736507018518452,75.68606897187782,2266,2266,0,5,full,standard,expanded,none,fixed504,union,raw,3,f_cumret3,3031789
ld3_enet_characteristics_full_raw_standard_expanded_none_fixed504_union,enet,characteristics,504,cap_spread_bp,33.817956363563624,16.202103076000643,2.0872572038907995,0.03686489106157645,2.0624178607967387,65.5734948663305,2266,2266,0,5,full,standard,expanded,none,fixed504,union,raw,3,f_cumret3,3031789
ld3_ols_characteristics_core_full_raw_standard_original_none_fixed504_union,ols,characteristics_core,504,rank_ic,0.08543319627426574,0.0054812735219690245,15.58637713149111,9.01005023646186e-55,0.07469009758179343,0.09617629496673805,2266,2266,0,5,full,standard,original,none,fixed504,union,raw,3,f_cumret3,3031789
ld3_ols_characteristics_core_full_raw_standard_original_none_fixed504_union,ols,characteristics_core,504,ew_spread_bp,61.500559835686936,14.831363867400846,4.146655721316662,3.373667578546814e-05,32.431620813972586,90.56949885740129,2266,2266,0,5,full,standard,original,none,fixed504,union,raw,3,f_cumret3,3031789
ld3_ols_characteristics_core_full_raw_standard_original_none_fixed504_union,ols,characteristics_core,504,cap_spread_bp,36.04587419756707,15.106080141954155,2.386183169878516,0.01702426940162258,6.438501171761221,65.65324722337293,2266,2266,0,5,full,standard,original,none,fixed504,union,raw,3,f_cumret3,3031789
ld3_ols_characteristics_full_raw_standard_original_none_fixed504_union,ols,characteristics,504,rank_ic,0.09305138803435686,0.006683821851974568,13.921883331894485,4.664489990793768e-44,0.0799513379254049,0.10615143814330882,2266,2266,0,5,full,standard,original,none,fixed504,union,raw,5,f_cumret5,3030544
ld3_ols_characteristics_full_raw_standard_original_none_fixed504_union,ols,characteristics,504,ew_spread_bp,79.0299610196207,22.569330280062346,3.501652908568379,0.00046238155881968865,34.79488651550921,123.2650355237322,2266,2266,0,5,full,standard,original,none,fixed504,union,raw,5,f_cumret5,3030544
ld3_ols_characteristics_full_raw_standard_original_none_fixed504_union,ols,characteristics,504,cap_spread_bp,58.947119684335114,22.67306277319888,2.599874585713875,0.009325783599740636,14.508733229649472,103.38550613902075,2266,2266,0,5,full,standard,original,none,fixed504,union,raw,5,f_cumret5,3030544
ld3_ridge_characteristics_full_raw_standard_original_none_fixed504_union,ridge,characteristics,504,rank_ic,0.09403939239189632,0.0070344883163511954,13.368334434973482,9.259096586883979e-41,0.08025204864218018,0.10782673614161246,2266,2266,0,5,full,standard,original,none,fixed504,union,raw,5,f_cumret5,3030544
ld3_ridge_characteristics_full_raw_standard_original_none_fixed504_union,ridge,characteristics,504,ew_spread_bp,68.56702506097007,23.945192323339185,2.863498615299838,0.0041899064540300065,21.635310504340282,115.49873961759985,2266,2266,0,5,full,standard,original,none,fixed504,union,raw,5,f_cumret5,3030544
ld3_ridge_characteristics_full_raw_standard_original_none_fixed504_union,ridge,characteristics,504,cap_spread_bp,56.767488557683976,24.582166741175627,2.3092955619163256,0.020927185769453807,8.5873270830214,104.94765003234656,2266,2266,0,5,full,standard,original,none,fixed504,union,raw,5,f_cumret5,3030544
ld3_ridge_characteristics_full_raw_standard_expanded_none_fixed504_union,ridge,characteristics,504,rank_ic,0.09387354169993137,0.007027500210971611,13.358027589009858,1.0634480638596118e-40,0.08009989438507938,0.10764718901478336,2266,2266,0,5,full,standard,expanded,none,fixed504,union,raw,5,f_cumret5,3030544
ld3_ridge_characteristics_full_raw_standard_expanded_none_fixed504_union,ridge,characteristics,504,ew_spread_bp,68.1554820613924,23.929121796928992,2.8482232920950454,0.0043964066305625495,21.255265157739196,115.05569896504562,2266,2266,0,5,full,standard,expanded,none,fixed504,union,raw,5,f_cumret5,3030544
ld3_ridge_characteristics_full_raw_standard_expanded_none_fixed504_union,ridge,characteristics,504,cap_spread_bp,54.38646134361381,24.532325061564165,2.2169305684288108,0.026627836490038918,6.303987765918684,102.46893492130894,2266,2266,0,5,full,standard,expanded,none,fixed504,union,raw,5,f_cumret5,3030544
ld3_lasso_characteristics_full_raw_standard_original_none_fixed504_union,lasso,characteristics,504,rank_ic,0.09380286707852706,0.00695899683770162,13.479366245768803,2.068761556605304e-41,0.08016348390810375,0.10744225024895036,2266,2266,0,5,full,standard,original,none,fixed504,union,raw,5,f_cumret5,3030544
ld3_lasso_characteristics_full_raw_standard_original_none_fixed504_union,lasso,characteristics,504,ew_spread_bp,67.59569076347526,23.643759195781307,2.8589231603888177,0.0042508173729060945,21.254774280606185,113.93660724634434,2266,2266,0,5,full,standard,original,none,fixed504,union,raw,5,f_cumret5,3030544
ld3_lasso_characteristics_full_raw_standard_original_none_fixed504_union,lasso,characteristics,504,cap_spread_bp,58.99362473999563,23.76538254514976,2.4823343208517192,0.013052474998967431,12.414330872685262,105.57291860730601,2266,2266,0,5,full,standard,original,none,fixed504,union,raw,5,f_cumret5,3030544
ld3_lasso_characteristics_full_raw_standard_expanded_none_fixed504_union,lasso,characteristics,504,rank_ic,0.0932169058937168,0.006980162164842082,13.354547314564536,1.1143349778345889e-40,0.07953603944437718,0.10689777234305642,2266,2266,0,5,full,standard,expanded,none,fixed504,union,raw,5,f_cumret5,3030544
ld3_lasso_characteristics_full_raw_standard_expanded_none_fixed504_union,lasso,characteristics,504,ew_spread_bp,61.19888551154246,23.833533119113646,2.5677638814894435,0.010235685037999251,14.486018973737131,107.91175204934778,2266,2266,0,5,full,standard,expanded,none,fixed504,union,raw,5,f_cumret5,3030544
ld3_lasso_characteristics_full_raw_standard_expanded_none_fixed504_union,lasso,characteristics,504,cap_spread_bp,41.64556566878501,24.28558361012575,1.714826636960913,0.0863770163223013,-5.953303550597688,89.24443488816772,2266,2266,0,5,full,standard,expanded,none,fixed504,union,raw,5,f_cumret5,3030544
ld3_enet_characteristics_full_raw_standard_original_none_fixed504_union,enet,characteristics,504,rank_ic,0.09359419812219169,0.0069859339812672755,13.397521129338434,6.251652755261466e-41,0.07990201912053332,0.10728637712385006,2266,2266,0,5,full,standard,original,none,fixed504,union,raw,5,f_cumret5,3030544
ld3_enet_characteristics_full_raw_standard_original_none_fixed504_union,enet,characteristics,504,ew_spread_bp,68.6028731408446,23.667557023431055,2.8986039020811165,0.0037482809229040025,22.215313772871724,114.99043250881746,2266,2266,0,5,full,standard,original,none,fixed504,union,raw,5,f_cumret5,3030544
ld3_enet_characteristics_full_raw_standard_original_none_fixed504_union,enet,characteristics,504,cap_spread_bp,61.39840137680243,23.834589111459685,2.5760209706020083,0.009994458455411914,14.683465132030925,108.11333762157395,2266,2266,0,5,full,standard,original,none,fixed504,union,raw,5,f_cumret5,3030544
ld3_enet_characteristics_full_raw_standard_expanded_none_fixed504_union,enet,characteristics,504,rank_ic,0.0930983432795833,0.00701561638624294,13.270158764972052,3.4484935842663258e-40,0.07934798783319809,0.10684869872596851,2266,2266,0,5,full,standard,expanded,none,fixed504,union,raw,5,f_cumret5,3030544
ld3_enet_characteristics_full_raw_standard_expanded_none_fixed504_union,enet,characteristics,504,ew_spread_bp,62.01335672755437,24.09043906454979,2.5741895596585422,0.010047520815492872,14.796963789279985,109.22974966582875,2266,2266,0,5,full,standard,expanded,none,fixed504,union,raw,5,f_cumret5,3030544
ld3_enet_characteristics_full_raw_standard_expanded_none_fixed504_union,enet,characteristics,504,cap_spread_bp,50.54947233184802,24.5236036382261,2.0612579243066125,0.03927844003350245,2.4840924297894347,98.61485223390662,2266,2266,0,5,full,standard,expanded,none,fixed504,union,raw,5,f_cumret5,3030544
ld3_ols_characteristics_core_full_raw_standard_original_none_fixed504_union,ols,characteristics_core,504,rank_ic,0.09408465556257203,0.006613568002208168,14.226005619229836,6.318941422631029e-46,0.08112230046893751,0.10704701065620656,2266,2266,0,5,full,standard,original,none,fixed504,union,raw,5,f_cumret5,3030544
ld3_ols_characteristics_core_full_raw_standard_original_none_fixed504_union,ols,characteristics_core,504,ew_spread_bp,86.30027155610641,22.42201238116191,3.848908389177971,0.00011864536527314196,42.353934828117886,130.24660828409492,2266,2266,0,5,full,standard,original,none,fixed504,union,raw,5,f_cumret5,3030544
ld3_ols_characteristics_core_full_raw_standard_original_none_fixed504_union,ols,characteristics_core,504,cap_spread_bp,57.77107457032102,22.42369092782782,2.5763410116675782,0.00998521141320166,13.821447951320941,101.72070118932109,2266,2266,0,5,full,standard,original,none,fixed504,union,raw,5,f_cumret5,3030544
ld3_ols_characteristics_full_raw_standard_original_none_fixed504_union,ols,characteristics,504,rank_ic,0.10712403531393276,0.009255798327925268,11.573721846416369,5.59996144357179e-31,0.08898300394303318,0.12526506668483234,2266,2266,0,9,full,standard,original,none,fixed504,union,raw,10,f_cumret10,3027488
ld3_ols_characteristics_full_raw_standard_original_none_fixed504_union,ols,characteristics,504,ew_spread_bp,126.30296814378978,42.803916632527425,2.9507339066212928,0.0031701990243387726,42.408833146781035,210.19710314079853,2266,2266,0,9,full,standard,original,none,fixed504,union,raw,10,f_cumret10,3027488
ld3_ols_characteristics_full_raw_standard_original_none_fixed504_union,ols,characteristics,504,cap_spread_bp,95.48922043569607,40.37883388268917,2.364833534151002,0.018038176757846854,16.34816028789966,174.6302805834925,2266,2266,0,9,full,standard,original,none,fixed504,union,raw,10,f_cumret10,3027488
ld3_ridge_characteristics_full_raw_standard_original_none_fixed504_union,ridge,characteristics,504,rank_ic,0.10875244272825335,0.009705994463584427,11.204667706774174,3.8680252236440965e-29,0.08972904314548272,0.12777584231102398,2266,2266,0,9,full,standard,original,none,fixed504,union,raw,10,f_cumret10,3027488
ld3_ridge_characteristics_full_raw_standard_original_none_fixed504_union,ridge,characteristics,504,ew_spread_bp,112.53311980240365,45.747891015409834,2.4598537179451117,0.013899365548138799,22.86890104353685,202.19733856127044,2266,2266,0,9,full,standard,original,none,fixed504,union,raw,10,f_cumret10,3027488
ld3_ridge_characteristics_full_raw_standard_original_none_fixed504_union,ridge,characteristics,504,cap_spread_bp,96.00320395089672,45.93419402687917,2.0900160759263313,0.03661635563443515,5.97383799933867,186.03256990245478,2266,2266,0,9,full,standard,original,none,fixed504,union,raw,10,f_cumret10,3027488
ld3_ridge_characteristics_full_raw_standard_expanded_none_fixed504_union,ridge,characteristics,504,rank_ic,0.10854349650985634,0.009696686245742417,11.193875284715455,4.369114021930005e-29,0.08953834069881629,0.12754865232089638,2266,2266,0,9,full,standard,expanded,none,fixed504,union,raw,10,f_cumret10,3027488
ld3_ridge_characteristics_full_raw_standard_expanded_none_fixed504_union,ridge,characteristics,504,ew_spread_bp,113.10100026133557,45.60881715660062,2.4798056014694807,0.01314540292701397,23.70936125692583,202.4926392657453,2266,2266,0,9,full,standard,expanded,none,fixed504,union,raw,10,f_cumret10,3027488
ld3_ridge_characteristics_full_raw_standard_expanded_none_fixed504_union,ridge,characteristics,504,cap_spread_bp,93.59719176674984,45.85467073932778,2.041170294272229,0.04123390327267117,3.7236885947247487,183.47069493877495,2266,2266,0,9,full,standard,expanded,none,fixed504,union,raw,10,f_cumret10,3027488
ld3_lasso_characteristics_full_raw_standard_original_none_fixed504_union,lasso,characteristics,504,rank_ic,0.10867830988915193,0.009591337280180565,11.33088189002837,9.227098371065796e-30,0.08987963425642168,0.1274769855218822,2266,2266,0,9,full,standard,original,none,fixed504,union,raw,10,f_cumret10,3027488
ld3_lasso_characteristics_full_raw_standard_original_none_fixed504_union,lasso,characteristics,504,ew_spread_bp,111.17991645347276,44.68767467478076,2.4879324615253817,0.012848813108527047,23.593683538059793,198.76614936888572,2266,2266,0,9,full,standard,original,none,fixed504,union,raw,10,f_cumret10,3027488
ld3_lasso_characteristics_full_raw_standard_original_none_fixed504_union,lasso,characteristics,504,cap_spread_bp,102.51254304376029,43.071128386033486,2.3800756303612802,0.017309085107392517,18.094682633633866,186.9304034538867,2266,2266,0,9,full,standard,original,none,fixed504,union,raw,10,f_cumret10,3027488
ld3_lasso_characteristics_full_raw_standard_expanded_none_fixed504_union,lasso,characteristics,504,rank_ic,0.10832457207693133,0.00960709726883465,11.275473646793962,1.7344266178379723e-29,0.0894950074340423,0.12715413671982037,2266,2266,0,9,full,standard,expanded,none,fixed504,union,raw,10,f_cumret10,3027488
ld3_lasso_characteristics_full_raw_standard_expanded_none_fixed504_union,lasso,characteristics,504,ew_spread_bp,99.4743296650797,45.85216245580653,2.1694577602736964,0.030047947881993765,9.605742638419258,189.34291669174013,2266,2266,0,9,full,standard,expanded,none,fixed504,union,raw,10,f_cumret10,3027488
ld3_lasso_characteristics_full_raw_standard_expanded_none_fixed504_union,lasso,characteristics,504,cap_spread_bp,73.95896823421816,45.745238410989174,1.6167577392372128,0.10593058500579111,-15.700051515518908,163.61798798395523,2266,2266,0,9,full,standard,expanded,none,fixed504,union,raw,10,f_cumret10,3027488
ld3_enet_characteristics_full_raw_standard_original_none_fixed504_union,enet,characteristics,504,rank_ic,0.10859650501307645,0.00962605390437349,11.281518480146557,1.6192650970147983e-29,0.08972978604726324,0.12746322397888965,2266,2266,0,9,full,standard,original,none,fixed504,union,raw,10,f_cumret10,3027488
ld3_enet_characteristics_full_raw_standard_original_none_fixed504_union,enet,characteristics,504,ew_spread_bp,113.72665382436894,44.734077146447596,2.542282328795066,0.011013117450317154,26.04947373569533,201.40383391304255,2266,2266,0,9,full,standard,original,none,fixed504,union,raw,10,f_cumret10,3027488
ld3_enet_characteristics_full_raw_standard_original_none_fixed504_union,enet,characteristics,504,cap_spread_bp,109.41346835468394,43.33833118739939,2.524635013784192,0.011581850668040707,24.471900077312142,194.35503663205574,2266,2266,0,9,full,standard,original,none,fixed504,union,raw,10,f_cumret10,3027488
ld3_enet_characteristics_full_raw_standard_expanded_none_fixed504_union,enet,characteristics,504,rank_ic,0.1084743223721633,0.009664916911142874,11.22351318376065,3.1260005860207946e-29,0.08953143331275115,0.12741721143157544,2266,2266,0,9,full,standard,expanded,none,fixed504,union,raw,10,f_cumret10,3027488
ld3_enet_characteristics_full_raw_standard_expanded_none_fixed504_union,enet,characteristics,504,ew_spread_bp,103.37470708789488,45.814543667429454,2.2563731691468574,0.024047270516274772,13.579851531595537,193.16956264419423,2266,2266,0,9,full,standard,expanded,none,fixed504,union,raw,10,f_cumret10,3027488
ld3_enet_characteristics_full_raw_standard_expanded_none_fixed504_union,enet,characteristics,504,cap_spread_bp,97.06213731787545,45.40587462720496,2.1376559336161454,0.03254467847731821,8.068258362012685,186.05601627373824,2266,2266,0,9,full,standard,expanded,none,fixed504,union,raw,10,f_cumret10,3027488
ld3_ols_characteristics_core_full_raw_standard_original_none_fixed504_union,ols,characteristics_core,504,rank_ic,0.1085047288383072,0.009157065981931903,11.849289832835247,2.1702215709132347e-32,0.09055720930966377,0.12645224836695063,2266,2266,0,9,full,standard,original,none,fixed504,union,raw,10,f_cumret10,3027488
ld3_ols_characteristics_core_full_raw_standard_original_none_fixed504_union,ols,characteristics_core,504,ew_spread_bp,136.75678476196506,42.46926888675617,3.2201351317496307,0.0012813018329774727,53.518547294175505,219.99502222975462,2266,2266,0,9,full,standard,original,none,fixed504,union,raw,10,f_cumret10,3027488
ld3_ols_characteristics_core_full_raw_standard_original_none_fixed504_union,ols,characteristics_core,504,cap_spread_bp,102.30892178202484,40.048827572172314,2.5546046659581507,0.010630846288936164,23.814662117512412,180.80318144653728,2266,2266,0,9,full,standard,original,none,fixed504,union,raw,10,f_cumret10,3027488
ld3_ols_characteristics_full_raw_standard_original_none_fixed504_union,ols,characteristics,504,rank_ic,0.12947183211655833,0.01336896861844354,9.684504153741658,3.509071166121312e-22,0.10326913511396278,0.15567452911915386,2266,2266,0,20,full,standard,original,none,fixed504,union,raw,21,f_cumret21,3020813
ld3_ols_characteristics_full_raw_standard_original_none_fixed504_union,ols,characteristics,504,ew_spread_bp,223.15635227916724,89.94671714650084,2.4809838464221103,0.013102031050081864,46.864026144414254,399.4486784139202,2266,2266,0,20,full,standard,original,none,fixed504,union,raw,21,f_cumret21,3020813
ld3_ols_characteristics_full_raw_standard_original_none_fixed504_union,ols,characteristics,504,cap_spread_bp,153.96480642501274,81.7597106361342,1.8831378588192687,0.059681687754973636,-6.28128180822668,314.2108946582522,2266,2266,0,20,full,standard,original,none,fixed504,union,raw,21,f_cumret21,3020813
ld3_ridge_characteristics_full_raw_standard_original_none_fixed504_union,ridge,characteristics,504,rank_ic,0.1322036338104189,0.014062379460332581,9.401227877781379,5.392998796420449e-21,0.10464187653123125,0.15976539108960658,2266,2266,0,20,full,standard,original,none,fixed504,union,raw,21,f_cumret21,3020813
ld3_ridge_characteristics_full_raw_standard_original_none_fixed504_union,ridge,characteristics,504,ew_spread_bp,200.2645982454993,98.70394158003027,2.028942259444852,0.0424641717824592,6.808427616494441,393.72076887450413,2266,2266,0,20,full,standard,original,none,fixed504,union,raw,21,f_cumret21,3020813
ld3_ridge_characteristics_full_raw_standard_original_none_fixed504_union,ridge,characteristics,504,cap_spread_bp,158.1014456107528,96.61406118233585,1.6364227284926391,0.10175114557410735,-31.25863470677473,347.4615259282803,2266,2266,0,20,full,standard,original,none,fixed504,union,raw,21,f_cumret21,3020813
ld3_ridge_characteristics_full_raw_standard_expanded_none_fixed504_union,ridge,characteristics,504,rank_ic,0.13210021010424275,0.014030246935044998,9.41538739238299,4.713410538579181e-21,0.10460143141735108,0.15959898879113443,2266,2266,0,20,full,standard,expanded,none,fixed504,union,raw,21,f_cumret21,3020813
ld3_ridge_characteristics_full_raw_standard_expanded_none_fixed504_union,ridge,characteristics,504,ew_spread_bp,202.2471223580135,98.31394498008439,2.0571560056814224,0.039671221879035094,9.555331018995673,394.93891369703135,2266,2266,0,20,full,standard,expanded,none,fixed504,union,raw,21,f_cumret21,3020813
ld3_ridge_characteristics_full_raw_standard_expanded_none_fixed504_union,ridge,characteristics,504,cap_spread_bp,152.70885066728346,95.83317894497425,1.5934862262574658,0.11105115582933568,-35.120728588848294,340.5384299234152,2266,2266,0,20,full,standard,expanded,none,fixed504,union,raw,21,f_cumret21,3020813
ld3_lasso_characteristics_full_raw_standard_original_none_fixed504_union,lasso,characteristics,504,rank_ic,0.13177135720483144,0.013891414859925727,9.485812534831744,2.405019902993036e-21,0.10454468438507249,0.15899803002459037,2266,2266,0,20,full,standard,original,none,fixed504,union,raw,21,f_cumret21,3020813
ld3_lasso_characteristics_full_raw_standard_original_none_fixed504_union,lasso,characteristics,504,ew_spread_bp,206.59295885004107,95.32227096732471,2.1673105010355718,0.030211186333490937,19.764740829516626,393.42117687056555,2266,2266,0,20,full,standard,original,none,fixed504,union,raw,21,f_cumret21,3020813
ld3_lasso_characteristics_full_raw_standard_original_none_fixed504_union,lasso,characteristics,504,cap_spread_bp,170.48613241144847,89.28760958638105,1.909404151384657,0.05620997567151666,-4.514366643531673,345.4866314664286,2266,2266,0,20,full,standard,original,none,fixed504,union,raw,21,f_cumret21,3020813
ld3_lasso_characteristics_full_raw_standard_expanded_none_fixed504_union,lasso,characteristics,504,rank_ic,0.13161912828502292,0.013925579293833189,9.4516088349236,3.3366222262077235e-21,0.10432549440525316,0.1589127621647927,2266,2266,0,20,full,standard,expanded,none,fixed504,union,raw,21,f_cumret21,3020813
ld3_lasso_characteristics_full_raw_standard_expanded_none_fixed504_union,lasso,characteristics,504,ew_spread_bp,189.9081746241827,98.72334459707497,1.9236400002376883,0.05439972353870572,-3.586025219421174,383.40237446778656,2266,2266,0,20,full,standard,expanded,none,fixed504,union,raw,21,f_cumret21,3020813
ld3_lasso_characteristics_full_raw_standard_expanded_none_fixed504_union,lasso,characteristics,504,cap_spread_bp,136.44104710788685,94.88455565769611,1.437968973582057,0.15044285763153284,-49.529264670283766,322.4113588860574,2266,2266,0,20,full,standard,expanded,none,fixed504,union,raw,21,f_cumret21,3020813
ld3_enet_characteristics_full_raw_standard_original_none_fixed504_union,enet,characteristics,504,rank_ic,0.13190412726284576,0.013944137605614327,9.45946827215311,3.0951309217992863e-21,0.10457411976037109,0.15923413476532042,2266,2266,0,20,full,standard,original,none,fixed504,union,raw,21,f_cumret21,3020813
ld3_enet_characteristics_full_raw_standard_original_none_fixed504_union,enet,characteristics,504,ew_spread_bp,208.71490937241245,95.62566497731102,2.1826243971420642,0.029063481610259317,21.292050019189645,396.1377687256353,2266,2266,0,20,full,standard,original,none,fixed504,union,raw,21,f_cumret21,3020813
ld3_enet_characteristics_full_raw_standard_original_none_fixed504_union,enet,characteristics,504,cap_spread_bp,179.25533435467904,90.33992670795865,1.9842315672244975,0.04723003098625467,2.192331641091954,356.31833706826615,2266,2266,0,20,full,standard,original,none,fixed504,union,raw,21,f_cumret21,3020813
ld3_enet_characteristics_full_raw_standard_expanded_none_fixed504_union,enet,characteristics,504,rank_ic,0.13210480052525758,0.014001306144526503,9.435176915755177,3.903349762776527e-21,0.10466274474546627,0.1595468563050489,2266,2266,0,20,full,standard,expanded,none,fixed504,union,raw,21,f_cumret21,3020813
ld3_enet_characteristics_full_raw_standard_expanded_none_fixed504_union,enet,characteristics,504,ew_spread_bp,192.18807612678668,98.32581503375289,1.954604455206531,0.050629775065169684,-0.5269800899159804,384.90313234348935,2266,2266,0,20,full,standard,expanded,none,fixed504,union,raw,21,f_cumret21,3020813
ld3_enet_characteristics_full_raw_standard_expanded_none_fixed504_union,enet,characteristics,504,cap_spread_bp,157.6603188687524,93.72690472009312,1.6821244587089546,0.09254470846382845,-26.04103876504732,341.3616765025521,2266,2266,0,20,full,standard,expanded,none,fixed504,union,raw,21,f_cumret21,3020813
ld3_ols_characteristics_core_full_raw_standard_original_none_fixed504_union,ols,characteristics_core,504,rank_ic,0.13116576369634844,0.013222341913070526,9.920009976953379,3.407221154719966e-23,0.10525044975545578,0.1570810776372411,2266,2266,0,20,full,standard,original,none,fixed504,union,raw,21,f_cumret21,3020813
ld3_ols_characteristics_core_full_raw_standard_original_none_fixed504_union,ols,characteristics_core,504,ew_spread_bp,249.99042993355465,90.16187046336775,2.7726846021359366,0.005559597606743127,73.27641104658818,426.7044488205211,2266,2266,0,20,full,standard,original,none,fixed504,union,raw,21,f_cumret21,3020813
ld3_ols_characteristics_core_full_raw_standard_original_none_fixed504_union,ols,characteristics_core,504,cap_spread_bp,179.02993589181762,81.30649552236046,2.20191430883381,0.027671362054427454,19.672132958823937,338.3877388248113,2266,2266,0,20,full,standard,original,none,fixed504,union,raw,21,f_cumret21,3020813
ld3_ols_characteristics_full_raw_standard_original_none_fixed504_union,ols,characteristics,504,rank_ic,0.15496443207393953,0.018724785845315728,8.27589876616432,1.2749028076844388e-16,0.11826452619889533,0.19166433794898374,2266,2266,0,41,full,standard,original,none,fixed504,union,raw,42,f_cumret42,3007314
ld3_ols_characteristics_full_raw_standard_original_none_fixed504_union,ols,characteristics,504,ew_spread_bp,360.71212585028735,197.50984206976295,1.8262995001680944,0.06780516049212335,-26.400051198642018,747.8243028992167,2266,2266,0,41,full,standard,original,none,fixed504,union,raw,42,f_cumret42,3007314
ld3_ols_characteristics_full_raw_standard_original_none_fixed504_union,ols,characteristics,504,cap_spread_bp,268.3014930904751,176.9222794831445,1.5164935353211768,0.12939460375050832,-78.45980275921784,615.062788940168,2266,2266,0,41,full,standard,original,none,fixed504,union,raw,42,f_cumret42,3007314
ld3_ridge_characteristics_full_raw_standard_original_none_fixed504_union,ridge,characteristics,504,rank_ic,0.15937554304926418,0.019651654805936537,8.110031680442436,5.060656579105879e-16,0.12085900739301511,0.19789207870551326,2266,2266,0,41,full,standard,original,none,fixed504,union,raw,42,f_cumret42,3007314
ld3_ridge_characteristics_full_raw_standard_original_none_fixed504_union,ridge,characteristics,504,ew_spread_bp,325.40729524988444,219.469910594676,1.4826966228225105,0.13815503231674336,-104.74582520590616,755.560415705675,2266,2266,0,41,full,standard,original,none,fixed504,union,raw,42,f_cumret42,3007314
ld3_ridge_characteristics_full_raw_standard_original_none_fixed504_union,ridge,characteristics,504,cap_spread_bp,286.68020279456846,200.82032896490813,1.4275457284240567,0.1534226541716465,-106.92040934013733,680.2808149292742,2266,2266,0,41,full,standard,original,none,fixed504,union,raw,42,f_cumret42,3007314
ld3_ridge_characteristics_full_raw_standard_expanded_none_fixed504_union,ridge,characteristics,504,rank_ic,0.15956916080423406,0.019597862649797966,8.142171605936786,3.882504338804627e-16,0.12115805583666733,0.19798026577180078,2266,2266,0,41,full,standard,expanded,none,fixed504,union,raw,42,f_cumret42,3007314
ld3_ridge_characteristics_full_raw_standard_expanded_none_fixed504_union,ridge,characteristics,504,ew_spread_bp,332.2590712071741,218.72111392415908,1.5190992092440785,0.12873752575461342,-96.42643474265986,760.9445771570081,2266,2266,0,41,full,standard,expanded,none,fixed504,union,raw,42,f_cumret42,3007314
ld3_ridge_characteristics_full_raw_standard_expanded_none_fixed504_union,ridge,characteristics,504,cap_spread_bp,293.2070403455941,198.62629592028674,1.4761743352615546,0.13989709742510442,-96.09334604076292,682.5074267319512,2266,2266,0,41,full,standard,expanded,none,fixed504,union,raw,42,f_cumret42,3007314
ld3_lasso_characteristics_full_raw_standard_original_none_fixed504_union,lasso,characteristics,504,rank_ic,0.15829222335495288,0.01939450547530575,8.16170453825183,3.303294310502947e-16,0.12027969112538872,0.19630475558451704,2266,2266,0,41,full,standard,original,none,fixed504,union,raw,42,f_cumret42,3007314
ld3_lasso_characteristics_full_raw_standard_original_none_fixed504_union,lasso,characteristics,504,ew_spread_bp,342.1845590696573,210.38244082657818,1.626488207500767,0.10384583996877564,-70.15744793006496,754.5265660693797,2266,2266,0,41,full,standard,original,none,fixed504,union,raw,42,f_cumret42,3007314
ld3_lasso_characteristics_full_raw_standard_original_none_fixed504_union,lasso,characteristics,504,cap_spread_bp,296.5046191235832,184.34272256272774,1.6084422265310163,0.10773835977074013,-64.80047791142238,657.8097161585888,2266,2266,0,41,full,standard,original,none,fixed504,union,raw,42,f_cumret42,3007314
ld3_lasso_characteristics_full_raw_standard_expanded_none_fixed504_union,lasso,characteristics,504,rank_ic,0.15790849040858135,0.019437619361915327,8.123859587351314,4.515881723473985e-16,0.11981145651402889,0.1960055243031338,2266,2266,0,41,full,standard,expanded,none,fixed504,union,raw,42,f_cumret42,3007314
ld3_lasso_characteristics_full_raw_standard_expanded_none_fixed504_union,lasso,characteristics,504,ew_spread_bp,314.39613089032247,217.0919842470891,1.4482162111176065,0.14755659219759434,-111.09633956630893,739.8886013469539,2266,2266,0,41,full,standard,expanded,none,fixed504,union,raw,42,f_cumret42,3007314
ld3_lasso_characteristics_full_raw_standard_expanded_none_fixed504_union,lasso,characteristics,504,cap_spread_bp,254.18664060758422,192.9632019512777,1.3172803831881124,0.18774465821629904,-124.01428555844919,632.3875667736177,2266,2266,0,41,full,standard,expanded,none,fixed504,union,raw,42,f_cumret42,3007314
ld3_enet_characteristics_full_raw_standard_original_none_fixed504_union,enet,characteristics,504,rank_ic,0.15878377991224896,0.019471305452852028,8.154757794577732,3.4988034404758364e-16,0.1206207224926806,0.1969468373318173,2266,2266,0,41,full,standard,original,none,fixed504,union,raw,42,f_cumret42,3007314
ld3_enet_characteristics_full_raw_standard_original_none_fixed504_union,enet,characteristics,504,ew_spread_bp,346.14833880451306,211.0687725486515,1.6399789254695438,0.10100954888647096,-67.5388536519203,759.8355312609465,2266,2266,0,41,full,standard,original,none,fixed504,union,raw,42,f_cumret42,3007314
ld3_enet_characteristics_full_raw_standard_original_none_fixed504_union,enet,characteristics,504,cap_spread_bp,305.2722372952058,186.26897974632848,1.6388785599778481,0.10123855371761799,-59.8082544446188,670.3527290350304,2266,2266,0,41,full,standard,original,none,fixed504,union,raw,42,f_cumret42,3007314
ld3_enet_characteristics_full_raw_standard_expanded_none_fixed504_union,enet,characteristics,504,rank_ic,0.15901318237066406,0.019585622193657764,8.118873161055658,4.705319576518264e-16,0.12062606825628647,0.19740029648504165,2266,2266,0,41,full,standard,expanded,none,fixed504,union,raw,42,f_cumret42,3007314
ld3_enet_characteristics_full_raw_standard_expanded_none_fixed504_union,enet,characteristics,504,ew_spread_bp,320.414480200972,215.66648661551713,1.4856943479224753,0.13735998632970048,-102.28406623773122,743.1130266396751,2266,2266,0,41,full,standard,expanded,none,fixed504,union,raw,42,f_cumret42,3007314
ld3_enet_characteristics_full_raw_standard_expanded_none_fixed504_union,enet,characteristics,504,cap_spread_bp,275.40700087457253,192.909015506885,1.4276523061968722,0.15339196026511584,-102.68772181200086,653.5017235611459,2266,2266,0,41,full,standard,expanded,none,fixed504,union,raw,42,f_cumret42,3007314
ld3_ols_characteristics_core_full_raw_standard_original_none_fixed504_union,ols,characteristics_core,504,rank_ic,0.1569130727934798,0.018504598480217654,8.479679954213962,2.2581423370790025e-17,0.12064472622387858,0.19318141936308103,2266,2266,0,41,full,standard,original,none,fixed504,union,raw,42,f_cumret42,3007314
ld3_ols_characteristics_core_full_raw_standard_original_none_fixed504_union,ols,characteristics_core,504,ew_spread_bp,392.4691982037794,200.645466823663,1.956033218276994,0.050461241088051584,-0.7886904318264101,785.7270868393853,2266,2266,0,41,full,standard,original,none,fixed504,union,raw,42,f_cumret42,3007314
ld3_ols_characteristics_core_full_raw_standard_original_none_fixed504_union,ols,characteristics_core,504,cap_spread_bp,296.1045718506865,177.74831235954588,1.6658643219730371,0.095740441216814,-52.275718686799166,644.4848623881721,2266,2266,0,41,full,standard,original,none,fixed504,union,raw,42,f_cumret42,3007314
ld3_ols_characteristics_full_raw_standard_original_none_fixed504_union,ols,characteristics,504,rank_ic,0.17933785931620175,0.022412349231553382,8.001743032975753,1.2267018017138051e-15,0.13541046201342316,0.22326525661898033,2266,2266,0,62,full,standard,original,none,fixed504,union,raw,63,f_cumret63,2993214
ld3_ols_characteristics_full_raw_standard_original_none_fixed504_union,ols,characteristics,504,ew_spread_bp,493.9679571260559,309.8194241315279,1.5943737501634219,0.11085234818387474,-113.26695588267853,1101.2028701347904,2266,2266,0,62,full,standard,original,none,fixed504,union,raw,63,f_cumret63,2993214
ld3_ols_characteristics_full_raw_standard_original_none_fixed504_union,ols,characteristics,504,cap_spread_bp,392.64659481973445,266.9175661662524,1.4710406679460368,0.14128011903717905,-130.50222170720713,915.795411346676,2266,2266,0,62,full,standard,original,none,fixed504,union,raw,63,f_cumret63,2993214
ld3_ridge_characteristics_full_raw_standard_original_none_fixed504_union,ridge,characteristics,504,rank_ic,0.1841372214845694,0.023433554090065763,7.857844387447447,3.9080037765971204e-15,0.13820829943826923,0.23006614353086957,2266,2266,0,62,full,standard,original,none,fixed504,union,raw,63,f_cumret63,2993214
ld3_ridge_characteristics_full_raw_standard_original_none_fixed504_union,ridge,characteristics,504,ew_spread_bp,451.5124641139508,338.0486661619699,1.3356433830672676,0.1816658630173269,-211.05074658531424,1114.0756748132158,2266,2266,0,62,full,standard,original,none,fixed504,union,raw,63,f_cumret63,2993214
ld3_ridge_characteristics_full_raw_standard_original_none_fixed504_union,ridge,characteristics,504,cap_spread_bp,399.70204497016107,299.94290566332296,1.3325937617568284,0.1826651534585162,-188.17524754824694,987.5793374885691,2266,2266,0,62,full,standard,original,none,fixed504,union,raw,63,f_cumret63,2993214
ld3_ridge_characteristics_full_raw_standard_expanded_none_fixed504_union,ridge,characteristics,504,rank_ic,0.18419411072075173,0.023385005887414177,7.876590307804245,3.3643578206533493e-15,0.1383603414031628,0.23002788003834065,2266,2266,0,62,full,standard,expanded,none,fixed504,union,raw,63,f_cumret63,2993214
ld3_ridge_characteristics_full_raw_standard_expanded_none_fixed504_union,ridge,characteristics,504,ew_spread_bp,455.53791029956807,337.94857063793296,1.3479503980137157,0.17767433678707278,-206.82911677757096,1117.904937376707,2266,2266,0,62,full,standard,expanded,none,fixed504,union,raw,63,f_cumret63,2993214
ld3_ridge_characteristics_full_raw_standard_expanded_none_fixed504_union,ridge,characteristics,504,cap_spread_bp,403.3482024547018,298.2528745033418,1.3523698744777142,0.17625702160891754,-181.21668985739268,987.9130947667962,2266,2266,0,62,full,standard,expanded,none,fixed504,union,raw,63,f_cumret63,2993214
ld3_lasso_characteristics_full_raw_standard_original_none_fixed504_union,lasso,characteristics,504,rank_ic,0.18308094539688705,0.023109915643985963,7.9221814660553,2.3337937155364516e-15,0.1377863430489158,0.2283755477448583,2266,2266,0,62,full,standard,original,none,fixed504,union,raw,63,f_cumret63,2993214
ld3_lasso_characteristics_full_raw_standard_original_none_fixed504_union,lasso,characteristics,504,ew_spread_bp,473.42504677091995,326.36582590261463,1.4505962609951288,0.1468923170702974,-166.2402177828742,1113.090311324714,2266,2266,0,62,full,standard,original,none,fixed504,union,raw,63,f_cumret63,2993214
ld3_lasso_characteristics_full_raw_standard_original_none_fixed504_union,lasso,characteristics,504,cap_spread_bp,416.4433294697026,277.74555569830386,1.4993699122302309,0.1337776945869988,-127.92795656503654,960.8146155044417,2266,2266,0,62,full,standard,original,none,fixed504,union,raw,63,f_cumret63,2993214
ld3_lasso_characteristics_full_raw_standard_expanded_none_fixed504_union,lasso,characteristics,504,rank_ic,0.18252057842826508,0.023210006706232036,7.8638744373674445,3.7243087195226975e-15,0.13702980120311717,0.228011355653413,2266,2266,0,62,full,standard,expanded,none,fixed504,union,raw,63,f_cumret63,2993214
ld3_lasso_characteristics_full_raw_standard_expanded_none_fixed504_union,lasso,characteristics,504,ew_spread_bp,443.35724888432793,336.5201446916933,1.3174761032226308,0.1876790860590627,-216.21011478359884,1102.9246125522548,2266,2266,0,62,full,standard,expanded,none,fixed504,union,raw,63,f_cumret63,2993214
ld3_lasso_characteristics_full_raw_standard_expanded_none_fixed504_union,lasso,characteristics,504,cap_spread_bp,370.4815837200547,288.0761564049801,1.2860543140516922,0.1984241068507121,-194.13730763843398,935.1004750785434,2266,2266,0,62,full,standard,expanded,none,fixed504,union,raw,63,f_cumret63,2993214
ld3_enet_characteristics_full_raw_standard_original_none_fixed504_union,enet,characteristics,504,rank_ic,0.18359501298942454,0.023190375948012616,7.91686229671315,2.435792565559745e-15,0.1381427113433759,0.22904731463547318,2266,2266,0,62,full,standard,original,none,fixed504,union,raw,63,f_cumret63,2993214
ld3_enet_characteristics_full_raw_standard_original_none_fixed504_union,enet,characteristics,504,ew_spread_bp,478.70207115958704,327.53934433073954,1.461510134416731,0.14387549639609284,-163.263247248526,1120.6673895677,2266,2266,0,62,full,standard,original,none,fixed504,union,raw,63,f_cumret63,2993214
ld3_enet_characteristics_full_raw_standard_original_none_fixed504_union,enet,characteristics,504,cap_spread_bp,423.397692528199,280.1079369350872,1.5115519294489612,0.13064788849317815,-125.60377564838865,972.3991607047867,2266,2266,0,62,full,standard,original,none,fixed504,union,raw,63,f_cumret63,2993214
ld3_enet_characteristics_full_raw_standard_expanded_none_fixed504_union,enet,characteristics,504,rank_ic,0.1836842643730943,0.02332301018226808,7.875667117478042,3.3892951437008535e-15,0.1379720044047879,0.22939652434140068,2266,2266,0,62,full,standard,expanded,none,fixed504,union,raw,63,f_cumret63,2993214
ld3_enet_characteristics_full_raw_standard_expanded_none_fixed504_union,enet,characteristics,504,ew_spread_bp,454.4084591052448,332.46800277040614,1.3667735099881102,0.1716963083443508,-197.21685233671417,1106.0337705472039,2266,2266,0,62,full,standard,expanded,none,fixed504,union,raw,63,f_cumret63,2993214
ld3_enet_characteristics_full_raw_standard_expanded_none_fixed504_union,enet,characteristics,504,cap_spread_bp,395.57141464577995,287.46795202994775,1.3760539630677517,0.16880492700920002,-167.85541804240557,958.9982473339655,2266,2266,0,62,full,standard,expanded,none,fixed504,union,raw,63,f_cumret63,2993214
ld3_ols_characteristics_core_full_raw_standard_original_none_fixed504_union,ols,characteristics_core,504,rank_ic,0.18143174265155543,0.02220238836777265,8.17172187272016,3.04018763836439e-16,0.13791586107995,0.22494762422316086,2266,2266,0,62,full,standard,original,none,fixed504,union,raw,63,f_cumret63,2993214
ld3_ols_characteristics_core_full_raw_standard_original_none_fixed504_union,ols,characteristics_core,504,ew_spread_bp,531.85474252452,315.36532215048055,1.686471863481359,0.09170495001619723,-86.24993086329357,1149.9594159123335,2266,2266,0,62,full,standard,original,none,fixed504,union,raw,63,f_cumret63,2993214
ld3_ols_characteristics_core_full_raw_standard_original_none_fixed504_union,ols,characteristics_core,504,cap_spread_bp,416.2690778392336,266.66245040776937,1.5610337233558451,0.1185157941832202,-106.37972098919266,938.9178766676598,2266,2266,0,62,full,standard,original,none,fixed504,union,raw,63,f_cumret63,2993214
ld3_ridge_characteristics_core_full_raw_standard_original_none_fixed504_union,ridge,characteristics_core,504,rank_ic,0.08659228687851599,0.00580050005265371,14.928417566154542,2.1531529454134064e-50,0.07522351568299203,0.09796105807403994,2266,2266,0,5,full,standard,original,none,fixed504,union,raw,3,f_cumret3,3031789
ld3_ridge_characteristics_core_full_raw_standard_original_none_fixed504_union,ridge,characteristics_core,504,ew_spread_bp,55.076944970758994,15.804211093622415,3.4849537660873553,0.0004922220835368334,24.10126042319068,86.05262951832731,2266,2266,0,5,full,standard,original,none,fixed504,union,raw,3,f_cumret3,3031789
ld3_ridge_characteristics_core_full_raw_standard_original_none_fixed504_union,ridge,characteristics_core,504,cap_spread_bp,37.41119215808117,16.420666251088388,2.278299283721298,0.022708752316420524,5.227277703795579,69.59510661236676,2266,2266,0,5,full,standard,original,none,fixed504,union,raw,3,f_cumret3,3031789
ld3_ridge_characteristics_core_full_raw_standard_expanded_none_fixed504_union,ridge,characteristics_core,504,rank_ic,0.08663263542226107,0.005811948150651667,14.905954625997024,3.0147283183017234e-50,0.07524142636696964,0.09802384447755251,2266,2266,0,5,full,standard,expanded,none,fixed504,union,raw,3,f_cumret3,3031789
ld3_ridge_characteristics_core_full_raw_standard_expanded_none_fixed504_union,ridge,characteristics_core,504,ew_spread_bp,54.42922210849119,15.883957324058702,3.4266789439209675,0.0006110110268437589,23.29723782136492,85.56120639561746,2266,2266,0,5,full,standard,expanded,none,fixed504,union,raw,3,f_cumret3,3031789
ld3_ridge_characteristics_core_full_raw_standard_expanded_none_fixed504_union,ridge,characteristics_core,504,cap_spread_bp,33.50377172351358,16.837540660938917,1.9898257351347237,0.04661013546428664,0.5027984398445682,66.50474500718259,2266,2266,0,5,full,standard,expanded,none,fixed504,union,raw,3,f_cumret3,3031789
ld3_lasso_characteristics_core_full_raw_standard_original_none_fixed504_union,lasso,characteristics_core,504,rank_ic,0.08607764083883544,0.005728494488144642,15.02622390873845,4.943966934158908e-51,0.07484999795643574,0.09730528372123515,2266,2266,0,5,full,standard,original,none,fixed504,union,raw,3,f_cumret3,3031789
ld3_lasso_characteristics_core_full_raw_standard_original_none_fixed504_union,lasso,characteristics_core,504,ew_spread_bp,54.39730271909619,15.523650846609481,3.5041565451710155,0.00045805600396150515,23.971506151166885,84.82309928702549,2266,2266,0,5,full,standard,original,none,fixed504,union,raw,3,f_cumret3,3031789
ld3_lasso_characteristics_core_full_raw_standard_original_none_fixed504_union,lasso,characteristics_core,504,cap_spread_bp,37.92558605600087,15.96716208771855,2.3752239657648406,0.017538304839145494,6.63052342875913,69.2206486832426,2266,2266,0,5,full,standard,original,none,fixed504,union,raw,3,f_cumret3,3031789
ld3_lasso_characteristics_core_full_raw_standard_expanded_none_fixed504_union,lasso,characteristics_core,504,rank_ic,0.08559042228681034,0.005750063185419009,14.88512726327082,4.117023496287585e-50,0.07432050553455942,0.09686033903906126,2266,2266,0,5,full,standard,expanded,none,fixed504,union,raw,3,f_cumret3,3031789
ld3_lasso_characteristics_core_full_raw_standard_expanded_none_fixed504_union,lasso,characteristics_core,504,ew_spread_bp,49.76041107310037,15.753779479675202,3.1586332116238487,0.0015851084851103584,18.88357067255082,80.63725147364993,2266,2266,0,5,full,standard,expanded,none,fixed504,union,raw,3,f_cumret3,3031789
ld3_lasso_characteristics_core_full_raw_standard_expanded_none_fixed504_union,lasso,characteristics_core,504,cap_spread_bp,31.04492560550389,16.09172825231183,1.9292474443224454,0.05370015079212806,-0.4942822180329678,62.58413342904075,2266,2266,0,5,full,standard,expanded,none,fixed504,union,raw,3,f_cumret3,3031789
ld3_enet_characteristics_core_full_raw_standard_original_none_fixed504_union,enet,characteristics_core,504,rank_ic,0.08582396118631402,0.005749345855597777,14.92760452091304,2.179562979741646e-50,0.07455545037467776,0.09709247199795029,2266,2266,0,5,full,standard,original,none,fixed504,union,raw,3,f_cumret3,3031789
ld3_enet_characteristics_core_full_raw_standard_original_none_fixed504_union,enet,characteristics_core,504,ew_spread_bp,55.027937202400764,15.57613501851442,3.5328364280992908,0.00041112675799780015,24.499273547779374,85.55660085702215,2266,2266,0,5,full,standard,original,none,fixed504,union,raw,3,f_cumret3,3031789
ld3_enet_characteristics_core_full_raw_standard_original_none_fixed504_union,enet,characteristics_core,504,cap_spread_bp,38.22539340380102,15.953697144680042,2.396021001097401,0.016574140657406877,6.956721579968644,69.4940652276334,2266,2266,0,5,full,standard,original,none,fixed504,union,raw,3,f_cumret3,3031789
ld3_enet_characteristics_core_full_raw_standard_expanded_none_fixed504_union,enet,characteristics_core,504,rank_ic,0.0858046787472298,0.005779403898747591,14.846631287670318,7.315340689203097e-50,0.07447725525357415,0.09713210224088545,2266,2266,0,5,full,standard,expanded,none,fixed504,union,raw,3,f_cumret3,3031789
ld3_enet_characteristics_core_full_raw_standard_expanded_none_fixed504_union,enet,characteristics_core,504,ew_spread_bp,53.52515260396443,15.658595202645719,3.4182601894530533,0.0006302282802101395,22.83486995828715,84.2154352496417,2266,2266,0,5,full,standard,expanded,none,fixed504,union,raw,3,f_cumret3,3031789
ld3_enet_characteristics_core_full_raw_standard_expanded_none_fixed504_union,enet,characteristics_core,504,cap_spread_bp,32.71093662247551,15.950065249670685,2.050834031738577,0.04028311217436414,1.449383182057101,63.97249006289391,2266,2266,0,5,full,standard,expanded,none,fixed504,union,raw,3,f_cumret3,3031789
ld3_group_ridge_characteristics_core_full_raw_standard_original_none_fixed504_union,group_ridge,characteristics_core,504,rank_ic,0.08641954750014848,0.00581196234986541,14.869254530210393,5.219124236471903e-50,0.0750283106149095,0.09781078438538746,2266,2266,0,5,full,standard,original,none,fixed504,union,raw,3,f_cumret3,3031789
ld3_group_ridge_characteristics_core_full_raw_standard_original_none_fixed504_union,group_ridge,characteristics_core,504,ew_spread_bp,54.176326972329875,15.794166625781072,3.430147867624556,0.0006032524070880284,23.220329219974463,85.13232472468529,2266,2266,0,5,full,standard,original,none,fixed504,union,raw,3,f_cumret3,3031789
ld3_group_ridge_characteristics_core_full_raw_standard_original_none_fixed504_union,group_ridge,characteristics_core,504,cap_spread_bp,37.52096179903741,16.50222555113072,2.2736910050575876,0.022984571376670978,5.17719405406455,69.86472954401026,2266,2266,0,5,full,standard,original,none,fixed504,union,raw,3,f_cumret3,3031789
ld3_group_ridge_characteristics_core_full_raw_standard_expanded_none_fixed504_union,group_ridge,characteristics_core,504,rank_ic,0.08647378936206002,0.005818620073407682,14.861563097625746,5.854313448880116e-50,0.07506950357845915,0.09787807514566088,2266,2266,0,5,full,standard,expanded,none,fixed504,union,raw,3,f_cumret3,3031789
ld3_group_ridge_characteristics_core_full_raw_standard_expanded_none_fixed504_union,group_ridge,characteristics_core,504,ew_spread_bp,53.620765771534145,15.854191243589112,3.3821192735527608,0.000719289066355646,22.547121930089194,84.6944096129791,2266,2266,0,5,full,standard,expanded,none,fixed504,union,raw,3,f_cumret3,3031789
ld3_group_ridge_characteristics_core_full_raw_standard_expanded_none_fixed504_union,group_ridge,characteristics_core,504,cap_spread_bp,34.90472964520484,16.785669828159865,2.0794362097274304,0.037577275257316835,2.005421325630863,67.80403796477881,2266,2266,0,5,full,standard,expanded,none,fixed504,union,raw,3,f_cumret3,3031789
ld3_ridge_characteristics_core_full_raw_standard_original_none_fixed504_union,ridge,characteristics_core,504,rank_ic,0.09556581037813063,0.00700784713369271,13.636971320145399,2.4137890157585496e-42,0.08183068238693067,0.10930093836933058,2266,2266,0,5,full,standard,original,none,fixed504,union,raw,5,f_cumret5,3030544
ld3_ridge_characteristics_core_full_raw_standard_original_none_fixed504_union,ridge,characteristics_core,504,ew_spread_bp,78.51330266353538,24.072009211533235,3.26160155446927,0.0011078474184268749,31.33303157341382,125.69357375365695,2266,2266,0,5,full,standard,original,none,fixed504,union,raw,5,f_cumret5,3030544
ld3_ridge_characteristics_core_full_raw_standard_original_none_fixed504_union,ridge,characteristics_core,504,cap_spread_bp,57.08566836127647,25.097825534553802,2.274526463764079,0.022934351825129,7.894834223281286,106.27650249927166,2266,2266,0,5,full,standard,original,none,fixed504,union,raw,5,f_cumret5,3030544
ld3_ridge_characteristics_core_full_raw_standard_expanded_none_fixed504_union,ridge,characteristics_core,504,rank_ic,0.09565054168075339,0.007020560357361161,13.624345751897481,2.869704544028332e-42,0.08189049622903587,0.10941058713247091,2266,2266,0,5,full,standard,expanded,none,fixed504,union,raw,5,f_cumret5,3030544
ld3_ridge_characteristics_core_full_raw_standard_expanded_none_fixed504_union,ridge,characteristics_core,504,ew_spread_bp,77.7138223578869,24.19498668499703,3.2119803730281093,0.0013182338088211522,30.29251984886657,125.13512486690723,2266,2266,0,5,full,standard,expanded,none,fixed504,union,raw,5,f_cumret5,3030544
ld3_ridge_characteristics_core_full_raw_standard_expanded_none_fixed504_union,ridge,characteristics_core,504,cap_spread_bp,54.3106437016022,25.368012448956613,2.140910479718564,0.032281257874420405,4.590252942283506,104.03103446092089,2266,2266,0,5,full,standard,expanded,none,fixed504,union,raw,5,f_cumret5,3030544
ld3_lasso_characteristics_core_full_raw_standard_original_none_fixed504_union,lasso,characteristics_core,504,rank_ic,0.09500466743762517,0.006919904348526415,13.72918795587923,6.7890152002197465e-43,0.08144190413805129,0.10856743073719906,2266,2266,0,5,full,standard,original,none,fixed504,union,raw,5,f_cumret5,3030544
ld3_lasso_characteristics_core_full_raw_standard_original_none_fixed504_union,lasso,characteristics_core,504,ew_spread_bp,77.25551537920501,23.549937059439806,3.280497743336335,0.0010362409377706698,31.098486904517884,123.41254385389213,2266,2266,0,5,full,standard,original,none,fixed504,union,raw,5,f_cumret5,3030544
ld3_lasso_characteristics_core_full_raw_standard_original_none_fixed504_union,lasso,characteristics_core,504,cap_spread_bp,56.632824751421275,24.042490591240828,2.3555307024661487,0.018496268478406075,9.510409093946144,103.75524040889641,2266,2266,0,5,full,standard,original,none,fixed504,union,raw,5,f_cumret5,3030544
ld3_lasso_characteristics_core_full_raw_standard_expanded_none_fixed504_union,lasso,characteristics_core,504,rank_ic,0.09445748155309651,0.00694751077108696,13.595874071357263,4.236687571231941e-42,0.08084061065956197,0.10807435244663105,2266,2266,0,5,full,standard,expanded,none,fixed504,union,raw,5,f_cumret5,3030544
ld3_lasso_characteristics_core_full_raw_standard_expanded_none_fixed504_union,lasso,characteristics_core,504,ew_spread_bp,70.27858956539896,23.945728189228397,2.9349113549619537,0.0033364298859784587,23.345824730925777,117.21135439987214,2266,2266,0,5,full,standard,expanded,none,fixed504,union,raw,5,f_cumret5,3030544
ld3_lasso_characteristics_core_full_raw_standard_expanded_none_fixed504_union,lasso,characteristics_core,504,cap_spread_bp,44.761607191165865,24.401640215118103,1.834368788186365,0.06659926946375107,-3.064728794169831,92.58794317650157,2266,2266,0,5,full,standard,expanded,none,fixed504,union,raw,5,f_cumret5,3030544
ld3_enet_characteristics_core_full_raw_standard_original_none_fixed504_union,enet,characteristics_core,504,rank_ic,0.09478086936141232,0.00694969256990364,13.638138436780736,2.3754726230198913e-42,0.08115972222077557,0.10840201650204907,2266,2266,0,5,full,standard,original,none,fixed504,union,raw,5,f_cumret5,3030544
ld3_enet_characteristics_core_full_raw_standard_original_none_fixed504_union,enet,characteristics_core,504,ew_spread_bp,77.07302327189754,23.632241730052378,3.26135049532293,0.0011088288767744758,30.75468060705034,123.39136593674473,2266,2266,0,5,full,standard,original,none,fixed504,union,raw,5,f_cumret5,3030544
ld3_enet_characteristics_core_full_raw_standard_original_none_fixed504_union,enet,characteristics_core,504,cap_spread_bp,56.81231034870038,24.056600672265002,2.3616100679677334,0.018195769560170293,9.662239440598924,103.96238125680183,2266,2266,0,5,full,standard,original,none,fixed504,union,raw,5,f_cumret5,3030544
ld3_enet_characteristics_core_full_raw_standard_expanded_none_fixed504_union,enet,characteristics_core,504,rank_ic,0.09469709821410535,0.006982382304114359,13.562290646604271,6.701027482711365e-42,0.08101188037175142,0.10838231605645929,2266,2266,0,5,full,standard,expanded,none,fixed504,union,raw,5,f_cumret5,3030544
ld3_enet_characteristics_core_full_raw_standard_expanded_none_fixed504_union,enet,characteristics_core,504,ew_spread_bp,75.00066476587996,23.78748236205009,3.1529467315773614,0.001616312983399697,28.378056053380014,121.6232734783799,2266,2266,0,5,full,standard,expanded,none,fixed504,union,raw,5,f_cumret5,3030544
ld3_enet_characteristics_core_full_raw_standard_expanded_none_fixed504_union,enet,characteristics_core,504,cap_spread_bp,50.35962425561517,24.126695466509087,2.0872988729650404,0.036861126606670416,3.0721700752915595,97.64707843593877,2266,2266,0,5,full,standard,expanded,none,fixed504,union,raw,5,f_cumret5,3030544
ld3_group_ridge_characteristics_core_full_raw_standard_original_none_fixed504_union,group_ridge,characteristics_core,504,rank_ic,0.09534360587726186,0.0070175684017910085,13.586416322344428,4.8211472015763936e-42,0.08158942455070517,0.10909778720381855,2266,2266,0,5,full,standard,original,none,fixed504,union,raw,5,f_cumret5,3030544
ld3_group_ridge_characteristics_core_full_raw_standard_original_none_fixed504_union,group_ridge,characteristics_core,504,ew_spread_bp,76.18059741479854,24.178428398978348,3.150767128355519,0.001628422691984116,28.791748550020536,123.56944627957654,2266,2266,0,5,full,standard,original,none,fixed504,union,raw,5,f_cumret5,3030544
ld3_group_ridge_characteristics_core_full_raw_standard_original_none_fixed504_union,group_ridge,characteristics_core,504,cap_spread_bp,57.23183322534566,25.21014087377577,2.270190932763873,0.023196000915059866,7.8208650675640214,106.6428013831273,2266,2266,0,5,full,standard,original,none,fixed504,union,raw,5,f_cumret5,3030544
ld3_group_ridge_characteristics_core_full_raw_standard_expanded_none_fixed504_union,group_ridge,characteristics_core,504,rank_ic,0.09541783928785125,0.007024113679068542,13.58432446390937,4.9608789548280704e-42,0.08165082945356177,0.10918484912214073,2266,2266,0,5,full,standard,expanded,none,fixed504,union,raw,5,f_cumret5,3030544
ld3_group_ridge_characteristics_core_full_raw_standard_expanded_none_fixed504_union,group_ridge,characteristics_core,504,ew_spread_bp,76.01068135584234,24.263465927823606,3.1327214991440577,0.0017319369251555866,28.455161997193343,123.56620071449133,2266,2266,0,5,full,standard,expanded,none,fixed504,union,raw,5,f_cumret5,3030544
ld3_group_ridge_characteristics_core_full_raw_standard_expanded_none_fixed504_union,group_ridge,characteristics_core,504,cap_spread_bp,56.10363952143377,25.375915450489188,2.2109011054555756,0.027042686120007098,6.367759163741461,105.83951987912607,2266,2266,0,5,full,standard,expanded,none,fixed504,union,raw,5,f_cumret5,3030544
ld3_ridge_characteristics_core_full_raw_standard_original_none_fixed504_union,ridge,characteristics_core,504,rank_ic,0.11084581284687721,0.009679629368695167,11.451452181150966,2.3123882409087004e-30,0.0918740879005385,0.12981753779321592,2266,2266,0,9,full,standard,original,none,fixed504,union,raw,10,f_cumret10,3027488
ld3_ridge_characteristics_core_full_raw_standard_original_none_fixed504_union,ridge,characteristics_core,504,ew_spread_bp,128.0347718564901,45.605429484670665,2.8074458086076435,0.0049936080962314465,38.64977256705451,217.41977114592567,2266,2266,0,9,full,standard,original,none,fixed504,union,raw,10,f_cumret10,3027488
ld3_ridge_characteristics_core_full_raw_standard_original_none_fixed504_union,ridge,characteristics_core,504,cap_spread_bp,91.08158981857912,47.33060289338105,1.9243699477852294,0.05430822858534758,-1.684687219015018,183.84786685617325,2266,2266,0,9,full,standard,original,none,fixed504,union,raw,10,f_cumret10,3027488
ld3_ridge_characteristics_core_full_raw_standard_expanded_none_fixed504_union,ridge,characteristics_core,504,rank_ic,0.1109910942069407,0.009692288537125835,11.451484732609307,2.3115199570353498e-30,0.09199455774640365,0.12998763066747773,2266,2266,0,9,full,standard,expanded,none,fixed504,union,raw,10,f_cumret10,3027488
ld3_ridge_characteristics_core_full_raw_standard_expanded_none_fixed504_union,ridge,characteristics_core,504,ew_spread_bp,129.20067255243185,45.66935243403946,2.829045424697826,0.004668707187404127,39.690386584447864,218.71095852041583,2266,2266,0,9,full,standard,expanded,none,fixed504,union,raw,10,f_cumret10,3027488
ld3_ridge_characteristics_core_full_raw_standard_expanded_none_fixed504_union,ridge,characteristics_core,504,cap_spread_bp,87.612658743599,47.497363279158854,1.8445794186230575,0.06509874319755041,-5.4804626441676305,180.70578013136563,2266,2266,0,9,full,standard,expanded,none,fixed504,union,raw,10,f_cumret10,3027488
ld3_lasso_characteristics_core_full_raw_standard_original_none_fixed504_union,lasso,characteristics_core,504,rank_ic,0.11029238691609518,0.009548748165862167,11.550455096344743,7.343056909913741e-31,0.09157718441356244,0.12900758941862792,2266,2266,0,9,full,standard,original,none,fixed504,union,raw,10,f_cumret10,3027488
ld3_lasso_characteristics_core_full_raw_standard_original_none_fixed504_union,lasso,characteristics_core,504,ew_spread_bp,127.41903309348562,44.30771573026017,2.875775268334679,0.004030365508423936,40.577506024936866,214.26056016203438,2266,2266,0,9,full,standard,original,none,fixed504,union,raw,10,f_cumret10,3027488
ld3_lasso_characteristics_core_full_raw_standard_original_none_fixed504_union,lasso,characteristics_core,504,cap_spread_bp,99.46803620955039,43.98953523322419,2.2611749745067704,0.023748424131719462,13.250131455775218,185.68594096332555,2266,2266,0,9,full,standard,original,none,fixed504,union,raw,10,f_cumret10,3027488
ld3_lasso_characteristics_core_full_raw_standard_expanded_none_fixed504_union,lasso,characteristics_core,504,rank_ic,0.11015127937304611,0.009578599185761686,11.499727385689427,1.3233272762884657e-30,0.09137756994660852,0.1289249887994837,2266,2266,0,9,full,standard,expanded,none,fixed504,union,raw,10,f_cumret10,3027488
ld3_lasso_characteristics_core_full_raw_standard_expanded_none_fixed504_union,lasso,characteristics_core,504,ew_spread_bp,115.77847704173742,45.636006937472274,2.536998410057439,0.011180746193283792,26.333547046071715,205.22340703740312,2266,2266,0,9,full,standard,expanded,none,fixed504,union,raw,10,f_cumret10,3027488
ld3_lasso_characteristics_core_full_raw_standard_expanded_none_fixed504_union,lasso,characteristics_core,504,cap_spread_bp,76.80281101048712,46.18376356211716,1.6629829422019136,0.09631585004392966,-13.715702241775787,167.32132426275,2266,2266,0,9,full,standard,expanded,none,fixed504,union,raw,10,f_cumret10,3027488
ld3_enet_characteristics_core_full_raw_standard_original_none_fixed504_union,enet,characteristics_core,504,rank_ic,0.11014627374485104,0.009591179125093888,11.484122265704512,1.5853737574695705e-30,0.09134790809039464,0.12894463939930745,2266,2266,0,9,full,standard,original,none,fixed504,union,raw,10,f_cumret10,3027488
ld3_enet_characteristics_core_full_raw_standard_original_none_fixed504_union,enet,characteristics_core,504,ew_spread_bp,127.61859983776574,44.48466454830928,2.868822348860808,0.004120031355163232,40.4302594587338,214.80694021679767,2266,2266,0,9,full,standard,original,none,fixed504,union,raw,10,f_cumret10,3027488
ld3_enet_characteristics_core_full_raw_standard_original_none_fixed504_union,enet,characteristics_core,504,cap_spread_bp,98.0448521409424,44.2079668478562,2.217809574422827,0.026567819032828198,11.398829289403551,184.69087499248124,2266,2266,0,9,full,standard,original,none,fixed504,union,raw,10,f_cumret10,3027488
ld3_enet_characteristics_core_full_raw_standard_expanded_none_fixed504_union,enet,characteristics_core,504,rank_ic,0.11038789758173861,0.009620383819372837,11.47437562308558,1.7745395281140712e-30,0.09153229177831597,0.12924350338516127,2266,2266,0,9,full,standard,expanded,none,fixed504,union,raw,10,f_cumret10,3027488
ld3_enet_characteristics_core_full_raw_standard_expanded_none_fixed504_union,enet,characteristics_core,504,ew_spread_bp,123.08144505155957,44.858568039911205,2.743766696744589,0.006073868802891259,35.16026729529408,211.00262280782505,2266,2266,0,9,full,standard,expanded,none,fixed504,union,raw,10,f_cumret10,3027488
ld3_enet_characteristics_core_full_raw_standard_expanded_none_fixed504_union,enet,characteristics_core,504,cap_spread_bp,88.37750928312988,45.0403858013524,1.9621836649648818,0.04974110502688934,0.09997526268995216,176.6550433035698,2266,2266,0,9,full,standard,expanded,none,fixed504,union,raw,10,f_cumret10,3027488
ld3_group_ridge_characteristics_core_full_raw_standard_original_none_fixed504_union,group_ridge,characteristics_core,504,rank_ic,0.11044732303283643,0.009694043935255992,11.393317770219063,4.514655230520932e-30,0.09144734605518574,0.1294473000104871,2266,2266,0,9,full,standard,original,none,fixed504,union,raw,10,f_cumret10,3027488
ld3_group_ridge_characteristics_core_full_raw_standard_original_none_fixed504_union,group_ridge,characteristics_core,504,ew_spread_bp,124.05130794869918,46.13141698637966,2.689085140942569,0.007164814250750034,33.63539209959576,214.4672237978026,2266,2266,0,9,full,standard,original,none,fixed504,union,raw,10,f_cumret10,3027488
ld3_group_ridge_characteristics_core_full_raw_standard_original_none_fixed504_union,group_ridge,characteristics_core,504,cap_spread_bp,95.94435299610213,47.3550050111229,2.0260657342041544,0.04275804893230218,3.130248686587464,188.7584573056168,2266,2266,0,9,full,standard,original,none,fixed504,union,raw,10,f_cumret10,3027488
ld3_group_ridge_characteristics_core_full_raw_standard_expanded_none_fixed504_union,group_ridge,characteristics_core,504,rank_ic,0.11059064668508925,0.009700032766287735,11.401059083990393,4.130632149399432e-30,0.09157893181430686,0.12960236155587165,2266,2266,0,9,full,standard,expanded,none,fixed504,union,raw,10,f_cumret10,3027488
ld3_group_ridge_characteristics_core_full_raw_standard_expanded_none_fixed504_union,group_ridge,characteristics_core,504,ew_spread_bp,124.74401355295771,46.16979818287039,2.701853126125195,0.006895421477023239,34.25287194104892,215.2351551648665,2266,2266,0,9,full,standard,expanded,none,fixed504,union,raw,10,f_cumret10,3027488
ld3_group_ridge_characteristics_core_full_raw_standard_expanded_none_fixed504_union,group_ridge,characteristics_core,504,cap_spread_bp,93.50629333673756,47.39133954245793,1.973067109718754,0.04848791691768703,0.6209746544110999,186.391612019064,2266,2266,0,9,full,standard,expanded,none,fixed504,union,raw,10,f_cumret10,3027488
ld3_ridge_characteristics_core_full_raw_standard_original_none_fixed504_union,ridge,characteristics_core,504,rank_ic,0.13487265410573235,0.014002591750776469,9.63197788711175,5.85906725893926e-22,0.10742807858399281,0.1623172296274719,2266,2266,0,20,full,standard,original,none,fixed504,union,raw,21,f_cumret21,3020813
ld3_ridge_characteristics_core_full_raw_standard_original_none_fixed504_union,ridge,characteristics_core,504,ew_spread_bp,235.01406953012776,99.39812145456979,2.3643713391257766,0.01806069944864777,40.19733134823292,429.8308077120226,2266,2266,0,20,full,standard,original,none,fixed504,union,raw,21,f_cumret21,3020813
ld3_ridge_characteristics_core_full_raw_standard_original_none_fixed504_union,ridge,characteristics_core,504,cap_spread_bp,168.3839351221169,98.49803879038146,1.7095156125947144,0.08735548223063218,-24.668673454859942,361.4365436990937,2266,2266,0,20,full,standard,original,none,fixed504,union,raw,21,f_cumret21,3020813
ld3_ridge_characteristics_core_full_raw_standard_expanded_none_fixed504_union,ridge,characteristics_core,504,rank_ic,0.13485116014612983,0.014013180789578762,9.623165658892743,6.38356889960017e-22,0.1073858304897069,0.16231648980255275,2266,2266,0,20,full,standard,expanded,none,fixed504,union,raw,21,f_cumret21,3020813
ld3_ridge_characteristics_core_full_raw_standard_expanded_none_fixed504_union,ridge,characteristics_core,504,ew_spread_bp,235.50510978055684,99.21644296866275,2.373649999274218,0.017613237344036272,41.04445488780556,429.9657646733081,2266,2266,0,20,full,standard,expanded,none,fixed504,union,raw,21,f_cumret21,3020813
ld3_ridge_characteristics_core_full_raw_standard_expanded_none_fixed504_union,ridge,characteristics_core,504,cap_spread_bp,160.44588166727658,97.9368618746562,1.6382583492681448,0.10136781226719249,-31.506840365923495,352.39860370047666,2266,2266,0,20,full,standard,expanded,none,fixed504,union,raw,21,f_cumret21,3020813
ld3_lasso_characteristics_core_full_raw_standard_original_none_fixed504_union,lasso,characteristics_core,504,rank_ic,0.1337049939200784,0.013812402917807356,9.68006759690611,3.6647360409734077e-22,0.10663318166122002,0.16077680617893678,2266,2266,0,20,full,standard,original,none,fixed504,union,raw,21,f_cumret21,3020813
ld3_lasso_characteristics_core_full_raw_standard_original_none_fixed504_union,lasso,characteristics_core,504,ew_spread_bp,232.6148198233093,95.38111420008542,2.4387932744771916,0.014736395689697467,45.67127118583994,419.55836846077864,2266,2266,0,20,full,standard,original,none,fixed504,union,raw,21,f_cumret21,3020813
ld3_lasso_characteristics_core_full_raw_standard_original_none_fixed504_union,lasso,characteristics_core,504,cap_spread_bp,168.6176584628728,89.52021055632886,1.883570842997218,0.059623048869654756,-6.838730115974101,344.0740470417197,2266,2266,0,20,full,standard,original,none,fixed504,union,raw,21,f_cumret21,3020813
ld3_lasso_characteristics_core_full_raw_standard_expanded_none_fixed504_union,lasso,characteristics_core,504,rank_ic,0.1341182596895866,0.013881139317985805,9.661905742550212,4.3764555876970935e-22,0.10691172656195153,0.16132479281722167,2266,2266,0,20,full,standard,expanded,none,fixed504,union,raw,21,f_cumret21,3020813
ld3_lasso_characteristics_core_full_raw_standard_expanded_none_fixed504_union,lasso,characteristics_core,504,ew_spread_bp,215.76527700453198,98.76038078065832,2.1847351670680113,0.028908270109898174,22.198487574979907,409.332066434084,2266,2266,0,20,full,standard,expanded,none,fixed504,union,raw,21,f_cumret21,3020813
ld3_lasso_characteristics_core_full_raw_standard_expanded_none_fixed504_union,lasso,characteristics_core,504,cap_spread_bp,140.8786587432723,93.20966625754403,1.5114168347520516,0.13068228283678368,-41.80893013251233,323.5662476190569,2266,2266,0,20,full,standard,expanded,none,fixed504,union,raw,21,f_cumret21,3020813
ld3_enet_characteristics_core_full_raw_standard_original_none_fixed504_union,enet,characteristics_core,504,rank_ic,0.13383333018352617,0.01387436189277058,9.64608903947228,5.106624052395414e-22,0.10664008056522085,0.1610265798018315,2266,2266,0,20,full,standard,original,none,fixed504,union,raw,21,f_cumret21,3020813
ld3_enet_characteristics_core_full_raw_standard_original_none_fixed504_union,enet,characteristics_core,504,ew_spread_bp,232.35705061672482,95.8670417009108,2.423742784737638,0.015361481347375288,44.461101578540166,420.25299965490944,2266,2266,0,20,full,standard,original,none,fixed504,union,raw,21,f_cumret21,3020813
ld3_enet_characteristics_core_full_raw_standard_original_none_fixed504_union,enet,characteristics_core,504,cap_spread_bp,163.64642634046572,90.78768695014081,1.8025178505796475,0.07146396879964574,-14.294170321507323,341.58702300243874,2266,2266,0,20,full,standard,original,none,fixed504,union,raw,21,f_cumret21,3020813
ld3_enet_characteristics_core_full_raw_standard_expanded_none_fixed504_union,enet,characteristics_core,504,rank_ic,0.13445736060055968,0.013930983590895465,9.651677480148187,4.835811536615972e-22,0.1071531344931861,0.16176158670793328,2266,2266,0,20,full,standard,expanded,none,fixed504,union,raw,21,f_cumret21,3020813
ld3_enet_characteristics_core_full_raw_standard_expanded_none_fixed504_union,enet,characteristics_core,504,ew_spread_bp,223.76194515593306,97.7705648203863,2.288643269751021,0.022100087660251382,32.135159359837104,415.38873095202905,2266,2266,0,20,full,standard,expanded,none,fixed504,union,raw,21,f_cumret21,3020813
ld3_enet_characteristics_core_full_raw_standard_expanded_none_fixed504_union,enet,characteristics_core,504,cap_spread_bp,150.55653086600864,93.67191466746661,1.6072750450386464,0.10799404603985366,-33.03704824513514,334.1501099771524,2266,2266,0,20,full,standard,expanded,none,fixed504,union,raw,21,f_cumret21,3020813
ld3_group_ridge_characteristics_core_full_raw_standard_original_none_fixed504_union,group_ridge,characteristics_core,504,rank_ic,0.13424893009026104,0.01403679203125622,9.564074882018927,1.132093990402824e-21,0.10673732325052002,0.16176053693000206,2266,2266,0,20,full,standard,original,none,fixed504,union,raw,21,f_cumret21,3020813
ld3_group_ridge_characteristics_core_full_raw_standard_original_none_fixed504_union,group_ridge,characteristics_core,504,ew_spread_bp,227.36484553247394,99.2590024729005,2.2906219070108893,0.021985290783369416,32.82077554421679,421.90891552073106,2266,2266,0,20,full,standard,original,none,fixed504,union,raw,21,f_cumret21,3020813
ld3_group_ridge_characteristics_core_full_raw_standard_original_none_fixed504_union,group_ridge,characteristics_core,504,cap_spread_bp,166.6151474946014,98.28500832129168,1.6952244329057782,0.09003285363585575,-26.019929035349833,359.2502240245526,2266,2266,0,20,full,standard,original,none,fixed504,union,raw,21,f_cumret21,3020813
ld3_group_ridge_characteristics_core_full_raw_standard_expanded_none_fixed504_union,group_ridge,characteristics_core,504,rank_ic,0.13434846229145253,0.01403424644775487,9.57290174371599,1.039464755522885e-21,0.10684184470369379,0.16185507987921127,2266,2266,0,20,full,standard,expanded,none,fixed504,union,raw,21,f_cumret21,3020813
ld3_group_ridge_characteristics_core_full_raw_standard_expanded_none_fixed504_union,group_ridge,characteristics_core,504,ew_spread_bp,227.32457484610978,98.99937371364163,2.296222352917628,0.02166317109451486,33.28936787535085,421.3597818168687,2266,2266,0,20,full,standard,expanded,none,fixed504,union,raw,21,f_cumret21,3020813
ld3_group_ridge_characteristics_core_full_raw_standard_expanded_none_fixed504_union,group_ridge,characteristics_core,504,cap_spread_bp,161.1648315522863,97.44233996598305,1.6539507529124267,0.09813751927318348,-29.81864535034839,352.148308454921,2266,2266,0,20,full,standard,expanded,none,fixed504,union,raw,21,f_cumret21,3020813
ld3_ridge_characteristics_core_full_raw_standard_original_none_fixed504_union,ridge,characteristics_core,504,rank_ic,0.16238283338748288,0.01942145963856446,8.36100048139767,6.218859285664045e-17,0.12431747196869825,0.20044819480626752,2266,2266,0,41,full,standard,original,none,fixed504,union,raw,42,f_cumret42,3007314
ld3_ridge_characteristics_core_full_raw_standard_original_none_fixed504_union,ridge,characteristics_core,504,ew_spread_bp,367.4568485535288,222.3120020193772,1.6528880367039314,0.09835365233648656,-68.26666873544627,803.1803658425039,2266,2266,0,41,full,standard,original,none,fixed504,union,raw,42,f_cumret42,3007314
ld3_ridge_characteristics_core_full_raw_standard_original_none_fixed504_union,ridge,characteristics_core,504,cap_spread_bp,309.11053215909806,202.50551794232157,1.5264301699035192,0.12690276881173104,-87.79298967848194,706.0140539966781,2266,2266,0,41,full,standard,original,none,fixed504,union,raw,42,f_cumret42,3007314
ld3_ridge_characteristics_core_full_raw_standard_expanded_none_fixed504_union,ridge,characteristics_core,504,rank_ic,0.16211708457044022,0.019441540230319257,8.338695527714268,7.511454497248425e-17,0.12401236591502793,0.2002218032258525,2266,2266,0,41,full,standard,expanded,none,fixed504,union,raw,42,f_cumret42,3007314
ld3_ridge_characteristics_core_full_raw_standard_expanded_none_fixed504_union,ridge,characteristics_core,504,ew_spread_bp,364.8191994291817,222.03952261876185,1.6430372175478425,0.10037523315597192,-70.37026804805822,800.0086669064217,2266,2266,0,41,full,standard,expanded,none,fixed504,union,raw,42,f_cumret42,3007314
ld3_ridge_characteristics_core_full_raw_standard_expanded_none_fixed504_union,ridge,characteristics_core,504,cap_spread_bp,294.7646004353474,201.74904838799372,1.4610458031428768,0.14400287200300388,-100.65626832034894,690.1854691910437,2266,2266,0,41,full,standard,expanded,none,fixed504,union,raw,42,f_cumret42,3007314
ld3_lasso_characteristics_core_full_raw_standard_original_none_fixed504_union,lasso,characteristics_core,504,rank_ic,0.1606706695981984,0.019244446362576845,8.348936964517824,6.888008441376914e-17,0.12295224782513493,0.19838909137126187,2266,2266,0,41,full,standard,original,none,fixed504,union,raw,42,f_cumret42,3007314
ld3_lasso_characteristics_core_full_raw_standard_original_none_fixed504_union,lasso,characteristics_core,504,ew_spread_bp,369.20390201627237,214.70839908251602,1.7195596613543802,0.08551251399745372,-51.61682736371182,790.0246313962566,2266,2266,0,41,full,standard,original,none,fixed504,union,raw,42,f_cumret42,3007314
ld3_lasso_characteristics_core_full_raw_standard_original_none_fixed504_union,lasso,characteristics_core,504,cap_spread_bp,294.4854273874963,188.3494067541934,1.5635059991020646,0.11793362574722524,-74.67262636020797,663.6434811352005,2266,2266,0,41,full,standard,original,none,fixed504,union,raw,42,f_cumret42,3007314
ld3_lasso_characteristics_core_full_raw_standard_expanded_none_fixed504_union,lasso,characteristics_core,504,rank_ic,0.16112996678516506,0.0192530098608965,8.369079325743522,5.807014997751938e-17,0.1233947608638134,0.1988651727065167,2266,2266,0,41,full,standard,expanded,none,fixed504,union,raw,42,f_cumret42,3007314
ld3_lasso_characteristics_core_full_raw_standard_expanded_none_fixed504_union,lasso,characteristics_core,504,ew_spread_bp,349.9738759617351,219.6464365780359,1.5933510300195401,0.1110814648240435,-80.52522906377641,780.4729809872465,2266,2266,0,41,full,standard,expanded,none,fixed504,union,raw,42,f_cumret42,3007314
ld3_lasso_characteristics_core_full_raw_standard_expanded_none_fixed504_union,lasso,characteristics_core,504,cap_spread_bp,265.19492096679613,191.54197196925958,1.384526421234491,0.1661973236809875,-110.22044562073319,640.6102875543254,2266,2266,0,41,full,standard,expanded,none,fixed504,union,raw,42,f_cumret42,3007314
ld3_enet_characteristics_core_full_raw_standard_original_none_fixed504_union,enet,characteristics_core,504,rank_ic,0.16115034784718066,0.019339660471545634,8.332635833202994,7.906206696746906e-17,0.12324530984971829,0.19905538584464302,2266,2266,0,41,full,standard,original,none,fixed504,union,raw,42,f_cumret42,3007314
ld3_enet_characteristics_core_full_raw_standard_original_none_fixed504_union,enet,characteristics_core,504,ew_spread_bp,370.72471840365904,215.2563269854138,1.7222477201740047,0.08502465371170494,-51.16992993212938,792.6193667394475,2266,2266,0,41,full,standard,original,none,fixed504,union,raw,42,f_cumret42,3007314
ld3_enet_characteristics_core_full_raw_standard_original_none_fixed504_union,enet,characteristics_core,504,cap_spread_bp,297.48414186743696,189.78571660864827,1.567473818279331,0.11700398132713909,-74.4890274656388,669.4573112005128,2266,2266,0,41,full,standard,original,none,fixed504,union,raw,42,f_cumret42,3007314
ld3_enet_characteristics_core_full_raw_standard_expanded_none_fixed504_union,enet,characteristics_core,504,rank_ic,0.1620547785786828,0.019355179671806742,8.372682730232466,5.63210927619274e-17,0.12411932350763981,0.1999902336497258,2266,2266,0,41,full,standard,expanded,none,fixed504,union,raw,42,f_cumret42,3007314
ld3_enet_characteristics_core_full_raw_standard_expanded_none_fixed504_union,enet,characteristics_core,504,ew_spread_bp,365.1909231241793,216.57705775543033,1.6861939436658668,0.09175845003262993,-59.29230995411535,789.6741562024739,2266,2266,0,41,full,standard,expanded,none,fixed504,union,raw,42,f_cumret42,3007314
ld3_enet_characteristics_core_full_raw_standard_expanded_none_fixed504_union,enet,characteristics_core,504,cap_spread_bp,302.5435542771319,190.0258921176943,1.5921175314874918,0.11135829860190316,-69.90035040364268,674.9874589579065,2266,2266,0,41,full,standard,expanded,none,fixed504,union,raw,42,f_cumret42,3007314
ld3_group_ridge_characteristics_core_full_raw_standard_original_none_fixed504_union,group_ridge,characteristics_core,504,rank_ic,0.16187213005287363,0.019505944480453497,8.29860508498229,1.0534090118192837e-16,0.12364118138674692,0.20010307871900035,2266,2266,0,41,full,standard,original,none,fixed504,union,raw,42,f_cumret42,3007314
ld3_group_ridge_characteristics_core_full_raw_standard_original_none_fixed504_union,group_ridge,characteristics_core,504,ew_spread_bp,361.2145557415588,222.15225650331465,1.6259774328971053,0.10395445615889289,-74.19586608924192,796.6249775723595,2266,2266,0,41,full,standard,original,none,fixed504,union,raw,42,f_cumret42,3007314
ld3_group_ridge_characteristics_core_full_raw_standard_original_none_fixed504_union,group_ridge,characteristics_core,504,cap_spread_bp,307.4477714487663,201.70876219123946,1.5242162418173781,0.1274547020580825,-87.8941378122176,702.7896807097502,2266,2266,0,41,full,standard,original,none,fixed504,union,raw,42,f_cumret42,3007314
ld3_group_ridge_characteristics_core_full_raw_standard_expanded_none_fixed504_union,group_ridge,characteristics_core,504,rank_ic,0.16156183157144818,0.01951461672471524,8.279016382977703,1.2419685166201954e-16,0.12331388561890333,0.19980977752399304,2266,2266,0,41,full,standard,expanded,none,fixed504,union,raw,42,f_cumret42,3007314
ld3_group_ridge_characteristics_core_full_raw_standard_expanded_none_fixed504_union,group_ridge,characteristics_core,504,ew_spread_bp,358.2984709470472,221.83348318115523,1.615168575135481,0.10627419380168636,-76.48716665308888,793.0841085471832,2266,2266,0,41,full,standard,expanded,none,fixed504,union,raw,42,f_cumret42,3007314
ld3_group_ridge_characteristics_core_full_raw_standard_expanded_none_fixed504_union,group_ridge,characteristics_core,504,cap_spread_bp,297.05473898155134,200.94529888617234,1.4782865816125474,0.13933108771430447,-96.7908096979831,690.9002876610857,2266,2266,0,41,full,standard,expanded,none,fixed504,union,raw,42,f_cumret42,3007314
ld3_ridge_characteristics_core_full_raw_standard_original_none_fixed504_union,ridge,characteristics_core,504,rank_ic,0.1876300465929942,0.02313957111484153,8.10862248318206,5.119684044885895e-16,0.14227732059020146,0.23298277259578695,2266,2266,0,62,full,standard,original,none,fixed504,union,raw,63,f_cumret63,2993214
ld3_ridge_characteristics_core_full_raw_standard_original_none_fixed504_union,ridge,characteristics_core,504,ew_spread_bp,518.4752174517926,339.59879721746444,1.5267286624686818,0.12682849701297558,-147.12619428755886,1184.076629191144,2266,2266,0,62,full,standard,original,none,fixed504,union,raw,63,f_cumret63,2993214
ld3_ridge_characteristics_core_full_raw_standard_original_none_fixed504_union,ridge,characteristics_core,504,cap_spread_bp,437.75423690463964,295.8807319052558,1.4794955862310537,0.13900791012917016,-142.16134134901307,1017.6698151582923,2266,2266,0,62,full,standard,original,none,fixed504,union,raw,63,f_cumret63,2993214
ld3_ridge_characteristics_core_full_raw_standard_expanded_none_fixed504_union,ridge,characteristics_core,504,rank_ic,0.18746459492846262,0.02313501640567801,8.103067300287426,5.359057277322899e-16,0.14212079599159044,0.2328083938653348,2266,2266,0,62,full,standard,expanded,none,fixed504,union,raw,63,f_cumret63,2993214
ld3_ridge_characteristics_core_full_raw_standard_expanded_none_fixed504_union,ridge,characteristics_core,504,ew_spread_bp,513.7847280966979,339.2974697173329,1.5142604173403638,0.12995980355905962,-151.2260925948442,1178.79554878824,2266,2266,0,62,full,standard,expanded,none,fixed504,union,raw,63,f_cumret63,2993214
ld3_ridge_characteristics_core_full_raw_standard_expanded_none_fixed504_union,ridge,characteristics_core,504,cap_spread_bp,414.5515537377473,295.2456778031083,1.4040901693206191,0.16029200061993754,-164.11934134746184,993.2224488229565,2266,2266,0,62,full,standard,expanded,none,fixed504,union,raw,63,f_cumret63,2993214
ld3_lasso_characteristics_core_full_raw_standard_original_none_fixed504_union,lasso,characteristics_core,504,rank_ic,0.18593915722364268,0.022909558531692853,8.11622611437127,4.809042959928121e-16,0.14103724759981237,0.230841066847473,2266,2266,0,62,full,standard,original,none,fixed504,union,raw,63,f_cumret63,2993214
ld3_lasso_characteristics_core_full_raw_standard_original_none_fixed504_union,lasso,characteristics_core,504,ew_spread_bp,511.11730662258265,332.08760645278045,1.5391038289026255,0.12377895045515563,-139.7624417369783,1161.9970549821437,2266,2266,0,62,full,standard,original,none,fixed504,union,raw,63,f_cumret63,2993214
ld3_lasso_characteristics_core_full_raw_standard_original_none_fixed504_union,lasso,characteristics_core,504,cap_spread_bp,424.82111381541114,282.0242758587039,1.5063281787424903,0.13198294781376238,-127.93630963363756,977.5785372644598,2266,2266,0,62,full,standard,original,none,fixed504,union,raw,63,f_cumret63,2993214
ld3_lasso_characteristics_core_full_raw_standard_expanded_none_fixed504_union,lasso,characteristics_core,504,rank_ic,0.18640077088986653,0.02291862903436458,8.13315537375181,4.182579816130414e-16,0.14148108340747795,0.23132045837225512,2266,2266,0,62,full,standard,expanded,none,fixed504,union,raw,63,f_cumret63,2993214
ld3_lasso_characteristics_core_full_raw_standard_expanded_none_fixed504_union,lasso,characteristics_core,504,ew_spread_bp,490.12163516074634,339.7440682829244,1.4426201394415337,0.14912750693200125,-175.76450263490233,1156.007772956395,2266,2266,0,62,full,standard,expanded,none,fixed504,union,raw,63,f_cumret63,2993214
ld3_lasso_characteristics_core_full_raw_standard_expanded_none_fixed504_union,lasso,characteristics_core,504,cap_spread_bp,404.58535139573576,283.7272597656485,1.425965738117349,0.1538782320998649,-151.5098591771757,960.6805619686472,2266,2266,0,62,full,standard,expanded,none,fixed504,union,raw,63,f_cumret63,2993214
ld3_enet_characteristics_core_full_raw_standard_original_none_fixed504_union,enet,characteristics_core,504,rank_ic,0.18645135349549927,0.023017507980285384,8.100414417372889,5.477228375510653e-16,0.14133786684027663,0.2315648401507219,2266,2266,0,62,full,standard,original,none,fixed504,union,raw,63,f_cumret63,2993214
ld3_enet_characteristics_core_full_raw_standard_original_none_fixed504_union,enet,characteristics_core,504,ew_spread_bp,514.8399373438906,332.35657143505546,1.5490589974523599,0.12136753831436174,-136.56697269403185,1166.246847381813,2266,2266,0,62,full,standard,original,none,fixed504,union,raw,63,f_cumret63,2993214
ld3_enet_characteristics_core_full_raw_standard_original_none_fixed504_union,enet,characteristics_core,504,cap_spread_bp,431.971530398361,281.38030157035024,1.5351875308526535,0.12473777030894898,-119.52372663854476,983.4667874352667,2266,2266,0,62,full,standard,original,none,fixed504,union,raw,63,f_cumret63,2993214
ld3_enet_characteristics_core_full_raw_standard_expanded_none_fixed504_union,enet,characteristics_core,504,rank_ic,0.18734349467728956,0.023027097147541514,8.135784266550127,4.0928007310727967e-16,0.14221121359960318,0.23247577575497594,2266,2266,0,62,full,standard,expanded,none,fixed504,union,raw,63,f_cumret63,2993214
ld3_enet_characteristics_core_full_raw_standard_expanded_none_fixed504_union,enet,characteristics_core,504,ew_spread_bp,508.3176904501593,334.62634114580396,1.5190605996814646,0.12874724304440213,-147.53788647403002,1164.1732673743486,2266,2266,0,62,full,standard,expanded,none,fixed504,union,raw,63,f_cumret63,2993214
ld3_enet_characteristics_core_full_raw_standard_expanded_none_fixed504_union,enet,characteristics_core,504,cap_spread_bp,441.9936697598143,280.76271168363314,1.5742605815043493,0.11542721879487948,-108.29113334190976,992.2784728615384,2266,2266,0,62,full,standard,expanded,none,fixed504,union,raw,63,f_cumret63,2993214
ld3_group_ridge_characteristics_core_full_raw_standard_original_none_fixed504_union,group_ridge,characteristics_core,504,rank_ic,0.1868352972320389,0.023200023678981385,8.053237350844034,8.063232210074095e-16,0.14136408638075892,0.23230650808331887,2266,2266,0,62,full,standard,original,none,fixed504,union,raw,63,f_cumret63,2993214
ld3_group_ridge_characteristics_core_full_raw_standard_original_none_fixed504_union,group_ridge,characteristics_core,504,ew_spread_bp,505.90231265786275,339.24199311399053,1.4912726694418157,0.13588992139396094,-158.99977588914368,1170.8044012048692,2266,2266,0,62,full,standard,original,none,fixed504,union,raw,63,f_cumret63,2993214
ld3_group_ridge_characteristics_core_full_raw_standard_original_none_fixed504_union,group_ridge,characteristics_core,504,cap_spread_bp,426.73081609294746,295.4340423526402,1.4444199209229482,0.1486208904395773,-152.3092667253083,1005.7708989112032,2266,2266,0,62,full,standard,original,none,fixed504,union,raw,63,f_cumret63,2993214
ld3_group_ridge_characteristics_core_full_raw_standard_expanded_none_fixed504_union,group_ridge,characteristics_core,504,rank_ic,0.18670488856589676,0.02320029607650975,8.047521805333126,8.448732157199531e-16,0.14123314382527175,0.23217663330652177,2266,2266,0,62,full,standard,expanded,none,fixed504,union,raw,63,f_cumret63,2993214
ld3_group_ridge_characteristics_core_full_raw_standard_expanded_none_fixed504_union,group_ridge,characteristics_core,504,ew_spread_bp,502.6236662974988,339.2901372422885,1.481397810094825,0.13850059795142464,-162.37278300703878,1167.6201156020363,2266,2266,0,62,full,standard,expanded,none,fixed504,union,raw,63,f_cumret63,2993214
ld3_group_ridge_characteristics_core_full_raw_standard_expanded_none_fixed504_union,group_ridge,characteristics_core,504,cap_spread_bp,409.31099717314316,295.46045887562065,1.3853325711697007,0.16595079864196027,-169.78086107875106,988.4028554250374,2266,2266,0,62,full,standard,expanded,none,fixed504,union,raw,63,f_cumret63,2993214
ld3_ols_characteristics_textcore_full_raw_standard_original_none_fixed504_union,ols,characteristics_textcore,504,rank_ic,0.08008266655444028,0.004883292729758747,16.399317220206182,1.9339943858824613e-60,0.07051158867814684,0.08965374443073372,2266,2266,0,5,full,standard,original,none,fixed504,union,raw,3,f_cumret3,3031789
ld3_ols_characteristics_textcore_full_raw_standard_original_none_fixed504_union,ols,characteristics_textcore,504,ew_spread_bp,62.26891662396352,13.919353227621913,4.473549568409222,7.693171373164532e-06,34.98748560973321,89.55034763819383,2266,2266,0,5,full,standard,original,none,fixed504,union,raw,3,f_cumret3,3031789
ld3_ols_characteristics_textcore_full_raw_standard_original_none_fixed504_union,ols,characteristics_textcore,504,cap_spread_bp,29.59117008006604,14.643726127911446,2.020740474220168,0.043306637673227726,0.8899942698914245,58.292345890240654,2266,2266,0,5,full,standard,original,none,fixed504,union,raw,3,f_cumret3,3031789
ld3_ridge_characteristics_textcore_full_raw_standard_original_none_fixed504_union,ridge,characteristics_textcore,504,rank_ic,0.08458433779120463,0.0055266682001747554,15.304761336772494,7.106218458042272e-53,0.0737522671643593,0.09541640841804995,2266,2266,0,5,full,standard,original,none,fixed504,union,raw,3,f_cumret3,3031789
ld3_ridge_characteristics_textcore_full_raw_standard_original_none_fixed504_union,ridge,characteristics_textcore,504,ew_spread_bp,55.10545134141624,15.223973222146656,3.6196497811263293,0.00029500201372598876,25.267012124406598,84.94389055842589,2266,2266,0,5,full,standard,original,none,fixed504,union,raw,3,f_cumret3,3031789
ld3_ridge_characteristics_textcore_full_raw_standard_original_none_fixed504_union,ridge,characteristics_textcore,504,cap_spread_bp,35.66512743479757,16.65352758836653,2.1415959619097014,0.03222600896733131,3.0248131460549885,68.30544172354016,2266,2266,0,5,full,standard,original,none,fixed504,union,raw,3,f_cumret3,3031789
ld3_ridge_characteristics_textcore_full_raw_standard_expanded_none_fixed504_union,ridge,characteristics_textcore,504,rank_ic,0.08499947045151318,0.005561955925145532,15.282298456776987,1.003384071046562e-52,0.07409823715462878,0.09590070374839758,2266,2266,0,5,full,standard,expanded,none,fixed504,union,raw,3,f_cumret3,3031789
ld3_ridge_characteristics_textcore_full_raw_standard_expanded_none_fixed504_union,ridge,characteristics_textcore,504,ew_spread_bp,54.08530714150465,15.324371384779894,3.5293654652106623,0.0004165574403022805,24.050091141619863,84.12052314138944,2266,2266,0,5,full,standard,expanded,none,fixed504,union,raw,3,f_cumret3,3031789
ld3_ridge_characteristics_textcore_full_raw_standard_expanded_none_fixed504_union,ridge,characteristics_textcore,504,cap_spread_bp,40.17401966956114,16.681526373993815,2.4082939875449094,0.016027268983699647,7.478828769378225,72.86921056974406,2266,2266,0,5,full,standard,expanded,none,fixed504,union,raw,3,f_cumret3,3031789
ld3_lasso_characteristics_textcore_full_raw_standard_original_none_fixed504_union,lasso,characteristics_textcore,504,rank_ic,0.08580194275820689,0.0056822395730057405,15.100022034590165,1.6187929563483513e-51,0.07466495784358738,0.0969389276728264,2266,2266,0,5,full,standard,original,none,fixed504,union,raw,3,f_cumret3,3031789
ld3_lasso_characteristics_textcore_full_raw_standard_original_none_fixed504_union,lasso,characteristics_textcore,504,ew_spread_bp,56.57042401085304,15.417854657177008,3.6691501683419694,0.00024335810495095295,26.35198416391296,86.78886385779312,2266,2266,0,5,full,standard,original,none,fixed504,union,raw,3,f_cumret3,3031789
ld3_lasso_characteristics_textcore_full_raw_standard_original_none_fixed504_union,lasso,characteristics_textcore,504,cap_spread_bp,27.71714124779803,16.685116420561428,1.661189562551784,0.09667538115733436,-4.985086014360231,60.419368509956286,2266,2266,0,5,full,standard,original,none,fixed504,union,raw,3,f_cumret3,3031789
ld3_lasso_characteristics_textcore_full_raw_standard_expanded_none_fixed504_union,lasso,characteristics_textcore,504,rank_ic,0.08541257115447441,0.00571110133848012,14.95553415923189,1.4332704858011608e-50,0.07421901821899488,0.09660612408995395,2266,2266,0,5,full,standard,expanded,none,fixed504,union,raw,3,f_cumret3,3031789
ld3_lasso_characteristics_textcore_full_raw_standard_expanded_none_fixed504_union,lasso,characteristics_textcore,504,ew_spread_bp,52.96738818620244,15.732099556232217,3.366835303633684,0.0007603608394632648,22.13303965478873,83.80173671761615,2266,2266,0,5,full,standard,expanded,none,fixed504,union,raw,3,f_cumret3,3031789
ld3_lasso_characteristics_textcore_full_raw_standard_expanded_none_fixed504_union,lasso,characteristics_textcore,504,cap_spread_bp,25.838065440733274,16.732382617664346,1.544195230956294,0.12254104383558602,-6.95680186543288,58.63293274689943,2266,2266,0,5,full,standard,expanded,none,fixed504,union,raw,3,f_cumret3,3031789
ld3_enet_characteristics_textcore_full_raw_standard_original_none_fixed504_union,enet,characteristics_textcore,504,rank_ic,0.08552212840680326,0.005687833090496596,15.035977154409862,4.267050186131044e-51,0.07437418039935478,0.09667007641425174,2266,2266,0,5,full,standard,original,none,fixed504,union,raw,3,f_cumret3,3031789
ld3_enet_characteristics_textcore_full_raw_standard_original_none_fixed504_union,enet,characteristics_textcore,504,ew_spread_bp,55.34451492374638,15.57680450124724,3.553008251423771,0.0003808525185331255,24.81453910708039,85.87449074041237,2266,2266,0,5,full,standard,original,none,fixed504,union,raw,3,f_cumret3,3031789
ld3_enet_characteristics_textcore_full_raw_standard_original_none_fixed504_union,enet,characteristics_textcore,504,cap_spread_bp,26.848178727700265,16.860486320708773,1.5923727356976756,0.11130097855520123,-6.197767222719179,59.89412467811971,2266,2266,0,5,full,standard,original,none,fixed504,union,raw,3,f_cumret3,3031789
ld3_enet_characteristics_textcore_full_raw_standard_expanded_none_fixed504_union,enet,characteristics_textcore,504,rank_ic,0.08557974885406182,0.005711256880781778,14.984398467881093,9.28625117980041e-51,0.07438589106127297,0.09677360664685067,2266,2266,0,5,full,standard,expanded,none,fixed504,union,raw,3,f_cumret3,3031789
ld3_enet_characteristics_textcore_full_raw_standard_expanded_none_fixed504_union,enet,characteristics_textcore,504,ew_spread_bp,54.413626681310355,15.728026286580993,3.4596602071892235,0.0005408574276206361,23.58726161171236,85.23999175090835,2266,2266,0,5,full,standard,expanded,none,fixed504,union,raw,3,f_cumret3,3031789
ld3_enet_characteristics_textcore_full_raw_standard_expanded_none_fixed504_union,enet,characteristics_textcore,504,cap_spread_bp,28.1637485170291,16.92690228833213,1.663845400492601,0.09614332849698201,-5.0123703379304985,61.339867371988696,2266,2266,0,5,full,standard,expanded,none,fixed504,union,raw,3,f_cumret3,3031789
ld3_group_ridge_characteristics_textcore_full_raw_standard_original_none_fixed504_union,group_ridge,characteristics_textcore,504,rank_ic,0.0862288763379495,0.005769315337504107,14.946119477541579,1.6509326307261075e-50,0.0749212260609869,0.09753652661491209,2266,2266,0,5,full,standard,original,none,fixed504,union,raw,3,f_cumret3,3031789
ld3_group_ridge_characteristics_textcore_full_raw_standard_original_none_fixed504_union,group_ridge,characteristics_textcore,504,ew_spread_bp,53.52491591079132,15.768719219587402,3.394373072754341,0.0006878591730197735,22.618794158075467,84.43103766350717,2266,2266,0,5,full,standard,original,none,fixed504,union,raw,3,f_cumret3,3031789
ld3_group_ridge_characteristics_textcore_full_raw_standard_original_none_fixed504_union,group_ridge,characteristics_textcore,504,cap_spread_bp,37.22604626087649,16.476473068313283,2.2593455593641414,0.02386189800099139,4.932752454738292,69.51934006701468,2266,2266,0,5,full,standard,original,none,fixed504,union,raw,3,f_cumret3,3031789
ld3_ols_characteristics_textcore_full_raw_standard_original_none_fixed504_union,ols,characteristics_textcore,504,rank_ic,0.08821769983352071,0.0059016451348564165,14.94798447173442,1.6053479321191026e-50,0.0766506879196661,0.09978471174737531,2266,2266,0,5,full,standard,original,none,fixed504,union,raw,5,f_cumret5,3030544
ld3_ols_characteristics_textcore_full_raw_standard_original_none_fixed504_union,ols,characteristics_textcore,504,ew_spread_bp,87.69196349119854,21.014303868140132,4.172965425904432,3.00660580666829e-05,46.50468474946313,128.87924223293393,2266,2266,0,5,full,standard,original,none,fixed504,union,raw,5,f_cumret5,3030544
ld3_ols_characteristics_textcore_full_raw_standard_original_none_fixed504_union,ols,characteristics_textcore,504,cap_spread_bp,47.78320604143677,22.01615856995798,2.170369816768992,0.029978841451589633,4.63232816639627,90.93408391647728,2266,2266,0,5,full,standard,original,none,fixed504,union,raw,5,f_cumret5,3030544
ld3_ridge_characteristics_textcore_full_raw_standard_original_none_fixed504_union,ridge,characteristics_textcore,504,rank_ic,0.093546379527923,0.00668690488351933,13.989488583646395,1.8070669568102545e-44,0.0804402867881801,0.10665247226766589,2266,2266,0,5,full,standard,original,none,fixed504,union,raw,5,f_cumret5,3030544
ld3_ridge_characteristics_textcore_full_raw_standard_original_none_fixed504_union,ridge,characteristics_textcore,504,ew_spread_bp,78.79791923001392,23.189649982502317,3.397977946604225,0.0006788589229645983,33.34704045021948,124.24879800980835,2266,2266,0,5,full,standard,original,none,fixed504,union,raw,5,f_cumret5,3030544
ld3_ridge_characteristics_textcore_full_raw_standard_original_none_fixed504_union,ridge,characteristics_textcore,504,cap_spread_bp,52.58994732988891,25.326900005039988,2.076446281203923,0.037852694576760146,2.9501354799632153,102.22975917981461,2266,2266,0,5,full,standard,original,none,fixed504,union,raw,5,f_cumret5,3030544
ld3_ridge_characteristics_textcore_full_raw_standard_expanded_none_fixed504_union,ridge,characteristics_textcore,504,rank_ic,0.09401541047072479,0.00673266532608456,13.964070084766899,2.58254224246958e-44,0.08081962891163744,0.10721119202981214,2266,2266,0,5,full,standard,expanded,none,fixed504,union,raw,5,f_cumret5,3030544
ld3_ridge_characteristics_textcore_full_raw_standard_expanded_none_fixed504_union,ridge,characteristics_textcore,504,ew_spread_bp,77.35136503292416,23.401426887824357,3.305412332491985,0.0009483676733024628,31.48541114594118,123.21731891990714,2266,2266,0,5,full,standard,expanded,none,fixed504,union,raw,5,f_cumret5,3030544
ld3_ridge_characteristics_textcore_full_raw_standard_expanded_none_fixed504_union,ridge,characteristics_textcore,504,cap_spread_bp,56.91774208701638,25.605941106094413,2.2228334374115044,0.026227033473334903,6.731019728817614,107.10446444521514,2266,2266,0,5,full,standard,expanded,none,fixed504,union,raw,5,f_cumret5,3030544
ld3_lasso_characteristics_textcore_full_raw_standard_original_none_fixed504_union,lasso,characteristics_textcore,504,rank_ic,0.09486301168249632,0.006883949820812301,13.780317136492803,3.3479819369637996e-43,0.08137071796232326,0.10835530540266938,2266,2266,0,5,full,standard,original,none,fixed504,union,raw,5,f_cumret5,3030544
ld3_lasso_characteristics_textcore_full_raw_standard_original_none_fixed504_union,lasso,characteristics_textcore,504,ew_spread_bp,78.68564033326646,23.553181933157735,3.3407647661607145,0.000835479772098212,32.522252022957815,124.84902864357511,2266,2266,0,5,full,standard,original,none,fixed504,union,raw,5,f_cumret5,3030544
ld3_lasso_characteristics_textcore_full_raw_standard_original_none_fixed504_union,lasso,characteristics_textcore,504,cap_spread_bp,41.99226415608658,25.600382682247872,1.640298298556504,0.1009431592284124,-8.183563891562159,92.16809220373531,2266,2266,0,5,full,standard,original,none,fixed504,union,raw,5,f_cumret5,3030544
ld3_lasso_characteristics_textcore_full_raw_standard_expanded_none_fixed504_union,lasso,characteristics_textcore,504,rank_ic,0.09438225218068946,0.006919066547890131,13.640893829742101,2.2873965435477374e-42,0.08082113094018893,0.10794337342119,2266,2266,0,5,full,standard,expanded,none,fixed504,union,raw,5,f_cumret5,3030544
ld3_lasso_characteristics_textcore_full_raw_standard_expanded_none_fixed504_union,lasso,characteristics_textcore,504,ew_spread_bp,73.46898220884377,24.001457553662032,3.0610216918944664,0.0022058311304524155,26.426989827199357,120.51097459048819,2266,2266,0,5,full,standard,expanded,none,fixed504,union,raw,5,f_cumret5,3030544
ld3_lasso_characteristics_textcore_full_raw_standard_expanded_none_fixed504_union,lasso,characteristics_textcore,504,cap_spread_bp,36.128503572397875,25.68702668999886,1.4064883416991334,0.15957916406927797,-14.217143609919006,86.47415075471476,2266,2266,0,5,full,standard,expanded,none,fixed504,union,raw,5,f_cumret5,3030544
ld3_enet_characteristics_textcore_full_raw_standard_original_none_fixed504_union,enet,characteristics_textcore,504,rank_ic,0.09461119315956702,0.006893327920214503,13.72503879905701,7.189063940417494e-43,0.0811005187023222,0.10812186761681185,2266,2266,0,5,full,standard,original,none,fixed504,union,raw,5,f_cumret5,3030544
ld3_enet_characteristics_textcore_full_raw_standard_original_none_fixed504_union,enet,characteristics_textcore,504,ew_spread_bp,76.32174660303954,23.778970624988474,3.209632065520773,0.0013290497668143233,29.715820588626237,122.92767261745286,2266,2266,0,5,full,standard,original,none,fixed504,union,raw,5,f_cumret5,3030544
ld3_enet_characteristics_textcore_full_raw_standard_original_none_fixed504_union,enet,characteristics_textcore,504,cap_spread_bp,41.70415665510018,25.76700176806487,1.6185102570523946,0.10555267814595265,-8.79823879988686,92.20655211008722,2266,2266,0,5,full,standard,original,none,fixed504,union,raw,5,f_cumret5,3030544
ld3_enet_characteristics_textcore_full_raw_standard_expanded_none_fixed504_union,enet,characteristics_textcore,504,rank_ic,0.09458528888031655,0.006918640524555501,13.671080112431962,1.511350197183066e-42,0.08102500263020845,0.10814557513042464,2266,2266,0,5,full,standard,expanded,none,fixed504,union,raw,5,f_cumret5,3030544
ld3_enet_characteristics_textcore_full_raw_standard_expanded_none_fixed504_union,enet,characteristics_textcore,504,ew_spread_bp,75.25981877463498,23.933689913243732,3.1445138232943295,0.0016636305145872705,28.350648527527696,122.16898902174226,2266,2266,0,5,full,standard,expanded,none,fixed504,union,raw,5,f_cumret5,3030544
ld3_enet_characteristics_textcore_full_raw_standard_expanded_none_fixed504_union,enet,characteristics_textcore,504,cap_spread_bp,43.604137930128566,25.81261643820909,1.6892568033352713,0.09117022758261192,-6.987660635507822,94.19593649576495,2266,2266,0,5,full,standard,expanded,none,fixed504,union,raw,5,f_cumret5,3030544
ld3_group_ridge_characteristics_textcore_full_raw_standard_original_none_fixed504_union,group_ridge,characteristics_textcore,504,rank_ic,0.09513643250448038,0.006969596170148099,13.650207297800842,2.0130510465352835e-42,0.08147627502420181,0.10879658998475895,2266,2266,0,5,full,standard,original,none,fixed504,union,raw,5,f_cumret5,3030544
ld3_group_ridge_characteristics_textcore_full_raw_standard_original_none_fixed504_union,group_ridge,characteristics_textcore,504,ew_spread_bp,76.01548060121347,24.104076089625327,3.153635937696505,0.001612501089748246,28.77235958493477,123.25860161749216,2266,2266,0,5,full,standard,original,none,fixed504,union,raw,5,f_cumret5,3030544
ld3_group_ridge_characteristics_textcore_full_raw_standard_original_none_fixed504_union,group_ridge,characteristics_textcore,504,cap_spread_bp,58.191563605816235,25.235351127665037,2.3059541874977887,0.02111319231832927,8.731184258370526,107.65194295326194,2266,2266,0,5,full,standard,original,none,fixed504,union,raw,5,f_cumret5,3030544
ld3_ols_characteristics_textcore_full_raw_standard_original_none_fixed504_union,ols,characteristics_textcore,504,rank_ic,0.1014889474182304,0.008178064657194705,12.409897900347957,2.3094709858136552e-35,0.08546023522688888,0.11751765960957193,2266,2266,0,9,full,standard,original,none,fixed504,union,raw,10,f_cumret10,3027488
ld3_ols_characteristics_textcore_full_raw_standard_original_none_fixed504_union,ols,characteristics_textcore,504,ew_spread_bp,138.82446220853788,39.57192510797401,3.508155386167043,0.00045122541302161884,61.264914197992525,216.38401021908322,2266,2266,0,9,full,standard,original,none,fixed504,union,raw,10,f_cumret10,3027488
ld3_ols_characteristics_textcore_full_raw_standard_original_none_fixed504_union,ols,characteristics_textcore,504,cap_spread_bp,90.98040701492228,38.17556762092749,2.3832103275668826,0.017162385532998335,16.157669388530962,165.8031446413136,2266,2266,0,9,full,standard,original,none,fixed504,union,raw,10,f_cumret10,3027488
ld3_ridge_characteristics_textcore_full_raw_standard_original_none_fixed504_union,ridge,characteristics_textcore,504,rank_ic,0.10856164348163852,0.009241963035535768,11.74660005284744,7.351768765434331e-32,0.09044772878553795,0.1266755581777391,2266,2266,0,9,full,standard,original,none,fixed504,union,raw,10,f_cumret10,3027488
ld3_ridge_characteristics_textcore_full_raw_standard_original_none_fixed504_union,ridge,characteristics_textcore,504,ew_spread_bp,133.59587427784288,43.955225240293174,3.0393627503329754,0.002370792002070707,47.44521587452232,219.74653268116344,2266,2266,0,9,full,standard,original,none,fixed504,union,raw,10,f_cumret10,3027488
ld3_ridge_characteristics_textcore_full_raw_standard_original_none_fixed504_union,ridge,characteristics_textcore,504,cap_spread_bp,91.82622360277416,45.41604271301288,2.021889581684394,0.043187760310313274,2.8124155649361597,180.84003164061215,2266,2266,0,9,full,standard,original,none,fixed504,union,raw,10,f_cumret10,3027488
ld3_ridge_characteristics_textcore_full_raw_standard_expanded_none_fixed504_union,ridge,characteristics_textcore,504,rank_ic,0.10919212311509223,0.009302777681932956,11.737582778867827,8.179080832224418e-32,0.09095901390232063,0.12742523232786385,2266,2266,0,9,full,standard,expanded,none,fixed504,union,raw,10,f_cumret10,3027488
ld3_ridge_characteristics_textcore_full_raw_standard_expanded_none_fixed504_union,ridge,characteristics_textcore,504,ew_spread_bp,130.76820463734967,44.47209702611527,2.9404551029055113,0.003277304929175489,43.6044961491929,217.93191312550644,2266,2266,0,9,full,standard,expanded,none,fixed504,union,raw,10,f_cumret10,3027488
ld3_ridge_characteristics_textcore_full_raw_standard_expanded_none_fixed504_union,ridge,characteristics_textcore,504,cap_spread_bp,95.04189775161927,46.27299211928834,2.0539388831093595,0.03998160736187896,4.34849974090838,185.73529576233017,2266,2266,0,9,full,standard,expanded,none,fixed504,union,raw,10,f_cumret10,3027488
ld3_lasso_characteristics_textcore_full_raw_standard_original_none_fixed504_union,lasso,characteristics_textcore,504,rank_ic,0.11012918293622202,0.00956943117097581,11.508435660234962,1.1962869910668445e-30,0.09137344248857449,0.12888492338386956,2266,2266,0,9,full,standard,original,none,fixed504,union,raw,10,f_cumret10,3027488
ld3_lasso_characteristics_textcore_full_raw_standard_original_none_fixed504_union,lasso,characteristics_textcore,504,ew_spread_bp,128.2829507202958,45.10730377298201,2.843950757197189,0.004455793369715104,39.87425988554335,216.69164155504822,2266,2266,0,9,full,standard,original,none,fixed504,union,raw,10,f_cumret10,3027488
ld3_lasso_characteristics_textcore_full_raw_standard_original_none_fixed504_union,lasso,characteristics_textcore,504,cap_spread_bp,80.05337465013099,45.954603628377725,1.742009903893431,0.08150671127504379,-10.015993385303048,170.12274268556502,2266,2266,0,9,full,standard,original,none,fixed504,union,raw,10,f_cumret10,3027488
ld3_lasso_characteristics_textcore_full_raw_standard_expanded_none_fixed504_union,lasso,characteristics_textcore,504,rank_ic,0.1098460874848582,0.009566284112852916,11.482628593193562,1.6130080044381876e-30,0.09109651515778878,0.1285956598119276,2266,2266,0,9,full,standard,expanded,none,fixed504,union,raw,10,f_cumret10,3027488
ld3_lasso_characteristics_textcore_full_raw_standard_expanded_none_fixed504_union,lasso,characteristics_textcore,504,ew_spread_bp,118.53819260519238,46.38770921896138,2.555379314931526,0.010607213697813714,27.61995321071143,209.45643199967333,2266,2266,0,9,full,standard,expanded,none,fixed504,union,raw,10,f_cumret10,3027488
ld3_lasso_characteristics_textcore_full_raw_standard_expanded_none_fixed504_union,lasso,characteristics_textcore,504,cap_spread_bp,67.56317630462895,47.25053222800014,1.4298923867907622,0.1527479074204611,-25.046165112600434,160.17251772185836,2266,2266,0,9,full,standard,expanded,none,fixed504,union,raw,10,f_cumret10,3027488
ld3_enet_characteristics_textcore_full_raw_standard_original_none_fixed504_union,enet,characteristics_textcore,504,rank_ic,0.11014686512877359,0.009575349093126658,11.503169655489511,1.2715838033863886e-30,0.09137952576684708,0.1289142044907001,2266,2266,0,9,full,standard,original,none,fixed504,union,raw,10,f_cumret10,3027488
ld3_enet_characteristics_textcore_full_raw_standard_original_none_fixed504_union,enet,characteristics_textcore,504,ew_spread_bp,126.04959717076885,45.40318985315138,2.7762277844013616,0.005499366489652294,37.06098027535772,215.03821406618,2266,2266,0,9,full,standard,original,none,fixed504,union,raw,10,f_cumret10,3027488
ld3_enet_characteristics_textcore_full_raw_standard_original_none_fixed504_union,enet,characteristics_textcore,504,cap_spread_bp,84.39924021654109,45.87128112282451,1.8399146078033983,0.06578077504120428,-5.506818708907005,174.30529914198917,2266,2266,0,9,full,standard,original,none,fixed504,union,raw,10,f_cumret10,3027488
ld3_enet_characteristics_textcore_full_raw_standard_expanded_none_fixed504_union,enet,characteristics_textcore,504,rank_ic,0.11020052101661582,0.00956105448060324,11.525979821596296,9.759554704489081e-31,0.09146119858040816,0.12893984345282347,2266,2266,0,9,full,standard,expanded,none,fixed504,union,raw,10,f_cumret10,3027488
ld3_enet_characteristics_textcore_full_raw_standard_expanded_none_fixed504_union,enet,characteristics_textcore,504,ew_spread_bp,122.73877586888851,45.62727432998748,2.6900308570091656,0.007144541246771904,33.310961469384125,212.1665902683929,2266,2266,0,9,full,standard,expanded,none,fixed504,union,raw,10,f_cumret10,3027488
ld3_enet_characteristics_textcore_full_raw_standard_expanded_none_fixed504_union,enet,characteristics_textcore,504,cap_spread_bp,85.13810053104169,46.16464566067995,1.8442273153535065,0.06515001911936537,-5.34294232294431,175.61914338502768,2266,2266,0,9,full,standard,expanded,none,fixed504,union,raw,10,f_cumret10,3027488
ld3_group_ridge_characteristics_textcore_full_raw_standard_original_none_fixed504_union,group_ridge,characteristics_textcore,504,rank_ic,0.11019412644536578,0.00963827691883038,11.43296954148294,2.861524835759368e-30,0.09130345081143455,0.129084802079297,2266,2266,0,9,full,standard,original,none,fixed504,union,raw,10,f_cumret10,3027488
ld3_group_ridge_characteristics_textcore_full_raw_standard_original_none_fixed504_union,group_ridge,characteristics_textcore,504,ew_spread_bp,124.16926094730965,46.11312276936819,2.6927098728128693,0.007087391322651231,33.78920110467408,214.54932078994523,2266,2266,0,9,full,standard,original,none,fixed504,union,raw,10,f_cumret10,3027488
ld3_group_ridge_characteristics_textcore_full_raw_standard_original_none_fixed504_union,group_ridge,characteristics_textcore,504,cap_spread_bp,94.63818311339949,47.183292449073285,2.0057562370312767,0.04488226190900307,2.160629241195167,187.1157369856038,2266,2266,0,9,full,standard,original,none,fixed504,union,raw,10,f_cumret10,3027488
ld3_ols_characteristics_textcore_full_raw_standard_original_none_fixed504_union,ols,characteristics_textcore,504,rank_ic,0.12167283164198335,0.011873204840684772,10.24768234647639,1.2121514466619587e-24,0.09840177777317458,0.14494388551079213,2266,2266,0,20,full,standard,original,none,fixed504,union,raw,21,f_cumret21,3020813
ld3_ols_characteristics_textcore_full_raw_standard_original_none_fixed504_union,ols,characteristics_textcore,504,ew_spread_bp,240.3132472956595,85.66048986290389,2.805415281657518,0.005025178946846394,72.42177226630949,408.20472232500947,2266,2266,0,20,full,standard,original,none,fixed504,union,raw,21,f_cumret21,3020813
ld3_ols_characteristics_textcore_full_raw_standard_original_none_fixed504_union,ols,characteristics_textcore,504,cap_spread_bp,153.85011444644198,81.35436518625579,1.8911107485653862,0.05860956199700935,-5.60151130373859,313.3017401966225,2266,2266,0,20,full,standard,original,none,fixed504,union,raw,21,f_cumret21,3020813
ld3_ridge_characteristics_textcore_full_raw_standard_original_none_fixed504_union,ridge,characteristics_textcore,504,rank_ic,0.131901784656372,0.013388126286376222,9.852146733228492,6.709531722664067e-23,0.10566153931460062,0.1581420299981434,2266,2266,0,20,full,standard,original,none,fixed504,union,raw,21,f_cumret21,3020813
ld3_ridge_characteristics_textcore_full_raw_standard_original_none_fixed504_union,ridge,characteristics_textcore,504,ew_spread_bp,246.50289397308416,94.23486316394347,2.615835431778948,0.008900944619335544,61.80595608369475,431.19983186247356,2266,2266,0,20,full,standard,original,none,fixed504,union,raw,21,f_cumret21,3020813
ld3_ridge_characteristics_textcore_full_raw_standard_original_none_fixed504_union,ridge,characteristics_textcore,504,cap_spread_bp,184.0034425525597,94.21478267674046,1.9530209307375082,0.0508171150825326,-0.6541383051197727,368.6610234102392,2266,2266,0,20,full,standard,original,none,fixed504,union,raw,21,f_cumret21,3020813
ld3_ridge_characteristics_textcore_full_raw_standard_expanded_none_fixed504_union,ridge,characteristics_textcore,504,rank_ic,0.13268503684506897,0.013504397973227824,9.82532039622308,8.759504344330817e-23,0.10621690318464673,0.15915317050549121,2266,2266,0,20,full,standard,expanded,none,fixed504,union,raw,21,f_cumret21,3020813
ld3_ridge_characteristics_textcore_full_raw_standard_expanded_none_fixed504_union,ridge,characteristics_textcore,504,ew_spread_bp,241.212600533154,96.018006386721,2.512160058412887,0.011999465083857666,53.02076614784394,429.40443491846406,2266,2266,0,20,full,standard,expanded,none,fixed504,union,raw,21,f_cumret21,3020813
ld3_ridge_characteristics_textcore_full_raw_standard_expanded_none_fixed504_union,ridge,characteristics_textcore,504,cap_spread_bp,173.34244900486982,97.63982237166616,1.7753253211076263,0.07584418680408583,-18.02808630048409,364.71298431022376,2266,2266,0,20,full,standard,expanded,none,fixed504,union,raw,21,f_cumret21,3020813
ld3_lasso_characteristics_textcore_full_raw_standard_original_none_fixed504_union,lasso,characteristics_textcore,504,rank_ic,0.13360157962194716,0.013923863432292191,9.59515153761841,8.379387707705191e-22,0.1063113087690002,0.16089185047489413,2266,2266,0,20,full,standard,original,none,fixed504,union,raw,21,f_cumret21,3020813
ld3_lasso_characteristics_textcore_full_raw_standard_original_none_fixed504_union,lasso,characteristics_textcore,504,ew_spread_bp,232.7036795777344,97.16796951369415,2.394859959947386,0.016626714241512745,42.25795888000792,423.14940027546083,2266,2266,0,20,full,standard,original,none,fixed504,union,raw,21,f_cumret21,3020813
ld3_lasso_characteristics_textcore_full_raw_standard_original_none_fixed504_union,lasso,characteristics_textcore,504,cap_spread_bp,144.31922658122502,98.21804248349699,1.4693759204728007,0.1417308548065056,-48.18459931845405,336.8230524809041,2266,2266,0,20,full,standard,original,none,fixed504,union,raw,21,f_cumret21,3020813
ld3_lasso_characteristics_textcore_full_raw_standard_expanded_none_fixed504_union,lasso,characteristics_textcore,504,rank_ic,0.1335960591843225,0.013856362661002186,9.64149556797613,5.340416240149902e-22,0.10643808741203262,0.16075403095661236,2266,2266,0,20,full,standard,expanded,none,fixed504,union,raw,21,f_cumret21,3020813
ld3_lasso_characteristics_textcore_full_raw_standard_expanded_none_fixed504_union,lasso,characteristics_textcore,504,ew_spread_bp,215.40607402454967,100.16163091667676,2.1505847304317895,0.03150899162030816,19.092884795069637,411.71926325402967,2266,2266,0,20,full,standard,expanded,none,fixed504,union,raw,21,f_cumret21,3020813
ld3_lasso_characteristics_textcore_full_raw_standard_expanded_none_fixed504_union,lasso,characteristics_textcore,504,cap_spread_bp,122.51124312561434,99.8912936048387,1.2264456561175212,0.2200310138679441,-73.27209470898573,318.29458096021443,2266,2266,0,20,full,standard,expanded,none,fixed504,union,raw,21,f_cumret21,3020813
ld3_enet_characteristics_textcore_full_raw_standard_original_none_fixed504_union,enet,characteristics_textcore,504,rank_ic,0.13389103804611452,0.013919991518056436,9.618614915995934,6.672354697967935e-22,0.10660835600562087,0.16117372008660816,2266,2266,0,20,full,standard,original,none,fixed504,union,raw,21,f_cumret21,3020813
ld3_enet_characteristics_textcore_full_raw_standard_original_none_fixed504_union,enet,characteristics_textcore,504,ew_spread_bp,230.05497649159472,97.40078676694078,2.3619416652358978,0.01817950258106695,39.152942362525295,420.95701062066416,2266,2266,0,20,full,standard,original,none,fixed504,union,raw,21,f_cumret21,3020813
ld3_enet_characteristics_textcore_full_raw_standard_original_none_fixed504_union,enet,characteristics_textcore,504,cap_spread_bp,147.63062781081987,97.62083694546111,1.5122860285791062,0.13046111376082564,-43.70269674294099,338.96395236458073,2266,2266,0,20,full,standard,original,none,fixed504,union,raw,21,f_cumret21,3020813
ld3_enet_characteristics_textcore_full_raw_standard_expanded_none_fixed504_union,enet,characteristics_textcore,504,rank_ic,0.1339837318517755,0.013875064044759427,9.656440605935854,4.616247489303851e-22,0.10678910604086038,0.16117835766269062,2266,2266,0,20,full,standard,expanded,none,fixed504,union,raw,21,f_cumret21,3020813
ld3_enet_characteristics_textcore_full_raw_standard_expanded_none_fixed504_union,enet,characteristics_textcore,504,ew_spread_bp,220.47608878847214,98.72358674947257,2.2332665986697453,0.025531368781175644,26.98141433489019,413.9707632420541,2266,2266,0,20,full,standard,expanded,none,fixed504,union,raw,21,f_cumret21,3020813
ld3_enet_characteristics_textcore_full_raw_standard_expanded_none_fixed504_union,enet,characteristics_textcore,504,cap_spread_bp,145.9246447710798,97.81675034189844,1.4918165269346004,0.1357472501102284,-45.79266298378715,337.64195252594675,2266,2266,0,20,full,standard,expanded,none,fixed504,union,raw,21,f_cumret21,3020813
ld3_group_ridge_characteristics_textcore_full_raw_standard_original_none_fixed504_union,group_ridge,characteristics_textcore,504,rank_ic,0.1338435025742679,0.013950621403893219,9.594088944089329,8.466172277566598e-22,0.10650078706068357,0.16118621808785222,2266,2266,0,20,full,standard,original,none,fixed504,union,raw,21,f_cumret21,3020813
ld3_group_ridge_characteristics_textcore_full_raw_standard_original_none_fixed504_union,group_ridge,characteristics_textcore,504,ew_spread_bp,229.2397218649707,99.02919898402278,2.3148700001295164,0.020620047601998575,35.146058438435546,423.33338529150586,2266,2266,0,20,full,standard,original,none,fixed504,union,raw,21,f_cumret21,3020813
ld3_group_ridge_characteristics_textcore_full_raw_standard_original_none_fixed504_union,group_ridge,characteristics_textcore,504,cap_spread_bp,164.74810262161571,98.42233300976865,1.6738894271614562,0.09415233247923134,-28.156125351938528,357.65233059516993,2266,2266,0,20,full,standard,original,none,fixed504,union,raw,21,f_cumret21,3020813
ld3_ols_characteristics_textcore_full_raw_standard_original_none_fixed504_union,ols,characteristics_textcore,504,rank_ic,0.1443962245913816,0.016642877307848324,8.676157488902975,4.0936517751237146e-18,0.11177678446887995,0.17701566471388325,2266,2266,0,41,full,standard,original,none,fixed504,union,raw,42,f_cumret42,3007314
ld3_ols_characteristics_textcore_full_raw_standard_original_none_fixed504_union,ols,characteristics_textcore,504,ew_spread_bp,378.68283992250645,189.3574996654958,1.999830165646769,0.04551860605297835,7.548960375579384,749.8167194694336,2266,2266,0,41,full,standard,original,none,fixed504,union,raw,42,f_cumret42,3007314
ld3_ols_characteristics_textcore_full_raw_standard_original_none_fixed504_union,ols,characteristics_textcore,504,cap_spread_bp,243.52036441158538,177.0973994569111,1.3750645981158827,0.1691114185915077,-103.5841602796637,590.6248891028345,2266,2266,0,41,full,standard,original,none,fixed504,union,raw,42,f_cumret42,3007314
ld3_ridge_characteristics_textcore_full_raw_standard_original_none_fixed504_union,ridge,characteristics_textcore,504,rank_ic,0.15881998970438693,0.01861122847578114,8.533557573110231,1.419147812611933e-17,0.1223426521838096,0.19529732722496426,2266,2266,0,41,full,standard,original,none,fixed504,union,raw,42,f_cumret42,3007314
ld3_ridge_characteristics_textcore_full_raw_standard_original_none_fixed504_union,ridge,characteristics_textcore,504,ew_spread_bp,398.00683279098115,212.23080399774108,1.8753490317796535,0.06074472204759096,-17.95789945457068,813.971565036533,2266,2266,0,41,full,standard,original,none,fixed504,union,raw,42,f_cumret42,3007314
ld3_ridge_characteristics_textcore_full_raw_standard_original_none_fixed504_union,ridge,characteristics_textcore,504,cap_spread_bp,330.158106285575,197.04723273706952,1.6755277488525926,0.09383073134646695,-56.047373132363134,716.3635857035131,2266,2266,0,41,full,standard,original,none,fixed504,union,raw,42,f_cumret42,3007314
ld3_ridge_characteristics_textcore_full_raw_standard_expanded_none_fixed504_union,ridge,characteristics_textcore,504,rank_ic,0.15988824661235213,0.018846740616359284,8.483602011987498,2.1832763055452442e-17,0.12294931377831972,0.19682717944638453,2266,2266,0,41,full,standard,expanded,none,fixed504,union,raw,42,f_cumret42,3007314
ld3_ridge_characteristics_textcore_full_raw_standard_expanded_none_fixed504_union,ridge,characteristics_textcore,504,ew_spread_bp,389.1946055099302,217.73198489078737,1.7874939490637864,0.07385768923290298,-37.55224315843225,815.9414541782927,2266,2266,0,41,full,standard,expanded,none,fixed504,union,raw,42,f_cumret42,3007314
ld3_ridge_characteristics_textcore_full_raw_standard_expanded_none_fixed504_union,ridge,characteristics_textcore,504,cap_spread_bp,321.5516047193315,203.18000756902208,1.5825947078483966,0.11351387049883853,-76.67389249452731,719.7771019331904,2266,2266,0,41,full,standard,expanded,none,fixed504,union,raw,42,f_cumret42,3007314
ld3_lasso_characteristics_textcore_full_raw_standard_original_none_fixed504_union,lasso,characteristics_textcore,504,rank_ic,0.16083731346746163,0.01924610296652173,8.35687690891166,6.440043491350334e-17,0.12311564481032955,0.19855898212459372,2266,2266,0,41,full,standard,original,none,fixed504,union,raw,42,f_cumret42,3007314
ld3_lasso_characteristics_textcore_full_raw_standard_original_none_fixed504_union,lasso,characteristics_textcore,504,ew_spread_bp,378.45951194402187,218.97278463135345,1.7283404080610685,0.08392721255815586,-50.71925952787677,807.6382834159206,2266,2266,0,41,full,standard,original,none,fixed504,union,raw,42,f_cumret42,3007314
ld3_lasso_characteristics_textcore_full_raw_standard_original_none_fixed504_union,lasso,characteristics_textcore,504,cap_spread_bp,282.0631261407053,201.43010481685013,1.4003027322910375,0.161422682999675,-112.73262470244902,676.8588769838597,2266,2266,0,41,full,standard,original,none,fixed504,union,raw,42,f_cumret42,3007314
ld3_lasso_characteristics_textcore_full_raw_standard_expanded_none_fixed504_union,lasso,characteristics_textcore,504,rank_ic,0.1609343278318814,0.01917913546817485,8.391114818440586,4.8155373961854633e-17,0.12334391305964396,0.19852474260411887,2266,2266,0,41,full,standard,expanded,none,fixed504,union,raw,42,f_cumret42,3007314
ld3_lasso_characteristics_textcore_full_raw_standard_expanded_none_fixed504_union,lasso,characteristics_textcore,504,ew_spread_bp,358.09199744200504,223.6262449597395,1.6012968312662679,0.10931119052988389,-80.20738867701618,796.3913835610263,2266,2266,0,41,full,standard,expanded,none,fixed504,union,raw,42,f_cumret42,3007314
ld3_lasso_characteristics_textcore_full_raw_standard_expanded_none_fixed504_union,lasso,characteristics_textcore,504,cap_spread_bp,258.77508126968587,202.2446574082067,1.279515041761421,0.200715746169696,-137.61716331604111,655.1673258554129,2266,2266,0,41,full,standard,expanded,none,fixed504,union,raw,42,f_cumret42,3007314
ld3_enet_characteristics_textcore_full_raw_standard_original_none_fixed504_union,enet,characteristics_textcore,504,rank_ic,0.16125032635017328,0.019316204433930517,8.347930200351561,6.946960696507547e-17,0.12339126134165657,0.19910939135869,2266,2266,0,41,full,standard,original,none,fixed504,union,raw,42,f_cumret42,3007314
ld3_enet_characteristics_textcore_full_raw_standard_original_none_fixed504_union,enet,characteristics_textcore,504,ew_spread_bp,375.2298081590914,219.4881297953446,1.7095676586654762,0.08734585041595437,-54.959021273836754,805.4186375920196,2266,2266,0,41,full,standard,original,none,fixed504,union,raw,42,f_cumret42,3007314
ld3_enet_characteristics_textcore_full_raw_standard_original_none_fixed504_union,enet,characteristics_textcore,504,cap_spread_bp,284.5977725360074,201.93805090116717,1.409332076178628,0.15873699833829558,-111.19353433849642,680.3890794105113,2266,2266,0,41,full,standard,original,none,fixed504,union,raw,42,f_cumret42,3007314
ld3_enet_characteristics_textcore_full_raw_standard_expanded_none_fixed504_union,enet,characteristics_textcore,504,rank_ic,0.16159491728350986,0.0192239222543225,8.405928568878561,4.244894588541439e-17,0.1239167220234397,0.19927311254358002,2266,2266,0,41,full,standard,expanded,none,fixed504,union,raw,42,f_cumret42,3007314
ld3_enet_characteristics_textcore_full_raw_standard_expanded_none_fixed504_union,enet,characteristics_textcore,504,ew_spread_bp,372.12251403699287,219.7210396183396,1.6936134777232899,0.09033875527657344,-58.52281026065111,802.7678383346368,2266,2266,0,41,full,standard,expanded,none,fixed504,union,raw,42,f_cumret42,3007314
ld3_enet_characteristics_textcore_full_raw_standard_expanded_none_fixed504_union,enet,characteristics_textcore,504,cap_spread_bp,317.0772543694558,198.51194380259906,1.5972704125287214,0.1102054431043785,-71.99900598467758,706.1535147235891,2266,2266,0,41,full,standard,expanded,none,fixed504,union,raw,42,f_cumret42,3007314
ld3_group_ridge_characteristics_textcore_full_raw_standard_original_none_fixed504_union,group_ridge,characteristics_textcore,504,rank_ic,0.16099693299597184,0.019346683501179882,8.321681232142616,8.672428633219809e-17,0.12307813011336399,0.1989157358785797,2266,2266,0,41,full,standard,original,none,fixed504,union,raw,42,f_cumret42,3007314
ld3_group_ridge_characteristics_textcore_full_raw_standard_original_none_fixed504_union,group_ridge,characteristics_textcore,504,ew_spread_bp,366.55202976253696,222.06927045875028,1.6506202276673152,0.09881614589226084,-68.69574240969814,801.7998019347721,2266,2266,0,41,full,standard,original,none,fixed504,union,raw,42,f_cumret42,3007314
ld3_group_ridge_characteristics_textcore_full_raw_standard_original_none_fixed504_union,group_ridge,characteristics_textcore,504,cap_spread_bp,305.73605642701716,203.78958582490446,1.5002535835648876,0.13354872796245734,-93.6841922141299,705.1563050681642,2266,2266,0,41,full,standard,original,none,fixed504,union,raw,42,f_cumret42,3007314
ld3_ols_characteristics_textcore_full_raw_standard_original_none_fixed504_union,ols,characteristics_textcore,504,rank_ic,0.16555431995927608,0.01984227389177849,8.343515509473558,7.211397899769881e-17,0.12666417776001082,0.20444446215854134,2266,2266,0,62,full,standard,original,none,fixed504,union,raw,63,f_cumret63,2993214
ld3_ols_characteristics_textcore_full_raw_standard_original_none_fixed504_union,ols,characteristics_textcore,504,ew_spread_bp,516.452177755547,298.5800353889496,1.7296942747119146,0.08368491215803363,-68.75393810948901,1101.6582936205832,2266,2266,0,62,full,standard,original,none,fixed504,union,raw,63,f_cumret63,2993214
ld3_ols_characteristics_textcore_full_raw_standard_original_none_fixed504_union,ols,characteristics_textcore,504,cap_spread_bp,356.68077393456673,270.4971634263788,1.318611882714417,0.1872988990828478,-173.4839243013808,886.8454721705143,2266,2266,0,62,full,standard,original,none,fixed504,union,raw,63,f_cumret63,2993214
ld3_ridge_characteristics_textcore_full_raw_standard_original_none_fixed504_union,ridge,characteristics_textcore,504,rank_ic,0.18363331981844966,0.02221415875924583,8.26649893919656,1.3795028917203906e-16,0.14009436870347286,0.22717227093342646,2266,2266,0,62,full,standard,original,none,fixed504,union,raw,63,f_cumret63,2993214
ld3_ridge_characteristics_textcore_full_raw_standard_original_none_fixed504_union,ridge,characteristics_textcore,504,ew_spread_bp,551.9537614462022,330.1351736860202,1.6719023159015032,0.09454358605442795,-95.09928900827276,1199.0068119006771,2266,2266,0,62,full,standard,original,none,fixed504,union,raw,63,f_cumret63,2993214
ld3_ridge_characteristics_textcore_full_raw_standard_original_none_fixed504_union,ridge,characteristics_textcore,504,cap_spread_bp,476.252400419816,294.844646784722,1.6152655495473425,0.10625320072467577,-101.63248831267254,1054.1372891523047,2266,2266,0,62,full,standard,original,none,fixed504,union,raw,63,f_cumret63,2993214
ld3_ridge_characteristics_textcore_full_raw_standard_expanded_none_fixed504_union,ridge,characteristics_textcore,504,rank_ic,0.18453333579629105,0.02252293863068953,8.193128739641805,2.5452167834911064e-16,0.14038918725413368,0.22867748433844842,2266,2266,0,62,full,standard,expanded,none,fixed504,union,raw,63,f_cumret63,2993214
ld3_ridge_characteristics_textcore_full_raw_standard_expanded_none_fixed504_union,ridge,characteristics_textcore,504,ew_spread_bp,544.3693983456749,336.0786999346369,1.6197676272002597,0.1052822028053823,-114.33274949725728,1203.071546188607,2266,2266,0,62,full,standard,expanded,none,fixed504,union,raw,63,f_cumret63,2993214
ld3_ridge_characteristics_textcore_full_raw_standard_expanded_none_fixed504_union,ridge,characteristics_textcore,504,cap_spread_bp,461.77360408806106,302.49904934989394,1.5265291083739498,0.12687814690043328,-131.11363799533552,1054.6608461714577,2266,2266,0,62,full,standard,expanded,none,fixed504,union,raw,63,f_cumret63,2993214
ld3_lasso_characteristics_textcore_full_raw_standard_original_none_fixed504_union,lasso,characteristics_textcore,504,rank_ic,0.1862535892713402,0.02284786051752077,8.151905038483255,3.58235561836787e-16,0.14147260553320481,0.23103457300947558,2266,2266,0,62,full,standard,original,none,fixed504,union,raw,63,f_cumret63,2993214
ld3_lasso_characteristics_textcore_full_raw_standard_original_none_fixed504_union,lasso,characteristics_textcore,504,ew_spread_bp,539.601287344246,336.72734683618205,1.602487271717679,0.10904789994377793,-120.3721850643982,1199.5747597528903,2266,2266,0,62,full,standard,original,none,fixed504,union,raw,63,f_cumret63,2993214
ld3_lasso_characteristics_textcore_full_raw_standard_original_none_fixed504_union,lasso,characteristics_textcore,504,cap_spread_bp,407.21292993893616,301.8616571324781,1.3490051496014364,0.17733531204561337,-184.42504635429924,998.8509062321716,2266,2266,0,62,full,standard,original,none,fixed504,union,raw,63,f_cumret63,2993214
ld3_lasso_characteristics_textcore_full_raw_standard_expanded_none_fixed504_union,lasso,characteristics_textcore,504,rank_ic,0.1862456617608786,0.022802556827972373,8.167753430720854,3.1418523442048434e-16,0.14155347162262483,0.23093785189913235,2266,2266,0,62,full,standard,expanded,none,fixed504,union,raw,63,f_cumret63,2993214
ld3_lasso_characteristics_textcore_full_raw_standard_expanded_none_fixed504_union,lasso,characteristics_textcore,504,ew_spread_bp,510.00547382219867,345.00297650546145,1.4782639819170522,0.13933713431457634,-166.18793468762425,1186.1988823320216,2266,2266,0,62,full,standard,expanded,none,fixed504,union,raw,63,f_cumret63,2993214
ld3_lasso_characteristics_textcore_full_raw_standard_expanded_none_fixed504_union,lasso,characteristics_textcore,504,cap_spread_bp,383.6044507557848,303.54721674761066,1.2637389822445284,0.20632372843654578,-211.33716167690557,978.5460631884752,2266,2266,0,62,full,standard,expanded,none,fixed504,union,raw,63,f_cumret63,2993214
ld3_enet_characteristics_textcore_full_raw_standard_original_none_fixed504_union,enet,characteristics_textcore,504,rank_ic,0.18676745733509212,0.02288164723511329,8.162325702167369,3.286346044951811e-16,0.14192025284731957,0.23161466182286466,2266,2266,0,62,full,standard,original,none,fixed504,union,raw,63,f_cumret63,2993214
ld3_enet_characteristics_textcore_full_raw_standard_original_none_fixed504_union,enet,characteristics_textcore,504,ew_spread_bp,534.530871565816,336.75988826787477,1.5872759499807911,0.11245015973320702,-125.5063808769512,1194.5681240085833,2266,2266,0,62,full,standard,original,none,fixed504,union,raw,63,f_cumret63,2993214
ld3_enet_characteristics_textcore_full_raw_standard_original_none_fixed504_union,enet,characteristics_textcore,504,cap_spread_bp,414.05984169710956,299.34993431249853,1.3831967013724566,0.16660456090406273,-172.65524832981856,1000.7749317240377,2266,2266,0,62,full,standard,original,none,fixed504,union,raw,63,f_cumret63,2993214
ld3_enet_characteristics_textcore_full_raw_standard_expanded_none_fixed504_union,enet,characteristics_textcore,504,rank_ic,0.18730233992326062,0.02282299309087979,8.206738668212093,2.2727751236123184e-16,0.14257009544572974,0.2320345844007915,2266,2266,0,62,full,standard,expanded,none,fixed504,union,raw,63,f_cumret63,2993214
ld3_enet_characteristics_textcore_full_raw_standard_expanded_none_fixed504_union,enet,characteristics_textcore,504,ew_spread_bp,528.5028712215611,339.1703985807249,1.558222278338874,0.11918056559486198,-136.25889461875477,1193.264637061877,2266,2266,0,62,full,standard,expanded,none,fixed504,union,raw,63,f_cumret63,2993214
ld3_enet_characteristics_textcore_full_raw_standard_expanded_none_fixed504_union,enet,characteristics_textcore,504,cap_spread_bp,444.52241708777,297.0665476850245,1.496373188269892,0.13455643244623863,-137.71731738652852,1026.7621515620685,2266,2266,0,62,full,standard,expanded,none,fixed504,union,raw,63,f_cumret63,2993214
ld3_group_ridge_characteristics_textcore_full_raw_standard_original_none_fixed504_union,group_ridge,characteristics_textcore,504,rank_ic,0.1861066619889391,0.023029446980481743,8.081247550002871,6.410752461689225e-16,0.1409697753233202,0.231243548654558,2266,2266,0,62,full,standard,original,none,fixed504,union,raw,63,f_cumret63,2993214
ld3_group_ridge_characteristics_textcore_full_raw_standard_original_none_fixed504_union,group_ridge,characteristics_textcore,504,ew_spread_bp,514.0088983820177,340.65616764452346,1.5088788849359356,0.13132973673204637,-153.66492131268717,1181.6827180767227,2266,2266,0,62,full,standard,original,none,fixed504,union,raw,63,f_cumret63,2993214
ld3_group_ridge_characteristics_textcore_full_raw_standard_original_none_fixed504_union,group_ridge,characteristics_textcore,504,cap_spread_bp,423.8084195121377,305.46607212286534,1.3874156843895658,0.1653150450863975,-174.894080347593,1022.5109193718683,2266,2266,0,62,full,standard,original,none,fixed504,union,raw,63,f_cumret63,2993214
ld3_group_ridge_characteristics_textcore_full_raw_standard_expanded_none_fixed504_union,group_ridge,characteristics_textcore,504,rank_ic,0.08617373713491341,0.005770201958326515,14.934267077179683,1.9723069143462667e-50,0.07486434911307095,0.09748312515675588,2266,2266,0,5,full,standard,expanded,none,fixed504,union,raw,3,f_cumret3,3031789
ld3_group_ridge_characteristics_textcore_full_raw_standard_expanded_none_fixed504_union,group_ridge,characteristics_textcore,504,ew_spread_bp,54.97775910043939,15.784101799844139,3.4831097643441624,0.0004956251090896401,24.041488044431034,85.91403015644775,2266,2266,0,5,full,standard,expanded,none,fixed504,union,raw,3,f_cumret3,3031789
ld3_group_ridge_characteristics_textcore_full_raw_standard_expanded_none_fixed504_union,group_ridge,characteristics_textcore,504,cap_spread_bp,37.21338358916276,16.60289425814071,2.241379304750817,0.02500151589196522,4.672308804080103,69.75445837424542,2266,2266,0,5,full,standard,expanded,none,fixed504,union,raw,3,f_cumret3,3031789
ld3_ols_characteristics_textcore_pca_raw_standard_original_original_fixed504_union,ols,characteristics_textcore,504,rank_ic,0.08513259708367345,0.005374187944894891,15.841015974244733,1.6217919401593048e-56,0.07459938226553013,0.09566581190181676,2266,2266,0,5,pca,standard,original,original,fixed504,union,raw,3,f_cumret3,3031789
ld3_ols_characteristics_textcore_pca_raw_standard_original_original_fixed504_union,ols,characteristics_textcore,504,ew_spread_bp,63.92711545600024,14.65665924554168,4.361643017350344,1.290893715028306e-05,35.200591201062544,92.65363971093794,2266,2266,0,5,pca,standard,original,original,fixed504,union,raw,3,f_cumret3,3031789
ld3_ols_characteristics_textcore_pca_raw_standard_original_original_fixed504_union,ols,characteristics_textcore,504,cap_spread_bp,31.211194891770187,15.31057097888604,2.038538924172836,0.041496066177789594,1.20302719040939,61.21936259313098,2266,2266,0,5,pca,standard,original,original,fixed504,union,raw,3,f_cumret3,3031789
ld3_ols_characteristics_textcore_pca_raw_standard_original_expanded_fixed504_union,ols,characteristics_textcore,504,rank_ic,0.08529849669977177,0.005402056295837795,15.790005144058386,3.6455019987768345e-56,0.07471066091747183,0.0958863324820717,2266,2266,0,5,pca,standard,original,expanded,fixed504,union,raw,3,f_cumret3,3031789
ld3_ols_characteristics_textcore_pca_raw_standard_original_expanded_fixed504_union,ols,characteristics_textcore,504,ew_spread_bp,64.05865616834542,14.730810110254234,4.3486173325765485,1.3699851720582334e-05,35.18679888914862,92.93051344754222,2266,2266,0,5,pca,standard,original,expanded,fixed504,union,raw,3,f_cumret3,3031789
ld3_ols_characteristics_textcore_pca_raw_standard_original_expanded_fixed504_union,ols,characteristics_textcore,504,cap_spread_bp,34.8090050967923,15.383525716545703,2.262745597997316,0.02365137621440881,4.657848737116989,64.9601614564676,2266,2266,0,5,pca,standard,original,expanded,fixed504,union,raw,3,f_cumret3,3031789
ld3_ridge_characteristics_textcore_pca_raw_standard_original_original_fixed504_union,ridge,characteristics_textcore,504,rank_ic,0.08636312441822178,0.005710074841462757,15.124692200373687,1.1131991305234677e-51,0.07517158337992652,0.09755466545651703,2266,2266,0,5,pca,standard,original,original,fixed504,union,raw,3,f_cumret3,3031789
ld3_ridge_characteristics_textcore_pca_raw_standard_original_original_fixed504_union,ridge,characteristics_textcore,504,ew_spread_bp,56.41563521413416,15.712968593169444,3.590386811990352,0.0003301875923189734,25.61878268131305,87.21248774695528,2266,2266,0,5,pca,standard,original,original,fixed504,union,raw,3,f_cumret3,3031789
ld3_ridge_characteristics_textcore_pca_raw_standard_original_original_fixed504_union,ridge,characteristics_textcore,504,cap_spread_bp,39.333602599928646,16.715213216014305,2.353161882628239,0.018614528246371505,6.572386702632677,72.09481849722462,2266,2266,0,5,pca,standard,original,original,fixed504,union,raw,3,f_cumret3,3031789
ld3_ridge_characteristics_textcore_pca_raw_standard_original_expanded_fixed504_union,ridge,characteristics_textcore,504,rank_ic,0.08618568338275057,0.005712304940080454,15.08772453270618,1.9505384301717518e-51,0.07498977143148264,0.0973815953340185,2266,2266,0,5,pca,standard,original,expanded,fixed504,union,raw,3,f_cumret3,3031789
ld3_ridge_characteristics_textcore_pca_raw_standard_original_expanded_fixed504_union,ridge,characteristics_textcore,504,ew_spread_bp,56.3213105184324,15.702810327529727,3.5867025929550618,0.0003348859014071014,25.54436782041052,87.09825321645428,2266,2266,0,5,pca,standard,original,expanded,fixed504,union,raw,3,f_cumret3,3031789
ld3_ridge_characteristics_textcore_pca_raw_standard_original_expanded_fixed504_union,ridge,characteristics_textcore,504,cap_spread_bp,40.77223072334567,16.263632160394238,2.506957260299801,0.012177543527681954,8.896097431165614,72.64836401552573,2266,2266,0,5,pca,standard,original,expanded,fixed504,union,raw,3,f_cumret3,3031789
ld3_ridge_characteristics_textcore_pca_raw_standard_expanded_original_fixed504_union,ridge,characteristics_textcore,504,rank_ic,0.08631578066048483,0.005725941897252494,15.074512143041854,2.3826936012830744e-51,0.07509314076430099,0.09753842055666867,2266,2266,0,5,pca,standard,expanded,original,fixed504,union,raw,3,f_cumret3,3031789
ld3_ridge_characteristics_textcore_pca_raw_standard_expanded_original_fixed504_union,ridge,characteristics_textcore,504,ew_spread_bp,56.34998445578645,15.725821020503055,3.58327774316637,0.0003393094847546639,25.527941628277542,87.17202728329535,2266,2266,0,5,pca,standard,expanded,original,fixed504,union,raw,3,f_cumret3,3031789
ld3_ridge_characteristics_textcore_pca_raw_standard_expanded_original_fixed504_union,ridge,characteristics_textcore,504,cap_spread_bp,37.426023582506076,16.691144524035465,2.242268259591912,0.02494403984528349,4.71198145464362,70.14006571036853,2266,2266,0,5,pca,standard,expanded,original,fixed504,union,raw,3,f_cumret3,3031789
ld3_ridge_characteristics_textcore_pca_raw_standard_expanded_expanded_fixed504_union,ridge,characteristics_textcore,504,rank_ic,0.08619229129285175,0.005730930357344911,15.039842733804196,4.025051476148512e-51,0.07495987419454846,0.09742470839115504,2266,2266,0,5,pca,standard,expanded,expanded,fixed504,union,raw,3,f_cumret3,3031789
ld3_ridge_characteristics_textcore_pca_raw_standard_expanded_expanded_fixed504_union,ridge,characteristics_textcore,504,ew_spread_bp,56.260032513097265,15.732064643702467,3.576137893357698,0.00034870776508838525,25.425752408984472,87.09431261721005,2266,2266,0,5,pca,standard,expanded,expanded,fixed504,union,raw,3,f_cumret3,3031789
ld3_ridge_characteristics_textcore_pca_raw_standard_expanded_expanded_fixed504_union,ridge,characteristics_textcore,504,cap_spread_bp,36.97398198068125,16.281782868785573,2.2708804237627738,0.02315421763591062,5.06227395376029,68.88569000760222,2266,2266,0,5,pca,standard,expanded,expanded,fixed504,union,raw,3,f_cumret3,3031789
ld3_lasso_characteristics_textcore_pca_raw_standard_original_original_fixed504_union,lasso,characteristics_textcore,504,rank_ic,0.08589385954152581,0.005660204484432145,15.175045314664642,5.174199652343286e-52,0.0748000626069067,0.09698765647614492,2266,2266,0,5,pca,standard,original,original,fixed504,union,raw,3,f_cumret3,3031789
ld3_lasso_characteristics_textcore_pca_raw_standard_original_original_fixed504_union,lasso,characteristics_textcore,504,ew_spread_bp,58.38119050185237,15.394202507252292,3.792414090586939,0.000149189869651415,28.209108016921682,88.55327298678307,2266,2266,0,5,pca,standard,original,original,fixed504,union,raw,3,f_cumret3,3031789
ld3_lasso_characteristics_textcore_pca_raw_standard_original_original_fixed504_union,lasso,characteristics_textcore,504,cap_spread_bp,32.18741001849129,16.026333691480822,2.008407577061825,0.04459999838788336,0.7763731789680257,63.598446858014555,2266,2266,0,5,pca,standard,original,original,fixed504,union,raw,3,f_cumret3,3031789
ld3_group_ridge_characteristics_textcore_full_raw_standard_expanded_none_fixed504_union,group_ridge,characteristics_textcore,504,rank_ic,0.09505691355516671,0.0069689319981774385,13.640097733774217,2.312504613744683e-42,0.08139805782803018,0.10871576928230324,2266,2266,0,5,full,standard,expanded,none,fixed504,union,raw,5,f_cumret5,3030544
ld3_group_ridge_characteristics_textcore_full_raw_standard_expanded_none_fixed504_union,group_ridge,characteristics_textcore,504,ew_spread_bp,78.01364413563142,24.074314044505297,3.2405344547475154,0.0011930585317450006,30.828855655894237,125.1984326153686,2266,2266,0,5,full,standard,expanded,none,fixed504,union,raw,5,f_cumret5,3030544
ld3_group_ridge_characteristics_textcore_full_raw_standard_expanded_none_fixed504_union,group_ridge,characteristics_textcore,504,cap_spread_bp,58.825963528213855,25.054861633862316,2.347886186236566,0.018880289468311245,9.719337088209343,107.93258996821837,2266,2266,0,5,full,standard,expanded,none,fixed504,union,raw,5,f_cumret5,3030544
ld3_ols_characteristics_textcore_pca_raw_standard_original_original_fixed504_union,ols,characteristics_textcore,504,rank_ic,0.0939045774636817,0.006487636919703796,14.474388537139198,1.7588286464238183e-47,0.08118904275628988,0.1066201121710735,2266,2266,0,5,pca,standard,original,original,fixed504,union,raw,5,f_cumret5,3030544
ld3_ols_characteristics_textcore_pca_raw_standard_original_original_fixed504_union,ols,characteristics_textcore,504,ew_spread_bp,88.33444320429871,22.437366989177598,3.93693445611982,8.25291365460235e-05,44.35801199760271,132.3108744109947,2266,2266,0,5,pca,standard,original,original,fixed504,union,raw,5,f_cumret5,3030544
ld3_ols_characteristics_textcore_pca_raw_standard_original_original_fixed504_union,ols,characteristics_textcore,504,cap_spread_bp,49.18869220757127,23.156346610111523,2.1241991681922907,0.0336534927646918,3.8030868382265197,94.57429757691602,2266,2266,0,5,pca,standard,original,original,fixed504,union,raw,5,f_cumret5,3030544
ld3_ols_characteristics_textcore_pca_raw_standard_original_expanded_fixed504_union,ols,characteristics_textcore,504,rank_ic,0.0940909252905803,0.006516195350445981,14.43954949633923,2.917427681264668e-47,0.08131941708747882,0.10686243349368178,2266,2266,0,5,pca,standard,original,expanded,fixed504,union,raw,5,f_cumret5,3030544
ld3_ols_characteristics_textcore_pca_raw_standard_original_expanded_fixed504_union,ols,characteristics_textcore,504,ew_spread_bp,89.17594780063564,22.500832940786694,3.9632287407009117,7.394287145667775e-05,45.07512561454125,133.27676998673002,2266,2266,0,5,pca,standard,original,expanded,fixed504,union,raw,5,f_cumret5,3030544
ld3_ols_characteristics_textcore_pca_raw_standard_original_expanded_fixed504_union,ols,characteristics_textcore,504,cap_spread_bp,54.97305342868248,22.848638244212385,2.405966291781406,0.016129752922286782,10.190545374241715,99.75556148312324,2266,2266,0,5,pca,standard,original,expanded,fixed504,union,raw,5,f_cumret5,3030544
ld3_ridge_characteristics_textcore_pca_raw_standard_original_original_fixed504_union,ridge,characteristics_textcore,504,rank_ic,0.09533663637045667,0.0069040508191364975,13.808797019020291,2.2556698232340974e-43,0.08180494541751487,0.10886832732339846,2266,2266,0,5,pca,standard,original,original,fixed504,union,raw,5,f_cumret5,3030544
ld3_ridge_characteristics_textcore_pca_raw_standard_original_original_fixed504_union,ridge,characteristics_textcore,504,ew_spread_bp,81.01398831070105,23.873619976929668,3.393452203268257,0.0006901760168444798,34.22255297532295,127.80542364607916,2266,2266,0,5,pca,standard,original,original,fixed504,union,raw,5,f_cumret5,3030544
ld3_ridge_characteristics_textcore_pca_raw_standard_original_original_fixed504_union,ridge,characteristics_textcore,504,cap_spread_bp,56.57508516134631,25.250571972746634,2.240546678404305,0.025055453942551226,7.084873505726399,106.06529681696622,2266,2266,0,5,pca,standard,original,original,fixed504,union,raw,5,f_cumret5,3030544
ld3_ridge_characteristics_textcore_pca_raw_standard_original_expanded_fixed504_union,ridge,characteristics_textcore,504,rank_ic,0.09501367938760719,0.006898056350620553,13.773978430758934,3.655169279253599e-43,0.0814937373770631,0.10853362139815127,2266,2266,0,5,pca,standard,original,expanded,fixed504,union,raw,5,f_cumret5,3030544
ld3_ridge_characteristics_textcore_pca_raw_standard_original_expanded_fixed504_union,ridge,characteristics_textcore,504,ew_spread_bp,80.43718778076537,23.852514966927014,3.3722728145143814,0.0007455056271588179,33.687117504885826,127.18725805664491,2266,2266,0,5,pca,standard,original,expanded,fixed504,union,raw,5,f_cumret5,3030544
ld3_ridge_characteristics_textcore_pca_raw_standard_original_expanded_fixed504_union,ridge,characteristics_textcore,504,cap_spread_bp,58.466253725563824,24.879745830065712,2.349953818857377,0.018775740408491767,9.702847954124437,107.22965949700321,2266,2266,0,5,pca,standard,original,expanded,fixed504,union,raw,5,f_cumret5,3030544
ld3_ridge_characteristics_textcore_pca_raw_standard_expanded_original_fixed504_union,ridge,characteristics_textcore,504,rank_ic,0.09532581478418445,0.0069192575150226815,13.77688495871395,3.510978954455435e-43,0.08176431925498188,0.10888731031338701,2266,2266,0,5,pca,standard,expanded,original,fixed504,union,raw,5,f_cumret5,3030544
ld3_ridge_characteristics_textcore_pca_raw_standard_expanded_original_fixed504_union,ridge,characteristics_textcore,504,ew_spread_bp,80.8540109573065,23.888180529512127,3.384686868780868,0.0007125949540675405,34.03403746327177,127.67398445134123,2266,2266,0,5,pca,standard,expanded,original,fixed504,union,raw,5,f_cumret5,3030544
ld3_ridge_characteristics_textcore_pca_raw_standard_expanded_original_fixed504_union,ridge,characteristics_textcore,504,cap_spread_bp,55.385450525516916,25.149269861392725,2.2022687271148382,0.02764633185829842,6.093787359708536,104.6771136913253,2266,2266,0,5,pca,standard,expanded,original,fixed504,union,raw,5,f_cumret5,3030544
ld3_ridge_characteristics_textcore_pca_raw_standard_expanded_expanded_fixed504_union,ridge,characteristics_textcore,504,rank_ic,0.09510354007762996,0.006918516838676206,13.746232363846806,5.365163593219254e-43,0.08154349624739068,0.10866358390786923,2266,2266,0,5,pca,standard,expanded,expanded,fixed504,union,raw,5,f_cumret5,3030544
ld3_ridge_characteristics_textcore_pca_raw_standard_expanded_expanded_fixed504_union,ridge,characteristics_textcore,504,ew_spread_bp,80.27920571900341,23.89865198850254,3.3591520457984463,0.0007818203882507291,33.43870854248189,127.11970289552494,2266,2266,0,5,pca,standard,expanded,expanded,fixed504,union,raw,5,f_cumret5,3030544
ld3_ridge_characteristics_textcore_pca_raw_standard_expanded_expanded_fixed504_union,ridge,characteristics_textcore,504,cap_spread_bp,53.668926414204144,24.823012810933328,2.162063357215269,0.030613292961996053,5.01671531699845,102.32113751140983,2266,2266,0,5,pca,standard,expanded,expanded,fixed504,union,raw,5,f_cumret5,3030544
ld3_lasso_characteristics_textcore_pca_raw_standard_original_original_fixed504_union,lasso,characteristics_textcore,504,rank_ic,0.09491809288139237,0.00683725529262532,13.882484830392578,8.089032303346428e-44,0.08151731875474087,0.10831886700804387,2266,2266,0,5,pca,standard,original,original,fixed504,union,raw,5,f_cumret5,3030544
ld3_lasso_characteristics_textcore_pca_raw_standard_original_original_fixed504_union,lasso,characteristics_textcore,504,ew_spread_bp,82.83293412016158,23.45299118547733,3.5318707735435373,0.0004126309475959758,36.86591606689067,128.7999521734325,2266,2266,0,5,pca,standard,original,original,fixed504,union,raw,5,f_cumret5,3030544
ld3_lasso_characteristics_textcore_pca_raw_standard_original_original_fixed504_union,lasso,characteristics_textcore,504,cap_spread_bp,50.89811940708847,24.4850535533898,2.0787424171282627,0.03764103204136193,2.908296282909987,98.88794253126696,2266,2266,0,5,pca,standard,original,original,fixed504,union,raw,5,f_cumret5,3030544
ld3_group_ridge_characteristics_textcore_full_raw_standard_expanded_none_fixed504_union,group_ridge,characteristics_textcore,504,rank_ic,0.11005951805221921,0.009637847499281739,11.419512298822056,3.3410352052816556e-30,0.09116968406513758,0.12894935203930086,2266,2266,0,9,full,standard,expanded,none,fixed504,union,raw,10,f_cumret10,3027488
ld3_group_ridge_characteristics_textcore_full_raw_standard_expanded_none_fixed504_union,group_ridge,characteristics_textcore,504,ew_spread_bp,127.28456927236402,46.107394989854114,2.7606107285040253,0.005769339691274007,36.915735671287436,217.6534028734406,2266,2266,0,9,full,standard,expanded,none,fixed504,union,raw,10,f_cumret10,3027488
ld3_group_ridge_characteristics_textcore_full_raw_standard_expanded_none_fixed504_union,group_ridge,characteristics_textcore,504,cap_spread_bp,96.54137742372158,46.93453510572513,2.0569369059744953,0.03969229536165162,4.55137898536951,188.53137586207367,2266,2266,0,9,full,standard,expanded,none,fixed504,union,raw,10,f_cumret10,3027488
ld3_ols_characteristics_textcore_pca_raw_standard_original_original_fixed504_union,ols,characteristics_textcore,504,rank_ic,0.10821676610424029,0.008987033300572713,12.041433750706588,2.151828903200318e-33,0.09060250450725564,0.12583102770122495,2266,2266,0,9,pca,standard,original,original,fixed504,union,raw,10,f_cumret10,3027488
ld3_ols_characteristics_textcore_pca_raw_standard_original_original_fixed504_union,ols,characteristics_textcore,504,ew_spread_bp,141.15368714940314,42.186231116197185,3.3459658143106297,0.0008199650429734016,58.4701935181737,223.8371807806326,2266,2266,0,9,pca,standard,original,original,fixed504,union,raw,10,f_cumret10,3027488
ld3_ols_characteristics_textcore_pca_raw_standard_original_original_fixed504_union,ols,characteristics_textcore,504,cap_spread_bp,93.14113109317515,40.16421547232269,2.3190078530815335,0.020394610523145514,14.420715300116285,171.861546886234,2266,2266,0,9,pca,standard,original,original,fixed504,union,raw,10,f_cumret10,3027488
ld3_ols_characteristics_textcore_pca_raw_standard_original_expanded_fixed504_union,ols,characteristics_textcore,504,rank_ic,0.10857039463683937,0.009021872094580122,12.034131441750644,2.350951780823956e-33,0.0908878502583354,0.12625293901534335,2266,2266,0,9,pca,standard,original,expanded,fixed504,union,raw,10,f_cumret10,3027488
ld3_ols_characteristics_textcore_pca_raw_standard_original_expanded_fixed504_union,ols,characteristics_textcore,504,ew_spread_bp,142.28165309508438,42.346189510340125,3.3599635466691034,0.0007795275737641958,59.28464677230991,225.27865941785885,2266,2266,0,9,pca,standard,original,expanded,fixed504,union,raw,10,f_cumret10,3027488
ld3_ols_characteristics_textcore_pca_raw_standard_original_expanded_fixed504_union,ols,characteristics_textcore,504,cap_spread_bp,97.47433358751424,40.07738970192323,2.4321527502784606,0.015009375952796424,18.92409317736825,176.02457399766024,2266,2266,0,9,pca,standard,original,expanded,fixed504,union,raw,10,f_cumret10,3027488
ld3_ridge_characteristics_textcore_pca_raw_standard_original_original_fixed504_union,ridge,characteristics_textcore,504,rank_ic,0.11019601486631356,0.009540453890473968,11.550395414241558,7.348158037843992e-31,0.09149706884481953,0.12889496088780758,2266,2266,0,9,pca,standard,original,original,fixed504,union,raw,10,f_cumret10,3027488
ld3_ridge_characteristics_textcore_pca_raw_standard_original_original_fixed504_union,ridge,characteristics_textcore,504,ew_spread_bp,130.8995089945244,45.5889533176579,2.871298844753764,0.004087888619437207,41.54680239903712,220.2522155900117,2266,2266,0,9,pca,standard,original,original,fixed504,union,raw,10,f_cumret10,3027488
ld3_ridge_characteristics_textcore_pca_raw_standard_original_original_fixed504_union,ridge,characteristics_textcore,504,cap_spread_bp,89.71540478792267,46.38536547715136,1.9341316784949112,0.05309693990681721,-1.1982409570215822,180.62905053286693,2266,2266,0,9,pca,standard,original,original,fixed504,union,raw,10,f_cumret10,3027488
ld3_ridge_characteristics_textcore_pca_raw_standard_original_expanded_fixed504_union,ridge,characteristics_textcore,504,rank_ic,0.1099005854090115,0.009529674533906836,11.53245947886072,9.052016198828544e-31,0.09122276653816558,0.12857840427985742,2266,2266,0,9,pca,standard,original,expanded,fixed504,union,raw,10,f_cumret10,3027488
ld3_ridge_characteristics_textcore_pca_raw_standard_original_expanded_fixed504_union,ridge,characteristics_textcore,504,ew_spread_bp,130.03212608093114,45.41768842886458,2.863028273325576,0.00419613118343842,41.01509249929501,219.04915966256726,2266,2266,0,9,pca,standard,original,expanded,fixed504,union,raw,10,f_cumret10,3027488
ld3_ridge_characteristics_textcore_pca_raw_standard_original_expanded_fixed504_union,ridge,characteristics_textcore,504,cap_spread_bp,89.38055263709876,46.20859212772369,1.9342842644944653,0.05307818684979857,-1.18662370954074,179.94772898373827,2266,2266,0,9,pca,standard,original,expanded,fixed504,union,raw,10,f_cumret10,3027488
ld3_ridge_characteristics_textcore_pca_raw_standard_expanded_original_fixed504_union,ridge,characteristics_textcore,504,rank_ic,0.11041577426287207,0.009561472072088484,11.547988994832076,7.55679549774717e-31,0.09167563336239307,0.12915591516335106,2266,2266,0,9,pca,standard,expanded,original,fixed504,union,raw,10,f_cumret10,3027488
ld3_ridge_characteristics_textcore_pca_raw_standard_expanded_original_fixed504_union,ridge,characteristics_textcore,504,ew_spread_bp,131.01515921132975,45.6044156923734,2.8728612618369738,0.004067727080391232,41.632146918284604,220.3981715043749,2266,2266,0,9,pca,standard,expanded,original,fixed504,union,raw,10,f_cumret10,3027488
ld3_ridge_characteristics_textcore_pca_raw_standard_expanded_original_fixed504_union,ridge,characteristics_textcore,504,cap_spread_bp,91.40040479920694,46.09948986019854,1.9826771419030471,0.04740350443292343,1.047064967548394,181.75374463086547,2266,2266,0,9,pca,standard,expanded,original,fixed504,union,raw,10,f_cumret10,3027488
ld3_ridge_characteristics_textcore_pca_raw_standard_expanded_expanded_fixed504_union,ridge,characteristics_textcore,504,rank_ic,0.11009568128329011,0.009553128244397543,11.524568546209563,9.920792261781054e-31,0.09137189398457857,0.12881946858200166,2266,2266,0,9,pca,standard,expanded,expanded,fixed504,union,raw,10,f_cumret10,3027488
ld3_ridge_characteristics_textcore_pca_raw_standard_expanded_expanded_fixed504_union,ridge,characteristics_textcore,504,ew_spread_bp,131.00054617876782,45.4667843871746,2.8812362243000593,0.003961186382169273,41.88728628705758,220.11380607047806,2266,2266,0,9,pca,standard,expanded,expanded,fixed504,union,raw,10,f_cumret10,3027488
ld3_ridge_characteristics_textcore_pca_raw_standard_expanded_expanded_fixed504_union,ridge,characteristics_textcore,504,cap_spread_bp,85.03946221663432,45.997116751075176,1.8487998427563732,0.0644867200848659,-5.113230008157046,175.19215444142569,2266,2266,0,9,pca,standard,expanded,expanded,fixed504,union,raw,10,f_cumret10,3027488
ld3_lasso_characteristics_textcore_pca_raw_standard_original_original_fixed504_union,lasso,characteristics_textcore,504,rank_ic,0.1100711192082367,0.009451905240047843,11.645389623867997,2.4221215875542715e-31,0.09154572535245752,0.12859651306401587,2266,2266,0,9,pca,standard,original,original,fixed504,union,raw,10,f_cumret10,3027488
ld3_lasso_characteristics_textcore_pca_raw_standard_original_original_fixed504_union,lasso,characteristics_textcore,504,ew_spread_bp,133.68984957557552,44.23969479163291,3.0219433069158605,0.002511575823930283,46.981641096930815,220.39805805422023,2266,2266,0,9,pca,standard,original,original,fixed504,union,raw,10,f_cumret10,3027488
ld3_lasso_characteristics_textcore_pca_raw_standard_original_original_fixed504_union,lasso,characteristics_textcore,504,cap_spread_bp,93.83677525490032,43.39906610890015,2.1621842050572733,0.03060398052072436,8.776168718783154,178.8973817910175,2266,2266,0,9,pca,standard,original,original,fixed504,union,raw,10,f_cumret10,3027488
ld3_group_ridge_characteristics_textcore_full_raw_standard_expanded_none_fixed504_union,group_ridge,characteristics_textcore,504,rank_ic,0.1336283490016446,0.013935384201279518,9.589139924062886,8.882232250468604e-22,0.10631549785640829,0.16094120014688093,2266,2266,0,20,full,standard,expanded,none,fixed504,union,raw,21,f_cumret21,3020813
ld3_group_ridge_characteristics_textcore_full_raw_standard_expanded_none_fixed504_union,group_ridge,characteristics_textcore,504,ew_spread_bp,231.24381614783695,98.82942242575683,2.339827659334478,0.019292640176789576,37.54170758045842,424.9459247152155,2266,2266,0,20,full,standard,expanded,none,fixed504,union,raw,21,f_cumret21,3020813
ld3_group_ridge_characteristics_textcore_full_raw_standard_expanded_none_fixed504_union,group_ridge,characteristics_textcore,504,cap_spread_bp,163.34041848879664,97.69689047842742,1.6719101057250543,0.09454204973178386,-28.14196825047523,354.82280522806855,2266,2266,0,20,full,standard,expanded,none,fixed504,union,raw,21,f_cumret21,3020813
ld3_ols_characteristics_textcore_pca_raw_standard_original_original_fixed504_union,ols,characteristics_textcore,504,rank_ic,0.1306542377640776,0.012999761986939333,10.050509993594035,9.139320308378064e-24,0.10517517246208366,0.15613330306607157,2266,2266,0,20,pca,standard,original,original,fixed504,union,raw,21,f_cumret21,3020813
ld3_ols_characteristics_textcore_pca_raw_standard_original_original_fixed504_union,ols,characteristics_textcore,504,ew_spread_bp,252.68057846032647,90.77174248304719,2.7836920560109095,0.005374403349041462,74.77123237960959,430.5899245410434,2266,2266,0,20,pca,standard,original,original,fixed504,union,raw,21,f_cumret21,3020813
ld3_ols_characteristics_textcore_pca_raw_standard_original_original_fixed504_union,ols,characteristics_textcore,504,cap_spread_bp,166.72484809867657,82.30555275165146,2.025681652388043,0.04279741806788693,5.408928977778174,328.04076721957495,2266,2266,0,20,pca,standard,original,original,fixed504,union,raw,21,f_cumret21,3020813
ld3_ols_characteristics_textcore_pca_raw_standard_original_expanded_fixed504_union,ols,characteristics_textcore,504,rank_ic,0.13118098812822526,0.013029455842766803,10.068032749122775,7.649274113913537e-24,0.10564372393824735,0.1567182523182032,2266,2266,0,20,pca,standard,original,expanded,fixed504,union,raw,21,f_cumret21,3020813
ld3_ols_characteristics_textcore_pca_raw_standard_original_expanded_fixed504_union,ols,characteristics_textcore,504,ew_spread_bp,251.27772529855773,90.64395205048525,2.772140000676554,0.0055689079690410944,73.61884386323104,428.93660673388445,2266,2266,0,20,pca,standard,original,expanded,fixed504,union,raw,21,f_cumret21,3020813
ld3_ols_characteristics_textcore_pca_raw_standard_original_expanded_fixed504_union,ols,characteristics_textcore,504,cap_spread_bp,171.4046639201996,82.55477635832257,2.076253749101457,0.03787048849746698,9.60027550612864,333.20905233427055,2266,2266,0,20,pca,standard,original,expanded,fixed504,union,raw,21,f_cumret21,3020813
ld3_ridge_characteristics_textcore_pca_raw_standard_original_original_fixed504_union,ridge,characteristics_textcore,504,rank_ic,0.13417024487167484,0.013850124382807097,9.68729530243263,3.4145109084351044e-22,0.10702449989997288,0.1613159898433768,2266,2266,0,20,pca,standard,original,original,fixed504,union,raw,21,f_cumret21,3020813
ld3_ridge_characteristics_textcore_pca_raw_standard_original_original_fixed504_union,ridge,characteristics_textcore,504,ew_spread_bp,235.64108001920567,100.0336365097289,2.3556184523621524,0.01849190035482184,39.578755217566,431.7034048208453,2266,2266,0,20,pca,standard,original,original,fixed504,union,raw,21,f_cumret21,3020813
ld3_ridge_characteristics_textcore_pca_raw_standard_original_original_fixed504_union,ridge,characteristics_textcore,504,cap_spread_bp,161.11173464904985,97.10438455686248,1.6591602468239308,0.09708350576019774,-29.209361823328038,351.43283112142774,2266,2266,0,20,pca,standard,original,original,fixed504,union,raw,21,f_cumret21,3020813
ld3_ridge_characteristics_textcore_pca_raw_standard_original_expanded_fixed504_union,ridge,characteristics_textcore,504,rank_ic,0.1334532356483208,0.013818974531454625,9.657245937066875,4.580112180959752e-22,0.10636854326339346,0.16053792803324812,2266,2266,0,20,pca,standard,original,expanded,fixed504,union,raw,21,f_cumret21,3020813
ld3_ridge_characteristics_textcore_pca_raw_standard_original_expanded_fixed504_union,ridge,characteristics_textcore,504,ew_spread_bp,235.5276611633294,99.77471341829248,2.3605947147741775,0.018245658453403955,39.972816295670896,431.08250603098793,2266,2266,0,20,pca,standard,original,expanded,fixed504,union,raw,21,f_cumret21,3020813
ld3_ridge_characteristics_textcore_pca_raw_standard_original_expanded_fixed504_union,ridge,characteristics_textcore,504,cap_spread_bp,157.40154308488692,96.85649415480582,1.6251005620058052,0.1041411331772643,-32.43369712734673,347.2367832971206,2266,2266,0,20,pca,standard,original,expanded,fixed504,union,raw,21,f_cumret21,3020813
ld3_ridge_characteristics_textcore_pca_raw_standard_expanded_original_fixed504_union,ridge,characteristics_textcore,504,rank_ic,0.13431261816059006,0.013885948725946036,9.672556107716686,3.94401933612041e-22,0.10709665876656599,0.16152857755461414,2266,2266,0,20,pca,standard,expanded,original,fixed504,union,raw,21,f_cumret21,3020813
ld3_ridge_characteristics_textcore_pca_raw_standard_expanded_original_fixed504_union,ridge,characteristics_textcore,504,ew_spread_bp,234.78923750460424,99.97975566439118,2.3483677865020716,0.01885589215626452,38.83251721928306,430.74595778992546,2266,2266,0,20,pca,standard,expanded,original,fixed504,union,raw,21,f_cumret21,3020813
ld3_ridge_characteristics_textcore_pca_raw_standard_expanded_original_fixed504_union,ridge,characteristics_textcore,504,cap_spread_bp,157.1823276003932,96.7071730720908,1.6253430082504936,0.10408949218708954,-32.36024866758649,346.72490386837285,2266,2266,0,20,pca,standard,expanded,original,fixed504,union,raw,21,f_cumret21,3020813
ld3_ridge_characteristics_textcore_pca_raw_standard_expanded_expanded_fixed504_union,ridge,characteristics_textcore,504,rank_ic,0.1336523869012379,0.013837652669775805,9.658602516679826,4.519874136275127e-22,0.1065310860379028,0.16077368776457301,2266,2266,0,20,pca,standard,expanded,expanded,fixed504,union,raw,21,f_cumret21,3020813
ld3_ridge_characteristics_textcore_pca_raw_standard_expanded_expanded_fixed504_union,ridge,characteristics_textcore,504,ew_spread_bp,234.12376960598593,99.73511250293224,2.347455813007707,0.018902115031960525,38.646541106188295,429.60099810578356,2266,2266,0,20,pca,standard,expanded,expanded,fixed504,union,raw,21,f_cumret21,3020813
ld3_ridge_characteristics_textcore_pca_raw_standard_expanded_expanded_fixed504_union,ridge,characteristics_textcore,504,cap_spread_bp,147.08723178098015,96.34639834014608,1.5266500285946978,0.12684805964157647,-41.74823900585582,335.92270256781615,2266,2266,0,20,pca,standard,expanded,expanded,fixed504,union,raw,21,f_cumret21,3020813
ld3_lasso_characteristics_textcore_pca_raw_standard_original_original_fixed504_union,lasso,characteristics_textcore,504,rank_ic,0.1335275741204151,0.013773200665899139,9.694738162859561,3.174508793871324e-22,0.1065325968634097,0.1605225513774205,2266,2266,0,20,pca,standard,original,original,fixed504,union,raw,21,f_cumret21,3020813
ld3_lasso_characteristics_textcore_pca_raw_standard_original_original_fixed504_union,lasso,characteristics_textcore,504,ew_spread_bp,237.80847469716417,96.34358099151571,2.468337508838355,0.013574226500595185,48.97852581217563,426.6384235821527,2266,2266,0,20,pca,standard,original,original,fixed504,union,raw,21,f_cumret21,3020813
ld3_lasso_characteristics_textcore_pca_raw_standard_original_original_fixed504_union,lasso,characteristics_textcore,504,cap_spread_bp,164.87640939719785,89.49963866601883,1.8422019558364768,0.06544561447099502,-10.539659017547507,340.2924778119432,2266,2266,0,20,pca,standard,original,original,fixed504,union,raw,21,f_cumret21,3020813
ld3_group_ridge_characteristics_textcore_full_raw_standard_expanded_none_fixed504_union,group_ridge,characteristics_textcore,504,rank_ic,0.16055902330453217,0.01933144603182922,8.305587851015998,9.93264489870528e-17,0.12267008531306717,0.19844796129599718,2266,2266,0,41,full,standard,expanded,none,fixed504,union,raw,42,f_cumret42,3007314
ld3_group_ridge_characteristics_textcore_full_raw_standard_expanded_none_fixed504_union,group_ridge,characteristics_textcore,504,ew_spread_bp,366.5002244651991,222.07587108883354,1.6503378897862961,0.09887384678265254,-68.76048470427446,801.7609336346727,2266,2266,0,41,full,standard,expanded,none,fixed504,union,raw,42,f_cumret42,3007314
ld3_group_ridge_characteristics_textcore_full_raw_standard_expanded_none_fixed504_union,group_ridge,characteristics_textcore,504,cap_spread_bp,300.4047336774139,202.78694648991558,1.4813810202144977,0.13850506946827484,-97.05037797767176,697.8598453324996,2266,2266,0,41,full,standard,expanded,none,fixed504,union,raw,42,f_cumret42,3007314
ld3_ols_characteristics_textcore_pca_raw_standard_original_original_fixed504_union,ols,characteristics_textcore,504,rank_ic,0.1560210825768498,0.01812916450392524,8.606082345552595,7.559996526750644e-18,0.12048857307935437,0.19155359207434522,2266,2266,0,41,pca,standard,original,original,fixed504,union,raw,42,f_cumret42,3007314
ld3_ols_characteristics_textcore_pca_raw_standard_original_original_fixed504_union,ols,characteristics_textcore,504,ew_spread_bp,408.60183524059545,202.11809250452657,2.021599502436649,0.04321774351302482,12.457653307788291,804.7460171734026,2266,2266,0,41,pca,standard,original,original,fixed504,union,raw,42,f_cumret42,3007314
ld3_ols_characteristics_textcore_pca_raw_standard_original_original_fixed504_union,ols,characteristics_textcore,504,cap_spread_bp,295.2012241258515,179.15506870845138,1.6477414022053054,0.09940574818252845,-55.93625819051198,646.338706442215,2266,2266,0,41,pca,standard,original,original,fixed504,union,raw,42,f_cumret42,3007314
ld3_ols_characteristics_textcore_pca_raw_standard_original_expanded_fixed504_union,ols,characteristics_textcore,504,rank_ic,0.15678792117900392,0.018172343576158826,8.627831656490446,6.2526017178746824e-18,0.12117078225504481,0.19240506010296304,2266,2266,0,41,pca,standard,original,expanded,fixed504,union,raw,42,f_cumret42,3007314
ld3_ols_characteristics_textcore_pca_raw_standard_original_expanded_fixed504_union,ols,characteristics_textcore,504,ew_spread_bp,408.0244115413649,201.68036125277317,2.0231241604628694,0.043060348181314025,12.738167096902089,803.3106559858277,2266,2266,0,41,pca,standard,original,expanded,fixed504,union,raw,42,f_cumret42,3007314
ld3_ols_characteristics_textcore_pca_raw_standard_original_expanded_fixed504_union,ols,characteristics_textcore,504,cap_spread_bp,296.969172373413,180.15651462377608,1.648395413252631,0.09927155664244781,-56.13110786945168,650.0694526162777,2266,2266,0,41,pca,standard,original,expanded,fixed504,union,raw,42,f_cumret42,3007314
ld3_ridge_characteristics_textcore_pca_raw_standard_original_original_fixed504_union,ridge,characteristics_textcore,504,rank_ic,0.16198159659402758,0.019283145989743,8.400164406792754,4.458539694628426e-17,0.12418732494550333,0.19977586824255184,2266,2266,0,41,pca,standard,original,original,fixed504,union,raw,42,f_cumret42,3007314
ld3_ridge_characteristics_textcore_pca_raw_standard_original_original_fixed504_union,ridge,characteristics_textcore,504,ew_spread_bp,380.7412101160274,225.8408070839023,1.685883145000354,0.09181830898452804,-61.89863800787941,823.3810582399342,2266,2266,0,41,pca,standard,original,original,fixed504,union,raw,42,f_cumret42,3007314
ld3_ridge_characteristics_textcore_pca_raw_standard_original_original_fixed504_union,ridge,characteristics_textcore,504,cap_spread_bp,320.2646826908971,203.28663406778875,1.5754340375575324,0.1151562929161228,-78.16979862034208,718.6991640021363,2266,2266,0,41,pca,standard,original,original,fixed504,union,raw,42,f_cumret42,3007314
ld3_ridge_characteristics_textcore_pca_raw_standard_original_expanded_fixed504_union,ridge,characteristics_textcore,504,rank_ic,0.16093989242354742,0.01928211234515994,8.346590329038582,7.026190851911949e-17,0.12314764668117878,0.19873213816591606,2266,2266,0,41,pca,standard,original,expanded,fixed504,union,raw,42,f_cumret42,3007314
ld3_ridge_characteristics_textcore_pca_raw_standard_original_expanded_fixed504_union,ridge,characteristics_textcore,504,ew_spread_bp,380.2065389025169,226.12277210729326,1.6814164064913917,0.09268206096686493,-62.985950512136185,823.39902831717,2266,2266,0,41,pca,standard,original,expanded,fixed504,union,raw,42,f_cumret42,3007314
ld3_ridge_characteristics_textcore_pca_raw_standard_original_expanded_fixed504_union,ridge,characteristics_textcore,504,cap_spread_bp,303.40212397543473,202.50243783562289,1.4982640565626921,0.13406465871217604,-93.49536096394729,700.2996089148168,2266,2266,0,41,pca,standard,original,expanded,fixed504,union,raw,42,f_cumret42,3007314
ld3_ridge_characteristics_textcore_pca_raw_standard_expanded_original_fixed504_union,ridge,characteristics_textcore,504,rank_ic,0.1619692943984493,0.01933101277858384,8.378727811813846,5.350284334161529e-17,0.12408120556774141,0.19985738322915717,2266,2266,0,41,pca,standard,expanded,original,fixed504,union,raw,42,f_cumret42,3007314
ld3_ridge_characteristics_textcore_pca_raw_standard_expanded_original_fixed504_union,ridge,characteristics_textcore,504,ew_spread_bp,375.8077976130767,226.6681849749087,1.6579644719645024,0.09732463760887342,-68.4536813788074,820.0692766049608,2266,2266,0,41,pca,standard,expanded,original,fixed504,union,raw,42,f_cumret42,3007314
ld3_ridge_characteristics_textcore_pca_raw_standard_expanded_original_fixed504_union,ridge,characteristics_textcore,504,cap_spread_bp,313.8876405076978,205.25523156004775,1.529255250265665,0.12620117858734567,-88.40522098842479,716.1805020038205,2266,2266,0,41,pca,standard,expanded,original,fixed504,union,raw,42,f_cumret42,3007314
ld3_ridge_characteristics_textcore_pca_raw_standard_expanded_expanded_fixed504_union,ridge,characteristics_textcore,504,rank_ic,0.16092129648728004,0.01931536924601491,8.331256546932483,7.998878399042882e-17,0.12306386841699823,0.19877872455756185,2266,2266,0,41,pca,standard,expanded,expanded,fixed504,union,raw,42,f_cumret42,3007314
ld3_ridge_characteristics_textcore_pca_raw_standard_expanded_expanded_fixed504_union,ridge,characteristics_textcore,504,ew_spread_bp,375.50541201961295,226.72712737572502,1.6561997515071818,0.09768137356416413,-68.87159195503341,819.8824159942593,2266,2266,0,41,pca,standard,expanded,expanded,fixed504,union,raw,42,f_cumret42,3007314
ld3_ridge_characteristics_textcore_pca_raw_standard_expanded_expanded_fixed504_union,ridge,characteristics_textcore,504,cap_spread_bp,295.81483580513685,204.2190854496433,1.4485170920916663,0.14747248935014692,-104.44721663187181,696.0768882421455,2266,2266,0,41,pca,standard,expanded,expanded,fixed504,union,raw,42,f_cumret42,3007314
ld3_lasso_characteristics_textcore_pca_raw_standard_original_original_fixed504_union,lasso,characteristics_textcore,504,rank_ic,0.16038976050852516,0.019137349875135278,8.38098072904629,5.2488494563193305e-17,0.12288124399371791,0.1978982770233324,2266,2266,0,41,pca,standard,original,original,fixed504,union,raw,42,f_cumret42,3007314
ld3_lasso_characteristics_textcore_pca_raw_standard_original_original_fixed504_union,lasso,characteristics_textcore,504,ew_spread_bp,380.17269967232346,217.32195202101113,1.749352498157055,0.08023010649152018,-45.77049933879994,806.1158986834469,2266,2266,0,41,pca,standard,original,original,fixed504,union,raw,42,f_cumret42,3007314
ld3_lasso_characteristics_textcore_pca_raw_standard_original_original_fixed504_union,lasso,characteristics_textcore,504,cap_spread_bp,293.2531877418306,188.0321840755394,1.559590392376765,0.11885670837687896,-75.28312098063253,661.7894964642937,2266,2266,0,41,pca,standard,original,original,fixed504,union,raw,42,f_cumret42,3007314
ld3_group_ridge_characteristics_textcore_full_raw_standard_expanded_none_fixed504_union,group_ridge,characteristics_textcore,504,rank_ic,0.18567919382694104,0.02300476969191513,8.071334610761033,6.95338652783942e-16,0.1405906737581488,0.23076771389573328,2266,2266,0,62,full,standard,expanded,none,fixed504,union,raw,63,f_cumret63,2993214
ld3_group_ridge_characteristics_textcore_full_raw_standard_expanded_none_fixed504_union,group_ridge,characteristics_textcore,504,ew_spread_bp,513.4332774625746,340.6515372216339,1.5072096302578135,0.1317569325760394,-154.23146677003353,1181.0980216951825,2266,2266,0,62,full,standard,expanded,none,fixed504,union,raw,63,f_cumret63,2993214
ld3_group_ridge_characteristics_textcore_full_raw_standard_expanded_none_fixed504_union,group_ridge,characteristics_textcore,504,cap_spread_bp,417.418977159509,303.30573044489694,1.376231753179301,0.1687498942972313,-177.04933081710277,1011.8872851361207,2266,2266,0,62,full,standard,expanded,none,fixed504,union,raw,63,f_cumret63,2993214
ld3_ols_characteristics_textcore_pca_raw_standard_original_original_fixed504_union,ols,characteristics_textcore,504,rank_ic,0.18019304393418029,0.02162364687899466,8.33314773139497,7.872083284317574e-17,0.1378114748369388,0.22257461303142176,2266,2266,0,62,pca,standard,original,original,fixed504,union,raw,63,f_cumret63,2993214
ld3_ols_characteristics_textcore_pca_raw_standard_original_original_fixed504_union,ols,characteristics_textcore,504,ew_spread_bp,565.2242991834744,316.51218176694715,1.7857900319288749,0.07413326130191543,-55.12817774793723,1185.576776114886,2266,2266,0,62,pca,standard,original,original,fixed504,union,raw,63,f_cumret63,2993214
ld3_ols_characteristics_textcore_pca_raw_standard_original_original_fixed504_union,ols,characteristics_textcore,504,cap_spread_bp,417.9322931589342,271.2221847635257,1.5409222277422574,0.12333571532058588,-113.65342078584439,949.5180071037128,2266,2266,0,62,pca,standard,original,original,fixed504,union,raw,63,f_cumret63,2993214
ld3_ols_characteristics_textcore_pca_raw_standard_original_expanded_fixed504_union,ols,characteristics_textcore,504,rank_ic,0.1809243003581804,0.02167991222802525,8.345250592126598,7.106303957488983e-17,0.1384324532032614,0.22341614751309943,2266,2266,0,62,pca,standard,original,expanded,fixed504,union,raw,63,f_cumret63,2993214
ld3_ols_characteristics_textcore_pca_raw_standard_original_expanded_fixed504_union,ols,characteristics_textcore,504,ew_spread_bp,565.632319965002,316.22562863177393,1.7886985391169778,0.07366337836773645,-54.15852314181302,1185.423163071817,2266,2266,0,62,pca,standard,original,expanded,fixed504,union,raw,63,f_cumret63,2993214
ld3_ols_characteristics_textcore_pca_raw_standard_original_expanded_fixed504_union,ols,characteristics_textcore,504,cap_spread_bp,421.7330651210771,271.39987845629753,1.5539176639277203,0.12020405772139449,-110.2009220618142,953.6670523039684,2266,2266,0,62,pca,standard,original,expanded,fixed504,union,raw,63,f_cumret63,2993214
ld3_ridge_characteristics_textcore_pca_raw_standard_original_original_fixed504_union,ridge,characteristics_textcore,504,rank_ic,0.18734541297603075,0.022954984115526624,8.161426382748457,3.3109115955009365e-16,0.14235447084390954,0.23233635510815195,2266,2266,0,62,pca,standard,original,original,fixed504,union,raw,63,f_cumret63,2993214
ld3_ridge_characteristics_textcore_pca_raw_standard_original_original_fixed504_union,ridge,characteristics_textcore,504,ew_spread_bp,540.1252459938237,343.42685647656623,1.5727519144405622,0.11577627383989518,-132.97902402405236,1213.2295160116996,2266,2266,0,62,pca,standard,original,original,fixed504,union,raw,63,f_cumret63,2993214
ld3_ridge_characteristics_textcore_pca_raw_standard_original_original_fixed504_union,ridge,characteristics_textcore,504,cap_spread_bp,460.3531704809853,300.1976912838365,1.5335000363001527,0.1251526977149075,-128.0234926774079,1048.7298336393785,2266,2266,0,62,pca,standard,original,original,fixed504,union,raw,63,f_cumret63,2993214
ld3_ridge_characteristics_textcore_pca_raw_standard_original_expanded_fixed504_union,ridge,characteristics_textcore,504,rank_ic,0.18566346228864153,0.022909465604920163,8.104224930011785,5.308282072569399e-16,0.14076173479793888,0.23056518977934418,2266,2266,0,62,pca,standard,original,expanded,fixed504,union,raw,63,f_cumret63,2993214
ld3_ridge_characteristics_textcore_pca_raw_standard_original_expanded_fixed504_union,ridge,characteristics_textcore,504,ew_spread_bp,532.8852846101394,343.92673721945386,1.5494151135743606,0.12128196292017589,-141.19873366036154,1206.9693028806403,2266,2266,0,62,pca,standard,original,expanded,fixed504,union,raw,63,f_cumret63,2993214
ld3_ridge_characteristics_textcore_pca_raw_standard_original_expanded_fixed504_union,ridge,characteristics_textcore,504,cap_spread_bp,427.6051078416636,297.68100735717076,1.4364541145502245,0.15087316419947472,-155.8389454599939,1011.049161143321,2266,2266,0,62,pca,standard,original,expanded,fixed504,union,raw,63,f_cumret63,2993214
ld3_ridge_characteristics_textcore_pca_raw_standard_expanded_original_fixed504_union,ridge,characteristics_textcore,504,rank_ic,0.1875247788527845,0.0230107412563575,8.149445372646326,3.655971366979242e-16,0.14242455473275387,0.23262500297281516,2266,2266,0,62,pca,standard,expanded,original,fixed504,union,raw,63,f_cumret63,2993214
ld3_ridge_characteristics_textcore_pca_raw_standard_expanded_original_fixed504_union,ridge,characteristics_textcore,504,ew_spread_bp,534.6672478105738,345.1206938727196,1.5492181642627287,0.12132928438621776,-141.75688249942982,1211.0913781205775,2266,2266,0,62,pca,standard,expanded,original,fixed504,union,raw,63,f_cumret63,2993214
ld3_ridge_characteristics_textcore_pca_raw_standard_expanded_original_fixed504_union,ridge,characteristics_textcore,504,cap_spread_bp,452.0012010932788,301.5034030019818,1.4991578754761443,0.13383268023281256,-138.93461000687108,1042.9370121934287,2266,2266,0,62,pca,standard,expanded,original,fixed504,union,raw,63,f_cumret63,2993214
ld3_ridge_characteristics_textcore_pca_raw_standard_expanded_expanded_fixed504_union,ridge,characteristics_textcore,504,rank_ic,0.18581817977926068,0.022947203944373686,8.0976392692418,5.603593696534978e-16,0.14084248650239278,0.23079387305612858,2266,2266,0,62,pca,standard,expanded,expanded,fixed504,union,raw,63,f_cumret63,2993214
ld3_ridge_characteristics_textcore_pca_raw_standard_expanded_expanded_fixed504_union,ridge,characteristics_textcore,504,ew_spread_bp,527.2507246484658,345.2781676158773,1.5270317503394348,0.12675311642137516,-149.48204852663764,1203.9834978235695,2266,2266,0,62,pca,standard,expanded,expanded,fixed504,union,raw,63,f_cumret63,2993214
ld3_ridge_characteristics_textcore_pca_raw_standard_expanded_expanded_fixed504_union,ridge,characteristics_textcore,504,cap_spread_bp,414.80553085445973,298.2356387916256,1.3908650640652656,0.1642663485182767,-169.72558008342304,999.3366417923426,2266,2266,0,62,pca,standard,expanded,expanded,fixed504,union,raw,63,f_cumret63,2993214
ld3_lasso_characteristics_textcore_pca_raw_standard_original_original_fixed504_union,lasso,characteristics_textcore,504,rank_ic,0.1853457795509244,0.022754690048083986,8.145388012724483,3.7806760112080133e-16,0.1407474065773078,0.229944152524541,2266,2266,0,62,pca,standard,original,original,fixed504,union,raw,63,f_cumret63,2993214
ld3_lasso_characteristics_textcore_pca_raw_standard_original_original_fixed504_union,lasso,characteristics_textcore,504,ew_spread_bp,529.1748956856483,337.57859372534824,1.5675605785483588,0.11698371820985551,-132.4669899677134,1190.81678133901,2266,2266,0,62,pca,standard,original,original,fixed504,union,raw,63,f_cumret63,2993214
ld3_lasso_characteristics_textcore_pca_raw_standard_original_original_fixed504_union,lasso,characteristics_textcore,504,cap_spread_bp,412.2190570420256,287.8071780820285,1.4322751079006732,0.1520651040095601,-151.8726464908558,976.310760574907,2266,2266,0,62,pca,standard,original,original,fixed504,union,raw,63,f_cumret63,2993214
ld3_lasso_characteristics_textcore_pca_raw_standard_original_expanded_fixed504_union,lasso,characteristics_textcore,504,rank_ic,0.0861386297560912,0.005662238215543879,15.21282335307351,2.907292784505654e-52,0.07504084678173885,0.09723641273044355,2266,2266,0,5,pca,standard,original,expanded,fixed504,union,raw,3,f_cumret3,3031789
ld3_lasso_characteristics_textcore_pca_raw_standard_original_expanded_fixed504_union,lasso,characteristics_textcore,504,ew_spread_bp,59.11814813131014,15.37909460757418,3.8440590710843634,0.00012101585601117615,28.975676585630595,89.26061967698969,2266,2266,0,5,pca,standard,original,expanded,fixed504,union,raw,3,f_cumret3,3031789
ld3_lasso_characteristics_textcore_pca_raw_standard_original_expanded_fixed504_union,lasso,characteristics_textcore,504,cap_spread_bp,33.36178496519119,15.907235253492848,2.0972711117644245,0.03596958260811649,2.1841767747393313,64.53939315564305,2266,2266,0,5,pca,standard,original,expanded,fixed504,union,raw,3,f_cumret3,3031789
ld3_lasso_characteristics_textcore_pca_raw_standard_expanded_original_fixed504_union,lasso,characteristics_textcore,504,rank_ic,0.08513379215153737,0.005685174254969015,14.974702328099767,1.0744783703413186e-50,0.07399105536596376,0.09627652893711097,2266,2266,0,5,pca,standard,expanded,original,fixed504,union,raw,3,f_cumret3,3031789
ld3_lasso_characteristics_textcore_pca_raw_standard_expanded_original_fixed504_union,lasso,characteristics_textcore,504,ew_spread_bp,51.761824609822476,15.583795212136986,3.3215159661177585,0.0008952985990791689,21.218147251586252,82.3055019680587,2266,2266,0,5,pca,standard,expanded,original,fixed504,union,raw,3,f_cumret3,3031789
ld3_lasso_characteristics_textcore_pca_raw_standard_expanded_original_fixed504_union,lasso,characteristics_textcore,504,cap_spread_bp,23.933670035934803,16.15710029635621,1.481309739801045,0.13852405425887218,-7.7336646395248,55.60100471139441,2266,2266,0,5,pca,standard,expanded,original,fixed504,union,raw,3,f_cumret3,3031789
ld3_lasso_characteristics_textcore_pca_raw_standard_expanded_expanded_fixed504_union,lasso,characteristics_textcore,504,rank_ic,0.08543274854571954,0.005684543346382659,15.028955421737509,4.744280485719562e-51,0.07429124831825273,0.09657424877318635,2266,2266,0,5,pca,standard,expanded,expanded,fixed504,union,raw,3,f_cumret3,3031789
ld3_lasso_characteristics_textcore_pca_raw_standard_expanded_expanded_fixed504_union,lasso,characteristics_textcore,504,ew_spread_bp,53.95293534061901,15.569258713203418,3.4653502992319436,0.0005295412442160416,23.437748996753882,84.46812168448413,2266,2266,0,5,pca,standard,expanded,expanded,fixed504,union,raw,3,f_cumret3,3031789
ld3_lasso_characteristics_textcore_pca_raw_standard_expanded_expanded_fixed504_union,lasso,characteristics_textcore,504,cap_spread_bp,28.42632827743614,16.10459119016887,1.7651071015567996,0.07754576738010265,-3.138090441035885,59.99074699590817,2266,2266,0,5,pca,standard,expanded,expanded,fixed504,union,raw,3,f_cumret3,3031789
ld3_enet_characteristics_textcore_pca_raw_standard_original_original_fixed504_union,enet,characteristics_textcore,504,rank_ic,0.08600581735681606,0.0056685150054478235,15.172548237793972,5.3748892721785275e-52,0.07489573210031346,0.09711590261331866,2266,2266,0,5,pca,standard,original,original,fixed504,union,raw,3,f_cumret3,3031789
ld3_enet_characteristics_textcore_pca_raw_standard_original_original_fixed504_union,enet,characteristics_textcore,504,ew_spread_bp,58.79513007471947,15.339248077739853,3.832986452578618,0.00012659692787722645,28.7307562924241,88.85950385701483,2266,2266,0,5,pca,standard,original,original,fixed504,union,raw,3,f_cumret3,3031789
ld3_enet_characteristics_textcore_pca_raw_standard_original_original_fixed504_union,enet,characteristics_textcore,504,cap_spread_bp,30.850840908231024,16.03498403718522,1.9239707901602985,0.05435824490022283,-0.5771502973266855,62.27883211378874,2266,2266,0,5,pca,standard,original,original,fixed504,union,raw,3,f_cumret3,3031789
ld3_enet_characteristics_textcore_pca_raw_standard_original_expanded_fixed504_union,enet,characteristics_textcore,504,rank_ic,0.08610558638456041,0.00567739974295925,15.166377264758058,5.904717808903451e-52,0.07497808736252332,0.0972330854065975,2266,2266,0,5,pca,standard,original,expanded,fixed504,union,raw,3,f_cumret3,3031789
ld3_enet_characteristics_textcore_pca_raw_standard_original_expanded_fixed504_union,enet,characteristics_textcore,504,ew_spread_bp,59.747683216328554,15.350358462758612,3.8922663181633155,9.931214058210103e-05,29.661533479542047,89.83383295311506,2266,2266,0,5,pca,standard,original,expanded,fixed504,union,raw,3,f_cumret3,3031789
ld3_enet_characteristics_textcore_pca_raw_standard_original_expanded_fixed504_union,enet,characteristics_textcore,504,cap_spread_bp,32.55366538572696,15.948655555877982,2.041154207116166,0.041235501760657836,1.2948748943714783,63.81245587708244,2266,2266,0,5,pca,standard,original,expanded,fixed504,union,raw,3,f_cumret3,3031789
ld3_enet_characteristics_textcore_pca_raw_standard_expanded_original_fixed504_union,enet,characteristics_textcore,504,rank_ic,0.08560344380836844,0.005706661483449178,15.000617095764483,7.273987801746691e-51,0.07441859282884614,0.09678829478789075,2266,2266,0,5,pca,standard,expanded,original,fixed504,union,raw,3,f_cumret3,3031789
ld3_enet_characteristics_textcore_pca_raw_standard_expanded_original_fixed504_union,enet,characteristics_textcore,504,ew_spread_bp,54.98252510199196,15.598529192376196,3.524853171981417,0.00042371757691095477,24.40996967313796,85.55508053084596,2266,2266,0,5,pca,standard,expanded,original,fixed504,union,raw,3,f_cumret3,3031789
ld3_enet_characteristics_textcore_pca_raw_standard_expanded_original_fixed504_union,enet,characteristics_textcore,504,cap_spread_bp,27.007443356683712,16.334750224053153,1.6533735126794205,0.09825487010081393,-5.008078778918044,59.022965492285465,2266,2266,0,5,pca,standard,expanded,original,fixed504,union,raw,3,f_cumret3,3031789
ld3_enet_characteristics_textcore_pca_raw_standard_expanded_expanded_fixed504_union,enet,characteristics_textcore,504,rank_ic,0.08572064762697337,0.005703013106386353,15.030764620018427,4.61646128809149e-51,0.07454294733509623,0.09689834791885052,2266,2266,0,5,pca,standard,expanded,expanded,fixed504,union,raw,3,f_cumret3,3031789
ld3_enet_characteristics_textcore_pca_raw_standard_expanded_expanded_fixed504_union,enet,characteristics_textcore,504,ew_spread_bp,55.36851318214506,15.606547844579072,3.547774545244949,0.00038850061888087836,24.78024148376887,85.95678488052124,2266,2266,0,5,pca,standard,expanded,expanded,fixed504,union,raw,3,f_cumret3,3031789
ld3_enet_characteristics_textcore_pca_raw_standard_expanded_expanded_fixed504_union,enet,characteristics_textcore,504,cap_spread_bp,29.70241503401887,16.18355112520418,1.8353459512208345,0.0664544465851881,-2.016762313343989,61.42159238138173,2266,2266,0,5,pca,standard,expanded,expanded,fixed504,union,raw,3,f_cumret3,3031789
ld3_group_ridge_characteristics_textcore_pca_raw_standard_original_original_fixed504_union,group_ridge,characteristics_textcore,504,rank_ic,0.08632367693133328,0.005739479433954628,15.040332128493116,3.9954048097043733e-51,0.07507450395077386,0.09757284991189269,2266,2266,0,5,pca,standard,original,original,fixed504,union,raw,3,f_cumret3,3031789
ld3_group_ridge_characteristics_textcore_pca_raw_standard_original_original_fixed504_union,group_ridge,characteristics_textcore,504,ew_spread_bp,54.46892281170354,15.67998256627835,3.473787204894308,0.0005131678352522667,23.736721703582045,85.20112391982504,2266,2266,0,5,pca,standard,original,original,fixed504,union,raw,3,f_cumret3,3031789
ld3_group_ridge_characteristics_textcore_pca_raw_standard_original_original_fixed504_union,group_ridge,characteristics_textcore,504,cap_spread_bp,38.39340623454754,16.812082933914358,2.2836793266762934,0.02239038390193495,5.442329178974916,71.34448329012017,2266,2266,0,5,pca,standard,original,original,fixed504,union,raw,3,f_cumret3,3031789
ld3_lasso_characteristics_textcore_pca_raw_standard_original_expanded_fixed504_union,lasso,characteristics_textcore,504,rank_ic,0.09512638810751917,0.006834424083062323,13.918713113409195,4.87604449512562e-44,0.08173116304964383,0.1085216131653945,2266,2266,0,5,pca,standard,original,expanded,fixed504,union,raw,5,f_cumret5,3030544
ld3_lasso_characteristics_textcore_pca_raw_standard_original_expanded_fixed504_union,lasso,characteristics_textcore,504,ew_spread_bp,83.21873669173198,23.41137830397523,3.5546278228993256,0.0003785144726922677,37.33327838749811,129.10419499596583,2266,2266,0,5,pca,standard,original,expanded,fixed504,union,raw,5,f_cumret5,3030544
ld3_lasso_characteristics_textcore_pca_raw_standard_original_expanded_fixed504_union,lasso,characteristics_textcore,504,cap_spread_bp,51.548757086708534,23.997727217502813,2.14806829911423,0.03170833012372874,4.514076029586413,98.58343814383065,2266,2266,0,5,pca,standard,original,expanded,fixed504,union,raw,5,f_cumret5,3030544
ld3_lasso_characteristics_textcore_pca_raw_standard_expanded_original_fixed504_union,lasso,characteristics_textcore,504,rank_ic,0.09392398015658421,0.006869946841358396,13.671718621044322,1.4981453328267744e-42,0.08045913177181704,0.10738882854135137,2266,2266,0,5,pca,standard,expanded,original,fixed504,union,raw,5,f_cumret5,3030544
ld3_lasso_characteristics_textcore_pca_raw_standard_expanded_original_fixed504_union,lasso,characteristics_textcore,504,ew_spread_bp,73.4803615843995,23.811812191518044,3.085878596446086,0.0020295166858082265,26.81006728239236,120.15065588640664,2266,2266,0,5,pca,standard,expanded,original,fixed504,union,raw,5,f_cumret5,3030544
ld3_lasso_characteristics_textcore_pca_raw_standard_expanded_original_fixed504_union,lasso,characteristics_textcore,504,cap_spread_bp,34.8397846592542,24.977968678716156,1.394820575979877,0.16306995249105238,-14.116134357998988,83.79570367650739,2266,2266,0,5,pca,standard,expanded,original,fixed504,union,raw,5,f_cumret5,3030544
ld3_lasso_characteristics_textcore_pca_raw_standard_expanded_expanded_fixed504_union,lasso,characteristics_textcore,504,rank_ic,0.09421988573377436,0.006863762799990643,13.727147700078273,6.982883564883233e-43,0.0807671578473669,0.10767261362018182,2266,2266,0,5,pca,standard,expanded,expanded,fixed504,union,raw,5,f_cumret5,3030544
ld3_lasso_characteristics_textcore_pca_raw_standard_expanded_expanded_fixed504_union,lasso,characteristics_textcore,504,ew_spread_bp,75.30451539811507,23.800738825087976,3.1639570498852665,0.0015563976202773082,28.655924495498482,121.95310630073166,2266,2266,0,5,pca,standard,expanded,expanded,fixed504,union,raw,5,f_cumret5,3030544
ld3_lasso_characteristics_textcore_pca_raw_standard_expanded_expanded_fixed504_union,lasso,characteristics_textcore,504,cap_spread_bp,39.66767312034171,24.471394040719698,1.6209813406762132,0.10502164051783328,-8.295377850957003,87.63072409164042,2266,2266,0,5,pca,standard,expanded,expanded,fixed504,union,raw,5,f_cumret5,3030544
ld3_enet_characteristics_textcore_pca_raw_standard_original_original_fixed504_union,enet,characteristics_textcore,504,rank_ic,0.09503664321777798,0.006848848477900484,13.876295193920173,8.818562992525968e-44,0.08161314686552107,0.10846013957003489,2266,2266,0,5,pca,standard,original,original,fixed504,union,raw,5,f_cumret5,3030544
ld3_enet_characteristics_textcore_pca_raw_standard_original_original_fixed504_union,enet,characteristics_textcore,504,ew_spread_bp,82.70198995649348,23.393524301219635,3.535251417939697,0.00040738734527290027,36.85152485464046,128.55245505834648,2266,2266,0,5,pca,standard,original,original,fixed504,union,raw,5,f_cumret5,3030544
ld3_enet_characteristics_textcore_pca_raw_standard_original_original_fixed504_union,enet,characteristics_textcore,504,cap_spread_bp,49.51801091010318,24.527438228242737,2.0188823002756324,0.04349945429762973,1.4451153497165024,97.59090647048986,2266,2266,0,5,pca,standard,original,original,fixed504,union,raw,5,f_cumret5,3030544
ld3_enet_characteristics_textcore_pca_raw_standard_original_expanded_fixed504_union,enet,characteristics_textcore,504,rank_ic,0.09514826460401077,0.006858111368648096,13.873829030975164,9.127145865426444e-44,0.0817066133194958,0.10858991588852573,2266,2266,0,5,pca,standard,original,expanded,fixed504,union,raw,5,f_cumret5,3030544
ld3_enet_characteristics_textcore_pca_raw_standard_original_expanded_fixed504_union,enet,characteristics_textcore,504,ew_spread_bp,83.2996003292956,23.373894146371352,3.5637878655417516,0.00036554140732937866,37.48760962395616,129.11159103463504,2266,2266,0,5,pca,standard,original,expanded,fixed504,union,raw,5,f_cumret5,3030544
ld3_enet_characteristics_textcore_pca_raw_standard_original_expanded_fixed504_union,enet,characteristics_textcore,504,cap_spread_bp,51.15479726092382,23.986272584284283,2.1326697210320313,0.03295182946099844,4.142566872366139,98.1670276494815,2266,2266,0,5,pca,standard,original,expanded,fixed504,union,raw,5,f_cumret5,3030544
ld3_enet_characteristics_textcore_pca_raw_standard_expanded_original_fixed504_union,enet,characteristics_textcore,504,rank_ic,0.09450378415289704,0.006902994632024714,13.690258965937828,1.1609475969732915e-42,0.08097416328865527,0.1080334050171388,2266,2266,0,5,pca,standard,expanded,original,fixed504,union,raw,5,f_cumret5,3030544
ld3_enet_characteristics_textcore_pca_raw_standard_expanded_original_fixed504_union,enet,characteristics_textcore,504,ew_spread_bp,76.64940204234794,23.800460727212467,3.2205007676473327,0.0012796684997131446,30.001356201551523,123.29744788314437,2266,2266,0,5,pca,standard,expanded,original,fixed504,union,raw,5,f_cumret5,3030544
ld3_enet_characteristics_textcore_pca_raw_standard_expanded_original_fixed504_union,enet,characteristics_textcore,504,cap_spread_bp,43.023773985157284,25.031923597055414,1.7187562041863338,0.0856587732249454,-6.037894728829649,92.08544269914421,2266,2266,0,5,pca,standard,expanded,original,fixed504,union,raw,5,f_cumret5,3030544
ld3_enet_characteristics_textcore_pca_raw_standard_expanded_expanded_fixed504_union,enet,characteristics_textcore,504,rank_ic,0.09457146388305712,0.006889156274284078,13.72758290243387,6.941073132059098e-43,0.0810689657015922,0.10807396206452205,2266,2266,0,5,pca,standard,expanded,expanded,fixed504,union,raw,5,f_cumret5,3030544
ld3_enet_characteristics_textcore_pca_raw_standard_expanded_expanded_fixed504_union,enet,characteristics_textcore,504,ew_spread_bp,76.73042652245427,23.793325806468133,3.2248718462719226,0.0012602907073810774,30.096364869349287,123.36448817555925,2266,2266,0,5,pca,standard,expanded,expanded,fixed504,union,raw,5,f_cumret5,3030544
ld3_enet_characteristics_textcore_pca_raw_standard_expanded_expanded_fixed504_union,enet,characteristics_textcore,504,cap_spread_bp,45.86803526269354,24.416118803240565,1.878596497351816,0.060299609785946076,-1.9866782339091742,93.72274875929625,2266,2266,0,5,pca,standard,expanded,expanded,fixed504,union,raw,5,f_cumret5,3030544
ld3_group_ridge_characteristics_textcore_pca_raw_standard_original_original_fixed504_union,group_ridge,characteristics_textcore,504,rank_ic,0.09516031469846584,0.0069288882100023525,13.73385048428044,6.36584038960389e-43,0.08157994335395702,0.10874068604297465,2266,2266,0,5,pca,standard,original,original,fixed504,union,raw,5,f_cumret5,3030544
ld3_group_ridge_characteristics_textcore_pca_raw_standard_original_original_fixed504_union,group_ridge,characteristics_textcore,504,ew_spread_bp,78.44869519221506,23.89719129146176,3.282757970818271,0.0010279688181915817,31.611060929285784,125.28632945514433,2266,2266,0,5,pca,standard,original,original,fixed504,union,raw,5,f_cumret5,3030544
ld3_group_ridge_characteristics_textcore_pca_raw_standard_original_original_fixed504_union,group_ridge,characteristics_textcore,504,cap_spread_bp,58.3918264456033,25.312073796458563,2.3068764304003,0.021061709833348364,8.78107343052448,108.00257946068211,2266,2266,0,5,pca,standard,original,original,fixed504,union,raw,5,f_cumret5,3030544
ld3_lasso_characteristics_textcore_pca_raw_standard_original_expanded_fixed504_union,lasso,characteristics_textcore,504,rank_ic,0.11043098487070303,0.009449710305289365,11.686176750719076,1.4998773667737992e-31,0.09190989300799887,0.1289520767334072,2266,2266,0,9,pca,standard,original,expanded,fixed504,union,raw,10,f_cumret10,3027488
ld3_lasso_characteristics_textcore_pca_raw_standard_original_expanded_fixed504_union,lasso,characteristics_textcore,504,ew_spread_bp,134.48655143589295,44.16354905732319,3.0451934753099836,0.0023253067151995143,47.92758585407165,221.04551701771425,2266,2266,0,9,pca,standard,original,expanded,fixed504,union,raw,10,f_cumret10,3027488
ld3_lasso_characteristics_textcore_pca_raw_standard_original_expanded_fixed504_union,lasso,characteristics_textcore,504,cap_spread_bp,92.79919253330559,43.23577565348431,2.146351976591104,0.03184490767785625,8.058629408822611,177.53975565778856,2266,2266,0,9,pca,standard,original,expanded,fixed504,union,raw,10,f_cumret10,3027488
ld3_lasso_characteristics_textcore_pca_raw_standard_expanded_original_fixed504_union,lasso,characteristics_textcore,504,rank_ic,0.10931734223230385,0.009494041635676987,11.514310388265832,1.1174993724388876e-30,0.09070936255865322,0.1279253219059545,2266,2266,0,9,pca,standard,expanded,original,fixed504,union,raw,10,f_cumret10,3027488
ld3_lasso_characteristics_textcore_pca_raw_standard_expanded_original_fixed504_union,lasso,characteristics_textcore,504,ew_spread_bp,116.88755472561563,45.623175849446184,2.5620214408426483,0.010406489384584359,27.467773200363524,206.30733625086773,2266,2266,0,9,pca,standard,expanded,original,fixed504,union,raw,10,f_cumret10,3027488
ld3_lasso_characteristics_textcore_pca_raw_standard_expanded_original_fixed504_union,lasso,characteristics_textcore,504,cap_spread_bp,61.148034457179186,46.05577998899563,1.3276951225620244,0.18427884550341833,-29.119635601152773,151.41570451551115,2266,2266,0,9,pca,standard,expanded,original,fixed504,union,raw,10,f_cumret10,3027488
ld3_lasso_characteristics_textcore_pca_raw_standard_expanded_expanded_fixed504_union,lasso,characteristics_textcore,504,rank_ic,0.10961840918332828,0.00946411595306164,11.582530235998085,5.053217849010016e-31,0.0910690827698165,0.12816773559684008,2266,2266,0,9,pca,standard,expanded,expanded,fixed504,union,raw,10,f_cumret10,3027488
ld3_lasso_characteristics_textcore_pca_raw_standard_expanded_expanded_fixed504_union,lasso,characteristics_textcore,504,ew_spread_bp,121.30925274336404,45.58638099718856,2.6610853963346095,0.0077889199828340295,31.96158780335334,210.65691768337473,2266,2266,0,9,pca,standard,expanded,expanded,fixed504,union,raw,10,f_cumret10,3027488
ld3_lasso_characteristics_textcore_pca_raw_standard_expanded_expanded_fixed504_union,lasso,characteristics_textcore,504,cap_spread_bp,69.20523583801338,45.704064963181864,1.5142030778610942,0.12997434131515334,-20.37308543690203,158.7835571129288,2266,2266,0,9,pca,standard,expanded,expanded,fixed504,union,raw,10,f_cumret10,3027488
ld3_enet_characteristics_textcore_pca_raw_standard_original_original_fixed504_union,enet,characteristics_textcore,504,rank_ic,0.11014170165165771,0.009470469631014217,11.630014766212005,2.9004739629635607e-31,0.0915799222581895,0.1287034810451259,2266,2266,0,9,pca,standard,original,original,fixed504,union,raw,10,f_cumret10,3027488
ld3_enet_characteristics_textcore_pca_raw_standard_original_original_fixed504_union,enet,characteristics_textcore,504,ew_spread_bp,132.19653750151187,44.309326227575475,2.983492387641874,0.0028497912463832796,45.351853916227924,219.04122108679582,2266,2266,0,9,pca,standard,original,original,fixed504,union,raw,10,f_cumret10,3027488
ld3_enet_characteristics_textcore_pca_raw_standard_original_original_fixed504_union,enet,characteristics_textcore,504,cap_spread_bp,88.91010724412689,43.510295259066176,2.043426888159322,0.04101019801350676,3.6314955796533326,174.18871890860044,2266,2266,0,9,pca,standard,original,original,fixed504,union,raw,10,f_cumret10,3027488
ld3_enet_characteristics_textcore_pca_raw_standard_original_expanded_fixed504_union,enet,characteristics_textcore,504,rank_ic,0.11047016957704259,0.009475522054708196,11.658478439417719,2.077211734223221e-31,0.09189848761509956,0.12904185153898562,2266,2266,0,9,pca,standard,original,expanded,fixed504,union,raw,10,f_cumret10,3027488
ld3_enet_characteristics_textcore_pca_raw_standard_original_expanded_fixed504_union,enet,characteristics_textcore,504,ew_spread_bp,134.53384540853432,44.28336730555075,3.0380220293606945,0.0023813654540707795,47.74004037549632,221.3276504415723,2266,2266,0,9,pca,standard,original,expanded,fixed504,union,raw,10,f_cumret10,3027488
ld3_enet_characteristics_textcore_pca_raw_standard_original_expanded_fixed504_union,enet,characteristics_textcore,504,cap_spread_bp,92.87543202588598,43.46906335486505,2.136586916255498,0.032631604720166706,7.67763340866064,178.07323064311134,2266,2266,0,9,pca,standard,original,expanded,fixed504,union,raw,10,f_cumret10,3027488
ld3_enet_characteristics_textcore_pca_raw_standard_expanded_original_fixed504_union,enet,characteristics_textcore,504,rank_ic,0.10985777430972311,0.00954802145189434,11.505815614598058,1.2331799435581812e-30,0.09114399614039437,0.12857155247905186,2266,2266,0,9,pca,standard,expanded,original,fixed504,union,raw,10,f_cumret10,3027488
ld3_enet_characteristics_textcore_pca_raw_standard_expanded_original_fixed504_union,enet,characteristics_textcore,504,ew_spread_bp,123.19520027756253,45.117778589243805,2.730524510063813,0.006323363092045738,34.7659791801923,211.62442137493275,2266,2266,0,9,pca,standard,expanded,original,fixed504,union,raw,10,f_cumret10,3027488
ld3_enet_characteristics_textcore_pca_raw_standard_expanded_original_fixed504_union,enet,characteristics_textcore,504,cap_spread_bp,79.9180780059978,44.65077176537403,1.78984762964328,0.07347840982987333,-7.595826536053238,167.43198254804884,2266,2266,0,9,pca,standard,expanded,original,fixed504,union,raw,10,f_cumret10,3027488
ld3_enet_characteristics_textcore_pca_raw_standard_expanded_expanded_fixed504_union,enet,characteristics_textcore,504,rank_ic,0.11011038463363555,0.009504578077931475,11.58498396570586,4.910584855524506e-31,0.09148175391264093,0.12873901535463017,2266,2266,0,9,pca,standard,expanded,expanded,fixed504,union,raw,10,f_cumret10,3027488
ld3_enet_characteristics_textcore_pca_raw_standard_expanded_expanded_fixed504_union,enet,characteristics_textcore,504,ew_spread_bp,124.64209230231577,45.057468224994416,2.766291520862105,0.0056697824753160625,36.331077346768836,212.9531072578627,2266,2266,0,9,pca,standard,expanded,expanded,fixed504,union,raw,10,f_cumret10,3027488
ld3_enet_characteristics_textcore_pca_raw_standard_expanded_expanded_fixed504_union,enet,characteristics_textcore,504,cap_spread_bp,82.73816761640299,44.46614489815114,1.8607002654696778,0.06278651635359758,-4.413874915312718,169.89021014811868,2266,2266,0,9,pca,standard,expanded,expanded,fixed504,union,raw,10,f_cumret10,3027488
ld3_group_ridge_characteristics_textcore_pca_raw_standard_original_original_fixed504_union,group_ridge,characteristics_textcore,504,rank_ic,0.11011599495542267,0.009587574162390235,11.485282209068217,1.564238402815223e-30,0.09132469489803102,0.1289072950128143,2266,2266,0,9,pca,standard,original,original,fixed504,union,raw,10,f_cumret10,3027488
ld3_group_ridge_characteristics_textcore_pca_raw_standard_original_original_fixed504_union,group_ridge,characteristics_textcore,504,ew_spread_bp,127.75834690632541,45.69348615911496,2.7959859849923077,0.005174164414809247,38.20075970638065,217.31593410627016,2266,2266,0,9,pca,standard,original,original,fixed504,union,raw,10,f_cumret10,3027488
ld3_group_ridge_characteristics_textcore_pca_raw_standard_original_original_fixed504_union,group_ridge,characteristics_textcore,504,cap_spread_bp,94.9040950159151,46.53503188055458,2.0394118405143358,0.04140894167473917,3.697108510604906,186.1110815212253,2266,2266,0,9,pca,standard,original,original,fixed504,union,raw,10,f_cumret10,3027488
ld3_lasso_characteristics_textcore_pca_raw_standard_original_expanded_fixed504_union,lasso,characteristics_textcore,504,rank_ic,0.13398979900984267,0.013752367938684966,9.74303477097451,1.9756438407546232e-22,0.1070356531478768,0.16094394487180855,2266,2266,0,20,pca,standard,original,expanded,fixed504,union,raw,21,f_cumret21,3020813
ld3_lasso_characteristics_textcore_pca_raw_standard_original_expanded_fixed504_union,lasso,characteristics_textcore,504,ew_spread_bp,239.46937016721083,96.07686598144518,2.4924769112832874,0.012685557786722408,51.16217309609675,427.7765672383249,2266,2266,0,20,pca,standard,original,expanded,fixed504,union,raw,21,f_cumret21,3020813
ld3_lasso_characteristics_textcore_pca_raw_standard_original_expanded_fixed504_union,lasso,characteristics_textcore,504,cap_spread_bp,156.30566261516626,89.62240093207674,1.744046811841468,0.08115092745591145,-19.35101541971312,331.96234065004563,2266,2266,0,20,pca,standard,original,expanded,fixed504,union,raw,21,f_cumret21,3020813
ld3_lasso_characteristics_textcore_pca_raw_standard_expanded_original_fixed504_union,lasso,characteristics_textcore,504,rank_ic,0.13313660858724857,0.01383238668435253,9.624991812718433,6.271191854855026e-22,0.1060256288656862,0.16024758830881095,2266,2266,0,20,pca,standard,expanded,original,fixed504,union,raw,21,f_cumret21,3020813
ld3_lasso_characteristics_textcore_pca_raw_standard_expanded_original_fixed504_union,lasso,characteristics_textcore,504,ew_spread_bp,213.95337383194766,100.11231139015553,2.137133493982905,0.032587135403031244,17.736849098183797,410.1698985657115,2266,2266,0,20,pca,standard,expanded,original,fixed504,union,raw,21,f_cumret21,3020813
ld3_lasso_characteristics_textcore_pca_raw_standard_expanded_original_fixed504_union,lasso,characteristics_textcore,504,cap_spread_bp,122.89397580976593,95.77188120652883,1.2831947567652893,0.19942385247137717,-64.81546208667903,310.6034137062109,2266,2266,0,20,pca,standard,expanded,original,fixed504,union,raw,21,f_cumret21,3020813
ld3_lasso_characteristics_textcore_pca_raw_standard_expanded_expanded_fixed504_union,lasso,characteristics_textcore,504,rank_ic,0.13342294595728987,0.01374657278119804,9.70590619792738,2.8453649280504577e-22,0.1064801583952831,0.16036573351929664,2266,2266,0,20,pca,standard,expanded,expanded,fixed504,union,raw,21,f_cumret21,3020813
ld3_lasso_characteristics_textcore_pca_raw_standard_expanded_expanded_fixed504_union,lasso,characteristics_textcore,504,ew_spread_bp,220.81898071615376,99.43381296519512,2.2207634820707036,0.026366985187430116,25.93228845887944,415.7056729734281,2266,2266,0,20,pca,standard,expanded,expanded,fixed504,union,raw,21,f_cumret21,3020813
ld3_lasso_characteristics_textcore_pca_raw_standard_expanded_expanded_fixed504_union,lasso,characteristics_textcore,504,cap_spread_bp,128.8042647382897,93.99801324695464,1.3702870974505699,0.17059729910235089,-55.428455844060295,313.0369853206397,2266,2266,0,20,pca,standard,expanded,expanded,fixed504,union,raw,21,f_cumret21,3020813
ld3_enet_characteristics_textcore_pca_raw_standard_original_original_fixed504_union,enet,characteristics_textcore,504,rank_ic,0.13355714931633209,0.013802048693657793,9.676617745719387,3.7904864814346984e-22,0.1065056309638947,0.16060866766876947,2266,2266,0,20,pca,standard,original,original,fixed504,union,raw,21,f_cumret21,3020813
ld3_enet_characteristics_textcore_pca_raw_standard_original_original_fixed504_union,enet,characteristics_textcore,504,ew_spread_bp,235.14657450349665,96.72395449099731,2.431110015517233,0.015052643176833268,45.5711072588507,424.7220417481426,2266,2266,0,20,pca,standard,original,original,fixed504,union,raw,21,f_cumret21,3020813
ld3_enet_characteristics_textcore_pca_raw_standard_original_original_fixed504_union,enet,characteristics_textcore,504,cap_spread_bp,158.08362990574238,89.56074930089277,1.7650994563995521,0.07754705203004453,-17.45221315242827,333.61947296391304,2266,2266,0,20,pca,standard,original,original,fixed504,union,raw,21,f_cumret21,3020813
ld3_enet_characteristics_textcore_pca_raw_standard_original_expanded_fixed504_union,enet,characteristics_textcore,504,rank_ic,0.13399815305874666,0.013795201525865898,9.713388587147577,2.643978782344955e-22,0.10696005490857749,0.16103625120891582,2266,2266,0,20,pca,standard,original,expanded,fixed504,union,raw,21,f_cumret21,3020813
ld3_enet_characteristics_textcore_pca_raw_standard_original_expanded_fixed504_union,enet,characteristics_textcore,504,ew_spread_bp,239.82739332033742,96.535417732466,2.484346149358202,0.01297895779478563,50.62145133217476,429.0333353085001,2266,2266,0,20,pca,standard,original,expanded,fixed504,union,raw,21,f_cumret21,3020813
ld3_enet_characteristics_textcore_pca_raw_standard_original_expanded_fixed504_union,enet,characteristics_textcore,504,cap_spread_bp,158.88078754088153,90.08305380308381,1.7637144927189687,0.07778005985236104,-17.678753530546686,335.4403286123097,2266,2266,0,20,pca,standard,original,expanded,fixed504,union,raw,21,f_cumret21,3020813
ld3_enet_characteristics_textcore_pca_raw_standard_expanded_original_fixed504_union,enet,characteristics_textcore,504,rank_ic,0.13360128262614077,0.01389994551430042,9.611640742669838,7.14020025561235e-22,0.10635789003104286,0.16084467522123866,2266,2266,0,20,pca,standard,expanded,original,fixed504,union,raw,21,f_cumret21,3020813
ld3_enet_characteristics_textcore_pca_raw_standard_expanded_original_fixed504_union,enet,characteristics_textcore,504,ew_spread_bp,216.33488983473063,99.28635623177486,2.1788984715051556,0.02933921135386503,21.73720746423794,410.9325722052233,2266,2266,0,20,pca,standard,expanded,original,fixed504,union,raw,21,f_cumret21,3020813
ld3_enet_characteristics_textcore_pca_raw_standard_expanded_original_fixed504_union,enet,characteristics_textcore,504,cap_spread_bp,141.81797737377283,92.43529554143016,1.5342405359672269,0.12497048863197359,-39.35187278774612,322.9878275352918,2266,2266,0,20,pca,standard,expanded,original,fixed504,union,raw,21,f_cumret21,3020813
ld3_enet_characteristics_textcore_pca_raw_standard_expanded_expanded_fixed504_union,enet,characteristics_textcore,504,rank_ic,0.13379598144710836,0.013826336987726076,9.676892843410501,3.780304135134575e-22,0.10669685891305122,0.1608951039811655,2266,2266,0,20,pca,standard,expanded,expanded,fixed504,union,raw,21,f_cumret21,3020813
ld3_enet_characteristics_textcore_pca_raw_standard_expanded_expanded_fixed504_union,enet,characteristics_textcore,504,ew_spread_bp,221.39700055184014,98.61558782383707,2.2450507616233537,0.024764874022340226,28.11400010287278,414.68000100080747,2266,2266,0,20,pca,standard,expanded,expanded,fixed504,union,raw,21,f_cumret21,3020813
ld3_enet_characteristics_textcore_pca_raw_standard_expanded_expanded_fixed504_union,enet,characteristics_textcore,504,cap_spread_bp,140.32270972542082,92.30752729440249,1.5201654062065852,0.128469409441767,-40.59671927355609,321.2421387243977,2266,2266,0,20,pca,standard,expanded,expanded,fixed504,union,raw,21,f_cumret21,3020813
ld3_group_ridge_characteristics_textcore_pca_raw_standard_original_original_fixed504_union,group_ridge,characteristics_textcore,504,rank_ic,0.13373022925568245,0.013906204976497506,9.61658694674041,6.805176375808857e-22,0.10647456834011568,0.16098589017124923,2266,2266,0,20,pca,standard,original,original,fixed504,union,raw,21,f_cumret21,3020813
ld3_group_ridge_characteristics_textcore_pca_raw_standard_original_original_fixed504_union,group_ridge,characteristics_textcore,504,ew_spread_bp,226.586894603832,100.07476947367273,2.264176033535022,0.023563290020147985,30.44395067428502,422.729838533379,2266,2266,0,20,pca,standard,original,original,fixed504,union,raw,21,f_cumret21,3020813
ld3_group_ridge_characteristics_textcore_pca_raw_standard_original_original_fixed504_union,group_ridge,characteristics_textcore,504,cap_spread_bp,160.16849140965746,97.71117301786383,1.6392034448340418,0.10117089665274283,-31.341888592517535,351.67887141183246,2266,2266,0,20,pca,standard,original,original,fixed504,union,raw,21,f_cumret21,3020813
ld3_lasso_characteristics_textcore_pca_raw_standard_original_expanded_fixed504_union,lasso,characteristics_textcore,504,rank_ic,0.1609337675241455,0.01920200571428413,8.381091533809352,5.243909846086428e-17,0.1232985278932163,0.19856900715507472,2266,2266,0,41,pca,standard,original,expanded,fixed504,union,raw,42,f_cumret42,3007314
ld3_lasso_characteristics_textcore_pca_raw_standard_original_expanded_fixed504_union,lasso,characteristics_textcore,504,ew_spread_bp,379.37207734941836,217.6344280603872,1.743162057264918,0.08130531111448222,-47.18356344491389,805.9277181437506,2266,2266,0,41,pca,standard,original,expanded,fixed504,union,raw,42,f_cumret42,3007314
ld3_lasso_characteristics_textcore_pca_raw_standard_original_expanded_fixed504_union,lasso,characteristics_textcore,504,cap_spread_bp,283.2919101118354,189.42451216052456,1.4955398690522403,0.13477360288961435,-87.97331151186222,654.5571317355331,2266,2266,0,41,pca,standard,original,expanded,fixed504,union,raw,42,f_cumret42,3007314
ld3_lasso_characteristics_textcore_pca_raw_standard_expanded_original_fixed504_union,lasso,characteristics_textcore,504,rank_ic,0.16048366717379334,0.019187009983992614,8.364183231659442,6.053278579085671e-17,0.12287781863415737,0.1980895157134293,2266,2266,0,41,pca,standard,expanded,original,fixed504,union,raw,42,f_cumret42,3007314
ld3_lasso_characteristics_textcore_pca_raw_standard_expanded_original_fixed504_union,lasso,characteristics_textcore,504,ew_spread_bp,351.88473036290833,224.5986787275527,1.5667266270509042,0.11717860413688269,-88.32059091837738,792.0900516441941,2266,2266,0,41,pca,standard,expanded,original,fixed504,union,raw,42,f_cumret42,3007314
ld3_lasso_characteristics_textcore_pca_raw_standard_expanded_original_fixed504_union,lasso,characteristics_textcore,504,cap_spread_bp,253.40989579382565,196.64932418132838,1.2886385287556794,0.19752378223976896,-132.01569718571952,638.8354887733708,2266,2266,0,41,pca,standard,expanded,original,fixed504,union,raw,42,f_cumret42,3007314
ld3_lasso_characteristics_textcore_pca_raw_standard_expanded_expanded_fixed504_union,lasso,characteristics_textcore,504,rank_ic,0.16086636733782878,0.019149482418508383,8.400559546316929,4.443561451926956e-17,0.12333407147496937,0.19839866320068816,2266,2266,0,41,pca,standard,expanded,expanded,fixed504,union,raw,42,f_cumret42,3007314
ld3_lasso_characteristics_textcore_pca_raw_standard_expanded_expanded_fixed504_union,lasso,characteristics_textcore,504,ew_spread_bp,356.87885274289044,223.16466426438456,1.599172762942855,0.10978222053023406,-80.5158518372761,794.273557323057,2266,2266,0,41,pca,standard,expanded,expanded,fixed504,union,raw,42,f_cumret42,3007314
ld3_lasso_characteristics_textcore_pca_raw_standard_expanded_expanded_fixed504_union,lasso,characteristics_textcore,504,cap_spread_bp,264.64561153520697,194.20608759962707,1.3627050253996011,0.17297549340138074,-115.99132573849289,645.2825488089068,2266,2266,0,41,pca,standard,expanded,expanded,fixed504,union,raw,42,f_cumret42,3007314
ld3_enet_characteristics_textcore_pca_raw_standard_original_original_fixed504_union,enet,characteristics_textcore,504,rank_ic,0.1604476329955782,0.01916443854248666,8.372154114500843,5.657438717237296e-17,0.12288602366837306,0.19800924232278336,2266,2266,0,41,pca,standard,original,original,fixed504,union,raw,42,f_cumret42,3007314
ld3_enet_characteristics_textcore_pca_raw_standard_original_original_fixed504_union,enet,characteristics_textcore,504,ew_spread_bp,379.8769284712778,218.0966467868348,1.7417825265445974,0.08154650536495,-47.58464437987175,807.3385013224273,2266,2266,0,41,pca,standard,original,original,fixed504,union,raw,42,f_cumret42,3007314
ld3_enet_characteristics_textcore_pca_raw_standard_original_original_fixed504_union,enet,characteristics_textcore,504,cap_spread_bp,288.99149077545366,188.50184799582186,1.5330963268957403,0.1252521225888094,-80.46534231560094,658.4483238665082,2266,2266,0,41,pca,standard,original,original,fixed504,union,raw,42,f_cumret42,3007314
ld3_enet_characteristics_textcore_pca_raw_standard_original_expanded_fixed504_union,enet,characteristics_textcore,504,rank_ic,0.16085535292694642,0.019229213107827447,8.365155247120779,6.003582371046298e-17,0.1231667877845591,0.19854391806933375,2266,2266,0,41,pca,standard,original,expanded,fixed504,union,raw,42,f_cumret42,3007314
ld3_enet_characteristics_textcore_pca_raw_standard_original_expanded_fixed504_union,enet,characteristics_textcore,504,ew_spread_bp,380.2004304529049,218.28374363354956,1.7417716231364342,0.08154841400385728,-47.627845479426526,808.0287063852363,2266,2266,0,41,pca,standard,original,expanded,fixed504,union,raw,42,f_cumret42,3007314
ld3_enet_characteristics_textcore_pca_raw_standard_original_expanded_fixed504_union,enet,characteristics_textcore,504,cap_spread_bp,282.913030276,190.14887325832117,1.4878501535565598,0.13679041569998124,-89.77191301118091,655.5979735631809,2266,2266,0,41,pca,standard,original,expanded,fixed504,union,raw,42,f_cumret42,3007314
ld3_enet_characteristics_textcore_pca_raw_standard_expanded_original_fixed504_union,enet,characteristics_textcore,504,rank_ic,0.1612512033829871,0.01926905071866793,8.368404117944758,5.840379841082785e-17,0.1234845579581223,0.1990178488078519,2266,2266,0,41,pca,standard,expanded,original,fixed504,union,raw,42,f_cumret42,3007314
ld3_enet_characteristics_textcore_pca_raw_standard_expanded_original_fixed504_union,enet,characteristics_textcore,504,ew_spread_bp,365.49762266308824,221.89565892410715,1.647159860788876,0.09952519175617042,-69.40987715394562,800.4051224801221,2266,2266,0,41,pca,standard,expanded,original,fixed504,union,raw,42,f_cumret42,3007314
ld3_enet_characteristics_textcore_pca_raw_standard_expanded_original_fixed504_union,enet,characteristics_textcore,504,cap_spread_bp,302.4006036571278,192.04631809882335,1.5746232817726726,0.11534342560452554,-74.00326318008871,678.8044704943443,2266,2266,0,41,pca,standard,expanded,original,fixed504,union,raw,42,f_cumret42,3007314
ld3_enet_characteristics_textcore_pca_raw_standard_expanded_expanded_fixed504_union,enet,characteristics_textcore,504,rank_ic,0.16135719230544188,0.01924155086469196,8.385872502695747,5.0350885049942404e-17,0.1236444456039501,0.19906993900693365,2266,2266,0,41,pca,standard,expanded,expanded,fixed504,union,raw,42,f_cumret42,3007314
ld3_enet_characteristics_textcore_pca_raw_standard_expanded_expanded_fixed504_union,enet,characteristics_textcore,504,ew_spread_bp,366.5240775317418,220.7575048114659,1.6603017770325195,0.0968537584264368,-66.15268121565907,799.2008362791427,2266,2266,0,41,pca,standard,expanded,expanded,fixed504,union,raw,42,f_cumret42,3007314
ld3_enet_characteristics_textcore_pca_raw_standard_expanded_expanded_fixed504_union,enet,characteristics_textcore,504,cap_spread_bp,294.021301526549,190.68675591403883,1.5419073029859145,0.12309612104095315,-79.71787239374726,667.7604754468452,2266,2266,0,41,pca,standard,expanded,expanded,fixed504,union,raw,42,f_cumret42,3007314
ld3_group_ridge_characteristics_textcore_pca_raw_standard_original_original_fixed504_union,group_ridge,characteristics_textcore,504,rank_ic,0.16100288056712694,0.019379682592104895,8.307818242220232,9.74776829991299e-17,0.1230194006547835,0.19898636047947038,2266,2266,0,41,pca,standard,original,original,fixed504,union,raw,42,f_cumret42,3007314
ld3_group_ridge_characteristics_textcore_pca_raw_standard_original_original_fixed504_union,group_ridge,characteristics_textcore,504,ew_spread_bp,362.52705517688185,225.7454410554242,1.6059108590719027,0.10829349724448878,-79.92587896585928,804.979989319623,2266,2266,0,41,pca,standard,original,original,fixed504,union,raw,42,f_cumret42,3007314
ld3_group_ridge_characteristics_textcore_pca_raw_standard_original_original_fixed504_union,group_ridge,characteristics_textcore,504,cap_spread_bp,300.6156351170898,204.14828489810662,1.4725356878071811,0.14087627720109233,-99.50765078882137,700.738921023001,2266,2266,0,41,pca,standard,original,original,fixed504,union,raw,42,f_cumret42,3007314
ld3_lasso_characteristics_textcore_pca_raw_standard_original_expanded_fixed504_union,lasso,characteristics_textcore,504,rank_ic,0.18555458586531637,0.02280402018218953,8.136924295929138,4.054460598161999e-16,0.14085952760550036,0.23024964412513238,2266,2266,0,62,pca,standard,original,expanded,fixed504,union,raw,63,f_cumret63,2993214
ld3_lasso_characteristics_textcore_pca_raw_standard_original_expanded_fixed504_union,lasso,characteristics_textcore,504,ew_spread_bp,525.5671014392256,338.78566706134245,1.5513262588646155,0.1208235170627698,-138.4406044793833,1189.5748073578343,2266,2266,0,62,pca,standard,original,expanded,fixed504,union,raw,63,f_cumret63,2993214
ld3_lasso_characteristics_textcore_pca_raw_standard_original_expanded_fixed504_union,lasso,characteristics_textcore,504,cap_spread_bp,406.5192676607097,288.92926412535564,1.4069854394684511,0.1594317064152141,-159.771684104648,972.8102194260674,2266,2266,0,62,pca,standard,original,expanded,fixed504,union,raw,63,f_cumret63,2993214
ld3_lasso_characteristics_textcore_pca_raw_standard_expanded_original_fixed504_union,lasso,characteristics_textcore,504,rank_ic,0.18557541495378874,0.022796075792113905,8.140673712709223,3.930844097592572e-16,0.1408959274124001,0.23025490249517738,2266,2266,0,62,pca,standard,expanded,original,fixed504,union,raw,63,f_cumret63,2993214
ld3_lasso_characteristics_textcore_pca_raw_standard_expanded_original_fixed504_union,lasso,characteristics_textcore,504,ew_spread_bp,498.1740713176494,346.5734123650612,1.4374272622877964,0.15059662700627813,-181.09733491701917,1177.445477552318,2266,2266,0,62,pca,standard,expanded,original,fixed504,union,raw,63,f_cumret63,2993214
ld3_lasso_characteristics_textcore_pca_raw_standard_expanded_original_fixed504_union,lasso,characteristics_textcore,504,cap_spread_bp,375.23030617654535,294.7942506895474,1.272854898963774,0.2030695359351502,-202.55580802443956,953.0164203775303,2266,2266,0,62,pca,standard,expanded,original,fixed504,union,raw,63,f_cumret63,2993214
ld3_lasso_characteristics_textcore_pca_raw_standard_expanded_expanded_fixed504_union,lasso,characteristics_textcore,504,rank_ic,0.1855853501976739,0.022754888060177343,8.155845447662795,3.467456290894567e-16,0.1409865891274858,0.23018411126786198,2266,2266,0,62,pca,standard,expanded,expanded,fixed504,union,raw,63,f_cumret63,2993214
ld3_lasso_characteristics_textcore_pca_raw_standard_expanded_expanded_fixed504_union,lasso,characteristics_textcore,504,ew_spread_bp,502.92477441094957,345.5704912781022,1.4553464115262507,0.1455733839754459,-174.38094261394372,1180.2304914358429,2266,2266,0,62,pca,standard,expanded,expanded,fixed504,union,raw,63,f_cumret63,2993214
ld3_lasso_characteristics_textcore_pca_raw_standard_expanded_expanded_fixed504_union,lasso,characteristics_textcore,504,cap_spread_bp,399.0276639066947,292.4192613918303,1.3645738040901942,0.17238704282809691,-174.10355680709648,972.1588846204859,2266,2266,0,62,pca,standard,expanded,expanded,fixed504,union,raw,63,f_cumret63,2993214
ld3_enet_characteristics_textcore_pca_raw_standard_original_original_fixed504_union,enet,characteristics_textcore,504,rank_ic,0.18563985904123623,0.022809357952071754,8.13875863719236,3.9935118787809246e-16,0.14093433894469332,0.23034537913777914,2266,2266,0,62,pca,standard,original,original,fixed504,union,raw,63,f_cumret63,2993214
ld3_enet_characteristics_textcore_pca_raw_standard_original_original_fixed504_union,enet,characteristics_textcore,504,ew_spread_bp,529.7633917168681,337.82528081772296,1.568157925998165,0.11684428073544954,-132.36199175299885,1191.888775186735,2266,2266,0,62,pca,standard,original,original,fixed504,union,raw,63,f_cumret63,2993214
ld3_enet_characteristics_textcore_pca_raw_standard_original_original_fixed504_union,enet,characteristics_textcore,504,cap_spread_bp,411.56461405479905,285.4516143515779,1.4418016692240299,0.14935833186114345,-147.91026940311048,971.0394975127085,2266,2266,0,62,pca,standard,original,original,fixed504,union,raw,63,f_cumret63,2993214
ld3_enet_characteristics_textcore_pca_raw_standard_original_expanded_fixed504_union,enet,characteristics_textcore,504,rank_ic,0.18569299245760068,0.022842270402747403,8.129357948379162,4.3157016988916134e-16,0.14092296514309055,0.2304630197721108,2266,2266,0,62,pca,standard,original,expanded,fixed504,union,raw,63,f_cumret63,2993214
ld3_enet_characteristics_textcore_pca_raw_standard_original_expanded_fixed504_union,enet,characteristics_textcore,504,ew_spread_bp,528.2936856868838,339.0306335963578,1.558247642942668,0.11917455505121326,-136.19414581777278,1192.7815171915404,2266,2266,0,62,pca,standard,original,expanded,fixed504,union,raw,63,f_cumret63,2993214
ld3_enet_characteristics_textcore_pca_raw_standard_original_expanded_fixed504_union,enet,characteristics_textcore,504,cap_spread_bp,411.98742182924866,287.0608476103179,1.4351919645569962,0.151232402769051,-150.64150085851531,974.6163445170126,2266,2266,0,62,pca,standard,original,expanded,fixed504,union,raw,63,f_cumret63,2993214
ld3_enet_characteristics_textcore_pca_raw_standard_expanded_original_fixed504_union,enet,characteristics_textcore,504,rank_ic,0.18682293872908318,0.02285303580801393,8.174972476241845,2.9593342279558907e-16,0.14203181160797165,0.2316140658501947,2266,2266,0,62,pca,standard,expanded,original,fixed504,union,raw,63,f_cumret63,2993214
ld3_enet_characteristics_textcore_pca_raw_standard_expanded_original_fixed504_union,enet,characteristics_textcore,504,ew_spread_bp,513.8007371635813,342.0084182351494,1.5023043579304978,0.13301852369998066,-156.5234449868234,1184.124919313986,2266,2266,0,62,pca,standard,expanded,original,fixed504,union,raw,63,f_cumret63,2993214
ld3_enet_characteristics_textcore_pca_raw_standard_expanded_original_fixed504_union,enet,characteristics_textcore,504,cap_spread_bp,425.5417945965112,287.61821788333424,1.4795369977889317,0.1389968506883513,-138.17955375241797,989.2631429454403,2266,2266,0,62,pca,standard,expanded,original,fixed504,union,raw,63,f_cumret63,2993214
ld3_enet_characteristics_textcore_pca_raw_standard_expanded_expanded_fixed504_union,enet,characteristics_textcore,504,rank_ic,0.18648346389092677,0.022798979761143784,8.179465302598752,2.851061518514395e-16,0.14179828467482736,0.23116864310702617,2266,2266,0,62,pca,standard,expanded,expanded,fixed504,union,raw,63,f_cumret63,2993214
ld3_enet_characteristics_textcore_pca_raw_standard_expanded_expanded_fixed504_union,enet,characteristics_textcore,504,ew_spread_bp,512.8834482094856,340.60604961817694,1.5057966491917376,0.13211938378916516,-154.69214195860388,1180.4590383775749,2266,2266,0,62,pca,standard,expanded,expanded,fixed504,union,raw,63,f_cumret63,2993214
ld3_enet_characteristics_textcore_pca_raw_standard_expanded_expanded_fixed504_union,enet,characteristics_textcore,504,cap_spread_bp,422.5245068514693,285.2527401896722,1.4812285644320944,0.13854567690852385,-136.56059041164934,981.6096041145879,2266,2266,0,62,pca,standard,expanded,expanded,fixed504,union,raw,63,f_cumret63,2993214
ld3_group_ridge_characteristics_textcore_pca_raw_standard_original_original_fixed504_union,group_ridge,characteristics_textcore,504,rank_ic,0.18632180315181668,0.023048755531834414,8.083811852421848,6.277315248415319e-16,0.1411470724209529,0.23149653388268046,2266,2266,0,62,pca,standard,original,original,fixed504,union,raw,63,f_cumret63,2993214
ld3_group_ridge_characteristics_textcore_pca_raw_standard_original_original_fixed504_union,group_ridge,characteristics_textcore,504,ew_spread_bp,514.7450613778971,343.8715496477149,1.4969108724034788,0.1344164508086036,-159.23079123960133,1188.7209139953954,2266,2266,0,62,pca,standard,original,original,fixed504,union,raw,63,f_cumret63,2993214
ld3_group_ridge_characteristics_textcore_pca_raw_standard_original_original_fixed504_union,group_ridge,characteristics_textcore,504,cap_spread_bp,436.5164000794181,300.0567128386658,1.454779651319195,0.14573027332055458,-151.58395040384414,1024.6167505626804,2266,2266,0,62,pca,standard,original,original,fixed504,union,raw,63,f_cumret63,2993214
ld3_group_ridge_characteristics_textcore_pca_raw_standard_original_expanded_fixed504_union,group_ridge,characteristics_textcore,504,rank_ic,0.0861762250460103,0.0057462195403323,14.99702968902347,7.677919778929356e-51,0.0749138416996987,0.09743860839232191,2266,2266,0,5,pca,standard,original,expanded,fixed504,union,raw,3,f_cumret3,3031789
ld3_group_ridge_characteristics_textcore_pca_raw_standard_original_expanded_fixed504_union,group_ridge,characteristics_textcore,504,ew_spread_bp,54.80932515509345,15.685837326171233,3.4941918633598306,0.0004754991607888907,24.065648928443768,85.55300138174313,2266,2266,0,5,pca,standard,original,expanded,fixed504,union,raw,3,f_cumret3,3031789
ld3_group_ridge_characteristics_textcore_pca_raw_standard_original_expanded_fixed504_union,group_ridge,characteristics_textcore,504,cap_spread_bp,42.06461702392822,16.49441939667947,2.550233264494072,0.010765086483106614,9.736149060537578,74.39308498731887,2266,2266,0,5,pca,standard,original,expanded,fixed504,union,raw,3,f_cumret3,3031789
ld3_group_ridge_characteristics_textcore_pca_raw_standard_expanded_original_fixed504_union,group_ridge,characteristics_textcore,504,rank_ic,0.08637390229246174,0.005755171722126814,15.00804953575606,6.503202940738351e-51,0.07509397299224982,0.09765383159267366,2266,2266,0,5,pca,standard,expanded,original,fixed504,union,raw,3,f_cumret3,3031789
ld3_group_ridge_characteristics_textcore_pca_raw_standard_expanded_original_fixed504_union,group_ridge,characteristics_textcore,504,ew_spread_bp,54.66353195065383,15.72316372033644,3.4766242292542984,0.0005077689311146678,23.846697335767598,85.48036656554005,2266,2266,0,5,pca,standard,expanded,original,fixed504,union,raw,3,f_cumret3,3031789
ld3_group_ridge_characteristics_textcore_pca_raw_standard_expanded_original_fixed504_union,group_ridge,characteristics_textcore,504,cap_spread_bp,37.76900936142123,16.911447744362487,2.2333398022657,0.02552654464542139,4.623180856039625,70.91483786680284,2266,2266,0,5,pca,standard,expanded,original,fixed504,union,raw,3,f_cumret3,3031789
ld3_group_ridge_characteristics_textcore_pca_raw_standard_expanded_expanded_fixed504_union,group_ridge,characteristics_textcore,504,rank_ic,0.08626573344543224,0.00576100610414787,14.974074299855667,1.084675886103988e-50,0.07497436896658702,0.09755709792427747,2266,2266,0,5,pca,standard,expanded,expanded,fixed504,union,raw,3,f_cumret3,3031789
ld3_group_ridge_characteristics_textcore_pca_raw_standard_expanded_expanded_fixed504_union,group_ridge,characteristics_textcore,504,ew_spread_bp,55.327792147106614,15.727414494705911,3.5179203909028276,0.0004349428231172004,24.502626167549813,86.1529581266634,2266,2266,0,5,pca,standard,expanded,expanded,fixed504,union,raw,3,f_cumret3,3031789
ld3_group_ridge_characteristics_textcore_pca_raw_standard_expanded_expanded_fixed504_union,group_ridge,characteristics_textcore,504,cap_spread_bp,39.98893546722716,16.512124657125202,2.4217922464612327,0.015444177150674839,7.625765831025973,72.35210510342834,2266,2266,0,5,pca,standard,expanded,expanded,fixed504,union,raw,3,f_cumret3,3031789
ld3_ols_characteristics_full_raw_daily_rank_original_none_fixed504_union,ols,characteristics,504,rank_ic,0.08453910875679764,0.005539703156430631,15.26058461429697,1.3998848083979617e-52,0.07368149008515075,0.09539672742844453,2266,2266,0,5,full,daily_rank,original,none,fixed504,union,raw,3,f_cumret3,3031789
ld3_ols_characteristics_full_raw_daily_rank_original_none_fixed504_union,ols,characteristics,504,ew_spread_bp,57.485523027692835,14.816045966024177,3.8799503699919224,0.00010447778075882574,28.446606540995496,86.52443951439017,2266,2266,0,5,full,daily_rank,original,none,fixed504,union,raw,3,f_cumret3,3031789
ld3_ols_characteristics_full_raw_daily_rank_original_none_fixed504_union,ols,characteristics,504,cap_spread_bp,39.57514397001156,15.145241773017657,2.613041413476643,0.008974042728714018,9.891015557745398,69.25927238227771,2266,2266,0,5,full,daily_rank,original,none,fixed504,union,raw,3,f_cumret3,3031789
ld3_ridge_characteristics_full_raw_daily_rank_original_none_fixed504_union,ridge,characteristics,504,rank_ic,0.08539065177627,0.005829483255022018,14.648065367150194,1.3860637012943912e-48,0.07396507454794753,0.09681622900459248,2266,2266,0,5,full,daily_rank,original,none,fixed504,union,raw,3,f_cumret3,3031789
ld3_ridge_characteristics_full_raw_daily_rank_original_none_fixed504_union,ridge,characteristics,504,ew_spread_bp,49.6314955283955,15.59026822995506,3.183492085981805,0.001455100909676649,19.075131288364563,80.18785976842643,2266,2266,0,5,full,daily_rank,original,none,fixed504,union,raw,3,f_cumret3,3031789
ld3_ridge_characteristics_full_raw_daily_rank_original_none_fixed504_union,ridge,characteristics,504,cap_spread_bp,38.9183596602856,15.979390156660438,2.4355347280924784,0.01486979715649379,7.599330458317294,70.23738886225391,2266,2266,0,5,full,daily_rank,original,none,fixed504,union,raw,3,f_cumret3,3031789
ld3_ridge_characteristics_full_raw_daily_rank_expanded_none_fixed504_union,ridge,characteristics,504,rank_ic,0.08522804515779327,0.005826397415836562,14.627914828833575,1.8641315233354347e-48,0.07380851606313636,0.09664757425245017,2266,2266,0,5,full,daily_rank,expanded,none,fixed504,union,raw,3,f_cumret3,3031789
ld3_ridge_characteristics_full_raw_daily_rank_expanded_none_fixed504_union,ridge,characteristics,504,ew_spread_bp,49.68567400384255,15.608244265687716,3.183296798671247,0.0014560827568956694,19.094077381190804,80.2772706264943,2266,2266,0,5,full,daily_rank,expanded,none,fixed504,union,raw,3,f_cumret3,3031789
ld3_ridge_characteristics_full_raw_daily_rank_expanded_none_fixed504_union,ridge,characteristics,504,cap_spread_bp,36.774079796898796,16.03600714967668,2.293219219326691,0.02183538719046485,5.344083327705693,68.2040762660919,2266,2266,0,5,full,daily_rank,expanded,none,fixed504,union,raw,3,f_cumret3,3031789
ld3_lasso_characteristics_full_raw_daily_rank_original_none_fixed504_union,lasso,characteristics,504,rank_ic,0.08500597204927164,0.005766474065100958,14.741412358677342,3.494004076554625e-49,0.07370389056388948,0.0963080535346538,2266,2266,0,5,full,daily_rank,original,none,fixed504,union,raw,3,f_cumret3,3031789
ld3_lasso_characteristics_full_raw_daily_rank_original_none_fixed504_union,lasso,characteristics,504,ew_spread_bp,49.78100802732034,15.365850515848644,3.239717058029116,0.001196483615788352,19.664494424430785,79.8975216302099,2266,2266,0,5,full,daily_rank,original,none,fixed504,union,raw,3,f_cumret3,3031789
ld3_lasso_characteristics_full_raw_daily_rank_original_none_fixed504_union,lasso,characteristics,504,cap_spread_bp,40.105701316321664,15.71812191819915,2.5515581012185353,0.010724244148282124,9.2987484520417,70.91265418060163,2266,2266,0,5,full,daily_rank,original,none,fixed504,union,raw,3,f_cumret3,3031789
ld3_lasso_characteristics_full_raw_daily_rank_expanded_none_fixed504_union,lasso,characteristics,504,rank_ic,0.08449808059239526,0.005777746653049744,14.6247465779403,1.9529670735445898e-48,0.07317390524062092,0.0958222559441696,2266,2266,0,5,full,daily_rank,expanded,none,fixed504,union,raw,3,f_cumret3,3031789
ld3_lasso_characteristics_full_raw_daily_rank_expanded_none_fixed504_union,lasso,characteristics,504,ew_spread_bp,43.212558787302754,15.526082654861055,2.783223543755472,0.0053821708796853935,12.78199596278306,73.64312161182245,2266,2266,0,5,full,daily_rank,expanded,none,fixed504,union,raw,3,f_cumret3,3031789
ld3_lasso_characteristics_full_raw_daily_rank_expanded_none_fixed504_union,lasso,characteristics,504,cap_spread_bp,29.264114193061676,15.900348829131909,1.8404699486495084,0.06569927227751463,-1.8999968536604825,60.428225239783835,2266,2266,0,5,full,daily_rank,expanded,none,fixed504,union,raw,3,f_cumret3,3031789
ld3_group_ridge_characteristics_textcore_pca_raw_standard_original_expanded_fixed504_union,group_ridge,characteristics_textcore,504,rank_ic,0.09497161899978666,0.006936585220833376,13.691408088600772,1.1427310523806337e-42,0.08137616179126043,0.1085670762083129,2266,2266,0,5,pca,standard,original,expanded,fixed504,union,raw,5,f_cumret5,3030544
ld3_group_ridge_characteristics_textcore_pca_raw_standard_original_expanded_fixed504_union,group_ridge,characteristics_textcore,504,ew_spread_bp,78.25863289999167,23.922499603521903,3.2713401273698977,0.0010703908963927444,31.371395256915015,125.14587054306833,2266,2266,0,5,pca,standard,original,expanded,fixed504,union,raw,5,f_cumret5,3030544
ld3_group_ridge_characteristics_textcore_pca_raw_standard_original_expanded_fixed504_union,group_ridge,characteristics_textcore,504,cap_spread_bp,62.58422125304325,25.084003990097,2.4949853013000274,0.012596234788017371,13.420476844394123,111.74796566169238,2266,2266,0,5,pca,standard,original,expanded,fixed504,union,raw,5,f_cumret5,3030544
ld3_group_ridge_characteristics_textcore_pca_raw_standard_expanded_original_fixed504_union,group_ridge,characteristics_textcore,504,rank_ic,0.09521906258744817,0.006945883707691332,13.708703830156267,9.005217871758917e-43,0.08160538067956963,0.1088327444953267,2266,2266,0,5,pca,standard,expanded,original,fixed504,union,raw,5,f_cumret5,3030544
ld3_group_ridge_characteristics_textcore_pca_raw_standard_expanded_original_fixed504_union,group_ridge,characteristics_textcore,504,ew_spread_bp,79.20992032665853,24.004704943134257,3.2997664630455654,0.0009676531618761675,32.16156317860478,126.25827747471229,2266,2266,0,5,pca,standard,expanded,original,fixed504,union,raw,5,f_cumret5,3030544
ld3_group_ridge_characteristics_textcore_pca_raw_standard_expanded_original_fixed504_union,group_ridge,characteristics_textcore,504,cap_spread_bp,58.86176303339732,25.31651463645268,2.325034226814286,0.020070130109462708,9.242306131868922,108.48121993492572,2266,2266,0,5,pca,standard,expanded,original,fixed504,union,raw,5,f_cumret5,3030544
ld3_group_ridge_characteristics_textcore_pca_raw_standard_expanded_expanded_fixed504_union,group_ridge,characteristics_textcore,504,rank_ic,0.09504742260769844,0.006950220835187717,13.675453609544384,1.4231701803381032e-42,0.08142524008613061,0.10866960512926627,2266,2266,0,5,pca,standard,expanded,expanded,fixed504,union,raw,5,f_cumret5,3030544
ld3_group_ridge_characteristics_textcore_pca_raw_standard_expanded_expanded_fixed504_union,group_ridge,characteristics_textcore,504,ew_spread_bp,79.23058237507388,24.01134966308099,3.299713822288634,0.0009678346721195026,32.16920181523718,126.29196293491057,2266,2266,0,5,pca,standard,expanded,expanded,fixed504,union,raw,5,f_cumret5,3030544
ld3_group_ridge_characteristics_textcore_pca_raw_standard_expanded_expanded_fixed504_union,group_ridge,characteristics_textcore,504,cap_spread_bp,59.960113179998466,25.022089047989667,2.3962872590294695,0.01656210472115575,10.917719827984591,109.00250653201235,2266,2266,0,5,pca,standard,expanded,expanded,fixed504,union,raw,5,f_cumret5,3030544
ld3_ols_characteristics_full_raw_daily_rank_original_none_fixed504_union,ols,characteristics,504,rank_ic,0.09306802064988,0.006682758900389001,13.926586614468846,4.3673416715878687e-44,0.07997005388775306,0.10616598741200693,2266,2266,0,5,full,daily_rank,original,none,fixed504,union,raw,5,f_cumret5,3030544
ld3_ols_characteristics_full_raw_daily_rank_original_none_fixed504_union,ols,characteristics,504,ew_spread_bp,79.12954337217337,22.43713898585461,3.5267216297969286,0.0004207388661270595,35.153559043778785,123.10552770056796,2266,2266,0,5,full,daily_rank,original,none,fixed504,union,raw,5,f_cumret5,3030544
ld3_ols_characteristics_full_raw_daily_rank_original_none_fixed504_union,ols,characteristics,504,cap_spread_bp,59.27502723830969,22.59057517186598,2.623883048012433,0.008693363031155742,14.99831351140763,103.55174096521175,2266,2266,0,5,full,daily_rank,original,none,fixed504,union,raw,5,f_cumret5,3030544
ld3_ridge_characteristics_full_raw_daily_rank_original_none_fixed504_union,ridge,characteristics,504,rank_ic,0.09407608473425587,0.007035168618990673,13.372257273309371,8.783428039514998e-41,0.08028740761586776,0.10786476185264397,2266,2266,0,5,full,daily_rank,original,none,fixed504,union,raw,5,f_cumret5,3030544
ld3_ridge_characteristics_full_raw_daily_rank_original_none_fixed504_union,ridge,characteristics,504,ew_spread_bp,68.66596685931964,23.88772024800394,2.874529931966085,0.004046294149714988,21.84689550046371,115.48503821817556,2266,2266,0,5,full,daily_rank,original,none,fixed504,union,raw,5,f_cumret5,3030544
ld3_ridge_characteristics_full_raw_daily_rank_original_none_fixed504_union,ridge,characteristics,504,cap_spread_bp,56.33301074191495,24.495938360366356,2.2996878059205095,0.021465913461596382,8.321853788083743,104.34416769574615,2266,2266,0,5,full,daily_rank,original,none,fixed504,union,raw,5,f_cumret5,3030544
ld3_ridge_characteristics_full_raw_daily_rank_expanded_none_fixed504_union,ridge,characteristics,504,rank_ic,0.09391591625388306,0.0070315676550462254,13.356326904781186,1.0880191994218783e-40,0.0801342968951357,0.10769753561263042,2266,2266,0,5,full,daily_rank,expanded,none,fixed504,union,raw,5,f_cumret5,3030544
ld3_ridge_characteristics_full_raw_daily_rank_expanded_none_fixed504_union,ridge,characteristics,504,ew_spread_bp,68.18962885668125,23.888474302691783,2.8544991192257747,0.004310475123016199,21.36907957779478,115.01017813556773,2266,2266,0,5,full,daily_rank,expanded,none,fixed504,union,raw,5,f_cumret5,3030544
ld3_ridge_characteristics_full_raw_daily_rank_expanded_none_fixed504_union,ridge,characteristics,504,cap_spread_bp,54.40357678327905,24.491135682768782,2.221357861389652,0.026326732726177,6.401832904568451,102.40532066198965,2266,2266,0,5,full,daily_rank,expanded,none,fixed504,union,raw,5,f_cumret5,3030544
ld3_lasso_characteristics_full_raw_daily_rank_original_none_fixed504_union,lasso,characteristics,504,rank_ic,0.09385992234158248,0.006967550895995937,13.471006346795578,2.31686523972024e-41,0.08020377352498066,0.1075160711581843,2266,2266,0,5,full,daily_rank,original,none,fixed504,union,raw,5,f_cumret5,3030544
ld3_lasso_characteristics_full_raw_daily_rank_original_none_fixed504_union,lasso,characteristics,504,ew_spread_bp,68.86732509083967,23.575981857029632,2.9210798306712116,0.0034882043383640993,22.659249750891853,115.07540043078748,2266,2266,0,5,full,daily_rank,original,none,fixed504,union,raw,5,f_cumret5,3030544
ld3_lasso_characteristics_full_raw_daily_rank_original_none_fixed504_union,lasso,characteristics,504,cap_spread_bp,60.848912091048284,23.702614690196732,2.5671814222341913,0.010252895372600653,14.39264095883268,107.3051832232639,2266,2266,0,5,full,daily_rank,original,none,fixed504,union,raw,5,f_cumret5,3030544
ld3_lasso_characteristics_full_raw_daily_rank_expanded_none_fixed504_union,lasso,characteristics,504,rank_ic,0.09322285079163317,0.006978557084378694,13.358470764724405,1.0571363052303159e-40,0.07954513024219409,0.10690057134107225,2266,2266,0,5,full,daily_rank,expanded,none,fixed504,union,raw,5,f_cumret5,3030544
ld3_lasso_characteristics_full_raw_daily_rank_expanded_none_fixed504_union,lasso,characteristics,504,ew_spread_bp,60.744788064374006,23.727042060448177,2.5601500561940087,0.010462697617682702,14.240640166228545,107.24893596251947,2266,2266,0,5,full,daily_rank,expanded,none,fixed504,union,raw,5,f_cumret5,3030544
ld3_lasso_characteristics_full_raw_daily_rank_expanded_none_fixed504_union,lasso,characteristics,504,cap_spread_bp,42.17910062625118,24.13029726681611,1.7479726900942787,0.08046875649548946,-5.1154129529537045,89.47361420545606,2266,2266,0,5,full,daily_rank,expanded,none,fixed504,union,raw,5,f_cumret5,3030544
ld3_group_ridge_characteristics_textcore_pca_raw_standard_original_expanded_fixed504_union,group_ridge,characteristics_textcore,504,rank_ic,0.1098371002423981,0.009590454368387603,11.4527524998656,2.277953843233019e-30,0.09104015508498356,0.12863404539981263,2266,2266,0,9,pca,standard,original,expanded,fixed504,union,raw,10,f_cumret10,3027488
ld3_group_ridge_characteristics_textcore_pca_raw_standard_original_expanded_fixed504_union,group_ridge,characteristics_textcore,504,ew_spread_bp,127.16147372139785,45.65468909673554,2.785288351257009,0.0053480140848109715,37.6799273664227,216.643020076373,2266,2266,0,9,pca,standard,original,expanded,fixed504,union,raw,10,f_cumret10,3027488
ld3_group_ridge_characteristics_textcore_pca_raw_standard_original_expanded_fixed504_union,group_ridge,characteristics_textcore,504,cap_spread_bp,97.96311107637263,46.540978874663125,2.104878613322499,0.03530187579229729,6.744468676793403,189.18175347595184,2266,2266,0,9,pca,standard,original,expanded,fixed504,union,raw,10,f_cumret10,3027488
ld3_group_ridge_characteristics_textcore_pca_raw_standard_expanded_original_fixed504_union,group_ridge,characteristics_textcore,504,rank_ic,0.1102109938545278,0.009599096688677618,11.481392200635348,1.6362436211753742e-30,0.09139711006060197,0.12902487764845363,2266,2266,0,9,pca,standard,expanded,original,fixed504,union,raw,10,f_cumret10,3027488
ld3_group_ridge_characteristics_textcore_pca_raw_standard_expanded_original_fixed504_union,group_ridge,characteristics_textcore,504,ew_spread_bp,126.4475407764981,46.12429791662159,2.7414518266505863,0.006116832958278275,36.045578047723936,216.84950350527225,2266,2266,0,9,pca,standard,expanded,original,fixed504,union,raw,10,f_cumret10,3027488
ld3_group_ridge_characteristics_textcore_pca_raw_standard_expanded_original_fixed504_union,group_ridge,characteristics_textcore,504,cap_spread_bp,98.18988362544427,46.41922602230575,2.1152848084597804,0.0344056804496972,7.2098724315005285,189.169894819388,2266,2266,0,9,pca,standard,expanded,original,fixed504,union,raw,10,f_cumret10,3027488
ld3_group_ridge_characteristics_textcore_pca_raw_standard_expanded_expanded_fixed504_union,group_ridge,characteristics_textcore,504,rank_ic,0.11005014828586794,0.009600052233123067,11.46349474080587,2.0122790246289414e-30,0.09123439165924341,0.12886590491249247,2266,2266,0,9,pca,standard,expanded,expanded,fixed504,union,raw,10,f_cumret10,3027488
ld3_group_ridge_characteristics_textcore_pca_raw_standard_expanded_expanded_fixed504_union,group_ridge,characteristics_textcore,504,ew_spread_bp,126.1370459621229,46.071966372955565,2.7378264027420776,0.006184671294864612,35.83765117418953,216.43644075005625,2266,2266,0,9,pca,standard,expanded,expanded,fixed504,union,raw,10,f_cumret10,3027488
ld3_group_ridge_characteristics_textcore_pca_raw_standard_expanded_expanded_fixed504_union,group_ridge,characteristics_textcore,504,cap_spread_bp,96.66570861779915,46.38041983170716,2.0841921864561335,0.037142689203950044,5.761756159805856,187.56966107579245,2266,2266,0,9,pca,standard,expanded,expanded,fixed504,union,raw,10,f_cumret10,3027488
ld3_ols_characteristics_full_raw_daily_rank_original_none_fixed504_union,ols,characteristics,504,rank_ic,0.10714876691009145,0.009250222692364333,11.58337160883037,5.0038522391323955e-31,0.08901866358408222,0.12527887023610068,2266,2266,0,9,full,daily_rank,original,none,fixed504,union,raw,10,f_cumret10,3027488
ld3_ols_characteristics_full_raw_daily_rank_original_none_fixed504_union,ols,characteristics,504,ew_spread_bp,126.13824629700473,42.67153613222614,2.9560277817545773,0.003116290195999557,42.5035723128419,209.77292028116756,2266,2266,0,9,full,daily_rank,original,none,fixed504,union,raw,10,f_cumret10,3027488
ld3_ols_characteristics_full_raw_daily_rank_original_none_fixed504_union,ols,characteristics,504,cap_spread_bp,97.80054775404294,40.12726756538215,2.4372590930765394,0.014799071496961467,19.152548527891668,176.4485469801942,2266,2266,0,9,full,daily_rank,original,none,fixed504,union,raw,10,f_cumret10,3027488
ld3_ridge_characteristics_full_raw_daily_rank_original_none_fixed504_union,ridge,characteristics,504,rank_ic,0.1087857793631921,0.009706850777211713,11.207113600487505,3.7626396970221257e-29,0.08976070143655251,0.1278108572898317,2266,2266,0,9,full,daily_rank,original,none,fixed504,union,raw,10,f_cumret10,3027488
ld3_ridge_characteristics_full_raw_daily_rank_original_none_fixed504_union,ridge,characteristics,504,ew_spread_bp,112.78731839820244,45.57146359783104,2.4749549277932457,0.0133252991368839,23.468891023675496,202.1057457727294,2266,2266,0,9,full,daily_rank,original,none,fixed504,union,raw,10,f_cumret10,3027488
ld3_ridge_characteristics_full_raw_daily_rank_original_none_fixed504_union,ridge,characteristics,504,cap_spread_bp,93.43343693739094,45.72009547678071,2.0435967152527446,0.040993404054626884,3.8236964331681094,183.04317744161375,2266,2266,0,9,full,daily_rank,original,none,fixed504,union,raw,10,f_cumret10,3027488
ld3_ridge_characteristics_full_raw_daily_rank_expanded_none_fixed504_union,ridge,characteristics,504,rank_ic,0.1085960086635228,0.009698629061440244,11.197047332728522,4.215502173718717e-29,0.08958704500368642,0.12760497232335918,2266,2266,0,9,full,daily_rank,expanded,none,fixed504,union,raw,10,f_cumret10,3027488
ld3_ridge_characteristics_full_raw_daily_rank_expanded_none_fixed504_union,ridge,characteristics,504,ew_spread_bp,113.02061010838385,45.49228135893832,2.484390906154843,0.012977326443843567,23.85737707030188,202.18384314646582,2266,2266,0,9,full,daily_rank,expanded,none,fixed504,union,raw,10,f_cumret10,3027488
ld3_ridge_characteristics_full_raw_daily_rank_expanded_none_fixed504_union,ridge,characteristics,504,cap_spread_bp,91.8086210336944,45.82204481335922,2.0035906605138667,0.045113927129381205,1.999063501529946,181.61817856585884,2266,2266,0,9,full,daily_rank,expanded,none,fixed504,union,raw,10,f_cumret10,3027488
ld3_lasso_characteristics_full_raw_daily_rank_original_none_fixed504_union,lasso,characteristics,504,rank_ic,0.1088247552305953,0.009596185450919385,11.3404181054222,8.274816804354332e-30,0.09001657735782605,0.12763293310336454,2266,2266,0,9,full,daily_rank,original,none,fixed504,union,raw,10,f_cumret10,3027488
ld3_lasso_characteristics_full_raw_daily_rank_original_none_fixed504_union,lasso,characteristics,504,ew_spread_bp,113.49609025549599,44.59201719954121,2.5452109454394383,0.010921174104507053,26.097342546404576,200.8948379645874,2266,2266,0,9,full,daily_rank,original,none,fixed504,union,raw,10,f_cumret10,3027488
ld3_lasso_characteristics_full_raw_daily_rank_original_none_fixed504_union,lasso,characteristics,504,cap_spread_bp,109.20353870816196,43.011085772204595,2.5389626127209617,0.01111817039110372,24.903359658677815,193.5037177576461,2266,2266,0,9,full,daily_rank,original,none,fixed504,union,raw,10,f_cumret10,3027488
ld3_lasso_characteristics_full_raw_daily_rank_expanded_none_fixed504_union,lasso,characteristics,504,rank_ic,0.10833748744589715,0.00960314176465601,11.28146289005428,1.6202887832117588e-29,0.08951567544873895,0.12715929944305535,2266,2266,0,9,full,daily_rank,expanded,none,fixed504,union,raw,10,f_cumret10,3027488
ld3_lasso_characteristics_full_raw_daily_rank_expanded_none_fixed504_union,lasso,characteristics,504,ew_spread_bp,99.6667220786778,45.681604637450924,2.1817692891849187,0.02912656420891577,10.132422233276074,189.2010219240795,2266,2266,0,9,full,daily_rank,expanded,none,fixed504,union,raw,10,f_cumret10,3027488
ld3_lasso_characteristics_full_raw_daily_rank_expanded_none_fixed504_union,lasso,characteristics,504,cap_spread_bp,75.16447038081691,45.6313181248269,1.6472123416465967,0.09951440794428891,-14.271269710933609,164.60021047256743,2266,2266,0,9,full,daily_rank,expanded,none,fixed504,union,raw,10,f_cumret10,3027488
ld3_group_ridge_characteristics_textcore_pca_raw_standard_original_expanded_fixed504_union,group_ridge,characteristics_textcore,504,rank_ic,0.13337206517910655,0.01389961974982785,9.595375095117864,8.36124161611961e-22,0.10612931107064233,0.16061481928757076,2266,2266,0,20,pca,standard,original,expanded,fixed504,union,raw,21,f_cumret21,3020813
ld3_group_ridge_characteristics_textcore_pca_raw_standard_original_expanded_fixed504_union,group_ridge,characteristics_textcore,504,ew_spread_bp,226.43888494315632,99.94239046737887,2.2656941052162027,0.023470118715212818,30.555399098254526,422.32237078805815,2266,2266,0,20,pca,standard,original,expanded,fixed504,union,raw,21,f_cumret21,3020813
ld3_group_ridge_characteristics_textcore_pca_raw_standard_original_expanded_fixed504_union,group_ridge,characteristics_textcore,504,cap_spread_bp,166.21091311860408,97.80932888532543,1.6993359939466992,0.08925589434105417,-25.491848848666933,357.91367508587507,2266,2266,0,20,pca,standard,original,expanded,fixed504,union,raw,21,f_cumret21,3020813
ld3_group_ridge_characteristics_textcore_pca_raw_standard_expanded_original_fixed504_union,group_ridge,characteristics_textcore,504,rank_ic,0.13382352314347654,0.013895741055676253,9.630542380380005,5.941503124187119e-22,0.1065883711358565,0.1610586751510966,2266,2266,0,20,pca,standard,expanded,original,fixed504,union,raw,21,f_cumret21,3020813
ld3_group_ridge_characteristics_textcore_pca_raw_standard_expanded_original_fixed504_union,group_ridge,characteristics_textcore,504,ew_spread_bp,225.83386818102537,99.7951291464993,2.2629748577157622,0.02363723920762764,30.23900922136329,421.42872714068744,2266,2266,0,20,pca,standard,expanded,original,fixed504,union,raw,21,f_cumret21,3020813
ld3_group_ridge_characteristics_textcore_pca_raw_standard_expanded_original_fixed504_union,group_ridge,characteristics_textcore,504,cap_spread_bp,159.99499509090296,96.94668500129133,1.6503400305928133,0.09887340916866277,-30.017015932177486,350.0070061139834,2266,2266,0,20,pca,standard,expanded,original,fixed504,union,raw,21,f_cumret21,3020813
ld3_group_ridge_characteristics_textcore_pca_raw_standard_expanded_expanded_fixed504_union,group_ridge,characteristics_textcore,504,rank_ic,0.1335950341861531,0.013900059661186194,9.611112286028307,7.17694546971075e-22,0.10635141786727012,0.16083865050503607,2266,2266,0,20,pca,standard,expanded,expanded,fixed504,union,raw,21,f_cumret21,3020813
ld3_group_ridge_characteristics_textcore_pca_raw_standard_expanded_expanded_fixed504_union,group_ridge,characteristics_textcore,504,ew_spread_bp,225.23762368985973,99.75789269160768,2.2578426389394677,0.023955471837975154,29.715746840697193,420.75950053902227,2266,2266,0,20,pca,standard,expanded,expanded,fixed504,union,raw,21,f_cumret21,3020813
ld3_group_ridge_characteristics_textcore_pca_raw_standard_expanded_expanded_fixed504_union,group_ridge,characteristics_textcore,504,cap_spread_bp,157.3116453612173,97.00853968139562,1.6216267751053124,0.10488328606719628,-32.82159860714279,347.4448893295774,2266,2266,0,20,pca,standard,expanded,expanded,fixed504,union,raw,21,f_cumret21,3020813
ld3_ols_characteristics_full_raw_daily_rank_original_none_fixed504_union,ols,characteristics,504,rank_ic,0.12957768429987818,0.013353520039987259,9.703634990014349,2.909444549198297e-22,0.10340526595466928,0.15575010264508707,2266,2266,0,20,full,daily_rank,original,none,fixed504,union,raw,21,f_cumret21,3020813
ld3_ols_characteristics_full_raw_daily_rank_original_none_fixed504_union,ols,characteristics,504,ew_spread_bp,223.0788162932497,89.77553076483102,2.4848509877107783,0.012960567336419858,47.122009301213296,399.0356232852861,2266,2266,0,20,full,daily_rank,original,none,fixed504,union,raw,21,f_cumret21,3020813
ld3_ols_characteristics_full_raw_daily_rank_original_none_fixed504_union,ols,characteristics,504,cap_spread_bp,160.70241881794783,80.99511037327677,1.9841002509574872,0.04724466516990036,1.954919562478807,319.4499180734168,2266,2266,0,20,full,daily_rank,original,none,fixed504,union,raw,21,f_cumret21,3020813
ld3_ridge_characteristics_full_raw_daily_rank_original_none_fixed504_union,ridge,characteristics,504,rank_ic,0.13223404809132497,0.014057078794000291,9.406936535616763,5.108076303006416e-21,0.10468267992724266,0.15978541625540726,2266,2266,0,20,full,daily_rank,original,none,fixed504,union,raw,21,f_cumret21,3020813
ld3_ridge_characteristics_full_raw_daily_rank_original_none_fixed504_union,ridge,characteristics,504,ew_spread_bp,199.01887892498004,98.23201369441416,2.0260083392375474,0.042763930081710456,6.487669955082907,391.55008789487715,2266,2266,0,20,full,daily_rank,original,none,fixed504,union,raw,21,f_cumret21,3020813
ld3_ridge_characteristics_full_raw_daily_rank_original_none_fixed504_union,ridge,characteristics,504,cap_spread_bp,152.76647189126442,95.55729966368757,1.5986897121300374,0.10988956467312228,-34.522393909464654,340.0553376919935,2266,2266,0,20,full,daily_rank,original,none,fixed504,union,raw,21,f_cumret21,3020813
ld3_ridge_characteristics_full_raw_daily_rank_expanded_none_fixed504_union,ridge,characteristics,504,rank_ic,0.13215414707920245,0.014026359661340528,9.421842179296592,4.4324209458665896e-21,0.10466298730876958,0.15964530684963532,2266,2266,0,20,full,daily_rank,expanded,none,fixed504,union,raw,21,f_cumret21,3020813
ld3_ridge_characteristics_full_raw_daily_rank_expanded_none_fixed504_union,ridge,characteristics,504,ew_spread_bp,201.7092844778081,97.96249989438734,2.0590459073142213,0.03948984094712339,9.706312849300076,393.7122561063161,2266,2266,0,20,full,daily_rank,expanded,none,fixed504,union,raw,21,f_cumret21,3020813
ld3_ridge_characteristics_full_raw_daily_rank_expanded_none_fixed504_union,ridge,characteristics,504,cap_spread_bp,151.1340349933231,95.39942245421167,1.5842237940786492,0.11314280042328202,-35.845397162853516,338.1134671494997,2266,2266,0,20,full,daily_rank,expanded,none,fixed504,union,raw,21,f_cumret21,3020813
ld3_lasso_characteristics_full_raw_daily_rank_original_none_fixed504_union,lasso,characteristics,504,rank_ic,0.1320112064058907,0.013905184081187037,9.493668378291714,2.230437777130579e-21,0.10475754640836443,0.15926486640341697,2266,2266,0,20,full,daily_rank,original,none,fixed504,union,raw,21,f_cumret21,3020813
ld3_lasso_characteristics_full_raw_daily_rank_original_none_fixed504_union,lasso,characteristics,504,ew_spread_bp,209.44989542981625,94.89327687891661,2.207215329881308,0.02729901927610687,23.462490372152274,395.43730048748023,2266,2266,0,20,full,daily_rank,original,none,fixed504,union,raw,21,f_cumret21,3020813
ld3_lasso_characteristics_full_raw_daily_rank_original_none_fixed504_union,lasso,characteristics,504,cap_spread_bp,181.6458161109353,89.14872743163772,2.0375592713897963,0.041594028693901046,6.917521077347402,356.3741111445232,2266,2266,0,20,full,daily_rank,original,none,fixed504,union,raw,21,f_cumret21,3020813
ld3_lasso_characteristics_full_raw_daily_rank_expanded_none_fixed504_union,lasso,characteristics,504,rank_ic,0.13167309057374668,0.013913759589349203,9.463516293219604,2.977580652420192e-21,0.10440262288907343,0.15894355825841994,2266,2266,0,20,full,daily_rank,expanded,none,fixed504,union,raw,21,f_cumret21,3020813
ld3_lasso_characteristics_full_raw_daily_rank_expanded_none_fixed504_union,lasso,characteristics,504,ew_spread_bp,189.13076422823815,98.28879106835979,1.9242353290997123,0.05432509264243261,-3.511726349729173,381.7732548062055,2266,2266,0,20,full,daily_rank,expanded,none,fixed504,union,raw,21,f_cumret21,3020813
ld3_lasso_characteristics_full_raw_daily_rank_expanded_none_fixed504_union,lasso,characteristics,504,cap_spread_bp,139.57079670375396,94.39718215060218,1.478548337185334,0.1392610691298772,-45.44428055349354,324.5858739610014,2266,2266,0,20,full,daily_rank,expanded,none,fixed504,union,raw,21,f_cumret21,3020813
ld3_group_ridge_characteristics_textcore_pca_raw_standard_original_expanded_fixed504_union,group_ridge,characteristics_textcore,504,rank_ic,0.16076225381658896,0.019339772217581208,8.312520540983662,9.369042765003398e-17,0.12285699680092146,0.19866751083225645,2266,2266,0,41,pca,standard,original,expanded,fixed504,union,raw,42,f_cumret42,3007314
ld3_group_ridge_characteristics_textcore_pca_raw_standard_original_expanded_fixed504_union,group_ridge,characteristics_textcore,504,ew_spread_bp,363.4874710858078,225.429526918223,1.6124217446353726,0.10687019621917276,-78.34628272581193,805.3212248974276,2266,2266,0,41,pca,standard,original,expanded,fixed504,union,raw,42,f_cumret42,3007314
ld3_group_ridge_characteristics_textcore_pca_raw_standard_original_expanded_fixed504_union,group_ridge,characteristics_textcore,504,cap_spread_bp,298.19939906629133,203.36548945378033,1.4663225302740674,0.14256044033642246,-100.38963596147829,696.7884340940609,2266,2266,0,41,pca,standard,original,expanded,fixed504,union,raw,42,f_cumret42,3007314
ld3_group_ridge_characteristics_textcore_pca_raw_standard_expanded_original_fixed504_union,group_ridge,characteristics_textcore,504,rank_ic,0.16122249201183464,0.019343506559976024,8.334708679212424,7.768923847217304e-17,0.12330991581956735,0.19913506820410193,2266,2266,0,41,pca,standard,expanded,original,fixed504,union,raw,42,f_cumret42,3007314
ld3_group_ridge_characteristics_textcore_pca_raw_standard_expanded_original_fixed504_union,group_ridge,characteristics_textcore,504,ew_spread_bp,363.09245733666137,225.61476082731147,1.6093470835207326,0.10754046912084796,-79.10434826548732,805.28926293881,2266,2266,0,41,pca,standard,expanded,original,fixed504,union,raw,42,f_cumret42,3007314
ld3_group_ridge_characteristics_textcore_pca_raw_standard_expanded_original_fixed504_union,group_ridge,characteristics_textcore,504,cap_spread_bp,298.7888704689189,202.94225548311354,1.47228515696565,0.14094388980792463,-98.97064121930993,696.5483821571477,2266,2266,0,41,pca,standard,expanded,original,fixed504,union,raw,42,f_cumret42,3007314
ld3_group_ridge_characteristics_textcore_pca_raw_standard_expanded_expanded_fixed504_union,group_ridge,characteristics_textcore,504,rank_ic,0.16096676162476584,0.019328165199149816,8.328093223864117,8.215481136064714e-17,0.12308425394719175,0.19884926930233993,2266,2266,0,41,pca,standard,expanded,expanded,fixed504,union,raw,42,f_cumret42,3007314
ld3_group_ridge_characteristics_textcore_pca_raw_standard_expanded_expanded_fixed504_union,group_ridge,characteristics_textcore,504,ew_spread_bp,363.18996326609033,225.5868045663973,1.6099787572423905,0.10740249387201084,-78.95204907152419,805.3319756037049,2266,2266,0,41,pca,standard,expanded,expanded,fixed504,union,raw,42,f_cumret42,3007314
ld3_group_ridge_characteristics_textcore_pca_raw_standard_expanded_expanded_fixed504_union,group_ridge,characteristics_textcore,504,cap_spread_bp,290.7628772767962,202.2840044317669,1.4373992550403283,0.1506045803586687,-105.70648605800761,687.2322406116,2266,2266,0,41,pca,standard,expanded,expanded,fixed504,union,raw,42,f_cumret42,3007314
ld3_ols_characteristics_full_raw_daily_rank_original_none_fixed504_union,ols,characteristics,504,rank_ic,0.1551518946994965,0.018697523566246113,8.297991664499676,1.0588610450294777e-16,0.1185054219095652,0.1917983674894278,2266,2266,0,41,full,daily_rank,original,none,fixed504,union,raw,42,f_cumret42,3007314
ld3_ols_characteristics_full_raw_daily_rank_original_none_fixed504_union,ols,characteristics,504,ew_spread_bp,360.71870525279223,197.28753241701116,1.8283907798610044,0.06749092414705027,-25.957752883328055,747.3951633889126,2266,2266,0,41,full,daily_rank,original,none,fixed504,union,raw,42,f_cumret42,3007314
ld3_ols_characteristics_full_raw_daily_rank_original_none_fixed504_union,ols,characteristics,504,cap_spread_bp,276.80680508458556,176.31021189925087,1.5699987091091556,0.1164154115967829,-68.75486034457145,622.3684705137425,2266,2266,0,41,full,daily_rank,original,none,fixed504,union,raw,42,f_cumret42,3007314
ld3_ridge_characteristics_full_raw_daily_rank_original_none_fixed504_union,ridge,characteristics,504,rank_ic,0.15942068019074987,0.019628194707766583,8.122024595958868,4.584703824607855e-16,0.12095012548198768,0.19789123489951205,2266,2266,0,41,full,daily_rank,original,none,fixed504,union,raw,42,f_cumret42,3007314
ld3_ridge_characteristics_full_raw_daily_rank_original_none_fixed504_union,ridge,characteristics,504,ew_spread_bp,321.54962683549934,218.97734693626433,1.4684150270990806,0.14199152218555178,-107.63808658971107,750.7373402607097,2266,2266,0,41,full,daily_rank,original,none,fixed504,union,raw,42,f_cumret42,3007314
ld3_ridge_characteristics_full_raw_daily_rank_original_none_fixed504_union,ridge,characteristics,504,cap_spread_bp,278.5956060401246,200.14179406872577,1.3919911497568516,0.1639250779845035,-113.6751021358101,670.8663142160593,2266,2266,0,41,full,daily_rank,original,none,fixed504,union,raw,42,f_cumret42,3007314
ld3_ridge_characteristics_full_raw_daily_rank_expanded_none_fixed504_union,ridge,characteristics,504,rank_ic,0.1595857430048134,0.019578994299889508,8.1508651854357,3.6132975682580234e-16,0.12121161932351496,0.19795986668611185,2266,2266,0,41,full,daily_rank,expanded,none,fixed504,union,raw,42,f_cumret42,3007314
ld3_ridge_characteristics_full_raw_daily_rank_expanded_none_fixed504_union,ridge,characteristics,504,ew_spread_bp,328.0515326251196,218.17062623855057,1.5036466562021225,0.1326723711387402,-99.55503728698886,755.658102537228,2266,2266,0,41,full,daily_rank,expanded,none,fixed504,union,raw,42,f_cumret42,3007314
ld3_ridge_characteristics_full_raw_daily_rank_expanded_none_fixed504_union,ridge,characteristics,504,cap_spread_bp,287.4654622739559,197.72788010806252,1.4538438490153733,0.14598960337580474,-100.0740614773004,675.0049860252122,2266,2266,0,41,full,daily_rank,expanded,none,fixed504,union,raw,42,f_cumret42,3007314
ld3_lasso_characteristics_full_raw_daily_rank_original_none_fixed504_union,lasso,characteristics,504,rank_ic,0.15847207624310075,0.01938935949091028,8.173146530053886,3.0044870693242756e-16,0.12046962995761673,0.19647452252858477,2266,2266,0,41,full,daily_rank,original,none,fixed504,union,raw,42,f_cumret42,3007314
ld3_lasso_characteristics_full_raw_daily_rank_original_none_fixed504_union,lasso,characteristics,504,ew_spread_bp,344.4066230765764,210.1796336597974,1.6386298571346953,0.10129037027591714,-67.53788918044893,756.3511353336017,2266,2266,0,41,full,daily_rank,original,none,fixed504,union,raw,42,f_cumret42,3007314
ld3_lasso_characteristics_full_raw_daily_rank_original_none_fixed504_union,lasso,characteristics,504,cap_spread_bp,308.0515484753735,184.7400588328633,1.6674864694834362,0.09541771266308073,-54.032313338849235,670.1354102895963,2266,2266,0,41,full,daily_rank,original,none,fixed504,union,raw,42,f_cumret42,3007314
ld3_lasso_characteristics_full_raw_daily_rank_expanded_none_fixed504_union,lasso,characteristics,504,rank_ic,0.15806063071199886,0.01941472255063436,8.141276822255405,3.9113097263544784e-16,0.1200084737429179,0.19611278768107981,2266,2266,0,41,full,daily_rank,expanded,none,fixed504,union,raw,42,f_cumret42,3007314
ld3_lasso_characteristics_full_raw_daily_rank_expanded_none_fixed504_union,lasso,characteristics,504,ew_spread_bp,314.480358256784,216.46914587119142,1.4527722045150653,0.14628701176855086,-109.79137141489855,738.7520879284665,2266,2266,0,41,full,daily_rank,expanded,none,fixed504,union,raw,42,f_cumret42,3007314
ld3_lasso_characteristics_full_raw_daily_rank_expanded_none_fixed504_union,lasso,characteristics,504,cap_spread_bp,259.7288795131167,191.82993099890734,1.3539538807142462,0.17575109191727079,-116.25087640154538,635.7086354277787,2266,2266,0,41,full,daily_rank,expanded,none,fixed504,union,raw,42,f_cumret42,3007314
ld3_group_ridge_characteristics_textcore_pca_raw_standard_original_expanded_fixed504_union,group_ridge,characteristics_textcore,504,rank_ic,0.18564750752031348,0.02296291832033512,8.08466523856033,6.233517933735694e-16,0.14064101463252165,0.2306540004081053,2266,2266,0,62,pca,standard,original,expanded,fixed504,union,raw,63,f_cumret63,2993214
ld3_group_ridge_characteristics_textcore_pca_raw_standard_original_expanded_fixed504_union,group_ridge,characteristics_textcore,504,ew_spread_bp,513.800143025929,342.8753159255596,1.4985043225960255,0.13400227040690885,-158.22312737596076,1185.8234134278187,2266,2266,0,62,pca,standard,original,expanded,fixed504,union,raw,63,f_cumret63,2993214
ld3_group_ridge_characteristics_textcore_pca_raw_standard_original_expanded_fixed504_union,group_ridge,characteristics_textcore,504,cap_spread_bp,430.24519667535657,298.205804886481,1.4427794148378146,0.14908261975871384,-154.22744088292467,1014.7178342336379,2266,2266,0,62,pca,standard,original,expanded,fixed504,union,raw,63,f_cumret63,2993214
ld3_group_ridge_characteristics_textcore_pca_raw_standard_expanded_original_fixed504_union,group_ridge,characteristics_textcore,504,rank_ic,0.18652344161089937,0.023017160951525874,8.103668476043488,5.332629448005948e-16,0.141410635119547,0.23163624810225175,2266,2266,0,62,pca,standard,expanded,original,fixed504,union,raw,63,f_cumret63,2993214
ld3_group_ridge_characteristics_textcore_pca_raw_standard_expanded_original_fixed504_union,group_ridge,characteristics_textcore,504,ew_spread_bp,509.98496252564405,344.6884969017717,1.4795531823940675,0.13899252858443778,-165.59207728707452,1185.5620023383626,2266,2266,0,62,pca,standard,expanded,original,fixed504,union,raw,63,f_cumret63,2993214
ld3_group_ridge_characteristics_textcore_pca_raw_standard_expanded_original_fixed504_union,group_ridge,characteristics_textcore,504,cap_spread_bp,421.9390957264077,298.69711947205195,1.4125984759149546,0.1577738174408133,-163.49650072467182,1007.3746921774872,2266,2266,0,62,pca,standard,expanded,original,fixed504,union,raw,63,f_cumret63,2993214
ld3_group_ridge_characteristics_textcore_pca_raw_standard_expanded_expanded_fixed504_union,group_ridge,characteristics_textcore,504,rank_ic,0.1859185401593295,0.022936335879311553,8.105851829935355,5.237724428944623e-16,0.140964147898565,0.23087293242009396,2266,2266,0,62,pca,standard,expanded,expanded,fixed504,union,raw,63,f_cumret63,2993214
ld3_group_ridge_characteristics_textcore_pca_raw_standard_expanded_expanded_fixed504_union,group_ridge,characteristics_textcore,504,ew_spread_bp,507.95582973697185,343.92354061565743,1.4769440580533693,0.139690633523751,-166.1219233052152,1182.033582779159,2266,2266,0,62,pca,standard,expanded,expanded,fixed504,union,raw,63,f_cumret63,2993214
ld3_group_ridge_characteristics_textcore_pca_raw_standard_expanded_expanded_fixed504_union,group_ridge,characteristics_textcore,504,cap_spread_bp,405.845700746946,296.76352957157695,1.3675726978070577,0.17144586730821376,-175.80012913833207,987.4915306322241,2266,2266,0,62,pca,standard,expanded,expanded,fixed504,union,raw,63,f_cumret63,2993214
ld3_ols_characteristics_full_raw_daily_rank_original_none_fixed504_union,ols,characteristics,504,rank_ic,0.17956609411350377,0.022383070891648857,8.022406531379929,1.0369329707894477e-15,0.1356960813024652,0.22343610692454235,2266,2266,0,62,full,daily_rank,original,none,fixed504,union,raw,63,f_cumret63,2993214
ld3_ols_characteristics_full_raw_daily_rank_original_none_fixed504_union,ols,characteristics,504,ew_spread_bp,493.0333186010186,309.53521068680226,1.592818204775694,0.11120097994088637,-113.64454629213145,1099.7111834941686,2266,2266,0,62,full,daily_rank,original,none,fixed504,union,raw,63,f_cumret63,2993214
ld3_ols_characteristics_full_raw_daily_rank_original_none_fixed504_union,ols,characteristics,504,cap_spread_bp,405.4841160052171,265.2737576714429,1.5285496747380227,0.12637611999880766,-114.44289507441687,925.4111270848512,2266,2266,0,62,full,daily_rank,original,none,fixed504,union,raw,63,f_cumret63,2993214
ld3_ridge_characteristics_full_raw_daily_rank_original_none_fixed504_union,ridge,characteristics,504,rank_ic,0.1842167692334988,0.023400013821273286,7.872506855787611,3.476046176826091e-15,0.13835358490606367,0.23007995356093394,2266,2266,0,62,full,daily_rank,original,none,fixed504,union,raw,63,f_cumret63,2993214
ld3_ridge_characteristics_full_raw_daily_rank_original_none_fixed504_union,ridge,characteristics,504,ew_spread_bp,448.30783422839517,337.31568811873893,1.3290453128008257,0.1838330208294875,-212.81876590467851,1109.434434361469,2266,2266,0,62,full,daily_rank,original,none,fixed504,union,raw,63,f_cumret63,2993214
ld3_ridge_characteristics_full_raw_daily_rank_original_none_fixed504_union,ridge,characteristics,504,cap_spread_bp,393.93383025568977,297.38537006423655,1.3246577334002623,0.18528469785993407,-188.9307845993298,976.7984451107093,2266,2266,0,62,full,daily_rank,original,none,fixed504,union,raw,63,f_cumret63,2993214
ld3_ridge_characteristics_full_raw_daily_rank_expanded_none_fixed504_union,ridge,characteristics,504,rank_ic,0.18428866650909675,0.02335154828855605,7.891924947837893,2.9756066889250718e-15,0.13852047288027897,0.23005686013791454,2266,2266,0,62,full,daily_rank,expanded,none,fixed504,union,raw,63,f_cumret63,2993214
ld3_ridge_characteristics_full_raw_daily_rank_expanded_none_fixed504_union,ridge,characteristics,504,ew_spread_bp,451.72470634629394,337.08459368208486,1.3400930057703253,0.18021510969679888,-208.94895701391022,1112.3983697064982,2266,2266,0,62,full,daily_rank,expanded,none,fixed504,union,raw,63,f_cumret63,2993214
ld3_ridge_characteristics_full_raw_daily_rank_expanded_none_fixed504_union,ridge,characteristics,504,cap_spread_bp,399.1699803815782,295.47969832466674,1.350921848928446,0.17672046844118416,-179.95958649752873,978.2995472606851,2266,2266,0,62,full,daily_rank,expanded,none,fixed504,union,raw,63,f_cumret63,2993214
ld3_lasso_characteristics_full_raw_daily_rank_original_none_fixed504_union,lasso,characteristics,504,rank_ic,0.1833447594574251,0.023093608767582558,7.939199165562795,2.0349079907099915e-15,0.13808211799990486,0.22860740091494533,2266,2266,0,62,full,daily_rank,original,none,fixed504,union,raw,63,f_cumret63,2993214
ld3_lasso_characteristics_full_raw_daily_rank_original_none_fixed504_union,lasso,characteristics,504,ew_spread_bp,475.08446138880277,326.23863635908504,1.4562483055069106,0.1453239902970078,-164.33151624046332,1114.5004390180688,2266,2266,0,62,full,daily_rank,original,none,fixed504,union,raw,63,f_cumret63,2993214
ld3_lasso_characteristics_full_raw_daily_rank_original_none_fixed504_union,lasso,characteristics,504,cap_spread_bp,426.09908266875823,275.7535511077998,1.5452170278749524,0.12229377695641051,-114.36794611155449,966.566111449071,2266,2266,0,62,full,daily_rank,original,none,fixed504,union,raw,63,f_cumret63,2993214
ld3_lasso_characteristics_full_raw_daily_rank_expanded_none_fixed504_union,lasso,characteristics,504,rank_ic,0.1826871072719777,0.023175124950073137,7.882896323775858,3.1987846867771902e-15,0.13726469703261873,0.22810951751133668,2266,2266,0,62,full,daily_rank,expanded,none,fixed504,union,raw,63,f_cumret63,2993214
ld3_lasso_characteristics_full_raw_daily_rank_expanded_none_fixed504_union,lasso,characteristics,504,ew_spread_bp,440.7666377873844,336.03484074732046,1.3116694590571234,0.1896316857889666,-217.84954762801635,1099.3828232027852,2266,2266,0,62,full,daily_rank,expanded,none,fixed504,union,raw,63,f_cumret63,2993214
ld3_lasso_characteristics_full_raw_daily_rank_expanded_none_fixed504_union,lasso,characteristics,504,cap_spread_bp,372.4187344217205,286.8350290230589,1.298372572172074,0.1941593394073845,-189.76759196797605,934.605060811417,2266,2266,0,62,full,daily_rank,expanded,none,fixed504,union,raw,63,f_cumret63,2993214
ld3_enet_characteristics_full_raw_daily_rank_original_none_fixed504_union,enet,characteristics,504,rank_ic,0.08475196843180072,0.005778884373210406,14.665801036734974,1.0674987491405482e-48,0.073425563189487,0.09607837367411444,2266,2266,0,5,full,daily_rank,original,none,fixed504,union,raw,3,f_cumret3,3031789
ld3_enet_characteristics_full_raw_daily_rank_original_none_fixed504_union,enet,characteristics,504,ew_spread_bp,49.59663631231936,15.384773961994348,3.223748131421366,0.001265246301166616,19.443033436520846,79.75023918811787,2266,2266,0,5,full,daily_rank,original,none,fixed504,union,raw,3,f_cumret3,3031789
ld3_enet_characteristics_full_raw_daily_rank_original_none_fixed504_union,enet,characteristics,504,cap_spread_bp,39.387276911902234,15.769344831049116,2.4977116889695057,0.012499780887715833,8.479928983253103,70.29462484055136,2266,2266,0,5,full,daily_rank,original,none,fixed504,union,raw,3,f_cumret3,3031789
ld3_enet_characteristics_full_raw_daily_rank_expanded_none_fixed504_union,enet,characteristics,504,rank_ic,0.0842415963239712,0.005813341446107974,14.491080062116575,1.3795637810969617e-47,0.07284765645976557,0.09563553618817683,2266,2266,0,5,full,daily_rank,expanded,none,fixed504,union,raw,3,f_cumret3,3031789
ld3_enet_characteristics_full_raw_daily_rank_expanded_none_fixed504_union,enet,characteristics,504,ew_spread_bp,44.16921306135539,15.79576535845212,2.796269256919608,0.005169631110308301,13.21008185054382,75.12834427216697,2266,2266,0,5,full,daily_rank,expanded,none,fixed504,union,raw,3,f_cumret3,3031789
ld3_enet_characteristics_full_raw_daily_rank_expanded_none_fixed504_union,enet,characteristics,504,cap_spread_bp,34.00181679863685,16.215590172710925,2.096859653980292,0.03600600098424524,2.219844072061804,65.7837895252119,2266,2266,0,5,full,daily_rank,expanded,none,fixed504,union,raw,3,f_cumret3,3031789
ld3_ols_characteristics_core_full_raw_daily_rank_original_none_fixed504_union,ols,characteristics_core,504,rank_ic,0.08543861609852654,0.005480411463196951,15.589817785084088,8.537672767755105e-55,0.07469720701020005,0.09618002518685304,2266,2266,0,5,full,daily_rank,original,none,fixed504,union,raw,3,f_cumret3,3031789
ld3_ols_characteristics_core_full_raw_daily_rank_original_none_fixed504_union,ols,characteristics_core,504,ew_spread_bp,62.59547700799669,14.78994738686167,4.232298829108887,2.3131478539565114e-05,33.60771279650554,91.58324121948785,2266,2266,0,5,full,daily_rank,original,none,fixed504,union,raw,3,f_cumret3,3031789
ld3_ols_characteristics_core_full_raw_daily_rank_original_none_fixed504_union,ols,characteristics_core,504,cap_spread_bp,37.74478215385806,15.117270867852211,2.496798693613714,0.012532007670742334,8.11547570833116,67.37408859938496,2266,2266,0,5,full,daily_rank,original,none,fixed504,union,raw,3,f_cumret3,3031789
ld3_ridge_characteristics_core_full_raw_daily_rank_original_none_fixed504_union,ridge,characteristics_core,504,rank_ic,0.0865658432000433,0.005798057365731213,14.930146036788338,2.0980611746130708e-50,0.07520185958291295,0.09792982681717366,2266,2266,0,5,full,daily_rank,original,none,fixed504,union,raw,3,f_cumret3,3031789
ld3_ridge_characteristics_core_full_raw_daily_rank_original_none_fixed504_union,ridge,characteristics_core,504,ew_spread_bp,54.7826799547134,15.774359649916937,3.4728940616617594,0.0005148785451008635,23.86550316169435,85.69985674773245,2266,2266,0,5,full,daily_rank,original,none,fixed504,union,raw,3,f_cumret3,3031789
ld3_ridge_characteristics_core_full_raw_daily_rank_original_none_fixed504_union,ridge,characteristics_core,504,cap_spread_bp,37.59882016735154,16.22688725786039,2.3170691685886013,0.020499964194524628,5.794705560753258,69.40293477394982,2266,2266,0,5,full,daily_rank,original,none,fixed504,union,raw,3,f_cumret3,3031789
ld3_ridge_characteristics_core_full_raw_daily_rank_expanded_none_fixed504_union,ridge,characteristics_core,504,rank_ic,0.08666769555138218,0.005813206680980671,14.908758677880277,2.890768177129469e-50,0.07527401982197245,0.09806137128079191,2266,2266,0,5,full,daily_rank,expanded,none,fixed504,union,raw,3,f_cumret3,3031789
ld3_ridge_characteristics_core_full_raw_daily_rank_expanded_none_fixed504_union,ridge,characteristics_core,504,ew_spread_bp,54.65258276677521,15.853054923228859,3.4474480175234192,0.0005659092964464152,23.581166072311255,85.72399946123917,2266,2266,0,5,full,daily_rank,expanded,none,fixed504,union,raw,3,f_cumret3,3031789
ld3_ridge_characteristics_core_full_raw_daily_rank_expanded_none_fixed504_union,ridge,characteristics_core,504,cap_spread_bp,34.97159390345916,16.6637739159015,2.0986598882073957,0.03584689299655827,2.311197181774233,67.63199062514408,2266,2266,0,5,full,daily_rank,expanded,none,fixed504,union,raw,3,f_cumret3,3031789
ld3_lasso_characteristics_core_full_raw_daily_rank_original_none_fixed504_union,lasso,characteristics_core,504,rank_ic,0.08596326277296801,0.005726288219675059,15.012039121189403,6.123583569964937e-51,0.07473994409730891,0.0971865814486271,2266,2266,0,5,full,daily_rank,original,none,fixed504,union,raw,3,f_cumret3,3031789
ld3_lasso_characteristics_core_full_raw_daily_rank_original_none_fixed504_union,lasso,characteristics_core,504,ew_spread_bp,54.668781206074755,15.488665168007616,3.529599265855075,0.0004161895407763903,24.311555308179802,85.0260071039697,2266,2266,0,5,full,daily_rank,original,none,fixed504,union,raw,3,f_cumret3,3031789
ld3_lasso_characteristics_core_full_raw_daily_rank_original_none_fixed504_union,lasso,characteristics_core,504,cap_spread_bp,37.726578497270225,15.898896700437248,2.3729054416859428,0.017648781486930748,6.565313570490517,68.88784342404993,2266,2266,0,5,full,daily_rank,original,none,fixed504,union,raw,3,f_cumret3,3031789
ld3_lasso_characteristics_core_full_raw_daily_rank_expanded_none_fixed504_union,lasso,characteristics_core,504,rank_ic,0.08562119959445064,0.00575273800799911,14.883556225817241,4.214870746663388e-50,0.07434604028627768,0.09689635890262359,2266,2266,0,5,full,daily_rank,expanded,none,fixed504,union,raw,3,f_cumret3,3031789
ld3_lasso_characteristics_core_full_raw_daily_rank_expanded_none_fixed504_union,lasso,characteristics_core,504,ew_spread_bp,49.510027088795525,15.720727125174962,3.149347144987386,0.0016363568707447936,18.697968112670697,80.32208606492036,2266,2266,0,5,full,daily_rank,expanded,none,fixed504,union,raw,3,f_cumret3,3031789
ld3_lasso_characteristics_core_full_raw_daily_rank_expanded_none_fixed504_union,lasso,characteristics_core,504,cap_spread_bp,32.4959371247858,16.04735566766275,2.0250026108830386,0.042867096134410344,1.0436979690620944,63.9481762805095,2266,2266,0,5,full,daily_rank,expanded,none,fixed504,union,raw,3,f_cumret3,3031789
ld3_enet_characteristics_core_full_raw_daily_rank_original_none_fixed504_union,enet,characteristics_core,504,rank_ic,0.0857878812347204,0.005742878747133317,14.938132078366325,1.8611953697082158e-50,0.0745320457227586,0.09704371674668222,2266,2266,0,5,full,daily_rank,original,none,fixed504,union,raw,3,f_cumret3,3031789
ld3_enet_characteristics_core_full_raw_daily_rank_original_none_fixed504_union,enet,characteristics_core,504,ew_spread_bp,54.78756141636696,15.517352395323798,3.530728697820729,0.00041441658073900037,24.37410958611598,85.20101324661795,2266,2266,0,5,full,daily_rank,original,none,fixed504,union,raw,3,f_cumret3,3031789
ld3_enet_characteristics_core_full_raw_daily_rank_original_none_fixed504_union,enet,characteristics_core,504,cap_spread_bp,36.577050457646514,16.005709240208084,2.2852502134526462,0.022298160399711553,5.206436799818718,67.94766411547431,2266,2266,0,5,full,daily_rank,original,none,fixed504,union,raw,3,f_cumret3,3031789
ld3_enet_characteristics_full_raw_daily_rank_original_none_fixed504_union,enet,characteristics,504,rank_ic,0.09355159664750702,0.006981601633058847,13.399732835589946,6.068119548258438e-41,0.07986790889230566,0.10723528440270838,2266,2266,0,5,full,daily_rank,original,none,fixed504,union,raw,5,f_cumret5,3030544
ld3_enet_characteristics_full_raw_daily_rank_original_none_fixed504_union,enet,characteristics,504,ew_spread_bp,67.93161303031334,23.596110852300775,2.8789326112056965,0.003990235880487528,21.684085584589106,114.17914047603759,2266,2266,0,5,full,daily_rank,original,none,fixed504,union,raw,5,f_cumret5,3030544
ld3_enet_characteristics_full_raw_daily_rank_original_none_fixed504_union,enet,characteristics,504,cap_spread_bp,59.394957405107434,23.799098722927287,2.4956809539971463,0.012571561638675207,12.749581043656754,106.04033376655812,2266,2266,0,5,full,daily_rank,original,none,fixed504,union,raw,5,f_cumret5,3030544
ld3_enet_characteristics_full_raw_daily_rank_expanded_none_fixed504_union,enet,characteristics,504,rank_ic,0.09291945561099396,0.007024768707140197,13.227404272620063,6.095639694358065e-40,0.07915116194527518,0.10668774927671275,2266,2266,0,5,full,daily_rank,expanded,none,fixed504,union,raw,5,f_cumret5,3030544
ld3_enet_characteristics_full_raw_daily_rank_expanded_none_fixed504_union,enet,characteristics,504,ew_spread_bp,60.786639085938106,24.043417126518595,2.5282029907010894,0.011464804431676816,13.662407452688143,107.91087071918807,2266,2266,0,5,full,daily_rank,expanded,none,fixed504,union,raw,5,f_cumret5,3030544
ld3_enet_characteristics_full_raw_daily_rank_expanded_none_fixed504_union,enet,characteristics,504,cap_spread_bp,50.15056971721781,24.52339614339457,2.0450091587631096,0.0408539551677152,2.085596497555997,98.21554293687963,2266,2266,0,5,full,daily_rank,expanded,none,fixed504,union,raw,5,f_cumret5,3030544
ld3_ols_characteristics_core_full_raw_daily_rank_original_none_fixed504_union,ols,characteristics_core,504,rank_ic,0.09409010941924817,0.006612019775144631,14.230161526882313,5.954408213009289e-46,0.08113078879489807,0.10704943004359826,2266,2266,0,5,full,daily_rank,original,none,fixed504,union,raw,5,f_cumret5,3030544
ld3_ols_characteristics_core_full_raw_daily_rank_original_none_fixed504_union,ols,characteristics_core,504,ew_spread_bp,87.9985336743738,22.28696243053079,3.948431014260835,7.866507769257224e-05,44.31688998573619,131.6801773630114,2266,2266,0,5,full,daily_rank,original,none,fixed504,union,raw,5,f_cumret5,3030544
ld3_ols_characteristics_core_full_raw_daily_rank_original_none_fixed504_union,ols,characteristics_core,504,cap_spread_bp,59.26657975397309,22.42694331391489,2.642650802849307,0.00822598244202202,15.310578575378536,103.22258093256764,2266,2266,0,5,full,daily_rank,original,none,fixed504,union,raw,5,f_cumret5,3030544
ld3_ridge_characteristics_core_full_raw_daily_rank_original_none_fixed504_union,ridge,characteristics_core,504,rank_ic,0.0955266563248638,0.007004959551249518,13.63700327260621,2.4127318777974002e-42,0.0817971878912549,0.10925612475847271,2266,2266,0,5,full,daily_rank,original,none,fixed504,union,raw,5,f_cumret5,3030544
ld3_ridge_characteristics_core_full_raw_daily_rank_original_none_fixed504_union,ridge,characteristics_core,504,ew_spread_bp,78.16023119258942,24.02248888454176,3.2536275307794926,0.001139415683866533,31.077018159873795,125.24344422530504,2266,2266,0,5,full,daily_rank,original,none,fixed504,union,raw,5,f_cumret5,3030544
ld3_ridge_characteristics_core_full_raw_daily_rank_original_none_fixed504_union,ridge,characteristics_core,504,cap_spread_bp,58.60365533945225,24.747039287124608,2.368107742486293,0.01787932833210222,10.100349612690245,107.10696106621427,2266,2266,0,5,full,daily_rank,original,none,fixed504,union,raw,5,f_cumret5,3030544
ld3_ridge_characteristics_core_full_raw_daily_rank_expanded_none_fixed504_union,ridge,characteristics_core,504,rank_ic,0.09573066170615695,0.007022973878449291,13.631071873970116,2.617079654660274e-42,0.08196588584003076,0.10949543757228314,2266,2266,0,5,full,daily_rank,expanded,none,fixed504,union,raw,5,f_cumret5,3030544
ld3_ridge_characteristics_core_full_raw_daily_rank_expanded_none_fixed504_union,ridge,characteristics_core,504,ew_spread_bp,78.3688738536893,24.16170398417354,3.243516016296809,0.0011806417266042439,31.012804239591226,125.72494346778737,2266,2266,0,5,full,daily_rank,expanded,none,fixed504,union,raw,5,f_cumret5,3030544
ld3_ridge_characteristics_core_full_raw_daily_rank_expanded_none_fixed504_union,ridge,characteristics_core,504,cap_spread_bp,57.52470838090743,25.123442393435393,2.289682579324332,0.022039723998906992,8.283666122107284,106.76575063970756,2266,2266,0,5,full,daily_rank,expanded,none,fixed504,union,raw,5,f_cumret5,3030544
ld3_lasso_characteristics_core_full_raw_daily_rank_original_none_fixed504_union,lasso,characteristics_core,504,rank_ic,0.09496511224240817,0.006920742844352632,13.721809114739797,7.516617279891623e-43,0.08140070552121371,0.10852951896360262,2266,2266,0,5,full,daily_rank,original,none,fixed504,union,raw,5,f_cumret5,3030544
ld3_lasso_characteristics_core_full_raw_daily_rank_original_none_fixed504_union,lasso,characteristics_core,504,ew_spread_bp,77.4825220418823,23.50047828271854,3.2970614942275596,0.0009770210710956563,31.42243098828827,123.54261309547634,2266,2266,0,5,full,daily_rank,original,none,fixed504,union,raw,5,f_cumret5,3030544
ld3_lasso_characteristics_core_full_raw_daily_rank_original_none_fixed504_union,lasso,characteristics_core,504,cap_spread_bp,55.92231926070563,23.87443385137671,2.3423516389470693,0.019162650945570653,9.129288760723384,102.71534976068787,2266,2266,0,5,full,daily_rank,original,none,fixed504,union,raw,5,f_cumret5,3030544
ld3_lasso_characteristics_core_full_raw_daily_rank_expanded_none_fixed504_union,lasso,characteristics_core,504,rank_ic,0.09451423832053392,0.00695298620673033,13.59333033467639,4.386571579265146e-42,0.08088663577033871,0.10814184087072913,2266,2266,0,5,full,daily_rank,expanded,none,fixed504,union,raw,5,f_cumret5,3030544
ld3_lasso_characteristics_core_full_raw_daily_rank_expanded_none_fixed504_union,lasso,characteristics_core,504,ew_spread_bp,70.12282903244576,23.883696847887585,2.936012355166359,0.0033246108056426355,23.311643392913282,116.93401467197825,2266,2266,0,5,full,daily_rank,expanded,none,fixed504,union,raw,5,f_cumret5,3030544
ld3_lasso_characteristics_core_full_raw_daily_rank_expanded_none_fixed504_union,lasso,characteristics_core,504,cap_spread_bp,47.82958388670764,24.22685485272174,1.9742382648292573,0.048354656910306,0.34582091669359016,95.3133468567217,2266,2266,0,5,full,daily_rank,expanded,none,fixed504,union,raw,5,f_cumret5,3030544
ld3_enet_characteristics_core_full_raw_daily_rank_original_none_fixed504_union,enet,characteristics_core,504,rank_ic,0.09475409541364102,0.006942368165621033,13.648670475712914,2.0559533935055304e-42,0.0811473038416064,0.10836088698567564,2266,2266,0,5,full,daily_rank,original,none,fixed504,union,raw,5,f_cumret5,3030544
ld3_enet_characteristics_core_full_raw_daily_rank_original_none_fixed504_union,enet,characteristics_core,504,ew_spread_bp,76.9537373618595,23.552634649671536,3.2673090932921465,0.0010857506658772302,30.791421707473134,123.11605301624586,2266,2266,0,5,full,daily_rank,original,none,fixed504,union,raw,5,f_cumret5,3030544
ld3_enet_characteristics_core_full_raw_daily_rank_original_none_fixed504_union,enet,characteristics_core,504,cap_spread_bp,55.24505707823699,24.008167170580567,2.3010943186839303,0.021386300398881366,8.189914089082187,102.30020006739178,2266,2266,0,5,full,daily_rank,original,none,fixed504,union,raw,5,f_cumret5,3030544
ld3_enet_characteristics_full_raw_daily_rank_original_none_fixed504_union,enet,characteristics,504,rank_ic,0.10854919806138744,0.009616811977642116,11.287441026584561,1.513799391798472e-29,0.08970059293911548,0.1273978031836594,2266,2266,0,9,full,daily_rank,original,none,fixed504,union,raw,10,f_cumret10,3027488
ld3_enet_characteristics_full_raw_daily_rank_original_none_fixed504_union,enet,characteristics,504,ew_spread_bp,112.30497525329469,44.72723250341426,2.510885851136036,0.012042863144342985,24.64121041845347,199.96874008813592,2266,2266,0,9,full,daily_rank,original,none,fixed504,union,raw,10,f_cumret10,3027488
ld3_enet_characteristics_full_raw_daily_rank_original_none_fixed504_union,enet,characteristics,504,cap_spread_bp,107.7193124772908,43.28815315372707,2.4884247681981844,0.012831038087990247,22.876091338731783,192.56253361584982,2266,2266,0,9,full,daily_rank,original,none,fixed504,union,raw,10,f_cumret10,3027488
ld3_enet_characteristics_full_raw_daily_rank_expanded_none_fixed504_union,enet,characteristics,504,rank_ic,0.10820906839349645,0.009689300002906647,11.167893280323174,5.855316483448126e-29,0.08921838935239558,0.12719974743459733,2266,2266,0,9,full,daily_rank,expanded,none,fixed504,union,raw,10,f_cumret10,3027488
ld3_enet_characteristics_full_raw_daily_rank_expanded_none_fixed504_union,enet,characteristics,504,ew_spread_bp,100.61586245759158,45.75309508997953,2.1991050498270583,0.027870453553876406,10.941443899995306,190.29028101518784,2266,2266,0,9,full,daily_rank,expanded,none,fixed504,union,raw,10,f_cumret10,3027488
ld3_enet_characteristics_full_raw_daily_rank_expanded_none_fixed504_union,enet,characteristics,504,cap_spread_bp,94.92125673364293,45.48123447994548,2.087042223436076,0.036884317963564964,5.7796751805285,184.06283828675737,2266,2266,0,9,full,daily_rank,expanded,none,fixed504,union,raw,10,f_cumret10,3027488
ld3_ols_characteristics_core_full_raw_daily_rank_original_none_fixed504_union,ols,characteristics_core,504,rank_ic,0.10851669487376658,0.009150884952854202,11.858601155281681,1.9419228810210177e-32,0.09058128993950285,0.12645209980803032,2266,2266,0,9,full,daily_rank,original,none,fixed504,union,raw,10,f_cumret10,3027488
ld3_ols_characteristics_core_full_raw_daily_rank_original_none_fixed504_union,ols,characteristics_core,504,ew_spread_bp,137.69679766992084,42.34371272333247,3.251882955318804,0.0011464322085963806,54.70464576047874,220.68894957936294,2266,2266,0,9,full,daily_rank,original,none,fixed504,union,raw,10,f_cumret10,3027488
ld3_ols_characteristics_core_full_raw_daily_rank_original_none_fixed504_union,ols,characteristics_core,504,cap_spread_bp,103.06849452169362,40.070793511065084,2.57216005700592,0.010106615522370509,24.531182408064765,181.6058066353225,2266,2266,0,9,full,daily_rank,original,none,fixed504,union,raw,10,f_cumret10,3027488
ld3_ridge_characteristics_core_full_raw_daily_rank_original_none_fixed504_union,ridge,characteristics_core,504,rank_ic,0.1107845390422572,0.009676026306406248,11.449383820805613,2.3682290317676382e-30,0.09181987596823883,0.12974920211627558,2266,2266,0,9,full,daily_rank,original,none,fixed504,union,raw,10,f_cumret10,3027488
ld3_ridge_characteristics_core_full_raw_daily_rank_original_none_fixed504_union,ridge,characteristics_core,504,ew_spread_bp,127.4236195356923,45.522179509899736,2.79915462984327,0.005123659483846628,38.2017871985216,216.645451872863,2266,2266,0,9,full,daily_rank,original,none,fixed504,union,raw,10,f_cumret10,3027488
ld3_ridge_characteristics_core_full_raw_daily_rank_original_none_fixed504_union,ridge,characteristics_core,504,cap_spread_bp,93.46148733626042,46.98706628378884,1.9890896522838641,0.04669130828234096,1.3685296808380087,185.55444499168283,2266,2266,0,9,full,daily_rank,original,none,fixed504,union,raw,10,f_cumret10,3027488
ld3_ridge_characteristics_core_full_raw_daily_rank_expanded_none_fixed504_union,ridge,characteristics_core,504,rank_ic,0.1111451835710506,0.009699537722135514,11.458812446020382,2.1240719185741776e-30,0.09213443896897733,0.13015592817312388,2266,2266,0,9,full,daily_rank,expanded,none,fixed504,union,raw,10,f_cumret10,3027488
ld3_ridge_characteristics_core_full_raw_daily_rank_expanded_none_fixed504_union,ridge,characteristics_core,504,ew_spread_bp,130.11339528763412,45.601610749099706,2.8532631446621193,0.004327277248624809,40.7358805823841,219.49090999288416,2266,2266,0,9,full,daily_rank,expanded,none,fixed504,union,raw,10,f_cumret10,3027488
ld3_ridge_characteristics_core_full_raw_daily_rank_expanded_none_fixed504_union,ridge,characteristics_core,504,cap_spread_bp,93.169579270598,47.33909249317425,1.9681319257235863,0.04905286033436469,0.38666292316604256,185.95249561802996,2266,2266,0,9,full,daily_rank,expanded,none,fixed504,union,raw,10,f_cumret10,3027488
ld3_lasso_characteristics_core_full_raw_daily_rank_original_none_fixed504_union,lasso,characteristics_core,504,rank_ic,0.11031184221964023,0.009542989522778609,11.55946383010604,6.612033833062897e-31,0.09160792645015108,0.12901575798912937,2266,2266,0,9,full,daily_rank,original,none,fixed504,union,raw,10,f_cumret10,3027488
ld3_lasso_characteristics_core_full_raw_daily_rank_original_none_fixed504_union,lasso,characteristics_core,504,ew_spread_bp,129.15286035866836,44.188304482533546,2.9227837970049073,0.003469173119157355,42.54537503501278,215.76034568232393,2266,2266,0,9,full,daily_rank,original,none,fixed504,union,raw,10,f_cumret10,3027488
ld3_lasso_characteristics_core_full_raw_daily_rank_original_none_fixed504_union,lasso,characteristics_core,504,cap_spread_bp,99.38529357548336,43.72721421294284,2.2728475930686263,0.02303536585600241,13.68152857384743,185.0890585771193,2266,2266,0,9,full,daily_rank,original,none,fixed504,union,raw,10,f_cumret10,3027488
ld3_lasso_characteristics_core_full_raw_daily_rank_expanded_none_fixed504_union,lasso,characteristics_core,504,rank_ic,0.1102177624190913,0.009593875467540007,11.488346163341701,1.5097455849086321e-30,0.09141411203055051,0.12902141280763207,2266,2266,0,9,full,daily_rank,expanded,none,fixed504,union,raw,10,f_cumret10,3027488
ld3_lasso_characteristics_core_full_raw_daily_rank_expanded_none_fixed504_union,lasso,characteristics_core,504,ew_spread_bp,115.34134967780061,45.52446004854273,2.533612689855347,0.011289343439441648,26.115047567024305,204.5676517885769,2266,2266,0,9,full,daily_rank,expanded,none,fixed504,union,raw,10,f_cumret10,3027488
ld3_lasso_characteristics_core_full_raw_daily_rank_expanded_none_fixed504_union,lasso,characteristics_core,504,cap_spread_bp,79.2285996347329,46.257219083857954,1.7127834574556327,0.08675238458160674,-11.433883794607567,169.89108306407337,2266,2266,0,9,full,daily_rank,expanded,none,fixed504,union,raw,10,f_cumret10,3027488
ld3_enet_characteristics_core_full_raw_daily_rank_original_none_fixed504_union,enet,characteristics_core,504,rank_ic,0.11013439509343537,0.00958005614251117,11.496216040396442,1.3782623121471486e-30,0.09135783008424175,0.12891096010262898,2266,2266,0,9,full,daily_rank,original,none,fixed504,union,raw,10,f_cumret10,3027488
ld3_enet_characteristics_core_full_raw_daily_rank_original_none_fixed504_union,enet,characteristics_core,504,ew_spread_bp,128.01519924055117,44.26549876327942,2.8919859217026733,0.0038281510041568555,41.2564159068212,214.77398257428115,2266,2266,0,9,full,daily_rank,original,none,fixed504,union,raw,10,f_cumret10,3027488
ld3_enet_characteristics_core_full_raw_daily_rank_original_none_fixed504_union,enet,characteristics_core,504,cap_spread_bp,100.14660032306816,44.09709549944047,2.2710475415402103,0.023144100113984677,13.717881321341522,186.5753193247948,2266,2266,0,9,full,daily_rank,original,none,fixed504,union,raw,10,f_cumret10,3027488
ld3_enet_characteristics_full_raw_daily_rank_original_none_fixed504_union,enet,characteristics,504,rank_ic,0.13191298555933076,0.013922883135560537,9.474545198358438,2.6792528618654886e-21,0.104624636052672,0.15920133506598952,2266,2266,0,20,full,daily_rank,original,none,fixed504,union,raw,21,f_cumret21,3020813
ld3_enet_characteristics_full_raw_daily_rank_original_none_fixed504_union,enet,characteristics,504,ew_spread_bp,207.36297591327684,95.5079940247388,2.1711583206277476,0.02991920674542842,20.170747389122084,394.5552044374316,2266,2266,0,20,full,daily_rank,original,none,fixed504,union,raw,21,f_cumret21,3020813
ld3_enet_characteristics_full_raw_daily_rank_original_none_fixed504_union,enet,characteristics,504,cap_spread_bp,176.19488663743843,89.90121931574029,1.9598720459911434,0.05001074767811913,-0.008265387649174727,352.398038662526,2266,2266,0,20,full,daily_rank,original,none,fixed504,union,raw,21,f_cumret21,3020813
ld3_enet_characteristics_full_raw_daily_rank_expanded_none_fixed504_union,enet,characteristics,504,rank_ic,0.13180828072455375,0.014055330415087388,9.377814454156626,6.735435014957355e-21,0.10426033932017206,0.15935622212893544,2266,2266,0,20,full,daily_rank,expanded,none,fixed504,union,raw,21,f_cumret21,3020813
ld3_enet_characteristics_full_raw_daily_rank_expanded_none_fixed504_union,enet,characteristics,504,ew_spread_bp,187.95709398993574,98.38189932744785,1.91048450248304,0.05607085990091327,-4.867885422507413,380.7820734023789,2266,2266,0,20,full,daily_rank,expanded,none,fixed504,union,raw,21,f_cumret21,3020813
ld3_enet_characteristics_full_raw_daily_rank_expanded_none_fixed504_union,enet,characteristics,504,cap_spread_bp,155.00758414392888,93.71409834952175,1.6540476499683459,0.09811783143479119,-28.668673464778266,338.683841752636,2266,2266,0,20,full,daily_rank,expanded,none,fixed504,union,raw,21,f_cumret21,3020813
ld3_ols_characteristics_core_full_raw_daily_rank_original_none_fixed504_union,ols,characteristics_core,504,rank_ic,0.1312567641639251,0.013206200893878832,9.939025251748483,2.8156876941311126e-23,0.10537308603932191,0.15714044228852828,2266,2266,0,20,full,daily_rank,original,none,fixed504,union,raw,21,f_cumret21,3020813
ld3_ols_characteristics_core_full_raw_daily_rank_original_none_fixed504_union,ols,characteristics_core,504,ew_spread_bp,248.54931856790657,89.95804123150087,2.762947204778302,0.005728203107889859,72.23479763439565,424.8638395014175,2266,2266,0,20,full,daily_rank,original,none,fixed504,union,raw,21,f_cumret21,3020813
ld3_ols_characteristics_core_full_raw_daily_rank_original_none_fixed504_union,ols,characteristics_core,504,cap_spread_bp,177.92509697270853,80.98300251919375,2.1970671799991432,0.028015648655341466,19.201328675172334,336.64886527024476,2266,2266,0,20,full,daily_rank,original,none,fixed504,union,raw,21,f_cumret21,3020813
ld3_ridge_characteristics_core_full_raw_daily_rank_original_none_fixed504_union,ridge,characteristics_core,504,rank_ic,0.13485518631090404,0.013995729130341639,9.635452719540607,5.664176758425951e-22,0.10742406127805634,0.16228631134375174,2266,2266,0,20,full,daily_rank,original,none,fixed504,union,raw,21,f_cumret21,3020813
ld3_ridge_characteristics_core_full_raw_daily_rank_original_none_fixed504_union,ridge,characteristics_core,504,ew_spread_bp,234.62777623170058,99.3197544699056,2.3623475257663267,0.018159609843609478,39.964634517324555,429.2909179460766,2266,2266,0,20,full,daily_rank,original,none,fixed504,union,raw,21,f_cumret21,3020813
ld3_ridge_characteristics_core_full_raw_daily_rank_original_none_fixed504_union,ridge,characteristics_core,504,cap_spread_bp,167.52978807518582,98.5335246809132,1.7002313539245368,0.08908741682775478,-25.59237156919258,360.6519477195642,2266,2266,0,20,full,daily_rank,original,none,fixed504,union,raw,21,f_cumret21,3020813
ld3_ridge_characteristics_core_full_raw_daily_rank_expanded_none_fixed504_union,ridge,characteristics_core,504,rank_ic,0.1351463302808114,0.014024454411054066,9.636476851055907,5.607970900397726e-22,0.10765890473232155,0.16263375582930129,2266,2266,0,20,full,daily_rank,expanded,none,fixed504,union,raw,21,f_cumret21,3020813
ld3_ridge_characteristics_core_full_raw_daily_rank_expanded_none_fixed504_union,ridge,characteristics_core,504,ew_spread_bp,237.4218078737894,99.26474970589136,2.391803823383825,0.01676580109063259,42.86647351585941,431.97714223171937,2266,2266,0,20,full,daily_rank,expanded,none,fixed504,union,raw,21,f_cumret21,3020813
ld3_ridge_characteristics_core_full_raw_daily_rank_expanded_none_fixed504_union,ridge,characteristics_core,504,cap_spread_bp,164.98580455647206,98.35382540561949,1.6774721661923842,0.0934501878359183,-27.784150980282703,357.75576009322685,2266,2266,0,20,full,daily_rank,expanded,none,fixed504,union,raw,21,f_cumret21,3020813
ld3_lasso_characteristics_core_full_raw_daily_rank_original_none_fixed504_union,lasso,characteristics_core,504,rank_ic,0.1338279603682528,0.01381983690994985,9.683758299050611,3.534775498607893e-22,0.10674157775253379,0.16091434298397184,2266,2266,0,20,full,daily_rank,original,none,fixed504,union,raw,21,f_cumret21,3020813
ld3_lasso_characteristics_core_full_raw_daily_rank_original_none_fixed504_union,lasso,characteristics_core,504,ew_spread_bp,235.04017925803663,95.5524997169798,2.4598014699166444,0.013901389060733335,47.76072117998251,422.31963733609075,2266,2266,0,20,full,daily_rank,original,none,fixed504,union,raw,21,f_cumret21,3020813
ld3_lasso_characteristics_core_full_raw_daily_rank_original_none_fixed504_union,lasso,characteristics_core,504,cap_spread_bp,169.70310964569737,89.1659705008341,1.9032273040095478,0.05701089184937578,-5.058981182498371,344.4652004738931,2266,2266,0,20,full,daily_rank,original,none,fixed504,union,raw,21,f_cumret21,3020813
ld3_lasso_characteristics_core_full_raw_daily_rank_expanded_none_fixed504_union,lasso,characteristics_core,504,rank_ic,0.13423520801692515,0.013898384118823288,9.658331995237027,4.531823549737823e-22,0.10699487570072805,0.16147554033312225,2266,2266,0,20,full,daily_rank,expanded,none,fixed504,union,raw,21,f_cumret21,3020813
ld3_lasso_characteristics_core_full_raw_daily_rank_expanded_none_fixed504_union,lasso,characteristics_core,504,ew_spread_bp,217.1710682779721,98.618910164201,2.2021239934245993,0.02765655107237052,23.88155616154708,410.4605803943971,2266,2266,0,20,full,daily_rank,expanded,none,fixed504,union,raw,21,f_cumret21,3020813
ld3_lasso_characteristics_core_full_raw_daily_rank_expanded_none_fixed504_union,lasso,characteristics_core,504,cap_spread_bp,143.2212396992266,93.63368188983037,1.5295910275934794,0.12611799173504296,-40.29740454472122,326.7398839431744,2266,2266,0,20,full,daily_rank,expanded,none,fixed504,union,raw,21,f_cumret21,3020813
ld3_enet_characteristics_core_full_raw_daily_rank_original_none_fixed504_union,enet,characteristics_core,504,rank_ic,0.13388251211282087,0.013860482390268821,9.6592967216507,4.489352352258478e-22,0.10671646581954233,0.1610485584060994,2266,2266,0,20,full,daily_rank,original,none,fixed504,union,raw,21,f_cumret21,3020813
ld3_enet_characteristics_core_full_raw_daily_rank_original_none_fixed504_union,enet,characteristics_core,504,ew_spread_bp,232.72789574845368,95.61207443711979,2.4340847860330594,0.014929497553960553,45.33167336453613,420.1241181323712,2266,2266,0,20,full,daily_rank,original,none,fixed504,union,raw,21,f_cumret21,3020813
ld3_enet_characteristics_core_full_raw_daily_rank_original_none_fixed504_union,enet,characteristics_core,504,cap_spread_bp,166.65053512678932,89.77552059246908,1.8563026315747033,0.06341043421781602,-9.306251927784047,342.6073221813627,2266,2266,0,20,full,daily_rank,original,none,fixed504,union,raw,21,f_cumret21,3020813
ld3_enet_characteristics_full_raw_daily_rank_original_none_fixed504_union,enet,characteristics,504,rank_ic,0.15882857428035002,0.019449778349665468,8.166086596204416,3.18554643261044e-16,0.12070770920771881,0.19694943935298123,2266,2266,0,41,full,daily_rank,original,none,fixed504,union,raw,42,f_cumret42,3007314
ld3_enet_characteristics_full_raw_daily_rank_original_none_fixed504_union,enet,characteristics,504,ew_spread_bp,345.6587363453974,210.85174123741322,1.6393449459646399,0.1011414403938952,-67.6030825574914,758.9205552482863,2266,2266,0,41,full,daily_rank,original,none,fixed504,union,raw,42,f_cumret42,3007314
ld3_enet_characteristics_full_raw_daily_rank_original_none_fixed504_union,enet,characteristics,504,cap_spread_bp,307.89310779930753,185.69088041204446,1.6580949323741623,0.09729830660212846,-56.054330065833824,671.8405456644489,2266,2266,0,41,full,daily_rank,original,none,fixed504,union,raw,42,f_cumret42,3007314
ld3_enet_characteristics_full_raw_daily_rank_expanded_none_fixed504_union,enet,characteristics,504,rank_ic,0.15892290434257197,0.019603644344659395,8.106804099711553,5.196854721565763e-16,0.12050046746130724,0.1973453412238367,2266,2266,0,41,full,daily_rank,expanded,none,fixed504,union,raw,42,f_cumret42,3007314
ld3_enet_characteristics_full_raw_daily_rank_expanded_none_fixed504_union,enet,characteristics,504,ew_spread_bp,318.6546890744795,215.84780059386355,1.4762934261908744,0.13986513814083715,-104.39922623167632,741.7086043806353,2266,2266,0,41,full,daily_rank,expanded,none,fixed504,union,raw,42,f_cumret42,3007314
ld3_enet_characteristics_full_raw_daily_rank_expanded_none_fixed504_union,enet,characteristics,504,cap_spread_bp,280.28786567030676,192.70739927446425,1.454473812243741,0.14581498879259625,-97.41169646202331,657.9874278026368,2266,2266,0,41,full,daily_rank,expanded,none,fixed504,union,raw,42,f_cumret42,3007314
ld3_ols_characteristics_core_full_raw_daily_rank_original_none_fixed504_union,ols,characteristics_core,504,rank_ic,0.1570777357738881,0.018476297866769898,8.50158061460984,1.8702642758142167e-17,0.12086485738738487,0.1932906141603913,2266,2266,0,41,full,daily_rank,original,none,fixed504,union,raw,42,f_cumret42,3007314
ld3_ols_characteristics_core_full_raw_daily_rank_original_none_fixed504_union,ols,characteristics_core,504,ew_spread_bp,393.6933826202003,200.35243254310683,1.9650042558654495,0.04941374497067332,1.0098306207202086,786.3769346196804,2266,2266,0,41,full,daily_rank,original,none,fixed504,union,raw,42,f_cumret42,3007314
ld3_ols_characteristics_core_full_raw_daily_rank_original_none_fixed504_union,ols,characteristics_core,504,cap_spread_bp,295.55406224973905,177.9670254583551,1.6607237295141495,0.09676894532207535,-53.254898084359866,644.363022583838,2266,2266,0,41,full,daily_rank,original,none,fixed504,union,raw,42,f_cumret42,3007314
ld3_ridge_characteristics_core_full_raw_daily_rank_original_none_fixed504_union,ridge,characteristics_core,504,rank_ic,0.1624444841745624,0.019408276708183653,8.369856150395176,5.768861355407315e-17,0.12440496082453484,0.20048400752458995,2266,2266,0,41,full,daily_rank,original,none,fixed504,union,raw,42,f_cumret42,3007314
ld3_ridge_characteristics_core_full_raw_daily_rank_original_none_fixed504_union,ridge,characteristics_core,504,ew_spread_bp,369.38653830347107,222.0125076516864,1.6638095853725439,0.09615048783725827,-65.74998081125744,804.5230574181996,2266,2266,0,41,full,daily_rank,original,none,fixed504,union,raw,42,f_cumret42,3007314
ld3_ridge_characteristics_core_full_raw_daily_rank_original_none_fixed504_union,ridge,characteristics_core,504,cap_spread_bp,306.429111330052,202.7475552152913,1.5113825219971926,0.13069101978802292,-90.94879484546493,703.807017505569,2266,2266,0,41,full,daily_rank,original,none,fixed504,union,raw,42,f_cumret42,3007314
ld3_ridge_characteristics_core_full_raw_daily_rank_expanded_none_fixed504_union,ridge,characteristics_core,504,rank_ic,0.16248479930767595,0.01943553007217219,8.36019386681518,6.261527541661636e-17,0.12439186034577329,0.20057773826957861,2266,2266,0,41,full,daily_rank,expanded,none,fixed504,union,raw,42,f_cumret42,3007314
ld3_ridge_characteristics_core_full_raw_daily_rank_expanded_none_fixed504_union,ridge,characteristics_core,504,ew_spread_bp,367.7566204784139,222.1108528731857,1.6557345835252124,0.09777558048278967,-67.57265172850487,803.0858926853326,2266,2266,0,41,full,daily_rank,expanded,none,fixed504,union,raw,42,f_cumret42,3007314
ld3_ridge_characteristics_core_full_raw_daily_rank_expanded_none_fixed504_union,ridge,characteristics_core,504,cap_spread_bp,297.3671584509371,202.09860990766558,1.4713963573861177,0.14118395795849786,-98.73883829369714,693.4731551955713,2266,2266,0,41,full,daily_rank,expanded,none,fixed504,union,raw,42,f_cumret42,3007314
ld3_lasso_characteristics_core_full_raw_daily_rank_original_none_fixed504_union,lasso,characteristics_core,504,rank_ic,0.16063446346779947,0.019233986875467537,8.351594732170929,6.734739812021116e-17,0.12293654191276701,0.19833238502283193,2266,2266,0,41,full,daily_rank,original,none,fixed504,union,raw,42,f_cumret42,3007314
ld3_lasso_characteristics_core_full_raw_daily_rank_original_none_fixed504_union,lasso,characteristics_core,504,ew_spread_bp,373.2460270912827,214.53352800426433,1.73980277378305,0.08189365527409617,-47.23196127339048,793.7240154559559,2266,2266,0,41,full,daily_rank,original,none,fixed504,union,raw,42,f_cumret42,3007314
ld3_lasso_characteristics_core_full_raw_daily_rank_original_none_fixed504_union,lasso,characteristics_core,504,cap_spread_bp,297.224917630007,187.44288184873218,1.5856826074082115,0.11281132652994239,-70.15637995190474,664.6062152119187,2266,2266,0,41,full,daily_rank,original,none,fixed504,union,raw,42,f_cumret42,3007314
ld3_lasso_characteristics_core_full_raw_daily_rank_expanded_none_fixed504_union,lasso,characteristics_core,504,rank_ic,0.16132370300407256,0.019257452518090825,8.377208919638875,5.419759276633028e-17,0.12357978963462438,0.19906761637352074,2266,2266,0,41,full,daily_rank,expanded,none,fixed504,union,raw,42,f_cumret42,3007314
ld3_lasso_characteristics_core_full_raw_daily_rank_expanded_none_fixed504_union,lasso,characteristics_core,504,ew_spread_bp,354.2703268382208,219.73550857000617,1.6122579784384405,0.1069058134138134,-76.40335608358367,784.9440097600252,2266,2266,0,41,full,daily_rank,expanded,none,fixed504,union,raw,42,f_cumret42,3007314
ld3_lasso_characteristics_core_full_raw_daily_rank_expanded_none_fixed504_union,lasso,characteristics_core,504,cap_spread_bp,273.4888402444727,191.95363023626032,1.4247651368085994,0.15422510318386132,-102.73336172031628,649.7110422092617,2266,2266,0,41,full,daily_rank,expanded,none,fixed504,union,raw,42,f_cumret42,3007314
ld3_enet_characteristics_core_full_raw_daily_rank_original_none_fixed504_union,enet,characteristics_core,504,rank_ic,0.16123118038495185,0.019319374520913247,8.345569377021958,7.087160080964766e-17,0.12336590212012113,0.19909645864978257,2266,2266,0,41,full,daily_rank,original,none,fixed504,union,raw,42,f_cumret42,3007314
ld3_enet_characteristics_core_full_raw_daily_rank_original_none_fixed504_union,enet,characteristics_core,504,ew_spread_bp,372.84940915233483,214.9799848453382,1.7343447550271793,0.08285693096830384,-48.50361854149469,794.2024368461643,2266,2266,0,41,full,daily_rank,original,none,fixed504,union,raw,42,f_cumret42,3007314
ld3_enet_characteristics_core_full_raw_daily_rank_original_none_fixed504_union,enet,characteristics_core,504,cap_spread_bp,302.83987622013876,189.15574990486738,1.6010080389966832,0.10937513862444495,-67.89858106206708,673.5783335023445,2266,2266,0,41,full,daily_rank,original,none,fixed504,union,raw,42,f_cumret42,3007314
ld3_enet_characteristics_full_raw_daily_rank_original_none_fixed504_union,enet,characteristics,504,rank_ic,0.18367272513157573,0.023174014597580325,7.925805188314397,2.2667271614509954e-15,0.13825249114311283,0.22909295912003863,2266,2266,0,62,full,daily_rank,original,none,fixed504,union,raw,63,f_cumret63,2993214
ld3_enet_characteristics_full_raw_daily_rank_original_none_fixed504_union,enet,characteristics,504,ew_spread_bp,477.6370532044208,326.97780341232937,1.4607629270850087,0.1440805130864373,-163.2276652277627,1118.5017716366042,2266,2266,0,62,full,daily_rank,original,none,fixed504,union,raw,63,f_cumret63,2993214
ld3_enet_characteristics_full_raw_daily_rank_original_none_fixed504_union,enet,characteristics,504,cap_spread_bp,427.81235413948514,277.56100639243016,1.5413272912500606,0.12323714997267286,-116.19722190236973,971.82193018134,2266,2266,0,62,full,daily_rank,original,none,fixed504,union,raw,63,f_cumret63,2993214
ld3_enet_characteristics_full_raw_daily_rank_expanded_none_fixed504_union,enet,characteristics,504,rank_ic,0.18369905455427182,0.023308762662250192,7.881115665216431,3.244707735521657e-15,0.13801471921206948,0.22938338989647417,2266,2266,0,62,full,daily_rank,expanded,none,fixed504,union,raw,63,f_cumret63,2993214
ld3_enet_characteristics_full_raw_daily_rank_expanded_none_fixed504_union,enet,characteristics,504,ew_spread_bp,452.50912651548106,331.6889929850786,1.3642572894658513,0.17248660309972452,-197.58935380363164,1102.6076068345938,2266,2266,0,62,full,daily_rank,expanded,none,fixed504,union,raw,63,f_cumret63,2993214
ld3_enet_characteristics_full_raw_daily_rank_expanded_none_fixed504_union,enet,characteristics,504,cap_spread_bp,407.15915146784386,285.0590674803877,1.4283325735493637,0.15319615642358833,-151.54635426028898,965.8646571959766,2266,2266,0,62,full,daily_rank,expanded,none,fixed504,union,raw,63,f_cumret63,2993214
ld3_ols_characteristics_core_full_raw_daily_rank_original_none_fixed504_union,ols,characteristics_core,504,rank_ic,0.181645005081826,0.022171165015080103,8.192848907952152,2.551143500601188e-16,0.13819032015697455,0.22509969000667743,2266,2266,0,62,full,daily_rank,original,none,fixed504,union,raw,63,f_cumret63,2993214
ld3_ols_characteristics_core_full_raw_daily_rank_original_none_fixed504_union,ols,characteristics_core,504,ew_spread_bp,532.5312749384576,315.0715737664336,1.6901914335605204,0.09099133672485175,-84.99766219610706,1150.0602120730223,2266,2266,0,62,full,daily_rank,original,none,fixed504,union,raw,63,f_cumret63,2993214
ld3_ols_characteristics_core_full_raw_daily_rank_original_none_fixed504_union,ols,characteristics_core,504,cap_spread_bp,417.01919650234856,267.0413781824044,1.5616276374124343,0.1183757347935272,-106.37228711710418,940.4106801218013,2266,2266,0,62,full,daily_rank,original,none,fixed504,union,raw,63,f_cumret63,2993214
ld3_ridge_characteristics_core_full_raw_daily_rank_original_none_fixed504_union,ridge,characteristics_core,504,rank_ic,0.1877439019269958,0.02311920802015018,8.12068915870139,4.635438771932098e-16,0.14243108685641187,0.23305671699757974,2266,2266,0,62,full,daily_rank,original,none,fixed504,union,raw,63,f_cumret63,2993214
ld3_ridge_characteristics_core_full_raw_daily_rank_original_none_fixed504_union,ridge,characteristics_core,504,ew_spread_bp,519.2779529529547,339.03095870796017,1.531653495397329,0.12560796398326218,-145.21051575873344,1183.7664216646428,2266,2266,0,62,full,daily_rank,original,none,fixed504,union,raw,63,f_cumret63,2993214
ld3_ridge_characteristics_core_full_raw_daily_rank_original_none_fixed504_union,ridge,characteristics_core,504,cap_spread_bp,439.4900415407986,295.18870773943763,1.4888443562303724,0.13652835897054316,-139.06919427141912,1018.0492773530164,2266,2266,0,62,full,daily_rank,original,none,fixed504,union,raw,63,f_cumret63,2993214
ld3_ridge_characteristics_core_full_raw_daily_rank_expanded_none_fixed504_union,ridge,characteristics_core,504,rank_ic,0.18785312122156633,0.023119553402811424,8.125291953032393,4.46286871270483e-16,0.1425396292134055,0.23316661322972718,2266,2266,0,62,full,daily_rank,expanded,none,fixed504,union,raw,63,f_cumret63,2993214
ld3_ridge_characteristics_core_full_raw_daily_rank_expanded_none_fixed504_union,ridge,characteristics_core,504,ew_spread_bp,515.8810009781283,339.6328791763085,1.5189371601161346,0.12877831425034408,-149.7872101730801,1181.5492121293369,2266,2266,0,62,full,daily_rank,expanded,none,fixed504,union,raw,63,f_cumret63,2993214
ld3_ridge_characteristics_core_full_raw_daily_rank_expanded_none_fixed504_union,ridge,characteristics_core,504,cap_spread_bp,417.82681876882395,295.9197691184905,1.4119598025285027,0.15796179745922,-162.1652710168255,997.8189085544734,2266,2266,0,62,full,daily_rank,expanded,none,fixed504,union,raw,63,f_cumret63,2993214
ld3_lasso_characteristics_core_full_raw_daily_rank_original_none_fixed504_union,lasso,characteristics_core,504,rank_ic,0.18599043643840063,0.022896260065524567,8.123179764124481,4.54125922337007e-16,0.14111459132930979,0.23086628154749148,2266,2266,0,62,full,daily_rank,original,none,fixed504,union,raw,63,f_cumret63,2993214
ld3_lasso_characteristics_core_full_raw_daily_rank_original_none_fixed504_union,lasso,characteristics_core,504,ew_spread_bp,517.5275973896604,331.47559944060845,1.561284143578078,0.11845672316379903,-132.15263926775742,1167.2078340470782,2266,2266,0,62,full,daily_rank,original,none,fixed504,union,raw,63,f_cumret63,2993214
ld3_lasso_characteristics_core_full_raw_daily_rank_original_none_fixed504_union,lasso,characteristics_core,504,cap_spread_bp,429.875192965368,280.92481799573784,1.5302143685001517,0.1259636759419703,-120.72733266974785,980.4777186004839,2266,2266,0,62,full,daily_rank,original,none,fixed504,union,raw,63,f_cumret63,2993214
ld3_lasso_characteristics_core_full_raw_daily_rank_expanded_none_fixed504_union,lasso,characteristics_core,504,rank_ic,0.18651431594693577,0.02291877837749236,8.138056613440803,4.016730256206582e-16,0.1415943357573954,0.23143429613647612,2266,2266,0,62,full,daily_rank,expanded,none,fixed504,union,raw,63,f_cumret63,2993214
ld3_lasso_characteristics_core_full_raw_daily_rank_expanded_none_fixed504_union,lasso,characteristics_core,504,ew_spread_bp,492.5004483201482,339.29842826068347,1.4515258760401903,0.14663348223795927,-172.51225108183866,1157.513147722135,2266,2266,0,62,full,daily_rank,expanded,none,fixed504,union,raw,63,f_cumret63,2993214
ld3_lasso_characteristics_core_full_raw_daily_rank_expanded_none_fixed504_union,lasso,characteristics_core,504,cap_spread_bp,410.51459795836246,285.52999097645335,1.43772847312637,0.150511110957063,-149.11390086153273,970.1430967782576,2266,2266,0,62,full,daily_rank,expanded,none,fixed504,union,raw,63,f_cumret63,2993214
ld3_enet_characteristics_core_full_raw_daily_rank_original_none_fixed504_union,enet,characteristics_core,504,rank_ic,0.18654887712737037,0.02299332481004946,8.113175396271414,4.93138100983414e-16,0.14148278861484215,0.23161496563989858,2266,2266,0,62,full,daily_rank,original,none,fixed504,union,raw,63,f_cumret63,2993214
ld3_enet_characteristics_core_full_raw_daily_rank_original_none_fixed504_union,enet,characteristics_core,504,ew_spread_bp,518.11651265903,331.9689217394781,1.560738005064331,0.11858558019569468,-132.5306179369428,1168.763643255003,2266,2266,0,62,full,daily_rank,original,none,fixed504,union,raw,63,f_cumret63,2993214
ld3_enet_characteristics_core_full_raw_daily_rank_original_none_fixed504_union,enet,characteristics_core,504,cap_spread_bp,438.6136130021355,281.1894057773315,1.5598511323341435,0.11879506487615323,-112.50749515565326,989.7347211599242,2266,2266,0,62,full,daily_rank,original,none,fixed504,union,raw,63,f_cumret63,2993214
ld3_enet_characteristics_core_full_raw_daily_rank_expanded_none_fixed504_union,enet,characteristics_core,504,rank_ic,0.08585420477173995,0.005775706017874277,14.864711691703834,5.585482280186514e-50,0.07453402899141512,0.09717438055206479,2266,2266,0,5,full,daily_rank,expanded,none,fixed504,union,raw,3,f_cumret3,3031789
ld3_enet_characteristics_core_full_raw_daily_rank_expanded_none_fixed504_union,enet,characteristics_core,504,ew_spread_bp,53.92397654899382,15.616056056000376,3.453111102804594,0.0005541607112761871,23.31706909867448,84.53088399931316,2266,2266,0,5,full,daily_rank,expanded,none,fixed504,union,raw,3,f_cumret3,3031789
ld3_enet_characteristics_core_full_raw_daily_rank_expanded_none_fixed504_union,enet,characteristics_core,504,cap_spread_bp,31.05095998781387,16.097646186982786,1.9289130613966994,0.0537416560522687,-0.4998467745409201,62.60176675016866,2266,2266,0,5,full,daily_rank,expanded,none,fixed504,union,raw,3,f_cumret3,3031789
ld3_group_ridge_characteristics_core_full_raw_daily_rank_original_none_fixed504_union,group_ridge,characteristics_core,504,rank_ic,0.08642208780735941,0.005813266127732296,14.86635669319889,5.449954589329571e-50,0.07502829556445749,0.09781588005026133,2266,2266,0,5,full,daily_rank,original,none,fixed504,union,raw,3,f_cumret3,3031789
ld3_group_ridge_characteristics_core_full_raw_daily_rank_original_none_fixed504_union,group_ridge,characteristics_core,504,ew_spread_bp,54.37015197554301,15.742079832151216,3.453809951115787,0.0005527267399096315,23.516242462772286,85.22406148831374,2266,2266,0,5,full,daily_rank,original,none,fixed504,union,raw,3,f_cumret3,3031789
ld3_group_ridge_characteristics_core_full_raw_daily_rank_original_none_fixed504_union,group_ridge,characteristics_core,504,cap_spread_bp,38.626234210235914,16.250718269315097,2.3768939667836513,0.017459106082714258,6.775411679471244,70.47705674100058,2266,2266,0,5,full,daily_rank,original,none,fixed504,union,raw,3,f_cumret3,3031789
ld3_group_ridge_characteristics_core_full_raw_daily_rank_expanded_none_fixed504_union,group_ridge,characteristics_core,504,rank_ic,0.08646890900083559,0.005820167141878003,14.856774194449429,6.288089458558079e-50,0.07506159101875129,0.0978762269829199,2266,2266,0,5,full,daily_rank,expanded,none,fixed504,union,raw,3,f_cumret3,3031789
ld3_group_ridge_characteristics_core_full_raw_daily_rank_expanded_none_fixed504_union,group_ridge,characteristics_core,504,ew_spread_bp,54.23388916673743,15.80458925076349,3.431527912952087,0.0006001913607103787,23.25746344479211,85.21031488868275,2266,2266,0,5,full,daily_rank,expanded,none,fixed504,union,raw,3,f_cumret3,3031789
ld3_group_ridge_characteristics_core_full_raw_daily_rank_expanded_none_fixed504_union,group_ridge,characteristics_core,504,cap_spread_bp,35.965578121893884,16.64238276397895,2.1610834597398143,0.030688893011913753,3.347107287564981,68.58404895622279,2266,2266,0,5,full,daily_rank,expanded,none,fixed504,union,raw,3,f_cumret3,3031789
ld3_ols_characteristics_textcore_full_raw_daily_rank_original_none_fixed504_union,ols,characteristics_textcore,504,rank_ic,0.08010042470869365,0.004884492803024617,16.398923683354223,1.9465624574602672e-60,0.0705269947320203,0.089673854685367,2266,2266,0,5,full,daily_rank,original,none,fixed504,union,raw,3,f_cumret3,3031789
ld3_ols_characteristics_textcore_full_raw_daily_rank_original_none_fixed504_union,ols,characteristics_textcore,504,ew_spread_bp,61.88903882639213,13.898173126015543,4.453034097736488,8.46653029608535e-06,34.64912004849921,89.12895760428505,2266,2266,0,5,full,daily_rank,original,none,fixed504,union,raw,3,f_cumret3,3031789
ld3_ols_characteristics_textcore_full_raw_daily_rank_original_none_fixed504_union,ols,characteristics_textcore,504,cap_spread_bp,30.83259208723564,14.517114874639343,2.1238787702299304,0.03368028204305807,2.3795697735118253,59.28561440095945,2266,2266,0,5,full,daily_rank,original,none,fixed504,union,raw,3,f_cumret3,3031789
ld3_ridge_characteristics_textcore_full_raw_daily_rank_original_none_fixed504_union,ridge,characteristics_textcore,504,rank_ic,0.08456541949363064,0.005524724886782979,15.306720466016307,6.895419742898039e-53,0.07373715769104387,0.0953936812962174,2266,2266,0,5,full,daily_rank,original,none,fixed504,union,raw,3,f_cumret3,3031789
ld3_ridge_characteristics_textcore_full_raw_daily_rank_original_none_fixed504_union,ridge,characteristics_textcore,504,ew_spread_bp,55.175640939550355,15.195445140719306,3.631064468897718,0.00028225466081455706,25.393115734686344,84.95816614441436,2266,2266,0,5,full,daily_rank,original,none,fixed504,union,raw,3,f_cumret3,3031789
ld3_ridge_characteristics_textcore_full_raw_daily_rank_original_none_fixed504_union,ridge,characteristics_textcore,504,cap_spread_bp,35.21244613432138,16.660834781988196,2.113486304563147,0.034559165996361316,2.5578100092522718,67.86708225939049,2266,2266,0,5,full,daily_rank,original,none,fixed504,union,raw,3,f_cumret3,3031789
ld3_ridge_characteristics_textcore_full_raw_daily_rank_expanded_none_fixed504_union,ridge,characteristics_textcore,504,rank_ic,0.08492616938423682,0.005558288835728258,15.279193272277945,1.0523538296257876e-52,0.07403212345053836,0.09582021531793528,2266,2266,0,5,full,daily_rank,expanded,none,fixed504,union,raw,3,f_cumret3,3031789
ld3_ridge_characteristics_textcore_full_raw_daily_rank_expanded_none_fixed504_union,ridge,characteristics_textcore,504,ew_spread_bp,53.962338652873854,15.300808373885863,3.5267639025512043,0.00042067170131842094,23.973305305708692,83.95137200003902,2266,2266,0,5,full,daily_rank,expanded,none,fixed504,union,raw,3,f_cumret3,3031789
ld3_ridge_characteristics_textcore_full_raw_daily_rank_expanded_none_fixed504_union,ridge,characteristics_textcore,504,cap_spread_bp,38.2742845882511,16.77231488595199,2.281991773258952,0.022489825960636523,5.401151474420175,71.14741770208202,2266,2266,0,5,full,daily_rank,expanded,none,fixed504,union,raw,3,f_cumret3,3031789
ld3_lasso_characteristics_textcore_full_raw_daily_rank_original_none_fixed504_union,lasso,characteristics_textcore,504,rank_ic,0.08572337940444792,0.005685347662574524,15.077948525249797,2.2618836789713282e-51,0.07458030274621287,0.09686645606268297,2266,2266,0,5,full,daily_rank,original,none,fixed504,union,raw,3,f_cumret3,3031789
ld3_lasso_characteristics_textcore_full_raw_daily_rank_original_none_fixed504_union,lasso,characteristics_textcore,504,ew_spread_bp,56.10265164659433,15.38773798659508,3.6459323453172754,0.0002664240689977917,25.94323938932909,86.26206390385957,2266,2266,0,5,full,daily_rank,original,none,fixed504,union,raw,3,f_cumret3,3031789
ld3_lasso_characteristics_textcore_full_raw_daily_rank_original_none_fixed504_union,lasso,characteristics_textcore,504,cap_spread_bp,28.20710168761532,16.596630545250708,1.6995679701797703,0.08921221937605268,-4.321696445793428,60.73589982102407,2266,2266,0,5,full,daily_rank,original,none,fixed504,union,raw,3,f_cumret3,3031789
ld3_lasso_characteristics_textcore_full_raw_daily_rank_expanded_none_fixed504_union,lasso,characteristics_textcore,504,rank_ic,0.08542576611052517,0.00571370903203568,14.951017917006126,1.533865290493246e-50,0.07422710218959402,0.09662443003145632,2266,2266,0,5,full,daily_rank,expanded,none,fixed504,union,raw,3,f_cumret3,3031789
ld3_lasso_characteristics_textcore_full_raw_daily_rank_expanded_none_fixed504_union,lasso,characteristics_textcore,504,ew_spread_bp,52.45727078454994,15.65872951033742,3.3500336505537844,0.000808017435062611,21.76672490063408,83.1478166684658,2266,2266,0,5,full,daily_rank,expanded,none,fixed504,union,raw,3,f_cumret3,3031789
ld3_lasso_characteristics_textcore_full_raw_daily_rank_expanded_none_fixed504_union,lasso,characteristics_textcore,504,cap_spread_bp,26.31406749372381,16.651436726328186,1.5802881112425389,0.11404090125120646,-6.32214878072697,58.95028376817459,2266,2266,0,5,full,daily_rank,expanded,none,fixed504,union,raw,3,f_cumret3,3031789
ld3_enet_characteristics_core_full_raw_daily_rank_expanded_none_fixed504_union,enet,characteristics_core,504,rank_ic,0.09474773152777041,0.006979072951802093,13.575976663677837,5.559763276636719e-42,0.08106899989676067,0.10842646315878016,2266,2266,0,5,full,daily_rank,expanded,none,fixed504,union,raw,5,f_cumret5,3030544
ld3_enet_characteristics_core_full_raw_daily_rank_expanded_none_fixed504_union,enet,characteristics_core,504,ew_spread_bp,75.19157472486789,23.684810614525617,3.174674940349904,0.0015000443863276683,28.770198939745697,121.61295050999009,2266,2266,0,5,full,daily_rank,expanded,none,fixed504,union,raw,5,f_cumret5,3030544
ld3_enet_characteristics_core_full_raw_daily_rank_expanded_none_fixed504_union,enet,characteristics_core,504,cap_spread_bp,49.081643456425276,24.20570024913927,2.0276894678215545,0.042591951250042275,1.6393427475400912,96.52394416531047,2266,2266,0,5,full,daily_rank,expanded,none,fixed504,union,raw,5,f_cumret5,3030544
ld3_group_ridge_characteristics_core_full_raw_daily_rank_original_none_fixed504_union,group_ridge,characteristics_core,504,rank_ic,0.09536751106074932,0.007019763813387078,13.585572619819231,4.8770273845659255e-42,0.0816090268065331,0.10912599531496554,2266,2266,0,5,full,daily_rank,original,none,fixed504,union,raw,5,f_cumret5,3030544
ld3_group_ridge_characteristics_core_full_raw_daily_rank_original_none_fixed504_union,group_ridge,characteristics_core,504,ew_spread_bp,76.83393753498918,24.118560678172418,3.185676730889037,0.0014441586741709299,29.562427246827298,124.10544782315105,2266,2266,0,5,full,daily_rank,original,none,fixed504,union,raw,5,f_cumret5,3030544
ld3_group_ridge_characteristics_core_full_raw_daily_rank_original_none_fixed504_union,group_ridge,characteristics_core,504,cap_spread_bp,60.09582832829225,24.821899873554862,2.4210809258931087,0.015474431936377568,11.445798548265401,108.7458581083191,2266,2266,0,5,full,daily_rank,original,none,fixed504,union,raw,5,f_cumret5,3030544
ld3_group_ridge_characteristics_core_full_raw_daily_rank_expanded_none_fixed504_union,group_ridge,characteristics_core,504,rank_ic,0.09541757859304917,0.007025118974810004,13.582343435775016,5.096918815118637e-42,0.0816485984153126,0.10918655877078573,2266,2266,0,5,full,daily_rank,expanded,none,fixed504,union,raw,5,f_cumret5,3030544
ld3_group_ridge_characteristics_core_full_raw_daily_rank_expanded_none_fixed504_union,group_ridge,characteristics_core,504,ew_spread_bp,76.50536545724201,24.209270344726907,3.160168165659147,0.001576781021772407,29.05606748958369,123.95466342490033,2266,2266,0,5,full,daily_rank,expanded,none,fixed504,union,raw,5,f_cumret5,3030544
ld3_group_ridge_characteristics_core_full_raw_daily_rank_expanded_none_fixed504_union,group_ridge,characteristics_core,504,cap_spread_bp,57.36995559844149,25.088969963302286,2.2866604600490454,0.022215649289306555,8.196478061161812,106.54343313572117,2266,2266,0,5,full,daily_rank,expanded,none,fixed504,union,raw,5,f_cumret5,3030544
ld3_ols_characteristics_textcore_full_raw_daily_rank_original_none_fixed504_union,ols,characteristics_textcore,504,rank_ic,0.0882415663849649,0.005902062688966719,14.95097070892235,1.5349530909305342e-50,0.07667373608009251,0.0998093966898373,2266,2266,0,5,full,daily_rank,original,none,fixed504,union,raw,5,f_cumret5,3030544
ld3_ols_characteristics_textcore_full_raw_daily_rank_original_none_fixed504_union,ols,characteristics_textcore,504,ew_spread_bp,87.04059823190626,20.995599674007575,4.145659070631928,3.388376721492692e-05,45.889979037030514,128.191217426782,2266,2266,0,5,full,daily_rank,original,none,fixed504,union,raw,5,f_cumret5,3030544
ld3_ols_characteristics_textcore_full_raw_daily_rank_original_none_fixed504_union,ols,characteristics_textcore,504,cap_spread_bp,48.99539697593631,21.94471721828532,2.2326738817628122,0.02557045803349744,5.9845415771810835,92.00625237469154,2266,2266,0,5,full,daily_rank,original,none,fixed504,union,raw,5,f_cumret5,3030544
ld3_ridge_characteristics_textcore_full_raw_daily_rank_original_none_fixed504_union,ridge,characteristics_textcore,504,rank_ic,0.09352513140337224,0.006684583396039831,13.991168314061222,1.7648862095208505e-44,0.08042358869547972,0.10662667411126475,2266,2266,0,5,full,daily_rank,original,none,fixed504,union,raw,5,f_cumret5,3030544
ld3_ridge_characteristics_textcore_full_raw_daily_rank_original_none_fixed504_union,ridge,characteristics_textcore,504,ew_spread_bp,78.75957060753737,23.147358791982434,3.402529477134876,0.0006676515266312167,33.39158103802523,124.1275601770495,2266,2266,0,5,full,daily_rank,original,none,fixed504,union,raw,5,f_cumret5,3030544
ld3_ridge_characteristics_textcore_full_raw_daily_rank_original_none_fixed504_union,ridge,characteristics_textcore,504,cap_spread_bp,52.67982670178996,25.09242540297031,2.099431436211583,0.0357788859532706,3.499576627210203,101.86007677636972,2266,2266,0,5,full,daily_rank,original,none,fixed504,union,raw,5,f_cumret5,3030544
ld3_ridge_characteristics_textcore_full_raw_daily_rank_expanded_none_fixed504_union,ridge,characteristics_textcore,504,rank_ic,0.09392577636311719,0.006727752384711292,13.960944308319371,2.698347597159631e-44,0.0807396239921796,0.10711192873405478,2266,2266,0,5,full,daily_rank,expanded,none,fixed504,union,raw,5,f_cumret5,3030544
ld3_ridge_characteristics_textcore_full_raw_daily_rank_expanded_none_fixed504_union,ridge,characteristics_textcore,504,ew_spread_bp,77.2500437065139,23.35225464500775,3.308033630192896,0.0009395352639810408,31.48046564449053,123.01962176853729,2266,2266,0,5,full,daily_rank,expanded,none,fixed504,union,raw,5,f_cumret5,3030544
ld3_ridge_characteristics_textcore_full_raw_daily_rank_expanded_none_fixed504_union,ridge,characteristics_textcore,504,cap_spread_bp,55.763979922526175,25.490797829710832,2.1876121844068135,0.028697863547437308,5.80293423910117,105.72502560595117,2266,2266,0,5,full,daily_rank,expanded,none,fixed504,union,raw,5,f_cumret5,3030544
ld3_lasso_characteristics_textcore_full_raw_daily_rank_original_none_fixed504_union,lasso,characteristics_textcore,504,rank_ic,0.09474961255484766,0.006887353957591683,13.7570412582627,4.6205279399982834e-43,0.08125064684918856,0.10824857826050677,2266,2266,0,5,full,daily_rank,original,none,fixed504,union,raw,5,f_cumret5,3030544
ld3_lasso_characteristics_textcore_full_raw_daily_rank_original_none_fixed504_union,lasso,characteristics_textcore,504,ew_spread_bp,78.20854935030796,23.517766309817414,3.3255092477749497,0.0008825717235605969,32.11457438623638,124.30252431437955,2266,2266,0,5,full,daily_rank,original,none,fixed504,union,raw,5,f_cumret5,3030544
ld3_lasso_characteristics_textcore_full_raw_daily_rank_original_none_fixed504_union,lasso,characteristics_textcore,504,cap_spread_bp,41.28946735535719,25.448788336041197,1.6224531718424502,0.10470635205944208,-8.589241233466566,91.16817594418094,2266,2266,0,5,full,daily_rank,original,none,fixed504,union,raw,5,f_cumret5,3030544
ld3_lasso_characteristics_textcore_full_raw_daily_rank_expanded_none_fixed504_union,lasso,characteristics_textcore,504,rank_ic,0.09439362999693918,0.006921260450290328,13.638213830398424,2.3730183617245148e-42,0.08082820878674865,0.1079590512071297,2266,2266,0,5,full,daily_rank,expanded,none,fixed504,union,raw,5,f_cumret5,3030544
ld3_lasso_characteristics_textcore_full_raw_daily_rank_expanded_none_fixed504_union,lasso,characteristics_textcore,504,ew_spread_bp,72.94295841736891,23.905628054354132,3.0512881005058223,0.0022786182061203444,26.088788403024488,119.79712843171333,2266,2266,0,5,full,daily_rank,expanded,none,fixed504,union,raw,5,f_cumret5,3030544
ld3_lasso_characteristics_textcore_full_raw_daily_rank_expanded_none_fixed504_union,lasso,characteristics_textcore,504,cap_spread_bp,37.114546123590316,25.44371082222913,1.4586923418090751,0.14464980484207174,-12.75421072103078,86.9833029682114,2266,2266,0,5,full,daily_rank,expanded,none,fixed504,union,raw,5,f_cumret5,3030544
ld3_enet_characteristics_core_full_raw_daily_rank_expanded_none_fixed504_union,enet,characteristics_core,504,rank_ic,0.11035784483762165,0.009619482810117147,11.472326217117871,1.8170794770945734e-30,0.09150400497988989,0.1292116846953534,2266,2266,0,9,full,daily_rank,expanded,none,fixed504,union,raw,10,f_cumret10,3027488
ld3_enet_characteristics_core_full_raw_daily_rank_expanded_none_fixed504_union,enet,characteristics_core,504,ew_spread_bp,123.72493478475428,44.66898747746886,2.7698173111078783,0.0056087742103342235,36.175328103044635,211.27454146646392,2266,2266,0,9,full,daily_rank,expanded,none,fixed504,union,raw,10,f_cumret10,3027488
ld3_enet_characteristics_core_full_raw_daily_rank_expanded_none_fixed504_union,enet,characteristics_core,504,cap_spread_bp,91.33375675977707,44.92243600815872,2.0331434551587813,0.04203803181301122,3.287400085980707,179.38011343357346,2266,2266,0,9,full,daily_rank,expanded,none,fixed504,union,raw,10,f_cumret10,3027488
ld3_group_ridge_characteristics_core_full_raw_daily_rank_original_none_fixed504_union,group_ridge,characteristics_core,504,rank_ic,0.11051237752951472,0.0097005140385502,11.39242488494264,4.561167214344045e-30,0.09149971938243114,0.1295250356765983,2266,2266,0,9,full,daily_rank,original,none,fixed504,union,raw,10,f_cumret10,3027488
ld3_group_ridge_characteristics_core_full_raw_daily_rank_original_none_fixed504_union,group_ridge,characteristics_core,504,ew_spread_bp,124.89250788755878,45.959254814277195,2.7174615513731317,0.006578479821097081,34.81402369527639,214.97099207984115,2266,2266,0,9,full,daily_rank,original,none,fixed504,union,raw,10,f_cumret10,3027488
ld3_group_ridge_characteristics_core_full_raw_daily_rank_original_none_fixed504_union,group_ridge,characteristics_core,504,cap_spread_bp,101.72472393905566,46.89334402000397,2.1692785205435867,0.03006154494443135,9.815458545201167,193.63398933291018,2266,2266,0,9,full,daily_rank,original,none,fixed504,union,raw,10,f_cumret10,3027488
ld3_group_ridge_characteristics_core_full_raw_daily_rank_expanded_none_fixed504_union,group_ridge,characteristics_core,504,rank_ic,0.1105980372982147,0.009698721258367194,11.40336280958694,4.022742346280025e-30,0.091588892935722,0.1296071816607074,2266,2266,0,9,full,daily_rank,expanded,none,fixed504,union,raw,10,f_cumret10,3027488
ld3_group_ridge_characteristics_core_full_raw_daily_rank_expanded_none_fixed504_union,group_ridge,characteristics_core,504,ew_spread_bp,125.34615192098181,45.983274923984744,2.725907455008204,0.006412497505464228,35.22058917876792,215.4717146631957,2266,2266,0,9,full,daily_rank,expanded,none,fixed504,union,raw,10,f_cumret10,3027488
ld3_group_ridge_characteristics_core_full_raw_daily_rank_expanded_none_fixed504_union,group_ridge,characteristics_core,504,cap_spread_bp,96.83663874225516,47.01931752201967,2.0595075353211048,0.039445643909908804,4.680469821443509,188.9928076630668,2266,2266,0,9,full,daily_rank,expanded,none,fixed504,union,raw,10,f_cumret10,3027488
ld3_ols_characteristics_textcore_full_raw_daily_rank_original_none_fixed504_union,ols,characteristics_textcore,504,rank_ic,0.10153302173475073,0.008176116920124096,12.418244837576232,2.0807639125567475e-35,0.08550812703791896,0.1175579164315825,2266,2266,0,9,full,daily_rank,original,none,fixed504,union,raw,10,f_cumret10,3027488
ld3_ols_characteristics_textcore_full_raw_daily_rank_original_none_fixed504_union,ols,characteristics_textcore,504,ew_spread_bp,138.14244039633047,39.5355171000962,3.4941351607108317,0.0004756001683657687,60.65425076997448,215.63063002268646,2266,2266,0,9,full,daily_rank,original,none,fixed504,union,raw,10,f_cumret10,3027488
ld3_ols_characteristics_textcore_full_raw_daily_rank_original_none_fixed504_union,ols,characteristics_textcore,504,cap_spread_bp,90.86308526260453,38.289077099093596,2.3730811016271662,0.017640390064092213,15.817873147103711,165.90829737810535,2266,2266,0,9,full,daily_rank,original,none,fixed504,union,raw,10,f_cumret10,3027488
ld3_ridge_characteristics_textcore_full_raw_daily_rank_original_none_fixed504_union,ridge,characteristics_textcore,504,rank_ic,0.10853226633553781,0.009238575469967392,11.74772741623995,7.254362298871448e-32,0.09042499114594651,0.1266395415251291,2266,2266,0,9,full,daily_rank,original,none,fixed504,union,raw,10,f_cumret10,3027488
ld3_ridge_characteristics_textcore_full_raw_daily_rank_original_none_fixed504_union,ridge,characteristics_textcore,504,ew_spread_bp,133.75821402524483,43.79783525595121,3.0539914414393317,0.0022581852301567854,47.91603432276183,219.6003937277278,2266,2266,0,9,full,daily_rank,original,none,fixed504,union,raw,10,f_cumret10,3027488
ld3_ridge_characteristics_textcore_full_raw_daily_rank_original_none_fixed504_union,ridge,characteristics_textcore,504,cap_spread_bp,92.24481478678241,45.21805854839947,2.039999454820634,0.041350380032130804,3.6190485810959387,180.8705809924689,2266,2266,0,9,full,daily_rank,original,none,fixed504,union,raw,10,f_cumret10,3027488
ld3_ridge_characteristics_textcore_full_raw_daily_rank_expanded_none_fixed504_union,ridge,characteristics_textcore,504,rank_ic,0.10908323659450858,0.009294655041503527,11.736125343804368,8.321211976529437e-32,0.09086604746443802,0.12730042572457914,2266,2266,0,9,full,daily_rank,expanded,none,fixed504,union,raw,10,f_cumret10,3027488
ld3_ridge_characteristics_textcore_full_raw_daily_rank_expanded_none_fixed504_union,ridge,characteristics_textcore,504,ew_spread_bp,130.34915661656885,44.314729594492555,2.941440866487171,0.003266892106634125,43.49388262673217,217.20443060640554,2266,2266,0,9,full,daily_rank,expanded,none,fixed504,union,raw,10,f_cumret10,3027488
ld3_ridge_characteristics_textcore_full_raw_daily_rank_expanded_none_fixed504_union,ridge,characteristics_textcore,504,cap_spread_bp,95.10725043758961,46.1132961813085,2.0624691426014405,0.03916309242889739,4.726850713796551,185.48765016138267,2266,2266,0,9,full,daily_rank,expanded,none,fixed504,union,raw,10,f_cumret10,3027488
ld3_lasso_characteristics_textcore_full_raw_daily_rank_original_none_fixed504_union,lasso,characteristics_textcore,504,rank_ic,0.11003684260522727,0.009566873172652543,11.501860704056776,1.291018684835237e-30,0.09128611574216584,0.1287875694682887,2266,2266,0,9,full,daily_rank,original,none,fixed504,union,raw,10,f_cumret10,3027488
ld3_lasso_characteristics_textcore_full_raw_daily_rank_original_none_fixed504_union,lasso,characteristics_textcore,504,ew_spread_bp,127.0694708763275,45.015035685967874,2.822822839968062,0.004760286802907641,38.84162216904518,215.2973195836098,2266,2266,0,9,full,daily_rank,original,none,fixed504,union,raw,10,f_cumret10,3027488
ld3_lasso_characteristics_textcore_full_raw_daily_rank_original_none_fixed504_union,lasso,characteristics_textcore,504,cap_spread_bp,79.84281332575472,45.728293079695064,1.746026539556266,0.08080634029066766,-9.782994184939795,169.46862083644925,2266,2266,0,9,full,daily_rank,original,none,fixed504,union,raw,10,f_cumret10,3027488
ld3_lasso_characteristics_textcore_full_raw_daily_rank_expanded_none_fixed504_union,lasso,characteristics_textcore,504,rank_ic,0.10987754350739962,0.009570035203873025,11.481414766680462,1.635816573862292e-30,0.09112061917702804,0.1286344678377712,2266,2266,0,9,full,daily_rank,expanded,none,fixed504,union,raw,10,f_cumret10,3027488
ld3_lasso_characteristics_textcore_full_raw_daily_rank_expanded_none_fixed504_union,lasso,characteristics_textcore,504,ew_spread_bp,117.66042755274448,46.20872788026751,2.546281469977211,0.010887735834200604,27.09298513600828,208.22786996948068,2266,2266,0,9,full,daily_rank,expanded,none,fixed504,union,raw,10,f_cumret10,3027488
ld3_lasso_characteristics_textcore_full_raw_daily_rank_expanded_none_fixed504_union,lasso,characteristics_textcore,504,cap_spread_bp,68.11996928945605,47.06214935124357,1.44744705094214,0.14777175601875736,-24.120148474026408,160.36008705293852,2266,2266,0,9,full,daily_rank,expanded,none,fixed504,union,raw,10,f_cumret10,3027488
ld3_enet_characteristics_core_full_raw_daily_rank_expanded_none_fixed504_union,enet,characteristics_core,504,rank_ic,0.13442849868349105,0.013926507311617674,9.652707292326559,4.787481547055522e-22,0.10713304592228667,0.16172395144469542,2266,2266,0,20,full,daily_rank,expanded,none,fixed504,union,raw,21,f_cumret21,3020813
ld3_enet_characteristics_core_full_raw_daily_rank_expanded_none_fixed504_union,enet,characteristics_core,504,ew_spread_bp,224.81104051735574,97.35668653831218,2.3091484366498776,0.020935345734675235,33.995441248108364,415.6266397866031,2266,2266,0,20,full,daily_rank,expanded,none,fixed504,union,raw,21,f_cumret21,3020813
ld3_enet_characteristics_core_full_raw_daily_rank_expanded_none_fixed504_union,enet,characteristics_core,504,cap_spread_bp,156.2982873652976,92.05898569080128,1.6978058816578427,0.08954440545804924,-24.134009041961093,336.7305837725563,2266,2266,0,20,full,daily_rank,expanded,none,fixed504,union,raw,21,f_cumret21,3020813
ld3_group_ridge_characteristics_core_full_raw_daily_rank_original_none_fixed504_union,group_ridge,characteristics_core,504,rank_ic,0.13446012289482054,0.01403954321425979,9.577243421869385,9.96695467102675e-22,0.10694312383547765,0.16197712195416344,2266,2266,0,20,full,daily_rank,original,none,fixed504,union,raw,21,f_cumret21,3020813
ld3_group_ridge_characteristics_core_full_raw_daily_rank_original_none_fixed504_union,group_ridge,characteristics_core,504,ew_spread_bp,229.38843049190055,99.17618157212175,2.312938720322554,0.02072600857048235,35.00668648633692,423.77017449746415,2266,2266,0,20,full,daily_rank,original,none,fixed504,union,raw,21,f_cumret21,3020813
ld3_group_ridge_characteristics_core_full_raw_daily_rank_original_none_fixed504_union,group_ridge,characteristics_core,504,cap_spread_bp,173.8875493853956,98.23176744288034,1.7701763280041507,0.07669777146670106,-18.6431769403641,366.4182757111553,2266,2266,0,20,full,daily_rank,original,none,fixed504,union,raw,21,f_cumret21,3020813
ld3_group_ridge_characteristics_core_full_raw_daily_rank_expanded_none_fixed504_union,group_ridge,characteristics_core,504,rank_ic,0.13445228667960876,0.014030839906564774,9.582625671375595,9.46086001937177e-22,0.10695234578989446,0.16195222756932307,2266,2266,0,20,full,daily_rank,expanded,none,fixed504,union,raw,21,f_cumret21,3020813
ld3_group_ridge_characteristics_core_full_raw_daily_rank_expanded_none_fixed504_union,group_ridge,characteristics_core,504,ew_spread_bp,228.613586293092,98.86399151381005,2.3124049797357977,0.020755376201568292,34.84372355815077,422.3834490280332,2266,2266,0,20,full,daily_rank,expanded,none,fixed504,union,raw,21,f_cumret21,3020813
ld3_group_ridge_characteristics_core_full_raw_daily_rank_expanded_none_fixed504_union,group_ridge,characteristics_core,504,cap_spread_bp,163.29134561347277,97.16310682501818,1.6805899991191664,0.09284257970015018,-27.144844389580783,353.7275356165263,2266,2266,0,20,full,daily_rank,expanded,none,fixed504,union,raw,21,f_cumret21,3020813
ld3_ols_characteristics_textcore_full_raw_daily_rank_original_none_fixed504_union,ols,characteristics_textcore,504,rank_ic,0.12178295022248763,0.011867060647732264,10.26226745085016,1.0423007765356039e-24,0.09852393875057983,0.14504196169439543,2266,2266,0,20,full,daily_rank,original,none,fixed504,union,raw,21,f_cumret21,3020813
ld3_ols_characteristics_textcore_full_raw_daily_rank_original_none_fixed504_union,ols,characteristics_textcore,504,ew_spread_bp,239.34813812589204,85.6465423368099,2.794603630169235,0.005196338324900946,71.48399974535968,407.21227650642436,2266,2266,0,20,full,daily_rank,original,none,fixed504,union,raw,21,f_cumret21,3020813
ld3_ols_characteristics_textcore_full_raw_daily_rank_original_none_fixed504_union,ols,characteristics_textcore,504,cap_spread_bp,150.73766375514506,82.02329282216587,1.837742165289052,0.06610040744400332,-10.025036069682784,311.50036357997294,2266,2266,0,20,full,daily_rank,original,none,fixed504,union,raw,21,f_cumret21,3020813
ld3_ridge_characteristics_textcore_full_raw_daily_rank_original_none_fixed504_union,ridge,characteristics_textcore,504,rank_ic,0.13192715270668814,0.01338327543711016,9.85761320736705,6.354186536380683e-23,0.10569641485477269,0.1581578905586036,2266,2266,0,20,full,daily_rank,original,none,fixed504,union,raw,21,f_cumret21,3020813
ld3_ridge_characteristics_textcore_full_raw_daily_rank_original_none_fixed504_union,ridge,characteristics_textcore,504,ew_spread_bp,246.00060781371886,94.11339719598357,2.6138744869812998,0.008952191667985356,61.54173884687816,430.45947678055956,2266,2266,0,20,full,daily_rank,original,none,fixed504,union,raw,21,f_cumret21,3020813
ld3_ridge_characteristics_textcore_full_raw_daily_rank_original_none_fixed504_union,ridge,characteristics_textcore,504,cap_spread_bp,185.87588509793468,94.0747250508207,1.9758323502675292,0.048173768164307976,1.49281214281811,370.2589580530513,2266,2266,0,20,full,daily_rank,original,none,fixed504,union,raw,21,f_cumret21,3020813
ld3_ridge_characteristics_textcore_full_raw_daily_rank_expanded_none_fixed504_union,ridge,characteristics_textcore,504,rank_ic,0.13261065909707015,0.013492976975976467,9.828124611283071,8.519037269131056e-23,0.1061649101799281,0.1590564080142122,2266,2266,0,20,full,daily_rank,expanded,none,fixed504,union,raw,21,f_cumret21,3020813
ld3_ridge_characteristics_textcore_full_raw_daily_rank_expanded_none_fixed504_union,ridge,characteristics_textcore,504,ew_spread_bp,240.23459665508733,95.65170002929092,2.5115559533340392,0.012020022907102189,52.760709537648296,427.7084837725264,2266,2266,0,20,full,daily_rank,expanded,none,fixed504,union,raw,21,f_cumret21,3020813
ld3_ridge_characteristics_textcore_full_raw_daily_rank_expanded_none_fixed504_union,ridge,characteristics_textcore,504,cap_spread_bp,174.14654027609154,97.48030239412928,1.7864792783673131,0.07402168941931928,-16.91134161847546,365.2044221706585,2266,2266,0,20,full,daily_rank,expanded,none,fixed504,union,raw,21,f_cumret21,3020813
ld3_lasso_characteristics_textcore_full_raw_daily_rank_original_none_fixed504_union,lasso,characteristics_textcore,504,rank_ic,0.13357466583222205,0.013913293634515092,9.60050648976887,7.955253284700134e-22,0.10630511140224208,0.16084422026220202,2266,2266,0,20,full,daily_rank,original,none,fixed504,union,raw,21,f_cumret21,3020813
ld3_lasso_characteristics_textcore_full_raw_daily_rank_original_none_fixed504_union,lasso,characteristics_textcore,504,ew_spread_bp,230.90798892942405,97.00246623647494,2.3804342084098256,0.017292248622074496,40.78664869437057,421.02932916447753,2266,2266,0,20,full,daily_rank,original,none,fixed504,union,raw,21,f_cumret21,3020813
ld3_lasso_characteristics_textcore_full_raw_daily_rank_original_none_fixed504_union,lasso,characteristics_textcore,504,cap_spread_bp,140.03849990623416,97.86228388207454,1.430975186262591,0.1524373268482296,-51.768051947466546,331.8450517599349,2266,2266,0,20,full,daily_rank,original,none,fixed504,union,raw,21,f_cumret21,3020813
ld3_lasso_characteristics_textcore_full_raw_daily_rank_expanded_none_fixed504_union,lasso,characteristics_textcore,504,rank_ic,0.13378341204913355,0.013871566902674728,9.644434041790715,5.189666816947938e-22,0.10659564051075325,0.16097118358751383,2266,2266,0,20,full,daily_rank,expanded,none,fixed504,union,raw,21,f_cumret21,3020813
ld3_lasso_characteristics_textcore_full_raw_daily_rank_expanded_none_fixed504_union,lasso,characteristics_textcore,504,ew_spread_bp,215.95738396190308,99.9239136818357,2.161218230998493,0.030678485778102747,20.11011195121597,411.8046559725902,2266,2266,0,20,full,daily_rank,expanded,none,fixed504,union,raw,21,f_cumret21,3020813
ld3_lasso_characteristics_textcore_full_raw_daily_rank_expanded_none_fixed504_union,lasso,characteristics_textcore,504,cap_spread_bp,123.12299921703051,99.31651082745563,1.239703229515728,0.21508518219993522,-71.53378507496485,317.7797835090259,2266,2266,0,20,full,daily_rank,expanded,none,fixed504,union,raw,21,f_cumret21,3020813
ld3_enet_characteristics_core_full_raw_daily_rank_expanded_none_fixed504_union,enet,characteristics_core,504,rank_ic,0.16210299920372687,0.0193373131756673,8.3829122345552,5.163397668020307e-17,0.1242025618216471,0.20000343658580663,2266,2266,0,41,full,daily_rank,expanded,none,fixed504,union,raw,42,f_cumret42,3007314
ld3_enet_characteristics_core_full_raw_daily_rank_expanded_none_fixed504_union,enet,characteristics_core,504,ew_spread_bp,368.36001173633264,215.84312895184905,1.7066098583963147,0.08789459157960776,-54.684747319726114,791.4047707923914,2266,2266,0,41,full,daily_rank,expanded,none,fixed504,union,raw,42,f_cumret42,3007314
ld3_enet_characteristics_core_full_raw_daily_rank_expanded_none_fixed504_union,enet,characteristics_core,504,cap_spread_bp,306.6720266491292,189.0795114703914,1.6219209805666968,0.10482026861107367,-63.917006047266,677.2610593455244,2266,2266,0,41,full,daily_rank,expanded,none,fixed504,union,raw,42,f_cumret42,3007314
ld3_group_ridge_characteristics_core_full_raw_daily_rank_original_none_fixed504_union,group_ridge,characteristics_core,504,rank_ic,0.16220265267591338,0.019505761669284243,8.31562773225791,9.126788598703418e-17,0.12397206231309438,0.2004332430387324,2266,2266,0,41,full,daily_rank,original,none,fixed504,union,raw,42,f_cumret42,3007314
ld3_group_ridge_characteristics_core_full_raw_daily_rank_original_none_fixed504_union,group_ridge,characteristics_core,504,ew_spread_bp,367.19129066289867,221.9126524932566,1.6546658630654543,0.09799229528648032,-67.74951593763689,802.1320972634342,2266,2266,0,41,full,daily_rank,original,none,fixed504,union,raw,42,f_cumret42,3007314
ld3_group_ridge_characteristics_core_full_raw_daily_rank_original_none_fixed504_union,group_ridge,characteristics_core,504,cap_spread_bp,314.0479967181675,202.374555996375,1.551815618183705,0.12070634780977481,-82.59884442201195,710.694837858347,2266,2266,0,41,full,daily_rank,original,none,fixed504,union,raw,42,f_cumret42,3007314
ld3_group_ridge_characteristics_core_full_raw_daily_rank_expanded_none_fixed504_union,group_ridge,characteristics_core,504,rank_ic,0.16173032549520447,0.01950728652885549,8.290764851173453,1.1252254275034145e-16,0.12349674646254434,0.1999639045278646,2266,2266,0,41,full,daily_rank,expanded,none,fixed504,union,raw,42,f_cumret42,3007314
ld3_group_ridge_characteristics_core_full_raw_daily_rank_expanded_none_fixed504_union,group_ridge,characteristics_core,504,ew_spread_bp,363.16668137741317,221.77417029848738,1.6375517531578392,0.10151523459324958,-71.50270510887464,797.8360678637009,2266,2266,0,41,full,daily_rank,expanded,none,fixed504,union,raw,42,f_cumret42,3007314
ld3_group_ridge_characteristics_core_full_raw_daily_rank_expanded_none_fixed504_union,group_ridge,characteristics_core,504,cap_spread_bp,299.992963529958,200.96219760150967,1.4927830562682123,0.13549398393551712,-93.88570602302258,693.8716330829386,2266,2266,0,41,full,daily_rank,expanded,none,fixed504,union,raw,42,f_cumret42,3007314
ld3_ols_characteristics_textcore_full_raw_daily_rank_original_none_fixed504_union,ols,characteristics_textcore,504,rank_ic,0.14456273835005368,0.016628673476088214,8.693582116332536,3.5118763439073374e-18,0.1119711372262443,0.17715433947386305,2266,2266,0,41,full,daily_rank,original,none,fixed504,union,raw,42,f_cumret42,3007314
ld3_ols_characteristics_textcore_full_raw_daily_rank_original_none_fixed504_union,ols,characteristics_textcore,504,ew_spread_bp,378.85345158054804,189.38536114068535,2.000436830485097,0.045453114696879335,7.664964545693294,750.0419386154028,2266,2266,0,41,full,daily_rank,original,none,fixed504,union,raw,42,f_cumret42,3007314
ld3_ols_characteristics_textcore_full_raw_daily_rank_original_none_fixed504_union,ols,characteristics_textcore,504,cap_spread_bp,247.50577401972942,176.46465845711361,1.4025798490403165,0.16074216426797872,-98.35860110037476,593.3701491398335,2266,2266,0,41,full,daily_rank,original,none,fixed504,union,raw,42,f_cumret42,3007314
ld3_ridge_characteristics_textcore_full_raw_daily_rank_original_none_fixed504_union,ridge,characteristics_textcore,504,rank_ic,0.15891869844518539,0.018600839663094025,8.543630358821725,1.3006963775415188e-17,0.12246172262331695,0.19537567426705382,2266,2266,0,41,full,daily_rank,original,none,fixed504,union,raw,42,f_cumret42,3007314
ld3_ridge_characteristics_textcore_full_raw_daily_rank_original_none_fixed504_union,ridge,characteristics_textcore,504,ew_spread_bp,399.112191781364,211.91650521837906,1.8833464216016613,0.05965343620610934,-16.236526176253392,814.4609097389814,2266,2266,0,41,full,daily_rank,original,none,fixed504,union,raw,42,f_cumret42,3007314
ld3_ridge_characteristics_textcore_full_raw_daily_rank_original_none_fixed504_union,ridge,characteristics_textcore,504,cap_spread_bp,332.5422014140691,197.14147451504067,1.6868200982675423,0.09163794963897866,-53.847988494531535,718.9323913226697,2266,2266,0,41,full,daily_rank,original,none,fixed504,union,raw,42,f_cumret42,3007314
ld3_ridge_characteristics_textcore_full_raw_daily_rank_expanded_none_fixed504_union,ridge,characteristics_textcore,504,rank_ic,0.1598902816189647,0.018835142006276364,8.488934225485801,2.085407045160892e-17,0.12297408164296554,0.1968064815949639,2266,2266,0,41,full,daily_rank,expanded,none,fixed504,union,raw,42,f_cumret42,3007314
ld3_ridge_characteristics_textcore_full_raw_daily_rank_expanded_none_fixed504_union,ridge,characteristics_textcore,504,ew_spread_bp,389.76850596748193,217.20863336229772,1.7944429737162395,0.0727424929965486,-35.952592553786815,815.4896044887507,2266,2266,0,41,full,daily_rank,expanded,none,fixed504,union,raw,42,f_cumret42,3007314
ld3_ridge_characteristics_textcore_full_raw_daily_rank_expanded_none_fixed504_union,ridge,characteristics_textcore,504,cap_spread_bp,322.0641382768954,203.08802315006398,1.585835212147979,0.11277669570543093,-75.98107278866672,720.1093493424576,2266,2266,0,41,full,daily_rank,expanded,none,fixed504,union,raw,42,f_cumret42,3007314
ld3_lasso_characteristics_textcore_full_raw_daily_rank_original_none_fixed504_union,lasso,characteristics_textcore,504,rank_ic,0.1609479736898288,0.019233056594202044,8.368299282098917,5.845577148292223e-17,0.1232518754525722,0.19864407192708539,2266,2266,0,41,full,daily_rank,original,none,fixed504,union,raw,42,f_cumret42,3007314
ld3_lasso_characteristics_textcore_full_raw_daily_rank_original_none_fixed504_union,lasso,characteristics_textcore,504,ew_spread_bp,378.8967034183407,218.52114089857614,1.733913258279211,0.0829334750595521,-49.39686260347116,807.1902694401525,2266,2266,0,41,full,daily_rank,original,none,fixed504,union,raw,42,f_cumret42,3007314
ld3_lasso_characteristics_textcore_full_raw_daily_rank_original_none_fixed504_union,lasso,characteristics_textcore,504,cap_spread_bp,279.77273841951296,201.5458997271142,1.3881341113776815,0.16509621114867756,-115.24996627735197,674.7954431163779,2266,2266,0,41,full,daily_rank,original,none,fixed504,union,raw,42,f_cumret42,3007314
ld3_lasso_characteristics_textcore_full_raw_daily_rank_expanded_none_fixed504_union,lasso,characteristics_textcore,504,rank_ic,0.1610386633803156,0.019167602364396522,8.401607061686653,4.404093890118704e-17,0.12347085307611363,0.1986064736845176,2266,2266,0,41,full,daily_rank,expanded,none,fixed504,union,raw,42,f_cumret42,3007314
ld3_lasso_characteristics_textcore_full_raw_daily_rank_expanded_none_fixed504_union,lasso,characteristics_textcore,504,ew_spread_bp,357.74142410211044,223.17847959963558,1.602938709609771,0.10894818635146451,-79.6803580375825,795.1632062418034,2266,2266,0,41,full,daily_rank,expanded,none,fixed504,union,raw,42,f_cumret42,3007314
ld3_lasso_characteristics_textcore_full_raw_daily_rank_expanded_none_fixed504_union,lasso,characteristics_textcore,504,cap_spread_bp,258.4719716515958,201.83577895353883,1.2806053168159757,0.20033233156031016,-137.1188858889277,654.0628291921194,2266,2266,0,41,full,daily_rank,expanded,none,fixed504,union,raw,42,f_cumret42,3007314
ld3_enet_characteristics_core_full_raw_daily_rank_expanded_none_fixed504_union,enet,characteristics_core,504,rank_ic,0.18741986369608113,0.023007208647598306,8.146136568185801,3.7573576745164356e-16,0.14232656336198996,0.2325131640301723,2266,2266,0,62,full,daily_rank,expanded,none,fixed504,union,raw,63,f_cumret63,2993214
ld3_enet_characteristics_core_full_raw_daily_rank_expanded_none_fixed504_union,enet,characteristics_core,504,ew_spread_bp,512.3643542000314,333.27454193313486,1.5373642139843595,0.12420414462024568,-140.84174495299692,1165.5704533530597,2266,2266,0,62,full,daily_rank,expanded,none,fixed504,union,raw,63,f_cumret63,2993214
ld3_enet_characteristics_core_full_raw_daily_rank_expanded_none_fixed504_union,enet,characteristics_core,504,cap_spread_bp,446.0713509171973,279.4380386840383,1.5963157808360227,0.11041830854105861,-101.61714081402812,993.7598426484228,2266,2266,0,62,full,daily_rank,expanded,none,fixed504,union,raw,63,f_cumret63,2993214
ld3_group_ridge_characteristics_core_full_raw_daily_rank_original_none_fixed504_union,group_ridge,characteristics_core,504,rank_ic,0.18724367826472552,0.023203654534141218,8.069577056890772,7.0542101527811e-16,0.1417653510680992,0.23272200546135183,2266,2266,0,62,full,daily_rank,original,none,fixed504,union,raw,63,f_cumret63,2993214
ld3_group_ridge_characteristics_core_full_raw_daily_rank_original_none_fixed504_union,group_ridge,characteristics_core,504,ew_spread_bp,510.4068144235857,338.81427394209686,1.5064501518339628,0.13195165448462598,-153.65695995101186,1174.4705887981831,2266,2266,0,62,full,daily_rank,original,none,fixed504,union,raw,63,f_cumret63,2993214
ld3_group_ridge_characteristics_core_full_raw_daily_rank_original_none_fixed504_union,group_ridge,characteristics_core,504,cap_spread_bp,436.2555297880001,295.3152458249863,1.4772536669052967,0.13960765283956098,-142.55171611456558,1015.0627756905658,2266,2266,0,62,full,daily_rank,original,none,fixed504,union,raw,63,f_cumret63,2993214
ld3_group_ridge_characteristics_core_full_raw_daily_rank_expanded_none_fixed504_union,group_ridge,characteristics_core,504,rank_ic,0.18682396216590785,0.023219675465734346,8.045933391343347,8.559053824190915e-16,0.14131423452036024,0.23233368981145547,2266,2266,0,62,full,daily_rank,expanded,none,fixed504,union,raw,63,f_cumret63,2993214
ld3_group_ridge_characteristics_core_full_raw_daily_rank_expanded_none_fixed504_union,group_ridge,characteristics_core,504,ew_spread_bp,506.69810059332144,339.1923848314619,1.4938368998027178,0.13521825434860735,-158.10675750659402,1171.502958693237,2266,2266,0,62,full,daily_rank,expanded,none,fixed504,union,raw,63,f_cumret63,2993214
ld3_group_ridge_characteristics_core_full_raw_daily_rank_expanded_none_fixed504_union,group_ridge,characteristics_core,504,cap_spread_bp,414.7724364447417,295.3077916715761,1.4045428130999913,0.1601572721109481,-164.02019958560487,993.5650724750883,2266,2266,0,62,full,daily_rank,expanded,none,fixed504,union,raw,63,f_cumret63,2993214
ld3_ols_characteristics_textcore_full_raw_daily_rank_original_none_fixed504_union,ols,characteristics_textcore,504,rank_ic,0.16575906943456528,0.01982597683547858,8.360701256239716,6.234654119397288e-17,0.12690086887870186,0.2046172699904287,2266,2266,0,62,full,daily_rank,original,none,fixed504,union,raw,63,f_cumret63,2993214
ld3_ols_characteristics_textcore_full_raw_daily_rank_original_none_fixed504_union,ols,characteristics_textcore,504,ew_spread_bp,515.3421896340382,298.60833283468156,1.725813157127624,0.08438103202640192,-69.91938820548694,1100.6037674735633,2266,2266,0,62,full,daily_rank,original,none,fixed504,union,raw,63,f_cumret63,2993214
ld3_ols_characteristics_textcore_full_raw_daily_rank_original_none_fixed504_union,ols,characteristics_textcore,504,cap_spread_bp,359.3239101954091,268.2575187150849,1.339473771011225,0.18041648761894336,-166.45116506823683,885.098985459055,2266,2266,0,62,full,daily_rank,original,none,fixed504,union,raw,63,f_cumret63,2993214
ld3_ridge_characteristics_textcore_full_raw_daily_rank_original_none_fixed504_union,ridge,characteristics_textcore,504,rank_ic,0.18375755643960243,0.02219632555491264,8.278737666961817,1.2448783798407835e-16,0.14025355776284762,0.22726155511635723,2266,2266,0,62,full,daily_rank,original,none,fixed504,union,raw,63,f_cumret63,2993214
ld3_ridge_characteristics_textcore_full_raw_daily_rank_original_none_fixed504_union,ridge,characteristics_textcore,504,ew_spread_bp,553.5090321676417,330.0054570235861,1.6772723613721379,0.09348923463042416,-93.28977830026759,1200.307842635551,2266,2266,0,62,full,daily_rank,original,none,fixed504,union,raw,63,f_cumret63,2993214
ld3_ridge_characteristics_textcore_full_raw_daily_rank_original_none_fixed504_union,ridge,characteristics_textcore,504,cap_spread_bp,477.52013831691727,296.1775689535699,1.6122765137280717,0.1069017817373972,-102.97722986070823,1058.0175064945429,2266,2266,0,62,full,daily_rank,original,none,fixed504,union,raw,63,f_cumret63,2993214
ld3_ridge_characteristics_textcore_full_raw_daily_rank_expanded_none_fixed504_union,ridge,characteristics_textcore,504,rank_ic,0.18457219146401282,0.02250663075661895,8.200791733775265,2.3880894835906723e-16,0.1404600057676982,0.22868437716032744,2266,2266,0,62,full,daily_rank,expanded,none,fixed504,union,raw,63,f_cumret63,2993214
ld3_ridge_characteristics_textcore_full_raw_daily_rank_expanded_none_fixed504_union,ridge,characteristics_textcore,504,ew_spread_bp,544.7559120978827,336.4805269018897,1.6189819872004705,0.10545113881095389,-114.73380212888185,1204.2456263246472,2266,2266,0,62,full,daily_rank,expanded,none,fixed504,union,raw,63,f_cumret63,2993214
ld3_ridge_characteristics_textcore_full_raw_daily_rank_expanded_none_fixed504_union,ridge,characteristics_textcore,504,cap_spread_bp,460.4736800131059,302.6509955266752,1.5214675874823627,0.1281425391688216,-132.71137110437053,1053.6587311305823,2266,2266,0,62,full,daily_rank,expanded,none,fixed504,union,raw,63,f_cumret63,2993214
ld3_lasso_characteristics_textcore_full_raw_daily_rank_original_none_fixed504_union,lasso,characteristics_textcore,504,rank_ic,0.18638533832462645,0.02282807211575618,8.16474283853262,3.2212070257387945e-16,0.14164313914126125,0.23112753750799164,2266,2266,0,62,full,daily_rank,original,none,fixed504,union,raw,63,f_cumret63,2993214
ld3_lasso_characteristics_textcore_full_raw_daily_rank_original_none_fixed504_union,lasso,characteristics_textcore,504,ew_spread_bp,539.7253946738296,335.60841308290975,1.6081998353852176,0.10779141922738276,-118.05500787731467,1197.5057972249738,2266,2266,0,62,full,daily_rank,original,none,fixed504,union,raw,63,f_cumret63,2993214
ld3_lasso_characteristics_textcore_full_raw_daily_rank_original_none_fixed504_union,lasso,characteristics_textcore,504,cap_spread_bp,405.00596827937727,301.1338216443837,1.344936832627385,0.17864563439808911,-185.205476670523,995.2174132292776,2266,2266,0,62,full,daily_rank,original,none,fixed504,union,raw,63,f_cumret63,2993214
ld3_lasso_characteristics_textcore_full_raw_daily_rank_expanded_none_fixed504_union,lasso,characteristics_textcore,504,rank_ic,0.1864983328054419,0.022800224241003923,8.179670990693298,2.8461992341715566e-16,0.14181071445363713,0.23118595115724666,2266,2266,0,62,full,daily_rank,expanded,none,fixed504,union,raw,63,f_cumret63,2993214
ld3_lasso_characteristics_textcore_full_raw_daily_rank_expanded_none_fixed504_union,lasso,characteristics_textcore,504,ew_spread_bp,510.02258804597426,344.4029698970067,1.4808890533043193,0.13863614052833398,-164.99482912079128,1185.0400052127397,2266,2266,0,62,full,daily_rank,expanded,none,fixed504,union,raw,63,f_cumret63,2993214
ld3_lasso_characteristics_textcore_full_raw_daily_rank_expanded_none_fixed504_union,lasso,characteristics_textcore,504,cap_spread_bp,373.6571762805585,303.88699459110285,1.2295925226524924,0.21884973147509057,-221.95038848812135,969.2647410492383,2266,2266,0,62,full,daily_rank,expanded,none,fixed504,union,raw,63,f_cumret63,2993214
ld3_enet_characteristics_textcore_full_raw_daily_rank_original_none_fixed504_union,enet,characteristics_textcore,504,rank_ic,0.08544944935143256,0.00569652416131735,15.000278578941716,7.31118190779633e-51,0.07428446715818832,0.0966144315446768,2266,2266,0,5,full,daily_rank,original,none,fixed504,union,raw,3,f_cumret3,3031789
ld3_enet_characteristics_textcore_full_raw_daily_rank_original_none_fixed504_union,enet,characteristics_textcore,504,ew_spread_bp,54.90749124593662,15.552612050869515,3.530435342072771,0.000414876405423893,24.424931760708745,85.3900507311645,2266,2266,0,5,full,daily_rank,original,none,fixed504,union,raw,3,f_cumret3,3031789
ld3_enet_characteristics_textcore_full_raw_daily_rank_original_none_fixed504_union,enet,characteristics_textcore,504,cap_spread_bp,25.945952027328467,16.898753518842437,1.5353766772441666,0.12469132923168826,-7.174996253222211,59.066900307879145,2266,2266,0,5,full,daily_rank,original,none,fixed504,union,raw,3,f_cumret3,3031789
ld3_enet_characteristics_textcore_full_raw_daily_rank_expanded_none_fixed504_union,enet,characteristics_textcore,504,rank_ic,0.08559627717319847,0.005709177801270063,14.992750296576284,8.18907192624417e-51,0.07440649430137357,0.09678606004502337,2266,2266,0,5,full,daily_rank,expanded,none,fixed504,union,raw,3,f_cumret3,3031789
ld3_enet_characteristics_textcore_full_raw_daily_rank_expanded_none_fixed504_union,enet,characteristics_textcore,504,ew_spread_bp,54.66952885455354,15.67166785223984,3.488430802005545,0.0004858645646572993,23.953624286489273,85.38543342261781,2266,2266,0,5,full,daily_rank,expanded,none,fixed504,union,raw,3,f_cumret3,3031789
ld3_enet_characteristics_textcore_full_raw_daily_rank_expanded_none_fixed504_union,enet,characteristics_textcore,504,cap_spread_bp,27.32536802391967,16.879106906852183,1.6188870758811746,0.10547156212541045,-5.757073604711881,60.40780965255122,2266,2266,0,5,full,daily_rank,expanded,none,fixed504,union,raw,3,f_cumret3,3031789
ld3_group_ridge_characteristics_textcore_full_raw_daily_rank_original_none_fixed504_union,group_ridge,characteristics_textcore,504,rank_ic,0.08643625182132358,0.0057721801974860674,14.974628106546083,1.0756785406525676e-50,0.07512298652197559,0.09774951712067158,2266,2266,0,5,full,daily_rank,original,none,fixed504,union,raw,3,f_cumret3,3031789
ld3_group_ridge_characteristics_textcore_full_raw_daily_rank_original_none_fixed504_union,group_ridge,characteristics_textcore,504,ew_spread_bp,54.673525904098284,15.72987735218067,3.475775727934634,0.0005093780672518298,23.843532812591903,85.50351899560467,2266,2266,0,5,full,daily_rank,original,none,fixed504,union,raw,3,f_cumret3,3031789
ld3_group_ridge_characteristics_textcore_full_raw_daily_rank_original_none_fixed504_union,group_ridge,characteristics_textcore,504,cap_spread_bp,39.932362549032405,16.268244011374588,2.4546203340146677,0.014103345327173817,8.047190195028797,71.817534903036,2266,2266,0,5,full,daily_rank,original,none,fixed504,union,raw,3,f_cumret3,3031789
ld3_group_ridge_characteristics_textcore_full_raw_daily_rank_expanded_none_fixed504_union,group_ridge,characteristics_textcore,504,rank_ic,0.08611373108400984,0.005771466468965537,14.920598005214549,2.4209395073117286e-50,0.07480186466685683,0.09742559750116285,2266,2266,0,5,full,daily_rank,expanded,none,fixed504,union,raw,3,f_cumret3,3031789
ld3_group_ridge_characteristics_textcore_full_raw_daily_rank_expanded_none_fixed504_union,group_ridge,characteristics_textcore,504,ew_spread_bp,54.512533954640986,15.73280697402336,3.46489561873144,0.0005304373159198295,23.676798909834613,85.34826899944736,2266,2266,0,5,full,daily_rank,expanded,none,fixed504,union,raw,3,f_cumret3,3031789
ld3_group_ridge_characteristics_textcore_full_raw_daily_rank_expanded_none_fixed504_union,group_ridge,characteristics_textcore,504,cap_spread_bp,36.167231783233156,16.57545162801897,2.181975646569801,0.029111330137426547,3.679943564830168,68.65452000163614,2266,2266,0,5,full,daily_rank,expanded,none,fixed504,union,raw,3,f_cumret3,3031789
ld3_ols_characteristics_textcore_pca_raw_daily_rank_original_original_fixed504_union,ols,characteristics_textcore,504,rank_ic,0.08514933585658188,0.005373645433609218,15.845730223289255,1.5046297263165481e-56,0.07461718434101969,0.09568148737214408,2266,2266,0,5,pca,daily_rank,original,original,fixed504,union,raw,3,f_cumret3,3031789
ld3_ols_characteristics_textcore_pca_raw_daily_rank_original_original_fixed504_union,ols,characteristics_textcore,504,ew_spread_bp,65.0328583114712,14.616505745498051,4.4492753222843024,8.61605092667628e-06,36.38503347047225,93.68068315247015,2266,2266,0,5,pca,daily_rank,original,original,fixed504,union,raw,3,f_cumret3,3031789
ld3_ols_characteristics_textcore_pca_raw_daily_rank_original_original_fixed504_union,ols,characteristics_textcore,504,cap_spread_bp,31.925023174765425,15.293985588109873,2.0874233855421673,0.03684987987982249,1.9493622419954377,61.90068410753541,2266,2266,0,5,pca,daily_rank,original,original,fixed504,union,raw,3,f_cumret3,3031789
ld3_ols_characteristics_textcore_pca_raw_daily_rank_original_expanded_fixed504_union,ols,characteristics_textcore,504,rank_ic,0.08530843736756666,0.00540134173120962,15.793934472733683,3.425321641301403e-56,0.07472200210620258,0.09589487262893073,2266,2266,0,5,pca,daily_rank,original,expanded,fixed504,union,raw,3,f_cumret3,3031789
ld3_ols_characteristics_textcore_pca_raw_daily_rank_original_expanded_fixed504_union,ols,characteristics_textcore,504,ew_spread_bp,64.54226212259509,14.656204183504244,4.403750201245032,1.0639544701121201e-05,35.8166297728615,93.26789447232868,2266,2266,0,5,pca,daily_rank,original,expanded,fixed504,union,raw,3,f_cumret3,3031789
ld3_ols_characteristics_textcore_pca_raw_daily_rank_original_expanded_fixed504_union,ols,characteristics_textcore,504,cap_spread_bp,35.367980230463445,15.302337030170824,2.31127965360652,0.020817413115467347,5.375950772035019,65.36000968889186,2266,2266,0,5,pca,daily_rank,original,expanded,fixed504,union,raw,3,f_cumret3,3031789
ld3_ridge_characteristics_textcore_pca_raw_daily_rank_original_original_fixed504_union,ridge,characteristics_textcore,504,rank_ic,0.08631041152714285,0.005710956603389919,15.11312684041594,1.3269087768523827e-51,0.0751171422672274,0.09750368078705829,2266,2266,0,5,pca,daily_rank,original,original,fixed504,union,raw,3,f_cumret3,3031789
ld3_ridge_characteristics_textcore_pca_raw_daily_rank_original_original_fixed504_union,ridge,characteristics_textcore,504,ew_spread_bp,56.210642193937936,15.702586157268216,3.5797060198214457,0.0003439809667887973,25.434138861555027,86.98714552632084,2266,2266,0,5,pca,daily_rank,original,original,fixed504,union,raw,3,f_cumret3,3031789
ld3_ridge_characteristics_textcore_pca_raw_daily_rank_original_original_fixed504_union,ridge,characteristics_textcore,504,cap_spread_bp,37.39972608717831,16.77173306148834,2.2299261471705907,0.02575234621087422,4.527733328341462,70.27171884601515,2266,2266,0,5,pca,daily_rank,original,original,fixed504,union,raw,3,f_cumret3,3031789
ld3_ridge_characteristics_textcore_pca_raw_daily_rank_original_expanded_fixed504_union,ridge,characteristics_textcore,504,rank_ic,0.08618821882465484,0.005709588532529185,15.095346772121234,1.73771916439119e-51,0.07499763093435474,0.09737880671495494,2266,2266,0,5,pca,daily_rank,original,expanded,fixed504,union,raw,3,f_cumret3,3031789
ld3_ridge_characteristics_textcore_pca_raw_daily_rank_original_expanded_fixed504_union,ridge,characteristics_textcore,504,ew_spread_bp,56.07306640823958,15.70472443105242,3.5704584728254263,0.000356356949267519,25.29237213625055,86.85376068022862,2266,2266,0,5,pca,daily_rank,original,expanded,fixed504,union,raw,3,f_cumret3,3031789
ld3_ridge_characteristics_textcore_pca_raw_daily_rank_original_expanded_fixed504_union,ridge,characteristics_textcore,504,cap_spread_bp,38.39513021215189,16.355385577329134,2.347552739164581,0.018897197681283215,6.339163527320949,70.45109689698283,2266,2266,0,5,pca,daily_rank,original,expanded,fixed504,union,raw,3,f_cumret3,3031789
ld3_enet_characteristics_textcore_full_raw_daily_rank_original_none_fixed504_union,enet,characteristics_textcore,504,rank_ic,0.09451142372053152,0.006903318674000417,13.69072299624304,1.1535570100127889e-42,0.0809811677456879,0.10804167969537515,2266,2266,0,5,full,daily_rank,original,none,fixed504,union,raw,5,f_cumret5,3030544
ld3_enet_characteristics_textcore_full_raw_daily_rank_original_none_fixed504_union,enet,characteristics_textcore,504,ew_spread_bp,76.26852860875046,23.735014944794848,3.2133339197865705,0.0013120365315640538,29.748754144432617,122.7883030730683,2266,2266,0,5,full,daily_rank,original,none,fixed504,union,raw,5,f_cumret5,3030544
ld3_enet_characteristics_textcore_full_raw_daily_rank_original_none_fixed504_union,enet,characteristics_textcore,504,cap_spread_bp,40.77726809436664,25.782230398835193,1.5816035875704881,0.11374009451934342,-9.754974928464094,91.30951111719737,2266,2266,0,5,full,daily_rank,original,none,fixed504,union,raw,5,f_cumret5,3030544
ld3_enet_characteristics_textcore_full_raw_daily_rank_expanded_none_fixed504_union,enet,characteristics_textcore,504,rank_ic,0.09459353272358449,0.006915765241721915,13.677956005925992,1.3750379162603504e-42,0.0810388819242756,0.10814818352289339,2266,2266,0,5,full,daily_rank,expanded,none,fixed504,union,raw,5,f_cumret5,3030544
ld3_enet_characteristics_textcore_full_raw_daily_rank_expanded_none_fixed504_union,enet,characteristics_textcore,504,ew_spread_bp,74.80743039036254,23.859780540217216,3.1352941517743527,0.001716818694365718,28.04311985250716,121.57174092821792,2266,2266,0,5,full,daily_rank,expanded,none,fixed504,union,raw,5,f_cumret5,3030544
ld3_enet_characteristics_textcore_full_raw_daily_rank_expanded_none_fixed504_union,enet,characteristics_textcore,504,cap_spread_bp,43.16681606894357,25.64278595804041,1.6833902579687687,0.09229956793486795,-7.0921208720850615,93.4257530099722,2266,2266,0,5,full,daily_rank,expanded,none,fixed504,union,raw,5,f_cumret5,3030544
ld3_group_ridge_characteristics_textcore_full_raw_daily_rank_original_none_fixed504_union,group_ridge,characteristics_textcore,504,rank_ic,0.09536916180417089,0.006973473671397157,13.675990804316521,1.412698219349906e-42,0.08170140456109416,0.10903691904724762,2266,2266,0,5,full,daily_rank,original,none,fixed504,union,raw,5,f_cumret5,3030544
ld3_group_ridge_characteristics_textcore_full_raw_daily_rank_original_none_fixed504_union,group_ridge,characteristics_textcore,504,ew_spread_bp,77.5290277941782,24.039493506418765,3.225069104450027,0.0012594226480400412,30.412486315012927,124.64556927334348,2266,2266,0,5,full,daily_rank,original,none,fixed504,union,raw,5,f_cumret5,3030544
ld3_group_ridge_characteristics_textcore_full_raw_daily_rank_original_none_fixed504_union,group_ridge,characteristics_textcore,504,cap_spread_bp,62.4105113018743,24.820766761674996,2.514447353747367,0.0119219100833428,13.762702380322445,111.05832022342616,2266,2266,0,5,full,daily_rank,original,none,fixed504,union,raw,5,f_cumret5,3030544
ld3_group_ridge_characteristics_textcore_full_raw_daily_rank_expanded_none_fixed504_union,group_ridge,characteristics_textcore,504,rank_ic,0.09498595958778547,0.0069719167832721085,13.624081087096108,2.880126307778031e-42,0.0813212537893618,0.10865066538620914,2266,2266,0,5,full,daily_rank,expanded,none,fixed504,union,raw,5,f_cumret5,3030544
ld3_group_ridge_characteristics_textcore_full_raw_daily_rank_expanded_none_fixed504_union,group_ridge,characteristics_textcore,504,ew_spread_bp,77.47423526610586,24.014379817181336,3.2261601530378115,0.0012546313145304407,30.40691571336488,124.54155481884685,2266,2266,0,5,full,daily_rank,expanded,none,fixed504,union,raw,5,f_cumret5,3030544
ld3_group_ridge_characteristics_textcore_full_raw_daily_rank_expanded_none_fixed504_union,group_ridge,characteristics_textcore,504,cap_spread_bp,57.88476998534272,24.96998667028109,2.318173844050799,0.020439874940871232,8.944495417146555,106.82504455353889,2266,2266,0,5,full,daily_rank,expanded,none,fixed504,union,raw,5,f_cumret5,3030544
ld3_ols_characteristics_textcore_pca_raw_daily_rank_original_original_fixed504_union,ols,characteristics_textcore,504,rank_ic,0.09393211556066111,0.006486679246831261,14.480770820685622,1.602894884890279e-47,0.08121845785760844,0.10664577326371379,2266,2266,0,5,pca,daily_rank,original,original,fixed504,union,raw,5,f_cumret5,3030544
ld3_ols_characteristics_textcore_pca_raw_daily_rank_original_original_fixed504_union,ols,characteristics_textcore,504,ew_spread_bp,89.79453907778472,22.374423146986935,4.01326722427152,5.988405436518693e-05,45.94147553483099,133.64760262073844,2266,2266,0,5,pca,daily_rank,original,original,fixed504,union,raw,5,f_cumret5,3030544
ld3_ols_characteristics_textcore_pca_raw_daily_rank_original_original_fixed504_union,ols,characteristics_textcore,504,cap_spread_bp,50.33725403614747,23.007378008953246,2.187874429522516,0.028678750372355004,5.24362175990025,95.43088631239469,2266,2266,0,5,pca,daily_rank,original,original,fixed504,union,raw,5,f_cumret5,3030544
ld3_ols_characteristics_textcore_pca_raw_daily_rank_original_expanded_fixed504_union,ols,characteristics_textcore,504,rank_ic,0.09411127920694362,0.006514301648770795,14.446871557552418,2.6233339739901672e-47,0.08134348259092297,0.10687907582296427,2266,2266,0,5,pca,daily_rank,original,expanded,fixed504,union,raw,5,f_cumret5,3030544
ld3_ols_characteristics_textcore_pca_raw_daily_rank_original_expanded_fixed504_union,ols,characteristics_textcore,504,ew_spread_bp,89.51647637117425,22.426169561951454,3.991607934823124,6.562680691368986e-05,45.561991718560996,133.4709610237875,2266,2266,0,5,pca,daily_rank,original,expanded,fixed504,union,raw,5,f_cumret5,3030544
ld3_ols_characteristics_textcore_pca_raw_daily_rank_original_expanded_fixed504_union,ols,characteristics_textcore,504,cap_spread_bp,55.08251409023341,23.01108133921434,2.3937386200258453,0.016677629057323506,9.98162342005159,100.18340476041523,2266,2266,0,5,pca,daily_rank,original,expanded,fixed504,union,raw,5,f_cumret5,3030544
ld3_ridge_characteristics_textcore_pca_raw_daily_rank_original_original_fixed504_union,ridge,characteristics_textcore,504,rank_ic,0.0952964132174133,0.0069055787832475604,13.799916880044231,2.5514664708936726e-43,0.08176172750984416,0.10883109892498245,2266,2266,0,5,pca,daily_rank,original,original,fixed504,union,raw,5,f_cumret5,3030544
ld3_ridge_characteristics_textcore_pca_raw_daily_rank_original_original_fixed504_union,ridge,characteristics_textcore,504,ew_spread_bp,80.47711559088839,23.852530146512123,3.37394461285929,0.0007409927547975455,33.72701556356873,127.22721561820805,2266,2266,0,5,pca,daily_rank,original,original,fixed504,union,raw,5,f_cumret5,3030544
ld3_ridge_characteristics_textcore_pca_raw_daily_rank_original_original_fixed504_union,ridge,characteristics_textcore,504,cap_spread_bp,55.637385318762334,25.197142685880085,2.208083115310542,0.027238479796563936,6.251893141120526,105.02287749640413,2266,2266,0,5,pca,daily_rank,original,original,fixed504,union,raw,5,f_cumret5,3030544
ld3_ridge_characteristics_textcore_pca_raw_daily_rank_original_expanded_fixed504_union,ridge,characteristics_textcore,504,rank_ic,0.0950563477501303,0.00689364846949586,13.78897519517439,2.9694829034782568e-43,0.08154504502783876,0.10856765047242185,2266,2266,0,5,pca,daily_rank,original,expanded,fixed504,union,raw,5,f_cumret5,3030544
ld3_ridge_characteristics_textcore_pca_raw_daily_rank_original_expanded_fixed504_union,ridge,characteristics_textcore,504,ew_spread_bp,79.97960255709951,23.868602072686105,3.3508289389357957,0.0008057005612556825,33.198002133316656,126.76120298088236,2266,2266,0,5,pca,daily_rank,original,expanded,fixed504,union,raw,5,f_cumret5,3030544
ld3_ridge_characteristics_textcore_pca_raw_daily_rank_original_expanded_fixed504_union,ridge,characteristics_textcore,504,cap_spread_bp,57.17531888284441,24.868563835540417,2.2991001515388447,0.021499252911017903,8.433829417949923,105.9168083477389,2266,2266,0,5,pca,daily_rank,original,expanded,fixed504,union,raw,5,f_cumret5,3030544
ld3_enet_characteristics_textcore_full_raw_daily_rank_original_none_fixed504_union,enet,characteristics_textcore,504,rank_ic,0.1099319418643846,0.009593862825000299,11.458569282220394,2.130043092883284e-30,0.0911283162547663,0.1287355674740029,2266,2266,0,9,full,daily_rank,original,none,fixed504,union,raw,10,f_cumret10,3027488
ld3_enet_characteristics_textcore_full_raw_daily_rank_original_none_fixed504_union,enet,characteristics_textcore,504,ew_spread_bp,125.61916232018507,45.305011454634574,2.772743197426884,0.0055585967145479745,36.822971549926706,214.41535309044343,2266,2266,0,9,full,daily_rank,original,none,fixed504,union,raw,10,f_cumret10,3027488
ld3_enet_characteristics_textcore_full_raw_daily_rank_original_none_fixed504_union,enet,characteristics_textcore,504,cap_spread_bp,81.04407182581299,46.23649939669762,1.752815911310134,0.07963361106381425,-9.577801762922277,171.66594541454828,2266,2266,0,9,full,daily_rank,original,none,fixed504,union,raw,10,f_cumret10,3027488
ld3_enet_characteristics_textcore_full_raw_daily_rank_expanded_none_fixed504_union,enet,characteristics_textcore,504,rank_ic,0.11013498470837714,0.009558257805245341,11.522495725940528,1.0162416505418973e-30,0.09140114365514741,0.12886882576160688,2266,2266,0,9,full,daily_rank,expanded,none,fixed504,union,raw,10,f_cumret10,3027488
ld3_enet_characteristics_textcore_full_raw_daily_rank_expanded_none_fixed504_union,enet,characteristics_textcore,504,ew_spread_bp,122.2325689545123,45.46533096326652,2.688478591594758,0.00717784381398522,33.12215772131617,211.34298018770843,2266,2266,0,9,full,daily_rank,expanded,none,fixed504,union,raw,10,f_cumret10,3027488
ld3_enet_characteristics_textcore_full_raw_daily_rank_expanded_none_fixed504_union,enet,characteristics_textcore,504,cap_spread_bp,86.1048008230413,46.10592582698152,1.8675430387443201,0.061825792430402496,-4.261153271717589,176.4707549178002,2266,2266,0,9,full,daily_rank,expanded,none,fixed504,union,raw,10,f_cumret10,3027488
ld3_group_ridge_characteristics_textcore_full_raw_daily_rank_original_none_fixed504_union,group_ridge,characteristics_textcore,504,rank_ic,0.11045230114130673,0.009647378969075983,11.448943956213816,2.3802758101200834e-30,0.09154378581670865,0.1293608164659048,2266,2266,0,9,full,daily_rank,original,none,fixed504,union,raw,10,f_cumret10,3027488
ld3_group_ridge_characteristics_textcore_full_raw_daily_rank_original_none_fixed504_union,group_ridge,characteristics_textcore,504,ew_spread_bp,125.77600107974814,46.01629571331466,2.7332926114553646,0.006270459805489026,35.585718779706525,215.96628337978976,2266,2266,0,9,full,daily_rank,original,none,fixed504,union,raw,10,f_cumret10,3027488
ld3_group_ridge_characteristics_textcore_full_raw_daily_rank_original_none_fixed504_union,group_ridge,characteristics_textcore,504,cap_spread_bp,99.81553471776644,46.97285307173466,2.1249621470795694,0.0335897715462024,7.750434446074848,191.88063498945803,2266,2266,0,9,full,daily_rank,original,none,fixed504,union,raw,10,f_cumret10,3027488
ld3_group_ridge_characteristics_textcore_full_raw_daily_rank_expanded_none_fixed504_union,group_ridge,characteristics_textcore,504,rank_ic,0.10995100580653686,0.009638611183294253,11.407349431949818,3.8426054418794994e-30,0.09105967502629513,0.12884233658677857,2266,2266,0,9,full,daily_rank,expanded,none,fixed504,union,raw,10,f_cumret10,3027488
ld3_group_ridge_characteristics_textcore_full_raw_daily_rank_expanded_none_fixed504_union,group_ridge,characteristics_textcore,504,ew_spread_bp,125.28082362824902,45.977978673211304,2.724800594621244,0.00643403325883747,35.165641346804165,215.39600590969388,2266,2266,0,9,full,daily_rank,expanded,none,fixed504,union,raw,10,f_cumret10,3027488
ld3_group_ridge_characteristics_textcore_full_raw_daily_rank_expanded_none_fixed504_union,group_ridge,characteristics_textcore,504,cap_spread_bp,94.14231837843843,46.93710870473085,2.005711919127002,0.04488699279645425,2.1472757787244916,186.13736097815237,2266,2266,0,9,full,daily_rank,expanded,none,fixed504,union,raw,10,f_cumret10,3027488
ld3_ols_characteristics_textcore_pca_raw_daily_rank_original_original_fixed504_union,ols,characteristics_textcore,504,rank_ic,0.10825881399857426,0.008983127929527532,12.05134946845493,1.908003407105099e-33,0.09065220678818443,0.1258654212089641,2266,2266,0,9,pca,daily_rank,original,original,fixed504,union,raw,10,f_cumret10,3027488
ld3_ols_characteristics_textcore_pca_raw_daily_rank_original_original_fixed504_union,ols,characteristics_textcore,504,ew_spread_bp,142.8567279236333,42.162331226523364,3.3882549604791627,0.0007033884723900708,60.220077215399016,225.49337863186756,2266,2266,0,9,pca,daily_rank,original,original,fixed504,union,raw,10,f_cumret10,3027488
ld3_ols_characteristics_textcore_pca_raw_daily_rank_original_original_fixed504_union,ols,characteristics_textcore,504,cap_spread_bp,95.76256360611319,40.27119524615007,2.377941926500632,0.01740956752847795,16.832471309278418,174.69265590294796,2266,2266,0,9,pca,daily_rank,original,original,fixed504,union,raw,10,f_cumret10,3027488
ld3_ols_characteristics_textcore_pca_raw_daily_rank_original_expanded_fixed504_union,ols,characteristics_textcore,504,rank_ic,0.10860525133414602,0.009016653499150009,12.044962284996771,2.0617068625294928e-33,0.09093293521473494,0.1262775674535571,2266,2266,0,9,pca,daily_rank,original,expanded,fixed504,union,raw,10,f_cumret10,3027488
ld3_ols_characteristics_textcore_pca_raw_daily_rank_original_expanded_fixed504_union,ols,characteristics_textcore,504,ew_spread_bp,143.1947112405042,42.23306647092804,3.390582858554093,0.0006974416812547494,60.41942200079913,225.97000048020928,2266,2266,0,9,pca,daily_rank,original,expanded,fixed504,union,raw,10,f_cumret10,3027488
ld3_ols_characteristics_textcore_pca_raw_daily_rank_original_expanded_fixed504_union,ols,characteristics_textcore,504,cap_spread_bp,98.8251526071136,40.13245615466523,2.462474567373958,0.0137981958405508,20.166983932836914,177.48332128139026,2266,2266,0,9,pca,daily_rank,original,expanded,fixed504,union,raw,10,f_cumret10,3027488
ld3_ridge_characteristics_textcore_pca_raw_daily_rank_original_original_fixed504_union,ridge,characteristics_textcore,504,rank_ic,0.11016488924157887,0.009542079979196184,11.54516515075983,7.80913326811717e-31,0.09146275614475363,0.1288670223384041,2266,2266,0,9,pca,daily_rank,original,original,fixed504,union,raw,10,f_cumret10,3027488
ld3_ridge_characteristics_textcore_pca_raw_daily_rank_original_original_fixed504_union,ridge,characteristics_textcore,504,ew_spread_bp,130.29237441157258,45.54339423294704,2.860840229543462,0.004225199227409054,41.02896198128718,219.55578684185798,2266,2266,0,9,pca,daily_rank,original,original,fixed504,union,raw,10,f_cumret10,3027488
ld3_ridge_characteristics_textcore_pca_raw_daily_rank_original_original_fixed504_union,ridge,characteristics_textcore,504,cap_spread_bp,88.77444124270652,46.45598438387186,1.9109366084927129,0.05601272780460302,-2.277615016037501,179.82649750145055,2266,2266,0,9,pca,daily_rank,original,original,fixed504,union,raw,10,f_cumret10,3027488
ld3_ridge_characteristics_textcore_pca_raw_daily_rank_original_expanded_fixed504_union,ridge,characteristics_textcore,504,rank_ic,0.11008022603254468,0.00952028548745258,11.562702208628803,6.367303492275299e-31,0.09142080935459827,0.1287396427104911,2266,2266,0,9,pca,daily_rank,original,expanded,fixed504,union,raw,10,f_cumret10,3027488
ld3_ridge_characteristics_textcore_pca_raw_daily_rank_original_expanded_fixed504_union,ridge,characteristics_textcore,504,ew_spread_bp,129.96459271471167,45.34478864308345,2.8661417685212984,0.004155081253954633,41.09044008768724,218.83874534173611,2266,2266,0,9,pca,daily_rank,original,expanded,fixed504,union,raw,10,f_cumret10,3027488
ld3_ridge_characteristics_textcore_pca_raw_daily_rank_original_expanded_fixed504_union,ridge,characteristics_textcore,504,cap_spread_bp,88.39581826467186,46.21031001374161,1.9129025154426684,0.055760533500304015,-2.1747250766923116,178.96636160603603,2266,2266,0,9,pca,daily_rank,original,expanded,fixed504,union,raw,10,f_cumret10,3027488
ld3_enet_characteristics_textcore_full_raw_daily_rank_original_none_fixed504_union,enet,characteristics_textcore,504,rank_ic,0.13362771617912317,0.013950026988285348,9.57902922276338,9.796134385681663e-22,0.10628616569872212,0.1609692666595242,2266,2266,0,20,full,daily_rank,original,none,fixed504,union,raw,21,f_cumret21,3020813
ld3_enet_characteristics_textcore_full_raw_daily_rank_original_none_fixed504_union,enet,characteristics_textcore,504,ew_spread_bp,228.26799223460313,97.23796151369406,2.347519309137883,0.018898893559034704,37.68508973767089,418.8508947315354,2266,2266,0,20,full,daily_rank,original,none,fixed504,union,raw,21,f_cumret21,3020813
ld3_enet_characteristics_textcore_full_raw_daily_rank_original_none_fixed504_union,enet,characteristics_textcore,504,cap_spread_bp,137.1070024586966,98.0166593774377,1.39881325612957,0.16186899007019773,-55.00211980601145,329.2161247234046,2266,2266,0,20,full,daily_rank,original,none,fixed504,union,raw,21,f_cumret21,3020813
ld3_enet_characteristics_textcore_full_raw_daily_rank_expanded_none_fixed504_union,enet,characteristics_textcore,504,rank_ic,0.1339068603962443,0.01387941450526834,9.647875300893709,5.0184700527247e-22,0.10670370783941555,0.16111001295307306,2266,2266,0,20,full,daily_rank,expanded,none,fixed504,union,raw,21,f_cumret21,3020813
ld3_enet_characteristics_textcore_full_raw_daily_rank_expanded_none_fixed504_union,enet,characteristics_textcore,504,ew_spread_bp,221.06849409775168,98.48047915067046,2.244795070092291,0.02478129140957463,28.050301782189877,414.0866864133135,2266,2266,0,20,full,daily_rank,expanded,none,fixed504,union,raw,21,f_cumret21,3020813
ld3_enet_characteristics_textcore_full_raw_daily_rank_expanded_none_fixed504_union,enet,characteristics_textcore,504,cap_spread_bp,147.98481580679803,97.98694083753162,1.5102503919595363,0.1309795447654101,-44.06605919002098,340.03569080361706,2266,2266,0,20,full,daily_rank,expanded,none,fixed504,union,raw,21,f_cumret21,3020813
ld3_group_ridge_characteristics_textcore_full_raw_daily_rank_original_none_fixed504_union,group_ridge,characteristics_textcore,504,rank_ic,0.1342573411046238,0.013969560381509809,9.610706238281313,7.205306282908512e-22,0.10687750587700696,0.16163717633224065,2266,2266,0,20,full,daily_rank,original,none,fixed504,union,raw,21,f_cumret21,3020813
ld3_group_ridge_characteristics_textcore_full_raw_daily_rank_original_none_fixed504_union,group_ridge,characteristics_textcore,504,ew_spread_bp,229.7086482958928,99.1201283078552,2.3174773097795573,0.02047774527368475,35.436766669507534,423.98052992227804,2266,2266,0,20,full,daily_rank,original,none,fixed504,union,raw,21,f_cumret21,3020813
ld3_group_ridge_characteristics_textcore_full_raw_daily_rank_original_none_fixed504_union,group_ridge,characteristics_textcore,504,cap_spread_bp,178.39403143578036,98.5606452360537,1.8099925280371787,0.0702969458964054,-14.781283519914155,371.5693463914749,2266,2266,0,20,full,daily_rank,original,none,fixed504,union,raw,21,f_cumret21,3020813
ld3_group_ridge_characteristics_textcore_full_raw_daily_rank_expanded_none_fixed504_union,group_ridge,characteristics_textcore,504,rank_ic,0.13351269386556505,0.01392786677872766,9.586011697748427,9.155589343015178e-22,0.10621457659778694,0.16081081113334317,2266,2266,0,20,full,daily_rank,expanded,none,fixed504,union,raw,21,f_cumret21,3020813
ld3_group_ridge_characteristics_textcore_full_raw_daily_rank_expanded_none_fixed504_union,group_ridge,characteristics_textcore,504,ew_spread_bp,228.39006246815197,98.73453887524309,2.313172928844447,0.020713133320387215,34.87392224250564,421.90620269379826,2266,2266,0,20,full,daily_rank,expanded,none,fixed504,union,raw,21,f_cumret21,3020813
ld3_group_ridge_characteristics_textcore_full_raw_daily_rank_expanded_none_fixed504_union,group_ridge,characteristics_textcore,504,cap_spread_bp,162.95315380325331,97.43436079247303,1.672440322673536,0.0944375264379095,-28.014684206675355,353.920991813182,2266,2266,0,20,full,daily_rank,expanded,none,fixed504,union,raw,21,f_cumret21,3020813
ld3_ols_characteristics_textcore_pca_raw_daily_rank_original_original_fixed504_union,ols,characteristics_textcore,504,rank_ic,0.1307985941580359,0.01298629907298845,10.072045424404052,7.343473651050032e-24,0.10534591568251266,0.15625127263355915,2266,2266,0,20,pca,daily_rank,original,original,fixed504,union,raw,21,f_cumret21,3020813
ld3_ols_characteristics_textcore_pca_raw_daily_rank_original_original_fixed504_union,ols,characteristics_textcore,504,ew_spread_bp,253.46539386741784,90.76768285596093,2.7924629768244897,0.005230845323115384,75.56400450958071,431.36678322525495,2266,2266,0,20,pca,daily_rank,original,original,fixed504,union,raw,21,f_cumret21,3020813
ld3_ols_characteristics_textcore_pca_raw_daily_rank_original_original_fixed504_union,ols,characteristics_textcore,504,cap_spread_bp,171.86730605015052,82.73907151711214,2.077220627434825,0.03778120088405046,9.701705762326924,334.0329063379741,2266,2266,0,20,pca,daily_rank,original,original,fixed504,union,raw,21,f_cumret21,3020813
ld3_ols_characteristics_textcore_pca_raw_daily_rank_original_expanded_fixed504_union,ols,characteristics_textcore,504,rank_ic,0.13130752966674072,0.013012560255027962,10.090829713238362,6.0654641665334555e-24,0.10580338022022857,0.15681167911325286,2266,2266,0,20,pca,daily_rank,original,expanded,fixed504,union,raw,21,f_cumret21,3020813
ld3_ols_characteristics_textcore_pca_raw_daily_rank_original_expanded_fixed504_union,ols,characteristics_textcore,504,ew_spread_bp,251.8476414320622,90.4966942146386,2.782948522238106,0.0053867352203671994,74.47738005143628,429.2179028126881,2266,2266,0,20,pca,daily_rank,original,expanded,fixed504,union,raw,21,f_cumret21,3020813
ld3_ols_characteristics_textcore_pca_raw_daily_rank_original_expanded_fixed504_union,ols,characteristics_textcore,504,cap_spread_bp,175.1594059795974,82.6499326869697,2.1192927844599736,0.034065731074676434,13.168514588476995,337.1502973707178,2266,2266,0,20,pca,daily_rank,original,expanded,fixed504,union,raw,21,f_cumret21,3020813
ld3_ridge_characteristics_textcore_pca_raw_daily_rank_original_original_fixed504_union,ridge,characteristics_textcore,504,rank_ic,0.13422051653070316,0.013845255054333363,9.694333257421219,3.187124824609589e-22,0.10708431526743861,0.1613567177939677,2266,2266,0,20,pca,daily_rank,original,original,fixed504,union,raw,21,f_cumret21,3020813
ld3_ridge_characteristics_textcore_pca_raw_daily_rank_original_original_fixed504_union,ridge,characteristics_textcore,504,ew_spread_bp,234.85455423532736,100.09249456902336,2.3463752726571587,0.01895700985816116,38.67686975727062,431.0322387133841,2266,2266,0,20,pca,daily_rank,original,original,fixed504,union,raw,21,f_cumret21,3020813
ld3_ridge_characteristics_textcore_pca_raw_daily_rank_original_original_fixed504_union,ridge,characteristics_textcore,504,cap_spread_bp,159.22829026166355,97.58655401560247,1.6316621881761044,0.10275066970761759,-32.037840984289886,350.49442150761695,2266,2266,0,20,pca,daily_rank,original,original,fixed504,union,raw,21,f_cumret21,3020813
ld3_ridge_characteristics_textcore_pca_raw_daily_rank_original_expanded_fixed504_union,ridge,characteristics_textcore,504,rank_ic,0.13371409247719487,0.013797609227823734,9.69110592054978,3.2894721126977307e-22,0.10667127531790285,0.1607569096364869,2266,2266,0,20,pca,daily_rank,original,expanded,fixed504,union,raw,21,f_cumret21,3020813
ld3_ridge_characteristics_textcore_pca_raw_daily_rank_original_expanded_fixed504_union,ridge,characteristics_textcore,504,ew_spread_bp,233.57549768607012,99.74581322590797,2.3417072870723885,0.019195763175164783,38.07729615463151,429.07369921750876,2266,2266,0,20,pca,daily_rank,original,expanded,fixed504,union,raw,21,f_cumret21,3020813
ld3_ridge_characteristics_textcore_pca_raw_daily_rank_original_expanded_fixed504_union,ridge,characteristics_textcore,504,cap_spread_bp,148.66983850769344,97.36015314172425,1.5270090864717438,0.12675875191584243,-42.152555179390276,339.49223219477716,2266,2266,0,20,pca,daily_rank,original,expanded,fixed504,union,raw,21,f_cumret21,3020813
ld3_enet_characteristics_textcore_full_raw_daily_rank_original_none_fixed504_union,enet,characteristics_textcore,504,rank_ic,0.16126603407061463,0.019302440173986395,8.35469674388373,6.560102419281388e-17,0.12343394651586223,0.19909812162536702,2266,2266,0,41,full,daily_rank,original,none,fixed504,union,raw,42,f_cumret42,3007314
ld3_enet_characteristics_textcore_full_raw_daily_rank_original_none_fixed504_union,enet,characteristics_textcore,504,ew_spread_bp,376.0543008833095,219.04523611559267,1.7167883107252848,0.08601785751004995,-53.26647288832447,805.3750746549435,2266,2266,0,41,full,daily_rank,original,none,fixed504,union,raw,42,f_cumret42,3007314
ld3_enet_characteristics_textcore_full_raw_daily_rank_original_none_fixed504_union,enet,characteristics_textcore,504,cap_spread_bp,280.85141946677277,201.91072853122418,1.3909682834081842,0.1642350446925429,-114.88633654667058,676.5891754802161,2266,2266,0,41,full,daily_rank,original,none,fixed504,union,raw,42,f_cumret42,3007314
ld3_enet_characteristics_textcore_full_raw_daily_rank_expanded_none_fixed504_union,enet,characteristics_textcore,504,rank_ic,0.16151073935456284,0.019201713800447155,8.411266881334399,4.056056546734266e-17,0.12387607186424068,0.199145406844885,2266,2266,0,41,full,daily_rank,expanded,none,fixed504,union,raw,42,f_cumret42,3007314
ld3_enet_characteristics_textcore_full_raw_daily_rank_expanded_none_fixed504_union,enet,characteristics_textcore,504,ew_spread_bp,371.2607607192406,219.0928058353768,1.6945365198262174,0.09016337817673535,-58.15324798992492,800.6747694284061,2266,2266,0,41,full,daily_rank,expanded,none,fixed504,union,raw,42,f_cumret42,3007314
ld3_enet_characteristics_textcore_full_raw_daily_rank_expanded_none_fixed504_union,enet,characteristics_textcore,504,cap_spread_bp,313.5151442574157,198.66494275594727,1.5781100576086935,0.11454032802931806,-75.86098853495241,702.8912770497839,2266,2266,0,41,full,daily_rank,expanded,none,fixed504,union,raw,42,f_cumret42,3007314
ld3_group_ridge_characteristics_textcore_full_raw_daily_rank_original_none_fixed504_union,group_ridge,characteristics_textcore,504,rank_ic,0.16153785047553387,0.01938234979614404,8.334275883704798,7.797391972107044e-17,0.1235491429393343,0.19952655801173344,2266,2266,0,41,full,daily_rank,original,none,fixed504,union,raw,42,f_cumret42,3007314
ld3_group_ridge_characteristics_textcore_full_raw_daily_rank_original_none_fixed504_union,group_ridge,characteristics_textcore,504,ew_spread_bp,371.75902189218243,222.149623941771,1.673462305700893,0.0942363211259718,-63.64624021280565,807.1642839971705,2266,2266,0,41,full,daily_rank,original,none,fixed504,union,raw,42,f_cumret42,3007314
ld3_group_ridge_characteristics_textcore_full_raw_daily_rank_original_none_fixed504_union,group_ridge,characteristics_textcore,504,cap_spread_bp,336.24682461739025,205.19563069349206,1.6386646415471389,0.10128312176822797,-65.92922132683589,738.4228705616164,2266,2266,0,41,full,daily_rank,original,none,fixed504,union,raw,42,f_cumret42,3007314
ld3_group_ridge_characteristics_textcore_full_raw_daily_rank_expanded_none_fixed504_union,group_ridge,characteristics_textcore,504,rank_ic,0.1605891761234265,0.019322181164892226,8.31113085800126,9.479432056136808e-17,0.12271839693747955,0.19845995530937344,2266,2266,0,41,full,daily_rank,expanded,none,fixed504,union,raw,42,f_cumret42,3007314
ld3_group_ridge_characteristics_textcore_full_raw_daily_rank_expanded_none_fixed504_union,group_ridge,characteristics_textcore,504,ew_spread_bp,364.03900999241426,221.87829709191587,1.640714818726081,0.1008566273690982,-70.83446125881903,798.9124812436476,2266,2266,0,41,full,daily_rank,expanded,none,fixed504,union,raw,42,f_cumret42,3007314
ld3_group_ridge_characteristics_textcore_full_raw_daily_rank_expanded_none_fixed504_union,group_ridge,characteristics_textcore,504,cap_spread_bp,304.80144265421063,202.7911813266906,1.5030310522388275,0.13283103670845736,-92.66196912843446,702.2648544368558,2266,2266,0,41,full,daily_rank,expanded,none,fixed504,union,raw,42,f_cumret42,3007314
ld3_ols_characteristics_textcore_pca_raw_daily_rank_original_original_fixed504_union,ols,characteristics_textcore,504,rank_ic,0.15623604344418962,0.01810171530946366,8.631007657186426,6.081381225651814e-18,0.12075733337924352,0.19171475350913572,2266,2266,0,41,pca,daily_rank,original,original,fixed504,union,raw,42,f_cumret42,3007314
ld3_ols_characteristics_textcore_pca_raw_daily_rank_original_original_fixed504_union,ols,characteristics_textcore,504,ew_spread_bp,411.78199207925013,201.98276293814936,2.038698679477639,0.04148010963995641,15.90305122258576,807.6609329359145,2266,2266,0,41,pca,daily_rank,original,original,fixed504,union,raw,42,f_cumret42,3007314
ld3_ols_characteristics_textcore_pca_raw_daily_rank_original_original_fixed504_union,ols,characteristics_textcore,504,cap_spread_bp,297.1286125342911,179.78389317684343,1.6526987333733072,0.09839219232309875,-55.24134309271841,649.4985681613007,2266,2266,0,41,pca,daily_rank,original,original,fixed504,union,raw,42,f_cumret42,3007314
ld3_ols_characteristics_textcore_pca_raw_daily_rank_original_expanded_fixed504_union,ols,characteristics_textcore,504,rank_ic,0.1569751617966502,0.018141497914288807,8.652822525366645,5.024112241668559e-18,0.12141847925903562,0.19253184433426476,2266,2266,0,41,pca,daily_rank,original,expanded,fixed504,union,raw,42,f_cumret42,3007314
ld3_ols_characteristics_textcore_pca_raw_daily_rank_original_expanded_fixed504_union,ols,characteristics_textcore,504,ew_spread_bp,410.9753759980836,201.46958653937892,2.039887920838886,0.04136149011250186,16.102242400725288,805.848509595442,2266,2266,0,41,pca,daily_rank,original,expanded,fixed504,union,raw,42,f_cumret42,3007314
ld3_ols_characteristics_textcore_pca_raw_daily_rank_original_expanded_fixed504_union,ols,characteristics_textcore,504,cap_spread_bp,299.16778418484085,180.27105870754144,1.6595441682637964,0.09700618815109478,-54.15699833684607,652.4925667065278,2266,2266,0,41,pca,daily_rank,original,expanded,fixed504,union,raw,42,f_cumret42,3007314
ld3_ridge_characteristics_textcore_pca_raw_daily_rank_original_original_fixed504_union,ridge,characteristics_textcore,504,rank_ic,0.1620704523431598,0.01927772474929974,8.407135927648671,4.201440611522735e-17,0.12428680613065587,0.19985409855566375,2266,2266,0,41,pca,daily_rank,original,original,fixed504,union,raw,42,f_cumret42,3007314
ld3_ridge_characteristics_textcore_pca_raw_daily_rank_original_original_fixed504_union,ridge,characteristics_textcore,504,ew_spread_bp,379.8171116631096,226.6785470364537,1.675575905301831,0.09382129162235059,-64.46467659620828,824.0988999224274,2266,2266,0,41,pca,daily_rank,original,original,fixed504,union,raw,42,f_cumret42,3007314
ld3_ridge_characteristics_textcore_pca_raw_daily_rank_original_original_fixed504_union,ridge,characteristics_textcore,504,cap_spread_bp,317.2816150630691,205.86485407203912,1.541213124956441,0.12326492418073132,-86.20608460072145,720.7693147268596,2266,2266,0,41,pca,daily_rank,original,original,fixed504,union,raw,42,f_cumret42,3007314
ld3_ridge_characteristics_textcore_pca_raw_daily_rank_original_expanded_fixed504_union,ridge,characteristics_textcore,504,rank_ic,0.16102569378148948,0.01927749448120369,8.353040585149477,6.652777828349091e-17,0.1232424988861606,0.19880888867681837,2266,2266,0,41,pca,daily_rank,original,expanded,fixed504,union,raw,42,f_cumret42,3007314
ld3_ridge_characteristics_textcore_pca_raw_daily_rank_original_expanded_fixed504_union,ridge,characteristics_textcore,504,ew_spread_bp,375.0813360052898,226.6044227578583,1.6552251339158055,0.09787883870168736,-69.055171337601,819.2178433481806,2266,2266,0,41,pca,daily_rank,original,expanded,fixed504,union,raw,42,f_cumret42,3007314
ld3_ridge_characteristics_textcore_pca_raw_daily_rank_original_expanded_fixed504_union,ridge,characteristics_textcore,504,cap_spread_bp,288.50988785504387,205.19040622574212,1.4060593434258182,0.15970650379093076,-113.65591832055395,690.6756940306417,2266,2266,0,41,pca,daily_rank,original,expanded,fixed504,union,raw,42,f_cumret42,3007314
ld3_enet_characteristics_textcore_full_raw_daily_rank_original_none_fixed504_union,enet,characteristics_textcore,504,rank_ic,0.18693951346474,0.02286571784321455,8.175536615405875,2.945519665992236e-16,0.14212353001138459,0.2317554969180954,2266,2266,0,62,full,daily_rank,original,none,fixed504,union,raw,63,f_cumret63,2993214
ld3_enet_characteristics_textcore_full_raw_daily_rank_original_none_fixed504_union,enet,characteristics_textcore,504,ew_spread_bp,537.2530241295559,336.0017199122411,1.5989591489885195,0.1098296798595237,-121.29824564195133,1195.8042939010631,2266,2266,0,62,full,daily_rank,original,none,fixed504,union,raw,63,f_cumret63,2993214
ld3_enet_characteristics_textcore_full_raw_daily_rank_original_none_fixed504_union,enet,characteristics_textcore,504,cap_spread_bp,416.7600004393717,298.85931267120367,1.3945023051628274,0.16316597388600518,-168.99348884058253,1002.5134897193259,2266,2266,0,62,full,daily_rank,original,none,fixed504,union,raw,63,f_cumret63,2993214
ld3_enet_characteristics_textcore_full_raw_daily_rank_expanded_none_fixed504_union,enet,characteristics_textcore,504,rank_ic,0.18733909590136033,0.022795049739532773,8.218411367467374,2.062165596302355e-16,0.14266161938607697,0.2320165724166437,2266,2266,0,62,full,daily_rank,expanded,none,fixed504,union,raw,63,f_cumret63,2993214
ld3_enet_characteristics_textcore_full_raw_daily_rank_expanded_none_fixed504_union,enet,characteristics_textcore,504,ew_spread_bp,528.7534276525795,337.7158675115276,1.565675405034177,0.11742462700583126,-133.1575096777152,1190.6643649828743,2266,2266,0,62,full,daily_rank,expanded,none,fixed504,union,raw,63,f_cumret63,2993214
ld3_enet_characteristics_textcore_full_raw_daily_rank_expanded_none_fixed504_union,enet,characteristics_textcore,504,cap_spread_bp,440.76644810445185,297.5416209539467,1.4813606469283618,0.13851049547478295,-142.40441286695187,1023.9373090758556,2266,2266,0,62,full,daily_rank,expanded,none,fixed504,union,raw,63,f_cumret63,2993214
ld3_group_ridge_characteristics_textcore_full_raw_daily_rank_original_none_fixed504_union,group_ridge,characteristics_textcore,504,rank_ic,0.18692537073706111,0.023085449341336755,8.097107748401196,5.628122035795147e-16,0.14167872146111715,0.23217202001300508,2266,2266,0,62,full,daily_rank,original,none,fixed504,union,raw,63,f_cumret63,2993214
ld3_group_ridge_characteristics_textcore_full_raw_daily_rank_original_none_fixed504_union,group_ridge,characteristics_textcore,504,ew_spread_bp,524.4076260770198,340.7812796409975,1.5388393007663652,0.12384353270052798,-143.51140862480804,1192.3266607788478,2266,2266,0,62,full,daily_rank,original,none,fixed504,union,raw,63,f_cumret63,2993214
ld3_group_ridge_characteristics_textcore_full_raw_daily_rank_original_none_fixed504_union,group_ridge,characteristics_textcore,504,cap_spread_bp,458.836040649982,306.5328754269405,1.496857523066369,0.13443033483569328,-141.9573552643243,1059.6294365642884,2266,2266,0,62,full,daily_rank,original,none,fixed504,union,raw,63,f_cumret63,2993214
ld3_group_ridge_characteristics_textcore_full_raw_daily_rank_expanded_none_fixed504_union,group_ridge,characteristics_textcore,504,rank_ic,0.18583916192745267,0.022991058709021954,8.083105883876817,6.313775885353995e-16,0.1407775148913237,0.23090080896358164,2266,2266,0,62,full,daily_rank,expanded,none,fixed504,union,raw,63,f_cumret63,2993214
ld3_group_ridge_characteristics_textcore_full_raw_daily_rank_expanded_none_fixed504_union,group_ridge,characteristics_textcore,504,ew_spread_bp,512.2807355597947,340.2906375387905,1.505421187209121,0.13221582530478804,-154.67665829240843,1179.2381294119978,2266,2266,0,62,full,daily_rank,expanded,none,fixed504,union,raw,63,f_cumret63,2993214
ld3_group_ridge_characteristics_textcore_full_raw_daily_rank_expanded_none_fixed504_union,group_ridge,characteristics_textcore,504,cap_spread_bp,420.3304814752839,303.008151271838,1.3871919937170019,0.16538322614886103,-173.55458203958318,1014.2155449901509,2266,2266,0,62,full,daily_rank,expanded,none,fixed504,union,raw,63,f_cumret63,2993214
ld3_ols_characteristics_textcore_pca_raw_daily_rank_original_original_fixed504_union,ols,characteristics_textcore,504,rank_ic,0.18042497578850022,0.02159518956931326,8.354868810454153,6.550547235165364e-17,0.1380991819933312,0.22275076958366924,2266,2266,0,62,pca,daily_rank,original,original,fixed504,union,raw,63,f_cumret63,2993214
ld3_ols_characteristics_textcore_pca_raw_daily_rank_original_original_fixed504_union,ols,characteristics_textcore,504,ew_spread_bp,568.496880558052,315.7325233469526,1.8005648405544252,0.07177149505241015,-50.32749394992686,1187.321255066031,2266,2266,0,62,pca,daily_rank,original,original,fixed504,union,raw,63,f_cumret63,2993214
ld3_ols_characteristics_textcore_pca_raw_daily_rank_original_original_fixed504_union,ols,characteristics_textcore,504,cap_spread_bp,421.5410212551311,271.6797861583207,1.5516098095331947,0.12075561455590446,-110.94157494272099,954.0236174529832,2266,2266,0,62,pca,daily_rank,original,original,fixed504,union,raw,63,f_cumret63,2993214
ld3_ols_characteristics_textcore_pca_raw_daily_rank_original_expanded_fixed504_union,ols,characteristics_textcore,504,rank_ic,0.18113688241815795,0.021649337606692794,8.36685563821409,5.917612380713725e-17,0.1387049604198915,0.2235688044164244,2266,2266,0,62,pca,daily_rank,original,expanded,fixed504,union,raw,63,f_cumret63,2993214
ld3_ols_characteristics_textcore_pca_raw_daily_rank_original_expanded_fixed504_union,ols,characteristics_textcore,504,ew_spread_bp,567.7896231929767,315.88132891428484,1.7974776323264354,0.07225982598000068,-51.32640486767241,1186.9056512536258,2266,2266,0,62,pca,daily_rank,original,expanded,fixed504,union,raw,63,f_cumret63,2993214
ld3_ols_characteristics_textcore_pca_raw_daily_rank_original_expanded_fixed504_union,ols,characteristics_textcore,504,cap_spread_bp,425.6650224054991,272.1505254599749,1.5640793699959308,0.11779893011208578,-107.74020586970272,959.0702506807008,2266,2266,0,62,pca,daily_rank,original,expanded,fixed504,union,raw,63,f_cumret63,2993214
ld3_ridge_characteristics_textcore_pca_raw_daily_rank_original_original_fixed504_union,ridge,characteristics_textcore,504,rank_ic,0.18745535991146514,0.022945357360772044,8.16964220535277,3.093054010835967e-16,0.14248328587195092,0.23242743395097937,2266,2266,0,62,pca,daily_rank,original,original,fixed504,union,raw,63,f_cumret63,2993214
ld3_ridge_characteristics_textcore_pca_raw_daily_rank_original_original_fixed504_union,ridge,characteristics_textcore,504,ew_spread_bp,539.9635769404706,344.22590983549276,1.5686314176597624,0.11673384739997686,-134.70680888262712,1214.6339627635684,2266,2266,0,62,pca,daily_rank,original,original,fixed504,union,raw,63,f_cumret63,2993214
ld3_ridge_characteristics_textcore_pca_raw_daily_rank_original_original_fixed504_union,ridge,characteristics_textcore,504,cap_spread_bp,458.482122785212,301.34189592051575,1.5214682358876006,0.12814237656898164,-132.13714025201625,1049.1013858224403,2266,2266,0,62,pca,daily_rank,original,original,fixed504,union,raw,63,f_cumret63,2993214
ld3_ridge_characteristics_textcore_pca_raw_daily_rank_original_expanded_fixed504_union,ridge,characteristics_textcore,504,rank_ic,0.1858870504762101,0.022892644246914992,8.119946672445241,4.663885671695713e-16,0.14101829224136864,0.23075580871105156,2266,2266,0,62,pca,daily_rank,original,expanded,fixed504,union,raw,63,f_cumret63,2993214
ld3_ridge_characteristics_textcore_pca_raw_daily_rank_original_expanded_fixed504_union,ridge,characteristics_textcore,504,ew_spread_bp,527.3838940603947,344.39279994303104,1.5313441342200935,0.12568436330325558,-147.6135903628541,1202.3813784836434,2266,2266,0,62,pca,daily_rank,original,expanded,fixed504,union,raw,63,f_cumret63,2993214
ld3_ridge_characteristics_textcore_pca_raw_daily_rank_original_expanded_fixed504_union,ridge,characteristics_textcore,504,cap_spread_bp,418.6502163162742,297.4628677562882,1.4074032818754207,0.15930783859701836,-164.3662912240515,1001.6667238565999,2266,2266,0,62,pca,daily_rank,original,expanded,fixed504,union,raw,63,f_cumret63,2993214
ld3_ridge_characteristics_textcore_pca_raw_daily_rank_expanded_original_fixed504_union,ridge,characteristics_textcore,504,rank_ic,0.08632465093227394,0.005724382919153849,15.080167094243592,2.187147448151215e-51,0.07510506657701614,0.09754423528753174,2266,2266,0,5,pca,daily_rank,expanded,original,fixed504,union,raw,3,f_cumret3,3031789
ld3_ridge_characteristics_textcore_pca_raw_daily_rank_expanded_original_fixed504_union,ridge,characteristics_textcore,504,ew_spread_bp,56.37962496020278,15.696766881110355,3.5917985778364705,0.00032840363727108953,25.614527199505375,87.14472272090019,2266,2266,0,5,pca,daily_rank,expanded,original,fixed504,union,raw,3,f_cumret3,3031789
ld3_ridge_characteristics_textcore_pca_raw_daily_rank_expanded_original_fixed504_union,ridge,characteristics_textcore,504,cap_spread_bp,37.454773810373226,16.577738970167587,2.259341510791962,0.02386214964403561,4.963002483738627,69.94654513700783,2266,2266,0,5,pca,daily_rank,expanded,original,fixed504,union,raw,3,f_cumret3,3031789
ld3_ridge_characteristics_textcore_pca_raw_daily_rank_expanded_expanded_fixed504_union,ridge,characteristics_textcore,504,rank_ic,0.08617705137639488,0.005729861935743567,15.039987410309502,4.016264497977464e-51,0.07494672834595054,0.09740737440683922,2266,2266,0,5,pca,daily_rank,expanded,expanded,fixed504,union,raw,3,f_cumret3,3031789
ld3_ridge_characteristics_textcore_pca_raw_daily_rank_expanded_expanded_fixed504_union,ridge,characteristics_textcore,504,ew_spread_bp,56.81792683530195,15.699037003230888,3.6191982236622997,0.000295517211890929,26.048379717007787,87.5874739535961,2266,2266,0,5,pca,daily_rank,expanded,expanded,fixed504,union,raw,3,f_cumret3,3031789
ld3_ridge_characteristics_textcore_pca_raw_daily_rank_expanded_expanded_fixed504_union,ridge,characteristics_textcore,504,cap_spread_bp,37.33921880167931,16.302399719948784,2.2904124204480376,0.021997420202255247,5.387102489003826,69.2913351143548,2266,2266,0,5,pca,daily_rank,expanded,expanded,fixed504,union,raw,3,f_cumret3,3031789
ld3_lasso_characteristics_textcore_pca_raw_daily_rank_original_original_fixed504_union,lasso,characteristics_textcore,504,rank_ic,0.08591843501168468,0.005659763484139418,15.180569868768785,4.756314749490257e-52,0.07482550242175649,0.09701136760161287,2266,2266,0,5,pca,daily_rank,original,original,fixed504,union,raw,3,f_cumret3,3031789
ld3_lasso_characteristics_textcore_pca_raw_daily_rank_original_original_fixed504_union,lasso,characteristics_textcore,504,ew_spread_bp,57.9967710217255,15.36875945994053,3.773679402875495,0.00016085744909874496,27.87455599318281,88.11898605026819,2266,2266,0,5,pca,daily_rank,original,original,fixed504,union,raw,3,f_cumret3,3031789
ld3_lasso_characteristics_textcore_pca_raw_daily_rank_original_original_fixed504_union,lasso,characteristics_textcore,504,cap_spread_bp,32.82529525284115,15.864591000497581,2.069091806515,0.03853747246153047,1.731268262407628,63.91932224327468,2266,2266,0,5,pca,daily_rank,original,original,fixed504,union,raw,3,f_cumret3,3031789
ld3_lasso_characteristics_textcore_pca_raw_daily_rank_original_expanded_fixed504_union,lasso,characteristics_textcore,504,rank_ic,0.08636739476704083,0.005657937712691756,15.264818941591292,1.3119145795855153e-52,0.07527804062339406,0.0974567489106876,2266,2266,0,5,pca,daily_rank,original,expanded,fixed504,union,raw,3,f_cumret3,3031789
ld3_lasso_characteristics_textcore_pca_raw_daily_rank_original_expanded_fixed504_union,lasso,characteristics_textcore,504,ew_spread_bp,59.587464465584816,15.367369846417505,3.8775317481850062,0.0001055215611608987,29.467973029499685,89.70695590166994,2266,2266,0,5,pca,daily_rank,original,expanded,fixed504,union,raw,3,f_cumret3,3031789
ld3_lasso_characteristics_textcore_pca_raw_daily_rank_original_expanded_fixed504_union,lasso,characteristics_textcore,504,cap_spread_bp,35.249734379118195,15.683261652595721,2.2476022628420567,0.024601563158733197,4.511106379912452,65.98836237832394,2266,2266,0,5,pca,daily_rank,original,expanded,fixed504,union,raw,3,f_cumret3,3031789
ld3_lasso_characteristics_textcore_pca_raw_daily_rank_expanded_original_fixed504_union,lasso,characteristics_textcore,504,rank_ic,0.08522781844576585,0.005686716970486356,14.987174302517952,8.90624981340206e-51,0.07408205799333986,0.09637357889819184,2266,2266,0,5,pca,daily_rank,expanded,original,fixed504,union,raw,3,f_cumret3,3031789
ld3_lasso_characteristics_textcore_pca_raw_daily_rank_expanded_original_fixed504_union,lasso,characteristics_textcore,504,ew_spread_bp,51.72759947981583,15.57688561696067,3.320792150100465,0.0008976235849635596,21.197464679272937,82.25773428035872,2266,2266,0,5,pca,daily_rank,expanded,original,fixed504,union,raw,3,f_cumret3,3031789
ld3_lasso_characteristics_textcore_pca_raw_daily_rank_expanded_original_fixed504_union,lasso,characteristics_textcore,504,cap_spread_bp,23.278763232118134,16.243840166084414,1.4330825096840072,0.1518342591667921,-8.558578464032447,55.11610492826871,2266,2266,0,5,pca,daily_rank,expanded,original,fixed504,union,raw,3,f_cumret3,3031789
ld3_lasso_characteristics_textcore_pca_raw_daily_rank_expanded_expanded_fixed504_union,lasso,characteristics_textcore,504,rank_ic,0.08574810636875972,0.005675393303370796,15.108751373729676,1.418012854953792e-51,0.07462453989605315,0.09687167284146629,2266,2266,0,5,pca,daily_rank,expanded,expanded,fixed504,union,raw,3,f_cumret3,3031789
ld3_lasso_characteristics_textcore_pca_raw_daily_rank_expanded_expanded_fixed504_union,lasso,characteristics_textcore,504,ew_spread_bp,54.360649290317056,15.543537751611797,3.497315100269248,0.00046996637073463856,23.895875104819243,84.82542347581487,2266,2266,0,5,pca,daily_rank,expanded,expanded,fixed504,union,raw,3,f_cumret3,3031789
ld3_lasso_characteristics_textcore_pca_raw_daily_rank_expanded_expanded_fixed504_union,lasso,characteristics_textcore,504,cap_spread_bp,28.074694504687052,16.02989559745934,1.751395967241156,0.07987772717357887,-3.3433235422704257,59.49271255164453,2266,2266,0,5,pca,daily_rank,expanded,expanded,fixed504,union,raw,3,f_cumret3,3031789
ld3_enet_characteristics_textcore_pca_raw_daily_rank_original_original_fixed504_union,enet,characteristics_textcore,504,rank_ic,0.08601629933446103,0.005666909383131717,15.178696802616889,4.894088060223983e-52,0.07490936103987078,0.09712323762905128,2266,2266,0,5,pca,daily_rank,original,original,fixed504,union,raw,3,f_cumret3,3031789
ld3_enet_characteristics_textcore_pca_raw_daily_rank_original_original_fixed504_union,enet,characteristics_textcore,504,ew_spread_bp,58.616500188295475,15.326145106447129,3.824608196071283,0.00013098021637462243,28.57780775782431,88.65519261876665,2266,2266,0,5,pca,daily_rank,original,original,fixed504,union,raw,3,f_cumret3,3031789
ld3_enet_characteristics_textcore_pca_raw_daily_rank_original_original_fixed504_union,enet,characteristics_textcore,504,cap_spread_bp,31.221056348065645,16.073602584263774,1.9423807565474704,0.052091023147235536,-0.2826258189012911,62.724738515032584,2266,2266,0,5,pca,daily_rank,original,original,fixed504,union,raw,3,f_cumret3,3031789
ld3_enet_characteristics_textcore_pca_raw_daily_rank_original_expanded_fixed504_union,enet,characteristics_textcore,504,rank_ic,0.08612133225271305,0.005673636324001141,15.17921264857859,4.8557533536117744e-52,0.0750012093962926,0.09724145510913351,2266,2266,0,5,pca,daily_rank,original,expanded,fixed504,union,raw,3,f_cumret3,3031789
ld3_enet_characteristics_textcore_pca_raw_daily_rank_original_expanded_fixed504_union,enet,characteristics_textcore,504,ew_spread_bp,60.039140319960374,15.320451837118993,3.9188883564448918,8.895830539267644e-05,30.011606492326642,90.06667414759411,2266,2266,0,5,pca,daily_rank,original,expanded,fixed504,union,raw,3,f_cumret3,3031789
ld3_enet_characteristics_textcore_pca_raw_daily_rank_original_expanded_fixed504_union,enet,characteristics_textcore,504,cap_spread_bp,33.92557912031715,15.86692999990827,2.1381312655008426,0.03250609101458196,2.8269677752788205,65.02419046535549,2266,2266,0,5,pca,daily_rank,original,expanded,fixed504,union,raw,3,f_cumret3,3031789
ld3_ridge_characteristics_textcore_pca_raw_daily_rank_expanded_original_fixed504_union,ridge,characteristics_textcore,504,rank_ic,0.09532990487610826,0.006917698774899539,13.780580504893793,3.3357899140368484e-43,0.08177146442140831,0.10888834533080821,2266,2266,0,5,pca,daily_rank,expanded,original,fixed504,union,raw,5,f_cumret5,3030544
ld3_ridge_characteristics_textcore_pca_raw_daily_rank_expanded_original_fixed504_union,ridge,characteristics_textcore,504,ew_spread_bp,80.52538984609153,23.83702775426069,3.3781640343854624,0.0007297153823372021,33.805673949258896,127.24510574292415,2266,2266,0,5,pca,daily_rank,expanded,original,fixed504,union,raw,5,f_cumret5,3030544
ld3_ridge_characteristics_textcore_pca_raw_daily_rank_expanded_original_fixed504_union,ridge,characteristics_textcore,504,cap_spread_bp,55.381637401218896,24.977471425806876,2.2172635675202197,0.02660508595365325,6.4266929817591105,104.33658182067867,2266,2266,0,5,pca,daily_rank,expanded,original,fixed504,union,raw,5,f_cumret5,3030544
ld3_ridge_characteristics_textcore_pca_raw_daily_rank_expanded_expanded_fixed504_union,ridge,characteristics_textcore,504,rank_ic,0.09512006124041351,0.006918518269874056,13.74861748282195,5.1912053650462e-43,0.081560014605078,0.10868010787574903,2266,2266,0,5,pca,daily_rank,expanded,expanded,fixed504,union,raw,5,f_cumret5,3030544
ld3_ridge_characteristics_textcore_pca_raw_daily_rank_expanded_expanded_fixed504_union,ridge,characteristics_textcore,504,ew_spread_bp,80.1439576820532,23.86483537549423,3.358244732094384,0.0007843913237144081,33.36973984910709,126.9181755149993,2266,2266,0,5,pca,daily_rank,expanded,expanded,fixed504,union,raw,5,f_cumret5,3030544
ld3_ridge_characteristics_textcore_pca_raw_daily_rank_expanded_expanded_fixed504_union,ridge,characteristics_textcore,504,cap_spread_bp,55.23313814827259,24.737860237235452,2.2327370928038315,0.025566286846124015,6.747823028705625,103.71845326783955,2266,2266,0,5,pca,daily_rank,expanded,expanded,fixed504,union,raw,5,f_cumret5,3030544
ld3_lasso_characteristics_textcore_pca_raw_daily_rank_original_original_fixed504_union,lasso,characteristics_textcore,504,rank_ic,0.09493598483122398,0.006836795310684741,13.88603585701261,7.697938436258304e-44,0.08153611225260957,0.1083358574098384,2266,2266,0,5,pca,daily_rank,original,original,fixed504,union,raw,5,f_cumret5,3030544
ld3_lasso_characteristics_textcore_pca_raw_daily_rank_original_original_fixed504_union,lasso,characteristics_textcore,504,ew_spread_bp,82.43489662924806,23.405345285864016,3.5220542838577886,0.000428216449391041,36.56126282323025,128.30853043526588,2266,2266,0,5,pca,daily_rank,original,original,fixed504,union,raw,5,f_cumret5,3030544
ld3_lasso_characteristics_textcore_pca_raw_daily_rank_original_original_fixed504_union,lasso,characteristics_textcore,504,cap_spread_bp,50.872119834368526,24.32238893517857,2.0915757892839992,0.036476480166575335,3.201113503443011,98.54312616529404,2266,2266,0,5,pca,daily_rank,original,original,fixed504,union,raw,5,f_cumret5,3030544
ld3_lasso_characteristics_textcore_pca_raw_daily_rank_original_expanded_fixed504_union,lasso,characteristics_textcore,504,rank_ic,0.0954515352687839,0.006832540090639463,13.97013907017566,2.371631108811447e-44,0.08206000276820452,0.10884306776936328,2266,2266,0,5,pca,daily_rank,original,expanded,fixed504,union,raw,5,f_cumret5,3030544
ld3_lasso_characteristics_textcore_pca_raw_daily_rank_original_expanded_fixed504_union,lasso,characteristics_textcore,504,ew_spread_bp,83.43193052008658,23.398636098267417,3.565674946595046,0.0003629209682697998,37.57144648012363,129.29241456004954,2266,2266,0,5,pca,daily_rank,original,expanded,fixed504,union,raw,5,f_cumret5,3030544
ld3_lasso_characteristics_textcore_pca_raw_daily_rank_original_expanded_fixed504_union,lasso,characteristics_textcore,504,cap_spread_bp,53.64007705268854,23.754471719057523,2.2581043976513553,0.0239391515403398,7.082168011560526,100.19798609381655,2266,2266,0,5,pca,daily_rank,original,expanded,fixed504,union,raw,5,f_cumret5,3030544
ld3_lasso_characteristics_textcore_pca_raw_daily_rank_expanded_original_fixed504_union,lasso,characteristics_textcore,504,rank_ic,0.09401315155171173,0.006871176390364298,13.682249764909226,1.296193173786471e-42,0.08054589329517578,0.10748040980824769,2266,2266,0,5,pca,daily_rank,expanded,original,fixed504,union,raw,5,f_cumret5,3030544
ld3_lasso_characteristics_textcore_pca_raw_daily_rank_expanded_original_fixed504_union,lasso,characteristics_textcore,504,ew_spread_bp,73.40247534170832,23.76147149762286,3.0891384546218714,0.0020073786557466737,26.8308469866925,119.97410369672414,2266,2266,0,5,pca,daily_rank,expanded,original,fixed504,union,raw,5,f_cumret5,3030544
ld3_lasso_characteristics_textcore_pca_raw_daily_rank_expanded_original_fixed504_union,lasso,characteristics_textcore,504,cap_spread_bp,34.699948053487454,25.029637654643658,1.386354390434002,0.1656387161591718,-14.3572402957017,83.75713640267661,2266,2266,0,5,pca,daily_rank,expanded,original,fixed504,union,raw,5,f_cumret5,3030544
ld3_lasso_characteristics_textcore_pca_raw_daily_rank_expanded_expanded_fixed504_union,lasso,characteristics_textcore,504,rank_ic,0.09456022045841248,0.00685181052934914,13.800764054022206,2.5216570164042906e-43,0.08113091859199584,0.10798952232482911,2266,2266,0,5,pca,daily_rank,expanded,expanded,fixed504,union,raw,5,f_cumret5,3030544
ld3_lasso_characteristics_textcore_pca_raw_daily_rank_expanded_expanded_fixed504_union,lasso,characteristics_textcore,504,ew_spread_bp,75.8956101301958,23.737396545189153,3.1973013546667794,0.0013871991976037868,29.371167814879563,122.42005244551206,2266,2266,0,5,pca,daily_rank,expanded,expanded,fixed504,union,raw,5,f_cumret5,3030544
ld3_lasso_characteristics_textcore_pca_raw_daily_rank_expanded_expanded_fixed504_union,lasso,characteristics_textcore,504,cap_spread_bp,39.61539419545875,24.33492565810151,1.6279233703872076,0.10354113527804798,-8.08018366087989,87.31097205179739,2266,2266,0,5,pca,daily_rank,expanded,expanded,fixed504,union,raw,5,f_cumret5,3030544
ld3_enet_characteristics_textcore_pca_raw_daily_rank_original_original_fixed504_union,enet,characteristics_textcore,504,rank_ic,0.0950434465705395,0.006846954308740541,13.881127620380193,8.24367643370792e-44,0.0816236627216167,0.10846323041946229,2266,2266,0,5,pca,daily_rank,original,original,fixed504,union,raw,5,f_cumret5,3030544
ld3_enet_characteristics_textcore_pca_raw_daily_rank_original_original_fixed504_union,enet,characteristics_textcore,504,ew_spread_bp,82.66219070817401,23.332825340677406,3.542742445513636,0.0003959892391550488,36.93069338288278,128.39368803346525,2266,2266,0,5,pca,daily_rank,original,original,fixed504,union,raw,5,f_cumret5,3030544
ld3_enet_characteristics_textcore_pca_raw_daily_rank_original_original_fixed504_union,enet,characteristics_textcore,504,cap_spread_bp,50.32362460614357,24.436419880562237,2.0593697788837355,0.03945882854360999,2.429121729143013,98.21812748314412,2266,2266,0,5,pca,daily_rank,original,original,fixed504,union,raw,5,f_cumret5,3030544
ld3_enet_characteristics_textcore_pca_raw_daily_rank_original_expanded_fixed504_union,enet,characteristics_textcore,504,rank_ic,0.09515849935179506,0.006853815597719828,13.884018032736833,7.917804483915374e-44,0.08172526762358534,0.10859173108000478,2266,2266,0,5,pca,daily_rank,original,expanded,fixed504,union,raw,5,f_cumret5,3030544
ld3_enet_characteristics_textcore_pca_raw_daily_rank_original_expanded_fixed504_union,enet,characteristics_textcore,504,ew_spread_bp,83.33612407036621,23.331087344701295,3.5718919928218695,0.00035441158038372595,37.60803315459343,129.064214986139,2266,2266,0,5,pca,daily_rank,original,expanded,fixed504,union,raw,5,f_cumret5,3030544
ld3_enet_characteristics_textcore_pca_raw_daily_rank_original_expanded_fixed504_union,enet,characteristics_textcore,504,cap_spread_bp,53.171342772832475,23.745693279999387,2.2391994264331645,0.025142943157284835,6.630639156098894,99.71204638956605,2266,2266,0,5,pca,daily_rank,original,expanded,fixed504,union,raw,5,f_cumret5,3030544
ld3_ridge_characteristics_textcore_pca_raw_daily_rank_expanded_original_fixed504_union,ridge,characteristics_textcore,504,rank_ic,0.11043422218045433,0.009558084683114624,11.554011691855814,7.045331411914702e-31,0.09170072044036573,0.12916772392054293,2266,2266,0,9,pca,daily_rank,expanded,original,fixed504,union,raw,10,f_cumret10,3027488
ld3_ridge_characteristics_textcore_pca_raw_daily_rank_expanded_original_fixed504_union,ridge,characteristics_textcore,504,ew_spread_bp,130.27774735597595,45.552544673833616,2.8599444507171596,0.004237152203045271,40.9964003911102,219.5590943208417,2266,2266,0,9,pca,daily_rank,expanded,original,fixed504,union,raw,10,f_cumret10,3027488
ld3_ridge_characteristics_textcore_pca_raw_daily_rank_expanded_original_fixed504_union,ridge,characteristics_textcore,504,cap_spread_bp,91.03637261131108,46.10236398123801,1.9746573656908264,0.04830704427414077,0.6773996059279597,181.39534561669421,2266,2266,0,9,pca,daily_rank,expanded,original,fixed504,union,raw,10,f_cumret10,3027488
ld3_ridge_characteristics_textcore_pca_raw_daily_rank_expanded_expanded_fixed504_union,ridge,characteristics_textcore,504,rank_ic,0.11016958188218,0.009551494368920513,11.53427700702619,8.862864257423543e-31,0.09144899692055866,0.12889016684380133,2266,2266,0,9,pca,daily_rank,expanded,expanded,fixed504,union,raw,10,f_cumret10,3027488
ld3_ridge_characteristics_textcore_pca_raw_daily_rank_expanded_expanded_fixed504_union,ridge,characteristics_textcore,504,ew_spread_bp,130.70454292776296,45.386105031453404,2.879836082809536,0.003978819759628821,41.74941166756214,219.6596741879638,2266,2266,0,9,pca,daily_rank,expanded,expanded,fixed504,union,raw,10,f_cumret10,3027488
ld3_ridge_characteristics_textcore_pca_raw_daily_rank_expanded_expanded_fixed504_union,ridge,characteristics_textcore,504,cap_spread_bp,86.52106320079714,46.027708549939796,1.8797603862230572,0.060140741553086866,-3.6915878479911726,176.73371424958546,2266,2266,0,9,pca,daily_rank,expanded,expanded,fixed504,union,raw,10,f_cumret10,3027488
ld3_lasso_characteristics_textcore_pca_raw_daily_rank_original_original_fixed504_union,lasso,characteristics_textcore,504,rank_ic,0.11007520617925909,0.009450833410485585,11.647142786067098,2.372816531037007e-31,0.09155191307081949,0.12859849928769868,2266,2266,0,9,pca,daily_rank,original,original,fixed504,union,raw,10,f_cumret10,3027488
ld3_lasso_characteristics_textcore_pca_raw_daily_rank_original_original_fixed504_union,lasso,characteristics_textcore,504,ew_spread_bp,132.7688112701661,44.148046647768254,3.007354149311559,0.0026353255019691832,46.24022985274607,219.29739268758615,2266,2266,0,9,pca,daily_rank,original,original,fixed504,union,raw,10,f_cumret10,3027488
ld3_lasso_characteristics_textcore_pca_raw_daily_rank_original_original_fixed504_union,lasso,characteristics_textcore,504,cap_spread_bp,92.52279862254993,43.25318957643498,2.139097706518222,0.032427756124684716,7.7481048362541,177.29749240884576,2266,2266,0,9,pca,daily_rank,original,original,fixed504,union,raw,10,f_cumret10,3027488
ld3_lasso_characteristics_textcore_pca_raw_daily_rank_original_expanded_fixed504_union,lasso,characteristics_textcore,504,rank_ic,0.1107665435203391,0.009434881566544316,11.740109585806833,7.938352367467333e-32,0.0922745154515114,0.12925857158916682,2266,2266,0,9,pca,daily_rank,original,expanded,fixed504,union,raw,10,f_cumret10,3027488
ld3_lasso_characteristics_textcore_pca_raw_daily_rank_original_expanded_fixed504_union,lasso,characteristics_textcore,504,ew_spread_bp,135.88613169216862,44.13506265822687,3.078870256613064,0.002077871515921427,49.382998426625335,222.3892649577119,2266,2266,0,9,pca,daily_rank,original,expanded,fixed504,union,raw,10,f_cumret10,3027488
ld3_lasso_characteristics_textcore_pca_raw_daily_rank_original_expanded_fixed504_union,lasso,characteristics_textcore,504,cap_spread_bp,96.55129156294552,43.28664354781528,2.2305100060782737,0.02571360392249781,11.71102919760446,181.39155392828658,2266,2266,0,9,pca,daily_rank,original,expanded,fixed504,union,raw,10,f_cumret10,3027488
ld3_lasso_characteristics_textcore_pca_raw_daily_rank_expanded_original_fixed504_union,lasso,characteristics_textcore,504,rank_ic,0.10934553986662054,0.00949852328762902,11.511846268675614,1.1498988727261163e-30,0.09072877631655268,0.1279623034166884,2266,2266,0,9,pca,daily_rank,expanded,original,fixed504,union,raw,10,f_cumret10,3027488
ld3_lasso_characteristics_textcore_pca_raw_daily_rank_expanded_original_fixed504_union,lasso,characteristics_textcore,504,ew_spread_bp,116.38689021227212,45.605224744966904,2.552051675287859,0.010709063407861008,27.002292205282117,205.77148821926212,2266,2266,0,9,pca,daily_rank,expanded,original,fixed504,union,raw,10,f_cumret10,3027488
ld3_lasso_characteristics_textcore_pca_raw_daily_rank_expanded_original_fixed504_union,lasso,characteristics_textcore,504,cap_spread_bp,57.29782896183458,46.2482098333766,1.2389199315663815,0.215375151544973,-33.34699666103472,147.9426545847039,2266,2266,0,9,pca,daily_rank,expanded,original,fixed504,union,raw,10,f_cumret10,3027488
ld3_lasso_characteristics_textcore_pca_raw_daily_rank_expanded_expanded_fixed504_union,lasso,characteristics_textcore,504,rank_ic,0.10989429701507916,0.009445460209811166,11.634615420954292,2.748260120766315e-31,0.09138153518644314,0.1284070588437152,2266,2266,0,9,pca,daily_rank,expanded,expanded,fixed504,union,raw,10,f_cumret10,3027488
ld3_lasso_characteristics_textcore_pca_raw_daily_rank_expanded_expanded_fixed504_union,lasso,characteristics_textcore,504,ew_spread_bp,122.17274505120936,45.54090617485925,2.6827034267195704,0.007302972141548151,32.914209125167474,211.43128097725125,2266,2266,0,9,pca,daily_rank,expanded,expanded,fixed504,union,raw,10,f_cumret10,3027488
ld3_lasso_characteristics_textcore_pca_raw_daily_rank_expanded_expanded_fixed504_union,lasso,characteristics_textcore,504,cap_spread_bp,67.30311065468375,45.70933016239403,1.4724151593465122,0.14090880199294312,-22.285530221058934,156.89175153042643,2266,2266,0,9,pca,daily_rank,expanded,expanded,fixed504,union,raw,10,f_cumret10,3027488
ld3_enet_characteristics_textcore_pca_raw_daily_rank_original_original_fixed504_union,enet,characteristics_textcore,504,rank_ic,0.11012062685182578,0.009471030181373507,11.627101249069812,3.0011667658211633e-31,0.09155774879984185,0.1286835049038097,2266,2266,0,9,pca,daily_rank,original,original,fixed504,union,raw,10,f_cumret10,3027488
ld3_enet_characteristics_textcore_pca_raw_daily_rank_original_original_fixed504_union,enet,characteristics_textcore,504,ew_spread_bp,132.76307600542407,44.16880796274876,3.005810709616484,0.0026487382991632062,46.19380315837054,219.3323488524776,2266,2266,0,9,pca,daily_rank,original,original,fixed504,union,raw,10,f_cumret10,3027488
ld3_enet_characteristics_textcore_pca_raw_daily_rank_original_original_fixed504_union,enet,characteristics_textcore,504,cap_spread_bp,91.45707623319187,43.669360822714815,2.094307645227087,0.03623258373548447,5.866701792786415,177.04745067359733,2266,2266,0,9,pca,daily_rank,original,original,fixed504,union,raw,10,f_cumret10,3027488
ld3_enet_characteristics_textcore_pca_raw_daily_rank_original_expanded_fixed504_union,enet,characteristics_textcore,504,rank_ic,0.11046738825186701,0.009471336979199618,11.663336284462147,1.9620089487638926e-31,0.09190390888719337,0.12903086761654065,2266,2266,0,9,pca,daily_rank,original,expanded,fixed504,union,raw,10,f_cumret10,3027488
ld3_enet_characteristics_textcore_pca_raw_daily_rank_original_expanded_fixed504_union,enet,characteristics_textcore,504,ew_spread_bp,135.1383909530757,44.164412047590105,3.0598933550265555,0.0022141581783053687,48.57773394141225,221.69904796473918,2266,2266,0,9,pca,daily_rank,original,expanded,fixed504,union,raw,10,f_cumret10,3027488
ld3_enet_characteristics_textcore_pca_raw_daily_rank_original_expanded_fixed504_union,enet,characteristics_textcore,504,cap_spread_bp,96.5790314429876,43.511978930573555,2.2195963919978516,0.02644617741889986,11.297119842997773,181.86094304297742,2266,2266,0,9,pca,daily_rank,original,expanded,fixed504,union,raw,10,f_cumret10,3027488
ld3_ridge_characteristics_textcore_pca_raw_daily_rank_expanded_original_fixed504_union,ridge,characteristics_textcore,504,rank_ic,0.13439041487166326,0.013877754235694813,9.683873383922537,3.530797214043422e-22,0.10719051638340324,0.16159031335992327,2266,2266,0,20,pca,daily_rank,expanded,original,fixed504,union,raw,21,f_cumret21,3020813
ld3_ridge_characteristics_textcore_pca_raw_daily_rank_expanded_original_fixed504_union,ridge,characteristics_textcore,504,ew_spread_bp,233.85456775273215,99.9386434035079,2.3399814104793397,0.01928469974711929,37.97842601806522,429.73070948739905,2266,2266,0,20,pca,daily_rank,expanded,original,fixed504,union,raw,21,f_cumret21,3020813
ld3_ridge_characteristics_textcore_pca_raw_daily_rank_expanded_original_fixed504_union,ridge,characteristics_textcore,504,cap_spread_bp,154.78791455540673,96.82776970599967,1.5985901051464135,0.10991170977079781,-34.99102677169111,344.56685588250457,2266,2266,0,20,pca,daily_rank,expanded,original,fixed504,union,raw,21,f_cumret21,3020813
ld3_ridge_characteristics_textcore_pca_raw_daily_rank_expanded_expanded_fixed504_union,ridge,characteristics_textcore,504,rank_ic,0.13385160121294584,0.013829195280760485,9.67891467981246,3.7062947379088353e-22,0.106746876527484,0.16095632589840767,2266,2266,0,20,pca,daily_rank,expanded,expanded,fixed504,union,raw,21,f_cumret21,3020813
ld3_ridge_characteristics_textcore_pca_raw_daily_rank_expanded_expanded_fixed504_union,ridge,characteristics_textcore,504,ew_spread_bp,233.09338634114354,99.59057717832926,2.3405164719927365,0.019257088923226376,37.89944187206157,428.2873308102255,2266,2266,0,20,pca,daily_rank,expanded,expanded,fixed504,union,raw,21,f_cumret21,3020813
ld3_ridge_characteristics_textcore_pca_raw_daily_rank_expanded_expanded_fixed504_union,ridge,characteristics_textcore,504,cap_spread_bp,149.02475912033276,96.81933665632943,1.53920450466741,0.12375437824891349,-40.737653733131566,338.78717197379706,2266,2266,0,20,pca,daily_rank,expanded,expanded,fixed504,union,raw,21,f_cumret21,3020813
ld3_lasso_characteristics_textcore_pca_raw_daily_rank_original_original_fixed504_union,lasso,characteristics_textcore,504,rank_ic,0.13353828516902905,0.01377011429581128,9.69768894435756,3.0840489669891073e-22,0.1065493570862388,0.1605272132518193,2266,2266,0,20,pca,daily_rank,original,original,fixed504,union,raw,21,f_cumret21,3020813
ld3_lasso_characteristics_textcore_pca_raw_daily_rank_original_original_fixed504_union,lasso,characteristics_textcore,504,ew_spread_bp,236.67317037521335,96.38749036327278,2.455434512126219,0.014071438879381434,47.75716070299717,425.5891800474295,2266,2266,0,20,pca,daily_rank,original,original,fixed504,union,raw,21,f_cumret21,3020813
ld3_lasso_characteristics_textcore_pca_raw_daily_rank_original_original_fixed504_union,lasso,characteristics_textcore,504,cap_spread_bp,164.59460174087093,89.06318238840387,1.8480655791421767,0.06459285648596733,-9.966028088922684,339.15523157066457,2266,2266,0,20,pca,daily_rank,original,original,fixed504,union,raw,21,f_cumret21,3020813
ld3_lasso_characteristics_textcore_pca_raw_daily_rank_original_expanded_fixed504_union,lasso,characteristics_textcore,504,rank_ic,0.13414903315134738,0.013742045697698314,9.761940551093954,1.6398686806800863e-22,0.10721511850995509,0.16108294779273968,2266,2266,0,20,pca,daily_rank,original,expanded,fixed504,union,raw,21,f_cumret21,3020813
ld3_lasso_characteristics_textcore_pca_raw_daily_rank_original_expanded_fixed504_union,lasso,characteristics_textcore,504,ew_spread_bp,240.88454617161509,96.25650819707361,2.50252736862668,0.012331009112427708,52.225256827766316,429.54383551546385,2266,2266,0,20,pca,daily_rank,original,expanded,fixed504,union,raw,21,f_cumret21,3020813
ld3_lasso_characteristics_textcore_pca_raw_daily_rank_original_expanded_fixed504_union,lasso,characteristics_textcore,504,cap_spread_bp,164.52646139322354,89.380748387821,1.8407371202504037,0.06566009138779082,-10.656586358142107,339.7095091445892,2266,2266,0,20,pca,daily_rank,original,expanded,fixed504,union,raw,21,f_cumret21,3020813
ld3_lasso_characteristics_textcore_pca_raw_daily_rank_expanded_original_fixed504_union,lasso,characteristics_textcore,504,rank_ic,0.1332962843765076,0.013847466985765269,9.62604095850394,6.207517725520199e-22,0.10615574780730025,0.16043682094571493,2266,2266,0,20,pca,daily_rank,expanded,original,fixed504,union,raw,21,f_cumret21,3020813
ld3_lasso_characteristics_textcore_pca_raw_daily_rank_expanded_original_fixed504_union,lasso,characteristics_textcore,504,ew_spread_bp,214.2552468926481,99.90650876160655,2.1445574422372875,0.03198824805047212,18.44208789876393,410.0684058865323,2266,2266,0,20,pca,daily_rank,expanded,original,fixed504,union,raw,21,f_cumret21,3020813
ld3_lasso_characteristics_textcore_pca_raw_daily_rank_expanded_original_fixed504_union,lasso,characteristics_textcore,504,cap_spread_bp,124.1853035008431,95.90238833224296,1.2949135643068366,0.19535004869263428,-63.779923661727395,312.15053066341363,2266,2266,0,20,pca,daily_rank,expanded,original,fixed504,union,raw,21,f_cumret21,3020813
ld3_lasso_characteristics_textcore_pca_raw_daily_rank_expanded_expanded_fixed504_union,lasso,characteristics_textcore,504,rank_ic,0.1336850845238954,0.013734138546210006,9.733780103797365,2.163984778658216e-22,0.1067666676146405,0.16060350143315033,2266,2266,0,20,pca,daily_rank,expanded,expanded,fixed504,union,raw,21,f_cumret21,3020813
ld3_lasso_characteristics_textcore_pca_raw_daily_rank_expanded_expanded_fixed504_union,lasso,characteristics_textcore,504,ew_spread_bp,221.92152490497924,99.29129888158151,2.23505510960886,0.025413730971656726,27.314155118877324,416.5288946910812,2266,2266,0,20,pca,daily_rank,expanded,expanded,fixed504,union,raw,21,f_cumret21,3020813
ld3_lasso_characteristics_textcore_pca_raw_daily_rank_expanded_expanded_fixed504_union,lasso,characteristics_textcore,504,cap_spread_bp,130.88201681120725,93.74140662448204,1.396202825668133,0.16265342605608724,-52.84776403290198,314.6117976553165,2266,2266,0,20,pca,daily_rank,expanded,expanded,fixed504,union,raw,21,f_cumret21,3020813
ld3_enet_characteristics_textcore_pca_raw_daily_rank_original_original_fixed504_union,enet,characteristics_textcore,504,rank_ic,0.13354742622283913,0.013804792376032334,9.673990204640969,3.889119125824551e-22,0.10649053035176265,0.16060432209391562,2266,2266,0,20,pca,daily_rank,original,original,fixed504,union,raw,21,f_cumret21,3020813
ld3_enet_characteristics_textcore_pca_raw_daily_rank_original_original_fixed504_union,enet,characteristics_textcore,504,ew_spread_bp,236.20594688131038,96.58425099099614,2.4455948506897895,0.01446134044785059,46.90429346518093,425.5076002974398,2266,2266,0,20,pca,daily_rank,original,original,fixed504,union,raw,21,f_cumret21,3020813
ld3_enet_characteristics_textcore_pca_raw_daily_rank_original_original_fixed504_union,enet,characteristics_textcore,504,cap_spread_bp,162.35511381388477,89.65388822993314,1.8109099004997593,0.07015479978352787,-13.363278190763651,338.0735058185332,2266,2266,0,20,pca,daily_rank,original,original,fixed504,union,raw,21,f_cumret21,3020813
ld3_enet_characteristics_textcore_pca_raw_daily_rank_original_expanded_fixed504_union,enet,characteristics_textcore,504,rank_ic,0.1340684257241219,0.013785668760373168,9.725202894001114,2.35435563296721e-22,0.10704901145099155,0.16108783999725224,2266,2266,0,20,pca,daily_rank,original,expanded,fixed504,union,raw,21,f_cumret21,3020813
ld3_enet_characteristics_textcore_pca_raw_daily_rank_original_expanded_fixed504_union,enet,characteristics_textcore,504,ew_spread_bp,241.25975230188934,96.2929010059879,2.505478075552909,0.012228597941297532,52.529134363272306,429.99037024050637,2266,2266,0,20,pca,daily_rank,original,expanded,fixed504,union,raw,21,f_cumret21,3020813
ld3_enet_characteristics_textcore_pca_raw_daily_rank_original_expanded_fixed504_union,enet,characteristics_textcore,504,cap_spread_bp,163.7432804364593,90.07576305773901,1.817839503968443,0.06908866682441693,-12.801971036672654,340.28853190959126,2266,2266,0,20,pca,daily_rank,original,expanded,fixed504,union,raw,21,f_cumret21,3020813
ld3_ridge_characteristics_textcore_pca_raw_daily_rank_expanded_original_fixed504_union,ridge,characteristics_textcore,504,rank_ic,0.1621247195918624,0.019315932720720512,8.393315608205064,4.726206498543241e-17,0.1242661871314514,0.19998325205227338,2266,2266,0,41,pca,daily_rank,expanded,original,fixed504,union,raw,42,f_cumret42,3007314
ld3_ridge_characteristics_textcore_pca_raw_daily_rank_expanded_original_fixed504_union,ridge,characteristics_textcore,504,ew_spread_bp,376.4459334602614,226.87933129397106,1.659234145804558,0.09706861947974879,-68.22938471245311,821.1212516329759,2266,2266,0,41,pca,daily_rank,expanded,original,fixed504,union,raw,42,f_cumret42,3007314
ld3_ridge_characteristics_textcore_pca_raw_daily_rank_expanded_original_fixed504_union,ridge,characteristics_textcore,504,cap_spread_bp,311.09181813279014,205.47885644857124,1.5139845700409205,0.1300297529950631,-91.6393400908853,713.8229763564656,2266,2266,0,41,pca,daily_rank,expanded,original,fixed504,union,raw,42,f_cumret42,3007314
ld3_ridge_characteristics_textcore_pca_raw_daily_rank_expanded_expanded_fixed504_union,ridge,characteristics_textcore,504,rank_ic,0.16124178036277412,0.019302403646964773,8.353456041632864,6.629409079114273e-17,0.12340976439966858,0.19907379632587965,2266,2266,0,41,pca,daily_rank,expanded,expanded,fixed504,union,raw,42,f_cumret42,3007314
ld3_ridge_characteristics_textcore_pca_raw_daily_rank_expanded_expanded_fixed504_union,ridge,characteristics_textcore,504,ew_spread_bp,376.66559863974356,226.5544828933278,1.6625828534900144,0.09639596571499559,-67.37302836727469,820.7042256467619,2266,2266,0,41,pca,daily_rank,expanded,expanded,fixed504,union,raw,42,f_cumret42,3007314
ld3_ridge_characteristics_textcore_pca_raw_daily_rank_expanded_expanded_fixed504_union,ridge,characteristics_textcore,504,cap_spread_bp,299.1265045101191,205.16505035995445,1.4579798264144541,0.14484610366843498,-102.98960508173809,701.2426141019763,2266,2266,0,41,pca,daily_rank,expanded,expanded,fixed504,union,raw,42,f_cumret42,3007314
ld3_lasso_characteristics_textcore_pca_raw_daily_rank_original_original_fixed504_union,lasso,characteristics_textcore,504,rank_ic,0.16046959040343006,0.019130842194971465,8.388004499122859,4.944632962916415e-17,0.1229738287073668,0.19796535209949334,2266,2266,0,41,pca,daily_rank,original,original,fixed504,union,raw,42,f_cumret42,3007314
ld3_lasso_characteristics_textcore_pca_raw_daily_rank_original_original_fixed504_union,lasso,characteristics_textcore,504,ew_spread_bp,379.5833346765562,217.71206588503662,1.7435107839957575,0.08124443223370875,-47.12447345792697,806.2911428110394,2266,2266,0,41,pca,daily_rank,original,original,fixed504,union,raw,42,f_cumret42,3007314
ld3_lasso_characteristics_textcore_pca_raw_daily_rank_original_original_fixed504_union,lasso,characteristics_textcore,504,cap_spread_bp,293.7963775827178,188.11128223904115,1.5618222048445667,0.11832987929651499,-74.89496069145196,662.4877158568876,2266,2266,0,41,pca,daily_rank,original,original,fixed504,union,raw,42,f_cumret42,3007314
ld3_lasso_characteristics_textcore_pca_raw_daily_rank_original_expanded_fixed504_union,lasso,characteristics_textcore,504,rank_ic,0.160639632101995,0.019091360664328674,8.41425789006976,3.953899994954907e-17,0.12322125278404612,0.1980580114199439,2266,2266,0,41,pca,daily_rank,original,expanded,fixed504,union,raw,42,f_cumret42,3007314
ld3_lasso_characteristics_textcore_pca_raw_daily_rank_original_expanded_fixed504_union,lasso,characteristics_textcore,504,ew_spread_bp,379.7024244641614,217.643084168429,1.744610566951525,0.08105268019798069,-46.87018199017905,806.2750309185019,2266,2266,0,41,pca,daily_rank,original,expanded,fixed504,union,raw,42,f_cumret42,3007314
ld3_lasso_characteristics_textcore_pca_raw_daily_rank_original_expanded_fixed504_union,lasso,characteristics_textcore,504,cap_spread_bp,288.39735546254326,188.05165018036737,1.5336071509392795,0.12512632803160875,-80.17710612430193,656.9718170493884,2266,2266,0,41,pca,daily_rank,original,expanded,fixed504,union,raw,42,f_cumret42,3007314
ld3_lasso_characteristics_textcore_pca_raw_daily_rank_expanded_original_fixed504_union,lasso,characteristics_textcore,504,rank_ic,0.16083581236406466,0.019188322979776493,8.381962953905735,5.20522194776694e-17,0.12322739039998044,0.1984442343281489,2266,2266,0,41,pca,daily_rank,expanded,original,fixed504,union,raw,42,f_cumret42,3007314
ld3_lasso_characteristics_textcore_pca_raw_daily_rank_expanded_original_fixed504_union,lasso,characteristics_textcore,504,ew_spread_bp,354.1483255483305,224.1649866571223,1.5798556716175651,0.11413992282952169,-85.20697489453102,793.5036259911919,2266,2266,0,41,pca,daily_rank,expanded,original,fixed504,union,raw,42,f_cumret42,3007314
ld3_lasso_characteristics_textcore_pca_raw_daily_rank_expanded_original_fixed504_union,lasso,characteristics_textcore,504,cap_spread_bp,261.47941286802063,196.38892863360874,1.331436627753326,0.18304538408913718,-123.43581421625947,646.3946399523007,2266,2266,0,41,pca,daily_rank,expanded,original,fixed504,union,raw,42,f_cumret42,3007314
ld3_lasso_characteristics_textcore_pca_raw_daily_rank_expanded_expanded_fixed504_union,lasso,characteristics_textcore,504,rank_ic,0.16087554837996923,0.019087094861363025,8.428498393729939,3.5012897720609584e-17,0.12346552988219817,0.1982855668777403,2266,2266,0,41,pca,daily_rank,expanded,expanded,fixed504,union,raw,42,f_cumret42,3007314
ld3_lasso_characteristics_textcore_pca_raw_daily_rank_expanded_expanded_fixed504_union,lasso,characteristics_textcore,504,ew_spread_bp,359.7524879640223,222.7871849682715,1.6147808861414397,0.10635815379569372,-76.90237079085318,796.4073467188978,2266,2266,0,41,pca,daily_rank,expanded,expanded,fixed504,union,raw,42,f_cumret42,3007314
ld3_lasso_characteristics_textcore_pca_raw_daily_rank_expanded_expanded_fixed504_union,lasso,characteristics_textcore,504,cap_spread_bp,273.0672040390801,193.2069744182869,1.413340304413123,0.15755568868676584,-105.6115073827138,651.7459154608739,2266,2266,0,41,pca,daily_rank,expanded,expanded,fixed504,union,raw,42,f_cumret42,3007314
ld3_enet_characteristics_textcore_pca_raw_daily_rank_original_original_fixed504_union,enet,characteristics_textcore,504,rank_ic,0.1605423690285221,0.01916830359680566,8.37540829931742,5.503273991273466e-17,0.12297318433405341,0.19811155372299077,2266,2266,0,41,pca,daily_rank,original,original,fixed504,union,raw,42,f_cumret42,3007314
ld3_enet_characteristics_textcore_pca_raw_daily_rank_original_original_fixed504_union,enet,characteristics_textcore,504,ew_spread_bp,379.6376726647774,218.3973321455569,1.738288965964829,0.08215990962581478,-48.41323266014592,807.6885779897008,2266,2266,0,41,pca,daily_rank,original,original,fixed504,union,raw,42,f_cumret42,3007314
ld3_enet_characteristics_textcore_pca_raw_daily_rank_original_original_fixed504_union,enet,characteristics_textcore,504,cap_spread_bp,292.4912639310596,188.88860214981668,1.5484855126360175,0.12150544708418669,-77.72359337269609,662.7061212348153,2266,2266,0,41,pca,daily_rank,original,original,fixed504,union,raw,42,f_cumret42,3007314
ld3_enet_characteristics_textcore_pca_raw_daily_rank_original_expanded_fixed504_union,enet,characteristics_textcore,504,rank_ic,0.16106999865328916,0.01918335333590428,8.396342174015246,4.606021252532504e-17,0.12347131701221048,0.19866868029436785,2266,2266,0,41,pca,daily_rank,original,expanded,fixed504,union,raw,42,f_cumret42,3007314
ld3_enet_characteristics_textcore_pca_raw_daily_rank_original_expanded_fixed504_union,enet,characteristics_textcore,504,ew_spread_bp,381.59280309100814,217.8952534028103,1.7512671668234079,0.07989990053377162,-45.47404598072876,808.659652162745,2266,2266,0,41,pca,daily_rank,original,expanded,fixed504,union,raw,42,f_cumret42,3007314
ld3_enet_characteristics_textcore_pca_raw_daily_rank_original_expanded_fixed504_union,enet,characteristics_textcore,504,cap_spread_bp,290.6101812667003,188.99807033573973,1.5376357057532646,0.12413771205278454,-79.81922973891756,661.0395922723181,2266,2266,0,41,pca,daily_rank,original,expanded,fixed504,union,raw,42,f_cumret42,3007314
ld3_ridge_characteristics_textcore_pca_raw_daily_rank_expanded_original_fixed504_union,ridge,characteristics_textcore,504,rank_ic,0.1877192493440995,0.022988754207800853,8.165699091271335,3.195789907213555e-16,0.1426621190473662,0.2327763796408328,2266,2266,0,62,pca,daily_rank,expanded,original,fixed504,union,raw,63,f_cumret63,2993214
ld3_ridge_characteristics_textcore_pca_raw_daily_rank_expanded_original_fixed504_union,ridge,characteristics_textcore,504,ew_spread_bp,534.9828346673042,345.2136375247168,1.5497152386657966,0.12120987893541177,-141.62346185320553,1211.589131187814,2266,2266,0,62,pca,daily_rank,expanded,original,fixed504,union,raw,63,f_cumret63,2993214
ld3_ridge_characteristics_textcore_pca_raw_daily_rank_expanded_original_fixed504_union,ridge,characteristics_textcore,504,cap_spread_bp,448.59264370098805,302.17078801627343,1.4845665480967307,0.1376586823627186,-143.65121799099524,1040.8365053929713,2266,2266,0,62,pca,daily_rank,expanded,original,fixed504,union,raw,63,f_cumret63,2993214
ld3_ridge_characteristics_textcore_pca_raw_daily_rank_expanded_expanded_fixed504_union,ridge,characteristics_textcore,504,rank_ic,0.18615963309776465,0.02293295274298898,8.11756057687238,4.756474056917274e-16,0.14121187166234722,0.23110739453318208,2266,2266,0,62,pca,daily_rank,expanded,expanded,fixed504,union,raw,63,f_cumret63,2993214
ld3_ridge_characteristics_textcore_pca_raw_daily_rank_expanded_expanded_fixed504_union,ridge,characteristics_textcore,504,ew_spread_bp,528.2857511656082,345.31067262298006,1.5298853845227236,0.1260451016779487,-148.51073065273397,1205.0822329839502,2266,2266,0,62,pca,daily_rank,expanded,expanded,fixed504,union,raw,63,f_cumret63,2993214
ld3_ridge_characteristics_textcore_pca_raw_daily_rank_expanded_expanded_fixed504_union,ridge,characteristics_textcore,504,cap_spread_bp,423.3520657385397,298.9346359767909,1.4162027908047714,0.15671613903670867,-162.54905450756195,1009.2531859846413,2266,2266,0,62,pca,daily_rank,expanded,expanded,fixed504,union,raw,63,f_cumret63,2993214
ld3_lasso_characteristics_textcore_pca_raw_daily_rank_original_original_fixed504_union,lasso,characteristics_textcore,504,rank_ic,0.18548172651696324,0.022747061814625144,8.154096033524137,3.518012489043981e-16,0.14089830460619163,0.23006514842773484,2266,2266,0,62,pca,daily_rank,original,original,fixed504,union,raw,63,f_cumret63,2993214
ld3_lasso_characteristics_textcore_pca_raw_daily_rank_original_original_fixed504_union,lasso,characteristics_textcore,504,ew_spread_bp,530.5200042283363,337.723956105576,1.5708687365443814,0.11621314180673227,-131.40678645497871,1192.4467949116515,2266,2266,0,62,pca,daily_rank,original,original,fixed504,union,raw,63,f_cumret63,2993214
ld3_lasso_characteristics_textcore_pca_raw_daily_rank_original_original_fixed504_union,lasso,characteristics_textcore,504,cap_spread_bp,413.54143061743054,287.42643700254763,1.4387731168019353,0.15021481549258495,-149.80403411223352,976.8868953470947,2266,2266,0,62,pca,daily_rank,original,original,fixed504,union,raw,63,f_cumret63,2993214
ld3_lasso_characteristics_textcore_pca_raw_daily_rank_original_expanded_fixed504_union,lasso,characteristics_textcore,504,rank_ic,0.1853437199140287,0.02266390947876553,8.177923587617688,2.887767901694382e-16,0.1409232735867723,0.2297641662412851,2266,2266,0,62,pca,daily_rank,original,expanded,fixed504,union,raw,63,f_cumret63,2993214
ld3_lasso_characteristics_textcore_pca_raw_daily_rank_original_expanded_fixed504_union,lasso,characteristics_textcore,504,ew_spread_bp,529.6225148644226,337.09841632341545,1.5711213379190059,0.11615446710844886,-131.07824037496084,1190.323270103806,2266,2266,0,62,pca,daily_rank,original,expanded,fixed504,union,raw,63,f_cumret63,2993214
ld3_lasso_characteristics_textcore_pca_raw_daily_rank_original_expanded_fixed504_union,lasso,characteristics_textcore,504,cap_spread_bp,411.74736457287014,286.6116816391451,1.4366035683474883,0.15083066911589113,-150.0012089883142,973.4959381340545,2266,2266,0,62,pca,daily_rank,original,expanded,fixed504,union,raw,63,f_cumret63,2993214
ld3_lasso_characteristics_textcore_pca_raw_daily_rank_expanded_original_fixed504_union,lasso,characteristics_textcore,504,rank_ic,0.18592367022490436,0.022798718362686196,8.15500535017787,3.4916442028563074e-16,0.14123900334036743,0.23060833710944129,2266,2266,0,62,pca,daily_rank,expanded,original,fixed504,union,raw,63,f_cumret63,2993214
ld3_lasso_characteristics_textcore_pca_raw_daily_rank_expanded_original_fixed504_union,lasso,characteristics_textcore,504,ew_spread_bp,504.2251114947206,346.341534791436,1.4558609373789395,0.14543106605472716,-174.59182304682014,1183.0420460362614,2266,2266,0,62,pca,daily_rank,expanded,original,fixed504,union,raw,63,f_cumret63,2993214
ld3_lasso_characteristics_textcore_pca_raw_daily_rank_expanded_original_fixed504_union,lasso,characteristics_textcore,504,cap_spread_bp,381.6167905011606,294.6803562854049,1.2950194417830678,0.19531352277551717,-195.94609476966434,959.1796757719856,2266,2266,0,62,pca,daily_rank,expanded,original,fixed504,union,raw,63,f_cumret63,2993214
ld3_lasso_characteristics_textcore_pca_raw_daily_rank_expanded_expanded_fixed504_union,lasso,characteristics_textcore,504,rank_ic,0.18553436937892248,0.022677877869450774,8.181293260638583,2.808135581489209e-16,0.14108654550900102,0.22998219324884395,2266,2266,0,62,pca,daily_rank,expanded,expanded,fixed504,union,raw,63,f_cumret63,2993214
ld3_lasso_characteristics_textcore_pca_raw_daily_rank_expanded_expanded_fixed504_union,lasso,characteristics_textcore,504,ew_spread_bp,507.17220973377295,345.0240475096417,1.4699619153925785,0.1415720689595303,-169.06249718536134,1183.4069166529073,2266,2266,0,62,pca,daily_rank,expanded,expanded,fixed504,union,raw,63,f_cumret63,2993214
ld3_lasso_characteristics_textcore_pca_raw_daily_rank_expanded_expanded_fixed504_union,lasso,characteristics_textcore,504,cap_spread_bp,402.9579838980849,291.492711873346,1.382394713433421,0.16685053845040587,-168.3572331295843,974.273200925754,2266,2266,0,62,pca,daily_rank,expanded,expanded,fixed504,union,raw,63,f_cumret63,2993214
ld3_enet_characteristics_textcore_pca_raw_daily_rank_original_original_fixed504_union,enet,characteristics_textcore,504,rank_ic,0.1857458699347217,0.02280675539938785,8.144335600657481,3.813701213037671e-16,0.14104545074770708,0.23044628912173631,2266,2266,0,62,pca,daily_rank,original,original,fixed504,union,raw,63,f_cumret63,2993214
ld3_enet_characteristics_textcore_pca_raw_daily_rank_original_original_fixed504_union,enet,characteristics_textcore,504,ew_spread_bp,530.3090299209406,338.1984213963436,1.5680411154239469,0.11687153729456806,-132.54769564419325,1193.1657554860744,2266,2266,0,62,pca,daily_rank,original,original,fixed504,union,raw,63,f_cumret63,2993214
ld3_enet_characteristics_textcore_pca_raw_daily_rank_original_original_fixed504_union,enet,characteristics_textcore,504,cap_spread_bp,417.08275462730313,286.4294894121014,1.456144601183937,0.14535265018155877,-144.30872873061236,978.4742379852187,2266,2266,0,62,pca,daily_rank,original,original,fixed504,union,raw,63,f_cumret63,2993214
ld3_enet_characteristics_textcore_pca_raw_daily_rank_original_expanded_fixed504_union,enet,characteristics_textcore,504,rank_ic,0.185900862288425,0.02277647345494749,8.161968649630602,3.2960776114220325e-16,0.14125979462189536,0.23054192995495465,2266,2266,0,62,pca,daily_rank,original,expanded,fixed504,union,raw,63,f_cumret63,2993214
ld3_enet_characteristics_textcore_pca_raw_daily_rank_original_expanded_fixed504_union,enet,characteristics_textcore,504,ew_spread_bp,532.7998570820909,337.49526142064735,1.578688408362628,0.11440754490883985,-128.67870025530829,1194.27841441949,2266,2266,0,62,pca,daily_rank,original,expanded,fixed504,union,raw,63,f_cumret63,2993214
ld3_enet_characteristics_textcore_pca_raw_daily_rank_original_expanded_fixed504_union,enet,characteristics_textcore,504,cap_spread_bp,423.6598668660957,285.75246825227896,1.4826113995000176,0.1381776866766524,-136.40467940179627,983.7244131339876,2266,2266,0,62,pca,daily_rank,original,expanded,fixed504,union,raw,63,f_cumret63,2993214
ld3_enet_characteristics_textcore_pca_raw_daily_rank_expanded_original_fixed504_union,enet,characteristics_textcore,504,rank_ic,0.08552460437025856,0.005698509269387223,15.008241686944782,6.484393505586451e-51,0.07435573143669195,0.09669347730382517,2266,2266,0,5,pca,daily_rank,expanded,original,fixed504,union,raw,3,f_cumret3,3031789
ld3_enet_characteristics_textcore_pca_raw_daily_rank_expanded_original_fixed504_union,enet,characteristics_textcore,504,ew_spread_bp,54.2747258678838,15.545004405696897,3.4914577346786295,0.0004803924644990006,23.807077093201418,84.74237464256619,2266,2266,0,5,pca,daily_rank,expanded,original,fixed504,union,raw,3,f_cumret3,3031789
ld3_enet_characteristics_textcore_pca_raw_daily_rank_expanded_original_fixed504_union,enet,characteristics_textcore,504,cap_spread_bp,26.11001633095959,16.358468564257702,1.5961161785039248,0.1104628572409659,-5.951992897216158,58.172025559135335,2266,2266,0,5,pca,daily_rank,expanded,original,fixed504,union,raw,3,f_cumret3,3031789
ld3_enet_characteristics_textcore_pca_raw_daily_rank_expanded_expanded_fixed504_union,enet,characteristics_textcore,504,rank_ic,0.08564264454706454,0.005696116323247055,15.035269591939125,4.312889340260991e-51,0.0744784617017496,0.09680682739237947,2266,2266,0,5,pca,daily_rank,expanded,expanded,fixed504,union,raw,3,f_cumret3,3031789
ld3_enet_characteristics_textcore_pca_raw_daily_rank_expanded_expanded_fixed504_union,enet,characteristics_textcore,504,ew_spread_bp,55.17533778512687,15.546005644806842,3.5491649138541415,0.0003864549699849228,24.70572661784908,85.64494895240466,2266,2266,0,5,pca,daily_rank,expanded,expanded,fixed504,union,raw,3,f_cumret3,3031789
ld3_enet_characteristics_textcore_pca_raw_daily_rank_expanded_expanded_fixed504_union,enet,characteristics_textcore,504,cap_spread_bp,28.57505807138387,16.210953756359594,1.7627006097758937,0.07795099787327875,-3.1978274461252347,60.347943588892974,2266,2266,0,5,pca,daily_rank,expanded,expanded,fixed504,union,raw,3,f_cumret3,3031789
ld3_group_ridge_characteristics_textcore_pca_raw_daily_rank_original_original_fixed504_union,group_ridge,characteristics_textcore,504,rank_ic,0.08635729612147329,0.005742668432837391,15.03783426319201,4.149032446277335e-51,0.07510187281795692,0.09761271942498966,2266,2266,0,5,pca,daily_rank,original,original,fixed504,union,raw,3,f_cumret3,3031789
ld3_group_ridge_characteristics_textcore_pca_raw_daily_rank_original_original_fixed504_union,group_ridge,characteristics_textcore,504,ew_spread_bp,55.29405857272561,15.644018013887573,3.534517700225079,0.00040852007323804253,24.63234669201014,85.95577045344108,2266,2266,0,5,pca,daily_rank,original,original,fixed504,union,raw,3,f_cumret3,3031789
ld3_group_ridge_characteristics_textcore_pca_raw_daily_rank_original_original_fixed504_union,group_ridge,characteristics_textcore,504,cap_spread_bp,38.00660407898341,16.808163706963512,2.2611990662155153,0.023746932914036994,5.0632085670816736,70.94999959088514,2266,2266,0,5,pca,daily_rank,original,original,fixed504,union,raw,3,f_cumret3,3031789
ld3_group_ridge_characteristics_textcore_pca_raw_daily_rank_original_expanded_fixed504_union,group_ridge,characteristics_textcore,504,rank_ic,0.08625001376888336,0.005742657991088422,15.019179951640503,5.498372400804331e-51,0.07499461093081891,0.09750541660694781,2266,2266,0,5,pca,daily_rank,original,expanded,fixed504,union,raw,3,f_cumret3,3031789
ld3_group_ridge_characteristics_textcore_pca_raw_daily_rank_original_expanded_fixed504_union,group_ridge,characteristics_textcore,504,ew_spread_bp,55.40418144532469,15.641093385869906,3.5422192092642693,0.00039677559697741177,24.748201730192022,86.06016116045735,2266,2266,0,5,pca,daily_rank,original,expanded,fixed504,union,raw,3,f_cumret3,3031789
ld3_group_ridge_characteristics_textcore_pca_raw_daily_rank_original_expanded_fixed504_union,group_ridge,characteristics_textcore,504,cap_spread_bp,40.90363167739356,16.495775877229523,2.479642787451799,0.013151406178076893,8.572505060979083,73.23475829380804,2266,2266,0,5,pca,daily_rank,original,expanded,fixed504,union,raw,3,f_cumret3,3031789
ld3_group_ridge_characteristics_textcore_pca_raw_daily_rank_expanded_original_fixed504_union,group_ridge,characteristics_textcore,504,rank_ic,0.08633022559146264,0.005751042830106234,15.011229813753262,6.19876418403165e-51,0.07505838877090712,0.09760206241201816,2266,2266,0,5,pca,daily_rank,expanded,original,fixed504,union,raw,3,f_cumret3,3031789
ld3_group_ridge_characteristics_textcore_pca_raw_daily_rank_expanded_original_fixed504_union,group_ridge,characteristics_textcore,504,ew_spread_bp,53.652918609705594,15.707497324344017,3.415752204302621,0.0006360609845059107,22.86678956673206,84.43904765267914,2266,2266,0,5,pca,daily_rank,expanded,original,fixed504,union,raw,3,f_cumret3,3031789
ld3_group_ridge_characteristics_textcore_pca_raw_daily_rank_expanded_original_fixed504_union,group_ridge,characteristics_textcore,504,cap_spread_bp,33.8933720202345,16.805707002503304,2.0167775158275636,0.04371873634447355,0.9547915605954387,66.83195247987356,2266,2266,0,5,pca,daily_rank,expanded,original,fixed504,union,raw,3,f_cumret3,3031789
ld3_group_ridge_characteristics_textcore_pca_raw_daily_rank_expanded_expanded_fixed504_union,group_ridge,characteristics_textcore,504,rank_ic,0.08627125849437829,0.005755815153793296,14.988538754154106,8.725177459438188e-51,0.07499006809127357,0.09755244889748302,2266,2266,0,5,pca,daily_rank,expanded,expanded,fixed504,union,raw,3,f_cumret3,3031789
ld3_group_ridge_characteristics_textcore_pca_raw_daily_rank_expanded_expanded_fixed504_union,group_ridge,characteristics_textcore,504,ew_spread_bp,54.24105132334671,15.710146441465751,3.4526127127740533,0.000555185477023855,23.449730106223747,85.03237254046968,2266,2266,0,5,pca,daily_rank,expanded,expanded,fixed504,union,raw,3,f_cumret3,3031789
ld3_group_ridge_characteristics_textcore_pca_raw_daily_rank_expanded_expanded_fixed504_union,group_ridge,characteristics_textcore,504,cap_spread_bp,36.72465420024317,16.513239851177858,2.2239520851883996,0.02615166816554258,4.359298823863007,69.09000957662334,2266,2266,0,5,pca,daily_rank,expanded,expanded,fixed504,union,raw,3,f_cumret3,3031789
ld3_enet_characteristics_textcore_pca_raw_daily_rank_expanded_original_fixed504_union,enet,characteristics_textcore,504,rank_ic,0.09441096942300836,0.006892852371696806,13.696937687317293,1.0589715278354905e-42,0.08090122702373113,0.10792071182228559,2266,2266,0,5,pca,daily_rank,expanded,original,fixed504,union,raw,5,f_cumret5,3030544
ld3_enet_characteristics_textcore_pca_raw_daily_rank_expanded_original_fixed504_union,enet,characteristics_textcore,504,ew_spread_bp,75.39549425334454,23.71842239425503,3.178773571028337,0.0014789957720340997,28.908240590496405,121.88274791619267,2266,2266,0,5,pca,daily_rank,expanded,original,fixed504,union,raw,5,f_cumret5,3030544
ld3_enet_characteristics_textcore_pca_raw_daily_rank_expanded_original_fixed504_union,enet,characteristics_textcore,504,cap_spread_bp,42.85890446736695,24.94023023571405,1.718464667819851,0.08571189370239646,-6.023048560769496,91.74085749550339,2266,2266,0,5,pca,daily_rank,expanded,original,fixed504,union,raw,5,f_cumret5,3030544
ld3_enet_characteristics_textcore_pca_raw_daily_rank_expanded_expanded_fixed504_union,enet,characteristics_textcore,504,rank_ic,0.09448891524910842,0.006880216443810516,13.733421909148108,6.403617307247769e-43,0.08100393881339957,0.10797389168481727,2266,2266,0,5,pca,daily_rank,expanded,expanded,fixed504,union,raw,5,f_cumret5,3030544
ld3_enet_characteristics_textcore_pca_raw_daily_rank_expanded_expanded_fixed504_union,enet,characteristics_textcore,504,ew_spread_bp,76.8903740171169,23.709995685520283,3.2429518350386677,0.0011829820782752768,30.419636399897072,123.36111163433672,2266,2266,0,5,pca,daily_rank,expanded,expanded,fixed504,union,raw,5,f_cumret5,3030544
ld3_enet_characteristics_textcore_pca_raw_daily_rank_expanded_expanded_fixed504_union,enet,characteristics_textcore,504,cap_spread_bp,44.88484048348251,24.404858021219965,1.8391764641472306,0.06588923523993694,-2.947802285922066,92.71748325288709,2266,2266,0,5,pca,daily_rank,expanded,expanded,fixed504,union,raw,5,f_cumret5,3030544
ld3_group_ridge_characteristics_textcore_pca_raw_daily_rank_original_original_fixed504_union,group_ridge,characteristics_textcore,504,rank_ic,0.09522416811664602,0.0069337118729563265,13.733505207802253,6.39625749694977e-43,0.08163434256647387,0.10881399366681818,2266,2266,0,5,pca,daily_rank,original,original,fixed504,union,raw,5,f_cumret5,3030544
ld3_group_ridge_characteristics_textcore_pca_raw_daily_rank_original_original_fixed504_union,group_ridge,characteristics_textcore,504,ew_spread_bp,78.86465174195679,23.86931445314807,3.3040182991747176,0.0009530961083114678,32.081655078125195,125.64764840578839,2266,2266,0,5,pca,daily_rank,original,original,fixed504,union,raw,5,f_cumret5,3030544
ld3_group_ridge_characteristics_textcore_pca_raw_daily_rank_original_original_fixed504_union,group_ridge,characteristics_textcore,504,cap_spread_bp,59.800359381586716,25.233359107678528,2.3698929312740384,0.017793237113651723,10.343884321571046,109.2568344416024,2266,2266,0,5,pca,daily_rank,original,original,fixed504,union,raw,5,f_cumret5,3030544
ld3_group_ridge_characteristics_textcore_pca_raw_daily_rank_original_expanded_fixed504_union,group_ridge,characteristics_textcore,504,rank_ic,0.09508454904321365,0.006929918972855972,13.720874575251665,7.614137725090014e-43,0.08150215744063513,0.10866694064579216,2266,2266,0,5,pca,daily_rank,original,expanded,fixed504,union,raw,5,f_cumret5,3030544
ld3_group_ridge_characteristics_textcore_pca_raw_daily_rank_original_expanded_fixed504_union,group_ridge,characteristics_textcore,504,ew_spread_bp,78.47777870715011,23.894337653997734,3.2843671937489374,0.0010221165765372114,31.64573747087526,125.30981994342496,2266,2266,0,5,pca,daily_rank,original,expanded,fixed504,union,raw,5,f_cumret5,3030544
ld3_group_ridge_characteristics_textcore_pca_raw_daily_rank_original_expanded_fixed504_union,group_ridge,characteristics_textcore,504,cap_spread_bp,61.73588920519927,25.02615941325791,2.4668543097545337,0.013630580369981457,12.685518083855712,110.78626032654283,2266,2266,0,5,pca,daily_rank,original,expanded,fixed504,union,raw,5,f_cumret5,3030544
ld3_group_ridge_characteristics_textcore_pca_raw_daily_rank_expanded_original_fixed504_union,group_ridge,characteristics_textcore,504,rank_ic,0.09515195094775768,0.006940414286023297,13.709837342041094,8.86563641800343e-43,0.08154898890936474,0.10875491298615061,2266,2266,0,5,pca,daily_rank,expanded,original,fixed504,union,raw,5,f_cumret5,3030544
ld3_group_ridge_characteristics_textcore_pca_raw_daily_rank_expanded_original_fixed504_union,group_ridge,characteristics_textcore,504,ew_spread_bp,76.9667210557039,23.995712760108905,3.2075196859188684,0.0013388489708820496,29.93598826252223,123.99745384888557,2266,2266,0,5,pca,daily_rank,expanded,original,fixed504,union,raw,5,f_cumret5,3030544
ld3_group_ridge_characteristics_textcore_pca_raw_daily_rank_expanded_original_fixed504_union,group_ridge,characteristics_textcore,504,cap_spread_bp,54.39378635273202,25.209131224303277,2.1577017418312616,0.030951028449337458,4.98479707155348,103.80277563391056,2266,2266,0,5,pca,daily_rank,expanded,original,fixed504,union,raw,5,f_cumret5,3030544
ld3_group_ridge_characteristics_textcore_pca_raw_daily_rank_expanded_expanded_fixed504_union,group_ridge,characteristics_textcore,504,rank_ic,0.09504505190538425,0.006943686079948269,13.687982263462628,1.197896624187585e-42,0.08143567726873353,0.10865442654203496,2266,2266,0,5,pca,daily_rank,expanded,expanded,fixed504,union,raw,5,f_cumret5,3030544
ld3_group_ridge_characteristics_textcore_pca_raw_daily_rank_expanded_expanded_fixed504_union,group_ridge,characteristics_textcore,504,ew_spread_bp,77.13312338898044,24.01204492180635,3.2122679946734816,0.0013169146639809514,30.07038014708209,124.19586663087878,2266,2266,0,5,pca,daily_rank,expanded,expanded,fixed504,union,raw,5,f_cumret5,3030544
ld3_group_ridge_characteristics_textcore_pca_raw_daily_rank_expanded_expanded_fixed504_union,group_ridge,characteristics_textcore,504,cap_spread_bp,56.857727125498016,24.97250589316192,2.2768130426617317,0.022797392334507883,7.912514971186397,105.80293927980964,2266,2266,0,5,pca,daily_rank,expanded,expanded,fixed504,union,raw,5,f_cumret5,3030544
ld3_enet_characteristics_textcore_pca_raw_daily_rank_expanded_original_fixed504_union,enet,characteristics_textcore,504,rank_ic,0.10963407403680785,0.009535145801390787,11.497891728180678,1.351769420046453e-30,0.09094553167874359,0.1283226163948721,2266,2266,0,9,pca,daily_rank,expanded,original,fixed504,union,raw,10,f_cumret10,3027488
ld3_enet_characteristics_textcore_pca_raw_daily_rank_expanded_original_fixed504_union,enet,characteristics_textcore,504,ew_spread_bp,120.2149890810803,44.95180778138009,2.6743082206112225,0.007488359260944848,32.11106478960798,208.31891337255263,2266,2266,0,9,pca,daily_rank,expanded,original,fixed504,union,raw,10,f_cumret10,3027488
ld3_enet_characteristics_textcore_pca_raw_daily_rank_expanded_original_fixed504_union,enet,characteristics_textcore,504,cap_spread_bp,75.77063880922064,44.76824752867805,1.6925084851865777,0.09054906364162481,-11.973513997962627,163.5147916164039,2266,2266,0,9,pca,daily_rank,expanded,original,fixed504,union,raw,10,f_cumret10,3027488
ld3_enet_characteristics_textcore_pca_raw_daily_rank_expanded_expanded_fixed504_union,enet,characteristics_textcore,504,rank_ic,0.10992648100978337,0.009496259910939268,11.575765832099115,5.4680772951648995e-31,0.09131415359651086,0.12853880842305587,2266,2266,0,9,pca,daily_rank,expanded,expanded,fixed504,union,raw,10,f_cumret10,3027488
ld3_enet_characteristics_textcore_pca_raw_daily_rank_expanded_expanded_fixed504_union,enet,characteristics_textcore,504,ew_spread_bp,124.53244885399819,44.90648083341719,2.7731509248288115,0.005551636642608982,36.517363748062266,212.54753395993413,2266,2266,0,9,pca,daily_rank,expanded,expanded,fixed504,union,raw,10,f_cumret10,3027488
ld3_enet_characteristics_textcore_pca_raw_daily_rank_expanded_expanded_fixed504_union,enet,characteristics_textcore,504,cap_spread_bp,79.95331157547977,44.72743618629124,1.7875675064958252,0.07384581177766009,-7.710852470464616,167.61747562142415,2266,2266,0,9,pca,daily_rank,expanded,expanded,fixed504,union,raw,10,f_cumret10,3027488
ld3_group_ridge_characteristics_textcore_pca_raw_daily_rank_original_original_fixed504_union,group_ridge,characteristics_textcore,504,rank_ic,0.11024657196435579,0.009596527195587172,11.488173765094015,1.512761052817006e-30,0.09143772428434577,0.12905541964436582,2266,2266,0,9,pca,daily_rank,original,original,fixed504,union,raw,10,f_cumret10,3027488
ld3_group_ridge_characteristics_textcore_pca_raw_daily_rank_original_original_fixed504_union,group_ridge,characteristics_textcore,504,ew_spread_bp,127.7434858502024,45.709501634903035,2.794681221215931,0.005195091441014268,38.15450889451773,217.33246280588708,2266,2266,0,9,pca,daily_rank,original,original,fixed504,union,raw,10,f_cumret10,3027488
ld3_group_ridge_characteristics_textcore_pca_raw_daily_rank_original_original_fixed504_union,group_ridge,characteristics_textcore,504,cap_spread_bp,98.57406182235106,46.65578207237071,2.112794115624225,0.034618393551632216,7.13040928995494,190.01771435474717,2266,2266,0,9,pca,daily_rank,original,original,fixed504,union,raw,10,f_cumret10,3027488
ld3_group_ridge_characteristics_textcore_pca_raw_daily_rank_original_expanded_fixed504_union,group_ridge,characteristics_textcore,504,rank_ic,0.11011243428273665,0.009584316015217151,11.488815071196486,1.5015739309120107e-30,0.09132752007646058,0.12889734848901271,2266,2266,0,9,pca,daily_rank,original,expanded,fixed504,union,raw,10,f_cumret10,3027488
ld3_group_ridge_characteristics_textcore_pca_raw_daily_rank_original_expanded_fixed504_union,group_ridge,characteristics_textcore,504,ew_spread_bp,127.9210804379456,45.63380040832123,2.8032090094039037,0.005059686779855255,38.48047515994679,217.36168571594442,2266,2266,0,9,pca,daily_rank,original,expanded,fixed504,union,raw,10,f_cumret10,3027488
ld3_group_ridge_characteristics_textcore_pca_raw_daily_rank_original_expanded_fixed504_union,group_ridge,characteristics_textcore,504,cap_spread_bp,98.87120261896123,46.66310885790498,2.118830164531824,0.03410482252336988,7.413189850795504,190.32921538712696,2266,2266,0,9,pca,daily_rank,original,expanded,fixed504,union,raw,10,f_cumret10,3027488
ld3_group_ridge_characteristics_textcore_pca_raw_daily_rank_expanded_original_fixed504_union,group_ridge,characteristics_textcore,504,rank_ic,0.11013057543408701,0.009591935429889535,11.48158015022786,1.6326901754685474e-30,0.0913307274494698,0.12893042341870423,2266,2266,0,9,pca,daily_rank,expanded,original,fixed504,union,raw,10,f_cumret10,3027488
ld3_group_ridge_characteristics_textcore_pca_raw_daily_rank_expanded_original_fixed504_union,group_ridge,characteristics_textcore,504,ew_spread_bp,124.1856584125784,46.071753040808915,2.6954836796112067,0.007028652088664147,33.88668174796922,214.4846350771876,2266,2266,0,9,pca,daily_rank,expanded,original,fixed504,union,raw,10,f_cumret10,3027488
ld3_group_ridge_characteristics_textcore_pca_raw_daily_rank_expanded_original_fixed504_union,group_ridge,characteristics_textcore,504,cap_spread_bp,92.18738921520917,46.19937394397917,1.9954250749586897,0.04599653837478026,1.6382801767118025,182.73649825370654,2266,2266,0,9,pca,daily_rank,expanded,original,fixed504,union,raw,10,f_cumret10,3027488
ld3_group_ridge_characteristics_textcore_pca_raw_daily_rank_expanded_expanded_fixed504_union,group_ridge,characteristics_textcore,504,rank_ic,0.1100689422446567,0.00959591706419551,11.47039324207462,1.858129649444024e-30,0.09126129040020017,0.12887659408911323,2266,2266,0,9,pca,daily_rank,expanded,expanded,fixed504,union,raw,10,f_cumret10,3027488
ld3_group_ridge_characteristics_textcore_pca_raw_daily_rank_expanded_expanded_fixed504_union,group_ridge,characteristics_textcore,504,ew_spread_bp,124.85308118930244,45.99735143448783,2.714353702889299,0.006640522347136622,34.6999289934745,215.00623338513037,2266,2266,0,9,pca,daily_rank,expanded,expanded,fixed504,union,raw,10,f_cumret10,3027488
ld3_group_ridge_characteristics_textcore_pca_raw_daily_rank_expanded_expanded_fixed504_union,group_ridge,characteristics_textcore,504,cap_spread_bp,91.83564177889892,46.26581193041441,1.984956881703996,0.04714926895704793,1.1563166797831315,182.51496687801472,2266,2266,0,9,pca,daily_rank,expanded,expanded,fixed504,union,raw,10,f_cumret10,3027488
ld3_enet_characteristics_textcore_pca_raw_daily_rank_expanded_original_fixed504_union,enet,characteristics_textcore,504,rank_ic,0.13333744274679254,0.01388284958453169,9.60447218958257,7.654911221036442e-22,0.10612755755832358,0.1605473279352615,2266,2266,0,20,pca,daily_rank,expanded,original,fixed504,union,raw,21,f_cumret21,3020813
ld3_enet_characteristics_textcore_pca_raw_daily_rank_expanded_original_fixed504_union,enet,characteristics_textcore,504,ew_spread_bp,212.84472548593592,98.81455241194853,2.1539815775171087,0.03124161667609387,19.171761610071286,406.51768936180054,2266,2266,0,20,pca,daily_rank,expanded,original,fixed504,union,raw,21,f_cumret21,3020813
ld3_enet_characteristics_textcore_pca_raw_daily_rank_expanded_original_fixed504_union,enet,characteristics_textcore,504,cap_spread_bp,137.32784382372907,92.42457139558135,1.4858369560185427,0.1373222524203248,-43.820987398161265,318.4766750456194,2266,2266,0,20,pca,daily_rank,expanded,original,fixed504,union,raw,21,f_cumret21,3020813
ld3_enet_characteristics_textcore_pca_raw_daily_rank_expanded_expanded_fixed504_union,enet,characteristics_textcore,504,rank_ic,0.13367984825226262,0.013813211504275221,9.677680545967778,3.751297938705125e-22,0.10660645119304885,0.1607532453114764,2266,2266,0,20,pca,daily_rank,expanded,expanded,fixed504,union,raw,21,f_cumret21,3020813
ld3_enet_characteristics_textcore_pca_raw_daily_rank_expanded_expanded_fixed504_union,enet,characteristics_textcore,504,ew_spread_bp,220.53555252657753,98.23010810514451,2.2450912126709515,0.024762277613381227,28.008078443018235,413.06302661013683,2266,2266,0,20,pca,daily_rank,expanded,expanded,fixed504,union,raw,21,f_cumret21,3020813
ld3_enet_characteristics_textcore_pca_raw_daily_rank_expanded_expanded_fixed504_union,enet,characteristics_textcore,504,cap_spread_bp,138.29451412801728,92.49899386075901,1.4950920907982566,0.1348904097563093,-43.00018244526194,319.5892107012965,2266,2266,0,20,pca,daily_rank,expanded,expanded,fixed504,union,raw,21,f_cumret21,3020813
ld3_group_ridge_characteristics_textcore_pca_raw_daily_rank_original_original_fixed504_union,group_ridge,characteristics_textcore,504,rank_ic,0.13402476740734182,0.013911456706464022,9.634128922319587,5.73765538774249e-22,0.10675881329018413,0.1612907215244995,2266,2266,0,20,pca,daily_rank,original,original,fixed504,union,raw,21,f_cumret21,3020813
ld3_group_ridge_characteristics_textcore_pca_raw_daily_rank_original_original_fixed504_union,group_ridge,characteristics_textcore,504,ew_spread_bp,228.08652620951935,100.23942678551417,2.275417303588179,0.022880908332132834,31.62085987897197,424.5521925400667,2266,2266,0,20,pca,daily_rank,original,original,fixed504,union,raw,21,f_cumret21,3020813
ld3_group_ridge_characteristics_textcore_pca_raw_daily_rank_original_original_fixed504_union,group_ridge,characteristics_textcore,504,cap_spread_bp,169.76244313447452,98.26919734097152,1.7275244708210844,0.08407351425188064,-22.84164444348889,362.3665307124379,2266,2266,0,20,pca,daily_rank,original,original,fixed504,union,raw,21,f_cumret21,3020813
ld3_group_ridge_characteristics_textcore_pca_raw_daily_rank_original_expanded_fixed504_union,group_ridge,characteristics_textcore,504,rank_ic,0.13376987981184466,0.013900945920072646,9.623077492782993,6.389044564209721e-22,0.10652452645746327,0.16101523316622604,2266,2266,0,20,pca,daily_rank,original,expanded,fixed504,union,raw,21,f_cumret21,3020813
ld3_group_ridge_characteristics_textcore_pca_raw_daily_rank_original_expanded_fixed504_union,group_ridge,characteristics_textcore,504,ew_spread_bp,229.50911360410706,99.93946163622591,2.2964813882979227,0.02164837212785127,33.631368162781854,425.3868590454323,2266,2266,0,20,pca,daily_rank,original,expanded,fixed504,union,raw,21,f_cumret21,3020813
ld3_group_ridge_characteristics_textcore_pca_raw_daily_rank_original_expanded_fixed504_union,group_ridge,characteristics_textcore,504,cap_spread_bp,170.76433240956885,98.35016761825973,1.736289185315681,0.08251271448441327,-21.9984539956977,363.5271188148354,2266,2266,0,20,pca,daily_rank,original,expanded,fixed504,union,raw,21,f_cumret21,3020813
ld3_group_ridge_characteristics_textcore_pca_raw_daily_rank_expanded_original_fixed504_union,group_ridge,characteristics_textcore,504,rank_ic,0.13379474787355636,0.013877157613199301,9.64136544405153,5.347191120055542e-22,0.1065960187438999,0.16099347700321281,2266,2266,0,20,pca,daily_rank,expanded,original,fixed504,union,raw,21,f_cumret21,3020813
ld3_group_ridge_characteristics_textcore_pca_raw_daily_rank_expanded_original_fixed504_union,group_ridge,characteristics_textcore,504,ew_spread_bp,223.21389618441432,99.72716498666679,2.2382456797429,0.025205038288089177,27.75224453026351,418.67554783856514,2266,2266,0,20,pca,daily_rank,expanded,original,fixed504,union,raw,21,f_cumret21,3020813
ld3_group_ridge_characteristics_textcore_pca_raw_daily_rank_expanded_original_fixed504_union,group_ridge,characteristics_textcore,504,cap_spread_bp,154.15627959983485,96.92509623504495,1.5904681613728124,0.11172931679700793,-35.81341821893204,344.12597741860174,2266,2266,0,20,pca,daily_rank,expanded,original,fixed504,union,raw,21,f_cumret21,3020813
ld3_group_ridge_characteristics_textcore_pca_raw_daily_rank_expanded_expanded_fixed504_union,group_ridge,characteristics_textcore,504,rank_ic,0.13369711900620196,0.013890356849714906,9.625175253071058,6.260012166456935e-22,0.1064725198483515,0.16092171816405243,2266,2266,0,20,pca,daily_rank,expanded,expanded,fixed504,union,raw,21,f_cumret21,3020813
ld3_group_ridge_characteristics_textcore_pca_raw_daily_rank_expanded_expanded_fixed504_union,group_ridge,characteristics_textcore,504,ew_spread_bp,224.28368824092692,99.59097427349387,2.252048339491142,0.024319217408587748,29.08896547962385,419.47841100223,2266,2266,0,20,pca,daily_rank,expanded,expanded,fixed504,union,raw,21,f_cumret21,3020813
ld3_group_ridge_characteristics_textcore_pca_raw_daily_rank_expanded_expanded_fixed504_union,group_ridge,characteristics_textcore,504,cap_spread_bp,156.74722051373178,97.43601744938297,1.6087194922058505,0.10767769163441028,-34.22386448407511,347.7183055115387,2266,2266,0,20,pca,daily_rank,expanded,expanded,fixed504,union,raw,21,f_cumret21,3020813
ld3_enet_characteristics_textcore_pca_raw_daily_rank_expanded_original_fixed504_union,enet,characteristics_textcore,504,rank_ic,0.160900458064506,0.01922678047739387,8.368559585609601,5.832680817342134e-17,0.1232166607901562,0.19858425533885582,2266,2266,0,41,pca,daily_rank,expanded,original,fixed504,union,raw,42,f_cumret42,3007314
ld3_enet_characteristics_textcore_pca_raw_daily_rank_expanded_original_fixed504_union,enet,characteristics_textcore,504,ew_spread_bp,359.76921674604387,221.5014226860645,1.6242298238235122,0.10432676802165375,-74.36559424302584,793.9040277351136,2266,2266,0,41,pca,daily_rank,expanded,original,fixed504,union,raw,42,f_cumret42,3007314
ld3_enet_characteristics_textcore_pca_raw_daily_rank_expanded_original_fixed504_union,enet,characteristics_textcore,504,cap_spread_bp,292.82711936593887,191.5046691921132,1.5290860562369957,0.12624311159800186,-82.51513512186023,668.169373853738,2266,2266,0,41,pca,daily_rank,expanded,original,fixed504,union,raw,42,f_cumret42,3007314
ld3_enet_characteristics_textcore_pca_raw_daily_rank_expanded_expanded_fixed504_union,enet,characteristics_textcore,504,rank_ic,0.16118614084163513,0.01922187454833271,8.385557841215663,5.0485763398477646e-17,0.1235119590115559,0.19886032267171436,2266,2266,0,41,pca,daily_rank,expanded,expanded,fixed504,union,raw,42,f_cumret42,3007314
ld3_enet_characteristics_textcore_pca_raw_daily_rank_expanded_expanded_fixed504_union,enet,characteristics_textcore,504,ew_spread_bp,365.7534972768406,220.1706352709556,1.661227424023743,0.09666777973147782,-65.77301830753646,797.2800128612178,2266,2266,0,41,pca,daily_rank,expanded,expanded,fixed504,union,raw,42,f_cumret42,3007314
ld3_enet_characteristics_textcore_pca_raw_daily_rank_expanded_expanded_fixed504_union,enet,characteristics_textcore,504,cap_spread_bp,289.78438354548064,190.607913819569,1.5203166423603633,0.12843141329285765,-83.80026270918904,663.3690298001503,2266,2266,0,41,pca,daily_rank,expanded,expanded,fixed504,union,raw,42,f_cumret42,3007314
ld3_group_ridge_characteristics_textcore_pca_raw_daily_rank_original_original_fixed504_union,group_ridge,characteristics_textcore,504,rank_ic,0.16138714587756653,0.019373453874329247,8.330323902203737,8.062147298589477e-17,0.12341587402773324,0.19935841772739982,2266,2266,0,41,pca,daily_rank,original,original,fixed504,union,raw,42,f_cumret42,3007314
ld3_group_ridge_characteristics_textcore_pca_raw_daily_rank_original_original_fixed504_union,group_ridge,characteristics_textcore,504,ew_spread_bp,365.83910898642256,226.09468576681945,1.6180792031694506,0.10564552977604699,-77.29833221244434,808.9765501852894,2266,2266,0,41,pca,daily_rank,original,original,fixed504,union,raw,42,f_cumret42,3007314
ld3_group_ridge_characteristics_textcore_pca_raw_daily_rank_original_original_fixed504_union,group_ridge,characteristics_textcore,504,cap_spread_bp,311.64693834988225,204.2862802039966,1.5255402273646435,0.1271244078656753,-88.7468133856089,712.0406900853734,2266,2266,0,41,pca,daily_rank,original,original,fixed504,union,raw,42,f_cumret42,3007314
ld3_group_ridge_characteristics_textcore_pca_raw_daily_rank_original_expanded_fixed504_union,group_ridge,characteristics_textcore,504,rank_ic,0.16105829410961198,0.019353831546366915,8.321778234131923,8.665332581121199e-17,0.12312548131587768,0.19899110690334626,2266,2266,0,41,pca,daily_rank,original,expanded,fixed504,union,raw,42,f_cumret42,3007314
ld3_group_ridge_characteristics_textcore_pca_raw_daily_rank_original_expanded_fixed504_union,group_ridge,characteristics_textcore,504,ew_spread_bp,366.30970369903724,225.57449621605278,1.6238968050190825,0.10439783457353499,-75.80818471519291,808.4275921132673,2266,2266,0,41,pca,daily_rank,original,expanded,fixed504,union,raw,42,f_cumret42,3007314
ld3_group_ridge_characteristics_textcore_pca_raw_daily_rank_original_expanded_fixed504_union,group_ridge,characteristics_textcore,504,cap_spread_bp,302.6803136737557,204.17110873176145,1.4824835676012071,0.1382116727637525,-97.48770612410812,702.8483334716195,2266,2266,0,41,pca,daily_rank,original,expanded,fixed504,union,raw,42,f_cumret42,3007314
ld3_group_ridge_characteristics_textcore_pca_raw_daily_rank_expanded_original_fixed504_union,group_ridge,characteristics_textcore,504,rank_ic,0.16128563383137334,0.01930930213655814,8.352742770854086,6.669579369773147e-17,0.12344009707711706,0.19913117058562962,2266,2266,0,41,pca,daily_rank,expanded,original,fixed504,union,raw,42,f_cumret42,3007314
ld3_group_ridge_characteristics_textcore_pca_raw_daily_rank_expanded_original_fixed504_union,group_ridge,characteristics_textcore,504,ew_spread_bp,359.70856414062325,225.58872579722072,1.5945325408857596,0.11081680830708622,-82.43721374021112,801.8543420214576,2266,2266,0,41,pca,daily_rank,expanded,original,fixed504,union,raw,42,f_cumret42,3007314
ld3_group_ridge_characteristics_textcore_pca_raw_daily_rank_expanded_original_fixed504_union,group_ridge,characteristics_textcore,504,cap_spread_bp,290.71094563367484,202.52034025192282,1.4354654217549128,0.15115451495312754,-106.22162739689128,687.6435186642409,2266,2266,0,41,pca,daily_rank,expanded,original,fixed504,union,raw,42,f_cumret42,3007314
ld3_group_ridge_characteristics_textcore_pca_raw_daily_rank_expanded_expanded_fixed504_union,group_ridge,characteristics_textcore,504,rank_ic,0.1611359031721033,0.019308068980625637,8.345521415621233,7.090037036158942e-17,0.12329278335906205,0.19897902298514455,2266,2266,0,41,pca,daily_rank,expanded,expanded,fixed504,union,raw,42,f_cumret42,3007314
ld3_group_ridge_characteristics_textcore_pca_raw_daily_rank_expanded_expanded_fixed504_union,group_ridge,characteristics_textcore,504,ew_spread_bp,360.468443784319,225.4623389917986,1.5987967010199047,0.10986578232276682,-81.42962050976695,802.3665080784049,2266,2266,0,41,pca,daily_rank,expanded,expanded,fixed504,union,raw,42,f_cumret42,3007314
ld3_group_ridge_characteristics_textcore_pca_raw_daily_rank_expanded_expanded_fixed504_union,group_ridge,characteristics_textcore,504,cap_spread_bp,289.12415480665857,202.74739447232034,1.4260314198322812,0.15385927282502715,-108.25343631842452,686.5017459317417,2266,2266,0,41,pca,daily_rank,expanded,expanded,fixed504,union,raw,42,f_cumret42,3007314
ld3_enet_characteristics_textcore_pca_raw_daily_rank_expanded_original_fixed504_union,enet,characteristics_textcore,504,rank_ic,0.18651895158611703,0.022813456708097563,8.175830343146233,2.93835208512359e-16,0.14180539807538212,0.23123250509685195,2266,2266,0,62,pca,daily_rank,expanded,original,fixed504,union,raw,63,f_cumret63,2993214
ld3_enet_characteristics_textcore_pca_raw_daily_rank_expanded_original_fixed504_union,enet,characteristics_textcore,504,ew_spread_bp,509.8914067896229,340.9781064136227,1.4953787272520669,0.13481562912672068,-158.41340129774358,1178.1962148769894,2266,2266,0,62,pca,daily_rank,expanded,original,fixed504,union,raw,63,f_cumret63,2993214
ld3_enet_characteristics_textcore_pca_raw_daily_rank_expanded_original_fixed504_union,enet,characteristics_textcore,504,cap_spread_bp,417.55045348282783,286.16909584018333,1.4591039338364369,0.14453650368267618,-143.33066785232245,978.4315748179781,2266,2266,0,62,pca,daily_rank,expanded,original,fixed504,union,raw,63,f_cumret63,2993214
ld3_enet_characteristics_textcore_pca_raw_daily_rank_expanded_expanded_fixed504_union,enet,characteristics_textcore,504,rank_ic,0.18627841977356654,0.022771811046899723,8.180219807283509,2.8332656594195266e-16,0.14164649025889176,0.23091034928824133,2266,2266,0,62,pca,daily_rank,expanded,expanded,fixed504,union,raw,63,f_cumret63,2993214
ld3_enet_characteristics_textcore_pca_raw_daily_rank_expanded_expanded_fixed504_union,enet,characteristics_textcore,504,ew_spread_bp,512.0788029392351,339.61690334174904,1.5078130620134105,0.1316023781370165,-153.55809615161377,1177.7157020300838,2266,2266,0,62,pca,daily_rank,expanded,expanded,fixed504,union,raw,63,f_cumret63,2993214
ld3_enet_characteristics_textcore_pca_raw_daily_rank_expanded_expanded_fixed504_union,enet,characteristics_textcore,504,cap_spread_bp,419.7689862148387,283.82278971201436,1.4789826660528722,0.1391449476412572,-136.51345961239474,976.0514320420722,2266,2266,0,62,pca,daily_rank,expanded,expanded,fixed504,union,raw,63,f_cumret63,2993214
ld3_group_ridge_characteristics_textcore_pca_raw_daily_rank_original_original_fixed504_union,group_ridge,characteristics_textcore,504,rank_ic,0.18674458167710645,0.023049838650036736,8.101773921823476,5.416352802229975e-16,0.1415677280735751,0.2319214352806378,2266,2266,0,62,pca,daily_rank,original,original,fixed504,union,raw,63,f_cumret63,2993214
ld3_group_ridge_characteristics_textcore_pca_raw_daily_rank_original_original_fixed504_union,group_ridge,characteristics_textcore,504,ew_spread_bp,518.6196342847618,344.5470954462263,1.5052213213786998,0.13226718526597533,-156.68026376772627,1193.9195323372498,2266,2266,0,62,pca,daily_rank,original,original,fixed504,union,raw,63,f_cumret63,2993214
ld3_group_ridge_characteristics_textcore_pca_raw_daily_rank_original_original_fixed504_union,group_ridge,characteristics_textcore,504,cap_spread_bp,442.6186777535315,300.49622040625127,1.4729592177736544,0.1407620327572611,-146.34309173313108,1031.580447240194,2266,2266,0,62,pca,daily_rank,original,original,fixed504,union,raw,63,f_cumret63,2993214
ld3_group_ridge_characteristics_textcore_pca_raw_daily_rank_original_expanded_fixed504_union,group_ridge,characteristics_textcore,504,rank_ic,0.18601328945591877,0.02295463408976409,8.1035179532165,5.339234390095443e-16,0.14102303336168578,0.23100354555015176,2266,2266,0,62,pca,daily_rank,original,expanded,fixed504,union,raw,63,f_cumret63,2993214
ld3_group_ridge_characteristics_textcore_pca_raw_daily_rank_original_expanded_fixed504_union,group_ridge,characteristics_textcore,504,ew_spread_bp,513.6798422663933,343.19219593606994,1.4967701723674447,0.13445307002328252,-158.96450154351726,1186.3241860763037,2266,2266,0,62,pca,daily_rank,original,expanded,fixed504,union,raw,63,f_cumret63,2993214
ld3_group_ridge_characteristics_textcore_pca_raw_daily_rank_original_expanded_fixed504_union,group_ridge,characteristics_textcore,504,cap_spread_bp,426.6606262391713,298.4528715240032,1.4295745390570211,0.1528391673868904,-158.29625303043497,1011.6175055087775,2266,2266,0,62,pca,daily_rank,original,expanded,fixed504,union,raw,63,f_cumret63,2993214
ld3_group_ridge_characteristics_textcore_pca_raw_daily_rank_expanded_original_fixed504_union,group_ridge,characteristics_textcore,504,rank_ic,0.18652209439243547,0.022973405132516604,8.11904431739776,4.6986892977422345e-16,0.1414950477304553,0.23154914105441565,2266,2266,0,62,pca,daily_rank,expanded,original,fixed504,union,raw,63,f_cumret63,2993214
ld3_group_ridge_characteristics_textcore_pca_raw_daily_rank_expanded_original_fixed504_union,group_ridge,characteristics_textcore,504,ew_spread_bp,507.35337009408084,344.4293087700468,1.4730261251745214,0.1407439914400285,-167.71567031523665,1182.4224105033984,2266,2266,0,62,pca,daily_rank,expanded,original,fixed504,union,raw,63,f_cumret63,2993214
ld3_group_ridge_characteristics_textcore_pca_raw_daily_rank_expanded_original_fixed504_union,group_ridge,characteristics_textcore,504,cap_spread_bp,410.2239807597548,298.76676601327614,1.3730576068876612,0.16973443871417315,-175.34812040377187,995.7960819232815,2266,2266,0,62,pca,daily_rank,expanded,original,fixed504,union,raw,63,f_cumret63,2993214
ld3_group_ridge_characteristics_textcore_pca_raw_daily_rank_expanded_expanded_fixed504_union,group_ridge,characteristics_textcore,504,rank_ic,0.1860255217117022,0.022900052357914598,8.123366654548676,4.534268712689415e-16,0.14114224384610805,0.23090879957729635,2266,2266,0,62,pca,daily_rank,expanded,expanded,fixed504,union,raw,63,f_cumret63,2993214
ld3_group_ridge_characteristics_textcore_pca_raw_daily_rank_expanded_expanded_fixed504_union,group_ridge,characteristics_textcore,504,ew_spread_bp,505.41058064870884,343.4112540055267,1.4717356369473407,0.14109228019639075,-167.66310908785982,1178.4842703852776,2266,2266,0,62,pca,daily_rank,expanded,expanded,fixed504,union,raw,63,f_cumret63,2993214
ld3_group_ridge_characteristics_textcore_pca_raw_daily_rank_expanded_expanded_fixed504_union,group_ridge,characteristics_textcore,504,cap_spread_bp,405.4958580321902,297.18113894805015,1.3644737329816694,0.17241851573598732,-176.96847119058157,987.960187254962,2266,2266,0,62,pca,daily_rank,expanded,expanded,fixed504,union,raw,63,f_cumret63,2993214
ld3_ols_characteristics_full_dgtw_standard_original_none_fixed504_union,ols,characteristics,504,rank_ic,0.06979802411488369,0.0024994567876631857,27.92527738802793,1.31638640659614e-171,0.06489917883014966,0.07469686939961771,2266,2266,0,5,full,standard,original,none,fixed504,union,dgtw,3,ar_dgtw_3,2747782
ld3_ols_characteristics_full_dgtw_standard_original_none_fixed504_union,ols,characteristics,504,ew_spread_bp,42.65825613618814,8.824292616262452,4.834184222038654,1.3369273788872715e-06,25.36296041927101,59.95355185310528,2266,2266,0,5,full,standard,original,none,fixed504,union,dgtw,3,ar_dgtw_3,2747782
ld3_ols_characteristics_full_dgtw_standard_original_none_fixed504_union,ols,characteristics,504,cap_spread_bp,19.252781343992808,9.42927937199378,2.0418083487033103,0.04117054579285448,0.77173337471854,37.73382931326708,2266,2266,0,5,full,standard,original,none,fixed504,union,dgtw,3,ar_dgtw_3,2747782
ld3_ridge_characteristics_full_dgtw_standard_original_none_fixed504_union,ridge,characteristics,504,rank_ic,0.07064447502489879,0.0025421774054281364,27.78896345866992,5.897329772824976e-170,0.06566189886794817,0.07562705118184941,2266,2266,0,5,full,standard,original,none,fixed504,union,dgtw,3,ar_dgtw_3,2747782
ld3_ridge_characteristics_full_dgtw_standard_original_none_fixed504_union,ridge,characteristics,504,ew_spread_bp,32.90491223910329,8.953619911380175,3.6750401027500277,0.00023781205756614253,15.356139681537435,50.453684796669144,2266,2266,0,5,full,standard,original,none,fixed504,union,dgtw,3,ar_dgtw_3,2747782
ld3_ridge_characteristics_full_dgtw_standard_original_none_fixed504_union,ridge,characteristics,504,cap_spread_bp,20.36235247985859,9.134283386364304,2.2292227664247415,0.02579908647344122,2.4594860180019893,38.26521894171519,2266,2266,0,5,full,standard,original,none,fixed504,union,dgtw,3,ar_dgtw_3,2747782
ld3_ridge_characteristics_full_dgtw_standard_expanded_none_fixed504_union,ridge,characteristics,504,rank_ic,0.07071811919950088,0.0025477772343440283,27.756790604068865,1.442824646098501e-169,0.06572456757955553,0.07571167081944624,2266,2266,0,5,full,standard,expanded,none,fixed504,union,dgtw,3,ar_dgtw_3,2747782
ld3_ridge_characteristics_full_dgtw_standard_expanded_none_fixed504_union,ridge,characteristics,504,ew_spread_bp,32.816184338818786,8.974181865236028,3.6567327062917387,0.0002554505082190396,15.227111092243685,50.40525758539388,2266,2266,0,5,full,standard,expanded,none,fixed504,union,dgtw,3,ar_dgtw_3,2747782
ld3_ridge_characteristics_full_dgtw_standard_expanded_none_fixed504_union,ridge,characteristics,504,cap_spread_bp,21.70765693916325,9.108613055178022,2.383201131463476,0.01716281429800693,3.85510340190298,39.56021047642352,2266,2266,0,5,full,standard,expanded,none,fixed504,union,dgtw,3,ar_dgtw_3,2747782
ld3_lasso_characteristics_full_dgtw_standard_original_none_fixed504_union,lasso,characteristics,504,rank_ic,0.07055162688834869,0.0025498588098512016,27.6688366492205,1.6563804555624385e-168,0.06555399545537817,0.07554925832131922,2266,2266,0,5,full,standard,original,none,fixed504,union,dgtw,3,ar_dgtw_3,2747782
ld3_lasso_characteristics_full_dgtw_standard_original_none_fixed504_union,lasso,characteristics,504,ew_spread_bp,36.9780988214162,8.325458515087089,4.441569044444321,8.930528176576986e-06,20.660499977063186,53.29569766576921,2266,2266,0,5,full,standard,original,none,fixed504,union,dgtw,3,ar_dgtw_3,2747782
ld3_lasso_characteristics_full_dgtw_standard_original_none_fixed504_union,lasso,characteristics,504,cap_spread_bp,17.573231318192658,9.566431733357831,1.8369682456328393,0.0662145832816991,-1.1766303397497708,36.32309297613509,2266,2266,0,5,full,standard,original,none,fixed504,union,dgtw,3,ar_dgtw_3,2747782
ld3_lasso_characteristics_full_dgtw_standard_expanded_none_fixed504_union,lasso,characteristics,504,rank_ic,0.07022574715038928,0.002555798649766772,27.47702646951382,3.304125562616689e-166,0.0652164738451103,0.07523502045566825,2266,2266,0,5,full,standard,expanded,none,fixed504,union,dgtw,3,ar_dgtw_3,2747782
ld3_lasso_characteristics_full_dgtw_standard_expanded_none_fixed504_union,lasso,characteristics,504,ew_spread_bp,33.68247873275698,8.872201239827923,3.7964060803258164,0.00014680894561722423,16.29328383910263,51.071673626411325,2266,2266,0,5,full,standard,expanded,none,fixed504,union,dgtw,3,ar_dgtw_3,2747782
ld3_lasso_characteristics_full_dgtw_standard_expanded_none_fixed504_union,lasso,characteristics,504,cap_spread_bp,17.182536653239314,9.541151892799341,1.8008870256228586,0.07172068837245431,-1.5177774276735612,35.882850734152186,2266,2266,0,5,full,standard,expanded,none,fixed504,union,dgtw,3,ar_dgtw_3,2747782
ld3_enet_characteristics_full_dgtw_standard_original_none_fixed504_union,enet,characteristics,504,rank_ic,0.07067948153424748,0.0025532661691160456,27.681987248010692,1.1505183667127865e-168,0.06567517179983548,0.07568379126865948,2266,2266,0,5,full,standard,original,none,fixed504,union,dgtw,3,ar_dgtw_3,2747782
ld3_enet_characteristics_full_dgtw_standard_original_none_fixed504_union,enet,characteristics,504,ew_spread_bp,38.01756635628585,8.33927013675291,4.558860155966704,5.14320031287969e-06,21.672897230899732,54.36223548167196,2266,2266,0,5,full,standard,original,none,fixed504,union,dgtw,3,ar_dgtw_3,2747782
ld3_enet_characteristics_full_dgtw_standard_original_none_fixed504_union,enet,characteristics,504,cap_spread_bp,18.9487578780147,9.691179206272494,1.9552582275798134,0.05055259897774878,-0.04560433400285646,37.94312009003225,2266,2266,0,5,full,standard,original,none,fixed504,union,dgtw,3,ar_dgtw_3,2747782
ld3_enet_characteristics_full_dgtw_standard_expanded_none_fixed504_union,enet,characteristics,504,rank_ic,0.07050201991100545,0.0025705468913724498,27.426856186764002,1.3121685805856292e-165,0.06546384058334405,0.07554019923866685,2266,2266,0,5,full,standard,expanded,none,fixed504,union,dgtw,3,ar_dgtw_3,2747782
ld3_enet_characteristics_full_dgtw_standard_expanded_none_fixed504_union,enet,characteristics,504,ew_spread_bp,32.12008036319828,9.18334548219511,3.497644777219093,0.00046938586815127516,14.121053960507247,50.119106765889306,2266,2266,0,5,full,standard,expanded,none,fixed504,union,dgtw,3,ar_dgtw_3,2747782
ld3_enet_characteristics_full_dgtw_standard_expanded_none_fixed504_union,enet,characteristics,504,cap_spread_bp,18.967597556686943,9.469739798742612,2.002969243062566,0.04518058989054542,0.4072486081858422,37.52794650518804,2266,2266,0,5,full,standard,expanded,none,fixed504,union,dgtw,3,ar_dgtw_3,2747782
ld3_ols_characteristics_core_full_dgtw_standard_original_none_fixed504_union,ols,characteristics_core,504,rank_ic,0.07118891972486877,0.0025521529784609106,27.893672646456963,3.1838516356792154e-171,0.06618679180404875,0.07619104764568878,2266,2266,0,5,full,standard,original,none,fixed504,union,dgtw,3,ar_dgtw_3,2747782
ld3_ols_characteristics_core_full_dgtw_standard_original_none_fixed504_union,ols,characteristics_core,504,ew_spread_bp,47.02214736345486,8.971963478212288,5.241009671700567,1.5970034378468053e-07,29.437422075550064,64.60687265135967,2266,2266,0,5,full,standard,original,none,fixed504,union,dgtw,3,ar_dgtw_3,2747782
ld3_ols_characteristics_core_full_dgtw_standard_original_none_fixed504_union,ols,characteristics_core,504,cap_spread_bp,22.418149703945843,9.739989867447091,2.301660474911949,0.021354326823100084,3.32812035396449,41.50817905392719,2266,2266,0,5,full,standard,original,none,fixed504,union,dgtw,3,ar_dgtw_3,2747782
ld3_ols_characteristics_full_dgtw_standard_original_none_fixed504_union,ols,characteristics,504,rank_ic,0.07520667592160796,0.003006388294082294,25.01562292191034,4.133663998962828e-138,0.06931426314166385,0.08109908870155207,2266,2266,0,5,full,standard,original,none,fixed504,union,dgtw,5,ar_dgtw_5,2746618
ld3_ols_characteristics_full_dgtw_standard_original_none_fixed504_union,ols,characteristics,504,ew_spread_bp,55.14885066444532,13.358977153488466,4.128224042215998,3.655758305337234e-05,28.965736573314516,81.33196475557612,2266,2266,0,5,full,standard,original,none,fixed504,union,dgtw,5,ar_dgtw_5,2746618
ld3_ols_characteristics_full_dgtw_standard_original_none_fixed504_union,ols,characteristics,504,cap_spread_bp,24.68654886314325,14.154550732610616,1.7440715236738673,0.08114661882745239,-3.0558607901185937,52.428958516405096,2266,2266,0,5,full,standard,original,none,fixed504,union,dgtw,5,ar_dgtw_5,2746618
ld3_ridge_characteristics_full_dgtw_standard_original_none_fixed504_union,ridge,characteristics,504,rank_ic,0.07631235592513741,0.00308111311461158,24.767787837207564,1.9944564236152808e-135,0.07027348518820468,0.08235122666207013,2266,2266,0,5,full,standard,original,none,fixed504,union,dgtw,5,ar_dgtw_5,2746618
ld3_ridge_characteristics_full_dgtw_standard_original_none_fixed504_union,ridge,characteristics,504,ew_spread_bp,42.98978553339465,13.519806307922899,3.179763419258581,0.0014739533498149746,16.491452091908332,69.48811897488098,2266,2266,0,5,full,standard,original,none,fixed504,union,dgtw,5,ar_dgtw_5,2746618
ld3_ridge_characteristics_full_dgtw_standard_original_none_fixed504_union,ridge,characteristics,504,cap_spread_bp,28.072892292716507,13.862254919986972,2.025131730353642,0.042853839498755285,0.9033719050288731,55.24241268040414,2266,2266,0,5,full,standard,original,none,fixed504,union,dgtw,5,ar_dgtw_5,2746618
ld3_ridge_characteristics_full_dgtw_standard_expanded_none_fixed504_union,ridge,characteristics,504,rank_ic,0.07635108069379477,0.003085821948518865,24.742542495182466,3.72974794026846e-135,0.07030298081199458,0.08239918057559496,2266,2266,0,5,full,standard,expanded,none,fixed504,union,dgtw,5,ar_dgtw_5,2746618
ld3_ridge_characteristics_full_dgtw_standard_expanded_none_fixed504_union,ridge,characteristics,504,ew_spread_bp,42.56482991159838,13.58165671210971,3.1339939459408233,0.0017244441378061917,15.945271905476663,69.1843879177201,2266,2266,0,5,full,standard,expanded,none,fixed504,union,dgtw,5,ar_dgtw_5,2746618
ld3_ridge_characteristics_full_dgtw_standard_expanded_none_fixed504_union,ridge,characteristics,504,cap_spread_bp,31.67433726629474,13.75798021422456,2.3022519856182244,0.021320965833194913,4.709191546399943,58.639482986189535,2266,2266,0,5,full,standard,expanded,none,fixed504,union,dgtw,5,ar_dgtw_5,2746618
ld3_lasso_characteristics_full_dgtw_standard_original_none_fixed504_union,lasso,characteristics,504,rank_ic,0.07602291437571503,0.0030846406400363287,24.645630803470087,4.0992867785067543e-134,0.06997712981599524,0.08206869893543481,2266,2266,0,5,full,standard,original,none,fixed504,union,dgtw,5,ar_dgtw_5,2746618
ld3_lasso_characteristics_full_dgtw_standard_original_none_fixed504_union,lasso,characteristics,504,ew_spread_bp,46.771772761342035,12.727476863010358,3.6748660606309187,0.0002379742236792728,21.826376495774905,71.71716902690916,2266,2266,0,5,full,standard,original,none,fixed504,union,dgtw,5,ar_dgtw_5,2746618
ld3_lasso_characteristics_full_dgtw_standard_original_none_fixed504_union,lasso,characteristics,504,cap_spread_bp,26.212411397857498,13.816443734807068,1.8971894577923765,0.05780293772067476,-0.8673207167884307,53.29214351250343,2266,2266,0,5,full,standard,original,none,fixed504,union,dgtw,5,ar_dgtw_5,2746618
ld3_lasso_characteristics_full_dgtw_standard_expanded_none_fixed504_union,lasso,characteristics,504,rank_ic,0.075681929406485,0.003104512314353675,24.378041297040607,2.924281023110225e-131,0.06959719708079071,0.08176666173217928,2266,2266,0,5,full,standard,expanded,none,fixed504,union,dgtw,5,ar_dgtw_5,2746618
ld3_lasso_characteristics_full_dgtw_standard_expanded_none_fixed504_union,lasso,characteristics,504,ew_spread_bp,41.94645494836679,13.513400921340704,3.104063528680178,0.0019088233950111824,15.46067583388863,68.43223406284496,2266,2266,0,5,full,standard,expanded,none,fixed504,union,dgtw,5,ar_dgtw_5,2746618
ld3_lasso_characteristics_full_dgtw_standard_expanded_none_fixed504_union,lasso,characteristics,504,cap_spread_bp,21.20448973780093,14.102083225766568,1.503642362502671,0.1326734772870021,-6.435085491687971,48.84406496728983,2266,2266,0,5,full,standard,expanded,none,fixed504,union,dgtw,5,ar_dgtw_5,2746618
ld3_enet_characteristics_full_dgtw_standard_original_none_fixed504_union,enet,characteristics,504,rank_ic,0.07633100667302446,0.0030910878793204122,24.693897311585374,1.2437605689872024e-134,0.07027258575650816,0.08238942758954076,2266,2266,0,5,full,standard,original,none,fixed504,union,dgtw,5,ar_dgtw_5,2746618
ld3_enet_characteristics_full_dgtw_standard_original_none_fixed504_union,enet,characteristics,504,ew_spread_bp,48.0629564359733,12.754561117547745,3.7682955919077616,0.00016436599971303225,23.064476006964775,73.06143686498183,2266,2266,0,5,full,standard,original,none,fixed504,union,dgtw,5,ar_dgtw_5,2746618
ld3_enet_characteristics_full_dgtw_standard_original_none_fixed504_union,enet,characteristics,504,cap_spread_bp,29.068502332106217,13.922583794834518,2.0878669333555067,0.036809839712871426,1.7807395224895686,56.356265141722865,2266,2266,0,5,full,standard,original,none,fixed504,union,dgtw,5,ar_dgtw_5,2746618
ld3_enet_characteristics_full_dgtw_standard_expanded_none_fixed504_union,enet,characteristics,504,rank_ic,0.076225402423702,0.0031231394252735126,24.40666010837043,1.4532453164994325e-131,0.07010416163146879,0.08234664321593521,2266,2266,0,5,full,standard,expanded,none,fixed504,union,dgtw,5,ar_dgtw_5,2746618
ld3_enet_characteristics_full_dgtw_standard_expanded_none_fixed504_union,enet,characteristics,504,ew_spread_bp,40.23232838931406,13.879948906813668,2.8985934068938835,0.0037484063774663266,13.028128424703176,67.43652835392496,2266,2266,0,5,full,standard,expanded,none,fixed504,union,dgtw,5,ar_dgtw_5,2746618
ld3_enet_characteristics_full_dgtw_standard_expanded_none_fixed504_union,enet,characteristics,504,cap_spread_bp,26.48878223451538,14.206633155981024,1.8645362306243225,0.06224643858530636,-1.3557070927800297,54.33327156181079,2266,2266,0,5,full,standard,expanded,none,fixed504,union,dgtw,5,ar_dgtw_5,2746618
ld3_ols_characteristics_core_full_dgtw_standard_original_none_fixed504_union,ols,characteristics_core,504,rank_ic,0.07694740099937629,0.003082596364512605,24.961880149217198,1.586749726274796e-137,0.07090562314605747,0.0829891788526951,2266,2266,0,5,full,standard,original,none,fixed504,union,dgtw,5,ar_dgtw_5,2746618
ld3_ols_characteristics_core_full_dgtw_standard_original_none_fixed504_union,ols,characteristics_core,504,ew_spread_bp,62.547383888554506,13.543776576424115,4.618164183055988,3.871498891022401e-06,36.002069584106046,89.09269819300297,2266,2266,0,5,full,standard,original,none,fixed504,union,dgtw,5,ar_dgtw_5,2746618
ld3_ols_characteristics_core_full_dgtw_standard_original_none_fixed504_union,ols,characteristics_core,504,cap_spread_bp,30.49313203049359,14.229713712693128,2.1429195728156665,0.032119557033889246,2.603405643299322,58.382858417687856,2266,2266,0,5,full,standard,original,none,fixed504,union,dgtw,5,ar_dgtw_5,2746618
ld3_ols_characteristics_full_dgtw_standard_original_none_fixed504_union,ols,characteristics,504,rank_ic,0.08598929372400509,0.004144134306059756,20.749639701171684,1.235135209465605e-95,0.07786693973703107,0.0941116477109791,2266,2266,0,9,full,standard,original,none,fixed504,union,dgtw,10,ar_dgtw_10,2743765
ld3_ols_characteristics_full_dgtw_standard_original_none_fixed504_union,ols,characteristics,504,ew_spread_bp,90.8144493661577,25.454962643744075,3.567652038510324,0.0003601943867439781,40.923639356606834,140.70525937570858,2266,2266,0,9,full,standard,original,none,fixed504,union,dgtw,10,ar_dgtw_10,2743765
ld3_ols_characteristics_full_dgtw_standard_original_none_fixed504_union,ols,characteristics,504,cap_spread_bp,50.75033757007098,23.32979137467764,2.1753446807568046,0.029604296628668335,5.0247867088696125,96.47588843127235,2266,2266,0,9,full,standard,original,none,fixed504,union,dgtw,10,ar_dgtw_10,2743765
ld3_ridge_characteristics_full_dgtw_standard_original_none_fixed504_union,ridge,characteristics,504,rank_ic,0.08743630676419303,0.004240300020012682,20.620311381629907,1.8039377099441601e-94,0.0791254714413237,0.09574714208706236,2266,2266,0,9,full,standard,original,none,fixed504,union,dgtw,10,ar_dgtw_10,2743765
ld3_ridge_characteristics_full_dgtw_standard_original_none_fixed504_union,ridge,characteristics,504,ew_spread_bp,66.24794171895026,26.21073122851959,2.527512152994291,0.011487384819448195,14.875852502592572,117.62003093530794,2266,2266,0,9,full,standard,original,none,fixed504,union,dgtw,10,ar_dgtw_10,2743765
ld3_ridge_characteristics_full_dgtw_standard_original_none_fixed504_union,ridge,characteristics,504,cap_spread_bp,50.415753871002,23.943906947754968,2.105577589363673,0.035241061033452946,3.4865586042238945,97.3449491377801,2266,2266,0,9,full,standard,original,none,fixed504,union,dgtw,10,ar_dgtw_10,2743765
ld3_ridge_characteristics_full_dgtw_standard_expanded_none_fixed504_union,ridge,characteristics,504,rank_ic,0.08739133856568644,0.0042484257300386425,20.5702874709055,5.066483021267718e-94,0.07906457714381741,0.09571809998755547,2266,2266,0,9,full,standard,expanded,none,fixed504,union,dgtw,10,ar_dgtw_10,2743765
ld3_ridge_characteristics_full_dgtw_standard_expanded_none_fixed504_union,ridge,characteristics,504,ew_spread_bp,66.9968861721472,26.279811787547516,2.5493670469852128,0.010791865120145747,15.489401548062894,118.50437079623151,2266,2266,0,9,full,standard,expanded,none,fixed504,union,dgtw,10,ar_dgtw_10,2743765
ld3_ridge_characteristics_full_dgtw_standard_expanded_none_fixed504_union,ridge,characteristics,504,cap_spread_bp,50.99183332238543,24.026087577238318,2.122352761699485,0.03380812588211678,3.9015669815931275,98.08209966317773,2266,2266,0,9,full,standard,expanded,none,fixed504,union,dgtw,10,ar_dgtw_10,2743765
ld3_lasso_characteristics_full_dgtw_standard_original_none_fixed504_union,lasso,characteristics,504,rank_ic,0.08719581792552436,0.004224328206381044,20.641345479219876,1.1676652263513475e-94,0.07891628678214083,0.0954753490689079,2266,2266,0,9,full,standard,original,none,fixed504,union,dgtw,10,ar_dgtw_10,2743765
ld3_lasso_characteristics_full_dgtw_standard_original_none_fixed504_union,lasso,characteristics,504,ew_spread_bp,73.8718059429549,25.512998176470816,2.8954576577786395,0.003786061032468961,23.86724837943602,123.87636350647377,2266,2266,0,9,full,standard,original,none,fixed504,union,dgtw,10,ar_dgtw_10,2743765
ld3_lasso_characteristics_full_dgtw_standard_original_none_fixed504_union,lasso,characteristics,504,cap_spread_bp,53.50855885148279,23.35681741685208,2.2909182315599232,0.021968143320743386,7.730037920974851,99.28707978199073,2266,2266,0,9,full,standard,original,none,fixed504,union,dgtw,10,ar_dgtw_10,2743765
ld3_lasso_characteristics_full_dgtw_standard_expanded_none_fixed504_union,lasso,characteristics,504,rank_ic,0.08700557471400609,0.004256424562621042,20.4410000539113,7.2243615589392456e-93,0.0786631358683572,0.09534801355965498,2266,2266,0,9,full,standard,expanded,none,fixed504,union,dgtw,10,ar_dgtw_10,2743765
ld3_lasso_characteristics_full_dgtw_standard_expanded_none_fixed504_union,lasso,characteristics,504,ew_spread_bp,66.49192996171504,26.88792043014319,2.472929438126909,0.013401059960573681,13.792574299455673,119.19128562397441,2266,2266,0,9,full,standard,expanded,none,fixed504,union,dgtw,10,ar_dgtw_10,2743765
ld3_lasso_characteristics_full_dgtw_standard_expanded_none_fixed504_union,lasso,characteristics,504,cap_spread_bp,43.785841623186435,25.021269292123584,1.7499448613891753,0.08012782860969123,-5.254945036853805,92.82662828322668,2266,2266,0,9,full,standard,expanded,none,fixed504,union,dgtw,10,ar_dgtw_10,2743765
ld3_enet_characteristics_full_dgtw_standard_original_none_fixed504_union,enet,characteristics,504,rank_ic,0.08748989658628373,0.004235979795074366,20.653992893926866,8.987565273928231e-95,0.07918752874869861,0.09579226442386884,2266,2266,0,9,full,standard,original,none,fixed504,union,dgtw,10,ar_dgtw_10,2743765
ld3_enet_characteristics_full_dgtw_standard_original_none_fixed504_union,enet,characteristics,504,ew_spread_bp,74.32254820261646,25.569612458396257,2.906674800939788,0.0036529273945220624,24.207028685513123,124.4380677197198,2266,2266,0,9,full,standard,original,none,fixed504,union,dgtw,10,ar_dgtw_10,2743765
ld3_enet_characteristics_full_dgtw_standard_original_none_fixed504_union,enet,characteristics,504,cap_spread_bp,56.5471397652796,23.295506549006852,2.4273839955495777,0.015208149576434996,10.888785927609206,102.20549360295,2266,2266,0,9,full,standard,original,none,fixed504,union,dgtw,10,ar_dgtw_10,2743765
ld3_enet_characteristics_full_dgtw_standard_expanded_none_fixed504_union,enet,characteristics,504,rank_ic,0.08771847817440669,0.004301174937783053,20.3940735829776,1.887558444202193e-92,0.0792883302051456,0.09614862614366777,2266,2266,0,9,full,standard,expanded,none,fixed504,union,dgtw,10,ar_dgtw_10,2743765
ld3_enet_characteristics_full_dgtw_standard_expanded_none_fixed504_union,enet,characteristics,504,ew_spread_bp,66.80788072779855,27.368161503565734,2.4410803304816184,0.014643397073938823,13.167269857734134,120.44849159786295,2266,2266,0,9,full,standard,expanded,none,fixed504,union,dgtw,10,ar_dgtw_10,2743765
ld3_enet_characteristics_full_dgtw_standard_expanded_none_fixed504_union,enet,characteristics,504,cap_spread_bp,53.83125718199376,25.8118603657431,2.0855241125291903,0.03702175175128425,3.2409404911604156,104.42157387282711,2266,2266,0,9,full,standard,expanded,none,fixed504,union,dgtw,10,ar_dgtw_10,2743765
ld3_ols_characteristics_core_full_dgtw_standard_original_none_fixed504_union,ols,characteristics_core,504,rank_ic,0.08825425067416086,0.004242783285673122,20.801027234215482,4.236384721031962e-96,0.07993854824003302,0.0965699531082887,2266,2266,0,9,full,standard,original,none,fixed504,union,dgtw,10,ar_dgtw_10,2743765
ld3_ols_characteristics_core_full_dgtw_standard_original_none_fixed504_union,ols,characteristics_core,504,ew_spread_bp,100.52096595760581,25.80495435726852,3.895413437508829,9.80313688466719e-05,49.94418479465957,151.09774712055204,2266,2266,0,9,full,standard,original,none,fixed504,union,dgtw,10,ar_dgtw_10,2743765
ld3_ols_characteristics_core_full_dgtw_standard_original_none_fixed504_union,ols,characteristics_core,504,cap_spread_bp,54.50215653965337,23.573598055474307,2.3119999081767992,0.020777688373286793,8.298753364900278,100.70555971440646,2266,2266,0,9,full,standard,original,none,fixed504,union,dgtw,10,ar_dgtw_10,2743765
ld3_ols_characteristics_full_dgtw_standard_original_none_fixed504_union,ols,characteristics,504,rank_ic,0.12176252051425819,0.008576451659093152,14.197307389374709,9.520057694616652e-46,0.10495298414728682,0.13857205688122956,2266,2266,0,41,full,standard,original,none,fixed504,union,dgtw,42,ar_dgtw_42,2724901
ld3_ols_characteristics_full_dgtw_standard_original_none_fixed504_union,ols,characteristics,504,ew_spread_bp,225.0420974266293,107.54096421286943,2.0926174418631307,0.03638331830522576,14.265680706694383,435.8185141465642,2266,2266,0,41,full,standard,original,none,fixed504,union,dgtw,42,ar_dgtw_42,2724901
ld3_ols_characteristics_full_dgtw_standard_original_none_fixed504_union,ols,characteristics,504,cap_spread_bp,97.96485034482225,89.8987625925564,1.089724124333317,0.27583468598990657,-78.23348659130494,274.16318728094944,2266,2266,0,41,full,standard,original,none,fixed504,union,dgtw,42,ar_dgtw_42,2724901
ld3_ridge_characteristics_full_dgtw_standard_original_none_fixed504_union,ridge,characteristics,504,rank_ic,0.1251932747889946,0.008784769690781133,14.251173245938853,4.408125978297946e-46,0.10797544258258453,0.1424111069954047,2266,2266,0,41,full,standard,original,none,fixed504,union,dgtw,42,ar_dgtw_42,2724901
ld3_ridge_characteristics_full_dgtw_standard_original_none_fixed504_union,ridge,characteristics,504,ew_spread_bp,189.2182078059145,115.16265540732695,1.6430517960588458,0.10037221707101923,-36.49644915644325,414.9328647682722,2266,2266,0,41,full,standard,original,none,fixed504,union,dgtw,42,ar_dgtw_42,2724901
ld3_ridge_characteristics_full_dgtw_standard_original_none_fixed504_union,ridge,characteristics,504,cap_spread_bp,137.2293685779612,91.4981305380136,1.499805162914757,0.13366487957479106,-42.10367192928993,316.5624090852123,2266,2266,0,41,full,standard,original,none,fixed504,union,dgtw,42,ar_dgtw_42,2724901
ld3_ridge_characteristics_full_dgtw_standard_expanded_none_fixed504_union,ridge,characteristics,504,rank_ic,0.1253929934413116,0.008813775876164734,14.226932384384124,6.23577323473811e-46,0.10811831015622077,0.14266767672640246,2266,2266,0,41,full,standard,expanded,none,fixed504,union,dgtw,42,ar_dgtw_42,2724901
ld3_ridge_characteristics_full_dgtw_standard_expanded_none_fixed504_union,ridge,characteristics,504,ew_spread_bp,187.4759727496669,115.97645144216467,1.6165003362183203,0.10598618076652182,-39.83369513173426,414.7856406310681,2266,2266,0,41,full,standard,expanded,none,fixed504,union,dgtw,42,ar_dgtw_42,2724901
ld3_ridge_characteristics_full_dgtw_standard_expanded_none_fixed504_union,ridge,characteristics,504,cap_spread_bp,135.7846005993412,90.2376904158582,1.5047437492424858,0.13238997061029964,-41.078022663816085,312.64722386249844,2266,2266,0,41,full,standard,expanded,none,fixed504,union,dgtw,42,ar_dgtw_42,2724901
ld3_lasso_characteristics_full_dgtw_standard_original_none_fixed504_union,lasso,characteristics,504,rank_ic,0.1247328117062058,0.008862649592818867,14.073986610874583,5.488602922183652e-45,0.10736233769668224,0.14210328571572936,2266,2266,0,41,full,standard,original,none,fixed504,union,dgtw,42,ar_dgtw_42,2724901
ld3_lasso_characteristics_full_dgtw_standard_original_none_fixed504_union,lasso,characteristics,504,ew_spread_bp,205.92789028253065,108.14491406172583,1.9041846957776791,0.05688613418640931,-6.0322463896312115,417.8880269546925,2266,2266,0,41,full,standard,original,none,fixed504,union,dgtw,42,ar_dgtw_42,2724901
ld3_lasso_characteristics_full_dgtw_standard_original_none_fixed504_union,lasso,characteristics,504,cap_spread_bp,119.18962179343012,95.67256555976813,1.2458077307331172,0.21283499074299195,-68.32516101226258,306.7044045991228,2266,2266,0,41,full,standard,original,none,fixed504,union,dgtw,42,ar_dgtw_42,2724901
ld3_lasso_characteristics_full_dgtw_standard_expanded_none_fixed504_union,lasso,characteristics,504,rank_ic,0.12478602756587753,0.0088791207614245,14.053872102743851,7.293465996738919e-45,0.10738327065910365,0.14218878447265143,2266,2266,0,41,full,standard,expanded,none,fixed504,union,dgtw,42,ar_dgtw_42,2724901
ld3_lasso_characteristics_full_dgtw_standard_expanded_none_fixed504_union,lasso,characteristics,504,ew_spread_bp,191.59824676002208,113.58839962282768,1.6867765317253125,0.09164632968868054,-31.030925562263235,414.2274190823074,2266,2266,0,41,full,standard,expanded,none,fixed504,union,dgtw,42,ar_dgtw_42,2724901
ld3_lasso_characteristics_full_dgtw_standard_expanded_none_fixed504_union,lasso,characteristics,504,cap_spread_bp,122.83424137801288,96.42058439519974,1.2739420959590049,0.2026839381146993,-66.14663140488335,311.8151141609091,2266,2266,0,41,full,standard,expanded,none,fixed504,union,dgtw,42,ar_dgtw_42,2724901
ld3_enet_characteristics_full_dgtw_standard_original_none_fixed504_union,enet,characteristics,504,rank_ic,0.12517311042404086,0.0088607818162983,14.126644016197373,2.6025452144928863e-45,0.1078062971892288,0.14253992365885293,2266,2266,0,41,full,standard,original,none,fixed504,union,dgtw,42,ar_dgtw_42,2724901
ld3_enet_characteristics_full_dgtw_standard_original_none_fixed504_union,enet,characteristics,504,ew_spread_bp,205.63211951876167,108.20632035348626,1.9003706885790659,0.05738449069372394,-6.448371273674809,417.71261031119815,2266,2266,0,41,full,standard,original,none,fixed504,union,dgtw,42,ar_dgtw_42,2724901
ld3_enet_characteristics_full_dgtw_standard_original_none_fixed504_union,enet,characteristics,504,cap_spread_bp,122.00259474136871,95.08776449030114,1.283052508336263,0.19947368064447313,-64.36599903004819,308.3711885127856,2266,2266,0,41,full,standard,original,none,fixed504,union,dgtw,42,ar_dgtw_42,2724901
ld3_enet_characteristics_full_dgtw_standard_expanded_none_fixed504_union,enet,characteristics,504,rank_ic,0.12585925226302866,0.008923652481445308,14.104006462009156,3.5880697487000406e-45,0.10836921478884437,0.14334928973721295,2266,2266,0,41,full,standard,expanded,none,fixed504,union,dgtw,42,ar_dgtw_42,2724901
ld3_enet_characteristics_full_dgtw_standard_expanded_none_fixed504_union,enet,characteristics,504,ew_spread_bp,193.09812016043972,115.32176632014819,1.6744290893392517,0.09404629979320106,-32.92838846059493,419.12462878147437,2266,2266,0,41,full,standard,expanded,none,fixed504,union,dgtw,42,ar_dgtw_42,2724901
ld3_enet_characteristics_full_dgtw_standard_expanded_none_fixed504_union,enet,characteristics,504,cap_spread_bp,148.7519980534868,97.75304554182988,1.5217121597488619,0.12808121944116566,-42.84045058760344,340.3444466945771,2266,2266,0,41,full,standard,expanded,none,fixed504,union,dgtw,42,ar_dgtw_42,2724901
ld3_ols_characteristics_core_full_dgtw_standard_original_none_fixed504_union,ols,characteristics_core,504,rank_ic,0.1252468905424027,0.008741753438004938,14.32743344120065,1.4747061391877843e-46,0.10811336864218384,0.1423804124426216,2266,2266,0,41,full,standard,original,none,fixed504,union,dgtw,42,ar_dgtw_42,2724901
ld3_ols_characteristics_core_full_dgtw_standard_original_none_fixed504_union,ols,characteristics_core,504,ew_spread_bp,273.1532852228715,110.48580264904844,2.4722930790531215,0.01342494061041737,56.605091227736466,489.7014792180065,2266,2266,0,41,full,standard,original,none,fixed504,union,dgtw,42,ar_dgtw_42,2724901
ld3_ols_characteristics_core_full_dgtw_standard_original_none_fixed504_union,ols,characteristics_core,504,cap_spread_bp,123.15405725788293,92.09126141723416,1.3373044886410428,0.18112326642762755,-57.3414984107591,303.6496129265249,2266,2266,0,41,full,standard,original,none,fixed504,union,dgtw,42,ar_dgtw_42,2724901
ld3_ols_characteristics_full_dgtw_standard_original_none_fixed504_union,ols,characteristics,504,rank_ic,0.13814136112231257,0.009599695580677397,14.390181434541354,5.96392530919786e-47,0.11932630352163655,0.1569564187229886,2266,2266,0,62,full,standard,original,none,fixed504,union,dgtw,63,ar_dgtw_63,2711735
ld3_ols_characteristics_full_dgtw_standard_original_none_fixed504_union,ols,characteristics,504,ew_spread_bp,283.68594097179937,163.31214179266186,1.7370780755050161,0.08237339067086426,-36.39997517991645,603.7718571235152,2266,2266,0,62,full,standard,original,none,fixed504,union,dgtw,63,ar_dgtw_63,2711735
ld3_ols_characteristics_full_dgtw_standard_original_none_fixed504_union,ols,characteristics,504,cap_spread_bp,113.76372429924206,129.56745905600906,0.8780269762800905,0.3799290793731056,-140.18382901890377,367.71127761738785,2266,2266,0,62,full,standard,original,none,fixed504,union,dgtw,63,ar_dgtw_63,2711735
ld3_ridge_characteristics_full_dgtw_standard_original_none_fixed504_union,ridge,characteristics,504,rank_ic,0.14266163566346216,0.00989099970060601,14.423378827392083,3.6883482548599125e-47,0.12327563247917792,0.1620476388477464,2266,2266,0,62,full,standard,original,none,fixed504,union,dgtw,63,ar_dgtw_63,2711735
ld3_ridge_characteristics_full_dgtw_standard_original_none_fixed504_union,ridge,characteristics,504,ew_spread_bp,248.16308892981175,173.256037640027,1.4323488653562462,0.15204400487725414,-91.41250494875715,587.7386828083806,2266,2266,0,62,full,standard,original,none,fixed504,union,dgtw,63,ar_dgtw_63,2711735
ld3_ridge_characteristics_full_dgtw_standard_original_none_fixed504_union,ridge,characteristics,504,cap_spread_bp,185.56738142299497,133.5348817607259,1.3896547402161432,0.16463374465341218,-76.15617750784236,447.2909403538323,2266,2266,0,62,full,standard,original,none,fixed504,union,dgtw,63,ar_dgtw_63,2711735
ld3_ridge_characteristics_full_dgtw_standard_expanded_none_fixed504_union,ridge,characteristics,504,rank_ic,0.14265057381005602,0.009923157146905838,14.375523001219044,7.37111136483475e-47,0.12320154318918934,0.1620996044309227,2266,2266,0,62,full,standard,expanded,none,fixed504,union,dgtw,63,ar_dgtw_63,2711735
ld3_ridge_characteristics_full_dgtw_standard_expanded_none_fixed504_union,ridge,characteristics,504,ew_spread_bp,243.27514867193588,175.07638161086408,1.389537220461037,0.16466945093405272,-99.8682538289483,586.4185511728201,2266,2266,0,62,full,standard,expanded,none,fixed504,union,dgtw,63,ar_dgtw_63,2711735
ld3_ridge_characteristics_full_dgtw_standard_expanded_none_fixed504_union,ridge,characteristics,504,cap_spread_bp,177.27566690788566,132.38598276660176,1.3390818514406093,0.18054402796654956,-82.19609137259405,436.74742518836536,2266,2266,0,62,full,standard,expanded,none,fixed504,union,dgtw,63,ar_dgtw_63,2711735
ld3_lasso_characteristics_full_dgtw_standard_original_none_fixed504_union,lasso,characteristics,504,rank_ic,0.1414425519696609,0.009975084438552162,14.179584427677351,1.2257024394658096e-45,0.12189174572735273,0.16099335821196908,2266,2266,0,62,full,standard,original,none,fixed504,union,dgtw,63,ar_dgtw_63,2711735
ld3_lasso_characteristics_full_dgtw_standard_original_none_fixed504_union,lasso,characteristics,504,ew_spread_bp,263.7231543681185,162.94757871873406,1.6184539619538285,0.1055648007759104,-55.64823128860564,583.0945400248427,2266,2266,0,62,full,standard,original,none,fixed504,union,dgtw,63,ar_dgtw_63,2711735
ld3_lasso_characteristics_full_dgtw_standard_original_none_fixed504_union,lasso,characteristics,504,cap_spread_bp,157.87944376017933,137.2815405649419,1.150041317357547,0.2501268541936983,-111.1874314892813,426.94631900964,2266,2266,0,62,full,standard,original,none,fixed504,union,dgtw,63,ar_dgtw_63,2711735
ld3_lasso_characteristics_full_dgtw_standard_expanded_none_fixed504_union,lasso,characteristics,504,rank_ic,0.1416680074643306,0.009960908496739905,14.222398239146253,6.653313238508995e-46,0.12214498555742136,0.1611910293712398,2266,2266,0,62,full,standard,expanded,none,fixed504,union,dgtw,63,ar_dgtw_63,2711735
ld3_lasso_characteristics_full_dgtw_standard_expanded_none_fixed504_union,lasso,characteristics,504,ew_spread_bp,242.253136900581,171.02663078196272,1.4164644172253096,0.15663957512633941,-92.95289982929529,577.4591736304574,2266,2266,0,62,full,standard,expanded,none,fixed504,union,dgtw,63,ar_dgtw_63,2711735
ld3_lasso_characteristics_full_dgtw_standard_expanded_none_fixed504_union,lasso,characteristics,504,cap_spread_bp,159.7547084268834,137.27262988792455,1.1637768472660153,0.24451445722690646,-109.29470221654529,428.80411907031214,2266,2266,0,62,full,standard,expanded,none,fixed504,union,dgtw,63,ar_dgtw_63,2711735
ld3_enet_characteristics_full_dgtw_standard_original_none_fixed504_union,enet,characteristics,504,rank_ic,0.14191742428076007,0.00997341988851737,14.229564769869251,6.0054363936826236e-46,0.12236988049657055,0.1614649680649496,2266,2266,0,62,full,standard,original,none,fixed504,union,dgtw,63,ar_dgtw_63,2711735
ld3_enet_characteristics_full_dgtw_standard_original_none_fixed504_union,enet,characteristics,504,ew_spread_bp,267.9684815979472,162.57698489888807,1.6482559432665425,0.09930016129274943,-50.67655351898571,586.61351671488,2266,2266,0,62,full,standard,original,none,fixed504,union,dgtw,63,ar_dgtw_63,2711735
ld3_enet_characteristics_full_dgtw_standard_original_none_fixed504_union,enet,characteristics,504,cap_spread_bp,169.50218890659,134.95859965918663,1.2559569329752747,0.20913158498092477,-95.01180582937542,434.0161836425554,2266,2266,0,62,full,standard,original,none,fixed504,union,dgtw,63,ar_dgtw_63,2711735
ld3_enet_characteristics_full_dgtw_standard_expanded_none_fixed504_union,enet,characteristics,504,rank_ic,0.14280318787659496,0.009980748363492697,14.30786376690314,1.9542456516276484e-46,0.12324128054539218,0.16236509520779774,2266,2266,0,62,full,standard,expanded,none,fixed504,union,dgtw,63,ar_dgtw_63,2711735
ld3_enet_characteristics_full_dgtw_standard_expanded_none_fixed504_union,enet,characteristics,504,ew_spread_bp,248.11581149895457,171.69412672756604,1.4451036632875036,0.14842877017820993,-88.39849324413078,584.6301162420399,2266,2266,0,62,full,standard,expanded,none,fixed504,union,dgtw,63,ar_dgtw_63,2711735
ld3_enet_characteristics_full_dgtw_standard_expanded_none_fixed504_union,enet,characteristics,504,cap_spread_bp,186.07770101936535,136.80480997017344,1.3601692883454501,0.17377635883491982,-82.05479943402071,454.2102014727514,2266,2266,0,62,full,standard,expanded,none,fixed504,union,dgtw,63,ar_dgtw_63,2711735
ld3_ols_characteristics_core_full_dgtw_standard_original_none_fixed504_union,ols,characteristics_core,504,rank_ic,0.14205164152256863,0.009839930135761465,14.436244928844298,3.060688954528851e-47,0.12276573284608584,0.16133755019905144,2266,2266,0,62,full,standard,original,none,fixed504,union,dgtw,63,ar_dgtw_63,2711735
ld3_ols_characteristics_core_full_dgtw_standard_original_none_fixed504_union,ols,characteristics_core,504,ew_spread_bp,346.52547866130993,167.06976746707522,2.0741363558167425,0.03806664896586275,19.074751520360905,673.976205802259,2266,2266,0,62,full,standard,original,none,fixed504,union,dgtw,63,ar_dgtw_63,2711735
ld3_ols_characteristics_core_full_dgtw_standard_original_none_fixed504_union,ols,characteristics_core,504,cap_spread_bp,147.1183492922804,134.3234343702814,1.0952545248860153,0.2734051441960238,-116.15074435320076,410.3874429377616,2266,2266,0,62,full,standard,original,none,fixed504,union,dgtw,63,ar_dgtw_63,2711735
ld3_ridge_characteristics_core_full_dgtw_standard_original_none_fixed504_union,ridge,characteristics_core,504,rank_ic,0.07266179664958819,0.0026355660727322263,27.5697116461442,2.5686743522768514e-167,0.06749618206815736,0.07782741123101902,2266,2266,0,5,full,standard,original,none,fixed504,union,dgtw,3,ar_dgtw_3,2747782
ld3_ridge_characteristics_core_full_dgtw_standard_original_none_fixed504_union,ridge,characteristics_core,504,ew_spread_bp,40.53069820135913,9.092814604675558,4.457442493165768,8.294327796289775e-06,22.709109058095226,58.352287344623036,2266,2266,0,5,full,standard,original,none,fixed504,union,dgtw,3,ar_dgtw_3,2747782
ld3_ridge_characteristics_core_full_dgtw_standard_original_none_fixed504_union,ridge,characteristics_core,504,cap_spread_bp,21.00693274032422,9.86460876818469,2.129525177731906,0.033210834076271546,1.6726548331042004,40.341210647544244,2266,2266,0,5,full,standard,original,none,fixed504,union,dgtw,3,ar_dgtw_3,2747782
ld3_ridge_characteristics_core_full_dgtw_standard_expanded_none_fixed504_union,ridge,characteristics_core,504,rank_ic,0.07263510826823935,0.002633578235463424,27.580387508578394,1.9128922596497973e-167,0.0674733897762625,0.07779682676021621,2266,2266,0,5,full,standard,expanded,none,fixed504,union,dgtw,3,ar_dgtw_3,2747782
ld3_ridge_characteristics_core_full_dgtw_standard_expanded_none_fixed504_union,ridge,characteristics_core,504,ew_spread_bp,40.22351566572765,9.085092097998663,4.427419692816148,9.536706100096712e-06,22.417062357420836,58.029968974034475,2266,2266,0,5,full,standard,expanded,none,fixed504,union,dgtw,3,ar_dgtw_3,2747782
ld3_ridge_characteristics_core_full_dgtw_standard_expanded_none_fixed504_union,ridge,characteristics_core,504,cap_spread_bp,22.072658995196687,10.010845827570508,2.204874530622295,0.027462900205967835,2.451761718375419,41.69355627201796,2266,2266,0,5,full,standard,expanded,none,fixed504,union,dgtw,3,ar_dgtw_3,2747782
ld3_lasso_characteristics_core_full_dgtw_standard_original_none_fixed504_union,lasso,characteristics_core,504,rank_ic,0.07219574224963628,0.002648887925397602,27.255113950809978,1.4453878822865246e-163,0.06700401731677395,0.0773874671824986,2266,2266,0,5,full,standard,original,none,fixed504,union,dgtw,3,ar_dgtw_3,2747782
ld3_lasso_characteristics_core_full_dgtw_standard_original_none_fixed504_union,lasso,characteristics_core,504,ew_spread_bp,43.43138002765372,8.794949276768548,4.938218363848407,7.883953431036281e-07,26.193596199330766,60.66916385597666,2266,2266,0,5,full,standard,original,none,fixed504,union,dgtw,3,ar_dgtw_3,2747782
ld3_lasso_characteristics_core_full_dgtw_standard_original_none_fixed504_union,lasso,characteristics_core,504,cap_spread_bp,20.91409928205794,9.268650849067095,2.2564340401454412,0.02404346182024171,2.7478774326098403,39.08032113150604,2266,2266,0,5,full,standard,original,none,fixed504,union,dgtw,3,ar_dgtw_3,2747782
ld3_lasso_characteristics_core_full_dgtw_standard_expanded_none_fixed504_union,lasso,characteristics_core,504,rank_ic,0.07196967968448723,0.0026427964750246995,27.232395821859342,2.6862240396161772e-163,0.06678989377496941,0.07714946559400504,2266,2266,0,5,full,standard,expanded,none,fixed504,union,dgtw,3,ar_dgtw_3,2747782
ld3_lasso_characteristics_core_full_dgtw_standard_expanded_none_fixed504_union,lasso,characteristics_core,504,ew_spread_bp,37.52907981604903,9.214697972998476,4.072741171335105,4.6463048682563086e-05,19.468603660557775,55.58955597154028,2266,2266,0,5,full,standard,expanded,none,fixed504,union,dgtw,3,ar_dgtw_3,2747782
ld3_lasso_characteristics_core_full_dgtw_standard_expanded_none_fixed504_union,lasso,characteristics_core,504,cap_spread_bp,17.4760039558959,9.57975569044981,1.8242640543868953,0.06811216191968596,-1.299972178078363,36.251980089870166,2266,2266,0,5,full,standard,expanded,none,fixed504,union,dgtw,3,ar_dgtw_3,2747782
ld3_enet_characteristics_core_full_dgtw_standard_original_none_fixed504_union,enet,characteristics_core,504,rank_ic,0.07236586472008046,0.002654695415951888,27.259573465655908,1.27974394751805e-163,0.06716275731489117,0.07756897212526974,2266,2266,0,5,full,standard,original,none,fixed504,union,dgtw,3,ar_dgtw_3,2747782
ld3_enet_characteristics_core_full_dgtw_standard_original_none_fixed504_union,enet,characteristics_core,504,ew_spread_bp,43.639633564718444,8.796997287332363,4.960741959936639,7.022442743344987e-07,26.397835709450458,60.88143141998643,2266,2266,0,5,full,standard,original,none,fixed504,union,dgtw,3,ar_dgtw_3,2747782
ld3_enet_characteristics_core_full_dgtw_standard_original_none_fixed504_union,enet,characteristics_core,504,cap_spread_bp,20.168231200271634,9.326850295168205,2.162383930480779,0.030588595167009354,1.88794053254518,38.44852186799809,2266,2266,0,5,full,standard,original,none,fixed504,union,dgtw,3,ar_dgtw_3,2747782
ld3_enet_characteristics_core_full_dgtw_standard_expanded_none_fixed504_union,enet,characteristics_core,504,rank_ic,0.07227560118255766,0.0026581582510216534,27.190104710575,8.503522809821935e-163,0.06706570674534723,0.07748549561976809,2266,2266,0,5,full,standard,expanded,none,fixed504,union,dgtw,3,ar_dgtw_3,2747782
ld3_enet_characteristics_core_full_dgtw_standard_expanded_none_fixed504_union,enet,characteristics_core,504,ew_spread_bp,39.35626204999983,9.127618582586202,4.311777677157134,1.6194722821318964e-05,21.466458363512334,57.246065736487324,2266,2266,0,5,full,standard,expanded,none,fixed504,union,dgtw,3,ar_dgtw_3,2747782
ld3_enet_characteristics_core_full_dgtw_standard_expanded_none_fixed504_union,enet,characteristics_core,504,cap_spread_bp,22.42448747390497,9.42813045168259,2.3784659735910836,0.017384841332830324,3.945691347061743,40.903283600748196,2266,2266,0,5,full,standard,expanded,none,fixed504,union,dgtw,3,ar_dgtw_3,2747782
ld3_group_ridge_characteristics_core_full_dgtw_standard_original_none_fixed504_union,group_ridge,characteristics_core,504,rank_ic,0.07251396933953753,0.0026304683075939615,27.566942787409843,2.772703749094106e-167,0.06735834619417934,0.07766959248489573,2266,2266,0,5,full,standard,original,none,fixed504,union,dgtw,3,ar_dgtw_3,2747782
ld3_group_ridge_characteristics_core_full_dgtw_standard_original_none_fixed504_union,group_ridge,characteristics_core,504,ew_spread_bp,39.5402554374319,9.124448393842888,4.333440634516974,1.4679687872416669e-05,21.656665206705497,57.42384566815831,2266,2266,0,5,full,standard,original,none,fixed504,union,dgtw,3,ar_dgtw_3,2747782
ld3_group_ridge_characteristics_core_full_dgtw_standard_original_none_fixed504_union,group_ridge,characteristics_core,504,cap_spread_bp,19.401581788857534,9.802096827333994,1.9793297424643417,0.04777889302317276,0.18982503430857633,38.61333854340649,2266,2266,0,5,full,standard,original,none,fixed504,union,dgtw,3,ar_dgtw_3,2747782
ld3_group_ridge_characteristics_core_full_dgtw_standard_expanded_none_fixed504_union,group_ridge,characteristics_core,504,rank_ic,0.07253325596154574,0.0026278899871489264,27.60132894308835,1.0725802564420166e-167,0.06738268623140041,0.07768382569169106,2266,2266,0,5,full,standard,expanded,none,fixed504,union,dgtw,3,ar_dgtw_3,2747782
ld3_group_ridge_characteristics_core_full_dgtw_standard_expanded_none_fixed504_union,group_ridge,characteristics_core,504,ew_spread_bp,39.41908459479402,9.092990677794965,4.3351066762946555,1.4568945357368149e-05,21.597150354557435,57.24101883503061,2266,2266,0,5,full,standard,expanded,none,fixed504,union,dgtw,3,ar_dgtw_3,2747782
ld3_group_ridge_characteristics_core_full_dgtw_standard_expanded_none_fixed504_union,group_ridge,characteristics_core,504,cap_spread_bp,20.896950535079203,9.9260080155192,2.1052723816469885,0.03526760477665564,1.4423323144056788,40.35156875575272,2266,2266,0,5,full,standard,expanded,none,fixed504,union,dgtw,3,ar_dgtw_3,2747782
ld3_ridge_characteristics_core_full_dgtw_standard_original_none_fixed504_union,ridge,characteristics_core,504,rank_ic,0.07868081110843161,0.003203055181758289,24.56430084518259,3.0423898888526833e-133,0.07240293831169096,0.08495868390517226,2266,2266,0,5,full,standard,original,none,fixed504,union,dgtw,5,ar_dgtw_5,2746618
ld3_ridge_characteristics_core_full_dgtw_standard_original_none_fixed504_union,ridge,characteristics_core,504,ew_spread_bp,54.87480194270502,13.729473797034576,3.99686126022961,6.418789473239312e-05,27.965527773830868,81.78407611157917,2266,2266,0,5,full,standard,original,none,fixed504,union,dgtw,5,ar_dgtw_5,2746618
ld3_ridge_characteristics_core_full_dgtw_standard_original_none_fixed504_union,ridge,characteristics_core,504,cap_spread_bp,29.607159201246585,14.533886758069869,2.0371122807054594,0.04163879151440464,1.121264600046036,58.09305380244713,2266,2266,0,5,full,standard,original,none,fixed504,union,dgtw,5,ar_dgtw_5,2746618
ld3_ridge_characteristics_core_full_dgtw_standard_expanded_none_fixed504_union,ridge,characteristics_core,504,rank_ic,0.0786655879107799,0.003198814988731877,24.592103071883415,1.5344732332744638e-133,0.07239602573965853,0.08493515008190128,2266,2266,0,5,full,standard,expanded,none,fixed504,union,dgtw,5,ar_dgtw_5,2746618
ld3_ridge_characteristics_core_full_dgtw_standard_expanded_none_fixed504_union,ridge,characteristics_core,504,ew_spread_bp,53.74773983833966,13.71418428381896,3.9191350156899483,8.886732486751126e-05,26.868432564709263,80.62704711197006,2266,2266,0,5,full,standard,expanded,none,fixed504,union,dgtw,5,ar_dgtw_5,2746618
ld3_ridge_characteristics_core_full_dgtw_standard_expanded_none_fixed504_union,ridge,characteristics_core,504,cap_spread_bp,30.02793273098816,14.70504988032684,2.0420150203748064,0.04115004141545027,1.2065645746825204,58.84930088729379,2266,2266,0,5,full,standard,expanded,none,fixed504,union,dgtw,5,ar_dgtw_5,2746618
ld3_lasso_characteristics_core_full_dgtw_standard_original_none_fixed504_union,lasso,characteristics_core,504,rank_ic,0.07820726960141616,0.0032166244929680873,24.313459582362285,1.4125515465352758e-130,0.0719028014434093,0.08451173775942303,2266,2266,0,5,full,standard,original,none,fixed504,union,dgtw,5,ar_dgtw_5,2746618
ld3_lasso_characteristics_core_full_dgtw_standard_original_none_fixed504_union,lasso,characteristics_core,504,ew_spread_bp,57.56118785077649,13.29140117294599,4.330708786966684,1.4863014097949135e-05,31.51052024772892,83.61185545382406,2266,2266,0,5,full,standard,original,none,fixed504,union,dgtw,5,ar_dgtw_5,2746618
ld3_lasso_characteristics_core_full_dgtw_standard_original_none_fixed504_union,lasso,characteristics_core,504,cap_spread_bp,30.460327698463047,13.645651955282453,2.23223689115648,0.0255993103952231,3.715341320540869,57.20531407638522,2266,2266,0,5,full,standard,original,none,fixed504,union,dgtw,5,ar_dgtw_5,2746618
ld3_lasso_characteristics_core_full_dgtw_standard_expanded_none_fixed504_union,lasso,characteristics_core,504,rank_ic,0.07786251187066982,0.003213486433858311,24.229917715004404,1.0767477338528712e-129,0.07156419419549948,0.08416082954584017,2266,2266,0,5,full,standard,expanded,none,fixed504,union,dgtw,5,ar_dgtw_5,2746618
ld3_lasso_characteristics_core_full_dgtw_standard_expanded_none_fixed504_union,lasso,characteristics_core,504,ew_spread_bp,50.1868204052752,13.842067583565237,3.6256737010056423,0.0002882090902697492,23.05686646991796,77.31677434063243,2266,2266,0,5,full,standard,expanded,none,fixed504,union,dgtw,5,ar_dgtw_5,2746618
ld3_lasso_characteristics_core_full_dgtw_standard_expanded_none_fixed504_union,lasso,characteristics_core,504,cap_spread_bp,25.585971995027066,14.121633834154695,1.8118280289313715,0.070012772773801,-2.091921722778409,53.26386571283254,2266,2266,0,5,full,standard,expanded,none,fixed504,union,dgtw,5,ar_dgtw_5,2746618
ld3_enet_characteristics_core_full_dgtw_standard_original_none_fixed504_union,enet,characteristics_core,504,rank_ic,0.07840267077806315,0.0032213766878149267,24.338249877645946,7.720830768585872e-131,0.07208888848930896,0.08471645306681734,2266,2266,0,5,full,standard,original,none,fixed504,union,dgtw,5,ar_dgtw_5,2746618
ld3_enet_characteristics_core_full_dgtw_standard_original_none_fixed504_union,enet,characteristics_core,504,ew_spread_bp,57.4515542902236,13.28686280522748,4.3239367435645,1.5326926057676183e-05,31.409781724452905,83.4933268559943,2266,2266,0,5,full,standard,original,none,fixed504,union,dgtw,5,ar_dgtw_5,2746618
ld3_enet_characteristics_core_full_dgtw_standard_original_none_fixed504_union,enet,characteristics_core,504,cap_spread_bp,29.640554917015667,13.71808240577132,2.1606922921344767,0.03071911671814078,2.753607464751301,56.52750236928003,2266,2266,0,5,full,standard,original,none,fixed504,union,dgtw,5,ar_dgtw_5,2746618
ld3_enet_characteristics_core_full_dgtw_standard_expanded_none_fixed504_union,enet,characteristics_core,504,rank_ic,0.07825819223433016,0.0032283550532136223,24.240887679448115,8.250036409813051e-130,0.07193073260072357,0.08458565186793675,2266,2266,0,5,full,standard,expanded,none,fixed504,union,dgtw,5,ar_dgtw_5,2746618
ld3_enet_characteristics_core_full_dgtw_standard_expanded_none_fixed504_union,enet,characteristics_core,504,ew_spread_bp,52.408554630559,13.701045875052536,3.8251499271297815,0.0001306925262768654,25.554998164924964,79.26211109619304,2266,2266,0,5,full,standard,expanded,none,fixed504,union,dgtw,5,ar_dgtw_5,2746618
ld3_enet_characteristics_core_full_dgtw_standard_expanded_none_fixed504_union,enet,characteristics_core,504,cap_spread_bp,33.82756749653619,13.942554285283846,2.4262102054169996,0.015257430155333342,6.50066324488526,61.15447174818712,2266,2266,0,5,full,standard,expanded,none,fixed504,union,dgtw,5,ar_dgtw_5,2746618
ld3_group_ridge_characteristics_core_full_dgtw_standard_original_none_fixed504_union,group_ridge,characteristics_core,504,rank_ic,0.07843717363869146,0.0031958245154709818,24.543642261637714,5.0567916091061914e-133,0.07217347268745816,0.08470087458992476,2266,2266,0,5,full,standard,original,none,fixed504,union,dgtw,5,ar_dgtw_5,2746618
ld3_group_ridge_characteristics_core_full_dgtw_standard_original_none_fixed504_union,group_ridge,characteristics_core,504,ew_spread_bp,53.16470417614093,13.767088314815098,3.861724640709183,0.00011258942225616877,26.181706907121114,80.14770144516075,2266,2266,0,5,full,standard,original,none,fixed504,union,dgtw,5,ar_dgtw_5,2746618
ld3_group_ridge_characteristics_core_full_dgtw_standard_original_none_fixed504_union,group_ridge,characteristics_core,504,cap_spread_bp,27.833377716159024,14.485309270599553,1.9214900556284078,0.05466995487168796,-0.5573067591402605,56.22406219145831,2266,2266,0,5,full,standard,original,none,fixed504,union,dgtw,5,ar_dgtw_5,2746618
ld3_group_ridge_characteristics_core_full_dgtw_standard_expanded_none_fixed504_union,group_ridge,characteristics_core,504,rank_ic,0.07846425881497734,0.0031916583799521912,24.58416580791854,1.8657654813404772e-133,0.07220872333931559,0.0847197942906391,2266,2266,0,5,full,standard,expanded,none,fixed504,union,dgtw,5,ar_dgtw_5,2746618
ld3_group_ridge_characteristics_core_full_dgtw_standard_expanded_none_fixed504_union,group_ridge,characteristics_core,504,ew_spread_bp,52.90565724523729,13.674422845603345,3.868949925169802,0.00010930508560252162,26.104280958483017,79.70703353199157,2266,2266,0,5,full,standard,expanded,none,fixed504,union,dgtw,5,ar_dgtw_5,2746618
ld3_group_ridge_characteristics_core_full_dgtw_standard_expanded_none_fixed504_union,group_ridge,characteristics_core,504,cap_spread_bp,29.21002923174658,14.643701767395893,1.9947162060335402,0.0460738408453639,0.5089011673050976,57.911157296188065,2266,2266,0,5,full,standard,expanded,none,fixed504,union,dgtw,5,ar_dgtw_5,2746618
ld3_ridge_characteristics_core_full_dgtw_standard_original_none_fixed504_union,ridge,characteristics_core,504,rank_ic,0.0905262884781452,0.004413340184604142,20.51196705704775,1.6834659703110693e-93,0.08187630066479773,0.09917627629149267,2266,2266,0,9,full,standard,original,none,fixed504,union,dgtw,10,ar_dgtw_10,2743765
ld3_ridge_characteristics_core_full_dgtw_standard_original_none_fixed504_union,ridge,characteristics_core,504,ew_spread_bp,89.12121912816694,26.44160738553564,3.370491734058458,0.0007503415706840414,37.296620959168784,140.9458172971651,2266,2266,0,9,full,standard,original,none,fixed504,union,dgtw,10,ar_dgtw_10,2743765
ld3_ridge_characteristics_core_full_dgtw_standard_original_none_fixed504_union,ridge,characteristics_core,504,cap_spread_bp,53.998034823325604,24.822971713682087,2.175325156317308,0.029605758671462493,5.3459042752522095,102.650165371399,2266,2266,0,9,full,standard,original,none,fixed504,union,dgtw,10,ar_dgtw_10,2743765
ld3_ridge_characteristics_core_full_dgtw_standard_expanded_none_fixed504_union,ridge,characteristics_core,504,rank_ic,0.09059648749128055,0.004406660441579358,20.55898989548887,6.395049978923458e-94,0.08195959173368764,0.09923338324887346,2266,2266,0,9,full,standard,expanded,none,fixed504,union,dgtw,10,ar_dgtw_10,2743765
ld3_ridge_characteristics_core_full_dgtw_standard_expanded_none_fixed504_union,ridge,characteristics_core,504,ew_spread_bp,88.81081102814389,26.442770340401655,3.3586046350238385,0.0007833705765431748,36.9839335094927,140.63768854679506,2266,2266,0,9,full,standard,expanded,none,fixed504,union,dgtw,10,ar_dgtw_10,2743765
ld3_ridge_characteristics_core_full_dgtw_standard_expanded_none_fixed504_union,ridge,characteristics_core,504,cap_spread_bp,56.6029624824175,25.35342681207655,2.232556683637571,0.025578193292981014,6.911159046075312,106.2947659187597,2266,2266,0,9,full,standard,expanded,none,fixed504,union,dgtw,10,ar_dgtw_10,2743765
ld3_lasso_characteristics_core_full_dgtw_standard_original_none_fixed504_union,lasso,characteristics_core,504,rank_ic,0.08985013579484942,0.004407967723283191,20.38357389058336,2.3393498938475544e-92,0.08121067781219934,0.0984895937774995,2266,2266,0,9,full,standard,original,none,fixed504,union,dgtw,10,ar_dgtw_10,2743765
ld3_lasso_characteristics_core_full_dgtw_standard_original_none_fixed504_union,lasso,characteristics_core,504,ew_spread_bp,93.46341279106636,25.60419920558719,3.6503157954915206,0.00026191808951067387,43.28010449512641,143.6467210870063,2266,2266,0,9,full,standard,original,none,fixed504,union,dgtw,10,ar_dgtw_10,2743765
ld3_lasso_characteristics_core_full_dgtw_standard_original_none_fixed504_union,lasso,characteristics_core,504,cap_spread_bp,48.078357853809266,24.79780635419563,1.9388149567380872,0.052523874230481035,-0.5244494960126715,96.6811652036312,2266,2266,0,9,full,standard,original,none,fixed504,union,dgtw,10,ar_dgtw_10,2743765
ld3_lasso_characteristics_core_full_dgtw_standard_expanded_none_fixed504_union,lasso,characteristics_core,504,rank_ic,0.08958611255269583,0.004405971159039482,20.332886739146502,6.581427465443491e-92,0.08095056776405625,0.09822165734133541,2266,2266,0,9,full,standard,expanded,none,fixed504,union,dgtw,10,ar_dgtw_10,2743765
ld3_lasso_characteristics_core_full_dgtw_standard_expanded_none_fixed504_union,lasso,characteristics_core,504,ew_spread_bp,84.64003954704701,26.587647322405573,3.183434717660044,0.0014553892774272833,32.529208361479284,136.75087073261474,2266,2266,0,9,full,standard,expanded,none,fixed504,union,dgtw,10,ar_dgtw_10,2743765
ld3_lasso_characteristics_core_full_dgtw_standard_expanded_none_fixed504_union,lasso,characteristics_core,504,cap_spread_bp,43.59985732331393,25.61950857250635,1.7018225466706742,0.08878863857367987,-6.613456780413692,93.81317142704154,2266,2266,0,9,full,standard,expanded,none,fixed504,union,dgtw,10,ar_dgtw_10,2743765
ld3_enet_characteristics_core_full_dgtw_standard_original_none_fixed504_union,enet,characteristics_core,504,rank_ic,0.09006254271214134,0.004418603757417799,20.382579578661577,2.3873614326975627e-92,0.08140223848564909,0.09872284693863359,2266,2266,0,9,full,standard,original,none,fixed504,union,dgtw,10,ar_dgtw_10,2743765
ld3_enet_characteristics_core_full_dgtw_standard_original_none_fixed504_union,enet,characteristics_core,504,ew_spread_bp,93.34423097099865,25.594834317363592,3.646994929272651,0.000265325158083651,43.17927751869619,143.50918442330112,2266,2266,0,9,full,standard,original,none,fixed504,union,dgtw,10,ar_dgtw_10,2743765
ld3_enet_characteristics_core_full_dgtw_standard_original_none_fixed504_union,enet,characteristics_core,504,cap_spread_bp,47.4598360356106,24.98220885040185,1.8997453875999915,0.057466540915146795,-1.5043935654348104,96.42406563665601,2266,2266,0,9,full,standard,original,none,fixed504,union,dgtw,10,ar_dgtw_10,2743765
ld3_enet_characteristics_core_full_dgtw_standard_expanded_none_fixed504_union,enet,characteristics_core,504,rank_ic,0.09018560174222279,0.0044319389387554725,20.349017210861597,4.736759699589242e-92,0.08149916104058139,0.09887204244386419,2266,2266,0,9,full,standard,expanded,none,fixed504,union,dgtw,10,ar_dgtw_10,2743765
ld3_enet_characteristics_core_full_dgtw_standard_expanded_none_fixed504_union,enet,characteristics_core,504,ew_spread_bp,87.64082888736007,26.434038360729847,3.3154536469750475,0.0009149451338735439,35.831065734379365,139.45059204034078,2266,2266,0,9,full,standard,expanded,none,fixed504,union,dgtw,10,ar_dgtw_10,2743765
ld3_enet_characteristics_core_full_dgtw_standard_expanded_none_fixed504_union,enet,characteristics_core,504,cap_spread_bp,58.047503197405064,25.776799901085216,2.2519282230592648,0.024326808266206902,7.525903754582416,108.56910264022771,2266,2266,0,9,full,standard,expanded,none,fixed504,union,dgtw,10,ar_dgtw_10,2743765
ld3_group_ridge_characteristics_core_full_dgtw_standard_original_none_fixed504_union,group_ridge,characteristics_core,504,rank_ic,0.09015352070200133,0.004407089829895246,20.456474494903645,5.260746411605295e-93,0.0815157833587739,0.09879125804522877,2266,2266,0,9,full,standard,original,none,fixed504,union,dgtw,10,ar_dgtw_10,2743765
ld3_group_ridge_characteristics_core_full_dgtw_standard_original_none_fixed504_union,group_ridge,characteristics_core,504,ew_spread_bp,87.43610833444062,26.42491980643628,3.30885047049959,0.0009367985494181129,35.64421721946638,139.22799944941485,2266,2266,0,9,full,standard,original,none,fixed504,union,dgtw,10,ar_dgtw_10,2743765
ld3_group_ridge_characteristics_core_full_dgtw_standard_original_none_fixed504_union,group_ridge,characteristics_core,504,cap_spread_bp,53.73666697350462,24.878934486013012,2.15992638284873,0.030778368997943974,4.974851407187593,102.49848253982165,2266,2266,0,9,full,standard,original,none,fixed504,union,dgtw,10,ar_dgtw_10,2743765
ld3_group_ridge_characteristics_core_full_dgtw_standard_expanded_none_fixed504_union,group_ridge,characteristics_core,504,rank_ic,0.09029334010634979,0.004401088195538135,20.51613966697828,1.545048275081255e-93,0.08166736575031067,0.09891931446238891,2266,2266,0,9,full,standard,expanded,none,fixed504,union,dgtw,10,ar_dgtw_10,2743765
ld3_group_ridge_characteristics_core_full_dgtw_standard_expanded_none_fixed504_union,group_ridge,characteristics_core,504,ew_spread_bp,88.36717729852366,26.33073740016294,3.356046431801672,0.0007906529330390138,36.75988030782248,139.97447428922484,2266,2266,0,9,full,standard,expanded,none,fixed504,union,dgtw,10,ar_dgtw_10,2743765
ld3_group_ridge_characteristics_core_full_dgtw_standard_expanded_none_fixed504_union,group_ridge,characteristics_core,504,cap_spread_bp,56.72980718472092,25.321457004944502,2.2403847919826783,0.025065952735410124,7.1006634189502265,106.35895095049162,2266,2266,0,9,full,standard,expanded,none,fixed504,union,dgtw,10,ar_dgtw_10,2743765
ld3_ridge_characteristics_core_full_dgtw_standard_original_none_fixed504_union,ridge,characteristics_core,504,rank_ic,0.13016162873828957,0.009153788985608464,14.219426397410837,6.941960463685371e-46,0.11222053200441755,0.1481027254721616,2266,2266,0,41,full,standard,original,none,fixed504,union,dgtw,42,ar_dgtw_42,2724901
ld3_ridge_characteristics_core_full_dgtw_standard_original_none_fixed504_union,ridge,characteristics_core,504,ew_spread_bp,244.76051420137088,119.5796996920116,2.0468400140807668,0.04067379542641785,10.388609522912759,479.132418879829,2266,2266,0,41,full,standard,original,none,fixed504,union,dgtw,42,ar_dgtw_42,2724901
ld3_ridge_characteristics_core_full_dgtw_standard_original_none_fixed504_union,ridge,characteristics_core,504,cap_spread_bp,162.31273213320048,93.82577595082866,1.7299375410256541,0.08364143507818247,-21.582409551948018,346.20787381834896,2266,2266,0,41,full,standard,original,none,fixed504,union,dgtw,42,ar_dgtw_42,2724901
ld3_ridge_characteristics_core_full_dgtw_standard_expanded_none_fixed504_union,ridge,characteristics_core,504,rank_ic,0.1302840832868076,0.009138680573176466,14.256334078380293,4.094030052476022e-46,0.11237259849716587,0.14819556807644935,2266,2266,0,41,full,standard,expanded,none,fixed504,union,dgtw,42,ar_dgtw_42,2724901
ld3_ridge_characteristics_core_full_dgtw_standard_expanded_none_fixed504_union,ridge,characteristics_core,504,ew_spread_bp,247.09424882609324,120.61375586656891,2.0486406965010326,0.04049726207968973,10.695631287511532,483.4928663646749,2266,2266,0,41,full,standard,expanded,none,fixed504,union,dgtw,42,ar_dgtw_42,2724901
ld3_ridge_characteristics_core_full_dgtw_standard_expanded_none_fixed504_union,ridge,characteristics_core,504,cap_spread_bp,169.69696821482387,95.30582961149464,1.7805518183575735,0.07498569690117442,-17.09902534041666,356.4929617700644,2266,2266,0,41,full,standard,expanded,none,fixed504,union,dgtw,42,ar_dgtw_42,2724901
ld3_lasso_characteristics_core_full_dgtw_standard_original_none_fixed504_union,lasso,characteristics_core,504,rank_ic,0.12904475422427042,0.009174078272898683,14.066236452928894,6.124301615417775e-45,0.11106389121803759,0.14702561723050325,2266,2266,0,41,full,standard,original,none,fixed504,union,dgtw,42,ar_dgtw_42,2724901
ld3_lasso_characteristics_core_full_dgtw_standard_original_none_fixed504_union,lasso,characteristics_core,504,ew_spread_bp,256.0245547530991,113.90075525395936,2.247786278346028,0.024589821255684468,32.783176643427424,479.2659328627708,2266,2266,0,41,full,standard,original,none,fixed504,union,dgtw,42,ar_dgtw_42,2724901
ld3_lasso_characteristics_core_full_dgtw_standard_original_none_fixed504_union,lasso,characteristics_core,504,cap_spread_bp,143.29339651935805,96.71123201206971,1.481662404026399,0.138430145415143,-46.257135124795724,332.8439281635118,2266,2266,0,41,full,standard,original,none,fixed504,union,dgtw,42,ar_dgtw_42,2724901
ld3_lasso_characteristics_core_full_dgtw_standard_expanded_none_fixed504_union,lasso,characteristics_core,504,rank_ic,0.12873049842641854,0.009140384528653296,14.08370709381798,4.783329828846037e-45,0.11081567394541096,0.1466453229074261,2266,2266,0,41,full,standard,expanded,none,fixed504,union,dgtw,42,ar_dgtw_42,2724901
ld3_lasso_characteristics_core_full_dgtw_standard_expanded_none_fixed504_union,lasso,characteristics_core,504,ew_spread_bp,240.64292570294856,118.28576595708483,2.034419980762994,0.04190926899180639,8.807084543328301,472.4787668625688,2266,2266,0,41,full,standard,expanded,none,fixed504,union,dgtw,42,ar_dgtw_42,2724901
ld3_lasso_characteristics_core_full_dgtw_standard_expanded_none_fixed504_union,lasso,characteristics_core,504,cap_spread_bp,162.19556531138383,95.4980558722295,1.6984174581353937,0.08942899937472562,-24.97718479177982,349.3683154145475,2266,2266,0,41,full,standard,expanded,none,fixed504,union,dgtw,42,ar_dgtw_42,2724901
ld3_enet_characteristics_core_full_dgtw_standard_original_none_fixed504_union,enet,characteristics_core,504,rank_ic,0.1292909802305828,0.009196517177926718,14.058689580975743,6.813621077162375e-45,0.1112661377786425,0.1473158226825231,2266,2266,0,41,full,standard,original,none,fixed504,union,dgtw,42,ar_dgtw_42,2724901
ld3_enet_characteristics_core_full_dgtw_standard_original_none_fixed504_union,enet,characteristics_core,504,ew_spread_bp,254.52610348234293,114.48559275187742,2.223215143183761,0.026201296200250204,30.138464939943333,478.91374202474253,2266,2266,0,41,full,standard,original,none,fixed504,union,dgtw,42,ar_dgtw_42,2724901
ld3_enet_characteristics_core_full_dgtw_standard_original_none_fixed504_union,enet,characteristics_core,504,cap_spread_bp,144.13658347644412,97.80010334501074,1.4737876397530127,0.14053877728929784,-47.5480967640722,335.8212637169604,2266,2266,0,41,full,standard,original,none,fixed504,union,dgtw,42,ar_dgtw_42,2724901
ld3_enet_characteristics_core_full_dgtw_standard_expanded_none_fixed504_union,enet,characteristics_core,504,rank_ic,0.12969417772750857,0.00920277727010956,14.092938894517497,4.1972413708405134e-45,0.11165706572035,0.14773128973466715,2266,2266,0,41,full,standard,expanded,none,fixed504,union,dgtw,42,ar_dgtw_42,2724901
ld3_enet_characteristics_core_full_dgtw_standard_expanded_none_fixed504_union,enet,characteristics_core,504,ew_spread_bp,243.6633139603385,118.13497390109876,2.0625840588438327,0.03915216359950774,12.123019799605686,475.20360812107134,2266,2266,0,41,full,standard,expanded,none,fixed504,union,dgtw,42,ar_dgtw_42,2724901
ld3_enet_characteristics_core_full_dgtw_standard_expanded_none_fixed504_union,enet,characteristics_core,504,cap_spread_bp,178.8765075881147,95.0632846263911,1.8816571328364946,0.05988258357973878,-7.444106531692057,365.19712170792144,2266,2266,0,41,full,standard,expanded,none,fixed504,union,dgtw,42,ar_dgtw_42,2724901
ld3_group_ridge_characteristics_core_full_dgtw_standard_original_none_fixed504_union,group_ridge,characteristics_core,504,rank_ic,0.1292869120457421,0.0091571730626772,14.118648971775976,2.9152677164850147e-45,0.11133918264269446,0.14723464144878975,2266,2266,0,41,full,standard,original,none,fixed504,union,dgtw,42,ar_dgtw_42,2724901
ld3_group_ridge_characteristics_core_full_dgtw_standard_original_none_fixed504_union,group_ridge,characteristics_core,504,ew_spread_bp,242.41818528345325,119.05161076686679,2.0362444802042154,0.04172581179348729,9.081315878913415,475.7550546879931,2266,2266,0,41,full,standard,original,none,fixed504,union,dgtw,42,ar_dgtw_42,2724901
ld3_group_ridge_characteristics_core_full_dgtw_standard_original_none_fixed504_union,group_ridge,characteristics_core,504,cap_spread_bp,159.61719711787146,94.41915207684042,1.6905171631701523,0.09092905752822734,-25.440940403546023,344.67533463928896,2266,2266,0,41,full,standard,original,none,fixed504,union,dgtw,42,ar_dgtw_42,2724901
ld3_group_ridge_characteristics_core_full_dgtw_standard_expanded_none_fixed504_union,group_ridge,characteristics_core,504,rank_ic,0.12961182761053908,0.009121079137573361,14.210141766736381,7.926488290423827e-46,0.11173484100075563,0.1474888142203225,2266,2266,0,41,full,standard,expanded,none,fixed504,union,dgtw,42,ar_dgtw_42,2724901
ld3_group_ridge_characteristics_core_full_dgtw_standard_expanded_none_fixed504_union,group_ridge,characteristics_core,504,ew_spread_bp,244.73875205257815,119.46439622657451,2.0486333985935863,0.040497976230890666,10.592838013669393,478.8846660914869,2266,2266,0,41,full,standard,expanded,none,fixed504,union,dgtw,42,ar_dgtw_42,2724901
ld3_group_ridge_characteristics_core_full_dgtw_standard_expanded_none_fixed504_union,group_ridge,characteristics_core,504,cap_spread_bp,167.59447575804862,95.13397024078985,1.7616680491086079,0.07812539918210533,-18.864679620204782,354.053631136302,2266,2266,0,41,full,standard,expanded,none,fixed504,union,dgtw,42,ar_dgtw_42,2724901
ld3_ridge_characteristics_core_full_dgtw_standard_original_none_fixed504_union,ridge,characteristics_core,504,rank_ic,0.14789940198678794,0.010325015849058875,14.324375298684792,1.5410759442703702e-46,0.1276627427828273,0.1681360611907486,2266,2266,0,62,full,standard,original,none,fixed504,union,dgtw,63,ar_dgtw_63,2711735
ld3_ridge_characteristics_core_full_dgtw_standard_original_none_fixed504_union,ridge,characteristics_core,504,ew_spread_bp,332.38505286748364,178.54119489508292,1.8616714930288485,0.06264940915354901,-17.54925888362544,682.3193646185928,2266,2266,0,62,full,standard,original,none,fixed504,union,dgtw,63,ar_dgtw_63,2711735
ld3_ridge_characteristics_core_full_dgtw_standard_original_none_fixed504_union,ridge,characteristics_core,504,cap_spread_bp,216.57402170501294,138.85040748522368,1.5597651143232008,0.11881539827222277,-55.56777620473619,488.71581961476204,2266,2266,0,62,full,standard,original,none,fixed504,union,dgtw,63,ar_dgtw_63,2711735
ld3_ridge_characteristics_core_full_dgtw_standard_expanded_none_fixed504_union,ridge,characteristics_core,504,rank_ic,0.14815556826672616,0.010310971476316433,14.368730299276741,8.130823616048884e-47,0.12794643552752616,0.16836470100592615,2266,2266,0,62,full,standard,expanded,none,fixed504,union,dgtw,63,ar_dgtw_63,2711735
ld3_ridge_characteristics_core_full_dgtw_standard_expanded_none_fixed504_union,ridge,characteristics_core,504,ew_spread_bp,336.658445649075,178.26461893086423,1.8885320467301485,0.058954559882833865,-12.733787173175983,686.050678471326,2266,2266,0,62,full,standard,expanded,none,fixed504,union,dgtw,63,ar_dgtw_63,2711735
ld3_ridge_characteristics_core_full_dgtw_standard_expanded_none_fixed504_union,ridge,characteristics_core,504,cap_spread_bp,223.04941761231697,139.21546422220771,1.6021885130253801,0.10911392943579114,-49.80787835423462,495.90671357886856,2266,2266,0,62,full,standard,expanded,none,fixed504,union,dgtw,63,ar_dgtw_63,2711735
ld3_lasso_characteristics_core_full_dgtw_standard_original_none_fixed504_union,lasso,characteristics_core,504,rank_ic,0.14629492480891088,0.010347220541111557,14.138572211508603,2.196966649018088e-45,0.1260147452082392,0.16657510440958256,2266,2266,0,62,full,standard,original,none,fixed504,union,dgtw,63,ar_dgtw_63,2711735
ld3_lasso_characteristics_core_full_dgtw_standard_original_none_fixed504_union,lasso,characteristics_core,504,ew_spread_bp,342.90418859674867,170.18967808377042,2.0148354028142945,0.04392189823053433,9.33854901209287,676.4698281814044,2266,2266,0,62,full,standard,original,none,fixed504,union,dgtw,63,ar_dgtw_63,2711735
ld3_lasso_characteristics_core_full_dgtw_standard_original_none_fixed504_union,lasso,characteristics_core,504,cap_spread_bp,180.9508887796887,147.0841744602826,1.2302539647360307,0.21860201731763818,-107.32879585827126,469.23057341764866,2266,2266,0,62,full,standard,original,none,fixed504,union,dgtw,63,ar_dgtw_63,2711735
ld3_lasso_characteristics_core_full_dgtw_standard_expanded_none_fixed504_union,lasso,characteristics_core,504,rank_ic,0.14622684965456278,0.010309585523904928,14.183581805059504,1.1578279868610716e-45,0.1260204333321736,0.16643326597695196,2266,2266,0,62,full,standard,expanded,none,fixed504,union,dgtw,63,ar_dgtw_63,2711735
ld3_lasso_characteristics_core_full_dgtw_standard_expanded_none_fixed504_union,lasso,characteristics_core,504,ew_spread_bp,324.18949402145824,175.57002340023095,1.846496843498352,0.06482009727714536,-19.921428607848952,668.3004166507654,2266,2266,0,62,full,standard,expanded,none,fixed504,union,dgtw,63,ar_dgtw_63,2711735
ld3_lasso_characteristics_core_full_dgtw_standard_expanded_none_fixed504_union,lasso,characteristics_core,504,cap_spread_bp,209.76154712005538,141.43714733044735,1.4830725242922074,0.13805514303544997,-67.45016772370687,486.97326196381766,2266,2266,0,62,full,standard,expanded,none,fixed504,union,dgtw,63,ar_dgtw_63,2711735
ld3_enet_characteristics_core_full_dgtw_standard_original_none_fixed504_union,enet,characteristics_core,504,rank_ic,0.14654419715087963,0.010377803566854738,14.120926090653848,2.8225748311486616e-45,0.12620407592121302,0.16688431838054624,2266,2266,0,62,full,standard,original,none,fixed504,union,dgtw,63,ar_dgtw_63,2711735
ld3_enet_characteristics_core_full_dgtw_standard_original_none_fixed504_union,enet,characteristics_core,504,ew_spread_bp,343.5282431941647,170.80684658649716,2.011208859945792,0.04430340033419436,8.752975571772026,678.3035108165574,2266,2266,0,62,full,standard,original,none,fixed504,union,dgtw,63,ar_dgtw_63,2711735
ld3_enet_characteristics_core_full_dgtw_standard_original_none_fixed504_union,enet,characteristics_core,504,cap_spread_bp,186.02801200239614,147.40919936540166,1.2619837350942067,0.20695463909828105,-102.88870974367572,474.944733748468,2266,2266,0,62,full,standard,original,none,fixed504,union,dgtw,63,ar_dgtw_63,2711735
ld3_enet_characteristics_core_full_dgtw_standard_expanded_none_fixed504_union,enet,characteristics_core,504,rank_ic,0.14732976008278909,0.010352807771196503,14.23089883815758,5.8919568707173235e-46,0.12703862971237756,0.1676208904532006,2266,2266,0,62,full,standard,expanded,none,fixed504,union,dgtw,63,ar_dgtw_63,2711735
ld3_enet_characteristics_core_full_dgtw_standard_expanded_none_fixed504_union,enet,characteristics_core,504,ew_spread_bp,329.300448864485,173.96374091763505,1.892925773655303,0.058367741181162204,-11.662217949936633,670.2631156789066,2266,2266,0,62,full,standard,expanded,none,fixed504,union,dgtw,63,ar_dgtw_63,2711735
ld3_enet_characteristics_core_full_dgtw_standard_expanded_none_fixed504_union,enet,characteristics_core,504,cap_spread_bp,221.0101232170262,140.88355938729904,1.5687431818034456,0.11670779240444612,-55.116579195889756,497.13682562994217,2266,2266,0,62,full,standard,expanded,none,fixed504,union,dgtw,63,ar_dgtw_63,2711735
ld3_group_ridge_characteristics_core_full_dgtw_standard_original_none_fixed504_union,group_ridge,characteristics_core,504,rank_ic,0.14689514208557714,0.010331962701820217,14.217544751656732,7.131128060952258e-46,0.12664486730039837,0.1671454168707559,2266,2266,0,62,full,standard,original,none,fixed504,union,dgtw,63,ar_dgtw_63,2711735
ld3_group_ridge_characteristics_core_full_dgtw_standard_original_none_fixed504_union,group_ridge,characteristics_core,504,ew_spread_bp,328.3061665479852,177.87420017670124,1.845721112009746,0.06493271014283844,-20.320859577217334,676.9331926731877,2266,2266,0,62,full,standard,original,none,fixed504,union,dgtw,63,ar_dgtw_63,2711735
ld3_group_ridge_characteristics_core_full_dgtw_standard_original_none_fixed504_union,group_ridge,characteristics_core,504,cap_spread_bp,211.96537010358827,139.14864697269542,1.5233016972502893,0.1276832427312617,-60.76096646037314,484.6917066675497,2266,2266,0,62,full,standard,original,none,fixed504,union,dgtw,63,ar_dgtw_63,2711735
ld3_group_ridge_characteristics_core_full_dgtw_standard_expanded_none_fixed504_union,group_ridge,characteristics_core,504,rank_ic,0.14740313983508135,0.010291714400727155,14.322505862061881,1.583103048067079e-46,0.1272317502704839,0.16757452939967882,2266,2266,0,62,full,standard,expanded,none,fixed504,union,dgtw,63,ar_dgtw_63,2711735
ld3_group_ridge_characteristics_core_full_dgtw_standard_expanded_none_fixed504_union,group_ridge,characteristics_core,504,ew_spread_bp,332.4942361691491,177.1003947015456,1.877433625879137,0.06045868643199854,-14.616159093708518,679.6046314320067,2266,2266,0,62,full,standard,expanded,none,fixed504,union,dgtw,63,ar_dgtw_63,2711735
ld3_group_ridge_characteristics_core_full_dgtw_standard_expanded_none_fixed504_union,group_ridge,characteristics_core,504,cap_spread_bp,220.9380946069388,139.11800359027092,1.588134453522232,0.11225593894495646,-51.728182031106115,493.60437124498367,2266,2266,0,62,full,standard,expanded,none,fixed504,union,dgtw,63,ar_dgtw_63,2711735
ld3_ols_characteristics_textcore_full_dgtw_standard_original_none_fixed504_union,ols,characteristics_textcore,504,rank_ic,0.06635849190177055,0.0023160663070936637,28.651378286764636,1.5409058929825307e-180,0.06181908535406029,0.07089789844948081,2266,2266,0,5,full,standard,original,none,fixed504,union,dgtw,3,ar_dgtw_3,2747782
ld3_ols_characteristics_textcore_full_dgtw_standard_original_none_fixed504_union,ols,characteristics_textcore,504,ew_spread_bp,49.15012205510712,8.665137140332693,5.672168975414511,1.4100079439263355e-08,32.16676533895465,66.13347877125959,2266,2266,0,5,full,standard,original,none,fixed504,union,dgtw,3,ar_dgtw_3,2747782
ld3_ols_characteristics_textcore_full_dgtw_standard_original_none_fixed504_union,ols,characteristics_textcore,504,cap_spread_bp,17.338723276879076,9.590340289780638,1.8079361892252177,0.07061643252666755,-1.4579982905743982,36.135444844332554,2266,2266,0,5,full,standard,original,none,fixed504,union,dgtw,3,ar_dgtw_3,2747782
ld3_ridge_characteristics_textcore_full_dgtw_standard_original_none_fixed504_union,ridge,characteristics_textcore,504,rank_ic,0.07116482907003847,0.002533747461928236,28.0867884978089,1.420519602760028e-173,0.06619877529873935,0.0761308828413376,2266,2266,0,5,full,standard,original,none,fixed504,union,dgtw,3,ar_dgtw_3,2747782
ld3_ridge_characteristics_textcore_full_dgtw_standard_original_none_fixed504_union,ridge,characteristics_textcore,504,ew_spread_bp,44.60535141771908,9.025646306360713,4.942067293982483,7.729852407759406e-07,26.915409720055113,62.295293115383046,2266,2266,0,5,full,standard,original,none,fixed504,union,dgtw,3,ar_dgtw_3,2747782
ld3_ridge_characteristics_textcore_full_dgtw_standard_original_none_fixed504_union,ridge,characteristics_textcore,504,cap_spread_bp,25.714235166990704,9.944762404391813,2.58570633679843,0.009717968758025098,6.222859019574798,45.20561131440661,2266,2266,0,5,full,standard,original,none,fixed504,union,dgtw,3,ar_dgtw_3,2747782
ld3_ridge_characteristics_textcore_full_dgtw_standard_expanded_none_fixed504_union,ridge,characteristics_textcore,504,rank_ic,0.0714301948846048,0.0025467114457711146,28.048012664809995,4.223810151797083e-173,0.06643873217187748,0.0764216575973321,2266,2266,0,5,full,standard,expanded,none,fixed504,union,dgtw,3,ar_dgtw_3,2747782
ld3_ridge_characteristics_textcore_full_dgtw_standard_expanded_none_fixed504_union,ridge,characteristics_textcore,504,ew_spread_bp,43.980478378395325,9.052045697493739,4.858623105556383,1.182049030054339e-06,26.238794824896843,61.72216193189381,2266,2266,0,5,full,standard,expanded,none,fixed504,union,dgtw,3,ar_dgtw_3,2747782
ld3_ridge_characteristics_textcore_full_dgtw_standard_expanded_none_fixed504_union,ridge,characteristics_textcore,504,cap_spread_bp,25.1789880245394,9.82531109244363,2.5626657301369162,0.010387200012818747,5.92173214644799,44.43624390263081,2266,2266,0,5,full,standard,expanded,none,fixed504,union,dgtw,3,ar_dgtw_3,2747782
ld3_lasso_characteristics_textcore_full_dgtw_standard_original_none_fixed504_union,lasso,characteristics_textcore,504,rank_ic,0.07198211604049498,0.0026443341969758388,27.22126277488544,3.638828824380688e-163,0.06679931625133469,0.07716491582965528,2266,2266,0,5,full,standard,original,none,fixed504,union,dgtw,3,ar_dgtw_3,2747782
ld3_lasso_characteristics_textcore_full_dgtw_standard_original_none_fixed504_union,lasso,characteristics_textcore,504,ew_spread_bp,44.80608789071108,8.801338574011403,5.09082652757099,3.565060731522264e-07,27.555781269905616,62.05639451151655,2266,2266,0,5,full,standard,original,none,fixed504,union,dgtw,3,ar_dgtw_3,2747782
ld3_lasso_characteristics_textcore_full_dgtw_standard_original_none_fixed504_union,lasso,characteristics_textcore,504,cap_spread_bp,20.222370861244308,9.48036463608296,2.133079437079507,0.032918210304451835,1.64119761421453,38.80354410827408,2266,2266,0,5,full,standard,original,none,fixed504,union,dgtw,3,ar_dgtw_3,2747782
ld3_lasso_characteristics_textcore_full_dgtw_standard_expanded_none_fixed504_union,lasso,characteristics_textcore,504,rank_ic,0.07197756626930506,0.0026398471130762184,27.2658086571648,1.0794415462274252e-163,0.06680356100298364,0.07715157153562648,2266,2266,0,5,full,standard,expanded,none,fixed504,union,dgtw,3,ar_dgtw_3,2747782
ld3_lasso_characteristics_textcore_full_dgtw_standard_expanded_none_fixed504_union,lasso,characteristics_textcore,504,ew_spread_bp,41.164336661561464,9.214623753643084,4.467283500890286,7.921911658523088e-06,23.104005973333738,59.224667349789186,2266,2266,0,5,full,standard,expanded,none,fixed504,union,dgtw,3,ar_dgtw_3,2747782
ld3_lasso_characteristics_textcore_full_dgtw_standard_expanded_none_fixed504_union,lasso,characteristics_textcore,504,cap_spread_bp,19.916307314135246,9.697069427717809,2.0538480684903706,0.039990398900320925,0.9104004802239061,38.922214148046585,2266,2266,0,5,full,standard,expanded,none,fixed504,union,dgtw,3,ar_dgtw_3,2747782
ld3_enet_characteristics_textcore_full_dgtw_standard_original_none_fixed504_union,enet,characteristics_textcore,504,rank_ic,0.07219993440434067,0.0026531564027750024,27.212845171443703,4.577132420146938e-163,0.06699984340954981,0.07740002539913152,2266,2266,0,5,full,standard,original,none,fixed504,union,dgtw,3,ar_dgtw_3,2747782
ld3_enet_characteristics_textcore_full_dgtw_standard_original_none_fixed504_union,enet,characteristics_textcore,504,ew_spread_bp,45.30407316029842,8.797049954471877,5.149916550976117,2.606023813556233e-07,28.06217207933382,62.545974241263025,2266,2266,0,5,full,standard,original,none,fixed504,union,dgtw,3,ar_dgtw_3,2747782
ld3_enet_characteristics_textcore_full_dgtw_standard_original_none_fixed504_union,enet,characteristics_textcore,504,cap_spread_bp,21.532529218877094,9.481196276487003,2.2710772555438945,0.023142301592594047,2.949725986607305,40.115332451146884,2266,2266,0,5,full,standard,original,none,fixed504,union,dgtw,3,ar_dgtw_3,2747782
ld3_enet_characteristics_textcore_full_dgtw_standard_expanded_none_fixed504_union,enet,characteristics_textcore,504,rank_ic,0.07229537735282042,0.0026436380271131613,27.34692745805544,1.1746923711029216e-164,0.0671139420315181,0.07747681267412274,2266,2266,0,5,full,standard,expanded,none,fixed504,union,dgtw,3,ar_dgtw_3,2747782
ld3_enet_characteristics_textcore_full_dgtw_standard_expanded_none_fixed504_union,enet,characteristics_textcore,504,ew_spread_bp,40.57370909145548,9.114302522670231,4.4516526624539265,8.52119197706642e-06,22.710004402819266,58.43741378009169,2266,2266,0,5,full,standard,expanded,none,fixed504,union,dgtw,3,ar_dgtw_3,2747782
ld3_enet_characteristics_textcore_full_dgtw_standard_expanded_none_fixed504_union,enet,characteristics_textcore,504,cap_spread_bp,22.908338306345193,9.437173132643801,2.4274576702533674,0.015205061086718381,4.411818850494303,41.40485776219609,2266,2266,0,5,full,standard,expanded,none,fixed504,union,dgtw,3,ar_dgtw_3,2747782
ld3_group_ridge_characteristics_textcore_full_dgtw_standard_original_none_fixed504_union,group_ridge,characteristics_textcore,504,rank_ic,0.07252642039082942,0.0026251284112736267,27.62776101899029,5.164394471563175e-168,0.06738126324994026,0.07767157753171858,2266,2266,0,5,full,standard,original,none,fixed504,union,dgtw,3,ar_dgtw_3,2747782
ld3_group_ridge_characteristics_textcore_full_dgtw_standard_original_none_fixed504_union,group_ridge,characteristics_textcore,504,ew_spread_bp,39.43308997113348,9.10366921865138,4.331560058261333,1.4805654932773487e-05,21.590226175410876,57.27595376685608,2266,2266,0,5,full,standard,original,none,fixed504,union,dgtw,3,ar_dgtw_3,2747782
ld3_group_ridge_characteristics_textcore_full_dgtw_standard_original_none_fixed504_union,group_ridge,characteristics_textcore,504,cap_spread_bp,21.33173467453655,9.735703425983006,2.1910830415813227,0.02844578368974686,2.250106595446642,40.41336275362646,2266,2266,0,5,full,standard,original,none,fixed504,union,dgtw,3,ar_dgtw_3,2747782
ld3_ols_characteristics_textcore_full_dgtw_standard_original_none_fixed504_union,ols,characteristics_textcore,504,rank_ic,0.07173417547142935,0.0027961995942225506,25.654168471966383,3.7986561237384e-145,0.06625372497316764,0.07721462596969106,2266,2266,0,5,full,standard,original,none,fixed504,union,dgtw,5,ar_dgtw_5,2746618
ld3_ols_characteristics_textcore_full_dgtw_standard_original_none_fixed504_union,ols,characteristics_textcore,504,ew_spread_bp,66.22294658370971,12.900339219352796,5.13342676170589,2.84513773943761e-07,40.93874632542868,91.50714684199075,2266,2266,0,5,full,standard,original,none,fixed504,union,dgtw,5,ar_dgtw_5,2746618
ld3_ols_characteristics_textcore_full_dgtw_standard_original_none_fixed504_union,ols,characteristics_textcore,504,cap_spread_bp,21.933193060237475,14.500722754342023,1.5125586104782198,0.13039181429963143,-6.487701288073346,50.354087408548295,2266,2266,0,5,full,standard,original,none,fixed504,union,dgtw,5,ar_dgtw_5,2746618
ld3_ridge_characteristics_textcore_full_dgtw_standard_original_none_fixed504_union,ridge,characteristics_textcore,504,rank_ic,0.07723331254489338,0.0030827900880978686,25.053055945352277,1.6169839138228198e-138,0.0711911550003245,0.08327547008946226,2266,2266,0,5,full,standard,original,none,fixed504,union,dgtw,5,ar_dgtw_5,2746618
ld3_ridge_characteristics_textcore_full_dgtw_standard_original_none_fixed504_union,ridge,characteristics_textcore,504,ew_spread_bp,59.587363519205596,13.666283725040293,4.360173161781033,1.2995956046087607e-05,32.80193961562073,86.37278742279045,2266,2266,0,5,full,standard,original,none,fixed504,union,dgtw,5,ar_dgtw_5,2746618
ld3_ridge_characteristics_textcore_full_dgtw_standard_original_none_fixed504_union,ridge,characteristics_textcore,504,cap_spread_bp,38.139244558480456,14.12773738387341,2.6996003338804844,0.006942281890966041,10.449388103048449,65.82910101391246,2266,2266,0,5,full,standard,original,none,fixed504,union,dgtw,5,ar_dgtw_5,2746618
ld3_ridge_characteristics_textcore_full_dgtw_standard_expanded_none_fixed504_union,ridge,characteristics_textcore,504,rank_ic,0.0775633969346475,0.0031003783216174198,25.017397520114212,3.9538872709581314e-138,0.07148676708582863,0.08364002678346638,2266,2266,0,5,full,standard,expanded,none,fixed504,union,dgtw,5,ar_dgtw_5,2746618
ld3_ridge_characteristics_textcore_full_dgtw_standard_expanded_none_fixed504_union,ridge,characteristics_textcore,504,ew_spread_bp,59.824983364901925,13.654632644103941,4.381295705581234,1.1797562929568115e-05,33.06239516033327,86.58757156947058,2266,2266,0,5,full,standard,expanded,none,fixed504,union,dgtw,5,ar_dgtw_5,2746618
ld3_ridge_characteristics_textcore_full_dgtw_standard_expanded_none_fixed504_union,ridge,characteristics_textcore,504,cap_spread_bp,38.88602760928485,13.936121440177523,2.7903048761599707,0.005265842998604617,11.57173150236044,66.20032371620927,2266,2266,0,5,full,standard,expanded,none,fixed504,union,dgtw,5,ar_dgtw_5,2746618
ld3_lasso_characteristics_textcore_full_dgtw_standard_original_none_fixed504_union,lasso,characteristics_textcore,504,rank_ic,0.0780863650574315,0.0032132133835322736,24.30164316432401,1.8834597056328656e-130,0.07178858255106615,0.08438414756379684,2266,2266,0,5,full,standard,original,none,fixed504,union,dgtw,5,ar_dgtw_5,2746618
ld3_lasso_characteristics_textcore_full_dgtw_standard_original_none_fixed504_union,lasso,characteristics_textcore,504,ew_spread_bp,59.84972656683979,13.343522595820254,4.485301848672795,7.28107844935391e-06,33.69690285213568,86.0025502815439,2266,2266,0,5,full,standard,original,none,fixed504,union,dgtw,5,ar_dgtw_5,2746618
ld3_lasso_characteristics_textcore_full_dgtw_standard_original_none_fixed504_union,lasso,characteristics_textcore,504,cap_spread_bp,29.808238070131186,13.706926075346292,2.174684382645444,0.029653776009082193,2.943156623699501,56.67331951656287,2266,2266,0,5,full,standard,original,none,fixed504,union,dgtw,5,ar_dgtw_5,2746618
ld3_lasso_characteristics_textcore_full_dgtw_standard_expanded_none_fixed504_union,lasso,characteristics_textcore,504,rank_ic,0.07797915377610419,0.0032144863060656354,24.258667280355173,5.356632616486934e-130,0.07167887638741835,0.08427943116479003,2266,2266,0,5,full,standard,expanded,none,fixed504,union,dgtw,5,ar_dgtw_5,2746618
ld3_lasso_characteristics_textcore_full_dgtw_standard_expanded_none_fixed504_union,lasso,characteristics_textcore,504,ew_spread_bp,55.143448775221394,13.947909702152899,3.9535278011378185,7.70073116853792e-05,27.80604809938492,82.48084945105786,2266,2266,0,5,full,standard,expanded,none,fixed504,union,dgtw,5,ar_dgtw_5,2746618
ld3_lasso_characteristics_textcore_full_dgtw_standard_expanded_none_fixed504_union,lasso,characteristics_textcore,504,cap_spread_bp,31.79109623218259,13.952200576580749,2.2785721906510608,0.022692508622345203,4.445285597005345,59.13690686735983,2266,2266,0,5,full,standard,expanded,none,fixed504,union,dgtw,5,ar_dgtw_5,2746618
ld3_enet_characteristics_textcore_full_dgtw_standard_original_none_fixed504_union,enet,characteristics_textcore,504,rank_ic,0.0784117490604906,0.003224896320627232,24.314502317159693,1.3771303810876197e-130,0.0720910684181855,0.08473242970279571,2266,2266,0,5,full,standard,original,none,fixed504,union,dgtw,5,ar_dgtw_5,2746618
ld3_enet_characteristics_textcore_full_dgtw_standard_original_none_fixed504_union,enet,characteristics_textcore,504,ew_spread_bp,60.213890850026736,13.333522966471868,4.515977585326776,6.302533115467193e-06,34.08066604870422,86.34711565134926,2266,2266,0,5,full,standard,original,none,fixed504,union,dgtw,5,ar_dgtw_5,2746618
ld3_enet_characteristics_textcore_full_dgtw_standard_original_none_fixed504_union,enet,characteristics_textcore,504,cap_spread_bp,30.591316422839064,13.655193446692783,2.2402697217188177,0.02507341768346555,3.827629065393843,57.355003780284285,2266,2266,0,5,full,standard,original,none,fixed504,union,dgtw,5,ar_dgtw_5,2746618
ld3_enet_characteristics_textcore_full_dgtw_standard_expanded_none_fixed504_union,enet,characteristics_textcore,504,rank_ic,0.07840154062592412,0.0032149513368669082,24.386540389233197,2.376131856577033e-131,0.07210035179361608,0.08470272945823216,2266,2266,0,5,full,standard,expanded,none,fixed504,union,dgtw,5,ar_dgtw_5,2746618
ld3_enet_characteristics_textcore_full_dgtw_standard_expanded_none_fixed504_union,enet,characteristics_textcore,504,ew_spread_bp,53.750182226367215,13.789530439250896,3.897897935187933,9.703129354050551e-05,26.723199201716668,80.77716525101776,2266,2266,0,5,full,standard,expanded,none,fixed504,union,dgtw,5,ar_dgtw_5,2746618
ld3_enet_characteristics_textcore_full_dgtw_standard_expanded_none_fixed504_union,enet,characteristics_textcore,504,cap_spread_bp,34.757137398211725,13.667267308446162,2.5430934080532945,0.01098758516410176,7.969785706575568,61.544489089847886,2266,2266,0,5,full,standard,expanded,none,fixed504,union,dgtw,5,ar_dgtw_5,2746618
ld3_group_ridge_characteristics_textcore_full_dgtw_standard_original_none_fixed504_union,group_ridge,characteristics_textcore,504,rank_ic,0.07845029173487918,0.0031852780373166074,24.62902478710101,6.175641023588152e-134,0.0722072615009922,0.08469332196876615,2266,2266,0,5,full,standard,original,none,fixed504,union,dgtw,5,ar_dgtw_5,2746618
ld3_group_ridge_characteristics_textcore_full_dgtw_standard_original_none_fixed504_union,group_ridge,characteristics_textcore,504,ew_spread_bp,53.046976293403006,13.718790847515812,3.866738467188507,0.00011030060509621525,26.158640320834287,79.93531226597173,2266,2266,0,5,full,standard,original,none,fixed504,union,dgtw,5,ar_dgtw_5,2746618
ld3_group_ridge_characteristics_textcore_full_dgtw_standard_original_none_fixed504_union,group_ridge,characteristics_textcore,504,cap_spread_bp,30.052060183434484,14.427943422564535,2.082906711183429,0.03725972777125174,1.7738107042264346,58.330309662642534,2266,2266,0,5,full,standard,original,none,fixed504,union,dgtw,5,ar_dgtw_5,2746618
ld3_ols_characteristics_textcore_full_dgtw_standard_original_none_fixed504_union,ols,characteristics_textcore,504,rank_ic,0.08246492714637366,0.0038333510762844497,21.512490117733854,1.1894483496190624e-102,0.07495169709675828,0.08997815719598903,2266,2266,0,9,full,standard,original,none,fixed504,union,dgtw,10,ar_dgtw_10,2743765
ld3_ols_characteristics_textcore_full_dgtw_standard_original_none_fixed504_union,ols,characteristics_textcore,504,ew_spread_bp,103.92653227577803,24.184389198530454,4.297256855347541,1.729247770578738e-05,56.52600045855884,151.3270640929972,2266,2266,0,9,full,standard,original,none,fixed504,union,dgtw,10,ar_dgtw_10,2743765
ld3_ols_characteristics_textcore_full_dgtw_standard_original_none_fixed504_union,ols,characteristics_textcore,504,cap_spread_bp,48.99644592069943,22.840919156125974,2.1451170850783603,0.03194348674509178,4.229067000901516,93.76382484049734,2266,2266,0,9,full,standard,original,none,fixed504,union,dgtw,10,ar_dgtw_10,2743765
ld3_ridge_characteristics_textcore_full_dgtw_standard_original_none_fixed504_union,ridge,characteristics_textcore,504,rank_ic,0.08900063411137214,0.004250531784217819,20.93870570309122,2.3783263039011584e-97,0.08066974489916244,0.09733152332358184,2266,2266,0,9,full,standard,original,none,fixed504,union,dgtw,10,ar_dgtw_10,2743765
ld3_ridge_characteristics_textcore_full_dgtw_standard_original_none_fixed504_union,ridge,characteristics_textcore,504,ew_spread_bp,100.51916422239643,26.253980325161596,3.8287209397372672,0.00012881096298418982,49.06230833425652,151.97602011053633,2266,2266,0,9,full,standard,original,none,fixed504,union,dgtw,10,ar_dgtw_10,2743765
ld3_ridge_characteristics_textcore_full_dgtw_standard_original_none_fixed504_union,ridge,characteristics_textcore,504,cap_spread_bp,75.58889047602777,23.840660583319607,3.1705870821765068,0.0015213122594624473,28.86205436507766,122.31572658697789,2266,2266,0,9,full,standard,original,none,fixed504,union,dgtw,10,ar_dgtw_10,2743765
ld3_ridge_characteristics_textcore_full_dgtw_standard_expanded_none_fixed504_union,ridge,characteristics_textcore,504,rank_ic,0.08946233833590123,0.004272265896433104,20.94025524267882,2.3022267013213662e-97,0.08108885104651362,0.09783582562528884,2266,2266,0,9,full,standard,expanded,none,fixed504,union,dgtw,10,ar_dgtw_10,2743765
ld3_ridge_characteristics_textcore_full_dgtw_standard_expanded_none_fixed504_union,ridge,characteristics_textcore,504,ew_spread_bp,101.16822736777387,26.157058183153413,3.8677219226790487,0.00010985683697386738,49.90133538727448,152.43511934827325,2266,2266,0,9,full,standard,expanded,none,fixed504,union,dgtw,10,ar_dgtw_10,2743765
ld3_ridge_characteristics_textcore_full_dgtw_standard_expanded_none_fixed504_union,ridge,characteristics_textcore,504,cap_spread_bp,80.00740095900433,23.54308253576907,3.398340078766188,0.0006779608683542869,33.86380710384302,126.15099481416564,2266,2266,0,9,full,standard,expanded,none,fixed504,union,dgtw,10,ar_dgtw_10,2743765
ld3_lasso_characteristics_textcore_full_dgtw_standard_original_none_fixed504_union,lasso,characteristics_textcore,504,rank_ic,0.0898295799282073,0.004415973290115476,20.341966317884655,5.469307904212774e-92,0.08117443132289012,0.09848472853352447,2266,2266,0,9,full,standard,original,none,fixed504,union,dgtw,10,ar_dgtw_10,2743765
ld3_lasso_characteristics_textcore_full_dgtw_standard_original_none_fixed504_union,lasso,characteristics_textcore,504,ew_spread_bp,94.20256175754064,25.8117772532473,3.649596106199518,0.0002626529601998902,43.61240796420573,144.79271555087553,2266,2266,0,9,full,standard,original,none,fixed504,union,dgtw,10,ar_dgtw_10,2743765
ld3_lasso_characteristics_textcore_full_dgtw_standard_original_none_fixed504_union,lasso,characteristics_textcore,504,cap_spread_bp,50.49501904577182,25.32785251269393,1.9936557598187408,0.046189687222164766,0.8533403151494028,100.13669777639424,2266,2266,0,9,full,standard,original,none,fixed504,union,dgtw,10,ar_dgtw_10,2743765
ld3_lasso_characteristics_textcore_full_dgtw_standard_expanded_none_fixed504_union,lasso,characteristics_textcore,504,rank_ic,0.08975646081061862,0.004423980007623089,20.288622610399834,1.6207246011541653e-91,0.08108561932735214,0.0984273022938851,2266,2266,0,9,full,standard,expanded,none,fixed504,union,dgtw,10,ar_dgtw_10,2743765
ld3_lasso_characteristics_textcore_full_dgtw_standard_expanded_none_fixed504_union,lasso,characteristics_textcore,504,ew_spread_bp,88.93038115939723,26.911115852112143,3.304596570729617,0.0009511320192621097,36.1855633054725,141.67519901332196,2266,2266,0,9,full,standard,expanded,none,fixed504,union,dgtw,10,ar_dgtw_10,2743765
ld3_lasso_characteristics_textcore_full_dgtw_standard_expanded_none_fixed504_union,lasso,characteristics_textcore,504,cap_spread_bp,54.92839683625338,25.569566335210695,2.1481943070975733,0.0316983227732899,4.8129677189325974,105.04382595357416,2266,2266,0,9,full,standard,expanded,none,fixed504,union,dgtw,10,ar_dgtw_10,2743765
ld3_enet_characteristics_textcore_full_dgtw_standard_original_none_fixed504_union,enet,characteristics_textcore,504,rank_ic,0.0902513011768405,0.004426896319543125,20.387037477795467,2.1795047792750152e-92,0.08157474382724306,0.09892785852643796,2266,2266,0,9,full,standard,original,none,fixed504,union,dgtw,10,ar_dgtw_10,2743765
ld3_enet_characteristics_textcore_full_dgtw_standard_original_none_fixed504_union,enet,characteristics_textcore,504,ew_spread_bp,95.36181139886752,25.80618591159247,3.695308238325516,0.00021962018575455834,44.78261643380134,145.9410063639337,2266,2266,0,9,full,standard,original,none,fixed504,union,dgtw,10,ar_dgtw_10,2743765
ld3_enet_characteristics_textcore_full_dgtw_standard_original_none_fixed504_union,enet,characteristics_textcore,504,cap_spread_bp,57.01630413807144,25.247685833107948,2.2582784226229746,0.023928306658660168,7.53174921219771,106.50085906394517,2266,2266,0,9,full,standard,original,none,fixed504,union,dgtw,10,ar_dgtw_10,2743765
ld3_enet_characteristics_textcore_full_dgtw_standard_expanded_none_fixed504_union,enet,characteristics_textcore,504,rank_ic,0.09028859435732602,0.0044189588948600955,20.43209645202743,8.669848901279608e-93,0.08162759407423731,0.09894959464041472,2266,2266,0,9,full,standard,expanded,none,fixed504,union,dgtw,10,ar_dgtw_10,2743765
ld3_enet_characteristics_textcore_full_dgtw_standard_expanded_none_fixed504_union,enet,characteristics_textcore,504,ew_spread_bp,87.88551137462176,26.72918551419263,3.2879981070862194,0.0010090251791329715,35.49727043071448,140.27375231852903,2266,2266,0,9,full,standard,expanded,none,fixed504,union,dgtw,10,ar_dgtw_10,2743765
ld3_enet_characteristics_textcore_full_dgtw_standard_expanded_none_fixed504_union,enet,characteristics_textcore,504,cap_spread_bp,64.93787766029884,25.592141627232362,2.537414750440387,0.011167456308209806,14.778201783675115,115.09755353692256,2266,2266,0,9,full,standard,expanded,none,fixed504,union,dgtw,10,ar_dgtw_10,2743765
ld3_group_ridge_characteristics_textcore_full_dgtw_standard_original_none_fixed504_union,group_ridge,characteristics_textcore,504,rank_ic,0.09016759293086823,0.004390858799559044,20.535297773620822,1.0417398582902043e-93,0.08156166782253173,0.09877351803920474,2266,2266,0,9,full,standard,original,none,fixed504,union,dgtw,10,ar_dgtw_10,2743765
ld3_group_ridge_characteristics_textcore_full_dgtw_standard_original_none_fixed504_union,group_ridge,characteristics_textcore,504,ew_spread_bp,88.22329915424753,26.495997969340184,3.3296839491131838,0.0008694461238458994,36.29209739989436,140.1545009086007,2266,2266,0,9,full,standard,original,none,fixed504,union,dgtw,10,ar_dgtw_10,2743765
ld3_group_ridge_characteristics_textcore_full_dgtw_standard_original_none_fixed504_union,group_ridge,characteristics_textcore,504,cap_spread_bp,57.07628347199449,24.76401406524256,2.304807424257754,0.021177361126130858,8.539707791475742,105.61285915251324,2266,2266,0,9,full,standard,original,none,fixed504,union,dgtw,10,ar_dgtw_10,2743765
ld3_ols_characteristics_textcore_full_dgtw_standard_original_none_fixed504_union,ols,characteristics_textcore,504,rank_ic,0.11496520953875208,0.007783378795331346,14.77060445878735,2.266708890048557e-49,0.09971006742186989,0.13022035165563428,2266,2266,0,41,full,standard,original,none,fixed504,union,dgtw,42,ar_dgtw_42,2724901
ld3_ols_characteristics_textcore_full_dgtw_standard_original_none_fixed504_union,ols,characteristics_textcore,504,ew_spread_bp,264.08953658446273,111.28513573867446,2.3730890458237974,0.0176400106458184,45.97467852200958,482.2043946469159,2266,2266,0,41,full,standard,original,none,fixed504,union,dgtw,42,ar_dgtw_42,2724901
ld3_ols_characteristics_textcore_full_dgtw_standard_original_none_fixed504_union,ols,characteristics_textcore,504,cap_spread_bp,83.09871253635868,94.49101145364924,0.8794351045455913,0.37916540526502074,-102.10026677555555,268.2976918482729,2266,2266,0,41,full,standard,original,none,fixed504,union,dgtw,42,ar_dgtw_42,2724901
ld3_ridge_characteristics_textcore_full_dgtw_standard_original_none_fixed504_union,ridge,characteristics_textcore,504,rank_ic,0.1278666166956661,0.00890454685215862,14.359699467993584,9.262794428618615e-47,0.11041402556678569,0.1453192078245465,2266,2266,0,41,full,standard,original,none,fixed504,union,dgtw,42,ar_dgtw_42,2724901
ld3_ridge_characteristics_textcore_full_dgtw_standard_original_none_fixed504_union,ridge,characteristics_textcore,504,ew_spread_bp,280.52893345191,122.96589378558393,2.281355624845612,0.02252741164241955,39.52021030538785,521.5376565984321,2266,2266,0,41,full,standard,original,none,fixed504,union,dgtw,42,ar_dgtw_42,2724901
ld3_ridge_characteristics_textcore_full_dgtw_standard_original_none_fixed504_union,ridge,characteristics_textcore,504,cap_spread_bp,187.43325853460482,102.1793249437739,1.8343560073208889,0.06660116540442278,-12.834538319807223,387.70105538901686,2266,2266,0,41,full,standard,original,none,fixed504,union,dgtw,42,ar_dgtw_42,2724901
ld3_ridge_characteristics_textcore_full_dgtw_standard_expanded_none_fixed504_union,ridge,characteristics_textcore,504,rank_ic,0.1286271239228061,0.008887245388375932,14.473227451449002,1.7887782566018717e-47,0.11120844303981958,0.1460458048057926,2266,2266,0,41,full,standard,expanded,none,fixed504,union,dgtw,42,ar_dgtw_42,2724901
ld3_ridge_characteristics_textcore_full_dgtw_standard_expanded_none_fixed504_union,ridge,characteristics_textcore,504,ew_spread_bp,280.6724951680368,122.29547663600451,2.2950357845484297,0.021731073617011282,40.9777654893083,520.3672248467653,2266,2266,0,41,full,standard,expanded,none,fixed504,union,dgtw,42,ar_dgtw_42,2724901
ld3_ridge_characteristics_textcore_full_dgtw_standard_expanded_none_fixed504_union,ridge,characteristics_textcore,504,cap_spread_bp,187.88310153639958,101.0579114873735,1.859162719386639,0.06300407735627468,-10.186765331689088,385.9529684044883,2266,2266,0,41,full,standard,expanded,none,fixed504,union,dgtw,42,ar_dgtw_42,2724901
ld3_lasso_characteristics_textcore_full_dgtw_standard_original_none_fixed504_union,lasso,characteristics_textcore,504,rank_ic,0.1295439212629351,0.009158287267023255,14.144994307984962,2.0053287780767367e-45,0.11159400805949776,0.14749383446637243,2266,2266,0,41,full,standard,original,none,fixed504,union,dgtw,42,ar_dgtw_42,2724901
ld3_lasso_characteristics_textcore_full_dgtw_standard_original_none_fixed504_union,lasso,characteristics_textcore,504,ew_spread_bp,261.3045129866253,120.13073205965054,2.175167906717453,0.029617536210729933,25.85260471327902,496.7564212599716,2266,2266,0,41,full,standard,original,none,fixed504,union,dgtw,42,ar_dgtw_42,2724901
ld3_lasso_characteristics_textcore_full_dgtw_standard_original_none_fixed504_union,lasso,characteristics_textcore,504,cap_spread_bp,147.3048540858192,101.14592060367957,1.4563598136894154,0.14529317855458446,-50.937507480540575,345.5472156521789,2266,2266,0,41,full,standard,original,none,fixed504,union,dgtw,42,ar_dgtw_42,2724901
ld3_lasso_characteristics_textcore_full_dgtw_standard_expanded_none_fixed504_union,lasso,characteristics_textcore,504,rank_ic,0.12989279102604398,0.009142469900243777,14.207625777644669,8.216422168109632e-46,0.11197387929182467,0.14781170276026329,2266,2266,0,41,full,standard,expanded,none,fixed504,union,dgtw,42,ar_dgtw_42,2724901
ld3_lasso_characteristics_textcore_full_dgtw_standard_expanded_none_fixed504_union,lasso,characteristics_textcore,504,ew_spread_bp,253.3947576538401,123.98679517086882,2.043723747392869,0.04098084583746527,10.385104560392506,496.40441074728767,2266,2266,0,41,full,standard,expanded,none,fixed504,union,dgtw,42,ar_dgtw_42,2724901
ld3_lasso_characteristics_textcore_full_dgtw_standard_expanded_none_fixed504_union,lasso,characteristics_textcore,504,cap_spread_bp,172.68323682485897,98.77109853248307,1.74831746726061,0.0804090702641394,-20.904559012264826,366.27103266198276,2266,2266,0,41,full,standard,expanded,none,fixed504,union,dgtw,42,ar_dgtw_42,2724901
ld3_enet_characteristics_textcore_full_dgtw_standard_original_none_fixed504_union,enet,characteristics_textcore,504,rank_ic,0.12991648277721604,0.009169800886560421,14.167863008631535,1.4484140537872494e-45,0.11194400329415416,0.14788896226027792,2266,2266,0,41,full,standard,original,none,fixed504,union,dgtw,42,ar_dgtw_42,2724901
ld3_enet_characteristics_textcore_full_dgtw_standard_original_none_fixed504_union,enet,characteristics_textcore,504,ew_spread_bp,261.0703452097497,120.50438050316102,2.1664801239561693,0.030274517084937166,24.886099444243428,497.25459097525595,2266,2266,0,41,full,standard,original,none,fixed504,union,dgtw,42,ar_dgtw_42,2724901
ld3_enet_characteristics_textcore_full_dgtw_standard_original_none_fixed504_union,enet,characteristics_textcore,504,cap_spread_bp,153.07891141418594,101.30978557357459,1.5109982766967252,0.13078888993758947,-45.4846195914958,351.6424424198677,2266,2266,0,41,full,standard,original,none,fixed504,union,dgtw,42,ar_dgtw_42,2724901
ld3_enet_characteristics_textcore_full_dgtw_standard_expanded_none_fixed504_union,enet,characteristics_textcore,504,rank_ic,0.13077515470775652,0.009188744730341277,14.23210226701982,5.7914218667890724e-46,0.11276554597315541,0.14878476344235764,2266,2266,0,41,full,standard,expanded,none,fixed504,union,dgtw,42,ar_dgtw_42,2724901
ld3_enet_characteristics_textcore_full_dgtw_standard_expanded_none_fixed504_union,enet,characteristics_textcore,504,ew_spread_bp,248.98219835382392,123.86782607701184,2.0100635188271183,0.04442446655345104,6.20572039960939,491.75867630803845,2266,2266,0,41,full,standard,expanded,none,fixed504,union,dgtw,42,ar_dgtw_42,2724901
ld3_enet_characteristics_textcore_full_dgtw_standard_expanded_none_fixed504_union,enet,characteristics_textcore,504,cap_spread_bp,192.9159424407556,99.10087295365413,1.9466623924793818,0.05157522312451375,-1.3181993848860145,387.15008426639724,2266,2266,0,41,full,standard,expanded,none,fixed504,union,dgtw,42,ar_dgtw_42,2724901
ld3_group_ridge_characteristics_textcore_full_dgtw_standard_original_none_fixed504_union,group_ridge,characteristics_textcore,504,rank_ic,0.12919656056748594,0.00911205239307478,14.178645489975032,1.2422111561619443e-45,0.11133726605181735,0.14705585508315452,2266,2266,0,41,full,standard,original,none,fixed504,union,dgtw,42,ar_dgtw_42,2724901
ld3_group_ridge_characteristics_textcore_full_dgtw_standard_original_none_fixed504_union,group_ridge,characteristics_textcore,504,ew_spread_bp,246.11639250062953,120.5006368605175,2.0424488941541066,0.04110702393095211,9.939484139875532,482.2933008613835,2266,2266,0,41,full,standard,original,none,fixed504,union,dgtw,42,ar_dgtw_42,2724901
ld3_group_ridge_characteristics_textcore_full_dgtw_standard_original_none_fixed504_union,group_ridge,characteristics_textcore,504,cap_spread_bp,167.277719943214,95.6104074289151,1.7495764785604797,0.08019142140297147,-20.11523516466042,354.67067505108844,2266,2266,0,41,full,standard,original,none,fixed504,union,dgtw,42,ar_dgtw_42,2724901
ld3_ols_characteristics_textcore_full_dgtw_standard_original_none_fixed504_union,ols,characteristics_textcore,504,rank_ic,0.12937250254128616,0.008698229265625882,14.873429820083862,4.903548738336596e-50,0.11232428645138715,0.14642071863118516,2266,2266,0,62,full,standard,original,none,fixed504,union,dgtw,63,ar_dgtw_63,2711735
ld3_ols_characteristics_textcore_full_dgtw_standard_original_none_fixed504_union,ols,characteristics_textcore,504,ew_spread_bp,338.99067680168713,166.81562105291584,2.0321278946301757,0.04214071012049711,12.038067479290476,665.9432861240838,2266,2266,0,62,full,standard,original,none,fixed504,union,dgtw,63,ar_dgtw_63,2711735
ld3_ols_characteristics_textcore_full_dgtw_standard_original_none_fixed504_union,ols,characteristics_textcore,504,cap_spread_bp,92.5857864017842,138.0296303333533,0.6707674734633545,0.502368671412493,-177.94731785096565,363.1188906545341,2266,2266,0,62,full,standard,original,none,fixed504,union,dgtw,63,ar_dgtw_63,2711735
ld3_ridge_characteristics_textcore_full_dgtw_standard_original_none_fixed504_union,ridge,characteristics_textcore,504,rank_ic,0.14522219966246555,0.010080350563615798,14.406463222284472,4.712310259845862e-47,0.12546507560624054,0.16497932371869056,2266,2266,0,62,full,standard,original,none,fixed504,union,dgtw,63,ar_dgtw_63,2711735
ld3_ridge_characteristics_textcore_full_dgtw_standard_original_none_fixed504_union,ridge,characteristics_textcore,504,ew_spread_bp,369.76702487461205,184.44418739276045,2.004763772182314,0.04498830722621064,8.263060427044877,731.2709893221793,2266,2266,0,62,full,standard,original,none,fixed504,union,dgtw,63,ar_dgtw_63,2711735
ld3_ridge_characteristics_textcore_full_dgtw_standard_original_none_fixed504_union,ridge,characteristics_textcore,504,cap_spread_bp,230.01381140898516,149.7410422289156,1.536077270367553,0.1245194301961984,-63.473238367180755,523.500861185151,2266,2266,0,62,full,standard,original,none,fixed504,union,dgtw,63,ar_dgtw_63,2711735
ld3_ridge_characteristics_textcore_full_dgtw_standard_expanded_none_fixed504_union,ridge,characteristics_textcore,504,rank_ic,0.1459109125626376,0.010044597163948801,14.52630804213119,8.255130913773191e-48,0.12622386388208479,0.16559796124319043,2266,2266,0,62,full,standard,expanded,none,fixed504,union,dgtw,63,ar_dgtw_63,2711735
ld3_ridge_characteristics_textcore_full_dgtw_standard_expanded_none_fixed504_union,ridge,characteristics_textcore,504,ew_spread_bp,371.7684634368178,183.90337680986983,2.02154234406024,0.04322365359733648,11.324468254174349,732.2124586194612,2266,2266,0,62,full,standard,expanded,none,fixed504,union,dgtw,63,ar_dgtw_63,2711735
ld3_ridge_characteristics_textcore_full_dgtw_standard_expanded_none_fixed504_union,ridge,characteristics_textcore,504,cap_spread_bp,242.73338513301954,148.09964114533025,1.6389869904872028,0.10121596912732363,-47.53657763513408,533.0033479011731,2266,2266,0,62,full,standard,expanded,none,fixed504,union,dgtw,63,ar_dgtw_63,2711735
ld3_lasso_characteristics_textcore_full_dgtw_standard_original_none_fixed504_union,lasso,characteristics_textcore,504,rank_ic,0.14692434906953278,0.010270775446773182,14.305088240994763,2.0337968421258593e-46,0.12679399910055905,0.1670546990385065,2266,2266,0,62,full,standard,original,none,fixed504,union,dgtw,63,ar_dgtw_63,2711735
ld3_lasso_characteristics_textcore_full_dgtw_standard_original_none_fixed504_union,lasso,characteristics_textcore,504,ew_spread_bp,351.8668743018731,177.65857150327454,1.9805792162152311,0.04763848161970867,3.6624726106210233,700.0712759931253,2266,2266,0,62,full,standard,original,none,fixed504,union,dgtw,63,ar_dgtw_63,2711735
ld3_lasso_characteristics_textcore_full_dgtw_standard_original_none_fixed504_union,lasso,characteristics_textcore,504,cap_spread_bp,179.16291233792825,152.75223793416237,1.1728987722926136,0.24083640195683675,-120.225972570923,478.55179724677953,2266,2266,0,62,full,standard,original,none,fixed504,union,dgtw,63,ar_dgtw_63,2711735
ld3_lasso_characteristics_textcore_full_dgtw_standard_expanded_none_fixed504_union,lasso,characteristics_textcore,504,rank_ic,0.14762776191753663,0.010244429430649252,14.41054017863253,4.442224053134096e-47,0.12754904919130192,0.16770647464377134,2266,2266,0,62,full,standard,expanded,none,fixed504,union,dgtw,63,ar_dgtw_63,2711735
ld3_lasso_characteristics_textcore_full_dgtw_standard_expanded_none_fixed504_union,lasso,characteristics_textcore,504,ew_spread_bp,340.89383961475403,183.31547124795807,1.8596021235635407,0.0629418386658879,-18.397881840231605,700.1855610697396,2266,2266,0,62,full,standard,expanded,none,fixed504,union,dgtw,63,ar_dgtw_63,2711735
ld3_lasso_characteristics_textcore_full_dgtw_standard_expanded_none_fixed504_union,lasso,characteristics_textcore,504,cap_spread_bp,219.91911641304273,147.74058722670844,1.4885490882446277,0.1366061466499759,-69.64711360610414,509.4853464321896,2266,2266,0,62,full,standard,expanded,none,fixed504,union,dgtw,63,ar_dgtw_63,2711735
ld3_enet_characteristics_textcore_full_dgtw_standard_original_none_fixed504_union,enet,characteristics_textcore,504,rank_ic,0.14740642617688535,0.010281097039714793,14.337616463249969,1.2735478596513516e-46,0.12725584625748299,0.1675570060962877,2266,2266,0,62,full,standard,original,none,fixed504,union,dgtw,63,ar_dgtw_63,2711735
ld3_enet_characteristics_textcore_full_dgtw_standard_original_none_fixed504_union,enet,characteristics_textcore,504,ew_spread_bp,353.5912128693848,178.34682336055258,1.9826044905467792,0.04741162539316296,4.037862325574963,703.1445634131946,2266,2266,0,62,full,standard,original,none,fixed504,union,dgtw,63,ar_dgtw_63,2711735
ld3_enet_characteristics_textcore_full_dgtw_standard_original_none_fixed504_union,enet,characteristics_textcore,504,cap_spread_bp,183.4105792754815,153.0820575344462,1.1981193761666735,0.23087054662277673,-116.62474017132149,483.4458987222845,2266,2266,0,62,full,standard,original,none,fixed504,union,dgtw,63,ar_dgtw_63,2711735
ld3_enet_characteristics_textcore_full_dgtw_standard_expanded_none_fixed504_union,enet,characteristics_textcore,504,rank_ic,0.14876260773276126,0.010295228431772826,14.449665562898494,2.519060232308606e-47,0.12858433079387374,0.16894088467164878,2266,2266,0,62,full,standard,expanded,none,fixed504,union,dgtw,63,ar_dgtw_63,2711735
ld3_enet_characteristics_textcore_full_dgtw_standard_expanded_none_fixed504_union,enet,characteristics_textcore,504,ew_spread_bp,340.4267101853091,182.17740384619776,1.8686549648754047,0.06167083338185984,-16.634440150247258,697.4878605208655,2266,2266,0,62,full,standard,expanded,none,fixed504,union,dgtw,63,ar_dgtw_63,2711735
ld3_enet_characteristics_textcore_full_dgtw_standard_expanded_none_fixed504_union,enet,characteristics_textcore,504,cap_spread_bp,243.04471373837728,147.5934526539125,1.6467174482887506,0.0996161361170373,-46.23313781720887,532.3225652939634,2266,2266,0,62,full,standard,expanded,none,fixed504,union,dgtw,63,ar_dgtw_63,2711735
ld3_group_ridge_characteristics_textcore_full_dgtw_standard_original_none_fixed504_union,group_ridge,characteristics_textcore,504,rank_ic,0.14693084769736148,0.01025451135227087,14.328410457590797,1.4541079018651293e-46,0.12683237476785345,0.1670293206268695,2266,2266,0,62,full,standard,original,none,fixed504,union,dgtw,63,ar_dgtw_63,2711735
ld3_group_ridge_characteristics_textcore_full_dgtw_standard_original_none_fixed504_union,group_ridge,characteristics_textcore,504,ew_spread_bp,331.78116112541807,182.51437015450006,1.8178358276368174,0.06908922888657812,-25.940431038414204,689.5027532892503,2266,2266,0,62,full,standard,original,none,fixed504,union,dgtw,63,ar_dgtw_63,2711735
ld3_group_ridge_characteristics_textcore_full_dgtw_standard_original_none_fixed504_union,group_ridge,characteristics_textcore,504,cap_spread_bp,217.07406145007684,144.04673300980144,1.5069696959757246,0.13181842500649937,-65.2523473397909,499.4004702399446,2266,2266,0,62,full,standard,original,none,fixed504,union,dgtw,63,ar_dgtw_63,2711735
ld3_group_ridge_characteristics_textcore_full_dgtw_standard_expanded_none_fixed504_union,group_ridge,characteristics_textcore,504,rank_ic,0.07251305458582223,0.002617982253451274,27.698069568740813,7.366174270354732e-169,0.06738190365689273,0.07764420551475174,2266,2266,0,5,full,standard,expanded,none,fixed504,union,dgtw,3,ar_dgtw_3,2747782
ld3_group_ridge_characteristics_textcore_full_dgtw_standard_expanded_none_fixed504_union,group_ridge,characteristics_textcore,504,ew_spread_bp,39.854187628956765,9.15216764173792,4.35461730915025,1.3329958259559548e-05,21.91626867067756,57.79210658723597,2266,2266,0,5,full,standard,expanded,none,fixed504,union,dgtw,3,ar_dgtw_3,2747782
ld3_group_ridge_characteristics_textcore_full_dgtw_standard_expanded_none_fixed504_union,group_ridge,characteristics_textcore,504,cap_spread_bp,22.416739711879643,9.717555708565731,2.306829040570353,0.021064352613692848,3.3706805053292044,41.46279891843008,2266,2266,0,5,full,standard,expanded,none,fixed504,union,dgtw,3,ar_dgtw_3,2747782
ld3_ols_characteristics_textcore_pca_dgtw_standard_original_original_fixed504_union,ols,characteristics_textcore,504,rank_ic,0.07105574334408454,0.0025188216011684163,28.209915029759795,4.419474246873257e-175,0.06611894372231293,0.07599254296585616,2266,2266,0,5,pca,standard,original,original,fixed504,union,dgtw,3,ar_dgtw_3,2747782
ld3_ols_characteristics_textcore_pca_dgtw_standard_original_original_fixed504_union,ols,characteristics_textcore,504,ew_spread_bp,49.37001737063568,8.914080016662847,5.538431030274538,3.051933891042688e-08,31.898741582668293,66.84129315860307,2266,2266,0,5,pca,standard,original,original,fixed504,union,dgtw,3,ar_dgtw_3,2747782
ld3_ols_characteristics_textcore_pca_dgtw_standard_original_original_fixed504_union,ols,characteristics_textcore,504,cap_spread_bp,18.061962089129764,10.263423094444592,1.7598380114434122,0.07843527609123879,-2.053977534078271,38.1779017123378,2266,2266,0,5,pca,standard,original,original,fixed504,union,dgtw,3,ar_dgtw_3,2747782
ld3_ols_characteristics_textcore_pca_dgtw_standard_original_expanded_fixed504_union,ols,characteristics_textcore,504,rank_ic,0.07122986821674424,0.0025225189997264206,28.237594335055338,2.0214772485061407e-175,0.06628582182696245,0.07617391460652602,2266,2266,0,5,pca,standard,original,expanded,fixed504,union,dgtw,3,ar_dgtw_3,2747782
ld3_ols_characteristics_textcore_pca_dgtw_standard_original_expanded_fixed504_union,ols,characteristics_textcore,504,ew_spread_bp,49.212650700874484,8.97577940304523,5.482827561936071,4.185809789568072e-08,31.62044633772941,66.80485506401956,2266,2266,0,5,pca,standard,original,expanded,fixed504,union,dgtw,3,ar_dgtw_3,2747782
ld3_ols_characteristics_textcore_pca_dgtw_standard_original_expanded_fixed504_union,ols,characteristics_textcore,504,cap_spread_bp,20.030119666379647,10.151933477305603,1.9730349604000545,0.04849157937644314,0.13269567741419053,39.927543655345104,2266,2266,0,5,pca,standard,original,expanded,fixed504,union,dgtw,3,ar_dgtw_3,2747782
ld3_ridge_characteristics_textcore_pca_dgtw_standard_original_original_fixed504_union,ridge,characteristics_textcore,504,rank_ic,0.07237494811498085,0.0026118834177670655,27.709869293038807,5.309907717860264e-169,0.06725575068434002,0.07749414554562169,2266,2266,0,5,pca,standard,original,original,fixed504,union,dgtw,3,ar_dgtw_3,2747782
ld3_ridge_characteristics_textcore_pca_dgtw_standard_original_original_fixed504_union,ridge,characteristics_textcore,504,ew_spread_bp,44.92963048528981,9.166645843793367,4.90142536876901,9.514379425157391e-07,26.96333477242104,62.89592619815859,2266,2266,0,5,pca,standard,original,original,fixed504,union,dgtw,3,ar_dgtw_3,2747782
ld3_ridge_characteristics_textcore_pca_dgtw_standard_original_original_fixed504_union,ridge,characteristics_textcore,504,cap_spread_bp,22.319328306933578,10.361957808972779,2.1539682672329064,0.031242660553075653,2.01026419202336,42.6283924218438,2266,2266,0,5,pca,standard,original,original,fixed504,union,dgtw,3,ar_dgtw_3,2747782
ld3_ridge_characteristics_textcore_pca_dgtw_standard_original_expanded_fixed504_union,ridge,characteristics_textcore,504,rank_ic,0.07256948728046445,0.0026180716314178343,27.718679049726365,4.1582794225811745e-169,0.06743816117393947,0.07770081338698942,2266,2266,0,5,pca,standard,original,expanded,fixed504,union,dgtw,3,ar_dgtw_3,2747782
ld3_ridge_characteristics_textcore_pca_dgtw_standard_original_expanded_fixed504_union,ridge,characteristics_textcore,504,ew_spread_bp,45.18191903487566,9.154899849396772,4.935271797413792,8.00392170564873e-07,27.238645047986825,63.1251930217645,2266,2266,0,5,pca,standard,original,expanded,fixed504,union,dgtw,3,ar_dgtw_3,2747782
ld3_ridge_characteristics_textcore_pca_dgtw_standard_original_expanded_fixed504_union,ridge,characteristics_textcore,504,cap_spread_bp,19.16168872203434,10.26318104124357,1.8670321262999523,0.06189710163745523,-0.9537764856173467,39.27715392968603,2266,2266,0,5,pca,standard,original,expanded,fixed504,union,dgtw,3,ar_dgtw_3,2747782
ld3_ridge_characteristics_textcore_pca_dgtw_standard_expanded_original_fixed504_union,ridge,characteristics_textcore,504,rank_ic,0.07241640142395862,0.0026182270069022894,27.658564835306947,2.2015496649155746e-168,0.06728477078708003,0.07754803206083721,2266,2266,0,5,pca,standard,expanded,original,fixed504,union,dgtw,3,ar_dgtw_3,2747782
ld3_ridge_characteristics_textcore_pca_dgtw_standard_expanded_original_fixed504_union,ridge,characteristics_textcore,504,ew_spread_bp,45.19070689765498,9.147529457126163,4.940208950346723,7.803889800209929e-07,27.261878614168463,63.11953518114149,2266,2266,0,5,pca,standard,expanded,original,fixed504,union,dgtw,3,ar_dgtw_3,2747782
ld3_ridge_characteristics_textcore_pca_dgtw_standard_expanded_original_fixed504_union,ridge,characteristics_textcore,504,cap_spread_bp,21.977046701670282,10.41464125734565,2.1102067904806074,0.03484054789669504,1.5647249253678623,42.3893684779727,2266,2266,0,5,pca,standard,expanded,original,fixed504,union,dgtw,3,ar_dgtw_3,2747782
ld3_ridge_characteristics_textcore_pca_dgtw_standard_expanded_expanded_fixed504_union,ridge,characteristics_textcore,504,rank_ic,0.07258276873253908,0.002621719042021026,27.685181962361078,1.0530138096541707e-168,0.06744429383259501,0.07772124363248314,2266,2266,0,5,pca,standard,expanded,expanded,fixed504,union,dgtw,3,ar_dgtw_3,2747782
ld3_ridge_characteristics_textcore_pca_dgtw_standard_expanded_expanded_fixed504_union,ridge,characteristics_textcore,504,ew_spread_bp,45.18488714309161,9.111462503281306,4.959125620812158,7.081116881742906e-07,27.326748790173085,63.04302549601013,2266,2266,0,5,pca,standard,expanded,expanded,fixed504,union,dgtw,3,ar_dgtw_3,2747782
ld3_ridge_characteristics_textcore_pca_dgtw_standard_expanded_expanded_fixed504_union,ridge,characteristics_textcore,504,cap_spread_bp,20.881550937354525,10.336138876766556,2.0202467465188394,0.04335779959895243,0.6230909996877863,41.14001087502126,2266,2266,0,5,pca,standard,expanded,expanded,fixed504,union,dgtw,3,ar_dgtw_3,2747782
ld3_lasso_characteristics_textcore_pca_dgtw_standard_original_original_fixed504_union,lasso,characteristics_textcore,504,rank_ic,0.07227013794286075,0.002620239911801764,27.581496494786766,1.8551942008777154e-167,0.06713456208487488,0.07740571380084661,2266,2266,0,5,pca,standard,original,original,fixed504,union,dgtw,3,ar_dgtw_3,2747782
ld3_lasso_characteristics_textcore_pca_dgtw_standard_original_original_fixed504_union,lasso,characteristics_textcore,504,ew_spread_bp,47.497161270550315,8.771309563002795,5.415059282697349,6.126840299430645e-08,30.305710429813075,64.68861211128755,2266,2266,0,5,pca,standard,original,original,fixed504,union,dgtw,3,ar_dgtw_3,2747782
ld3_lasso_characteristics_textcore_pca_dgtw_standard_original_original_fixed504_union,lasso,characteristics_textcore,504,cap_spread_bp,22.296666687487,9.251431145260607,2.410077569340102,0.0159491291397518,4.1641948373240645,40.42913853764993,2266,2266,0,5,pca,standard,original,original,fixed504,union,dgtw,3,ar_dgtw_3,2747782
ld3_group_ridge_characteristics_textcore_full_dgtw_standard_expanded_none_fixed504_union,group_ridge,characteristics_textcore,504,rank_ic,0.07837298665763123,0.00317879453940676,24.654939375936365,3.2575573797472023e-134,0.07214266384614139,0.08460330946912108,2266,2266,0,5,full,standard,expanded,none,fixed504,union,dgtw,5,ar_dgtw_5,2746618
ld3_group_ridge_characteristics_textcore_full_dgtw_standard_expanded_none_fixed504_union,group_ridge,characteristics_textcore,504,ew_spread_bp,53.015729373245335,13.649310906142198,3.8841323007294255,0.00010269597957582676,26.26357158341686,79.76788716307381,2266,2266,0,5,full,standard,expanded,none,fixed504,union,dgtw,5,ar_dgtw_5,2746618
ld3_group_ridge_characteristics_textcore_full_dgtw_standard_expanded_none_fixed504_union,group_ridge,characteristics_textcore,504,cap_spread_bp,30.756976615719296,14.432371020408617,2.1311104441693107,0.033080044492442645,2.470049204198819,59.043904027239776,2266,2266,0,5,full,standard,expanded,none,fixed504,union,dgtw,5,ar_dgtw_5,2746618
ld3_ols_characteristics_textcore_pca_dgtw_standard_original_original_fixed504_union,ols,characteristics_textcore,504,rank_ic,0.07690379381348506,0.0030387198422521414,25.307957892060216,2.610825066064902e-141,0.07094801236356363,0.08285957526340648,2266,2266,0,5,pca,standard,original,original,fixed504,union,dgtw,5,ar_dgtw_5,2746618
ld3_ols_characteristics_textcore_pca_dgtw_standard_original_original_fixed504_union,ols,characteristics_textcore,504,ew_spread_bp,66.991174374728,13.614301738662766,4.92064710042985,8.62585404281391e-07,40.307633292287946,93.67471545716806,2266,2266,0,5,pca,standard,original,original,fixed504,union,dgtw,5,ar_dgtw_5,2746618
ld3_ols_characteristics_textcore_pca_dgtw_standard_original_original_fixed504_union,ols,characteristics_textcore,504,cap_spread_bp,24.884728456924748,15.671695081002945,1.5878772735369093,0.11231409345949382,-5.831229478534549,55.60068639238405,2266,2266,0,5,pca,standard,original,original,fixed504,union,dgtw,5,ar_dgtw_5,2746618
ld3_ols_characteristics_textcore_pca_dgtw_standard_original_expanded_fixed504_union,ols,characteristics_textcore,504,rank_ic,0.0770742422756821,0.003047071315175306,25.29453179905237,3.668900990499991e-141,0.0711020922396134,0.0830463923117508,2266,2266,0,5,pca,standard,original,expanded,fixed504,union,dgtw,5,ar_dgtw_5,2746618
ld3_ols_characteristics_textcore_pca_dgtw_standard_original_expanded_fixed504_union,ols,characteristics_textcore,504,ew_spread_bp,65.46662855418421,13.667084141982167,4.790094790818302,1.6670254338679114e-06,38.67963586222066,92.25362124614776,2266,2266,0,5,pca,standard,original,expanded,fixed504,union,dgtw,5,ar_dgtw_5,2746618
ld3_ols_characteristics_textcore_pca_dgtw_standard_original_expanded_fixed504_union,ols,characteristics_textcore,504,cap_spread_bp,26.422939003869768,15.557586984307973,1.698395710756497,0.08943310110713822,-4.06937117172297,56.915249179462506,2266,2266,0,5,pca,standard,original,expanded,fixed504,union,dgtw,5,ar_dgtw_5,2746618
ld3_ridge_characteristics_textcore_pca_dgtw_standard_original_original_fixed504_union,ridge,characteristics_textcore,504,rank_ic,0.07834234766517811,0.0031709337033809046,24.706397229827964,9.129129614998279e-135,0.07212743180918732,0.08455726352116891,2266,2266,0,5,pca,standard,original,original,fixed504,union,dgtw,5,ar_dgtw_5,2746618
ld3_ridge_characteristics_textcore_pca_dgtw_standard_original_original_fixed504_union,ridge,characteristics_textcore,504,ew_spread_bp,60.56650873465912,13.810323967141377,4.385596520310732,1.1566835326411952e-05,33.4987711442317,87.63424632508654,2266,2266,0,5,pca,standard,original,original,fixed504,union,dgtw,5,ar_dgtw_5,2746618
ld3_ridge_characteristics_textcore_pca_dgtw_standard_original_original_fixed504_union,ridge,characteristics_textcore,504,cap_spread_bp,31.373085396686093,15.808188118975947,1.9846098212246248,0.04718789880508552,0.3896060226592546,62.356564770712936,2266,2266,0,5,pca,standard,original,original,fixed504,union,dgtw,5,ar_dgtw_5,2746618
ld3_ridge_characteristics_textcore_pca_dgtw_standard_original_expanded_fixed504_union,ridge,characteristics_textcore,504,rank_ic,0.07853420360870014,0.003179282587744295,24.701863216386897,1.021300749172641e-134,0.07230292424004602,0.08476548297735427,2266,2266,0,5,pca,standard,original,expanded,fixed504,union,dgtw,5,ar_dgtw_5,2746618
ld3_ridge_characteristics_textcore_pca_dgtw_standard_original_expanded_fixed504_union,ridge,characteristics_textcore,504,ew_spread_bp,60.58758221826883,13.793720866427616,4.3924030944929635,1.1210460256879119e-05,33.55238610727207,87.62277832926559,2266,2266,0,5,pca,standard,original,expanded,fixed504,union,dgtw,5,ar_dgtw_5,2746618
ld3_ridge_characteristics_textcore_pca_dgtw_standard_original_expanded_fixed504_union,ridge,characteristics_textcore,504,cap_spread_bp,28.284448688312104,15.04288128410192,1.8802547300698667,0.06007336980345999,-1.199056852239302,57.76795422886351,2266,2266,0,5,pca,standard,original,expanded,fixed504,union,dgtw,5,ar_dgtw_5,2746618
ld3_ridge_characteristics_textcore_pca_dgtw_standard_expanded_original_fixed504_union,ridge,characteristics_textcore,504,rank_ic,0.07842915182445374,0.0031791701193973313,24.669693309561364,2.262601323274808e-134,0.07219809288970908,0.08466021075919841,2266,2266,0,5,pca,standard,expanded,original,fixed504,union,dgtw,5,ar_dgtw_5,2746618
ld3_ridge_characteristics_textcore_pca_dgtw_standard_expanded_original_fixed504_union,ridge,characteristics_textcore,504,ew_spread_bp,60.56315952017805,13.811211150943315,4.385072305265679,1.159472585545988e-05,33.49368308145117,87.63263595890493,2266,2266,0,5,pca,standard,expanded,original,fixed504,union,dgtw,5,ar_dgtw_5,2746618
ld3_ridge_characteristics_textcore_pca_dgtw_standard_expanded_original_fixed504_union,ridge,characteristics_textcore,504,cap_spread_bp,30.588073779074563,15.76149539932226,1.9406834823800945,0.05229668108792046,-0.30388954609082575,61.480037104239955,2266,2266,0,5,pca,standard,expanded,original,fixed504,union,dgtw,5,ar_dgtw_5,2746618
ld3_ridge_characteristics_textcore_pca_dgtw_standard_expanded_expanded_fixed504_union,ridge,characteristics_textcore,504,rank_ic,0.07860097980803019,0.0031838265416379297,24.687582310182535,1.4539972610300483e-134,0.07236079445339713,0.08484116516266324,2266,2266,0,5,pca,standard,expanded,expanded,fixed504,union,dgtw,5,ar_dgtw_5,2746618
ld3_ridge_characteristics_textcore_pca_dgtw_standard_expanded_expanded_fixed504_union,ridge,characteristics_textcore,504,ew_spread_bp,60.49360242292651,13.739919211412296,4.402762599410401,1.0688110075967608e-05,33.56385561806843,87.42334922778458,2266,2266,0,5,pca,standard,expanded,expanded,fixed504,union,dgtw,5,ar_dgtw_5,2746618
ld3_ridge_characteristics_textcore_pca_dgtw_standard_expanded_expanded_fixed504_union,ridge,characteristics_textcore,504,cap_spread_bp,30.083808472750892,15.073279496877205,1.9958369695847198,0.04595167128161154,0.5407235299655433,59.626893415536244,2266,2266,0,5,pca,standard,expanded,expanded,fixed504,union,dgtw,5,ar_dgtw_5,2746618
ld3_lasso_characteristics_textcore_pca_dgtw_standard_original_original_fixed504_union,lasso,characteristics_textcore,504,rank_ic,0.07814756263052634,0.0031731316355450637,24.627898116525056,6.349692881020008e-134,0.07192833890665334,0.08436678635439934,2266,2266,0,5,pca,standard,original,original,fixed504,union,dgtw,5,ar_dgtw_5,2746618
ld3_lasso_characteristics_textcore_pca_dgtw_standard_original_original_fixed504_union,lasso,characteristics_textcore,504,ew_spread_bp,63.39449933791817,13.301331535432746,4.766026556743192,1.878945046267287e-06,37.32436858204313,89.4646300937932,2266,2266,0,5,pca,standard,original,original,fixed504,union,dgtw,5,ar_dgtw_5,2746618
ld3_lasso_characteristics_textcore_pca_dgtw_standard_original_original_fixed504_union,lasso,characteristics_textcore,504,cap_spread_bp,30.84995141547188,13.762670943663686,2.2415671741156578,0.024989359509165525,3.875612034815177,57.82429079612859,2266,2266,0,5,pca,standard,original,original,fixed504,union,dgtw,5,ar_dgtw_5,2746618
ld3_group_ridge_characteristics_textcore_full_dgtw_standard_expanded_none_fixed504_union,group_ridge,characteristics_textcore,504,rank_ic,0.09010337109571102,0.004379904332395462,20.571995244113378,4.891179194815846e-94,0.08151891634848497,0.09868782584293707,2266,2266,0,9,full,standard,expanded,none,fixed504,union,dgtw,10,ar_dgtw_10,2743765
ld3_group_ridge_characteristics_textcore_full_dgtw_standard_expanded_none_fixed504_union,group_ridge,characteristics_textcore,504,ew_spread_bp,89.27763710098155,26.29833950744384,3.3948012982230757,0.0006867842516647333,37.7338388131848,140.8214353887783,2266,2266,0,9,full,standard,expanded,none,fixed504,union,dgtw,10,ar_dgtw_10,2743765
ld3_group_ridge_characteristics_textcore_full_dgtw_standard_expanded_none_fixed504_union,group_ridge,characteristics_textcore,504,cap_spread_bp,61.0705149250911,24.846930503858783,2.4578695914011077,0.01397639156335314,12.371426011158228,109.76960383902397,2266,2266,0,9,full,standard,expanded,none,fixed504,union,dgtw,10,ar_dgtw_10,2743765
ld3_ols_characteristics_textcore_pca_dgtw_standard_original_original_fixed504_union,ols,characteristics_textcore,504,rank_ic,0.08824688246662038,0.004191629129487352,21.05312272162142,2.1409874318005747e-98,0.0800314403362762,0.09646232459696456,2266,2266,0,9,pca,standard,original,original,fixed504,union,dgtw,10,ar_dgtw_10,2743765
ld3_ols_characteristics_textcore_pca_dgtw_standard_original_original_fixed504_union,ols,characteristics_textcore,504,ew_spread_bp,108.21158810332004,25.740083888421722,4.204010700679777,2.6222653208590537e-05,57.76195072297375,158.66122548366633,2266,2266,0,9,pca,standard,original,original,fixed504,union,dgtw,10,ar_dgtw_10,2743765
ld3_ols_characteristics_textcore_pca_dgtw_standard_original_original_fixed504_union,ols,characteristics_textcore,504,cap_spread_bp,59.28190530211582,24.298780888820637,2.4397069784431116,0.014699179463275069,11.657169891797203,106.90664071243444,2266,2266,0,9,pca,standard,original,original,fixed504,union,dgtw,10,ar_dgtw_10,2743765
ld3_ols_characteristics_textcore_pca_dgtw_standard_original_expanded_fixed504_union,ols,characteristics_textcore,504,rank_ic,0.08854826880867178,0.00421196235160869,21.023043754142822,4.0369695989671234e-98,0.08029297429528012,0.09680356332206344,2266,2266,0,9,pca,standard,original,expanded,fixed504,union,dgtw,10,ar_dgtw_10,2743765
ld3_ols_characteristics_textcore_pca_dgtw_standard_original_expanded_fixed504_union,ols,characteristics_textcore,504,ew_spread_bp,108.01476291992365,25.78256435859202,4.189449948330211,2.7963144945636592e-05,57.48186534799726,158.54766049185005,2266,2266,0,9,pca,standard,original,expanded,fixed504,union,dgtw,10,ar_dgtw_10,2743765
ld3_ols_characteristics_textcore_pca_dgtw_standard_original_expanded_fixed504_union,ols,characteristics_textcore,504,cap_spread_bp,60.75390935311181,24.1715233432369,2.5134497520244428,0.011955680809125811,13.378594148898287,108.12922455732533,2266,2266,0,9,pca,standard,original,expanded,fixed504,union,dgtw,10,ar_dgtw_10,2743765
ld3_ridge_characteristics_textcore_pca_dgtw_standard_original_original_fixed504_union,ridge,characteristics_textcore,504,rank_ic,0.09017213420493343,0.0043731096232497435,20.619683011267565,1.8275188357794856e-94,0.08160099684291841,0.09874327156694845,2266,2266,0,9,pca,standard,original,original,fixed504,union,dgtw,10,ar_dgtw_10,2743765
ld3_ridge_characteristics_textcore_pca_dgtw_standard_original_original_fixed504_union,ridge,characteristics_textcore,504,ew_spread_bp,95.9216668359871,26.811599708964113,3.577618190529561,0.00034673944663925134,43.37189703851284,148.47143663346134,2266,2266,0,9,pca,standard,original,original,fixed504,union,dgtw,10,ar_dgtw_10,2743765
ld3_ridge_characteristics_textcore_pca_dgtw_standard_original_original_fixed504_union,ridge,characteristics_textcore,504,cap_spread_bp,67.22946825585943,25.33727972771034,2.6533814591916642,0.007968975581580105,17.56931252333034,116.88962398838852,2266,2266,0,9,pca,standard,original,original,fixed504,union,dgtw,10,ar_dgtw_10,2743765
ld3_ridge_characteristics_textcore_pca_dgtw_standard_original_expanded_fixed504_union,ridge,characteristics_textcore,504,rank_ic,0.09033498794589133,0.004378126136922745,20.633253844391316,1.3804174903448265e-94,0.08175401839774928,0.09891595749403338,2266,2266,0,9,pca,standard,original,expanded,fixed504,union,dgtw,10,ar_dgtw_10,2743765
ld3_ridge_characteristics_textcore_pca_dgtw_standard_original_expanded_fixed504_union,ridge,characteristics_textcore,504,ew_spread_bp,94.43107416363796,26.716169100175897,3.534603850183604,0.00040838692095285315,42.068344922411335,146.79380340486458,2266,2266,0,9,pca,standard,original,expanded,fixed504,union,dgtw,10,ar_dgtw_10,2743765
ld3_ridge_characteristics_textcore_pca_dgtw_standard_original_expanded_fixed504_union,ridge,characteristics_textcore,504,cap_spread_bp,59.271374441208074,25.19997950869338,2.352040580856857,0.01867073788186953,9.880322193021684,108.66242668939447,2266,2266,0,9,pca,standard,original,expanded,fixed504,union,dgtw,10,ar_dgtw_10,2743765
ld3_ridge_characteristics_textcore_pca_dgtw_standard_expanded_original_fixed504_union,ridge,characteristics_textcore,504,rank_ic,0.09025455160895707,0.004390789473283062,20.555426799243083,6.882239291014493e-94,0.08164876237762467,0.09886034084028947,2266,2266,0,9,pca,standard,expanded,original,fixed504,union,dgtw,10,ar_dgtw_10,2743765
ld3_ridge_characteristics_textcore_pca_dgtw_standard_expanded_original_fixed504_union,ridge,characteristics_textcore,504,ew_spread_bp,95.6511399220001,26.642532775245922,3.59016692327658,0.00033046626600941574,43.432735225590115,147.8695446184101,2266,2266,0,9,pca,standard,expanded,original,fixed504,union,dgtw,10,ar_dgtw_10,2743765
ld3_ridge_characteristics_textcore_pca_dgtw_standard_expanded_original_fixed504_union,ridge,characteristics_textcore,504,cap_spread_bp,68.72248291017799,25.299936394131244,2.7163105013228157,0.006601397395365599,19.135518766526587,118.30944705382939,2266,2266,0,9,pca,standard,expanded,original,fixed504,union,dgtw,10,ar_dgtw_10,2743765
ld3_ridge_characteristics_textcore_pca_dgtw_standard_expanded_expanded_fixed504_union,ridge,characteristics_textcore,504,rank_ic,0.0904509724206673,0.004390417581630937,20.601906479034028,2.63848832633851e-94,0.08184591208357922,0.09905603275775537,2266,2266,0,9,pca,standard,expanded,expanded,fixed504,union,dgtw,10,ar_dgtw_10,2743765
ld3_ridge_characteristics_textcore_pca_dgtw_standard_expanded_expanded_fixed504_union,ridge,characteristics_textcore,504,ew_spread_bp,95.98604573904423,26.38573941029606,3.6378001103728486,0.0002749766977644665,44.270946789404825,147.70114468868363,2266,2266,0,9,pca,standard,expanded,expanded,fixed504,union,dgtw,10,ar_dgtw_10,2743765
ld3_ridge_characteristics_textcore_pca_dgtw_standard_expanded_expanded_fixed504_union,ridge,characteristics_textcore,504,cap_spread_bp,62.672024231447686,25.084809842599324,2.4984053945275404,0.012475343649728415,13.506700380917152,111.83734808197822,2266,2266,0,9,pca,standard,expanded,expanded,fixed504,union,dgtw,10,ar_dgtw_10,2743765
ld3_lasso_characteristics_textcore_pca_dgtw_standard_original_original_fixed504_union,lasso,characteristics_textcore,504,rank_ic,0.0896953333573221,0.004362607656886814,20.560027490835445,6.259758260763355e-94,0.08114477947114528,0.09824588724349893,2266,2266,0,9,pca,standard,original,original,fixed504,union,dgtw,10,ar_dgtw_10,2743765
ld3_lasso_characteristics_textcore_pca_dgtw_standard_original_original_fixed504_union,lasso,characteristics_textcore,504,ew_spread_bp,99.19537375977522,25.75296706605904,3.8518036972333625,0.00011725099981878042,48.72048581525336,149.67026170429708,2266,2266,0,9,pca,standard,original,original,fixed504,union,dgtw,10,ar_dgtw_10,2743765
ld3_lasso_characteristics_textcore_pca_dgtw_standard_original_original_fixed504_union,lasso,characteristics_textcore,504,cap_spread_bp,46.06583624835468,25.28763305142503,1.821674498149946,0.0685043896470639,-3.4970137867030857,95.62868628341243,2266,2266,0,9,pca,standard,original,original,fixed504,union,dgtw,10,ar_dgtw_10,2743765
ld3_group_ridge_characteristics_textcore_full_dgtw_standard_expanded_none_fixed504_union,group_ridge,characteristics_textcore,504,rank_ic,0.12941556575189941,0.009072080897345467,14.265257024964031,3.602621664087314e-46,0.11163461392826848,0.14719651757553034,2266,2266,0,41,full,standard,expanded,none,fixed504,union,dgtw,42,ar_dgtw_42,2724901
ld3_group_ridge_characteristics_textcore_full_dgtw_standard_expanded_none_fixed504_union,group_ridge,characteristics_textcore,504,ew_spread_bp,254.4061668477602,120.33969053104038,2.114066985922145,0.0345095464411641,18.5447074962253,490.26762619929514,2266,2266,0,41,full,standard,expanded,none,fixed504,union,dgtw,42,ar_dgtw_42,2724901
ld3_group_ridge_characteristics_textcore_full_dgtw_standard_expanded_none_fixed504_union,group_ridge,characteristics_textcore,504,cap_spread_bp,179.14238471797918,96.24568604268956,1.8613030057110402,0.06270139895465864,-9.495693593041693,367.7804630290001,2266,2266,0,41,full,standard,expanded,none,fixed504,union,dgtw,42,ar_dgtw_42,2724901
ld3_ols_characteristics_textcore_pca_dgtw_standard_original_original_fixed504_union,ols,characteristics_textcore,504,rank_ic,0.12493510872554901,0.00869319742502129,14.371594548854162,7.801414462814898e-47,0.10789675486201095,0.14197346258908708,2266,2266,0,41,pca,standard,original,original,fixed504,union,dgtw,42,ar_dgtw_42,2724901
ld3_ols_characteristics_textcore_pca_dgtw_standard_original_original_fixed504_union,ols,characteristics_textcore,504,ew_spread_bp,295.9776899514138,113.53738854272477,2.606874209019135,0.009137292096825634,73.4484975089427,518.506882393885,2266,2266,0,41,pca,standard,original,original,fixed504,union,dgtw,42,ar_dgtw_42,2724901
ld3_ols_characteristics_textcore_pca_dgtw_standard_original_original_fixed504_union,ols,characteristics_textcore,504,cap_spread_bp,142.97153170439498,95.22409748686466,1.5014217564426553,0.13324651013905042,-43.66426983019085,329.6073332389808,2266,2266,0,41,pca,standard,original,original,fixed504,union,dgtw,42,ar_dgtw_42,2724901
ld3_ols_characteristics_textcore_pca_dgtw_standard_original_expanded_fixed504_union,ols,characteristics_textcore,504,rank_ic,0.12531733916072707,0.008681523088758086,14.434948554476982,3.1187832408061805e-47,0.10830186657580829,0.14233281174564585,2266,2266,0,41,pca,standard,original,expanded,fixed504,union,dgtw,42,ar_dgtw_42,2724901
ld3_ols_characteristics_textcore_pca_dgtw_standard_original_expanded_fixed504_union,ols,characteristics_textcore,504,ew_spread_bp,297.57578849328087,112.58294720639529,2.6431692887533242,0.008213395816288318,76.91726669537181,518.2343102911899,2266,2266,0,41,pca,standard,original,expanded,fixed504,union,dgtw,42,ar_dgtw_42,2724901
ld3_ols_characteristics_textcore_pca_dgtw_standard_original_expanded_fixed504_union,ols,characteristics_textcore,504,cap_spread_bp,153.42249362844194,94.77606412645027,1.6187894595806973,0.10549257077991367,-32.33517865585921,339.18016591274306,2266,2266,0,41,pca,standard,original,expanded,fixed504,union,dgtw,42,ar_dgtw_42,2724901
ld3_ridge_characteristics_textcore_pca_dgtw_standard_original_original_fixed504_union,ridge,characteristics_textcore,504,rank_ic,0.12993101290510428,0.009194884260139953,14.13079373585575,2.453630675058329e-45,0.11190937091321575,0.1479526548969928,2266,2266,0,41,pca,standard,original,original,fixed504,union,dgtw,42,ar_dgtw_42,2724901
ld3_ridge_characteristics_textcore_pca_dgtw_standard_original_original_fixed504_union,ridge,characteristics_textcore,504,ew_spread_bp,269.2474163850953,124.10143156993362,2.169575426963298,0.03003902460292471,26.013080078163313,512.4817526920273,2266,2266,0,41,pca,standard,original,original,fixed504,union,dgtw,42,ar_dgtw_42,2724901
ld3_ridge_characteristics_textcore_pca_dgtw_standard_original_original_fixed504_union,ridge,characteristics_textcore,504,cap_spread_bp,208.60746318283284,100.97305421326872,2.06597160805125,0.038831160521745664,10.70391351581577,406.5110128498499,2266,2266,0,41,pca,standard,original,original,fixed504,union,dgtw,42,ar_dgtw_42,2724901
ld3_ridge_characteristics_textcore_pca_dgtw_standard_original_expanded_fixed504_union,ridge,characteristics_textcore,504,rank_ic,0.1295820727558705,0.00912118494786144,14.206714752149875,8.323987887736887e-46,0.11170487876173323,0.14745926675000776,2266,2266,0,41,pca,standard,original,expanded,fixed504,union,dgtw,42,ar_dgtw_42,2724901
ld3_ridge_characteristics_textcore_pca_dgtw_standard_original_expanded_fixed504_union,ridge,characteristics_textcore,504,ew_spread_bp,266.47106656889565,122.89493749375893,2.1682835111285854,0.030137122205032205,25.601415198827,507.3407179389643,2266,2266,0,41,pca,standard,original,expanded,fixed504,union,dgtw,42,ar_dgtw_42,2724901
ld3_ridge_characteristics_textcore_pca_dgtw_standard_original_expanded_fixed504_union,ridge,characteristics_textcore,504,cap_spread_bp,176.33228252098132,97.67142609285578,1.8053620139972464,0.0710180512729329,-15.1001949396817,367.7647599816444,2266,2266,0,41,pca,standard,original,expanded,fixed504,union,dgtw,42,ar_dgtw_42,2724901
ld3_ridge_characteristics_textcore_pca_dgtw_standard_expanded_original_fixed504_union,ridge,characteristics_textcore,504,rank_ic,0.1300194084379227,0.009208854604977817,14.118955506979242,2.902615560974091e-45,0.11197038507330036,0.14806843180254506,2266,2266,0,41,pca,standard,expanded,original,fixed504,union,dgtw,42,ar_dgtw_42,2724901
ld3_ridge_characteristics_textcore_pca_dgtw_standard_expanded_original_fixed504_union,ridge,characteristics_textcore,504,ew_spread_bp,267.9537332636261,123.50264600140139,2.1696193720463737,0.03003569260216554,25.892995105479628,510.01447142177256,2266,2266,0,41,pca,standard,expanded,original,fixed504,union,dgtw,42,ar_dgtw_42,2724901
ld3_ridge_characteristics_textcore_pca_dgtw_standard_expanded_original_fixed504_union,ridge,characteristics_textcore,504,cap_spread_bp,201.50905193781054,100.20265854487972,2.0110150255899324,0.0443238696502588,5.115450034681572,397.9026538409395,2266,2266,0,41,pca,standard,expanded,original,fixed504,union,dgtw,42,ar_dgtw_42,2724901
ld3_ridge_characteristics_textcore_pca_dgtw_standard_expanded_expanded_fixed504_union,ridge,characteristics_textcore,504,rank_ic,0.12972907778103565,0.009133157322733308,14.204187357873217,8.62979219258152e-46,0.1118284183633401,0.1476297371987312,2266,2266,0,41,pca,standard,expanded,expanded,fixed504,union,dgtw,42,ar_dgtw_42,2724901
ld3_ridge_characteristics_textcore_pca_dgtw_standard_expanded_expanded_fixed504_union,ridge,characteristics_textcore,504,ew_spread_bp,266.54688586699945,123.73772149227575,2.1541279623743392,0.0312301382206732,24.02540821309117,509.0683635209077,2266,2266,0,41,pca,standard,expanded,expanded,fixed504,union,dgtw,42,ar_dgtw_42,2724901
ld3_ridge_characteristics_textcore_pca_dgtw_standard_expanded_expanded_fixed504_union,ridge,characteristics_textcore,504,cap_spread_bp,180.1791661036421,97.13165073493332,1.854999526316511,0.06359629421967382,-10.195371095750659,370.55370330303487,2266,2266,0,41,pca,standard,expanded,expanded,fixed504,union,dgtw,42,ar_dgtw_42,2724901
ld3_lasso_characteristics_textcore_pca_dgtw_standard_original_original_fixed504_union,lasso,characteristics_textcore,504,rank_ic,0.12894248986664655,0.009194807610063128,14.02340270018562,1.1210789728358893e-44,0.11092099810614801,0.14696398162714508,2266,2266,0,41,pca,standard,original,original,fixed504,union,dgtw,42,ar_dgtw_42,2724901
ld3_lasso_characteristics_textcore_pca_dgtw_standard_original_original_fixed504_union,lasso,characteristics_textcore,504,ew_spread_bp,273.0420436790852,117.21744582556923,2.329363532501791,0.019839815269559694,43.30007150119462,502.7840158569758,2266,2266,0,41,pca,standard,original,original,fixed504,union,dgtw,42,ar_dgtw_42,2724901
ld3_lasso_characteristics_textcore_pca_dgtw_standard_original_original_fixed504_union,lasso,characteristics_textcore,504,cap_spread_bp,125.66944283542225,102.54288270322235,1.225530622141103,0.22037535967432198,-75.31091413380881,326.6497998046533,2266,2266,0,41,pca,standard,original,original,fixed504,union,dgtw,42,ar_dgtw_42,2724901
ld3_group_ridge_characteristics_textcore_full_dgtw_standard_expanded_none_fixed504_union,group_ridge,characteristics_textcore,504,rank_ic,0.14712805068246398,0.010216022833745167,14.401695559692405,5.048948262883002e-47,0.12710501386308465,0.16715108750184332,2266,2266,0,62,full,standard,expanded,none,fixed504,union,dgtw,63,ar_dgtw_63,2711735
ld3_group_ridge_characteristics_textcore_full_dgtw_standard_expanded_none_fixed504_union,group_ridge,characteristics_textcore,504,ew_spread_bp,339.1106913875687,181.6200838292041,1.8671431277747292,0.06188160312524914,-16.85813178681684,695.0795145619543,2266,2266,0,62,full,standard,expanded,none,fixed504,union,dgtw,63,ar_dgtw_63,2711735
ld3_group_ridge_characteristics_textcore_full_dgtw_standard_expanded_none_fixed504_union,group_ridge,characteristics_textcore,504,cap_spread_bp,231.29871743574745,143.93734491120495,1.6069402807064128,0.10806746909088796,-50.813294620533895,513.4107294920288,2266,2266,0,62,full,standard,expanded,none,fixed504,union,dgtw,63,ar_dgtw_63,2711735
ld3_ols_characteristics_textcore_pca_dgtw_standard_original_original_fixed504_union,ols,characteristics_textcore,504,rank_ic,0.14144575445491794,0.009705455243998429,14.573840268068196,4.120608618826488e-48,0.12242341172311562,0.16046809718672028,2266,2266,0,62,pca,standard,original,original,fixed504,union,dgtw,63,ar_dgtw_63,2711735
ld3_ols_characteristics_textcore_pca_dgtw_standard_original_original_fixed504_union,ols,characteristics_textcore,504,ew_spread_bp,381.9773492012463,173.0276551507673,2.2076086557863315,0.02727156523532351,42.84937677632604,721.1053216261665,2266,2266,0,62,pca,standard,original,original,fixed504,union,dgtw,63,ar_dgtw_63,2711735
ld3_ols_characteristics_textcore_pca_dgtw_standard_original_original_fixed504_union,ols,characteristics_textcore,504,cap_spread_bp,169.90344700891407,143.8379252768266,1.1812145279620967,0.2375175113650847,-112.0137061446296,451.8206001624577,2266,2266,0,62,pca,standard,original,original,fixed504,union,dgtw,63,ar_dgtw_63,2711735
ld3_ols_characteristics_textcore_pca_dgtw_standard_original_expanded_fixed504_union,ols,characteristics_textcore,504,rank_ic,0.14178872603078815,0.009718457692981934,14.589632481826737,3.2695420188971153e-48,0.12274089896726734,0.16083655309430897,2266,2266,0,62,pca,standard,original,expanded,fixed504,union,dgtw,63,ar_dgtw_63,2711735
ld3_ols_characteristics_textcore_pca_dgtw_standard_original_expanded_fixed504_union,ols,characteristics_textcore,504,ew_spread_bp,388.76954380685106,169.58014352086886,2.292541660450997,0.021874406429120124,56.39857001281473,721.1405176008874,2266,2266,0,62,pca,standard,original,expanded,fixed504,union,dgtw,63,ar_dgtw_63,2711735
ld3_ols_characteristics_textcore_pca_dgtw_standard_original_expanded_fixed504_union,ols,characteristics_textcore,504,cap_spread_bp,189.2858782171441,139.22079202203915,1.3596092614325845,0.17395360580650987,-83.58186004519393,462.15361647948214,2266,2266,0,62,pca,standard,original,expanded,fixed504,union,dgtw,63,ar_dgtw_63,2711735
ld3_ridge_characteristics_textcore_pca_dgtw_standard_original_original_fixed504_union,ridge,characteristics_textcore,504,rank_ic,0.1476187789812328,0.010340907096377564,14.275225336174222,3.122767958902466e-46,0.1273509735048581,0.16788658445760749,2266,2266,0,62,pca,standard,original,original,fixed504,union,dgtw,63,ar_dgtw_63,2711735
ld3_ridge_characteristics_textcore_pca_dgtw_standard_original_original_fixed504_union,ridge,characteristics_textcore,504,ew_spread_bp,365.2616906980958,185.20366657786386,1.9722163035283722,0.04858491929071981,2.2691744007181,728.2542069954734,2266,2266,0,62,pca,standard,original,original,fixed504,union,dgtw,63,ar_dgtw_63,2711735
ld3_ridge_characteristics_textcore_pca_dgtw_standard_original_original_fixed504_union,ridge,characteristics_textcore,504,cap_spread_bp,264.5184014385952,149.42929653859844,1.7701910372727252,0.07669532189958263,-28.3576380122135,557.394440889404,2266,2266,0,62,pca,standard,original,original,fixed504,union,dgtw,63,ar_dgtw_63,2711735
ld3_ridge_characteristics_textcore_pca_dgtw_standard_original_expanded_fixed504_union,ridge,characteristics_textcore,504,rank_ic,0.14702435377010017,0.010276653126493403,14.306637770138282,1.9889955832476957e-46,0.12688248376056216,0.1671662237796382,2266,2266,0,62,pca,standard,original,expanded,fixed504,union,dgtw,63,ar_dgtw_63,2711735
ld3_ridge_characteristics_textcore_pca_dgtw_standard_original_expanded_fixed504_union,ridge,characteristics_textcore,504,ew_spread_bp,360.55066703729005,183.03600902138533,1.9698346186906015,0.04885732759959371,1.8066814814263807,719.2946525931537,2266,2266,0,62,pca,standard,original,expanded,fixed504,union,dgtw,63,ar_dgtw_63,2711735
ld3_ridge_characteristics_textcore_pca_dgtw_standard_original_expanded_fixed504_union,ridge,characteristics_textcore,504,cap_spread_bp,226.80696550043822,144.2744836136035,1.5720518266270391,0.11593853232184559,-55.96582627033885,509.57975727121527,2266,2266,0,62,pca,standard,original,expanded,fixed504,union,dgtw,63,ar_dgtw_63,2711735
ld3_ridge_characteristics_textcore_pca_dgtw_standard_expanded_original_fixed504_union,ridge,characteristics_textcore,504,rank_ic,0.1476540770303906,0.010362155635004271,14.249359132534371,4.524139211947932e-46,0.12734462518358347,0.16796352887719773,2266,2266,0,62,pca,standard,expanded,original,fixed504,union,dgtw,63,ar_dgtw_63,2711735
ld3_ridge_characteristics_textcore_pca_dgtw_standard_expanded_original_fixed504_union,ridge,characteristics_textcore,504,ew_spread_bp,364.8975893319161,184.78900216430176,1.974671571674347,0.048305431070540146,2.717800350790526,727.0773783130417,2266,2266,0,62,pca,standard,expanded,original,fixed504,union,dgtw,63,ar_dgtw_63,2711735
ld3_ridge_characteristics_textcore_pca_dgtw_standard_expanded_original_fixed504_union,ridge,characteristics_textcore,504,cap_spread_bp,258.94649072314996,148.5380470966494,1.7433007622259973,0.0812810922980363,-32.18273192019717,550.0757133664971,2266,2266,0,62,pca,standard,expanded,original,fixed504,union,dgtw,63,ar_dgtw_63,2711735
ld3_ridge_characteristics_textcore_pca_dgtw_standard_expanded_expanded_fixed504_union,ridge,characteristics_textcore,504,rank_ic,0.14713502131905443,0.010295262242600396,14.291527292061557,2.47129524616456e-46,0.12695667811216257,0.16731336452594628,2266,2266,0,62,pca,standard,expanded,expanded,fixed504,union,dgtw,63,ar_dgtw_63,2711735
ld3_ridge_characteristics_textcore_pca_dgtw_standard_expanded_expanded_fixed504_union,ridge,characteristics_textcore,504,ew_spread_bp,363.55422120836266,182.60231413634776,1.9909617406978726,0.046485093588555855,5.660262007451877,721.4481804092734,2266,2266,0,62,pca,standard,expanded,expanded,fixed504,union,dgtw,63,ar_dgtw_63,2711735
ld3_ridge_characteristics_textcore_pca_dgtw_standard_expanded_expanded_fixed504_union,ridge,characteristics_textcore,504,cap_spread_bp,236.24216371259354,144.46927700718746,1.6352415448222968,0.10199842220677979,-46.91241609403443,519.3967435192214,2266,2266,0,62,pca,standard,expanded,expanded,fixed504,union,dgtw,63,ar_dgtw_63,2711735
ld3_lasso_characteristics_textcore_pca_dgtw_standard_original_original_fixed504_union,lasso,characteristics_textcore,504,rank_ic,0.14603122757587297,0.010337585046097114,14.12624195348275,2.6174427570680396e-45,0.1257699331984028,0.16629252195334315,2266,2266,0,62,pca,standard,original,original,fixed504,union,dgtw,63,ar_dgtw_63,2711735
ld3_lasso_characteristics_textcore_pca_dgtw_standard_original_original_fixed504_union,lasso,characteristics_textcore,504,ew_spread_bp,354.63224398144774,178.11981393937424,1.9909758276648108,0.04648354478871175,5.523823727298748,703.7406642355968,2266,2266,0,62,pca,standard,original,original,fixed504,union,dgtw,63,ar_dgtw_63,2711735
ld3_lasso_characteristics_textcore_pca_dgtw_standard_original_original_fixed504_union,lasso,characteristics_textcore,504,cap_spread_bp,167.78181353735417,159.03241570262045,1.0550164430067797,0.2914178045830741,-143.9159936141841,479.4796206888924,2266,2266,0,62,pca,standard,original,original,fixed504,union,dgtw,63,ar_dgtw_63,2711735
ld3_lasso_characteristics_textcore_pca_dgtw_standard_original_expanded_fixed504_union,lasso,characteristics_textcore,504,rank_ic,0.07212871817170637,0.002628708098902307,27.438846558058614,9.439474074112154e-166,0.06697654497198909,0.07728089137142365,2266,2266,0,5,pca,standard,original,expanded,fixed504,union,dgtw,3,ar_dgtw_3,2747782
ld3_lasso_characteristics_textcore_pca_dgtw_standard_original_expanded_fixed504_union,lasso,characteristics_textcore,504,ew_spread_bp,47.94408300096754,8.789525414706116,5.454683926478024,4.90600314783044e-08,30.716929746944068,65.17123625499102,2266,2266,0,5,pca,standard,original,expanded,fixed504,union,dgtw,3,ar_dgtw_3,2747782
ld3_lasso_characteristics_textcore_pca_dgtw_standard_original_expanded_fixed504_union,lasso,characteristics_textcore,504,cap_spread_bp,17.369945265700906,10.409561048031065,1.668652999444811,0.09518616882872254,-3.0324194833110028,37.772310014712815,2266,2266,0,5,pca,standard,original,expanded,fixed504,union,dgtw,3,ar_dgtw_3,2747782
ld3_lasso_characteristics_textcore_pca_dgtw_standard_expanded_original_fixed504_union,lasso,characteristics_textcore,504,rank_ic,0.07204137780250897,0.002624277684042068,27.451888281710556,6.596184881093801e-166,0.06689788805635433,0.0771848675486636,2266,2266,0,5,pca,standard,expanded,original,fixed504,union,dgtw,3,ar_dgtw_3,2747782
ld3_lasso_characteristics_textcore_pca_dgtw_standard_expanded_original_fixed504_union,lasso,characteristics_textcore,504,ew_spread_bp,42.35614714584724,9.202113430205138,4.602871662809204,4.167050260165861e-06,24.32033624099283,60.391958050701646,2266,2266,0,5,pca,standard,expanded,original,fixed504,union,dgtw,3,ar_dgtw_3,2747782
ld3_lasso_characteristics_textcore_pca_dgtw_standard_expanded_original_fixed504_union,lasso,characteristics_textcore,504,cap_spread_bp,19.131236520754584,10.477752883447511,1.8258911747172075,0.06786665581388687,-1.4047817697132423,39.667254811222406,2266,2266,0,5,pca,standard,expanded,original,fixed504,union,dgtw,3,ar_dgtw_3,2747782
ld3_lasso_characteristics_textcore_pca_dgtw_standard_expanded_expanded_fixed504_union,lasso,characteristics_textcore,504,rank_ic,0.07195061310992601,0.002623900722873516,27.421240629535188,1.5309473296764357e-165,0.0668078621940853,0.07709336402576672,2266,2266,0,5,pca,standard,expanded,expanded,fixed504,union,dgtw,3,ar_dgtw_3,2747782
ld3_lasso_characteristics_textcore_pca_dgtw_standard_expanded_expanded_fixed504_union,lasso,characteristics_textcore,504,ew_spread_bp,43.37271395466286,9.217510124733534,4.705469629838536,2.532822107040389e-06,25.306726083051835,61.43870182627389,2266,2266,0,5,pca,standard,expanded,expanded,fixed504,union,dgtw,3,ar_dgtw_3,2747782
ld3_lasso_characteristics_textcore_pca_dgtw_standard_expanded_expanded_fixed504_union,lasso,characteristics_textcore,504,cap_spread_bp,18.5998647153609,10.499909211682677,1.7714310038667616,0.07648905671043879,-1.9795791804774971,39.1793086111993,2266,2266,0,5,pca,standard,expanded,expanded,fixed504,union,dgtw,3,ar_dgtw_3,2747782
ld3_enet_characteristics_textcore_pca_dgtw_standard_original_original_fixed504_union,enet,characteristics_textcore,504,rank_ic,0.07237574275167594,0.002632848259253723,27.489522989900962,2.3426272495861074e-166,0.06721545498677967,0.07753603051657221,2266,2266,0,5,pca,standard,original,original,fixed504,union,dgtw,3,ar_dgtw_3,2747782
ld3_enet_characteristics_textcore_pca_dgtw_standard_original_original_fixed504_union,enet,characteristics_textcore,504,ew_spread_bp,46.823531708301424,8.805517460531963,5.317521874003837,1.0519004222283785e-07,29.565034620420178,64.08202879618267,2266,2266,0,5,pca,standard,original,original,fixed504,union,dgtw,3,ar_dgtw_3,2747782
ld3_enet_characteristics_textcore_pca_dgtw_standard_original_original_fixed504_union,enet,characteristics_textcore,504,cap_spread_bp,17.870762941258512,10.317921180951817,1.7320119651863781,0.08327143208747771,-2.351990968730032,38.09351685124706,2266,2266,0,5,pca,standard,original,original,fixed504,union,dgtw,3,ar_dgtw_3,2747782
ld3_enet_characteristics_textcore_pca_dgtw_standard_original_expanded_fixed504_union,enet,characteristics_textcore,504,rank_ic,0.07241039840761769,0.0026350908003991416,27.479280181407628,3.105461124582631e-166,0.06724571534284254,0.07757508147239284,2266,2266,0,5,pca,standard,original,expanded,fixed504,union,dgtw,3,ar_dgtw_3,2747782
ld3_enet_characteristics_textcore_pca_dgtw_standard_original_expanded_fixed504_union,enet,characteristics_textcore,504,ew_spread_bp,47.05985444853631,8.82151153426405,5.334670171404175,9.571838422798777e-08,29.7700095521741,64.34969934489853,2266,2266,0,5,pca,standard,original,expanded,fixed504,union,dgtw,3,ar_dgtw_3,2747782
ld3_enet_characteristics_textcore_pca_dgtw_standard_original_expanded_fixed504_union,enet,characteristics_textcore,504,cap_spread_bp,16.67266793282027,10.405833752763321,1.602242389120695,0.10910201979347599,-3.722391451707111,37.067727317347654,2266,2266,0,5,pca,standard,original,expanded,fixed504,union,dgtw,3,ar_dgtw_3,2747782
ld3_enet_characteristics_textcore_pca_dgtw_standard_expanded_original_fixed504_union,enet,characteristics_textcore,504,rank_ic,0.07219664770815075,0.002628285996080989,27.469098802718747,4.1093174592270496e-166,0.06704530181476102,0.07734799360154047,2266,2266,0,5,pca,standard,expanded,original,fixed504,union,dgtw,3,ar_dgtw_3,2747782
ld3_enet_characteristics_textcore_pca_dgtw_standard_expanded_original_fixed504_union,enet,characteristics_textcore,504,ew_spread_bp,42.68526582085849,9.116154242351971,4.682376437045198,2.8356812073100695e-06,24.817931828336604,60.552599813380375,2266,2266,0,5,pca,standard,expanded,original,fixed504,union,dgtw,3,ar_dgtw_3,2747782
ld3_enet_characteristics_textcore_pca_dgtw_standard_expanded_original_fixed504_union,enet,characteristics_textcore,504,cap_spread_bp,19.715471702680254,10.40034873932777,1.8956548666611897,0.05800569703946741,-0.6688372530587294,40.099780658419235,2266,2266,0,5,pca,standard,expanded,original,fixed504,union,dgtw,3,ar_dgtw_3,2747782
ld3_enet_characteristics_textcore_pca_dgtw_standard_expanded_expanded_fixed504_union,enet,characteristics_textcore,504,rank_ic,0.07213876593810814,0.0026327962834952513,27.400056126764984,2.7383032671794435e-165,0.06697858004382654,0.07729895183238975,2266,2266,0,5,pca,standard,expanded,expanded,fixed504,union,dgtw,3,ar_dgtw_3,2747782
ld3_enet_characteristics_textcore_pca_dgtw_standard_expanded_expanded_fixed504_union,enet,characteristics_textcore,504,ew_spread_bp,43.07188252006288,9.110223767724984,4.727862192875516,2.2689608828385605e-06,25.216172044221118,60.92759299590464,2266,2266,0,5,pca,standard,expanded,expanded,fixed504,union,dgtw,3,ar_dgtw_3,2747782
ld3_enet_characteristics_textcore_pca_dgtw_standard_expanded_expanded_fixed504_union,enet,characteristics_textcore,504,cap_spread_bp,19.647162488808387,10.410322838725932,1.887276964718311,0.05912308306194061,-0.7566953425292162,40.051020320145994,2266,2266,0,5,pca,standard,expanded,expanded,fixed504,union,dgtw,3,ar_dgtw_3,2747782
ld3_group_ridge_characteristics_textcore_pca_dgtw_standard_original_original_fixed504_union,group_ridge,characteristics_textcore,504,rank_ic,0.07240002229001925,0.0026112622347890056,27.72606340545085,3.38760729095833e-169,0.06728204235564322,0.07751800222439528,2266,2266,0,5,pca,standard,original,original,fixed504,union,dgtw,3,ar_dgtw_3,2747782
ld3_group_ridge_characteristics_textcore_pca_dgtw_standard_original_original_fixed504_union,group_ridge,characteristics_textcore,504,ew_spread_bp,43.61165530163653,9.101362904675446,4.791771931128344,1.6531476304106116e-06,25.773311798243807,61.44999880502925,2266,2266,0,5,pca,standard,original,original,fixed504,union,dgtw,3,ar_dgtw_3,2747782
ld3_group_ridge_characteristics_textcore_pca_dgtw_standard_original_original_fixed504_union,group_ridge,characteristics_textcore,504,cap_spread_bp,22.361984641147867,9.804648449116232,2.280753334217049,0.022563047203359804,3.145226799803556,41.578742482492174,2266,2266,0,5,pca,standard,original,original,fixed504,union,dgtw,3,ar_dgtw_3,2747782
ld3_lasso_characteristics_textcore_pca_dgtw_standard_original_expanded_fixed504_union,lasso,characteristics_textcore,504,rank_ic,0.07797697590734007,0.003187660949638205,24.462129799654615,3.7387575332642545e-132,0.07172927525112444,0.0842246765635557,2266,2266,0,5,pca,standard,original,expanded,fixed504,union,dgtw,5,ar_dgtw_5,2746618
ld3_lasso_characteristics_textcore_pca_dgtw_standard_original_expanded_fixed504_union,lasso,characteristics_textcore,504,ew_spread_bp,63.951569584531825,13.342428477783416,4.7930981748201305,1.6422520787512138e-06,37.80089030177476,90.10224886728889,2266,2266,0,5,pca,standard,original,expanded,fixed504,union,dgtw,5,ar_dgtw_5,2746618
ld3_lasso_characteristics_textcore_pca_dgtw_standard_original_expanded_fixed504_union,lasso,characteristics_textcore,504,cap_spread_bp,24.22424396886274,15.695576114579476,1.5433803634873309,0.12273851524066529,-6.538519932320149,54.98700787004563,2266,2266,0,5,pca,standard,original,expanded,fixed504,union,dgtw,5,ar_dgtw_5,2746618
ld3_lasso_characteristics_textcore_pca_dgtw_standard_expanded_original_fixed504_union,lasso,characteristics_textcore,504,rank_ic,0.0779287430867436,0.0031944203887796867,24.395268500184304,1.9198186435917332e-131,0.07166779417325497,0.08418969200023221,2266,2266,0,5,pca,standard,expanded,original,fixed504,union,dgtw,5,ar_dgtw_5,2746618
ld3_lasso_characteristics_textcore_pca_dgtw_standard_expanded_original_fixed504_union,lasso,characteristics_textcore,504,ew_spread_bp,57.9292103502984,13.87957215955439,4.173702883948135,2.996885380930351e-05,30.72574879674697,85.13267190384983,2266,2266,0,5,pca,standard,expanded,original,fixed504,union,dgtw,5,ar_dgtw_5,2746618
ld3_lasso_characteristics_textcore_pca_dgtw_standard_expanded_original_fixed504_union,lasso,characteristics_textcore,504,cap_spread_bp,29.728549566799963,14.706287894819747,2.021485624341121,0.04322951900028555,0.9047549466758866,58.55234418692404,2266,2266,0,5,pca,standard,expanded,original,fixed504,union,dgtw,5,ar_dgtw_5,2746618
ld3_lasso_characteristics_textcore_pca_dgtw_standard_expanded_expanded_fixed504_union,lasso,characteristics_textcore,504,rank_ic,0.07782439795400019,0.003193591388087834,24.368927798429976,3.6530010161760537e-131,0.07156507385201076,0.08408372205598962,2266,2266,0,5,pca,standard,expanded,expanded,fixed504,union,dgtw,5,ar_dgtw_5,2746618
ld3_lasso_characteristics_textcore_pca_dgtw_standard_expanded_expanded_fixed504_union,lasso,characteristics_textcore,504,ew_spread_bp,58.42740773797413,13.907636079390508,4.201102718279832,2.656180342826909e-05,31.168941912278893,85.68587356366936,2266,2266,0,5,pca,standard,expanded,expanded,fixed504,union,dgtw,5,ar_dgtw_5,2746618
ld3_lasso_characteristics_textcore_pca_dgtw_standard_expanded_expanded_fixed504_union,lasso,characteristics_textcore,504,cap_spread_bp,29.41151154254872,14.732827618613864,1.9963249624525163,0.045898562629438235,0.5357000196285355,58.287323065468904,2266,2266,0,5,pca,standard,expanded,expanded,fixed504,union,dgtw,5,ar_dgtw_5,2746618
ld3_enet_characteristics_textcore_pca_dgtw_standard_original_original_fixed504_union,enet,characteristics_textcore,504,rank_ic,0.07842091063202816,0.0031876350673549258,24.601596159845617,1.2144634966822995e-133,0.0721732607041556,0.08466856055990073,2266,2266,0,5,pca,standard,original,original,fixed504,union,dgtw,5,ar_dgtw_5,2746618
ld3_enet_characteristics_textcore_pca_dgtw_standard_original_original_fixed504_union,enet,characteristics_textcore,504,ew_spread_bp,62.737223226407956,13.298638934696237,4.71756722883318,2.3868154062420604e-06,36.67236987100122,88.80207658181469,2266,2266,0,5,pca,standard,original,original,fixed504,union,dgtw,5,ar_dgtw_5,2746618
ld3_enet_characteristics_textcore_pca_dgtw_standard_original_original_fixed504_union,enet,characteristics_textcore,504,cap_spread_bp,24.536447793944856,15.584466981013364,1.574416874432583,0.11539110519850702,-6.008546207095005,55.08144179498471,2266,2266,0,5,pca,standard,original,original,fixed504,union,dgtw,5,ar_dgtw_5,2746618
ld3_enet_characteristics_textcore_pca_dgtw_standard_original_expanded_fixed504_union,enet,characteristics_textcore,504,rank_ic,0.07845760728607643,0.0031935612132157486,24.56743492543665,2.8165839726558084e-133,0.07219834232574952,0.08471687224640333,2266,2266,0,5,pca,standard,original,expanded,fixed504,union,dgtw,5,ar_dgtw_5,2746618
ld3_enet_characteristics_textcore_pca_dgtw_standard_original_expanded_fixed504_union,enet,characteristics_textcore,504,ew_spread_bp,63.20456063068002,13.327315319356545,4.742482571781125,2.1111499616607305e-06,37.08350259413226,89.32561866722779,2266,2266,0,5,pca,standard,original,expanded,fixed504,union,dgtw,5,ar_dgtw_5,2746618
ld3_enet_characteristics_textcore_pca_dgtw_standard_original_expanded_fixed504_union,enet,characteristics_textcore,504,cap_spread_bp,23.975236549573932,15.743059874250557,1.5229082999797245,0.12778164897014443,-6.880593810414833,54.83106690956269,2266,2266,0,5,pca,standard,original,expanded,fixed504,union,dgtw,5,ar_dgtw_5,2746618
ld3_enet_characteristics_textcore_pca_dgtw_standard_expanded_original_fixed504_union,enet,characteristics_textcore,504,rank_ic,0.07818121540509257,0.0031921873761387885,24.49142427837652,1.8230775900457512e-132,0.07192464311595713,0.08443778769422801,2266,2266,0,5,pca,standard,expanded,original,fixed504,union,dgtw,5,ar_dgtw_5,2746618
ld3_enet_characteristics_textcore_pca_dgtw_standard_expanded_original_fixed504_union,enet,characteristics_textcore,504,ew_spread_bp,57.76433249737487,13.744470176648258,4.202732572079497,2.637120754012018e-05,30.825665964559413,84.70299903019034,2266,2266,0,5,pca,standard,expanded,original,fixed504,union,dgtw,5,ar_dgtw_5,2746618
ld3_enet_characteristics_textcore_pca_dgtw_standard_expanded_original_fixed504_union,enet,characteristics_textcore,504,cap_spread_bp,30.88900234401079,14.647874711906516,2.1087702449354433,0.034964418143918714,2.179695458619001,59.59830922940258,2266,2266,0,5,pca,standard,expanded,original,fixed504,union,dgtw,5,ar_dgtw_5,2746618
ld3_enet_characteristics_textcore_pca_dgtw_standard_expanded_expanded_fixed504_union,enet,characteristics_textcore,504,rank_ic,0.07808115756754233,0.0031966991965811575,24.4255567277176,9.154366928262354e-132,0.07181574227283513,0.08434657286224953,2266,2266,0,5,pca,standard,expanded,expanded,fixed504,union,dgtw,5,ar_dgtw_5,2746618
ld3_enet_characteristics_textcore_pca_dgtw_standard_expanded_expanded_fixed504_union,enet,characteristics_textcore,504,ew_spread_bp,58.05649352158117,13.742055754822122,4.22473133258894,2.392260030224578e-05,31.12255916858842,84.99042787457391,2266,2266,0,5,pca,standard,expanded,expanded,fixed504,union,dgtw,5,ar_dgtw_5,2746618
ld3_enet_characteristics_textcore_pca_dgtw_standard_expanded_expanded_fixed504_union,enet,characteristics_textcore,504,cap_spread_bp,31.194995725199032,14.644270580962399,2.1301843306386754,0.03315639819000008,2.492752806653275,59.897238643744785,2266,2266,0,5,pca,standard,expanded,expanded,fixed504,union,dgtw,5,ar_dgtw_5,2746618
ld3_group_ridge_characteristics_textcore_pca_dgtw_standard_original_original_fixed504_union,group_ridge,characteristics_textcore,504,rank_ic,0.07835607049165971,0.0031671252045300763,24.740439809447267,3.9292514866926876e-135,0.07214861915625172,0.08456352182706771,2266,2266,0,5,pca,standard,original,original,fixed504,union,dgtw,5,ar_dgtw_5,2746618
ld3_group_ridge_characteristics_textcore_pca_dgtw_standard_original_original_fixed504_union,group_ridge,characteristics_textcore,504,ew_spread_bp,57.28111334604606,13.727705015081758,4.172664934387426,3.0105751677900558e-05,30.375305926095937,84.18692076599619,2266,2266,0,5,pca,standard,original,original,fixed504,union,dgtw,5,ar_dgtw_5,2746618
ld3_group_ridge_characteristics_textcore_pca_dgtw_standard_original_original_fixed504_union,group_ridge,characteristics_textcore,504,cap_spread_bp,29.9915812715331,14.586013451054171,2.0561876877582015,0.03976442858741538,1.403520229450141,58.57964231361606,2266,2266,0,5,pca,standard,original,original,fixed504,union,dgtw,5,ar_dgtw_5,2746618
ld3_lasso_characteristics_textcore_pca_dgtw_standard_original_expanded_fixed504_union,lasso,characteristics_textcore,504,rank_ic,0.08945540850029543,0.004364038020211205,20.498310987667814,2.2289646582374154e-93,0.08090205115351799,0.09800876584707287,2266,2266,0,9,pca,standard,original,expanded,fixed504,union,dgtw,10,ar_dgtw_10,2743765
ld3_lasso_characteristics_textcore_pca_dgtw_standard_original_expanded_fixed504_union,lasso,characteristics_textcore,504,ew_spread_bp,99.81431877002127,25.74208512811768,3.8774760581067165,0.00010554571027441714,49.36075903194648,150.26787850809606,2266,2266,0,9,pca,standard,original,expanded,fixed504,union,dgtw,10,ar_dgtw_10,2743765
ld3_lasso_characteristics_textcore_pca_dgtw_standard_original_expanded_fixed504_union,lasso,characteristics_textcore,504,cap_spread_bp,52.21713716273893,24.481646118900464,2.132909564542147,0.03293214559146052,4.233992487439224,100.20028183803863,2266,2266,0,9,pca,standard,original,expanded,fixed504,union,dgtw,10,ar_dgtw_10,2743765
ld3_lasso_characteristics_textcore_pca_dgtw_standard_expanded_original_fixed504_union,lasso,characteristics_textcore,504,rank_ic,0.08974414055117036,0.004390057226634706,20.442590134517605,6.992774102124689e-93,0.08113978649689654,0.09834849460544418,2266,2266,0,9,pca,standard,expanded,original,fixed504,union,dgtw,10,ar_dgtw_10,2743765
ld3_lasso_characteristics_textcore_pca_dgtw_standard_expanded_original_fixed504_union,lasso,characteristics_textcore,504,ew_spread_bp,92.98934076248291,26.661229248293672,3.487811454471262,0.0004869913636725225,40.73429165226141,145.2443898727044,2266,2266,0,9,pca,standard,expanded,original,fixed504,union,dgtw,10,ar_dgtw_10,2743765
ld3_lasso_characteristics_textcore_pca_dgtw_standard_expanded_original_fixed504_union,lasso,characteristics_textcore,504,cap_spread_bp,58.17998738858596,24.727340342058817,2.352860703325518,0.018629611473942143,9.715290884686333,106.64468389248557,2266,2266,0,9,pca,standard,expanded,original,fixed504,union,dgtw,10,ar_dgtw_10,2743765
ld3_lasso_characteristics_textcore_pca_dgtw_standard_expanded_expanded_fixed504_union,lasso,characteristics_textcore,504,rank_ic,0.08947345920519797,0.004370441395981052,20.47240795574459,3.7940294328436532e-93,0.08090755147253216,0.09803936693786379,2266,2266,0,9,pca,standard,expanded,expanded,fixed504,union,dgtw,10,ar_dgtw_10,2743765
ld3_lasso_characteristics_textcore_pca_dgtw_standard_expanded_expanded_fixed504_union,lasso,characteristics_textcore,504,ew_spread_bp,93.63104325270785,26.6655347233201,3.511313169760803,0.0004458987675903774,41.367555566498226,145.89453093891748,2266,2266,0,9,pca,standard,expanded,expanded,fixed504,union,dgtw,10,ar_dgtw_10,2743765
ld3_lasso_characteristics_textcore_pca_dgtw_standard_expanded_expanded_fixed504_union,lasso,characteristics_textcore,504,cap_spread_bp,57.21425397532179,24.813264070416203,2.3057931360000277,0.021122193952683416,8.581150058424285,105.84735789221929,2266,2266,0,9,pca,standard,expanded,expanded,fixed504,union,dgtw,10,ar_dgtw_10,2743765
ld3_enet_characteristics_textcore_pca_dgtw_standard_original_original_fixed504_union,enet,characteristics_textcore,504,rank_ic,0.09009745872983366,0.004375621270295683,20.59078086612951,3.3197542310795017e-94,0.08152139863006672,0.0986735188296006,2266,2266,0,9,pca,standard,original,original,fixed504,union,dgtw,10,ar_dgtw_10,2743765
ld3_enet_characteristics_textcore_pca_dgtw_standard_original_original_fixed504_union,enet,characteristics_textcore,504,ew_spread_bp,98.67123353967537,25.661291570319303,3.8451390207421117,0.00012048411136275281,48.37602626506825,148.9664408142825,2266,2266,0,9,pca,standard,original,original,fixed504,union,dgtw,10,ar_dgtw_10,2743765
ld3_enet_characteristics_textcore_pca_dgtw_standard_original_original_fixed504_union,enet,characteristics_textcore,504,cap_spread_bp,53.48386947367867,24.368239839763067,2.1948187405151005,0.028176602621891002,5.7229970211089665,101.24474192624838,2266,2266,0,9,pca,standard,original,original,fixed504,union,dgtw,10,ar_dgtw_10,2743765
ld3_enet_characteristics_textcore_pca_dgtw_standard_original_expanded_fixed504_union,enet,characteristics_textcore,504,rank_ic,0.09002152992112061,0.004372830421556807,20.58655864570923,3.6219942569771146e-94,0.08145093978436817,0.09859212005787306,2266,2266,0,9,pca,standard,original,expanded,fixed504,union,dgtw,10,ar_dgtw_10,2743765
ld3_enet_characteristics_textcore_pca_dgtw_standard_original_expanded_fixed504_union,enet,characteristics_textcore,504,ew_spread_bp,99.09195831114404,25.654765229993956,3.8625166678700253,0.00011222490568937834,48.809542428525454,149.37437419376263,2266,2266,0,9,pca,standard,original,expanded,fixed504,union,dgtw,10,ar_dgtw_10,2743765
ld3_enet_characteristics_textcore_pca_dgtw_standard_original_expanded_fixed504_union,enet,characteristics_textcore,504,cap_spread_bp,53.28295194639451,24.419710796189225,2.181964904953317,0.029112122954384343,5.4211982729797015,101.14470561980932,2266,2266,0,9,pca,standard,original,expanded,fixed504,union,dgtw,10,ar_dgtw_10,2743765
ld3_enet_characteristics_textcore_pca_dgtw_standard_expanded_original_fixed504_union,enet,characteristics_textcore,504,rank_ic,0.09015396542141449,0.004390595372841046,20.53342605403378,1.0826562872845484e-93,0.08154855661995783,0.09875937422287115,2266,2266,0,9,pca,standard,expanded,original,fixed504,union,dgtw,10,ar_dgtw_10,2743765
ld3_enet_characteristics_textcore_pca_dgtw_standard_expanded_original_fixed504_union,enet,characteristics_textcore,504,ew_spread_bp,92.81884305063541,26.531831632431796,3.4983956002938053,0.000468066297620022,40.81740860718854,144.8202774940823,2266,2266,0,9,pca,standard,expanded,original,fixed504,union,dgtw,10,ar_dgtw_10,2743765
ld3_enet_characteristics_textcore_pca_dgtw_standard_expanded_original_fixed504_union,enet,characteristics_textcore,504,cap_spread_bp,64.49825384212414,24.813867735316766,2.5992825677202225,0.009341883955559266,15.86396676376281,113.13254092048547,2266,2266,0,9,pca,standard,expanded,original,fixed504,union,dgtw,10,ar_dgtw_10,2743765
ld3_enet_characteristics_textcore_pca_dgtw_standard_expanded_expanded_fixed504_union,enet,characteristics_textcore,504,rank_ic,0.09006520582597696,0.004395373411617515,20.49091109936723,2.594916651668877e-93,0.08145043224060168,0.09867997941135224,2266,2266,0,9,pca,standard,expanded,expanded,fixed504,union,dgtw,10,ar_dgtw_10,2743765
ld3_enet_characteristics_textcore_pca_dgtw_standard_expanded_expanded_fixed504_union,enet,characteristics_textcore,504,ew_spread_bp,92.51708365361,26.523754382221572,3.488084014064866,0.0004864951872546274,40.531480329669286,144.50268697755072,2266,2266,0,9,pca,standard,expanded,expanded,fixed504,union,dgtw,10,ar_dgtw_10,2743765
ld3_enet_characteristics_textcore_pca_dgtw_standard_expanded_expanded_fixed504_union,enet,characteristics_textcore,504,cap_spread_bp,64.01099342319502,24.966807843438737,2.563843717009945,0.010352014522133987,15.07694924112296,112.94503760526707,2266,2266,0,9,pca,standard,expanded,expanded,fixed504,union,dgtw,10,ar_dgtw_10,2743765
ld3_group_ridge_characteristics_textcore_pca_dgtw_standard_original_original_fixed504_union,group_ridge,characteristics_textcore,504,rank_ic,0.0900466404907016,0.004361780197111347,20.64447001486602,1.0945639468918158e-94,0.08149770839588334,0.09859557258551986,2266,2266,0,9,pca,standard,original,original,fixed504,union,dgtw,10,ar_dgtw_10,2743765
ld3_group_ridge_characteristics_textcore_pca_dgtw_standard_original_original_fixed504_union,group_ridge,characteristics_textcore,504,ew_spread_bp,90.98921294846083,26.716330075876204,3.405752687215843,0.0006598192123006192,38.62616820065922,143.35225769626243,2266,2266,0,9,pca,standard,original,original,fixed504,union,dgtw,10,ar_dgtw_10,2743765
ld3_group_ridge_characteristics_textcore_pca_dgtw_standard_original_original_fixed504_union,group_ridge,characteristics_textcore,504,cap_spread_bp,55.098190926859694,24.987432835920934,2.2050360790826313,0.027451562886804413,6.123722502341117,104.07265935137826,2266,2266,0,9,pca,standard,original,original,fixed504,union,dgtw,10,ar_dgtw_10,2743765
ld3_lasso_characteristics_textcore_pca_dgtw_standard_original_expanded_fixed504_union,lasso,characteristics_textcore,504,rank_ic,0.1286545223299867,0.009163830846762139,14.039382053352094,8.948953209184949e-45,0.11069374390991572,0.1466153007500577,2266,2266,0,41,pca,standard,original,expanded,fixed504,union,dgtw,42,ar_dgtw_42,2724901
ld3_lasso_characteristics_textcore_pca_dgtw_standard_original_expanded_fixed504_union,lasso,characteristics_textcore,504,ew_spread_bp,277.3155647110403,116.74039493322334,2.3754893485641153,0.01752569821570353,48.50859510094031,506.1225343211403,2266,2266,0,41,pca,standard,original,expanded,fixed504,union,dgtw,42,ar_dgtw_42,2724901
ld3_lasso_characteristics_textcore_pca_dgtw_standard_original_expanded_fixed504_union,lasso,characteristics_textcore,504,cap_spread_bp,133.41478522684764,102.858227564246,1.2970745110644242,0.1946055506484723,-68.18363631269955,335.01320676639483,2266,2266,0,41,pca,standard,original,expanded,fixed504,union,dgtw,42,ar_dgtw_42,2724901
ld3_lasso_characteristics_textcore_pca_dgtw_standard_expanded_original_fixed504_union,lasso,characteristics_textcore,504,rank_ic,0.12894880916064447,0.00919577240367569,14.022618601250034,1.1335364849378177e-44,0.11092542643941279,0.14697219188187616,2266,2266,0,41,pca,standard,expanded,original,fixed504,union,dgtw,42,ar_dgtw_42,2724901
ld3_lasso_characteristics_textcore_pca_dgtw_standard_expanded_original_fixed504_union,lasso,characteristics_textcore,504,ew_spread_bp,263.27903437648973,121.81651141166948,2.1612754406236325,0.030674068883541947,24.523059287305045,502.0350094656744,2266,2266,0,41,pca,standard,expanded,original,fixed504,union,dgtw,42,ar_dgtw_42,2724901
ld3_lasso_characteristics_textcore_pca_dgtw_standard_expanded_original_fixed504_union,lasso,characteristics_textcore,504,cap_spread_bp,170.11843786597566,98.2546988440009,1.7314025676886242,0.08337998898215274,-22.457233180095386,362.6941089120467,2266,2266,0,41,pca,standard,expanded,original,fixed504,union,dgtw,42,ar_dgtw_42,2724901
ld3_lasso_characteristics_textcore_pca_dgtw_standard_expanded_expanded_fixed504_union,lasso,characteristics_textcore,504,rank_ic,0.12853121291327085,0.009124814988310456,14.085897969211274,4.637265472918856e-45,0.11064690417059109,0.14641552165595062,2266,2266,0,41,pca,standard,expanded,expanded,fixed504,union,dgtw,42,ar_dgtw_42,2724901
ld3_lasso_characteristics_textcore_pca_dgtw_standard_expanded_expanded_fixed504_union,lasso,characteristics_textcore,504,ew_spread_bp,263.57671042443155,120.99152732466413,2.17847246210191,0.02937088024710903,26.437674433596015,500.71574641526706,2266,2266,0,41,pca,standard,expanded,expanded,fixed504,union,dgtw,42,ar_dgtw_42,2724901
ld3_lasso_characteristics_textcore_pca_dgtw_standard_expanded_expanded_fixed504_union,lasso,characteristics_textcore,504,cap_spread_bp,167.43636484913512,97.94962885577682,1.709412958528634,0.08737448223730153,-24.541380007252684,359.41410970552295,2266,2266,0,41,pca,standard,expanded,expanded,fixed504,union,dgtw,42,ar_dgtw_42,2724901
ld3_enet_characteristics_textcore_pca_dgtw_standard_original_original_fixed504_union,enet,characteristics_textcore,504,rank_ic,0.12928794800940152,0.009204222992054544,14.046590149000963,8.083340125278938e-45,0.11124800243929912,0.14732789357950393,2266,2266,0,41,pca,standard,original,original,fixed504,union,dgtw,42,ar_dgtw_42,2724901
ld3_enet_characteristics_textcore_pca_dgtw_standard_original_original_fixed504_union,enet,characteristics_textcore,504,ew_spread_bp,270.4779762267426,117.3299321442287,2.3052768486583246,0.02115107329004199,40.51553491552596,500.44041753795926,2266,2266,0,41,pca,standard,original,original,fixed504,union,dgtw,42,ar_dgtw_42,2724901
ld3_enet_characteristics_textcore_pca_dgtw_standard_original_original_fixed504_union,enet,characteristics_textcore,504,cap_spread_bp,125.89547979862346,103.10165537112063,1.2210810713509408,0.22205532575750098,-76.1800514752336,327.9710110724805,2266,2266,0,41,pca,standard,original,original,fixed504,union,dgtw,42,ar_dgtw_42,2724901
ld3_enet_characteristics_textcore_pca_dgtw_standard_original_expanded_fixed504_union,enet,characteristics_textcore,504,rank_ic,0.12913107215717284,0.009157587386319253,14.100992620620248,3.74465201577541e-45,0.11118253069470882,0.14707961361963687,2266,2266,0,41,pca,standard,original,expanded,fixed504,union,dgtw,42,ar_dgtw_42,2724901
ld3_enet_characteristics_textcore_pca_dgtw_standard_original_expanded_fixed504_union,enet,characteristics_textcore,504,ew_spread_bp,272.6542956348114,117.3817133418984,2.3228004420130555,0.02018987532955418,42.59036504108576,502.718226228537,2266,2266,0,41,pca,standard,original,expanded,fixed504,union,dgtw,42,ar_dgtw_42,2724901
ld3_enet_characteristics_textcore_pca_dgtw_standard_original_expanded_fixed504_union,enet,characteristics_textcore,504,cap_spread_bp,130.2782218230811,102.54766229291727,1.270416301163007,0.2039363796768865,-70.71150296981287,331.2679466159751,2266,2266,0,41,pca,standard,original,expanded,fixed504,union,dgtw,42,ar_dgtw_42,2724901
ld3_enet_characteristics_textcore_pca_dgtw_standard_expanded_original_fixed504_union,enet,characteristics_textcore,504,rank_ic,0.12981329646588577,0.009223156847810684,14.074714179527344,5.432408037136388e-45,0.11173624122041285,0.14789035171135867,2266,2266,0,41,pca,standard,expanded,original,fixed504,union,dgtw,42,ar_dgtw_42,2724901
ld3_enet_characteristics_textcore_pca_dgtw_standard_expanded_original_fixed504_union,enet,characteristics_textcore,504,ew_spread_bp,258.33171817555825,121.76289788336842,2.1215963373588838,0.03387165022927599,19.680823670927765,496.9826126801887,2266,2266,0,41,pca,standard,expanded,original,fixed504,union,dgtw,42,ar_dgtw_42,2724901
ld3_enet_characteristics_textcore_pca_dgtw_standard_expanded_original_fixed504_union,enet,characteristics_textcore,504,cap_spread_bp,181.48478109272583,98.2091498742733,1.8479416767690326,0.06461078054493137,-11.001615613146214,373.97117779859786,2266,2266,0,41,pca,standard,expanded,original,fixed504,union,dgtw,42,ar_dgtw_42,2724901
ld3_enet_characteristics_textcore_pca_dgtw_standard_expanded_expanded_fixed504_union,enet,characteristics_textcore,504,rank_ic,0.1295858723145015,0.009200922380913575,14.084008857993942,4.762942748227724e-45,0.11155239582336236,0.14761934880564062,2266,2266,0,41,pca,standard,expanded,expanded,fixed504,union,dgtw,42,ar_dgtw_42,2724901
ld3_enet_characteristics_textcore_pca_dgtw_standard_expanded_expanded_fixed504_union,enet,characteristics_textcore,504,ew_spread_bp,260.28678748203845,120.78097757520774,2.1550313030043444,0.031159384736819166,23.560421417091362,497.01315354698556,2266,2266,0,41,pca,standard,expanded,expanded,fixed504,union,dgtw,42,ar_dgtw_42,2724901
ld3_enet_characteristics_textcore_pca_dgtw_standard_expanded_expanded_fixed504_union,enet,characteristics_textcore,504,cap_spread_bp,185.85817838074433,96.95032086192951,1.9170455211327433,0.05523214879602841,-4.160958798239761,375.87731555972846,2266,2266,0,41,pca,standard,expanded,expanded,fixed504,union,dgtw,42,ar_dgtw_42,2724901
ld3_group_ridge_characteristics_textcore_pca_dgtw_standard_original_original_fixed504_union,group_ridge,characteristics_textcore,504,rank_ic,0.12938900898049438,0.009102870409286342,14.214088871186993,7.492019231827781e-46,0.11154771082235777,0.147230307138631,2266,2266,0,41,pca,standard,original,original,fixed504,union,dgtw,42,ar_dgtw_42,2724901
ld3_group_ridge_characteristics_textcore_pca_dgtw_standard_original_original_fixed504_union,group_ridge,characteristics_textcore,504,ew_spread_bp,254.40987051897523,121.95714832640343,2.086059521809072,0.03697323173602158,15.378252142015185,493.44148889593527,2266,2266,0,41,pca,standard,original,original,fixed504,union,dgtw,42,ar_dgtw_42,2724901
ld3_group_ridge_characteristics_textcore_pca_dgtw_standard_original_original_fixed504_union,group_ridge,characteristics_textcore,504,cap_spread_bp,179.38766810151404,96.4307368350985,1.8602747836333153,0.06284665929049843,-9.613103097938989,368.3884393009671,2266,2266,0,41,pca,standard,original,original,fixed504,union,dgtw,42,ar_dgtw_42,2724901
ld3_lasso_characteristics_textcore_pca_dgtw_standard_original_expanded_fixed504_union,lasso,characteristics_textcore,504,rank_ic,0.14580840575419282,0.010307047405136303,14.146476679784382,1.9635126082619504e-45,0.12560696405317864,0.166009847455207,2266,2266,0,62,pca,standard,original,expanded,fixed504,union,dgtw,63,ar_dgtw_63,2711735
ld3_lasso_characteristics_textcore_pca_dgtw_standard_original_expanded_fixed504_union,lasso,characteristics_textcore,504,ew_spread_bp,358.7936518936231,176.66365517213987,2.0309420833844802,0.04226087010267022,12.53925037902576,705.0480534082205,2266,2266,0,62,pca,standard,original,expanded,fixed504,union,dgtw,63,ar_dgtw_63,2711735
ld3_lasso_characteristics_textcore_pca_dgtw_standard_original_expanded_fixed504_union,lasso,characteristics_textcore,504,cap_spread_bp,168.75649068303738,158.00160538252666,1.0680682026899209,0.2854897478249173,-140.92096536622483,478.4339467322996,2266,2266,0,62,pca,standard,original,expanded,fixed504,union,dgtw,63,ar_dgtw_63,2711735
ld3_lasso_characteristics_textcore_pca_dgtw_standard_expanded_original_fixed504_union,lasso,characteristics_textcore,504,rank_ic,0.14632102465759214,0.0103383150499614,14.153275843353066,1.7825623771733658e-45,0.1260582994988394,0.16658374981634488,2266,2266,0,62,pca,standard,expanded,original,fixed504,union,dgtw,63,ar_dgtw_63,2711735
ld3_lasso_characteristics_textcore_pca_dgtw_standard_expanded_original_fixed504_union,lasso,characteristics_textcore,504,ew_spread_bp,347.7133901006394,182.41587578755014,1.906157501913936,0.05662977414742771,-9.81515665129092,705.2419368525698,2266,2266,0,62,pca,standard,expanded,original,fixed504,union,dgtw,63,ar_dgtw_63,2711735
ld3_lasso_characteristics_textcore_pca_dgtw_standard_expanded_original_fixed504_union,lasso,characteristics_textcore,504,cap_spread_bp,212.81705638341896,148.92032092459294,1.4290665979103059,0.1529850927971849,-79.06140919492981,504.6955219617677,2266,2266,0,62,pca,standard,expanded,original,fixed504,union,dgtw,63,ar_dgtw_63,2711735
ld3_lasso_characteristics_textcore_pca_dgtw_standard_expanded_expanded_fixed504_union,lasso,characteristics_textcore,504,rank_ic,0.14592319606814808,0.010274348976721949,14.202670787098878,8.818631262465082e-46,0.1257858421091771,0.16606055002711906,2266,2266,0,62,pca,standard,expanded,expanded,fixed504,union,dgtw,63,ar_dgtw_63,2711735
ld3_lasso_characteristics_textcore_pca_dgtw_standard_expanded_expanded_fixed504_union,lasso,characteristics_textcore,504,ew_spread_bp,346.1582751882295,181.4599210284718,1.907629371964269,0.05643913609633484,-9.496634665057627,701.8131850415166,2266,2266,0,62,pca,standard,expanded,expanded,fixed504,union,dgtw,63,ar_dgtw_63,2711735
ld3_lasso_characteristics_textcore_pca_dgtw_standard_expanded_expanded_fixed504_union,lasso,characteristics_textcore,504,cap_spread_bp,209.64338996864143,147.9331553367837,1.4171494516653051,0.15643923694672332,-80.30026661082388,499.58704654810674,2266,2266,0,62,pca,standard,expanded,expanded,fixed504,union,dgtw,63,ar_dgtw_63,2711735
ld3_enet_characteristics_textcore_pca_dgtw_standard_original_original_fixed504_union,enet,characteristics_textcore,504,rank_ic,0.146489574095799,0.010315044056984643,14.201546138487528,8.961319450915206e-46,0.12627245924516517,0.1667066889464328,2266,2266,0,62,pca,standard,original,original,fixed504,union,dgtw,63,ar_dgtw_63,2711735
ld3_enet_characteristics_textcore_pca_dgtw_standard_original_original_fixed504_union,enet,characteristics_textcore,504,ew_spread_bp,355.946349896621,177.71333158006667,2.0029242979796003,0.04518541460778945,7.63462042706567,704.2580793661763,2266,2266,0,62,pca,standard,original,original,fixed504,union,dgtw,63,ar_dgtw_63,2711735
ld3_enet_characteristics_textcore_pca_dgtw_standard_original_original_fixed504_union,enet,characteristics_textcore,504,cap_spread_bp,171.69983908988615,158.63175490745778,1.0823800013436906,0.2790837108533495,-139.21268733311604,482.61236551288835,2266,2266,0,62,pca,standard,original,original,fixed504,union,dgtw,63,ar_dgtw_63,2711735
ld3_enet_characteristics_textcore_pca_dgtw_standard_original_expanded_fixed504_union,enet,characteristics_textcore,504,rank_ic,0.14631588308964283,0.01026835775604595,14.249199975866917,4.5344611650834506e-46,0.12619027170742025,0.1664414944718654,2266,2266,0,62,pca,standard,original,expanded,fixed504,union,dgtw,63,ar_dgtw_63,2711735
ld3_enet_characteristics_textcore_pca_dgtw_standard_original_expanded_fixed504_union,enet,characteristics_textcore,504,ew_spread_bp,358.68648123032887,177.74847120981224,2.017944113887424,0.043597082016724034,10.305879352042211,707.0670831086155,2266,2266,0,62,pca,standard,original,expanded,fixed504,union,dgtw,63,ar_dgtw_63,2711735
ld3_enet_characteristics_textcore_pca_dgtw_standard_original_expanded_fixed504_union,enet,characteristics_textcore,504,cap_spread_bp,173.4054143484624,157.82291013986946,1.0987341077083361,0.2718840607217857,-135.92180546098308,482.73263415790785,2266,2266,0,62,pca,standard,original,expanded,fixed504,union,dgtw,63,ar_dgtw_63,2711735
ld3_enet_characteristics_textcore_pca_dgtw_standard_expanded_original_fixed504_union,enet,characteristics_textcore,504,rank_ic,0.14730263801295349,0.010358176874169716,14.220903910251183,6.7969286842212274e-46,0.12700098439408516,0.1676042916318218,2266,2266,0,62,pca,standard,expanded,original,fixed504,union,dgtw,63,ar_dgtw_63,2711735
ld3_enet_characteristics_textcore_pca_dgtw_standard_expanded_original_fixed504_union,enet,characteristics_textcore,504,ew_spread_bp,344.48484691420185,181.25487608958736,1.9005549221414388,0.057360334676073176,-10.768182243659567,699.7378760720633,2266,2266,0,62,pca,standard,expanded,original,fixed504,union,dgtw,63,ar_dgtw_63,2711735
ld3_enet_characteristics_textcore_pca_dgtw_standard_expanded_original_fixed504_union,enet,characteristics_textcore,504,cap_spread_bp,228.81693620355423,148.61951133941926,1.5396157216597153,0.12365405093844385,-62.47195342164969,520.1058258287582,2266,2266,0,62,pca,standard,expanded,original,fixed504,union,dgtw,63,ar_dgtw_63,2711735
ld3_enet_characteristics_textcore_pca_dgtw_standard_expanded_expanded_fixed504_union,enet,characteristics_textcore,504,rank_ic,0.1469885511151945,0.010321529588873555,14.24096591978439,5.101698573220668e-46,0.1267587248556378,0.16721837737475118,2266,2266,0,62,pca,standard,expanded,expanded,fixed504,union,dgtw,63,ar_dgtw_63,2711735
ld3_enet_characteristics_textcore_pca_dgtw_standard_expanded_expanded_fixed504_union,enet,characteristics_textcore,504,ew_spread_bp,344.78144506905124,179.17392284318217,1.924283621176354,0.05431904245721347,-6.392990672344297,695.9558808104468,2266,2266,0,62,pca,standard,expanded,expanded,fixed504,union,dgtw,63,ar_dgtw_63,2711735
ld3_enet_characteristics_textcore_pca_dgtw_standard_expanded_expanded_fixed504_union,enet,characteristics_textcore,504,cap_spread_bp,234.24748622330677,143.86680462688787,1.6282247098683895,0.1034772471479157,-47.72626941625387,516.2212418628674,2266,2266,0,62,pca,standard,expanded,expanded,fixed504,union,dgtw,63,ar_dgtw_63,2711735
ld3_group_ridge_characteristics_textcore_pca_dgtw_standard_original_original_fixed504_union,group_ridge,characteristics_textcore,504,rank_ic,0.14691090572412618,0.010280373805097422,14.290424502976911,2.5107431011922192e-46,0.12676174331852624,0.16706006812972612,2266,2266,0,62,pca,standard,original,original,fixed504,union,dgtw,63,ar_dgtw_63,2711735
ld3_group_ridge_characteristics_textcore_pca_dgtw_standard_original_original_fixed504_union,group_ridge,characteristics_textcore,504,ew_spread_bp,346.26131952554175,183.1058876347197,1.8910441602855663,0.058618449536707806,-12.619625595746868,705.1422646468304,2266,2266,0,62,pca,standard,original,original,fixed504,union,dgtw,63,ar_dgtw_63,2711735
ld3_group_ridge_characteristics_textcore_pca_dgtw_standard_original_original_fixed504_union,group_ridge,characteristics_textcore,504,cap_spread_bp,226.39218510606815,144.76360903698364,1.563874972530081,0.11784693307872654,-57.33927487845688,510.1236450905932,2266,2266,0,62,pca,standard,original,original,fixed504,union,dgtw,63,ar_dgtw_63,2711735
ld3_group_ridge_characteristics_textcore_pca_dgtw_standard_original_expanded_fixed504_union,group_ridge,characteristics_textcore,504,rank_ic,0.0724284023540414,0.0026138589758042665,27.709376452398573,5.38301499027633e-169,0.06730533290079828,0.07755147180728451,2266,2266,0,5,pca,standard,original,expanded,fixed504,union,dgtw,3,ar_dgtw_3,2747782
ld3_group_ridge_characteristics_textcore_pca_dgtw_standard_original_expanded_fixed504_union,group_ridge,characteristics_textcore,504,ew_spread_bp,43.81853611039793,9.108230994994157,4.810872290621571,1.5027301622173495e-06,25.96673139733796,61.6703408234579,2266,2266,0,5,pca,standard,original,expanded,fixed504,union,dgtw,3,ar_dgtw_3,2747782
ld3_group_ridge_characteristics_textcore_pca_dgtw_standard_original_expanded_fixed504_union,group_ridge,characteristics_textcore,504,cap_spread_bp,18.80434088217307,10.029772380051291,1.8748522069727076,0.060813058611746545,-0.8536517558620424,38.462333520208176,2266,2266,0,5,pca,standard,original,expanded,fixed504,union,dgtw,3,ar_dgtw_3,2747782
ld3_group_ridge_characteristics_textcore_pca_dgtw_standard_expanded_original_fixed504_union,group_ridge,characteristics_textcore,504,rank_ic,0.0724694627862154,0.0026169312456560557,27.692536021536764,8.587872427441043e-169,0.06734037179471199,0.0775985537777188,2266,2266,0,5,pca,standard,expanded,original,fixed504,union,dgtw,3,ar_dgtw_3,2747782
ld3_group_ridge_characteristics_textcore_pca_dgtw_standard_expanded_original_fixed504_union,group_ridge,characteristics_textcore,504,ew_spread_bp,42.016566810997446,9.116348710024006,4.608924926796356,4.047564387406605e-06,24.148851668842212,59.88428195315268,2266,2266,0,5,pca,standard,expanded,original,fixed504,union,dgtw,3,ar_dgtw_3,2747782
ld3_group_ridge_characteristics_textcore_pca_dgtw_standard_expanded_original_fixed504_union,group_ridge,characteristics_textcore,504,cap_spread_bp,21.199818917602627,10.05982507559554,2.1073745078363206,0.03508512951052363,1.4829240786624425,40.91671375654281,2266,2266,0,5,pca,standard,expanded,original,fixed504,union,dgtw,3,ar_dgtw_3,2747782
ld3_group_ridge_characteristics_textcore_pca_dgtw_standard_expanded_expanded_fixed504_union,group_ridge,characteristics_textcore,504,rank_ic,0.07244705356911853,0.0026169994651498467,27.683251194310156,1.1109080125754418e-168,0.06731782886986425,0.07757627826837281,2266,2266,0,5,pca,standard,expanded,expanded,fixed504,union,dgtw,3,ar_dgtw_3,2747782
ld3_group_ridge_characteristics_textcore_pca_dgtw_standard_expanded_expanded_fixed504_union,group_ridge,characteristics_textcore,504,ew_spread_bp,42.718010129006004,9.156490387513884,4.665325722097388,3.0812855490183595e-06,24.771618744691587,60.66440151332042,2266,2266,0,5,pca,standard,expanded,expanded,fixed504,union,dgtw,3,ar_dgtw_3,2747782
ld3_group_ridge_characteristics_textcore_pca_dgtw_standard_expanded_expanded_fixed504_union,group_ridge,characteristics_textcore,504,cap_spread_bp,19.552742184889595,10.068149375866598,1.9420393415852184,0.052132337805515676,-0.18046798277836018,39.28595235255755,2266,2266,0,5,pca,standard,expanded,expanded,fixed504,union,dgtw,3,ar_dgtw_3,2747782
ld3_ols_characteristics_full_dgtw_daily_rank_original_none_fixed504_union,ols,characteristics,504,rank_ic,0.06980505283190493,0.002496950575418512,27.95612116599663,5.554329360366912e-172,0.06491111963290808,0.07469898603090178,2266,2266,0,5,full,daily_rank,original,none,fixed504,union,dgtw,3,ar_dgtw_3,2747782
ld3_ols_characteristics_full_dgtw_daily_rank_original_none_fixed504_union,ols,characteristics,504,ew_spread_bp,42.650663539941945,8.742897002751848,4.8783216280047155,1.0699235889438714e-06,25.514900294005137,59.78642678587875,2266,2266,0,5,full,daily_rank,original,none,fixed504,union,dgtw,3,ar_dgtw_3,2747782
ld3_ols_characteristics_full_dgtw_daily_rank_original_none_fixed504_union,ols,characteristics,504,cap_spread_bp,19.148647056518588,9.47973015582457,2.019956975753493,0.04338785051184159,0.5687173679441564,37.72857674509302,2266,2266,0,5,full,daily_rank,original,none,fixed504,union,dgtw,3,ar_dgtw_3,2747782
ld3_ridge_characteristics_full_dgtw_daily_rank_original_none_fixed504_union,ridge,characteristics,504,rank_ic,0.07067384087623331,0.0025466783146660013,27.751381267603183,1.6768689607618206e-169,0.06568244309927879,0.07566523865318783,2266,2266,0,5,full,daily_rank,original,none,fixed504,union,dgtw,3,ar_dgtw_3,2747782
ld3_ridge_characteristics_full_dgtw_daily_rank_original_none_fixed504_union,ridge,characteristics,504,ew_spread_bp,33.37651153981855,8.974674963099044,3.7189660547097194,0.0002000399295608178,15.786471839191087,50.966551240446016,2266,2266,0,5,full,daily_rank,original,none,fixed504,union,dgtw,3,ar_dgtw_3,2747782
ld3_ridge_characteristics_full_dgtw_daily_rank_original_none_fixed504_union,ridge,characteristics,504,cap_spread_bp,20.277027993902536,9.282711435379214,2.184386333137607,0.028933871631719784,2.0832479016811654,38.47080808612391,2266,2266,0,5,full,daily_rank,original,none,fixed504,union,dgtw,3,ar_dgtw_3,2747782
ld3_ridge_characteristics_full_dgtw_daily_rank_expanded_none_fixed504_union,ridge,characteristics,504,rank_ic,0.07071433726744161,0.002544746781147066,27.78835905848618,5.9973447731688825e-170,0.06572672522661913,0.0757019493082641,2266,2266,0,5,full,daily_rank,expanded,none,fixed504,union,dgtw,3,ar_dgtw_3,2747782
ld3_ridge_characteristics_full_dgtw_daily_rank_expanded_none_fixed504_union,ridge,characteristics,504,ew_spread_bp,33.122886974991694,8.903040495403557,3.720401697834836,0.00019890615330722897,15.673248251099082,50.572525698884306,2266,2266,0,5,full,daily_rank,expanded,none,fixed504,union,dgtw,3,ar_dgtw_3,2747782
ld3_ridge_characteristics_full_dgtw_daily_rank_expanded_none_fixed504_union,ridge,characteristics,504,cap_spread_bp,20.232620743057293,9.287704640627808,2.1784306807682525,0.029373987791096783,2.029054148381263,38.43618733773332,2266,2266,0,5,full,daily_rank,expanded,none,fixed504,union,dgtw,3,ar_dgtw_3,2747782
ld3_lasso_characteristics_full_dgtw_daily_rank_original_none_fixed504_union,lasso,characteristics,504,rank_ic,0.07052106707169893,0.002550987369969563,27.64461631675595,3.239319759352851e-168,0.06552122370154204,0.07552091044185583,2266,2266,0,5,full,daily_rank,original,none,fixed504,union,dgtw,3,ar_dgtw_3,2747782
ld3_lasso_characteristics_full_dgtw_daily_rank_original_none_fixed504_union,lasso,characteristics,504,ew_spread_bp,36.59151634993172,8.301185437387158,4.407986862349758,1.0433587229484443e-05,20.32149186366452,52.86154083619893,2266,2266,0,5,full,daily_rank,original,none,fixed504,union,dgtw,3,ar_dgtw_3,2747782
ld3_lasso_characteristics_full_dgtw_daily_rank_original_none_fixed504_union,lasso,characteristics,504,cap_spread_bp,17.335975205406587,9.614035297113539,1.8031944620186113,0.07135767991724483,-1.5071877230327857,36.17913813384596,2266,2266,0,5,full,daily_rank,original,none,fixed504,union,dgtw,3,ar_dgtw_3,2747782
ld3_lasso_characteristics_full_dgtw_daily_rank_expanded_none_fixed504_union,lasso,characteristics,504,rank_ic,0.07024896230878594,0.002558551472223243,27.456536665937534,5.804914216989199e-166,0.06523429357063645,0.07526363104693543,2266,2266,0,5,full,daily_rank,expanded,none,fixed504,union,dgtw,3,ar_dgtw_3,2747782
ld3_lasso_characteristics_full_dgtw_daily_rank_expanded_none_fixed504_union,lasso,characteristics,504,ew_spread_bp,32.895240544256616,8.861180268020565,3.7122865746195735,0.0002053952386961962,15.527646358419325,50.26283473009391,2266,2266,0,5,full,daily_rank,expanded,none,fixed504,union,dgtw,3,ar_dgtw_3,2747782
ld3_lasso_characteristics_full_dgtw_daily_rank_expanded_none_fixed504_union,lasso,characteristics,504,cap_spread_bp,15.60339095923048,9.577826314109116,1.629116090385257,0.1032884455967804,-3.1688036666034005,34.37558558506436,2266,2266,0,5,full,daily_rank,expanded,none,fixed504,union,dgtw,3,ar_dgtw_3,2747782
ld3_group_ridge_characteristics_textcore_pca_dgtw_standard_original_expanded_fixed504_union,group_ridge,characteristics_textcore,504,rank_ic,0.07843466800877044,0.0031701840978882465,24.741360623510193,3.840605666536955e-135,0.07222122135254788,0.084648114664993,2266,2266,0,5,pca,standard,original,expanded,fixed504,union,dgtw,5,ar_dgtw_5,2746618
ld3_group_ridge_characteristics_textcore_pca_dgtw_standard_original_expanded_fixed504_union,group_ridge,characteristics_textcore,504,ew_spread_bp,57.95437883435837,13.742119292323977,4.21728101769065,2.4726575028318205e-05,31.020319950150324,84.88843771856642,2266,2266,0,5,pca,standard,original,expanded,fixed504,union,dgtw,5,ar_dgtw_5,2746618
ld3_group_ridge_characteristics_textcore_pca_dgtw_standard_original_expanded_fixed504_union,group_ridge,characteristics_textcore,504,cap_spread_bp,25.98387677910249,14.77657820092759,1.7584501923098388,0.07867093928844393,-2.9776843094552525,54.94543786766023,2266,2266,0,5,pca,standard,original,expanded,fixed504,union,dgtw,5,ar_dgtw_5,2746618
ld3_group_ridge_characteristics_textcore_pca_dgtw_standard_expanded_original_fixed504_union,group_ridge,characteristics_textcore,504,rank_ic,0.07840194595141965,0.0031755473002391603,24.689270396166027,1.394550520491426e-134,0.0721779876117475,0.0846259042910918,2266,2266,0,5,pca,standard,expanded,original,fixed504,union,dgtw,5,ar_dgtw_5,2746618
ld3_group_ridge_characteristics_textcore_pca_dgtw_standard_expanded_original_fixed504_union,group_ridge,characteristics_textcore,504,ew_spread_bp,56.37559217069859,13.726560457536507,4.107044320760327,4.007543540194559e-05,29.472028042315387,83.27915629908179,2266,2266,0,5,pca,standard,expanded,original,fixed504,union,dgtw,5,ar_dgtw_5,2746618
ld3_group_ridge_characteristics_textcore_pca_dgtw_standard_expanded_original_fixed504_union,group_ridge,characteristics_textcore,504,cap_spread_bp,28.772426217064965,14.594448754554405,1.9714637189079252,0.048670858969731785,0.16783228392288407,57.377020150207045,2266,2266,0,5,pca,standard,expanded,original,fixed504,union,dgtw,5,ar_dgtw_5,2746618
ld3_group_ridge_characteristics_textcore_pca_dgtw_standard_expanded_expanded_fixed504_union,group_ridge,characteristics_textcore,504,rank_ic,0.07842773187407102,0.0031765662261485712,24.689468530036205,1.3877342157618553e-134,0.07220177647631351,0.08465368727182854,2266,2266,0,5,pca,standard,expanded,expanded,fixed504,union,dgtw,5,ar_dgtw_5,2746618
ld3_group_ridge_characteristics_textcore_pca_dgtw_standard_expanded_expanded_fixed504_union,group_ridge,characteristics_textcore,504,ew_spread_bp,57.94579831619513,13.771361983934147,4.207702795394926,2.579798543143021e-05,30.954424809620136,84.93717182277013,2266,2266,0,5,pca,standard,expanded,expanded,fixed504,union,dgtw,5,ar_dgtw_5,2746618
ld3_group_ridge_characteristics_textcore_pca_dgtw_standard_expanded_expanded_fixed504_union,group_ridge,characteristics_textcore,504,cap_spread_bp,28.368168894794582,14.690504781194104,1.9310547402775293,0.05347628326985575,-0.42469139105932996,57.1610291806485,2266,2266,0,5,pca,standard,expanded,expanded,fixed504,union,dgtw,5,ar_dgtw_5,2746618
ld3_ols_characteristics_full_dgtw_daily_rank_original_none_fixed504_union,ols,characteristics,504,rank_ic,0.07520529673657714,0.003003390807948227,25.04013015474127,2.236303069812499e-138,0.06931875892149995,0.08109183455165432,2266,2266,0,5,full,daily_rank,original,none,fixed504,union,dgtw,5,ar_dgtw_5,2746618
ld3_ols_characteristics_full_dgtw_daily_rank_original_none_fixed504_union,ols,characteristics,504,ew_spread_bp,54.86121968525103,13.273279414173652,4.133207625138094,3.5773528757442905e-05,28.846070076733763,80.87636929376829,2266,2266,0,5,full,daily_rank,original,none,fixed504,union,dgtw,5,ar_dgtw_5,2746618
ld3_ols_characteristics_full_dgtw_daily_rank_original_none_fixed504_union,ols,characteristics,504,cap_spread_bp,25.509737618551803,13.992470446869016,1.823104627264724,0.06828754590852214,-1.9150005120525435,52.93447574915615,2266,2266,0,5,full,daily_rank,original,none,fixed504,union,dgtw,5,ar_dgtw_5,2746618
ld3_ridge_characteristics_full_dgtw_daily_rank_original_none_fixed504_union,ridge,characteristics,504,rank_ic,0.07631120357166814,0.0030873568877469596,24.717324995542473,6.965602853936207e-135,0.07026009526426243,0.08236231187907385,2266,2266,0,5,full,daily_rank,original,none,fixed504,union,dgtw,5,ar_dgtw_5,2746618
ld3_ridge_characteristics_full_dgtw_daily_rank_original_none_fixed504_union,ridge,characteristics,504,ew_spread_bp,42.61286829455449,13.48161375325574,3.160813614339285,0.001573291365739043,16.189390884693374,69.0363457044156,2266,2266,0,5,full,daily_rank,original,none,fixed504,union,dgtw,5,ar_dgtw_5,2746618
ld3_ridge_characteristics_full_dgtw_daily_rank_original_none_fixed504_union,ridge,characteristics,504,cap_spread_bp,28.52214175284043,13.9302852695304,2.047491576875793,0.04060984305664847,1.219284330192007,55.824999175488855,2266,2266,0,5,full,daily_rank,original,none,fixed504,union,dgtw,5,ar_dgtw_5,2746618
ld3_ridge_characteristics_full_dgtw_daily_rank_expanded_none_fixed504_union,ridge,characteristics,504,rank_ic,0.07635036299370199,0.0030815711957734777,24.77643972607875,1.6091367228696894e-135,0.07031059443418994,0.08239013155321404,2266,2266,0,5,full,daily_rank,expanded,none,fixed504,union,dgtw,5,ar_dgtw_5,2746618
ld3_ridge_characteristics_full_dgtw_daily_rank_expanded_none_fixed504_union,ridge,characteristics,504,ew_spread_bp,42.998221975751434,13.388048357552984,3.2116870829416757,0.0013195802068608784,16.75812937166696,69.2383145798359,2266,2266,0,5,full,daily_rank,expanded,none,fixed504,union,dgtw,5,ar_dgtw_5,2746618
ld3_ridge_characteristics_full_dgtw_daily_rank_expanded_none_fixed504_union,ridge,characteristics,504,cap_spread_bp,29.843811621386255,13.857899985187958,2.1535594609056834,0.03127473631927405,2.6828267490597106,57.0047964937128,2266,2266,0,5,full,daily_rank,expanded,none,fixed504,union,dgtw,5,ar_dgtw_5,2746618
ld3_lasso_characteristics_full_dgtw_daily_rank_original_none_fixed504_union,lasso,characteristics,504,rank_ic,0.07599948454991594,0.0030867220534265658,24.62142144141194,7.449556668871325e-134,0.06994962049491435,0.08204934860491753,2266,2266,0,5,full,daily_rank,original,none,fixed504,union,dgtw,5,ar_dgtw_5,2746618
ld3_lasso_characteristics_full_dgtw_daily_rank_original_none_fixed504_union,lasso,characteristics,504,ew_spread_bp,45.40086356087898,12.679798008660951,3.580566782678073,0.0003428496981128224,20.54891613266082,70.25281098909714,2266,2266,0,5,full,daily_rank,original,none,fixed504,union,dgtw,5,ar_dgtw_5,2746618
ld3_lasso_characteristics_full_dgtw_daily_rank_original_none_fixed504_union,lasso,characteristics,504,cap_spread_bp,24.560763258058255,13.84079778547536,1.7745193332592801,0.07597728707192197,-2.5667019187751876,51.6882284348917,2266,2266,0,5,full,daily_rank,original,none,fixed504,union,dgtw,5,ar_dgtw_5,2746618
ld3_lasso_characteristics_full_dgtw_daily_rank_expanded_none_fixed504_union,lasso,characteristics,504,rank_ic,0.07572659298594052,0.0031087092934914077,24.359496445835752,4.598463870130948e-131,0.06963363473229241,0.08181955123958863,2266,2266,0,5,full,daily_rank,expanded,none,fixed504,union,dgtw,5,ar_dgtw_5,2746618
ld3_lasso_characteristics_full_dgtw_daily_rank_expanded_none_fixed504_union,lasso,characteristics,504,ew_spread_bp,40.711667487171304,13.482384627024192,3.0196192004171527,0.0025309267780598194,14.286679192487398,67.13665578185521,2266,2266,0,5,full,daily_rank,expanded,none,fixed504,union,dgtw,5,ar_dgtw_5,2746618
ld3_lasso_characteristics_full_dgtw_daily_rank_expanded_none_fixed504_union,lasso,characteristics,504,cap_spread_bp,19.47951966207867,14.146426629589186,1.3769922378372634,0.16851464770004,-8.246967041854479,47.20600636601182,2266,2266,0,5,full,daily_rank,expanded,none,fixed504,union,dgtw,5,ar_dgtw_5,2746618
ld3_group_ridge_characteristics_textcore_pca_dgtw_standard_original_expanded_fixed504_union,group_ridge,characteristics_textcore,504,rank_ic,0.09013254883032368,0.004363350797839497,20.65672759452497,8.492844424886324e-95,0.08158053841464416,0.0986845592460032,2266,2266,0,9,pca,standard,original,expanded,fixed504,union,dgtw,10,ar_dgtw_10,2743765
ld3_group_ridge_characteristics_textcore_pca_dgtw_standard_original_expanded_fixed504_union,group_ridge,characteristics_textcore,504,ew_spread_bp,90.7535942834238,26.728900721055908,3.3953358288293507,0.000685444676546842,38.36591152380753,143.14127704304005,2266,2266,0,9,pca,standard,original,expanded,fixed504,union,dgtw,10,ar_dgtw_10,2743765
ld3_group_ridge_characteristics_textcore_pca_dgtw_standard_original_expanded_fixed504_union,group_ridge,characteristics_textcore,504,cap_spread_bp,52.93869841006568,24.890134195394722,2.1268948569936046,0.03342882028481305,4.154931816723192,101.72246500340817,2266,2266,0,9,pca,standard,original,expanded,fixed504,union,dgtw,10,ar_dgtw_10,2743765
ld3_group_ridge_characteristics_textcore_pca_dgtw_standard_expanded_original_fixed504_union,group_ridge,characteristics_textcore,504,rank_ic,0.09018840046618326,0.004376941368022201,20.60534809195685,2.457464625092955e-94,0.08160975302241627,0.09876704790995025,2266,2266,0,9,pca,standard,expanded,original,fixed504,union,dgtw,10,ar_dgtw_10,2743765
ld3_group_ridge_characteristics_textcore_pca_dgtw_standard_expanded_original_fixed504_union,group_ridge,characteristics_textcore,504,ew_spread_bp,91.9509158268097,26.454652104975597,3.4757938022369816,0.000509343740834937,40.100750477520805,143.8010811760986,2266,2266,0,9,pca,standard,expanded,original,fixed504,union,dgtw,10,ar_dgtw_10,2743765
ld3_group_ridge_characteristics_textcore_pca_dgtw_standard_expanded_original_fixed504_union,group_ridge,characteristics_textcore,504,cap_spread_bp,60.46135140996124,24.89152937512674,2.4289930320785436,0.015140823320330715,11.674850314592028,109.24785250533046,2266,2266,0,9,pca,standard,expanded,original,fixed504,union,dgtw,10,ar_dgtw_10,2743765
ld3_group_ridge_characteristics_textcore_pca_dgtw_standard_expanded_expanded_fixed504_union,group_ridge,characteristics_textcore,504,rank_ic,0.09023722290682333,0.004379497300136899,20.60447049573534,2.502412739070637e-94,0.08165356592816461,0.09882087988548205,2266,2266,0,9,pca,standard,expanded,expanded,fixed504,union,dgtw,10,ar_dgtw_10,2743765
ld3_group_ridge_characteristics_textcore_pca_dgtw_standard_expanded_expanded_fixed504_union,group_ridge,characteristics_textcore,504,ew_spread_bp,92.51785309970018,26.60555166428348,3.4773890151618394,0.0005063226184503552,40.371930048884856,144.6637761505155,2266,2266,0,9,pca,standard,expanded,expanded,fixed504,union,dgtw,10,ar_dgtw_10,2743765
ld3_group_ridge_characteristics_textcore_pca_dgtw_standard_expanded_expanded_fixed504_union,group_ridge,characteristics_textcore,504,cap_spread_bp,61.36181093585444,24.904523104234045,2.4638821903569097,0.013744127817728996,12.549842599410049,110.17377927229884,2266,2266,0,9,pca,standard,expanded,expanded,fixed504,union,dgtw,10,ar_dgtw_10,2743765
ld3_ols_characteristics_full_dgtw_daily_rank_original_none_fixed504_union,ols,characteristics,504,rank_ic,0.0859709482582422,0.0041384653434309564,20.77363010776569,7.497242298913178e-96,0.07785970523385033,0.09408219128263406,2266,2266,0,9,full,daily_rank,original,none,fixed504,union,dgtw,10,ar_dgtw_10,2743765
ld3_ols_characteristics_full_dgtw_daily_rank_original_none_fixed504_union,ols,characteristics,504,ew_spread_bp,90.00093736406167,25.303717721946672,3.5568266431458473,0.00037536167832920536,40.40656195407829,139.59531277404506,2266,2266,0,9,full,daily_rank,original,none,fixed504,union,dgtw,10,ar_dgtw_10,2743765
ld3_ols_characteristics_full_dgtw_daily_rank_original_none_fixed504_union,ols,characteristics,504,cap_spread_bp,53.33107487611572,22.934152092314516,2.325399895380808,0.020050587076582818,8.380962759215343,98.28118699301609,2266,2266,0,9,full,daily_rank,original,none,fixed504,union,dgtw,10,ar_dgtw_10,2743765
ld3_ridge_characteristics_full_dgtw_daily_rank_original_none_fixed504_union,ridge,characteristics,504,rank_ic,0.08737824050711339,0.00425050925642887,20.5571227435758,6.645896942173858e-94,0.07904739544855868,0.0957090855656681,2266,2266,0,9,full,daily_rank,original,none,fixed504,union,dgtw,10,ar_dgtw_10,2743765
ld3_ridge_characteristics_full_dgtw_daily_rank_original_none_fixed504_union,ridge,characteristics,504,ew_spread_bp,66.07316043506758,26.19937286342791,2.5219367188479564,0.011671070187293334,14.723333205212846,117.42298766492232,2266,2266,0,9,full,daily_rank,original,none,fixed504,union,dgtw,10,ar_dgtw_10,2743765
ld3_ridge_characteristics_full_dgtw_daily_rank_original_none_fixed504_union,ridge,characteristics,504,cap_spread_bp,52.2150551879332,24.03556630218026,2.1724079446048576,0.029824906304224998,5.106210887635328,99.32389948823108,2266,2266,0,9,full,daily_rank,original,none,fixed504,union,dgtw,10,ar_dgtw_10,2743765
ld3_ridge_characteristics_full_dgtw_daily_rank_expanded_none_fixed504_union,ridge,characteristics,504,rank_ic,0.08742159889537555,0.004244335531503531,20.597240309228557,2.905346671743319e-94,0.07910285411532497,0.09574034367542614,2266,2266,0,9,full,daily_rank,expanded,none,fixed504,union,dgtw,10,ar_dgtw_10,2743765
ld3_ridge_characteristics_full_dgtw_daily_rank_expanded_none_fixed504_union,ridge,characteristics,504,ew_spread_bp,67.07401074657363,25.996520836829834,2.5801148995118006,0.009876744702665844,16.12176618304209,118.02625531010517,2266,2266,0,9,full,daily_rank,expanded,none,fixed504,union,dgtw,10,ar_dgtw_10,2743765
ld3_ridge_characteristics_full_dgtw_daily_rank_expanded_none_fixed504_union,ridge,characteristics,504,cap_spread_bp,50.84970836049395,24.038118877116926,2.115378021900886,0.03439774145162628,3.7358611052523685,97.96355561573553,2266,2266,0,9,full,daily_rank,expanded,none,fixed504,union,dgtw,10,ar_dgtw_10,2743765
ld3_lasso_characteristics_full_dgtw_daily_rank_original_none_fixed504_union,lasso,characteristics,504,rank_ic,0.08717619516897807,0.004225806097895498,20.62948302630186,1.4923693760270644e-94,0.07889376741145315,0.09545862292650298,2266,2266,0,9,full,daily_rank,original,none,fixed504,union,dgtw,10,ar_dgtw_10,2743765
ld3_lasso_characteristics_full_dgtw_daily_rank_original_none_fixed504_union,lasso,characteristics,504,ew_spread_bp,71.66861690074086,25.466436586882743,2.8142381308916984,0.0048892994975072,21.755318375877543,121.58191542560417,2266,2266,0,9,full,daily_rank,original,none,fixed504,union,dgtw,10,ar_dgtw_10,2743765
ld3_lasso_characteristics_full_dgtw_daily_rank_original_none_fixed504_union,lasso,characteristics,504,cap_spread_bp,50.91755097242579,23.19708166363437,2.1949981342803255,0.028163731575490156,5.4521063652679445,96.38299557958365,2266,2266,0,9,full,daily_rank,original,none,fixed504,union,dgtw,10,ar_dgtw_10,2743765
ld3_lasso_characteristics_full_dgtw_daily_rank_expanded_none_fixed504_union,lasso,characteristics,504,rank_ic,0.08705997016655571,0.004260215990355768,20.435576591337423,8.073356013766913e-93,0.07871010025909678,0.09540984007401465,2266,2266,0,9,full,daily_rank,expanded,none,fixed504,union,dgtw,10,ar_dgtw_10,2743765
ld3_lasso_characteristics_full_dgtw_daily_rank_expanded_none_fixed504_union,lasso,characteristics,504,ew_spread_bp,65.29358679442666,26.854178257347243,2.4314125782851868,0.01504007734121413,12.660364575607474,117.92680901324584,2266,2266,0,9,full,daily_rank,expanded,none,fixed504,union,dgtw,10,ar_dgtw_10,2743765
ld3_lasso_characteristics_full_dgtw_daily_rank_expanded_none_fixed504_union,lasso,characteristics,504,cap_spread_bp,42.44602760129139,24.899793348633974,1.7046738905413454,0.08825526197438241,-6.35667058452119,91.24872578710398,2266,2266,0,9,full,daily_rank,expanded,none,fixed504,union,dgtw,10,ar_dgtw_10,2743765
ld3_group_ridge_characteristics_textcore_pca_dgtw_standard_original_expanded_fixed504_union,group_ridge,characteristics_textcore,504,rank_ic,0.129437415826048,0.00911423576968609,14.201675170238225,8.944832755786872e-46,0.11157384197085657,0.14730098968123945,2266,2266,0,41,pca,standard,original,expanded,fixed504,union,dgtw,42,ar_dgtw_42,2724901
ld3_group_ridge_characteristics_textcore_pca_dgtw_standard_original_expanded_fixed504_union,group_ridge,characteristics_textcore,504,ew_spread_bp,259.2005411165188,122.53335822524427,2.115346750229836,0.0344004046884785,19.039572090295252,499.3615101427424,2266,2266,0,41,pca,standard,original,expanded,fixed504,union,dgtw,42,ar_dgtw_42,2724901
ld3_group_ridge_characteristics_textcore_pca_dgtw_standard_original_expanded_fixed504_union,group_ridge,characteristics_textcore,504,cap_spread_bp,185.4734945282674,95.34938499455625,1.9451986453699368,0.05175107482764976,-1.407866009106698,372.35485506564146,2266,2266,0,41,pca,standard,original,expanded,fixed504,union,dgtw,42,ar_dgtw_42,2724901
ld3_group_ridge_characteristics_textcore_pca_dgtw_standard_expanded_original_fixed504_union,group_ridge,characteristics_textcore,504,rank_ic,0.1295270258858033,0.009086243910092814,14.255288232129377,4.15582877305274e-46,0.111718315067275,0.14733573670433162,2266,2266,0,41,pca,standard,expanded,original,fixed504,union,dgtw,42,ar_dgtw_42,2724901
ld3_group_ridge_characteristics_textcore_pca_dgtw_standard_expanded_original_fixed504_union,group_ridge,characteristics_textcore,504,ew_spread_bp,257.3068046329456,121.5617213573024,2.1166762181382093,0.03428733654516482,19.050208873939397,495.56340039195186,2266,2266,0,41,pca,standard,expanded,original,fixed504,union,dgtw,42,ar_dgtw_42,2724901
ld3_group_ridge_characteristics_textcore_pca_dgtw_standard_expanded_original_fixed504_union,group_ridge,characteristics_textcore,504,cap_spread_bp,166.64518261696617,96.7610419050816,1.7222342725540087,0.08502708872876089,-23.00297462356471,356.293339857497,2266,2266,0,41,pca,standard,expanded,original,fixed504,union,dgtw,42,ar_dgtw_42,2724901
ld3_group_ridge_characteristics_textcore_pca_dgtw_standard_expanded_expanded_fixed504_union,group_ridge,characteristics_textcore,504,rank_ic,0.12946382349847446,0.009096346866260872,14.232507335298179,5.757967755451015e-46,0.11163531124971937,0.14729233574722955,2266,2266,0,41,pca,standard,expanded,expanded,fixed504,union,dgtw,42,ar_dgtw_42,2724901
ld3_group_ridge_characteristics_textcore_pca_dgtw_standard_expanded_expanded_fixed504_union,group_ridge,characteristics_textcore,504,ew_spread_bp,257.22199764788144,123.52933724845053,2.08227457037626,0.03731739730252604,15.108945606816206,499.3350496889467,2266,2266,0,41,pca,standard,expanded,expanded,fixed504,union,dgtw,42,ar_dgtw_42,2724901
ld3_group_ridge_characteristics_textcore_pca_dgtw_standard_expanded_expanded_fixed504_union,group_ridge,characteristics_textcore,504,cap_spread_bp,171.90341629042413,95.70109588686113,1.796253373040265,0.07245422974223929,-15.667284928837972,359.47411750968627,2266,2266,0,41,pca,standard,expanded,expanded,fixed504,union,dgtw,42,ar_dgtw_42,2724901
ld3_ols_characteristics_full_dgtw_daily_rank_original_none_fixed504_union,ols,characteristics,504,rank_ic,0.12184297032299624,0.00856287274198671,14.229216525145613,6.035415330409322e-46,0.10506004814450254,0.13862589250148993,2266,2266,0,41,full,daily_rank,original,none,fixed504,union,dgtw,42,ar_dgtw_42,2724901
ld3_ols_characteristics_full_dgtw_daily_rank_original_none_fixed504_union,ols,characteristics,504,ew_spread_bp,223.08738024645538,107.70402556588077,2.071300297963297,0.0383307414624929,11.991369147347854,434.1833913455629,2266,2266,0,41,full,daily_rank,original,none,fixed504,union,dgtw,42,ar_dgtw_42,2724901
ld3_ols_characteristics_full_dgtw_daily_rank_original_none_fixed504_union,ols,characteristics,504,cap_spread_bp,105.21503069690347,89.7187974234567,1.1727200287840163,0.2409080968534576,-70.63058098931667,281.0606423831236,2266,2266,0,41,full,daily_rank,original,none,fixed504,union,dgtw,42,ar_dgtw_42,2724901
ld3_ridge_characteristics_full_dgtw_daily_rank_original_none_fixed504_union,ridge,characteristics,504,rank_ic,0.12531708809243888,0.008793385975294894,14.251289371866365,4.400801323450405e-46,0.10808236827870127,0.1425518079061765,2266,2266,0,41,full,daily_rank,original,none,fixed504,union,dgtw,42,ar_dgtw_42,2724901
ld3_ridge_characteristics_full_dgtw_daily_rank_original_none_fixed504_union,ridge,characteristics,504,ew_spread_bp,188.00258090974415,115.21273780214807,1.6317864195936065,0.10272448717111184,-37.81023574272248,413.8153975622108,2266,2266,0,41,full,daily_rank,original,none,fixed504,union,dgtw,42,ar_dgtw_42,2724901
ld3_ridge_characteristics_full_dgtw_daily_rank_original_none_fixed504_union,ridge,characteristics,504,cap_spread_bp,129.36375977554792,91.87045659928269,1.4081105565829741,0.15909833560096054,-50.69902640229628,309.4265459533921,2266,2266,0,41,full,daily_rank,original,none,fixed504,union,dgtw,42,ar_dgtw_42,2724901
ld3_ridge_characteristics_full_dgtw_daily_rank_expanded_none_fixed504_union,ridge,characteristics,504,rank_ic,0.12553123176918227,0.0088174579898627,14.236669107298686,5.4251954599256206e-46,0.10824933167385643,0.1428131318645081,2266,2266,0,41,full,daily_rank,expanded,none,fixed504,union,dgtw,42,ar_dgtw_42,2724901
ld3_ridge_characteristics_full_dgtw_daily_rank_expanded_none_fixed504_union,ridge,characteristics,504,ew_spread_bp,188.98804005028427,115.12721864463582,1.6415582889536773,0.10068157788355726,-36.65716213347014,414.6332422340387,2266,2266,0,41,full,daily_rank,expanded,none,fixed504,union,dgtw,42,ar_dgtw_42,2724901
ld3_ridge_characteristics_full_dgtw_daily_rank_expanded_none_fixed504_union,ridge,characteristics,504,cap_spread_bp,127.97992940389557,91.46289975819136,1.3992551049906305,0.1617364972818668,-51.28406004375671,307.24391885154785,2266,2266,0,41,full,daily_rank,expanded,none,fixed504,union,dgtw,42,ar_dgtw_42,2724901
ld3_lasso_characteristics_full_dgtw_daily_rank_original_none_fixed504_union,lasso,characteristics,504,rank_ic,0.12476670350384965,0.008869106236994656,14.067562183822426,6.01058745235473e-45,0.10738357470428056,0.14214983230341874,2266,2266,0,41,full,daily_rank,original,none,fixed504,union,dgtw,42,ar_dgtw_42,2724901
ld3_lasso_characteristics_full_dgtw_daily_rank_original_none_fixed504_union,lasso,characteristics,504,ew_spread_bp,201.98616472416262,107.92775680559437,1.8714941429570486,0.061276620943012415,-9.548351547000067,413.5206809953253,2266,2266,0,41,full,daily_rank,original,none,fixed504,union,dgtw,42,ar_dgtw_42,2724901
ld3_lasso_characteristics_full_dgtw_daily_rank_original_none_fixed504_union,lasso,characteristics,504,cap_spread_bp,114.84913433705351,94.88798658754611,1.2103653841478734,0.2261387185616489,-71.12790194005656,300.8261706141636,2266,2266,0,41,full,daily_rank,original,none,fixed504,union,dgtw,42,ar_dgtw_42,2724901
ld3_lasso_characteristics_full_dgtw_daily_rank_expanded_none_fixed504_union,lasso,characteristics,504,rank_ic,0.1249602454185152,0.008885654370562573,14.063144953341647,6.397858666533559e-45,0.10754468287314164,0.14237580796388877,2266,2266,0,41,full,daily_rank,expanded,none,fixed504,union,dgtw,42,ar_dgtw_42,2724901
ld3_lasso_characteristics_full_dgtw_daily_rank_expanded_none_fixed504_union,lasso,characteristics,504,ew_spread_bp,189.50184073456674,113.00948546259467,1.6768666803397712,0.09356855498605667,-31.992680683521627,410.99636215265514,2266,2266,0,41,full,daily_rank,expanded,none,fixed504,union,dgtw,42,ar_dgtw_42,2724901
ld3_lasso_characteristics_full_dgtw_daily_rank_expanded_none_fixed504_union,lasso,characteristics,504,cap_spread_bp,118.8052439975594,95.6306033940112,1.2423349825376035,0.21411299338092338,-68.62729447453641,306.2377824696552,2266,2266,0,41,full,daily_rank,expanded,none,fixed504,union,dgtw,42,ar_dgtw_42,2724901
ld3_group_ridge_characteristics_textcore_pca_dgtw_standard_original_expanded_fixed504_union,group_ridge,characteristics_textcore,504,rank_ic,0.14689752247561705,0.010283798160673575,14.284364607365598,2.7389618742410643e-46,0.12674164845641758,0.16705339649481651,2266,2266,0,62,pca,standard,original,expanded,fixed504,union,dgtw,63,ar_dgtw_63,2711735
ld3_group_ridge_characteristics_textcore_pca_dgtw_standard_original_expanded_fixed504_union,group_ridge,characteristics_textcore,504,ew_spread_bp,347.08430649752137,184.23629960351965,1.8839083679191018,0.05957737115388436,-14.012205370308209,708.1808183653509,2266,2266,0,62,pca,standard,original,expanded,fixed504,union,dgtw,63,ar_dgtw_63,2711735
ld3_group_ridge_characteristics_textcore_pca_dgtw_standard_original_expanded_fixed504_union,group_ridge,characteristics_textcore,504,cap_spread_bp,228.4667983568617,141.9749642075543,1.6092048315142682,0.10757156030381419,-49.799018196308026,506.73261491003143,2266,2266,0,62,pca,standard,original,expanded,fixed504,union,dgtw,63,ar_dgtw_63,2711735
ld3_group_ridge_characteristics_textcore_pca_dgtw_standard_expanded_original_fixed504_union,group_ridge,characteristics_textcore,504,rank_ic,0.1470545141080556,0.01024689687763676,14.351126576572979,1.0482054536519031e-46,0.12697096527459162,0.16713806294151956,2266,2266,0,62,pca,standard,expanded,original,fixed504,union,dgtw,63,ar_dgtw_63,2711735
ld3_group_ridge_characteristics_textcore_pca_dgtw_standard_expanded_original_fixed504_union,group_ridge,characteristics_textcore,504,ew_spread_bp,347.72751032286004,182.11605114242062,1.9093732163724872,0.056213963371808506,-9.213390922938913,704.6684115686589,2266,2266,0,62,pca,standard,expanded,original,fixed504,union,dgtw,63,ar_dgtw_63,2711735
ld3_group_ridge_characteristics_textcore_pca_dgtw_standard_expanded_original_fixed504_union,group_ridge,characteristics_textcore,504,cap_spread_bp,220.7194004658234,145.43622329226937,1.5176370471492826,0.1291059220997419,-64.33035923454992,505.76916016619674,2266,2266,0,62,pca,standard,expanded,original,fixed504,union,dgtw,63,ar_dgtw_63,2711735
ld3_group_ridge_characteristics_textcore_pca_dgtw_standard_expanded_expanded_fixed504_union,group_ridge,characteristics_textcore,504,rank_ic,0.14687596243030188,0.010232511950278479,14.353852030077974,1.0078047740041226e-46,0.12682060753638036,0.1669313173242234,2266,2266,0,62,pca,standard,expanded,expanded,fixed504,union,dgtw,63,ar_dgtw_63,2711735
ld3_group_ridge_characteristics_textcore_pca_dgtw_standard_expanded_expanded_fixed504_union,group_ridge,characteristics_textcore,504,ew_spread_bp,347.06375106477253,184.06852847461388,1.8855138026087843,0.05936050273228338,-13.703935432756111,707.8314375623012,2266,2266,0,62,pca,standard,expanded,expanded,fixed504,union,dgtw,63,ar_dgtw_63,2711735
ld3_group_ridge_characteristics_textcore_pca_dgtw_standard_expanded_expanded_fixed504_union,group_ridge,characteristics_textcore,504,cap_spread_bp,222.7785948953035,142.9409093765359,1.5585362921433406,0.11910617179500568,-57.38043940011056,502.9376291907176,2266,2266,0,62,pca,standard,expanded,expanded,fixed504,union,dgtw,63,ar_dgtw_63,2711735
ld3_ols_characteristics_full_dgtw_daily_rank_original_none_fixed504_union,ols,characteristics,504,rank_ic,0.1382693775844736,0.009581585283149785,14.430741208099947,3.3149936046264472e-47,0.11948981551470102,0.1570489396542462,2266,2266,0,62,full,daily_rank,original,none,fixed504,union,dgtw,63,ar_dgtw_63,2711735
ld3_ols_characteristics_full_dgtw_daily_rank_original_none_fixed504_union,ols,characteristics,504,ew_spread_bp,280.88239440197736,163.6131123346908,1.7167474562026408,0.08602532515882017,-39.79341317252272,601.5582019764774,2266,2266,0,62,full,daily_rank,original,none,fixed504,union,dgtw,63,ar_dgtw_63,2711735
ld3_ols_characteristics_full_dgtw_daily_rank_original_none_fixed504_union,ols,characteristics,504,cap_spread_bp,119.49788199150133,129.47749054281954,0.9229239884903558,0.3560468184929648,-134.27333628105043,373.26910026405307,2266,2266,0,62,full,daily_rank,original,none,fixed504,union,dgtw,63,ar_dgtw_63,2711735
ld3_ridge_characteristics_full_dgtw_daily_rank_original_none_fixed504_union,ridge,characteristics,504,rank_ic,0.14261640183635144,0.009884118661846051,14.428843553534904,3.407465403184032e-47,0.12324388524021294,0.16198891843248991,2266,2266,0,62,full,daily_rank,original,none,fixed504,union,dgtw,63,ar_dgtw_63,2711735
ld3_ridge_characteristics_full_dgtw_daily_rank_original_none_fixed504_union,ridge,characteristics,504,ew_spread_bp,248.33767841190698,173.0456450861878,1.435099266949012,0.15125881242890868,-90.82555363852165,587.5009104623356,2266,2266,0,62,full,daily_rank,original,none,fixed504,union,dgtw,63,ar_dgtw_63,2711735
ld3_ridge_characteristics_full_dgtw_daily_rank_original_none_fixed504_union,ridge,characteristics,504,cap_spread_bp,185.79833249980732,133.4803782715246,1.3919523970920882,0.1639368134495781,-75.81840155516369,447.4150665547783,2266,2266,0,62,full,daily_rank,original,none,fixed504,union,dgtw,63,ar_dgtw_63,2711735
ld3_ridge_characteristics_full_dgtw_daily_rank_expanded_none_fixed504_union,ridge,characteristics,504,rank_ic,0.14271474661786732,0.009918661523260631,14.388508598986014,6.109928308074016e-47,0.12327452725743329,0.16215496597830134,2266,2266,0,62,full,daily_rank,expanded,none,fixed504,union,dgtw,63,ar_dgtw_63,2711735
ld3_ridge_characteristics_full_dgtw_daily_rank_expanded_none_fixed504_union,ridge,characteristics,504,ew_spread_bp,246.3237382334232,173.1487080054664,1.422613781360971,0.1548481467031031,-93.0414934269331,585.6889698937795,2266,2266,0,62,full,daily_rank,expanded,none,fixed504,union,dgtw,63,ar_dgtw_63,2711735
ld3_ridge_characteristics_full_dgtw_daily_rank_expanded_none_fixed504_union,ridge,characteristics,504,cap_spread_bp,175.046599549237,132.95917685029775,1.3165439475180158,0.18799153805246227,-85.54859849143833,435.6417975899123,2266,2266,0,62,full,daily_rank,expanded,none,fixed504,union,dgtw,63,ar_dgtw_63,2711735
ld3_lasso_characteristics_full_dgtw_daily_rank_original_none_fixed504_union,lasso,characteristics,504,rank_ic,0.14149933487228902,0.00998768006121787,14.167387622049539,1.4582506449616462e-45,0.1219238416631932,0.16107482808138485,2266,2266,0,62,full,daily_rank,original,none,fixed504,union,dgtw,63,ar_dgtw_63,2711735
ld3_lasso_characteristics_full_dgtw_daily_rank_original_none_fixed504_union,lasso,characteristics,504,ew_spread_bp,259.74692863705957,163.01449987464702,1.5933976967496555,0.11107100209622756,-59.75562007505772,579.2494773491769,2266,2266,0,62,full,daily_rank,original,none,fixed504,union,dgtw,63,ar_dgtw_63,2711735
ld3_lasso_characteristics_full_dgtw_daily_rank_original_none_fixed504_union,lasso,characteristics,504,cap_spread_bp,157.53677167985867,136.8079922294762,1.1515173135178598,0.24951947666009522,-110.60196588715027,425.6755092468676,2266,2266,0,62,full,daily_rank,original,none,fixed504,union,dgtw,63,ar_dgtw_63,2711735
ld3_lasso_characteristics_full_dgtw_daily_rank_expanded_none_fixed504_union,lasso,characteristics,504,rank_ic,0.14185284700861858,0.009958271948982217,14.244725162694179,4.8344618658686625e-46,0.12233499264035795,0.16137070137687923,2266,2266,0,62,full,daily_rank,expanded,none,fixed504,union,dgtw,63,ar_dgtw_63,2711735
ld3_lasso_characteristics_full_dgtw_daily_rank_expanded_none_fixed504_union,lasso,characteristics,504,ew_spread_bp,239.2150523079542,170.60040284238127,1.402195119837826,0.16085698855738673,-95.15559301113777,573.5856976270462,2266,2266,0,62,full,daily_rank,expanded,none,fixed504,union,dgtw,63,ar_dgtw_63,2711735
ld3_lasso_characteristics_full_dgtw_daily_rank_expanded_none_fixed504_union,lasso,characteristics,504,cap_spread_bp,159.7602198819114,136.25177015172414,1.172536839000398,0.24098159076820969,-107.28834244529745,426.8087822091203,2266,2266,0,62,full,daily_rank,expanded,none,fixed504,union,dgtw,63,ar_dgtw_63,2711735
ld3_enet_characteristics_full_dgtw_daily_rank_original_none_fixed504_union,enet,characteristics,504,rank_ic,0.07064512172815839,0.0025551606802392633,27.648015357509035,2.948421006569491e-168,0.06563709882017657,0.0756531446361402,2266,2266,0,5,full,daily_rank,original,none,fixed504,union,dgtw,3,ar_dgtw_3,2747782
ld3_enet_characteristics_full_dgtw_daily_rank_original_none_fixed504_union,enet,characteristics,504,ew_spread_bp,37.20276737975894,8.307096837586919,4.478431888674812,7.5193353984413355e-06,20.921156762002,53.48437799751588,2266,2266,0,5,full,daily_rank,original,none,fixed504,union,dgtw,3,ar_dgtw_3,2747782
ld3_enet_characteristics_full_dgtw_daily_rank_original_none_fixed504_union,enet,characteristics,504,cap_spread_bp,20.069195200309682,9.651104592245206,2.07947131942136,0.037574051260166705,1.153377788479954,38.985012612139414,2266,2266,0,5,full,daily_rank,original,none,fixed504,union,dgtw,3,ar_dgtw_3,2747782
ld3_enet_characteristics_full_dgtw_daily_rank_expanded_none_fixed504_union,enet,characteristics,504,rank_ic,0.07053735793595821,0.0025739113338157905,27.4047349686236,2.408385759579617e-165,0.0654925844222798,0.07558213144963662,2266,2266,0,5,full,daily_rank,expanded,none,fixed504,union,dgtw,3,ar_dgtw_3,2747782
ld3_enet_characteristics_full_dgtw_daily_rank_expanded_none_fixed504_union,enet,characteristics,504,ew_spread_bp,32.17275177592141,9.157030028264243,3.513448320756452,0.000442330450083533,14.225302715171704,50.12020083667112,2266,2266,0,5,full,daily_rank,expanded,none,fixed504,union,dgtw,3,ar_dgtw_3,2747782
ld3_enet_characteristics_full_dgtw_daily_rank_expanded_none_fixed504_union,enet,characteristics,504,cap_spread_bp,18.457853280467802,9.525645271526995,1.9377010957609322,0.052659700184774796,-0.212068381229372,37.127774942164976,2266,2266,0,5,full,daily_rank,expanded,none,fixed504,union,dgtw,3,ar_dgtw_3,2747782
ld3_ols_characteristics_core_full_dgtw_daily_rank_original_none_fixed504_union,ols,characteristics_core,504,rank_ic,0.07119260060942005,0.0025483174073056615,27.937100929939515,9.457496314393956e-172,0.06619799026992447,0.07618721094891563,2266,2266,0,5,full,daily_rank,original,none,fixed504,union,dgtw,3,ar_dgtw_3,2747782
ld3_ols_characteristics_core_full_dgtw_daily_rank_original_none_fixed504_union,ols,characteristics_core,504,ew_spread_bp,47.18462544036798,8.955354848340894,5.268872784991831,1.3726404788246837e-07,29.63245246884367,64.7367984118923,2266,2266,0,5,full,daily_rank,original,none,fixed504,union,dgtw,3,ar_dgtw_3,2747782
ld3_ols_characteristics_core_full_dgtw_daily_rank_original_none_fixed504_union,ols,characteristics_core,504,cap_spread_bp,21.922199727905262,9.783397280091599,2.2407553429844986,0.025041927070056272,2.7470934124786055,41.09730604333192,2266,2266,0,5,full,daily_rank,original,none,fixed504,union,dgtw,3,ar_dgtw_3,2747782
ld3_ridge_characteristics_core_full_dgtw_daily_rank_original_none_fixed504_union,ridge,characteristics_core,504,rank_ic,0.07256421521972758,0.0026373642792538172,27.51391447534809,1.196715481938386e-166,0.06739507621827767,0.0777333542211775,2266,2266,0,5,full,daily_rank,original,none,fixed504,union,dgtw,3,ar_dgtw_3,2747782
ld3_ridge_characteristics_core_full_dgtw_daily_rank_original_none_fixed504_union,ridge,characteristics_core,504,ew_spread_bp,40.01187975911666,9.112789638932771,4.390738878484918,1.129661349914056e-05,22.151140268118667,57.87261925011465,2266,2266,0,5,full,daily_rank,original,none,fixed504,union,dgtw,3,ar_dgtw_3,2747782
ld3_ridge_characteristics_core_full_dgtw_daily_rank_original_none_fixed504_union,ridge,characteristics_core,504,cap_spread_bp,21.354603617944726,9.865936407789642,2.1644781331738785,0.030427673036105433,2.0177235849145525,40.6914836509749,2266,2266,0,5,full,daily_rank,original,none,fixed504,union,dgtw,3,ar_dgtw_3,2747782
ld3_ridge_characteristics_core_full_dgtw_daily_rank_expanded_none_fixed504_union,ridge,characteristics_core,504,rank_ic,0.07265685979817045,0.0026335369721426,27.58907908517346,1.5046303941664796e-167,0.06749522218081629,0.07781849741552462,2266,2266,0,5,full,daily_rank,expanded,none,fixed504,union,dgtw,3,ar_dgtw_3,2747782
ld3_ridge_characteristics_core_full_dgtw_daily_rank_expanded_none_fixed504_union,ridge,characteristics_core,504,ew_spread_bp,40.498588964833175,9.056332002957008,4.471853389607389,7.754458522224137e-06,22.74850440699995,58.2486735226664,2266,2266,0,5,full,daily_rank,expanded,none,fixed504,union,dgtw,3,ar_dgtw_3,2747782
ld3_ridge_characteristics_core_full_dgtw_daily_rank_expanded_none_fixed504_union,ridge,characteristics_core,504,cap_spread_bp,22.900378855060794,9.961537082619136,2.298880048844803,0.021511751617332944,3.3761249424670865,42.4246327676545,2266,2266,0,5,full,daily_rank,expanded,none,fixed504,union,dgtw,3,ar_dgtw_3,2747782
ld3_lasso_characteristics_core_full_dgtw_daily_rank_original_none_fixed504_union,lasso,characteristics_core,504,rank_ic,0.07220149516074108,0.0026507972137118363,27.23765318118747,2.327418410420486e-163,0.06700602809154675,0.0773969622299354,2266,2266,0,5,full,daily_rank,original,none,fixed504,union,dgtw,3,ar_dgtw_3,2747782
ld3_lasso_characteristics_core_full_dgtw_daily_rank_original_none_fixed504_union,lasso,characteristics_core,504,ew_spread_bp,43.39479694730375,8.7752584272799,4.945130369312098,7.609292332532029e-07,26.195606474803554,60.59398741980395,2266,2266,0,5,full,daily_rank,original,none,fixed504,union,dgtw,3,ar_dgtw_3,2747782
ld3_lasso_characteristics_core_full_dgtw_daily_rank_original_none_fixed504_union,lasso,characteristics_core,504,cap_spread_bp,21.349908696118412,9.240872611600569,2.310377990636589,0.020867236511547156,3.238131191658706,39.461686200578114,2266,2266,0,5,full,daily_rank,original,none,fixed504,union,dgtw,3,ar_dgtw_3,2747782
ld3_lasso_characteristics_core_full_dgtw_daily_rank_expanded_none_fixed504_union,lasso,characteristics_core,504,rank_ic,0.0720177182300107,0.002644537862884972,27.23262889926837,2.669205027232498e-163,0.06683451926300363,0.07720091719701777,2266,2266,0,5,full,daily_rank,expanded,none,fixed504,union,dgtw,3,ar_dgtw_3,2747782
ld3_lasso_characteristics_core_full_dgtw_daily_rank_expanded_none_fixed504_union,lasso,characteristics_core,504,ew_spread_bp,38.04281861385045,9.216469536205123,4.1276997080505256,3.66410172861608e-05,19.978870258277833,56.10676696942306,2266,2266,0,5,full,daily_rank,expanded,none,fixed504,union,dgtw,3,ar_dgtw_3,2747782
ld3_lasso_characteristics_core_full_dgtw_daily_rank_expanded_none_fixed504_union,lasso,characteristics_core,504,cap_spread_bp,17.63093781768475,9.596720809905374,1.8371835720683631,0.06618280001693648,-1.1782893394158407,36.44016497478534,2266,2266,0,5,full,daily_rank,expanded,none,fixed504,union,dgtw,3,ar_dgtw_3,2747782
ld3_enet_characteristics_core_full_dgtw_daily_rank_original_none_fixed504_union,enet,characteristics_core,504,rank_ic,0.07237883025136967,0.0026558378168092737,27.252729738717882,1.542561110220484e-163,0.067173483781644,0.07758417672109533,2266,2266,0,5,full,daily_rank,original,none,fixed504,union,dgtw,3,ar_dgtw_3,2747782
ld3_enet_characteristics_core_full_dgtw_daily_rank_original_none_fixed504_union,enet,characteristics_core,504,ew_spread_bp,43.60807831854828,8.776090899336122,4.968963838085026,6.731162038478841e-07,26.40725623079975,60.808900406296814,2266,2266,0,5,full,daily_rank,original,none,fixed504,union,dgtw,3,ar_dgtw_3,2747782
ld3_enet_characteristics_core_full_dgtw_daily_rank_original_none_fixed504_union,enet,characteristics_core,504,cap_spread_bp,20.338328914214433,9.295553611055107,2.187963166607556,0.02867228544217662,2.119378620185177,38.557279208243685,2266,2266,0,5,full,daily_rank,original,none,fixed504,union,dgtw,3,ar_dgtw_3,2747782
ld3_enet_characteristics_full_dgtw_daily_rank_original_none_fixed504_union,enet,characteristics,504,rank_ic,0.07628128796890127,0.0030934375888803894,24.659068035864212,2.9417668317735847e-134,0.07021826170627328,0.08234431423152926,2266,2266,0,5,full,daily_rank,original,none,fixed504,union,dgtw,5,ar_dgtw_5,2746618
ld3_enet_characteristics_full_dgtw_daily_rank_original_none_fixed504_union,enet,characteristics,504,ew_spread_bp,46.495397380109665,12.746468378922803,3.6477082120246838,0.0002645898751597219,21.512778427342326,71.478016332877,2266,2266,0,5,full,daily_rank,original,none,fixed504,union,dgtw,5,ar_dgtw_5,2746618
ld3_enet_characteristics_full_dgtw_daily_rank_original_none_fixed504_union,enet,characteristics,504,cap_spread_bp,28.66096135608061,13.863417296351088,2.0673807001123956,0.03869829538521051,1.4891627525828284,55.83275995957839,2266,2266,0,5,full,daily_rank,original,none,fixed504,union,dgtw,5,ar_dgtw_5,2746618
ld3_enet_characteristics_full_dgtw_daily_rank_expanded_none_fixed504_union,enet,characteristics,504,rank_ic,0.07626695784558749,0.0031272737084692714,24.38768235701326,2.31076336085125e-131,0.0701376140071887,0.08239630168398628,2266,2266,0,5,full,daily_rank,expanded,none,fixed504,union,dgtw,5,ar_dgtw_5,2746618
ld3_enet_characteristics_full_dgtw_daily_rank_expanded_none_fixed504_union,enet,characteristics,504,ew_spread_bp,39.56712138439134,13.86014454979357,2.8547408897680397,0.004307195363558536,12.40173724627682,66.73250552250586,2266,2266,0,5,full,daily_rank,expanded,none,fixed504,union,dgtw,5,ar_dgtw_5,2746618
ld3_enet_characteristics_full_dgtw_daily_rank_expanded_none_fixed504_union,enet,characteristics,504,cap_spread_bp,25.486510863621255,14.299123540630987,1.7823827307457891,0.07468683971526216,-2.53925628650434,53.51227801374685,2266,2266,0,5,full,daily_rank,expanded,none,fixed504,union,dgtw,5,ar_dgtw_5,2746618
ld3_ols_characteristics_core_full_dgtw_daily_rank_original_none_fixed504_union,ols,characteristics_core,504,rank_ic,0.07695160699706627,0.00307834249043602,24.99774058154483,6.46921653020318e-138,0.07091816658373233,0.0829850474104002,2266,2266,0,5,full,daily_rank,original,none,fixed504,union,dgtw,5,ar_dgtw_5,2746618
ld3_ols_characteristics_core_full_dgtw_daily_rank_original_none_fixed504_union,ols,characteristics_core,504,ew_spread_bp,62.978936271875924,13.47692718179369,4.673093163028714,2.966971000588976e-06,36.5646443732914,89.39322817046045,2266,2266,0,5,full,daily_rank,original,none,fixed504,union,dgtw,5,ar_dgtw_5,2746618
ld3_ols_characteristics_core_full_dgtw_daily_rank_original_none_fixed504_union,ols,characteristics_core,504,cap_spread_bp,31.619174100662022,14.205893229826692,2.2257786672839694,0.026029010408084644,3.7761350019803217,59.46221319934372,2266,2266,0,5,full,daily_rank,original,none,fixed504,union,dgtw,5,ar_dgtw_5,2746618
ld3_ridge_characteristics_core_full_dgtw_daily_rank_original_none_fixed504_union,ridge,characteristics_core,504,rank_ic,0.0786194135359651,0.003205752560480374,24.52447968229469,8.098238664180685e-133,0.0723362539740765,0.0849025730978537,2266,2266,0,5,full,daily_rank,original,none,fixed504,union,dgtw,5,ar_dgtw_5,2746618
ld3_ridge_characteristics_core_full_dgtw_daily_rank_original_none_fixed504_union,ridge,characteristics_core,504,ew_spread_bp,53.59913000839958,13.78235518286631,3.888967400508727,0.00010067163787640968,26.58621022784266,80.6120497889565,2266,2266,0,5,full,daily_rank,original,none,fixed504,union,dgtw,5,ar_dgtw_5,2746618
ld3_ridge_characteristics_core_full_dgtw_daily_rank_original_none_fixed504_union,ridge,characteristics_core,504,cap_spread_bp,31.04140787567859,14.61096867542579,2.124527713750231,0.033626041172721576,2.404435492601145,59.678380258756036,2266,2266,0,5,full,daily_rank,original,none,fixed504,union,dgtw,5,ar_dgtw_5,2746618
ld3_ridge_characteristics_core_full_dgtw_daily_rank_expanded_none_fixed504_union,ridge,characteristics_core,504,rank_ic,0.07870952626197121,0.0031989322839409053,24.604936671246282,1.1184900327332769e-133,0.07243973419646457,0.08497931832747785,2266,2266,0,5,full,daily_rank,expanded,none,fixed504,union,dgtw,5,ar_dgtw_5,2746618
ld3_ridge_characteristics_core_full_dgtw_daily_rank_expanded_none_fixed504_union,ridge,characteristics_core,504,ew_spread_bp,53.35752799108143,13.694843348355185,3.896176585144358,9.772315113440372e-05,26.51612825438735,80.19892772777551,2266,2266,0,5,full,daily_rank,expanded,none,fixed504,union,dgtw,5,ar_dgtw_5,2746618
ld3_ridge_characteristics_core_full_dgtw_daily_rank_expanded_none_fixed504_union,ridge,characteristics_core,504,cap_spread_bp,31.99765387023813,14.75097740652274,2.1691887248155552,0.030068358804586512,3.0862694166895075,60.909038323786746,2266,2266,0,5,full,daily_rank,expanded,none,fixed504,union,dgtw,5,ar_dgtw_5,2746618
ld3_lasso_characteristics_core_full_dgtw_daily_rank_original_none_fixed504_union,lasso,characteristics_core,504,rank_ic,0.07821026723505153,0.00321923315305778,24.294688677880853,2.230837048420732e-130,0.07190068619722097,0.0845198482728821,2266,2266,0,5,full,daily_rank,original,none,fixed504,union,dgtw,5,ar_dgtw_5,2746618
ld3_lasso_characteristics_core_full_dgtw_daily_rank_original_none_fixed504_union,lasso,characteristics_core,504,ew_spread_bp,56.915136313156125,13.263763579006532,4.2910246382285955,1.7785057861145196e-05,30.918637398849235,82.91163522746302,2266,2266,0,5,full,daily_rank,original,none,fixed504,union,dgtw,5,ar_dgtw_5,2746618
ld3_lasso_characteristics_core_full_dgtw_daily_rank_original_none_fixed504_union,lasso,characteristics_core,504,cap_spread_bp,30.771190954636836,13.56153391097292,2.2690051993115046,0.0232680096916807,4.19107291401129,57.351308995262386,2266,2266,0,5,full,daily_rank,original,none,fixed504,union,dgtw,5,ar_dgtw_5,2746618
ld3_lasso_characteristics_core_full_dgtw_daily_rank_expanded_none_fixed504_union,lasso,characteristics_core,504,rank_ic,0.07790619050798298,0.003216451541390457,24.221160961220168,1.3316815540452187e-129,0.07160206132883934,0.08421031968712661,2266,2266,0,5,full,daily_rank,expanded,none,fixed504,union,dgtw,5,ar_dgtw_5,2746618
ld3_lasso_characteristics_core_full_dgtw_daily_rank_expanded_none_fixed504_union,lasso,characteristics_core,504,ew_spread_bp,49.7725313691026,13.849255085124076,3.59387787019425,0.00032579259248393316,22.62849018955121,76.91657254865399,2266,2266,0,5,full,daily_rank,expanded,none,fixed504,union,dgtw,5,ar_dgtw_5,2746618
ld3_lasso_characteristics_core_full_dgtw_daily_rank_expanded_none_fixed504_union,lasso,characteristics_core,504,cap_spread_bp,25.5420160737398,14.086237028726327,1.8132604201996236,0.06979166481094491,-2.066501180258303,53.150533327737904,2266,2266,0,5,full,daily_rank,expanded,none,fixed504,union,dgtw,5,ar_dgtw_5,2746618
ld3_enet_characteristics_core_full_dgtw_daily_rank_original_none_fixed504_union,enet,characteristics_core,504,rank_ic,0.07841205597167504,0.0032235217047303687,24.32496603221532,1.0672639506320019e-130,0.07209406952702035,0.08473004241632973,2266,2266,0,5,full,daily_rank,original,none,fixed504,union,dgtw,5,ar_dgtw_5,2746618
ld3_enet_characteristics_core_full_dgtw_daily_rank_original_none_fixed504_union,enet,characteristics_core,504,ew_spread_bp,57.0881217047663,13.27716289861564,4.299722925800562,1.7101177885249544e-05,31.06536060660822,83.11088280292438,2266,2266,0,5,full,daily_rank,original,none,fixed504,union,dgtw,5,ar_dgtw_5,2746618
ld3_enet_characteristics_core_full_dgtw_daily_rank_original_none_fixed504_union,enet,characteristics_core,504,cap_spread_bp,30.77837100742531,13.646352378500787,2.255428421730868,0.0241064504310629,4.0320118252212644,57.52473018962935,2266,2266,0,5,full,daily_rank,original,none,fixed504,union,dgtw,5,ar_dgtw_5,2746618
ld3_enet_characteristics_full_dgtw_daily_rank_original_none_fixed504_union,enet,characteristics,504,rank_ic,0.08745446323445778,0.004239816387119194,20.626945897975553,1.5727471874239304e-94,0.07914457581464143,0.09576435065427413,2266,2266,0,9,full,daily_rank,original,none,fixed504,union,dgtw,10,ar_dgtw_10,2743765
ld3_enet_characteristics_full_dgtw_daily_rank_original_none_fixed504_union,enet,characteristics,504,ew_spread_bp,71.62548202020825,25.5594651945789,2.8023075394942083,0.005073848018665401,21.52985077472856,121.72111326568795,2266,2266,0,9,full,daily_rank,original,none,fixed504,union,dgtw,10,ar_dgtw_10,2743765
ld3_enet_characteristics_full_dgtw_daily_rank_original_none_fixed504_union,enet,characteristics,504,cap_spread_bp,53.61620073373206,23.168311070746014,2.31420411138349,0.020656528560705212,8.207145452449254,99.02525601501486,2266,2266,0,9,full,daily_rank,original,none,fixed504,union,dgtw,10,ar_dgtw_10,2743765
ld3_enet_characteristics_full_dgtw_daily_rank_expanded_none_fixed504_union,enet,characteristics,504,rank_ic,0.08776412721289964,0.004304426009985111,20.38927536663668,2.082068801458176e-92,0.07932760725921137,0.09620064716658791,2266,2266,0,9,full,daily_rank,expanded,none,fixed504,union,dgtw,10,ar_dgtw_10,2743765
ld3_enet_characteristics_full_dgtw_daily_rank_expanded_none_fixed504_union,enet,characteristics,504,ew_spread_bp,65.94519144068421,27.321916509619808,2.41363710402473,0.015794184422114287,12.39521909321909,119.49516378814934,2266,2266,0,9,full,daily_rank,expanded,none,fixed504,union,dgtw,10,ar_dgtw_10,2743765
ld3_enet_characteristics_full_dgtw_daily_rank_expanded_none_fixed504_union,enet,characteristics,504,cap_spread_bp,51.783326108427445,25.683784119411616,2.0161875628478745,0.04378036645845225,1.4440342476788928,102.12261796917599,2266,2266,0,9,full,daily_rank,expanded,none,fixed504,union,dgtw,10,ar_dgtw_10,2743765
ld3_ols_characteristics_core_full_dgtw_daily_rank_original_none_fixed504_union,ols,characteristics_core,504,rank_ic,0.08824788568426103,0.004235128793184403,20.837119717888733,1.994857179106651e-96,0.07994718577973102,0.09654858558879105,2266,2266,0,9,full,daily_rank,original,none,fixed504,union,dgtw,10,ar_dgtw_10,2743765
ld3_ols_characteristics_core_full_dgtw_daily_rank_original_none_fixed504_union,ols,characteristics_core,504,ew_spread_bp,100.69380292721986,25.729541132443106,3.913548337644164,9.094968379500185e-05,50.26482896888946,151.12277688555025,2266,2266,0,9,full,daily_rank,original,none,fixed504,union,dgtw,10,ar_dgtw_10,2743765
ld3_ols_characteristics_core_full_dgtw_daily_rank_original_none_fixed504_union,ols,characteristics_core,504,cap_spread_bp,56.527165126427185,23.426732785050998,2.4129342168660473,0.01582467541339583,10.611612592283514,102.44271766057085,2266,2266,0,9,full,daily_rank,original,none,fixed504,union,dgtw,10,ar_dgtw_10,2743765
ld3_ridge_characteristics_core_full_dgtw_daily_rank_original_none_fixed504_union,ridge,characteristics_core,504,rank_ic,0.09052636839771809,0.004415438199317443,20.5022388064931,2.0561290969656623e-93,0.08187226855109352,0.09918046824434266,2266,2266,0,9,full,daily_rank,original,none,fixed504,union,dgtw,10,ar_dgtw_10,2743765
ld3_ridge_characteristics_core_full_dgtw_daily_rank_original_none_fixed504_union,ridge,characteristics_core,504,ew_spread_bp,88.58882685911722,26.47854108683312,3.3456838338865067,0.0008207992901504954,36.691839965760245,140.4858137524742,2266,2266,0,9,full,daily_rank,original,none,fixed504,union,dgtw,10,ar_dgtw_10,2743765
ld3_ridge_characteristics_core_full_dgtw_daily_rank_original_none_fixed504_union,ridge,characteristics_core,504,cap_spread_bp,58.41705560290507,24.948152534461148,2.3415383372461336,0.0192044535123518,9.519575154549557,107.31453605126059,2266,2266,0,9,full,daily_rank,original,none,fixed504,union,dgtw,10,ar_dgtw_10,2743765
ld3_ridge_characteristics_core_full_dgtw_daily_rank_expanded_none_fixed504_union,ridge,characteristics_core,504,rank_ic,0.09064616553611436,0.004403184083706042,20.586503723873363,3.6261014098635166e-94,0.08201608331475052,0.0992762477574782,2266,2266,0,9,full,daily_rank,expanded,none,fixed504,union,dgtw,10,ar_dgtw_10,2743765
ld3_ridge_characteristics_core_full_dgtw_daily_rank_expanded_none_fixed504_union,ridge,characteristics_core,504,ew_spread_bp,88.79333996786204,26.32212268112692,3.373335085605663,0.0007426351728111978,37.20292751620839,140.3837524195157,2266,2266,0,9,full,daily_rank,expanded,none,fixed504,union,dgtw,10,ar_dgtw_10,2743765
ld3_ridge_characteristics_core_full_dgtw_daily_rank_expanded_none_fixed504_union,ridge,characteristics_core,504,cap_spread_bp,60.523311814234226,25.279976604405483,2.394120562741619,0.016660271467396338,10.975468139584308,110.07115548888414,2266,2266,0,9,full,daily_rank,expanded,none,fixed504,union,dgtw,10,ar_dgtw_10,2743765
ld3_lasso_characteristics_core_full_dgtw_daily_rank_original_none_fixed504_union,lasso,characteristics_core,504,rank_ic,0.08984825996431633,0.00441120271618756,20.36820018146182,3.2023244651235315e-92,0.08120246151208346,0.09849405841654921,2266,2266,0,9,full,daily_rank,original,none,fixed504,union,dgtw,10,ar_dgtw_10,2743765
ld3_lasso_characteristics_core_full_dgtw_daily_rank_original_none_fixed504_union,lasso,characteristics_core,504,ew_spread_bp,92.5142542564717,25.609842866168208,3.612449117315254,0.00030331863788893033,42.31988458905198,142.70862392389142,2266,2266,0,9,full,daily_rank,original,none,fixed504,union,dgtw,10,ar_dgtw_10,2743765
ld3_lasso_characteristics_core_full_dgtw_daily_rank_original_none_fixed504_union,lasso,characteristics_core,504,cap_spread_bp,50.746836111179014,24.721749071985865,2.052720297557109,0.04009971232237179,2.2930982952502177,99.20057392710781,2266,2266,0,9,full,daily_rank,original,none,fixed504,union,dgtw,10,ar_dgtw_10,2743765
ld3_lasso_characteristics_core_full_dgtw_daily_rank_expanded_none_fixed504_union,lasso,characteristics_core,504,rank_ic,0.08963548013866532,0.0044131251218373635,20.31111234420347,1.0255531801141114e-91,0.08098591384059514,0.0982850464367355,2266,2266,0,9,full,daily_rank,expanded,none,fixed504,union,dgtw,10,ar_dgtw_10,2743765
ld3_lasso_characteristics_core_full_dgtw_daily_rank_expanded_none_fixed504_union,lasso,characteristics_core,504,ew_spread_bp,83.38590131067765,26.623193735560633,3.1320773209601445,0.0017357415642581184,31.20540043554643,135.56640218580887,2266,2266,0,9,full,daily_rank,expanded,none,fixed504,union,dgtw,10,ar_dgtw_10,2743765
ld3_lasso_characteristics_core_full_dgtw_daily_rank_expanded_none_fixed504_union,lasso,characteristics_core,504,cap_spread_bp,44.69484023889635,25.442810465031915,1.7566785831433218,0.0789726100346356,-5.1721519380449905,94.56183241583769,2266,2266,0,9,full,daily_rank,expanded,none,fixed504,union,dgtw,10,ar_dgtw_10,2743765
ld3_enet_characteristics_core_full_dgtw_daily_rank_original_none_fixed504_union,enet,characteristics_core,504,rank_ic,0.09006623537468908,0.004421679915139486,20.36923456768305,3.13540163679433e-92,0.08139990198985156,0.0987325687595266,2266,2266,0,9,full,daily_rank,original,none,fixed504,union,dgtw,10,ar_dgtw_10,2743765
ld3_enet_characteristics_core_full_dgtw_daily_rank_original_none_fixed504_union,enet,characteristics_core,504,ew_spread_bp,92.82383269958943,25.59994350101732,3.625938967244232,0.0002879133557464262,42.64886543133526,142.9987999678436,2266,2266,0,9,full,daily_rank,original,none,fixed504,union,dgtw,10,ar_dgtw_10,2743765
ld3_enet_characteristics_core_full_dgtw_daily_rank_original_none_fixed504_union,enet,characteristics_core,504,cap_spread_bp,49.91484295909848,24.754107479910548,2.016426687959054,0.04375537714340525,1.397683829040247,98.43200208915671,2266,2266,0,9,full,daily_rank,original,none,fixed504,union,dgtw,10,ar_dgtw_10,2743765
ld3_enet_characteristics_full_dgtw_daily_rank_original_none_fixed504_union,enet,characteristics,504,rank_ic,0.12514480314189239,0.008867150471767954,14.11330545707326,3.1448475794664e-45,0.10776550757172984,0.14252409871205493,2266,2266,0,41,full,daily_rank,original,none,fixed504,union,dgtw,42,ar_dgtw_42,2724901
ld3_enet_characteristics_full_dgtw_daily_rank_original_none_fixed504_union,enet,characteristics,504,ew_spread_bp,201.07556748665485,108.1040052343876,1.8600195899373877,0.06288275441224253,-10.804389357274346,412.955524330584,2266,2266,0,41,full,daily_rank,original,none,fixed504,union,dgtw,42,ar_dgtw_42,2724901
ld3_enet_characteristics_full_dgtw_daily_rank_original_none_fixed504_union,enet,characteristics,504,cap_spread_bp,114.69628076119622,94.70929405087904,1.2110351144585654,0.2258819471554021,-70.93052457974031,300.3230861021327,2266,2266,0,41,full,daily_rank,original,none,fixed504,union,dgtw,42,ar_dgtw_42,2724901
ld3_enet_characteristics_full_dgtw_daily_rank_expanded_none_fixed504_union,enet,characteristics,504,rank_ic,0.12595510853773526,0.00892766392943965,14.108406133253819,3.371112727214387e-45,0.10845720876995621,0.1434530083055143,2266,2266,0,41,full,daily_rank,expanded,none,fixed504,union,dgtw,42,ar_dgtw_42,2724901
ld3_enet_characteristics_full_dgtw_daily_rank_expanded_none_fixed504_union,enet,characteristics,504,ew_spread_bp,189.8722467153417,115.25633595467407,1.6473909667752342,0.09947771088453862,-36.02602074586838,415.7705141765518,2266,2266,0,41,full,daily_rank,expanded,none,fixed504,union,dgtw,42,ar_dgtw_42,2724901
ld3_enet_characteristics_full_dgtw_daily_rank_expanded_none_fixed504_union,enet,characteristics,504,cap_spread_bp,145.37582409174124,97.1851704894785,1.4958642698217006,0.1346890289643831,-45.10360989902151,335.85525808250395,2266,2266,0,41,full,daily_rank,expanded,none,fixed504,union,dgtw,42,ar_dgtw_42,2724901
ld3_ols_characteristics_core_full_dgtw_daily_rank_original_none_fixed504_union,ols,characteristics_core,504,rank_ic,0.12531862005335254,0.008727313122316808,14.359358750735948,9.30844282998775e-47,0.10821340065180779,0.14242383945489728,2266,2266,0,41,full,daily_rank,original,none,fixed504,union,dgtw,42,ar_dgtw_42,2724901
ld3_ols_characteristics_core_full_dgtw_daily_rank_original_none_fixed504_union,ols,characteristics_core,504,ew_spread_bp,271.0022958782295,110.08623084467216,2.4617274458293004,0.013826969661070611,55.237248228909664,486.7673435275494,2266,2266,0,41,full,daily_rank,original,none,fixed504,union,dgtw,42,ar_dgtw_42,2724901
ld3_ols_characteristics_core_full_dgtw_daily_rank_original_none_fixed504_union,ols,characteristics_core,504,cap_spread_bp,121.87646040727599,92.15514092961138,1.322513960456812,0.1859970637411822,-58.74429680497535,302.4972176195273,2266,2266,0,41,full,daily_rank,original,none,fixed504,union,dgtw,42,ar_dgtw_42,2724901
ld3_ridge_characteristics_core_full_dgtw_daily_rank_original_none_fixed504_union,ridge,characteristics_core,504,rank_ic,0.13016142640133158,0.009165320620913995,14.201513704203778,8.965468410520433e-46,0.11219772807757786,0.1481251247250853,2266,2266,0,41,full,daily_rank,original,none,fixed504,union,dgtw,42,ar_dgtw_42,2724901
ld3_ridge_characteristics_core_full_dgtw_daily_rank_original_none_fixed504_union,ridge,characteristics_core,504,ew_spread_bp,243.5869859508417,119.55594714871036,2.0374309414140193,0.041606875823099645,9.261635401795218,477.91233649988817,2266,2266,0,41,full,daily_rank,original,none,fixed504,union,dgtw,42,ar_dgtw_42,2724901
ld3_ridge_characteristics_core_full_dgtw_daily_rank_original_none_fixed504_union,ridge,characteristics_core,504,cap_spread_bp,160.39149187245246,94.54561137522944,1.696445657703731,0.08980151326791233,-24.91450131931768,345.69748506422263,2266,2266,0,41,full,daily_rank,original,none,fixed504,union,dgtw,42,ar_dgtw_42,2724901
ld3_ridge_characteristics_core_full_dgtw_daily_rank_expanded_none_fixed504_union,ridge,characteristics_core,504,rank_ic,0.1303610498886426,0.009132911115200279,14.27376750351565,3.1887556161040687e-46,0.11246087302884453,0.1482612267484407,2266,2266,0,41,full,daily_rank,expanded,none,fixed504,union,dgtw,42,ar_dgtw_42,2724901
ld3_ridge_characteristics_core_full_dgtw_daily_rank_expanded_none_fixed504_union,ridge,characteristics_core,504,ew_spread_bp,246.3780033343163,120.54214754162342,2.043915828272775,0.04096186318521738,10.119735533620968,482.6362711350116,2266,2266,0,41,full,daily_rank,expanded,none,fixed504,union,dgtw,42,ar_dgtw_42,2724901
ld3_ridge_characteristics_core_full_dgtw_daily_rank_expanded_none_fixed504_union,ridge,characteristics_core,504,cap_spread_bp,170.0517341641741,95.40018496693988,1.7825094807007353,0.07466618656472972,-16.929192489487548,357.03266081783573,2266,2266,0,41,full,daily_rank,expanded,none,fixed504,union,dgtw,42,ar_dgtw_42,2724901
ld3_lasso_characteristics_core_full_dgtw_daily_rank_original_none_fixed504_union,lasso,characteristics_core,504,rank_ic,0.12910722683556072,0.009181262050845856,14.062034840152098,6.499027689796472e-45,0.11111228388327848,0.14710216978784296,2266,2266,0,41,full,daily_rank,original,none,fixed504,union,dgtw,42,ar_dgtw_42,2724901
ld3_lasso_characteristics_core_full_dgtw_daily_rank_original_none_fixed504_union,lasso,characteristics_core,504,ew_spread_bp,256.06365781970845,113.92968419053624,2.2475587432636703,0.024604340823335444,32.765580036235036,479.36173560318184,2266,2266,0,41,full,daily_rank,original,none,fixed504,union,dgtw,42,ar_dgtw_42,2724901
ld3_lasso_characteristics_core_full_dgtw_daily_rank_original_none_fixed504_union,lasso,characteristics_core,504,cap_spread_bp,144.42550938496873,97.3108246355233,1.4841669457217426,0.13776463649920953,-46.30020220654998,335.1512209764875,2266,2266,0,41,full,daily_rank,original,none,fixed504,union,dgtw,42,ar_dgtw_42,2724901
ld3_lasso_characteristics_core_full_dgtw_daily_rank_expanded_none_fixed504_union,lasso,characteristics_core,504,rank_ic,0.1288125978059146,0.009147398302999689,14.081883562856703,4.908387844155393e-45,0.11088402657979242,0.14674116903203682,2266,2266,0,41,full,daily_rank,expanded,none,fixed504,union,dgtw,42,ar_dgtw_42,2724901
ld3_lasso_characteristics_core_full_dgtw_daily_rank_expanded_none_fixed504_union,lasso,characteristics_core,504,ew_spread_bp,239.48904920652174,118.81623459686062,2.0156256425655954,0.043839136308293704,6.613508618012958,472.3645897950305,2266,2266,0,41,full,daily_rank,expanded,none,fixed504,union,dgtw,42,ar_dgtw_42,2724901
ld3_lasso_characteristics_core_full_dgtw_daily_rank_expanded_none_fixed504_union,lasso,characteristics_core,504,cap_spread_bp,164.4928595581683,95.54686816733428,1.7215934202059529,0.08514319595380034,-22.77556088540345,351.76128000174003,2266,2266,0,41,full,daily_rank,expanded,none,fixed504,union,dgtw,42,ar_dgtw_42,2724901
ld3_enet_characteristics_core_full_dgtw_daily_rank_original_none_fixed504_union,enet,characteristics_core,504,rank_ic,0.12932445806996506,0.009201970491878453,14.05399617224433,7.280696079297787e-45,0.11128892731908296,0.14735998882084717,2266,2266,0,41,full,daily_rank,original,none,fixed504,union,dgtw,42,ar_dgtw_42,2724901
ld3_enet_characteristics_core_full_dgtw_daily_rank_original_none_fixed504_union,enet,characteristics_core,504,ew_spread_bp,255.59581089724801,114.37222630407156,2.2347716675350666,0.025432342803713648,31.430366509603147,479.76125528489285,2266,2266,0,41,full,daily_rank,original,none,fixed504,union,dgtw,42,ar_dgtw_42,2724901
ld3_enet_characteristics_core_full_dgtw_daily_rank_original_none_fixed504_union,enet,characteristics_core,504,cap_spread_bp,143.57674023629843,97.8667629442304,1.467063341188836,0.14235882532258998,-48.23859041791229,335.39207089050916,2266,2266,0,41,full,daily_rank,original,none,fixed504,union,dgtw,42,ar_dgtw_42,2724901
ld3_enet_characteristics_full_dgtw_daily_rank_original_none_fixed504_union,enet,characteristics,504,rank_ic,0.14191507426367012,0.00998040704165798,14.219367373627149,6.947817737391046e-46,0.12235383591097053,0.1614763126163697,2266,2266,0,62,full,daily_rank,original,none,fixed504,union,dgtw,63,ar_dgtw_63,2711735
ld3_enet_characteristics_full_dgtw_daily_rank_original_none_fixed504_union,enet,characteristics,504,ew_spread_bp,262.85720962947346,162.97591685836238,1.6128592168492906,0.10677509733913612,-56.56971776031105,582.284137019258,2266,2266,0,62,full,daily_rank,original,none,fixed504,union,dgtw,63,ar_dgtw_63,2711735
ld3_enet_characteristics_full_dgtw_daily_rank_original_none_fixed504_union,enet,characteristics,504,cap_spread_bp,163.5482253210664,134.82222947477854,1.2130657233469182,0.22510469362505703,-100.69848876489402,427.79493940702685,2266,2266,0,62,full,daily_rank,original,none,fixed504,union,dgtw,63,ar_dgtw_63,2711735
ld3_enet_characteristics_full_dgtw_daily_rank_expanded_none_fixed504_union,enet,characteristics,504,rank_ic,0.1428985885153074,0.009975948607643845,14.324310813491419,1.5425069840870465e-46,0.12334608853270296,0.16245108849791184,2266,2266,0,62,full,daily_rank,expanded,none,fixed504,union,dgtw,63,ar_dgtw_63,2711735
ld3_enet_characteristics_full_dgtw_daily_rank_expanded_none_fixed504_union,enet,characteristics,504,ew_spread_bp,246.26497822963452,171.76678969377326,1.4337170687574532,0.15165301926601005,-90.39174331022681,582.9216997694958,2266,2266,0,62,full,daily_rank,expanded,none,fixed504,union,dgtw,63,ar_dgtw_63,2711735
ld3_enet_characteristics_full_dgtw_daily_rank_expanded_none_fixed504_union,enet,characteristics,504,cap_spread_bp,186.08245913628951,136.47184889504226,1.363522665245063,0.1727178462685568,-81.39744960158566,453.5623678741647,2266,2266,0,62,full,daily_rank,expanded,none,fixed504,union,dgtw,63,ar_dgtw_63,2711735
ld3_ols_characteristics_core_full_dgtw_daily_rank_original_none_fixed504_union,ols,characteristics_core,504,rank_ic,0.1421592104419909,0.009821056205451819,14.474941133426784,1.7447505233190673e-47,0.12291029398916173,0.16140812689482006,2266,2266,0,62,full,daily_rank,original,none,fixed504,union,dgtw,63,ar_dgtw_63,2711735
ld3_ols_characteristics_core_full_dgtw_daily_rank_original_none_fixed504_union,ols,characteristics_core,504,ew_spread_bp,346.3852794535413,166.9895800467502,2.0742927753729763,0.038052128378234976,19.09171676844244,673.6788421386401,2266,2266,0,62,full,daily_rank,original,none,fixed504,union,dgtw,63,ar_dgtw_63,2711735
ld3_ols_characteristics_core_full_dgtw_daily_rank_original_none_fixed504_union,ols,characteristics_core,504,cap_spread_bp,150.05367112160155,134.26252889864486,1.1176139191812593,0.2637319213922169,-113.09604999301058,413.2033922362137,2266,2266,0,62,full,daily_rank,original,none,fixed504,union,dgtw,63,ar_dgtw_63,2711735
ld3_ridge_characteristics_core_full_dgtw_daily_rank_original_none_fixed504_union,ridge,characteristics_core,504,rank_ic,0.14796852583538672,0.010332752043513917,14.320340332590256,1.6332144181796678e-46,0.1277167039689168,0.16822034770185665,2266,2266,0,62,full,daily_rank,original,none,fixed504,union,dgtw,63,ar_dgtw_63,2711735
ld3_ridge_characteristics_core_full_dgtw_daily_rank_original_none_fixed504_union,ridge,characteristics_core,504,ew_spread_bp,331.441257746666,178.33635536804564,1.8585176144406825,0.06309554436229703,-18.091575908839786,680.9740914021718,2266,2266,0,62,full,daily_rank,original,none,fixed504,union,dgtw,63,ar_dgtw_63,2711735
ld3_ridge_characteristics_core_full_dgtw_daily_rank_original_none_fixed504_union,ridge,characteristics_core,504,cap_spread_bp,221.13255273735635,139.06954776431232,1.5900860849286722,0.11181540209971387,-51.4387522269686,493.7038577016813,2266,2266,0,62,full,daily_rank,original,none,fixed504,union,dgtw,63,ar_dgtw_63,2711735
ld3_ridge_characteristics_core_full_dgtw_daily_rank_expanded_none_fixed504_union,ridge,characteristics_core,504,rank_ic,0.14828180909944838,0.010292754461304067,14.406426351363814,4.714825957683252e-47,0.12810838105357844,0.16845523714531832,2266,2266,0,62,full,daily_rank,expanded,none,fixed504,union,dgtw,63,ar_dgtw_63,2711735
ld3_ridge_characteristics_core_full_dgtw_daily_rank_expanded_none_fixed504_union,ridge,characteristics_core,504,ew_spread_bp,336.47056537238956,178.0585533057144,1.8896624684728989,0.05880311668459459,-12.517786246116088,685.4589169908952,2266,2266,0,62,full,daily_rank,expanded,none,fixed504,union,dgtw,63,ar_dgtw_63,2711735
ld3_ridge_characteristics_core_full_dgtw_daily_rank_expanded_none_fixed504_union,ridge,characteristics_core,504,cap_spread_bp,228.90132536086477,139.47146585865255,1.6412054175500312,0.10075478152432496,-44.45772459310197,502.26037531483155,2266,2266,0,62,full,daily_rank,expanded,none,fixed504,union,dgtw,63,ar_dgtw_63,2711735
ld3_lasso_characteristics_core_full_dgtw_daily_rank_original_none_fixed504_union,lasso,characteristics_core,504,rank_ic,0.14638920077985054,0.010353242895127334,14.139453914362173,2.1696143961356008e-45,0.12609721758220577,0.16668118397749532,2266,2266,0,62,full,daily_rank,original,none,fixed504,union,dgtw,63,ar_dgtw_63,2711735
ld3_lasso_characteristics_core_full_dgtw_daily_rank_original_none_fixed504_union,lasso,characteristics_core,504,ew_spread_bp,340.54689151543676,170.10988774309908,2.001922968932486,0.04529301690670399,7.137638124810962,673.9561449060625,2266,2266,0,62,full,daily_rank,original,none,fixed504,union,dgtw,63,ar_dgtw_63,2711735
ld3_lasso_characteristics_core_full_dgtw_daily_rank_original_none_fixed504_union,lasso,characteristics_core,504,cap_spread_bp,180.6994817487033,147.52018196929816,1.224913631046838,0.22060776399478288,-108.43476190391618,469.8337254013228,2266,2266,0,62,full,daily_rank,original,none,fixed504,union,dgtw,63,ar_dgtw_63,2711735
ld3_lasso_characteristics_core_full_dgtw_daily_rank_expanded_none_fixed504_union,lasso,characteristics_core,504,rank_ic,0.1463478600226048,0.010304581739753205,14.202212541827034,8.876495489595468e-46,0.12615125093693944,0.16654446910827017,2266,2266,0,62,full,daily_rank,expanded,none,fixed504,union,dgtw,63,ar_dgtw_63,2711735
ld3_lasso_characteristics_core_full_dgtw_daily_rank_expanded_none_fixed504_union,lasso,characteristics_core,504,ew_spread_bp,322.8593115331227,175.67336334741694,1.8378387330959582,0.06608617225205998,-21.454153670833307,667.1727767370787,2266,2266,0,62,full,daily_rank,expanded,none,fixed504,union,dgtw,63,ar_dgtw_63,2711735
ld3_lasso_characteristics_core_full_dgtw_daily_rank_expanded_none_fixed504_union,lasso,characteristics_core,504,cap_spread_bp,217.22677159514933,139.3375515046861,1.5589966182794859,0.11899718056079385,-55.86981104803027,490.32335423832893,2266,2266,0,62,full,daily_rank,expanded,none,fixed504,union,dgtw,63,ar_dgtw_63,2711735
ld3_enet_characteristics_core_full_dgtw_daily_rank_original_none_fixed504_union,enet,characteristics_core,504,rank_ic,0.1465922302313126,0.010379284252615674,14.12353941403715,2.7198053861173016e-45,0.12624920691088215,0.16693525355174305,2266,2266,0,62,full,daily_rank,original,none,fixed504,union,dgtw,63,ar_dgtw_63,2711735
ld3_enet_characteristics_core_full_dgtw_daily_rank_original_none_fixed504_union,enet,characteristics_core,504,ew_spread_bp,341.26612124710323,171.24679530106712,1.9928321616011966,0.046279828734870194,5.628569989108712,676.9036725050978,2266,2266,0,62,full,daily_rank,original,none,fixed504,union,dgtw,63,ar_dgtw_63,2711735
ld3_enet_characteristics_core_full_dgtw_daily_rank_original_none_fixed504_union,enet,characteristics_core,504,cap_spread_bp,185.44929895910124,147.8564133489592,1.2542526547118267,0.20975018673104917,-104.34394608812605,475.24254400632856,2266,2266,0,62,full,daily_rank,original,none,fixed504,union,dgtw,63,ar_dgtw_63,2711735
ld3_enet_characteristics_core_full_dgtw_daily_rank_expanded_none_fixed504_union,enet,characteristics_core,504,rank_ic,0.07230027622049397,0.002655589175736778,27.22570075261535,3.224191074958484e-163,0.06709541707831547,0.07750513536267246,2266,2266,0,5,full,daily_rank,expanded,none,fixed504,union,dgtw,3,ar_dgtw_3,2747782
ld3_enet_characteristics_core_full_dgtw_daily_rank_expanded_none_fixed504_union,enet,characteristics_core,504,ew_spread_bp,39.60128175523774,9.099068349122012,4.35223478226306,1.3475683935940758e-05,21.767435498090272,57.43512801238521,2266,2266,0,5,full,daily_rank,expanded,none,fixed504,union,dgtw,3,ar_dgtw_3,2747782
ld3_enet_characteristics_core_full_dgtw_daily_rank_expanded_none_fixed504_union,enet,characteristics_core,504,cap_spread_bp,22.032929320110593,9.410640431968543,2.3412784155755575,0.019217829918047716,3.588413001995793,40.47744563822539,2266,2266,0,5,full,daily_rank,expanded,none,fixed504,union,dgtw,3,ar_dgtw_3,2747782
ld3_group_ridge_characteristics_core_full_dgtw_daily_rank_original_none_fixed504_union,group_ridge,characteristics_core,504,rank_ic,0.07247057446082159,0.002632382666215807,27.530410145498326,7.595617984728759e-167,0.06731119924151108,0.0776299496801321,2266,2266,0,5,full,daily_rank,original,none,fixed504,union,dgtw,3,ar_dgtw_3,2747782
ld3_group_ridge_characteristics_core_full_dgtw_daily_rank_original_none_fixed504_union,group_ridge,characteristics_core,504,ew_spread_bp,39.89777616350223,9.122913047290547,4.373359250130268,1.2234913766002102e-05,22.017195156722202,57.778357170282256,2266,2266,0,5,full,daily_rank,original,none,fixed504,union,dgtw,3,ar_dgtw_3,2747782
ld3_group_ridge_characteristics_core_full_dgtw_daily_rank_original_none_fixed504_union,group_ridge,characteristics_core,504,cap_spread_bp,19.892493222638848,9.809813465670358,2.027815645246776,0.04257906697617939,0.6656121348688977,39.1193743104088,2266,2266,0,5,full,daily_rank,original,none,fixed504,union,dgtw,3,ar_dgtw_3,2747782
ld3_group_ridge_characteristics_core_full_dgtw_daily_rank_expanded_none_fixed504_union,group_ridge,characteristics_core,504,rank_ic,0.07252952739748704,0.002628748233879298,27.590899144591614,1.4308462712727017e-167,0.06737727553466034,0.07768177926031374,2266,2266,0,5,full,daily_rank,expanded,none,fixed504,union,dgtw,3,ar_dgtw_3,2747782
ld3_group_ridge_characteristics_core_full_dgtw_daily_rank_expanded_none_fixed504_union,group_ridge,characteristics_core,504,ew_spread_bp,40.14245115762678,9.04620585729245,4.437490345774809,9.101380264787137e-06,22.412213480598293,57.872688834655264,2266,2266,0,5,full,daily_rank,expanded,none,fixed504,union,dgtw,3,ar_dgtw_3,2747782
ld3_group_ridge_characteristics_core_full_dgtw_daily_rank_expanded_none_fixed504_union,group_ridge,characteristics_core,504,cap_spread_bp,21.789180937242183,9.854913884641556,2.210996584272507,0.0270360735944498,2.473904652601014,41.10445722188335,2266,2266,0,5,full,daily_rank,expanded,none,fixed504,union,dgtw,3,ar_dgtw_3,2747782
ld3_ols_characteristics_textcore_full_dgtw_daily_rank_original_none_fixed504_union,ols,characteristics_textcore,504,rank_ic,0.06635996189366385,0.002313036861803852,28.689539276046023,5.152771400679654e-181,0.061826492949614745,0.07089343083771295,2266,2266,0,5,full,daily_rank,original,none,fixed504,union,dgtw,3,ar_dgtw_3,2747782
ld3_ols_characteristics_textcore_full_dgtw_daily_rank_original_none_fixed504_union,ols,characteristics_textcore,504,ew_spread_bp,48.77725956128093,8.662659519925274,5.630748784375828,1.794289159744621e-08,31.798758891894355,65.7557602306675,2266,2266,0,5,full,daily_rank,original,none,fixed504,union,dgtw,3,ar_dgtw_3,2747782
ld3_ols_characteristics_textcore_full_dgtw_daily_rank_original_none_fixed504_union,ols,characteristics_textcore,504,cap_spread_bp,18.30459639522183,9.57690253869608,1.9113274173210961,0.05596251779560222,-0.46578766407269967,37.07498045451636,2266,2266,0,5,full,daily_rank,original,none,fixed504,union,dgtw,3,ar_dgtw_3,2747782
ld3_ridge_characteristics_textcore_full_dgtw_daily_rank_original_none_fixed504_union,ridge,characteristics_textcore,504,rank_ic,0.07119861314555471,0.0025348936360018266,28.087416424246136,1.3956549284524718e-173,0.06623031291435134,0.07616691337675809,2266,2266,0,5,full,daily_rank,original,none,fixed504,union,dgtw,3,ar_dgtw_3,2747782
ld3_ridge_characteristics_textcore_full_dgtw_daily_rank_original_none_fixed504_union,ridge,characteristics_textcore,504,ew_spread_bp,44.305544406792684,9.013913517248932,4.915239570693689,8.86739561501884e-07,26.638598553226014,61.97249026035935,2266,2266,0,5,full,daily_rank,original,none,fixed504,union,dgtw,3,ar_dgtw_3,2747782
ld3_ridge_characteristics_textcore_full_dgtw_daily_rank_original_none_fixed504_union,ridge,characteristics_textcore,504,cap_spread_bp,25.459481600567432,9.908605703632455,2.56943129659848,0.0101865588439634,6.038971284439661,44.879991916695204,2266,2266,0,5,full,daily_rank,original,none,fixed504,union,dgtw,3,ar_dgtw_3,2747782
ld3_ridge_characteristics_textcore_full_dgtw_daily_rank_expanded_none_fixed504_union,ridge,characteristics_textcore,504,rank_ic,0.07144913288500986,0.0025477052254321707,28.044505373611205,4.660994025223235e-173,0.0664557223999383,0.07644254337008141,2266,2266,0,5,full,daily_rank,expanded,none,fixed504,union,dgtw,3,ar_dgtw_3,2747782
ld3_ridge_characteristics_textcore_full_dgtw_daily_rank_expanded_none_fixed504_union,ridge,characteristics_textcore,504,ew_spread_bp,44.15457010767228,9.033579972633088,4.887826337004486,1.0195540405566665e-06,26.449078709849097,61.86006150549546,2266,2266,0,5,full,daily_rank,expanded,none,fixed504,union,dgtw,3,ar_dgtw_3,2747782
ld3_ridge_characteristics_textcore_full_dgtw_daily_rank_expanded_none_fixed504_union,ridge,characteristics_textcore,504,cap_spread_bp,24.37528850178476,9.807012345917594,2.4854958515405117,0.012937109503816713,5.153897507846608,43.59667949572291,2266,2266,0,5,full,daily_rank,expanded,none,fixed504,union,dgtw,3,ar_dgtw_3,2747782
ld3_lasso_characteristics_textcore_full_dgtw_daily_rank_original_none_fixed504_union,lasso,characteristics_textcore,504,rank_ic,0.07205448346963847,0.002649197509065083,27.19860758704507,6.745923821164176e-163,0.06686215176393769,0.07724681517533925,2266,2266,0,5,full,daily_rank,original,none,fixed504,union,dgtw,3,ar_dgtw_3,2747782
ld3_lasso_characteristics_textcore_full_dgtw_daily_rank_original_none_fixed504_union,lasso,characteristics_textcore,504,ew_spread_bp,44.9013019875541,8.795753992919233,5.10488379094056,3.3099785826005616e-07,27.66194094455803,62.14066303055017,2266,2266,0,5,full,daily_rank,original,none,fixed504,union,dgtw,3,ar_dgtw_3,2747782
ld3_lasso_characteristics_textcore_full_dgtw_daily_rank_original_none_fixed504_union,lasso,characteristics_textcore,504,cap_spread_bp,21.362878012775607,9.51388752573705,2.2454415143110076,0.0247398028565998,2.7160011093661005,40.009754916185116,2266,2266,0,5,full,daily_rank,original,none,fixed504,union,dgtw,3,ar_dgtw_3,2747782
ld3_lasso_characteristics_textcore_full_dgtw_daily_rank_expanded_none_fixed504_union,lasso,characteristics_textcore,504,rank_ic,0.07200280302440351,0.002639427133694474,27.279708579649,7.384855734784624e-164,0.06682962090254456,0.07717598514626246,2266,2266,0,5,full,daily_rank,expanded,none,fixed504,union,dgtw,3,ar_dgtw_3,2747782
ld3_lasso_characteristics_textcore_full_dgtw_daily_rank_expanded_none_fixed504_union,lasso,characteristics_textcore,504,ew_spread_bp,41.27942860544843,9.206544509513469,4.483704886539444,7.335809935934704e-06,23.234932944737054,59.32392426615981,2266,2266,0,5,full,daily_rank,expanded,none,fixed504,union,dgtw,3,ar_dgtw_3,2747782
ld3_lasso_characteristics_textcore_full_dgtw_daily_rank_expanded_none_fixed504_union,lasso,characteristics_textcore,504,cap_spread_bp,20.97615300020305,9.770718343219373,2.1468383657543417,0.031806151804323786,1.8258969444082105,40.12640905599788,2266,2266,0,5,full,daily_rank,expanded,none,fixed504,union,dgtw,3,ar_dgtw_3,2747782
ld3_enet_characteristics_core_full_dgtw_daily_rank_expanded_none_fixed504_union,enet,characteristics_core,504,rank_ic,0.07828195658570783,0.0032266518588007424,24.2610482975387,5.055488984053964e-130,0.07195783515180916,0.0846060780196065,2266,2266,0,5,full,daily_rank,expanded,none,fixed504,union,dgtw,5,ar_dgtw_5,2746618
ld3_enet_characteristics_core_full_dgtw_daily_rank_expanded_none_fixed504_union,enet,characteristics_core,504,ew_spread_bp,51.868801147003644,13.698537846554032,3.7864479937945803,0.00015281606084070775,25.02016032689887,78.71744196710841,2266,2266,0,5,full,daily_rank,expanded,none,fixed504,union,dgtw,5,ar_dgtw_5,2746618
ld3_enet_characteristics_core_full_dgtw_daily_rank_expanded_none_fixed504_union,enet,characteristics_core,504,cap_spread_bp,33.70559683747308,13.850909270063532,2.433457340618222,0.014955397596539771,6.558313515016589,60.85288015992957,2266,2266,0,5,full,daily_rank,expanded,none,fixed504,union,dgtw,5,ar_dgtw_5,2746618
ld3_group_ridge_characteristics_core_full_dgtw_daily_rank_original_none_fixed504_union,group_ridge,characteristics_core,504,rank_ic,0.07841715228416941,0.0031976395667877916,24.52344945272986,8.305797567357124e-133,0.07214989389772508,0.08468441067061375,2266,2266,0,5,full,daily_rank,original,none,fixed504,union,dgtw,5,ar_dgtw_5,2746618
ld3_group_ridge_characteristics_core_full_dgtw_daily_rank_original_none_fixed504_union,group_ridge,characteristics_core,504,ew_spread_bp,53.00160583049574,13.765037452727267,3.8504512619393223,0.00011790039128350329,26.022628177305332,79.98058348368615,2266,2266,0,5,full,daily_rank,original,none,fixed504,union,dgtw,5,ar_dgtw_5,2746618
ld3_group_ridge_characteristics_core_full_dgtw_daily_rank_original_none_fixed504_union,group_ridge,characteristics_core,504,cap_spread_bp,29.289056955084547,14.502219899742494,2.019625764715139,0.0434222205713448,0.8652282557091837,57.71288565445991,2266,2266,0,5,full,daily_rank,original,none,fixed504,union,dgtw,5,ar_dgtw_5,2746618
ld3_group_ridge_characteristics_core_full_dgtw_daily_rank_expanded_none_fixed504_union,group_ridge,characteristics_core,504,rank_ic,0.07848006880906098,0.0031922803828505547,24.58432825345436,1.8583169777749936e-133,0.07222331423012016,0.08473682338800181,2266,2266,0,5,full,daily_rank,expanded,none,fixed504,union,dgtw,5,ar_dgtw_5,2746618
ld3_group_ridge_characteristics_core_full_dgtw_daily_rank_expanded_none_fixed504_union,group_ridge,characteristics_core,504,ew_spread_bp,52.627026480063044,13.660267087845813,3.8525620430136245,0.00011688834651871425,25.853394968687404,79.40065799143869,2266,2266,0,5,full,daily_rank,expanded,none,fixed504,union,dgtw,5,ar_dgtw_5,2746618
ld3_group_ridge_characteristics_core_full_dgtw_daily_rank_expanded_none_fixed504_union,group_ridge,characteristics_core,504,cap_spread_bp,30.73346612061475,14.636790031781855,2.0997408621617915,0.0357516429570314,2.0458848090474397,59.421047432182064,2266,2266,0,5,full,daily_rank,expanded,none,fixed504,union,dgtw,5,ar_dgtw_5,2746618
ld3_ols_characteristics_textcore_full_dgtw_daily_rank_original_none_fixed504_union,ols,characteristics_textcore,504,rank_ic,0.0717329549605653,0.002792810470860086,25.684863226137256,1.725532518405454e-145,0.06625914702203317,0.07720676289909742,2266,2266,0,5,full,daily_rank,original,none,fixed504,union,dgtw,5,ar_dgtw_5,2746618
ld3_ols_characteristics_textcore_full_dgtw_daily_rank_original_none_fixed504_union,ols,characteristics_textcore,504,ew_spread_bp,65.44632969985452,12.900438078564427,5.073186608182025,3.912085189527762e-07,40.16193568107914,90.73072371862989,2266,2266,0,5,full,daily_rank,original,none,fixed504,union,dgtw,5,ar_dgtw_5,2746618
ld3_ols_characteristics_textcore_full_dgtw_daily_rank_original_none_fixed504_union,ols,characteristics_textcore,504,cap_spread_bp,23.583218169230612,14.395124020616164,1.638278220837528,0.10136366878229484,-4.630706464164486,51.797142802625714,2266,2266,0,5,full,daily_rank,original,none,fixed504,union,dgtw,5,ar_dgtw_5,2746618
ld3_ridge_characteristics_textcore_full_dgtw_daily_rank_original_none_fixed504_union,ridge,characteristics_textcore,504,rank_ic,0.07729403854126043,0.0030832591914079707,25.06893963266322,1.0853144722026152e-138,0.07125096157109873,0.08333711551142214,2266,2266,0,5,full,daily_rank,original,none,fixed504,union,dgtw,5,ar_dgtw_5,2746618
ld3_ridge_characteristics_textcore_full_dgtw_daily_rank_original_none_fixed504_union,ridge,characteristics_textcore,504,ew_spread_bp,59.17162235701201,13.66994872465366,4.328591390419511,1.50066059429542e-05,32.3790151861816,85.96422952784243,2266,2266,0,5,full,daily_rank,original,none,fixed504,union,dgtw,5,ar_dgtw_5,2746618
ld3_ridge_characteristics_textcore_full_dgtw_daily_rank_original_none_fixed504_union,ridge,characteristics_textcore,504,cap_spread_bp,38.75511636817855,14.050876477478866,2.758199207735996,0.005812076697983975,11.215904521098953,66.29432821525815,2266,2266,0,5,full,daily_rank,original,none,fixed504,union,dgtw,5,ar_dgtw_5,2746618
ld3_ridge_characteristics_textcore_full_dgtw_daily_rank_expanded_none_fixed504_union,ridge,characteristics_textcore,504,rank_ic,0.0775905469363488,0.0031013901300510523,25.01798989573478,3.895631274290734e-138,0.07151193397944075,0.08366915989325685,2266,2266,0,5,full,daily_rank,expanded,none,fixed504,union,dgtw,5,ar_dgtw_5,2746618
ld3_ridge_characteristics_textcore_full_dgtw_daily_rank_expanded_none_fixed504_union,ridge,characteristics_textcore,504,ew_spread_bp,59.49492509630305,13.667234389649428,4.3531063710563265,1.3422198378384306e-05,32.7076379243229,86.28221226828319,2266,2266,0,5,full,daily_rank,expanded,none,fixed504,union,dgtw,5,ar_dgtw_5,2746618
ld3_ridge_characteristics_textcore_full_dgtw_daily_rank_expanded_none_fixed504_union,ridge,characteristics_textcore,504,cap_spread_bp,38.58115047392047,13.844661322542066,2.786716812718424,0.005324498643750541,11.446112903583344,65.71618804425759,2266,2266,0,5,full,daily_rank,expanded,none,fixed504,union,dgtw,5,ar_dgtw_5,2746618
ld3_lasso_characteristics_textcore_full_dgtw_daily_rank_original_none_fixed504_union,lasso,characteristics_textcore,504,rank_ic,0.07816135288103188,0.003218258874723454,24.286844509284016,2.6999670902825278e-130,0.0718536813936475,0.08446902436841625,2266,2266,0,5,full,daily_rank,original,none,fixed504,union,dgtw,5,ar_dgtw_5,2746618
ld3_lasso_characteristics_textcore_full_dgtw_daily_rank_original_none_fixed504_union,lasso,characteristics_textcore,504,ew_spread_bp,59.636244731413676,13.298494055287554,4.48443594315869,7.310706329451244e-06,33.57167533443006,85.7008141283973,2266,2266,0,5,full,daily_rank,original,none,fixed504,union,dgtw,5,ar_dgtw_5,2746618
ld3_lasso_characteristics_textcore_full_dgtw_daily_rank_original_none_fixed504_union,lasso,characteristics_textcore,504,cap_spread_bp,30.35351518403213,13.641088335587455,2.225153480228156,0.026070936568398508,3.6174733363512885,57.08955703171297,2266,2266,0,5,full,daily_rank,original,none,fixed504,union,dgtw,5,ar_dgtw_5,2746618
ld3_lasso_characteristics_textcore_full_dgtw_daily_rank_expanded_none_fixed504_union,lasso,characteristics_textcore,504,rank_ic,0.0780185163012378,0.0032149979030358013,24.26705044739465,4.3692509424004796e-130,0.07171723620091583,0.08431979640155976,2266,2266,0,5,full,daily_rank,expanded,none,fixed504,union,dgtw,5,ar_dgtw_5,2746618
ld3_lasso_characteristics_textcore_full_dgtw_daily_rank_expanded_none_fixed504_union,lasso,characteristics_textcore,504,ew_spread_bp,54.81880360915251,13.925352514653746,3.9366187356094793,8.263774142851255e-05,27.525614208406893,82.11199300989813,2266,2266,0,5,full,daily_rank,expanded,none,fixed504,union,dgtw,5,ar_dgtw_5,2746618
ld3_lasso_characteristics_textcore_full_dgtw_daily_rank_expanded_none_fixed504_union,lasso,characteristics_textcore,504,cap_spread_bp,31.68843801883905,13.988449218595797,2.265328881253932,0.023492504995141182,4.271581350823826,59.10529468685428,2266,2266,0,5,full,daily_rank,expanded,none,fixed504,union,dgtw,5,ar_dgtw_5,2746618
ld3_enet_characteristics_core_full_dgtw_daily_rank_expanded_none_fixed504_union,enet,characteristics_core,504,rank_ic,0.090231209039373,0.004432222340904762,20.358006006746006,3.943072359271127e-92,0.08154421287972585,0.09891820519902014,2266,2266,0,9,full,daily_rank,expanded,none,fixed504,union,dgtw,10,ar_dgtw_10,2743765
ld3_enet_characteristics_core_full_dgtw_daily_rank_expanded_none_fixed504_union,enet,characteristics_core,504,ew_spread_bp,86.75895741255177,26.411317944818915,3.2849158680311596,0.0010201282790281085,34.99372545647025,138.52418936863327,2266,2266,0,9,full,daily_rank,expanded,none,fixed504,union,dgtw,10,ar_dgtw_10,2743765
ld3_enet_characteristics_core_full_dgtw_daily_rank_expanded_none_fixed504_union,enet,characteristics_core,504,cap_spread_bp,59.65228078017461,25.502540495930802,2.3390720932172524,0.01933170268682334,9.668219893875985,109.63634166647323,2266,2266,0,9,full,daily_rank,expanded,none,fixed504,union,dgtw,10,ar_dgtw_10,2743765
ld3_group_ridge_characteristics_core_full_dgtw_daily_rank_original_none_fixed504_union,group_ridge,characteristics_core,504,rank_ic,0.09022086541306006,0.004406987913476045,20.472228920160042,3.8079942491469514e-93,0.08158332782234369,0.09885840300377642,2266,2266,0,9,full,daily_rank,original,none,fixed504,union,dgtw,10,ar_dgtw_10,2743765
ld3_group_ridge_characteristics_core_full_dgtw_daily_rank_original_none_fixed504_union,group_ridge,characteristics_core,504,ew_spread_bp,87.71191608096619,26.43562604094506,3.317943594190385,0.0009068279510469939,35.8990411319447,139.52479102998768,2266,2266,0,9,full,daily_rank,original,none,fixed504,union,dgtw,10,ar_dgtw_10,2743765
ld3_group_ridge_characteristics_core_full_dgtw_daily_rank_original_none_fixed504_union,group_ridge,characteristics_core,504,cap_spread_bp,58.58095657740672,24.87587105495079,2.3549308664609736,0.018526152052995924,9.825145225640767,107.33676792917267,2266,2266,0,9,full,daily_rank,original,none,fixed504,union,dgtw,10,ar_dgtw_10,2743765
ld3_group_ridge_characteristics_core_full_dgtw_daily_rank_expanded_none_fixed504_union,group_ridge,characteristics_core,504,rank_ic,0.09033527176331835,0.004397345390791686,20.543137674035343,8.8646549146821e-94,0.08171663316978343,0.09895391035685326,2266,2266,0,9,full,daily_rank,expanded,none,fixed504,union,dgtw,10,ar_dgtw_10,2743765
ld3_group_ridge_characteristics_core_full_dgtw_daily_rank_expanded_none_fixed504_union,group_ridge,characteristics_core,504,ew_spread_bp,88.22242814273814,26.247321196881416,3.361197414432537,0.0007760533615408477,36.77862390619582,139.66623237928047,2266,2266,0,9,full,daily_rank,expanded,none,fixed504,union,dgtw,10,ar_dgtw_10,2743765
ld3_group_ridge_characteristics_core_full_dgtw_daily_rank_expanded_none_fixed504_union,group_ridge,characteristics_core,504,cap_spread_bp,59.64765784342169,25.1154334711642,2.374940409127519,0.01755178356859384,10.422312783828069,108.8730029030153,2266,2266,0,9,full,daily_rank,expanded,none,fixed504,union,dgtw,10,ar_dgtw_10,2743765
ld3_ols_characteristics_textcore_full_dgtw_daily_rank_original_none_fixed504_union,ols,characteristics_textcore,504,rank_ic,0.08246497726676821,0.003828490428969763,21.539815443383343,6.596911635365453e-103,0.07496127391083118,0.08996868062270524,2266,2266,0,9,full,daily_rank,original,none,fixed504,union,dgtw,10,ar_dgtw_10,2743765
ld3_ols_characteristics_textcore_full_dgtw_daily_rank_original_none_fixed504_union,ols,characteristics_textcore,504,ew_spread_bp,103.20691407491331,24.209642367553183,4.263049924819861,2.016554413188894e-05,55.75688695591407,150.65694119391256,2266,2266,0,9,full,daily_rank,original,none,fixed504,union,dgtw,10,ar_dgtw_10,2743765
ld3_ols_characteristics_textcore_full_dgtw_daily_rank_original_none_fixed504_union,ols,characteristics_textcore,504,cap_spread_bp,49.33346180011915,22.971935376421783,2.1475535688105163,0.03174923731464439,4.309295807150889,94.35762779308742,2266,2266,0,9,full,daily_rank,original,none,fixed504,union,dgtw,10,ar_dgtw_10,2743765
ld3_ridge_characteristics_textcore_full_dgtw_daily_rank_original_none_fixed504_union,ridge,characteristics_textcore,504,rank_ic,0.0890631538495398,0.0042524922262134526,20.94375465298483,2.1391868305268522e-97,0.08072842224162488,0.09739788545745473,2266,2266,0,9,full,daily_rank,original,none,fixed504,union,dgtw,10,ar_dgtw_10,2743765
ld3_ridge_characteristics_textcore_full_dgtw_daily_rank_original_none_fixed504_union,ridge,characteristics_textcore,504,ew_spread_bp,100.08942949202,26.30022467347165,3.805649219148215,0.00014143271377476793,48.541936346703864,151.63692263733614,2266,2266,0,9,full,daily_rank,original,none,fixed504,union,dgtw,10,ar_dgtw_10,2743765
ld3_ridge_characteristics_textcore_full_dgtw_daily_rank_original_none_fixed504_union,ridge,characteristics_textcore,504,cap_spread_bp,77.08987327168437,23.63723250078601,3.2613747514274736,0.0011087340180033775,30.761748875944157,123.41799766742457,2266,2266,0,9,full,daily_rank,original,none,fixed504,union,dgtw,10,ar_dgtw_10,2743765
ld3_ridge_characteristics_textcore_full_dgtw_daily_rank_expanded_none_fixed504_union,ridge,characteristics_textcore,504,rank_ic,0.08948520836625477,0.0042753143825408685,20.930673246319884,2.814925947303925e-97,0.08110574615388857,0.09786467057862097,2266,2266,0,9,full,daily_rank,expanded,none,fixed504,union,dgtw,10,ar_dgtw_10,2743765
ld3_ridge_characteristics_textcore_full_dgtw_daily_rank_expanded_none_fixed504_union,ridge,characteristics_textcore,504,ew_spread_bp,100.68842014730431,26.200339103455985,3.8430197315279364,0.00012152969385156825,49.33669912179413,152.0401411728145,2266,2266,0,9,full,daily_rank,expanded,none,fixed504,union,dgtw,10,ar_dgtw_10,2743765
ld3_ridge_characteristics_textcore_full_dgtw_daily_rank_expanded_none_fixed504_union,ridge,characteristics_textcore,504,cap_spread_bp,80.7476475131278,23.326750942766612,3.461589987874708,0.0005369945633063734,35.02805578896949,126.46723923728612,2266,2266,0,9,full,daily_rank,expanded,none,fixed504,union,dgtw,10,ar_dgtw_10,2743765
ld3_lasso_characteristics_textcore_full_dgtw_daily_rank_original_none_fixed504_union,lasso,characteristics_textcore,504,rank_ic,0.08994671582292776,0.004418970035441046,20.35467882821939,4.220071447866867e-92,0.08128569370470162,0.0986077379411539,2266,2266,0,9,full,daily_rank,original,none,fixed504,union,dgtw,10,ar_dgtw_10,2743765
ld3_lasso_characteristics_textcore_full_dgtw_daily_rank_original_none_fixed504_union,lasso,characteristics_textcore,504,ew_spread_bp,94.44211929642994,25.75779985858508,3.666544495839475,0.00024585015634356915,43.957759252612284,144.9264793402476,2266,2266,0,9,full,daily_rank,original,none,fixed504,union,dgtw,10,ar_dgtw_10,2743765
ld3_lasso_characteristics_textcore_full_dgtw_daily_rank_original_none_fixed504_union,lasso,characteristics_textcore,504,cap_spread_bp,53.878764411011936,25.117187873806007,2.145095409633837,0.031945219388583614,4.6499807854259885,103.10754803659788,2266,2266,0,9,full,daily_rank,original,none,fixed504,union,dgtw,10,ar_dgtw_10,2743765
ld3_lasso_characteristics_textcore_full_dgtw_daily_rank_expanded_none_fixed504_union,lasso,characteristics_textcore,504,rank_ic,0.08980056673066966,0.004427071675822436,20.28441672202812,1.7654444996613362e-91,0.0811236656890803,0.09847746777225902,2266,2266,0,9,full,daily_rank,expanded,none,fixed504,union,dgtw,10,ar_dgtw_10,2743765
ld3_lasso_characteristics_textcore_full_dgtw_daily_rank_expanded_none_fixed504_union,lasso,characteristics_textcore,504,ew_spread_bp,88.5665988370133,26.861386452933473,3.2971715362570624,0.0009766383380823203,35.919248814451585,141.21394885957503,2266,2266,0,9,full,daily_rank,expanded,none,fixed504,union,dgtw,10,ar_dgtw_10,2743765
ld3_lasso_characteristics_textcore_full_dgtw_daily_rank_expanded_none_fixed504_union,lasso,characteristics_textcore,504,cap_spread_bp,56.32685269514807,25.438644987326377,2.214223781306367,0.026813388714997746,6.468024704487988,106.18568068580815,2266,2266,0,9,full,daily_rank,expanded,none,fixed504,union,dgtw,10,ar_dgtw_10,2743765
ld3_enet_characteristics_core_full_dgtw_daily_rank_expanded_none_fixed504_union,enet,characteristics_core,504,rank_ic,0.12979900567703181,0.00919783782888328,14.111904133538182,3.2079755638697926e-45,0.1117715747967805,0.14782643655728311,2266,2266,0,41,full,daily_rank,expanded,none,fixed504,union,dgtw,42,ar_dgtw_42,2724901
ld3_enet_characteristics_core_full_dgtw_daily_rank_expanded_none_fixed504_union,enet,characteristics_core,504,ew_spread_bp,241.04855165554056,118.82744469533067,2.028559582961499,0.04250316873322067,8.151039677767358,473.94606363331377,2266,2266,0,41,full,daily_rank,expanded,none,fixed504,union,dgtw,42,ar_dgtw_42,2724901
ld3_enet_characteristics_core_full_dgtw_daily_rank_expanded_none_fixed504_union,enet,characteristics_core,504,cap_spread_bp,182.19931751631182,94.94514231906638,1.9189956754609396,0.05498488114553434,-3.889741936088029,368.28837696871165,2266,2266,0,41,full,daily_rank,expanded,none,fixed504,union,dgtw,42,ar_dgtw_42,2724901
ld3_group_ridge_characteristics_core_full_dgtw_daily_rank_original_none_fixed504_union,group_ridge,characteristics_core,504,rank_ic,0.12933930995815857,0.009161606931619116,14.117535376002062,2.961694614033261e-45,0.11138289033167259,0.14729572958464454,2266,2266,0,41,full,daily_rank,original,none,fixed504,union,dgtw,42,ar_dgtw_42,2724901
ld3_group_ridge_characteristics_core_full_dgtw_daily_rank_original_none_fixed504_union,group_ridge,characteristics_core,504,ew_spread_bp,240.7184488701678,119.00938666035577,2.0226845598083867,0.0431056797811973,7.464337193668939,473.97256054666667,2266,2266,0,41,full,daily_rank,original,none,fixed504,union,dgtw,42,ar_dgtw_42,2724901
ld3_group_ridge_characteristics_core_full_dgtw_daily_rank_original_none_fixed504_union,group_ridge,characteristics_core,504,cap_spread_bp,159.61683049488778,94.56698540133559,1.6878705588159044,0.09143607930750522,-25.731055018255034,344.96471600803056,2266,2266,0,41,full,daily_rank,original,none,fixed504,union,dgtw,42,ar_dgtw_42,2724901
ld3_group_ridge_characteristics_core_full_dgtw_daily_rank_expanded_none_fixed504_union,group_ridge,characteristics_core,504,rank_ic,0.12970277263196778,0.009119525174056635,14.222535730363266,6.6402520610527995e-46,0.11182883173471041,0.14757671352922516,2266,2266,0,41,full,daily_rank,expanded,none,fixed504,union,dgtw,42,ar_dgtw_42,2724901
ld3_group_ridge_characteristics_core_full_dgtw_daily_rank_expanded_none_fixed504_union,group_ridge,characteristics_core,504,ew_spread_bp,243.44669864031897,119.84370352591392,2.0313682861751534,0.0422176490266928,8.557355955631806,478.33604132500614,2266,2266,0,41,full,daily_rank,expanded,none,fixed504,union,dgtw,42,ar_dgtw_42,2724901
ld3_group_ridge_characteristics_core_full_dgtw_daily_rank_expanded_none_fixed504_union,group_ridge,characteristics_core,504,cap_spread_bp,165.44832728295216,95.47185140853033,1.7329540052071253,0.08310384421376023,-21.6730630151269,352.5697175810312,2266,2266,0,41,full,daily_rank,expanded,none,fixed504,union,dgtw,42,ar_dgtw_42,2724901
ld3_ols_characteristics_textcore_full_dgtw_daily_rank_original_none_fixed504_union,ols,characteristics_textcore,504,rank_ic,0.115034523766664,0.007775394860067821,14.794685779554172,1.5852290131470773e-49,0.09979502987535321,0.13027401765797478,2266,2266,0,41,full,daily_rank,original,none,fixed504,union,dgtw,42,ar_dgtw_42,2724901
ld3_ols_characteristics_textcore_full_dgtw_daily_rank_original_none_fixed504_union,ols,characteristics_textcore,504,ew_spread_bp,263.66633760726,110.92828224334748,2.376908145290174,0.017458435020531782,46.250899543404955,481.08177567111505,2266,2266,0,41,full,daily_rank,original,none,fixed504,union,dgtw,42,ar_dgtw_42,2724901
ld3_ols_characteristics_textcore_full_dgtw_daily_rank_original_none_fixed504_union,ols,characteristics_textcore,504,cap_spread_bp,82.7085464776133,94.7388191110163,0.8730164388126291,0.3826541176135959,-102.97612691783364,268.3932198730602,2266,2266,0,41,full,daily_rank,original,none,fixed504,union,dgtw,42,ar_dgtw_42,2724901
ld3_ridge_characteristics_textcore_full_dgtw_daily_rank_original_none_fixed504_union,ridge,characteristics_textcore,504,rank_ic,0.1279515951581985,0.008910346799860192,14.359889466951628,9.237435698302998e-47,0.11048763634071081,0.1454155539756862,2266,2266,0,41,full,daily_rank,original,none,fixed504,union,dgtw,42,ar_dgtw_42,2724901
ld3_ridge_characteristics_textcore_full_dgtw_daily_rank_original_none_fixed504_union,ridge,characteristics_textcore,504,ew_spread_bp,279.6739269312354,122.93255756318676,2.2750191851128156,0.022904778972875607,38.73054157999235,520.6173122824785,2266,2266,0,41,full,daily_rank,original,none,fixed504,union,dgtw,42,ar_dgtw_42,2724901
ld3_ridge_characteristics_textcore_full_dgtw_daily_rank_original_none_fixed504_union,ridge,characteristics_textcore,504,cap_spread_bp,187.78814792378117,101.74853880343767,1.8456102675494792,0.06494881459376975,-11.635323610532822,387.21161945809513,2266,2266,0,41,full,daily_rank,original,none,fixed504,union,dgtw,42,ar_dgtw_42,2724901
ld3_ridge_characteristics_textcore_full_dgtw_daily_rank_expanded_none_fixed504_union,ridge,characteristics_textcore,504,rank_ic,0.1285964843714349,0.008891546853507522,14.462779816619465,2.0821575650329576e-47,0.11116937277170971,0.14602359597116008,2266,2266,0,41,full,daily_rank,expanded,none,fixed504,union,dgtw,42,ar_dgtw_42,2724901
ld3_ridge_characteristics_textcore_full_dgtw_daily_rank_expanded_none_fixed504_union,ridge,characteristics_textcore,504,ew_spread_bp,278.89123151918454,121.97340854474835,2.286492071071932,0.022225487459977263,39.82774369988769,517.9547193384814,2266,2266,0,41,full,daily_rank,expanded,none,fixed504,union,dgtw,42,ar_dgtw_42,2724901
ld3_ridge_characteristics_textcore_full_dgtw_daily_rank_expanded_none_fixed504_union,ridge,characteristics_textcore,504,cap_spread_bp,187.14286195277398,100.73096454422617,1.8578484063915468,0.06319054481340203,-10.286200681890449,384.5719245874384,2266,2266,0,41,full,daily_rank,expanded,none,fixed504,union,dgtw,42,ar_dgtw_42,2724901
ld3_lasso_characteristics_textcore_full_dgtw_daily_rank_original_none_fixed504_union,lasso,characteristics_textcore,504,rank_ic,0.12962079844900207,0.009164760086694783,14.143392431754213,2.0515126968511638e-45,0.11165819875213011,0.147583398145874,2266,2266,0,41,full,daily_rank,original,none,fixed504,union,dgtw,42,ar_dgtw_42,2724901
ld3_lasso_characteristics_textcore_full_dgtw_daily_rank_original_none_fixed504_union,lasso,characteristics_textcore,504,ew_spread_bp,260.6443641064992,120.37601424979208,2.1652516552478347,0.030368418464108888,24.711711574426403,496.577016638572,2266,2266,0,41,full,daily_rank,original,none,fixed504,union,dgtw,42,ar_dgtw_42,2724901
ld3_lasso_characteristics_textcore_full_dgtw_daily_rank_original_none_fixed504_union,lasso,characteristics_textcore,504,cap_spread_bp,146.9009666944906,101.96027041134761,1.4407667427894673,0.14965059198465264,-52.93749116571564,346.7394245546968,2266,2266,0,41,full,daily_rank,original,none,fixed504,union,dgtw,42,ar_dgtw_42,2724901
ld3_lasso_characteristics_textcore_full_dgtw_daily_rank_expanded_none_fixed504_union,lasso,characteristics_textcore,504,rank_ic,0.12992064359589264,0.009144610234824335,14.207346213743618,8.249282625570276e-46,0.11199753688298059,0.1478437503088047,2266,2266,0,41,full,daily_rank,expanded,none,fixed504,union,dgtw,42,ar_dgtw_42,2724901
ld3_lasso_characteristics_textcore_full_dgtw_daily_rank_expanded_none_fixed504_union,lasso,characteristics_textcore,504,ew_spread_bp,249.46290711692302,124.03008429552304,2.0113096635694827,0.04429275841286214,6.368408898230911,492.55740533561516,2266,2266,0,41,full,daily_rank,expanded,none,fixed504,union,dgtw,42,ar_dgtw_42,2724901
ld3_lasso_characteristics_textcore_full_dgtw_daily_rank_expanded_none_fixed504_union,lasso,characteristics_textcore,504,cap_spread_bp,167.48142811599644,99.0846484293069,1.6902863437567528,0.09097318644391159,-26.720914226258316,361.68377045825116,2266,2266,0,41,full,daily_rank,expanded,none,fixed504,union,dgtw,42,ar_dgtw_42,2724901
ld3_enet_characteristics_core_full_dgtw_daily_rank_expanded_none_fixed504_union,enet,characteristics_core,504,rank_ic,0.1474029422946666,0.010336806605062102,14.26000774963527,3.884113669274709e-46,0.12714317363358915,0.16766271095574406,2266,2266,0,62,full,daily_rank,expanded,none,fixed504,union,dgtw,63,ar_dgtw_63,2711735
ld3_enet_characteristics_core_full_dgtw_daily_rank_expanded_none_fixed504_union,enet,characteristics_core,504,ew_spread_bp,328.82710217681984,174.64444221845562,1.882837483975032,0.05972239550721624,-13.469714671439704,671.1239190250794,2266,2266,0,62,full,daily_rank,expanded,none,fixed504,union,dgtw,63,ar_dgtw_63,2711735
ld3_enet_characteristics_core_full_dgtw_daily_rank_expanded_none_fixed504_union,enet,characteristics_core,504,cap_spread_bp,225.82322857581883,139.88490321236725,1.6143502507413807,0.1064514761303818,-48.34614370129228,499.99260085292997,2266,2266,0,62,full,daily_rank,expanded,none,fixed504,union,dgtw,63,ar_dgtw_63,2711735
ld3_group_ridge_characteristics_core_full_dgtw_daily_rank_original_none_fixed504_union,group_ridge,characteristics_core,504,rank_ic,0.14704898079422224,0.01033332053800231,14.23056414958076,5.920224283216577e-46,0.12679604469902966,0.16730191688941481,2266,2266,0,62,full,daily_rank,original,none,fixed504,union,dgtw,63,ar_dgtw_63,2711735
ld3_group_ridge_characteristics_core_full_dgtw_daily_rank_original_none_fixed504_union,group_ridge,characteristics_core,504,ew_spread_bp,327.65546542488505,177.54774702209662,1.8454498630394158,0.0649721253956143,-20.33172427465297,675.6426551244231,2266,2266,0,62,full,daily_rank,original,none,fixed504,union,dgtw,63,ar_dgtw_63,2711735
ld3_group_ridge_characteristics_core_full_dgtw_daily_rank_original_none_fixed504_union,group_ridge,characteristics_core,504,cap_spread_bp,217.45458899577915,139.22858091584882,1.5618530876732193,0.11832260213741029,-55.42841521790524,490.33759320946353,2266,2266,0,62,full,daily_rank,original,none,fixed504,union,dgtw,63,ar_dgtw_63,2711735
ld3_group_ridge_characteristics_core_full_dgtw_daily_rank_expanded_none_fixed504_union,group_ridge,characteristics_core,504,rank_ic,0.1475050183251768,0.010283333882587014,14.344085294648474,1.160198667900814e-46,0.1273500542743058,0.1676599823760478,2266,2266,0,62,full,daily_rank,expanded,none,fixed504,union,dgtw,63,ar_dgtw_63,2711735
ld3_group_ridge_characteristics_core_full_dgtw_daily_rank_expanded_none_fixed504_union,group_ridge,characteristics_core,504,ew_spread_bp,330.30110384303657,177.56197002355665,1.860201842766311,0.06285697444813636,-17.713962427115177,678.3161701131883,2266,2266,0,62,full,daily_rank,expanded,none,fixed504,union,dgtw,63,ar_dgtw_63,2711735
ld3_group_ridge_characteristics_core_full_dgtw_daily_rank_expanded_none_fixed504_union,group_ridge,characteristics_core,504,cap_spread_bp,222.54773795051184,139.68515493774663,1.593209658175162,0.11111316528222484,-51.23013490236886,496.3256108033926,2266,2266,0,62,full,daily_rank,expanded,none,fixed504,union,dgtw,63,ar_dgtw_63,2711735
ld3_ols_characteristics_textcore_full_dgtw_daily_rank_original_none_fixed504_union,ols,characteristics_textcore,504,rank_ic,0.12947084947841858,0.008687330304508634,14.90341047712029,3.1317709360237665e-50,0.11244399495977828,0.1464977039970589,2266,2266,0,62,full,daily_rank,original,none,fixed504,union,dgtw,63,ar_dgtw_63,2711735
ld3_ols_characteristics_textcore_full_dgtw_daily_rank_original_none_fixed504_union,ols,characteristics_textcore,504,ew_spread_bp,338.43108334519985,166.68884395443655,2.030316338612967,0.04232439448314898,11.72695256988709,665.1352141205126,2266,2266,0,62,full,daily_rank,original,none,fixed504,union,dgtw,63,ar_dgtw_63,2711735
ld3_ols_characteristics_textcore_full_dgtw_daily_rank_original_none_fixed504_union,ols,characteristics_textcore,504,cap_spread_bp,92.80538435262562,138.2103809208031,0.6714791156375199,0.5019153594178907,-178.08198454171028,363.6927532469615,2266,2266,0,62,full,daily_rank,original,none,fixed504,union,dgtw,63,ar_dgtw_63,2711735
ld3_ridge_characteristics_textcore_full_dgtw_daily_rank_original_none_fixed504_union,ridge,characteristics_textcore,504,rank_ic,0.14532992917959173,0.01007870258633822,14.419507663276807,3.90115402703723e-47,0.12557603509947812,0.16508382325970533,2266,2266,0,62,full,daily_rank,original,none,fixed504,union,dgtw,63,ar_dgtw_63,2711735
ld3_ridge_characteristics_textcore_full_dgtw_daily_rank_original_none_fixed504_union,ridge,characteristics_textcore,504,ew_spread_bp,366.6664296440836,184.76029528518447,1.9845520872226372,0.047194327516750255,4.542905112136509,728.7899541760307,2266,2266,0,62,full,daily_rank,original,none,fixed504,union,dgtw,63,ar_dgtw_63,2711735
ld3_ridge_characteristics_textcore_full_dgtw_daily_rank_original_none_fixed504_union,ridge,characteristics_textcore,504,cap_spread_bp,229.43670870689954,149.9460921578834,1.5301279640240155,0.1259850576593823,-64.45223154507579,523.3256489588748,2266,2266,0,62,full,daily_rank,original,none,fixed504,union,dgtw,63,ar_dgtw_63,2711735
ld3_ridge_characteristics_textcore_full_dgtw_daily_rank_expanded_none_fixed504_union,ridge,characteristics_textcore,504,rank_ic,0.14592104519215499,0.010049828654125528,14.519754536536633,9.083492643936402e-48,0.1262237429792703,0.16561834740503967,2266,2266,0,62,full,daily_rank,expanded,none,fixed504,union,dgtw,63,ar_dgtw_63,2711735
ld3_ridge_characteristics_textcore_full_dgtw_daily_rank_expanded_none_fixed504_union,ridge,characteristics_textcore,504,ew_spread_bp,368.465649547169,183.85898128190007,2.004066632906132,0.04506292313727578,8.108668000420892,728.8226310939172,2266,2266,0,62,full,daily_rank,expanded,none,fixed504,union,dgtw,63,ar_dgtw_63,2711735
ld3_ridge_characteristics_textcore_full_dgtw_daily_rank_expanded_none_fixed504_union,ridge,characteristics_textcore,504,cap_spread_bp,240.5593871913797,148.24728969153588,1.6226899506353292,0.1046557007158466,-49.99996140970666,531.118735792466,2266,2266,0,62,full,daily_rank,expanded,none,fixed504,union,dgtw,63,ar_dgtw_63,2711735
ld3_lasso_characteristics_textcore_full_dgtw_daily_rank_original_none_fixed504_union,lasso,characteristics_textcore,504,rank_ic,0.1470273879045316,0.010279085768514898,14.303547145688796,2.079350190882751e-46,0.12688075000424417,0.16717402580481902,2266,2266,0,62,full,daily_rank,original,none,fixed504,union,dgtw,63,ar_dgtw_63,2711735
ld3_lasso_characteristics_textcore_full_dgtw_daily_rank_original_none_fixed504_union,lasso,characteristics_textcore,504,ew_spread_bp,351.1382256780817,177.9352133717842,1.9734049209495197,0.048449447417453086,2.3916158879348473,699.8848354682286,2266,2266,0,62,full,daily_rank,original,none,fixed504,union,dgtw,63,ar_dgtw_63,2711735
ld3_lasso_characteristics_textcore_full_dgtw_daily_rank_original_none_fixed504_union,lasso,characteristics_textcore,504,cap_spread_bp,184.15505119021904,152.9895768479446,1.203709788499184,0.22870176758647465,-115.69900944177525,484.0091118222133,2266,2266,0,62,full,daily_rank,original,none,fixed504,union,dgtw,63,ar_dgtw_63,2711735
ld3_lasso_characteristics_textcore_full_dgtw_daily_rank_expanded_none_fixed504_union,lasso,characteristics_textcore,504,rank_ic,0.14762125229620401,0.010234417604519153,14.424001247615669,3.6552276895661957e-47,0.1275621623886038,0.16768034220380423,2266,2266,0,62,full,daily_rank,expanded,none,fixed504,union,dgtw,63,ar_dgtw_63,2711735
ld3_lasso_characteristics_textcore_full_dgtw_daily_rank_expanded_none_fixed504_union,lasso,characteristics_textcore,504,ew_spread_bp,337.7727472837727,183.04944492280757,1.8452541466389714,0.06500057724932416,-20.9975721549784,696.5430667225237,2266,2266,0,62,full,daily_rank,expanded,none,fixed504,union,dgtw,63,ar_dgtw_63,2711735
ld3_lasso_characteristics_textcore_full_dgtw_daily_rank_expanded_none_fixed504_union,lasso,characteristics_textcore,504,cap_spread_bp,217.9599036281142,146.38977588493555,1.488901136097331,0.13651340436331247,-68.95878481124959,504.878592067478,2266,2266,0,62,full,daily_rank,expanded,none,fixed504,union,dgtw,63,ar_dgtw_63,2711735
ld3_enet_characteristics_textcore_full_dgtw_daily_rank_original_none_fixed504_union,enet,characteristics_textcore,504,rank_ic,0.07216258548003929,0.002653654518613698,27.19366254117281,7.718390981128761e-163,0.06696151819614446,0.07736365276393412,2266,2266,0,5,full,daily_rank,original,none,fixed504,union,dgtw,3,ar_dgtw_3,2747782
ld3_enet_characteristics_textcore_full_dgtw_daily_rank_original_none_fixed504_union,enet,characteristics_textcore,504,ew_spread_bp,44.90308673585875,8.792512745384485,5.106968626167763,3.273680771487969e-07,27.670078421295766,62.13609505042173,2266,2266,0,5,full,daily_rank,original,none,fixed504,union,dgtw,3,ar_dgtw_3,2747782
ld3_enet_characteristics_textcore_full_dgtw_daily_rank_original_none_fixed504_union,enet,characteristics_textcore,504,cap_spread_bp,21.82219578476084,9.487822595421862,2.300021481777142,0.021447003043193063,3.226405206028648,40.41798636349303,2266,2266,0,5,full,daily_rank,original,none,fixed504,union,dgtw,3,ar_dgtw_3,2747782
ld3_enet_characteristics_textcore_full_dgtw_daily_rank_expanded_none_fixed504_union,enet,characteristics_textcore,504,rank_ic,0.07229589573529024,0.002640250352892306,27.382212317893458,4.467148861324718e-165,0.06712110013345216,0.07747069133712833,2266,2266,0,5,full,daily_rank,expanded,none,fixed504,union,dgtw,3,ar_dgtw_3,2747782
ld3_enet_characteristics_textcore_full_dgtw_daily_rank_expanded_none_fixed504_union,enet,characteristics_textcore,504,ew_spread_bp,40.390578425723554,9.111895674045774,4.432730561300394,9.3047116018553e-06,22.531591073707517,58.24956577773959,2266,2266,0,5,full,daily_rank,expanded,none,fixed504,union,dgtw,3,ar_dgtw_3,2747782
ld3_enet_characteristics_textcore_full_dgtw_daily_rank_expanded_none_fixed504_union,enet,characteristics_textcore,504,cap_spread_bp,24.493946197494495,9.470246588283855,2.5864106039009855,0.009698132385472178,5.932603959744817,43.05528843524417,2266,2266,0,5,full,daily_rank,expanded,none,fixed504,union,dgtw,3,ar_dgtw_3,2747782
ld3_group_ridge_characteristics_textcore_full_dgtw_daily_rank_original_none_fixed504_union,group_ridge,characteristics_textcore,504,rank_ic,0.0724446011192174,0.0026275249044143923,27.57142320421257,2.4501258867061285e-167,0.06729474693808314,0.07759445530035165,2266,2266,0,5,full,daily_rank,original,none,fixed504,union,dgtw,3,ar_dgtw_3,2747782
ld3_group_ridge_characteristics_textcore_full_dgtw_daily_rank_original_none_fixed504_union,group_ridge,characteristics_textcore,504,ew_spread_bp,40.16022856524634,9.051016730973972,4.437095826793896,9.11807087558645e-06,22.4205617490679,57.899895381424784,2266,2266,0,5,full,daily_rank,original,none,fixed504,union,dgtw,3,ar_dgtw_3,2747782
ld3_group_ridge_characteristics_textcore_full_dgtw_daily_rank_original_none_fixed504_union,group_ridge,characteristics_textcore,504,cap_spread_bp,21.228698903176973,9.728863798912395,2.182032695899203,0.029107119753371928,2.1604762468131504,40.29692155954079,2266,2266,0,5,full,daily_rank,original,none,fixed504,union,dgtw,3,ar_dgtw_3,2747782
ld3_group_ridge_characteristics_textcore_full_dgtw_daily_rank_expanded_none_fixed504_union,group_ridge,characteristics_textcore,504,rank_ic,0.0725721760915211,0.0026220259147538665,27.67790191666872,1.2884520654509535e-168,0.06743309973207283,0.07771125245096937,2266,2266,0,5,full,daily_rank,expanded,none,fixed504,union,dgtw,3,ar_dgtw_3,2747782
ld3_group_ridge_characteristics_textcore_full_dgtw_daily_rank_expanded_none_fixed504_union,group_ridge,characteristics_textcore,504,ew_spread_bp,40.05967631181778,9.136796561510705,4.38443343267284,1.1628803460491631e-05,22.151884117187397,57.96746850644817,2266,2266,0,5,full,daily_rank,expanded,none,fixed504,union,dgtw,3,ar_dgtw_3,2747782
ld3_group_ridge_characteristics_textcore_full_dgtw_daily_rank_expanded_none_fixed504_union,group_ridge,characteristics_textcore,504,cap_spread_bp,22.675889574485982,9.700372160048072,2.3376308867693596,0.019406404251756243,3.6635095041567496,41.688269644815215,2266,2266,0,5,full,daily_rank,expanded,none,fixed504,union,dgtw,3,ar_dgtw_3,2747782
ld3_ols_characteristics_textcore_pca_dgtw_daily_rank_original_original_fixed504_union,ols,characteristics_textcore,504,rank_ic,0.07103016350505216,0.002513908092829583,28.254876822128626,1.2399276451670863e-175,0.0661029941826624,0.07595733282744192,2266,2266,0,5,pca,daily_rank,original,original,fixed504,union,dgtw,3,ar_dgtw_3,2747782
ld3_ols_characteristics_textcore_pca_dgtw_daily_rank_original_original_fixed504_union,ols,characteristics_textcore,504,ew_spread_bp,48.76260899852751,8.87945242546859,5.491623431492645,3.9825583878408475e-08,31.359202042172246,66.16601595488278,2266,2266,0,5,pca,daily_rank,original,original,fixed504,union,dgtw,3,ar_dgtw_3,2747782
ld3_ols_characteristics_textcore_pca_dgtw_daily_rank_original_original_fixed504_union,ols,characteristics_textcore,504,cap_spread_bp,18.67940272276725,10.19488427503844,1.8322329335804863,0.06691672418636545,-1.3022032828618322,38.66100872839633,2266,2266,0,5,pca,daily_rank,original,original,fixed504,union,dgtw,3,ar_dgtw_3,2747782
ld3_ols_characteristics_textcore_pca_dgtw_daily_rank_original_expanded_fixed504_union,ols,characteristics_textcore,504,rank_ic,0.07121368330324503,0.0025178494358398173,28.283535262104355,5.5095091085885356e-176,0.0662787890905045,0.07614857751598555,2266,2266,0,5,pca,daily_rank,original,expanded,fixed504,union,dgtw,3,ar_dgtw_3,2747782
ld3_ols_characteristics_textcore_pca_dgtw_daily_rank_original_expanded_fixed504_union,ols,characteristics_textcore,504,ew_spread_bp,49.2893821844262,8.92093372572165,5.525137132485422,3.2922835809815114e-08,31.804673373543046,66.77409099530936,2266,2266,0,5,pca,daily_rank,original,expanded,fixed504,union,dgtw,3,ar_dgtw_3,2747782
ld3_ols_characteristics_textcore_pca_dgtw_daily_rank_original_expanded_fixed504_union,ols,characteristics_textcore,504,cap_spread_bp,20.860529265242572,10.156699285071072,2.053868946962389,0.03998837756196658,0.9537644646995567,40.76729406578559,2266,2266,0,5,pca,daily_rank,original,expanded,fixed504,union,dgtw,3,ar_dgtw_3,2747782
ld3_ridge_characteristics_textcore_pca_dgtw_daily_rank_original_original_fixed504_union,ridge,characteristics_textcore,504,rank_ic,0.07251371853821477,0.002609934619222451,27.78372990807639,6.821700518844512e-170,0.0673983406825345,0.07762909639389504,2266,2266,0,5,pca,daily_rank,original,original,fixed504,union,dgtw,3,ar_dgtw_3,2747782
ld3_ridge_characteristics_textcore_pca_dgtw_daily_rank_original_original_fixed504_union,ridge,characteristics_textcore,504,ew_spread_bp,45.60481606135654,9.15124380750211,4.983455475633826,6.245869099744041e-07,27.668707784907205,63.54092433780587,2266,2266,0,5,pca,daily_rank,original,original,fixed504,union,dgtw,3,ar_dgtw_3,2747782
ld3_ridge_characteristics_textcore_pca_dgtw_daily_rank_original_original_fixed504_union,ridge,characteristics_textcore,504,cap_spread_bp,22.881151905246103,10.42705877851401,2.194401354329659,0.0282065686379743,2.444492234676435,43.31781157581577,2266,2266,0,5,pca,daily_rank,original,original,fixed504,union,dgtw,3,ar_dgtw_3,2747782
ld3_ridge_characteristics_textcore_pca_dgtw_daily_rank_original_expanded_fixed504_union,ridge,characteristics_textcore,504,rank_ic,0.07269574487349696,0.002620404401204065,27.742185458127597,2.16498414390021e-169,0.06755984662220675,0.07783164312478717,2266,2266,0,5,pca,daily_rank,original,expanded,fixed504,union,dgtw,3,ar_dgtw_3,2747782
ld3_ridge_characteristics_textcore_pca_dgtw_daily_rank_original_expanded_fixed504_union,ridge,characteristics_textcore,504,ew_spread_bp,45.42680611317887,9.154162432529734,4.96242080561654,6.961995641984088e-07,27.48497743679102,63.36863478956672,2266,2266,0,5,pca,daily_rank,original,expanded,fixed504,union,dgtw,3,ar_dgtw_3,2747782
ld3_ridge_characteristics_textcore_pca_dgtw_daily_rank_original_expanded_fixed504_union,ridge,characteristics_textcore,504,cap_spread_bp,21.09867084754287,10.356775622620713,2.03718528008469,0.04163147837967998,0.7997636312438772,41.39757806384186,2266,2266,0,5,pca,daily_rank,original,expanded,fixed504,union,dgtw,3,ar_dgtw_3,2747782
ld3_enet_characteristics_textcore_full_dgtw_daily_rank_original_none_fixed504_union,enet,characteristics_textcore,504,rank_ic,0.07837818228447177,0.0032256057594624524,24.298748244278155,2.0209672019610208e-130,0.0720561111676004,0.08470025340134314,2266,2266,0,5,full,daily_rank,original,none,fixed504,union,dgtw,5,ar_dgtw_5,2746618
ld3_enet_characteristics_textcore_full_dgtw_daily_rank_original_none_fixed504_union,enet,characteristics_textcore,504,ew_spread_bp,59.492568123453424,13.304176527932835,4.471721192104267,7.759254704263561e-06,33.41686128474193,85.56827496216492,2266,2266,0,5,full,daily_rank,original,none,fixed504,union,dgtw,5,ar_dgtw_5,2746618
ld3_enet_characteristics_textcore_full_dgtw_daily_rank_original_none_fixed504_union,enet,characteristics_textcore,504,cap_spread_bp,30.387486760326112,13.62388936211311,2.2304560726125064,0.025717180593660047,3.6851542812260476,57.08981923942618,2266,2266,0,5,full,daily_rank,original,none,fixed504,union,dgtw,5,ar_dgtw_5,2746618
ld3_enet_characteristics_textcore_full_dgtw_daily_rank_expanded_none_fixed504_union,enet,characteristics_textcore,504,rank_ic,0.07840720864863462,0.003211649325356159,24.413377895776208,1.2331151334728004e-131,0.0721124916399642,0.08470192565730505,2266,2266,0,5,full,daily_rank,expanded,none,fixed504,union,dgtw,5,ar_dgtw_5,2746618
ld3_enet_characteristics_textcore_full_dgtw_daily_rank_expanded_none_fixed504_union,enet,characteristics_textcore,504,ew_spread_bp,53.37407865299729,13.770090272240726,3.8760877813992747,0.00010614940249799413,26.38519765554012,80.36295965045446,2266,2266,0,5,full,daily_rank,expanded,none,fixed504,union,dgtw,5,ar_dgtw_5,2746618
ld3_enet_characteristics_textcore_full_dgtw_daily_rank_expanded_none_fixed504_union,enet,characteristics_textcore,504,cap_spread_bp,36.397721118706976,13.621430419061328,2.6720924307459915,0.00753798820094182,9.700208079428435,63.095234157985516,2266,2266,0,5,full,daily_rank,expanded,none,fixed504,union,dgtw,5,ar_dgtw_5,2746618
ld3_group_ridge_characteristics_textcore_full_dgtw_daily_rank_original_none_fixed504_union,group_ridge,characteristics_textcore,504,rank_ic,0.07834125503968012,0.0031895415435773708,24.561917118600384,3.226157549637431e-133,0.07208986848707419,0.08459264159228605,2266,2266,0,5,full,daily_rank,original,none,fixed504,union,dgtw,5,ar_dgtw_5,2746618
ld3_group_ridge_characteristics_textcore_full_dgtw_daily_rank_original_none_fixed504_union,group_ridge,characteristics_textcore,504,ew_spread_bp,53.40249283940842,13.647562025926014,3.9129694181246966,9.116808419432422e-05,26.653762791816934,80.1512228869999,2266,2266,0,5,full,daily_rank,original,none,fixed504,union,dgtw,5,ar_dgtw_5,2746618
ld3_group_ridge_characteristics_textcore_full_dgtw_daily_rank_original_none_fixed504_union,group_ridge,characteristics_textcore,504,cap_spread_bp,30.28034744578281,14.326333276559623,2.1136146187054528,0.034548196236684266,2.2012501932082422,58.35944469835738,2266,2266,0,5,full,daily_rank,original,none,fixed504,union,dgtw,5,ar_dgtw_5,2746618
ld3_group_ridge_characteristics_textcore_full_dgtw_daily_rank_expanded_none_fixed504_union,group_ridge,characteristics_textcore,504,rank_ic,0.07847588862742465,0.003185115254458563,24.638319921884506,4.909947655101951e-134,0.07223317744207673,0.08471859981277256,2266,2266,0,5,full,daily_rank,expanded,none,fixed504,union,dgtw,5,ar_dgtw_5,2746618
ld3_group_ridge_characteristics_textcore_full_dgtw_daily_rank_expanded_none_fixed504_union,group_ridge,characteristics_textcore,504,ew_spread_bp,53.09325541384372,13.691014441654751,3.8779635826186927,0.00010533447994792234,26.25936019638265,79.92715063130478,2266,2266,0,5,full,daily_rank,expanded,none,fixed504,union,dgtw,5,ar_dgtw_5,2746618
ld3_group_ridge_characteristics_textcore_full_dgtw_daily_rank_expanded_none_fixed504_union,group_ridge,characteristics_textcore,504,cap_spread_bp,31.086993347153914,14.392780351173997,2.159901880571546,0.030780266162018507,2.877662221457129,59.2963244728507,2266,2266,0,5,full,daily_rank,expanded,none,fixed504,union,dgtw,5,ar_dgtw_5,2746618
ld3_ols_characteristics_textcore_pca_dgtw_daily_rank_original_original_fixed504_union,ols,characteristics_textcore,504,rank_ic,0.07686278654096511,0.0030337317040952474,25.336052768676844,1.2803604024235362e-141,0.0709167816621811,0.08280879141974912,2266,2266,0,5,pca,daily_rank,original,original,fixed504,union,dgtw,5,ar_dgtw_5,2746618
ld3_ols_characteristics_textcore_pca_dgtw_daily_rank_original_original_fixed504_union,ols,characteristics_textcore,504,ew_spread_bp,66.34872195386814,13.55481694377684,4.894844558142818,9.838346101160175e-07,39.781768927032246,92.91567498070403,2266,2266,0,5,pca,daily_rank,original,original,fixed504,union,dgtw,5,ar_dgtw_5,2746618
ld3_ols_characteristics_textcore_pca_dgtw_daily_rank_original_original_fixed504_union,ols,characteristics_textcore,504,cap_spread_bp,24.985448004705432,15.509877599264591,1.610937793982986,0.10719328143825747,-5.413353494477722,55.38424950388858,2266,2266,0,5,pca,daily_rank,original,original,fixed504,union,dgtw,5,ar_dgtw_5,2746618
ld3_ols_characteristics_textcore_pca_dgtw_daily_rank_original_expanded_fixed504_union,ols,characteristics_textcore,504,rank_ic,0.07704701012627134,0.0030427571540134896,25.32144572387053,1.854647576095013e-141,0.07108331569070331,0.08301070456183937,2266,2266,0,5,pca,daily_rank,original,expanded,fixed504,union,dgtw,5,ar_dgtw_5,2746618
ld3_ols_characteristics_textcore_pca_dgtw_daily_rank_original_expanded_fixed504_union,ols,characteristics_textcore,504,ew_spread_bp,65.29499318197401,13.617433883421947,4.794955770739231,1.627107264296314e-06,38.60531320861159,91.98467315533642,2266,2266,0,5,pca,daily_rank,original,expanded,fixed504,union,dgtw,5,ar_dgtw_5,2746618
ld3_ols_characteristics_textcore_pca_dgtw_daily_rank_original_expanded_fixed504_union,ols,characteristics_textcore,504,cap_spread_bp,27.222522734422963,15.47981473788109,1.7585819465788541,0.07864854159785334,-3.117356639176311,57.56240210802224,2266,2266,0,5,pca,daily_rank,original,expanded,fixed504,union,dgtw,5,ar_dgtw_5,2746618
ld3_ridge_characteristics_textcore_pca_dgtw_daily_rank_original_original_fixed504_union,ridge,characteristics_textcore,504,rank_ic,0.07852565889819349,0.0031689320604988878,24.77984929908252,1.4785735215553823e-135,0.07231466619016137,0.08473665160622561,2266,2266,0,5,pca,daily_rank,original,original,fixed504,union,dgtw,5,ar_dgtw_5,2746618
ld3_ridge_characteristics_textcore_pca_dgtw_daily_rank_original_original_fixed504_union,ridge,characteristics_textcore,504,ew_spread_bp,61.25971940645719,13.774731182202073,4.447253350802887,8.697523595987935e-06,34.26174239262028,88.2576964202941,2266,2266,0,5,pca,daily_rank,original,original,fixed504,union,dgtw,5,ar_dgtw_5,2746618
ld3_ridge_characteristics_textcore_pca_dgtw_daily_rank_original_original_fixed504_union,ridge,characteristics_textcore,504,cap_spread_bp,33.56597550315772,15.822626542280167,2.121390871070929,0.03388892285756563,2.5541973394610693,64.57775366685438,2266,2266,0,5,pca,daily_rank,original,original,fixed504,union,dgtw,5,ar_dgtw_5,2746618
ld3_ridge_characteristics_textcore_pca_dgtw_daily_rank_original_expanded_fixed504_union,ridge,characteristics_textcore,504,rank_ic,0.0787280057541807,0.003184016334582433,24.726005610930844,5.618332410970463e-135,0.07248744841221189,0.0849685630961495,2266,2266,0,5,pca,daily_rank,original,expanded,fixed504,union,dgtw,5,ar_dgtw_5,2746618
ld3_ridge_characteristics_textcore_pca_dgtw_daily_rank_original_expanded_fixed504_union,ridge,characteristics_textcore,504,ew_spread_bp,60.976090896327165,13.763671728856803,4.430219791459076,9.413709369013435e-06,33.99979001273569,87.95239177991864,2266,2266,0,5,pca,daily_rank,original,expanded,fixed504,union,dgtw,5,ar_dgtw_5,2746618
ld3_ridge_characteristics_textcore_pca_dgtw_daily_rank_original_expanded_fixed504_union,ridge,characteristics_textcore,504,cap_spread_bp,30.57952468474305,15.129245959351085,2.0212193500524362,0.043257063494144446,0.9267474911667826,60.23230187831932,2266,2266,0,5,pca,daily_rank,original,expanded,fixed504,union,dgtw,5,ar_dgtw_5,2746618
ld3_enet_characteristics_textcore_full_dgtw_daily_rank_original_none_fixed504_union,enet,characteristics_textcore,504,rank_ic,0.09020404588251839,0.0044276381750124,20.372948808597208,2.9063926609807137e-92,0.08152603452291943,0.09888205724211735,2266,2266,0,9,full,daily_rank,original,none,fixed504,union,dgtw,10,ar_dgtw_10,2743765
ld3_enet_characteristics_textcore_full_dgtw_daily_rank_original_none_fixed504_union,enet,characteristics_textcore,504,ew_spread_bp,94.44114212369038,25.76155807908696,3.665971671191619,0.00024640120305106813,43.949416103043085,144.93286814433768,2266,2266,0,9,full,daily_rank,original,none,fixed504,union,dgtw,10,ar_dgtw_10,2743765
ld3_enet_characteristics_textcore_full_dgtw_daily_rank_original_none_fixed504_union,enet,characteristics_textcore,504,cap_spread_bp,57.06876688504199,24.97985679040814,2.2845914355664148,0.022336795591579486,8.109147236873724,106.02838653321025,2266,2266,0,9,full,daily_rank,original,none,fixed504,union,dgtw,10,ar_dgtw_10,2743765
ld3_enet_characteristics_textcore_full_dgtw_daily_rank_expanded_none_fixed504_union,enet,characteristics_textcore,504,rank_ic,0.09032681992618498,0.004418114765416182,20.444652237927162,6.703435076639198e-93,0.08166747410640464,0.09898616574596532,2266,2266,0,9,full,daily_rank,expanded,none,fixed504,union,dgtw,10,ar_dgtw_10,2743765
ld3_enet_characteristics_textcore_full_dgtw_daily_rank_expanded_none_fixed504_union,enet,characteristics_textcore,504,ew_spread_bp,87.97908021721638,26.62344412570954,3.3045717076198025,0.0009512163891813954,35.79808858641121,140.16007184802154,2266,2266,0,9,full,daily_rank,expanded,none,fixed504,union,dgtw,10,ar_dgtw_10,2743765
ld3_enet_characteristics_textcore_full_dgtw_daily_rank_expanded_none_fixed504_union,enet,characteristics_textcore,504,cap_spread_bp,66.99541665868524,25.264948310013185,2.651713980833008,0.008008434987394742,17.4770278997933,116.51380541757719,2266,2266,0,9,full,daily_rank,expanded,none,fixed504,union,dgtw,10,ar_dgtw_10,2743765
ld3_group_ridge_characteristics_textcore_full_dgtw_daily_rank_original_none_fixed504_union,group_ridge,characteristics_textcore,504,rank_ic,0.09009933502942928,0.004394873787124248,20.501006261748664,2.108873966209205e-93,0.0814855406900666,0.09871312936879197,2266,2266,0,9,full,daily_rank,original,none,fixed504,union,dgtw,10,ar_dgtw_10,2743765
ld3_group_ridge_characteristics_textcore_full_dgtw_daily_rank_original_none_fixed504_union,group_ridge,characteristics_textcore,504,ew_spread_bp,87.96279780293764,26.370139557662664,3.335697090665465,0.0008508581754479271,36.27827400262383,139.64732160325144,2266,2266,0,9,full,daily_rank,original,none,fixed504,union,dgtw,10,ar_dgtw_10,2743765
ld3_group_ridge_characteristics_textcore_full_dgtw_daily_rank_original_none_fixed504_union,group_ridge,characteristics_textcore,504,cap_spread_bp,59.48334364032973,24.49771867533574,2.428117672043375,0.015177418024137765,11.468697333277397,107.49798994738205,2266,2266,0,9,full,daily_rank,original,none,fixed504,union,dgtw,10,ar_dgtw_10,2743765
ld3_group_ridge_characteristics_textcore_full_dgtw_daily_rank_expanded_none_fixed504_union,group_ridge,characteristics_textcore,504,rank_ic,0.09025238607242972,0.004389803059116347,20.559552412038556,6.321345539207621e-94,0.08164853017733792,0.09885624196752152,2266,2266,0,9,full,daily_rank,expanded,none,fixed504,union,dgtw,10,ar_dgtw_10,2743765
ld3_group_ridge_characteristics_textcore_full_dgtw_daily_rank_expanded_none_fixed504_union,group_ridge,characteristics_textcore,504,ew_spread_bp,88.93618109249748,26.316733526444658,3.3794536469782233,0.0007263005379833115,37.35633118992818,140.51603099506679,2266,2266,0,9,full,daily_rank,expanded,none,fixed504,union,dgtw,10,ar_dgtw_10,2743765
ld3_group_ridge_characteristics_textcore_full_dgtw_daily_rank_expanded_none_fixed504_union,group_ridge,characteristics_textcore,504,cap_spread_bp,63.03790501870348,24.593678159564565,2.5631751627272488,0.01037197064528203,14.835181578587616,111.24062845881934,2266,2266,0,9,full,daily_rank,expanded,none,fixed504,union,dgtw,10,ar_dgtw_10,2743765
ld3_ols_characteristics_textcore_pca_dgtw_daily_rank_original_original_fixed504_union,ols,characteristics_textcore,504,rank_ic,0.0881914580864555,0.004184621181095674,21.07513542321745,1.3452076359964728e-98,0.07998975128256451,0.09639316489034648,2266,2266,0,9,pca,daily_rank,original,original,fixed504,union,dgtw,10,ar_dgtw_10,2743765
ld3_ols_characteristics_textcore_pca_dgtw_daily_rank_original_original_fixed504_union,ols,characteristics_textcore,504,ew_spread_bp,107.30256393948775,25.607299889946074,4.190311528378548,2.7857172182810945e-05,57.11317841387696,157.49194946509854,2266,2266,0,9,pca,daily_rank,original,original,fixed504,union,dgtw,10,ar_dgtw_10,2743765
ld3_ols_characteristics_textcore_pca_dgtw_daily_rank_original_original_fixed504_union,ols,characteristics_textcore,504,cap_spread_bp,58.329439360497226,24.06176949939501,2.424154190404152,0.015344089087066932,11.169237737378644,105.4896409836158,2266,2266,0,9,pca,daily_rank,original,original,fixed504,union,dgtw,10,ar_dgtw_10,2743765
ld3_ols_characteristics_textcore_pca_dgtw_daily_rank_original_expanded_fixed504_union,ols,characteristics_textcore,504,rank_ic,0.08850252099144168,0.004206406793819006,21.039933922104105,2.8277163250077685e-98,0.08025811517123183,0.09674692681165153,2266,2266,0,9,pca,daily_rank,original,expanded,fixed504,union,dgtw,10,ar_dgtw_10,2743765
ld3_ols_characteristics_textcore_pca_dgtw_daily_rank_original_expanded_fixed504_union,ols,characteristics_textcore,504,ew_spread_bp,107.29671407805891,25.67280000393242,4.17939274491383,2.9228852928558092e-05,56.97895068805161,157.6144774680662,2266,2266,0,9,pca,daily_rank,original,expanded,fixed504,union,dgtw,10,ar_dgtw_10,2743765
ld3_ols_characteristics_textcore_pca_dgtw_daily_rank_original_expanded_fixed504_union,ols,characteristics_textcore,504,cap_spread_bp,60.83337734567863,23.97459333263444,2.5374101867609853,0.01116760190805796,13.844037869721014,107.82271682163625,2266,2266,0,9,pca,daily_rank,original,expanded,fixed504,union,dgtw,10,ar_dgtw_10,2743765
ld3_ridge_characteristics_textcore_pca_dgtw_daily_rank_original_original_fixed504_union,ridge,characteristics_textcore,504,rank_ic,0.09037394012770766,0.004371501752575922,20.673431063925463,6.008895194559527e-95,0.08180595413430514,0.09894192612111019,2266,2266,0,9,pca,daily_rank,original,original,fixed504,union,dgtw,10,ar_dgtw_10,2743765
ld3_ridge_characteristics_textcore_pca_dgtw_daily_rank_original_original_fixed504_union,ridge,characteristics_textcore,504,ew_spread_bp,96.69086535861445,26.733440467335885,3.616850793176272,0.0002982090852041895,44.29428485979048,149.0874458574384,2266,2266,0,9,pca,daily_rank,original,original,fixed504,union,dgtw,10,ar_dgtw_10,2743765
ld3_ridge_characteristics_textcore_pca_dgtw_daily_rank_original_original_fixed504_union,ridge,characteristics_textcore,504,cap_spread_bp,72.0833383243734,25.251418263723398,2.8546253351610553,0.004308762647301548,22.591467968918593,121.57520867982821,2266,2266,0,9,pca,daily_rank,original,original,fixed504,union,dgtw,10,ar_dgtw_10,2743765
ld3_ridge_characteristics_textcore_pca_dgtw_daily_rank_original_expanded_fixed504_union,ridge,characteristics_textcore,504,rank_ic,0.09061856339608045,0.004390614812211873,20.639151296997802,1.2218920289254415e-94,0.08201311649415707,0.09922401029800382,2266,2266,0,9,pca,daily_rank,original,expanded,fixed504,union,dgtw,10,ar_dgtw_10,2743765
ld3_ridge_characteristics_textcore_pca_dgtw_daily_rank_original_expanded_fixed504_union,ridge,characteristics_textcore,504,ew_spread_bp,95.29177552427043,26.58315649344172,3.584667439616499,0.00033750798330906,43.18974620173259,147.39380484680828,2266,2266,0,9,pca,daily_rank,original,expanded,fixed504,union,dgtw,10,ar_dgtw_10,2743765
ld3_ridge_characteristics_textcore_pca_dgtw_daily_rank_original_expanded_fixed504_union,ridge,characteristics_textcore,504,cap_spread_bp,63.01701267469718,25.084337221293953,2.5122056093713487,0.011997916239591903,13.852615144903496,112.18141020449086,2266,2266,0,9,pca,daily_rank,original,expanded,fixed504,union,dgtw,10,ar_dgtw_10,2743765
ld3_enet_characteristics_textcore_full_dgtw_daily_rank_original_none_fixed504_union,enet,characteristics_textcore,504,rank_ic,0.12982764892293477,0.009183298079077617,14.137366314910562,2.2349324505125502e-45,0.11182871542864678,0.14782658241722277,2266,2266,0,41,full,daily_rank,original,none,fixed504,union,dgtw,42,ar_dgtw_42,2724901
ld3_enet_characteristics_textcore_full_dgtw_daily_rank_original_none_fixed504_union,enet,characteristics_textcore,504,ew_spread_bp,260.32036643305446,120.5294471451759,2.1598071890224677,0.030787598889904764,24.086990951985683,496.55374191412324,2266,2266,0,41,full,daily_rank,original,none,fixed504,union,dgtw,42,ar_dgtw_42,2724901
ld3_enet_characteristics_textcore_full_dgtw_daily_rank_original_none_fixed504_union,enet,characteristics_textcore,504,cap_spread_bp,148.06363247450025,102.0019725662632,1.4515761680815944,0.14661948926454477,-51.85656010741826,347.98382505641877,2266,2266,0,41,full,daily_rank,original,none,fixed504,union,dgtw,42,ar_dgtw_42,2724901
ld3_enet_characteristics_textcore_full_dgtw_daily_rank_expanded_none_fixed504_union,enet,characteristics_textcore,504,rank_ic,0.13085154507238725,0.009187904076774802,14.241718674790476,5.0470350292819345e-46,0.1128435839884999,0.1488595061562746,2266,2266,0,41,full,daily_rank,expanded,none,fixed504,union,dgtw,42,ar_dgtw_42,2724901
ld3_enet_characteristics_textcore_full_dgtw_daily_rank_expanded_none_fixed504_union,enet,characteristics_textcore,504,ew_spread_bp,248.1042950349959,123.92828373284034,2.0019989590903178,0.04528484347688671,5.209322252767805,490.999267817224,2266,2266,0,41,full,daily_rank,expanded,none,fixed504,union,dgtw,42,ar_dgtw_42,2724901
ld3_enet_characteristics_textcore_full_dgtw_daily_rank_expanded_none_fixed504_union,enet,characteristics_textcore,504,cap_spread_bp,194.71836256035255,98.97769262079875,1.967295431975298,0.04914916138385366,0.7256497507111135,388.711075369994,2266,2266,0,41,full,daily_rank,expanded,none,fixed504,union,dgtw,42,ar_dgtw_42,2724901
ld3_group_ridge_characteristics_textcore_full_dgtw_daily_rank_original_none_fixed504_union,group_ridge,characteristics_textcore,504,rank_ic,0.12924514320182234,0.009111822833887699,14.184334524278489,1.145471947685998e-45,0.11138629861389276,0.14710398778975192,2266,2266,0,41,full,daily_rank,original,none,fixed504,union,dgtw,42,ar_dgtw_42,2724901
ld3_group_ridge_characteristics_textcore_full_dgtw_daily_rank_original_none_fixed504_union,group_ridge,characteristics_textcore,504,ew_spread_bp,246.13728033246738,120.20122755336385,2.0477102051490585,0.04058840330281348,10.547203430370644,481.7273572345641,2266,2266,0,41,full,daily_rank,original,none,fixed504,union,dgtw,42,ar_dgtw_42,2724901
ld3_group_ridge_characteristics_textcore_full_dgtw_daily_rank_original_none_fixed504_union,group_ridge,characteristics_textcore,504,cap_spread_bp,163.58565792033468,95.10919790376306,1.7199772632491341,0.08543657461267029,-22.82494456953333,349.9962604102027,2266,2266,0,41,full,daily_rank,original,none,fixed504,union,dgtw,42,ar_dgtw_42,2724901
ld3_group_ridge_characteristics_textcore_full_dgtw_daily_rank_expanded_none_fixed504_union,group_ridge,characteristics_textcore,504,rank_ic,0.1295587825465836,0.0090911472734436,14.251092700372517,4.413213522592108e-46,0.11174046131248463,0.14737710378068256,2266,2266,0,41,full,daily_rank,expanded,none,fixed504,union,dgtw,42,ar_dgtw_42,2724901
ld3_group_ridge_characteristics_textcore_full_dgtw_daily_rank_expanded_none_fixed504_union,group_ridge,characteristics_textcore,504,ew_spread_bp,252.2252122842219,120.84211979086852,2.0872292932358953,0.036867412740628776,15.379009678644707,489.0714148897991,2266,2266,0,41,full,daily_rank,expanded,none,fixed504,union,dgtw,42,ar_dgtw_42,2724901
ld3_group_ridge_characteristics_textcore_full_dgtw_daily_rank_expanded_none_fixed504_union,group_ridge,characteristics_textcore,504,cap_spread_bp,178.49692962909256,96.2863868751894,1.853812729108509,0.06376595673892721,-10.22092084776881,367.21478010595393,2266,2266,0,41,full,daily_rank,expanded,none,fixed504,union,dgtw,42,ar_dgtw_42,2724901
ld3_ols_characteristics_textcore_pca_dgtw_daily_rank_original_original_fixed504_union,ols,characteristics_textcore,504,rank_ic,0.12490181369529624,0.008685873917455903,14.379878741306902,6.921571741020555e-47,0.10787781364282684,0.14192581374776564,2266,2266,0,41,pca,daily_rank,original,original,fixed504,union,dgtw,42,ar_dgtw_42,2724901
ld3_ols_characteristics_textcore_pca_dgtw_daily_rank_original_original_fixed504_union,ols,characteristics_textcore,504,ew_spread_bp,294.8320325935637,112.70994635715944,2.6158475105585546,0.008900629767933906,73.92459703408977,515.7394681530377,2266,2266,0,41,pca,daily_rank,original,original,fixed504,union,dgtw,42,ar_dgtw_42,2724901
ld3_ols_characteristics_textcore_pca_dgtw_daily_rank_original_original_fixed504_union,ols,characteristics_textcore,504,cap_spread_bp,136.73282566869256,95.09493558911424,1.4378560206348645,0.1504749104079957,-49.64982319812759,323.1154745355127,2266,2266,0,41,pca,daily_rank,original,original,fixed504,union,dgtw,42,ar_dgtw_42,2724901
ld3_ols_characteristics_textcore_pca_dgtw_daily_rank_original_expanded_fixed504_union,ols,characteristics_textcore,504,rank_ic,0.12535001160871934,0.00866796118813524,14.461302824048085,2.127326760422632e-47,0.10836111986058325,0.14233890335685542,2266,2266,0,41,pca,daily_rank,original,expanded,fixed504,union,dgtw,42,ar_dgtw_42,2724901
ld3_ols_characteristics_textcore_pca_dgtw_daily_rank_original_expanded_fixed504_union,ols,characteristics_textcore,504,ew_spread_bp,297.0343570157636,111.97254124197927,2.6527428396382895,0.00798406733199793,77.57220892405837,516.4965051074688,2266,2266,0,41,pca,daily_rank,original,expanded,fixed504,union,dgtw,42,ar_dgtw_42,2724901
ld3_ols_characteristics_textcore_pca_dgtw_daily_rank_original_expanded_fixed504_union,ols,characteristics_textcore,504,cap_spread_bp,152.07961348229028,93.90862037669454,1.6194425269187762,0.1053520829842449,-31.97790029387525,336.13712725845585,2266,2266,0,41,pca,daily_rank,original,expanded,fixed504,union,dgtw,42,ar_dgtw_42,2724901
ld3_ridge_characteristics_textcore_pca_dgtw_daily_rank_original_original_fixed504_union,ridge,characteristics_textcore,504,rank_ic,0.1301504199914918,0.009180621056004382,14.176646568629451,1.2780974477247932e-45,0.11215673336601313,0.14814410661697047,2266,2266,0,41,pca,daily_rank,original,original,fixed504,union,dgtw,42,ar_dgtw_42,2724901
ld3_ridge_characteristics_textcore_pca_dgtw_daily_rank_original_original_fixed504_union,ridge,characteristics_textcore,504,ew_spread_bp,277.2127257663532,122.47767856559011,2.263373449047683,0.023612678038339274,37.16088686772321,517.2645646649831,2266,2266,0,41,pca,daily_rank,original,original,fixed504,union,dgtw,42,ar_dgtw_42,2724901
ld3_ridge_characteristics_textcore_pca_dgtw_daily_rank_original_original_fixed504_union,ridge,characteristics_textcore,504,cap_spread_bp,221.4596203804018,99.85760375511262,2.217754202509223,0.026571596307963456,25.742313437909388,417.1769273228942,2266,2266,0,41,pca,daily_rank,original,original,fixed504,union,dgtw,42,ar_dgtw_42,2724901
ld3_ridge_characteristics_textcore_pca_dgtw_daily_rank_original_expanded_fixed504_union,ridge,characteristics_textcore,504,rank_ic,0.1299957814800351,0.009136657363250063,14.227936575898191,6.146886030409274e-46,0.11208826210898229,0.1479033008510879,2266,2266,0,41,pca,daily_rank,original,expanded,fixed504,union,dgtw,42,ar_dgtw_42,2724901
ld3_ridge_characteristics_textcore_pca_dgtw_daily_rank_original_expanded_fixed504_union,ridge,characteristics_textcore,504,ew_spread_bp,271.12214658576636,121.92052935125045,2.2237612322422686,0.026164513011653855,32.162300081256916,510.0819930902758,2266,2266,0,41,pca,daily_rank,original,expanded,fixed504,union,dgtw,42,ar_dgtw_42,2724901
ld3_ridge_characteristics_textcore_pca_dgtw_daily_rank_original_expanded_fixed504_union,ridge,characteristics_textcore,504,cap_spread_bp,188.84076329167618,96.75924388382457,1.9516560455806236,0.05097905439479024,-0.8038698919474712,378.4853964752998,2266,2266,0,41,pca,daily_rank,original,expanded,fixed504,union,dgtw,42,ar_dgtw_42,2724901
ld3_enet_characteristics_textcore_full_dgtw_daily_rank_original_none_fixed504_union,enet,characteristics_textcore,504,rank_ic,0.14729635449343428,0.010301502033271393,14.298531808051118,2.234745445868095e-46,0.12710578152155622,0.16748692746531235,2266,2266,0,62,full,daily_rank,original,none,fixed504,union,dgtw,63,ar_dgtw_63,2711735
ld3_enet_characteristics_textcore_full_dgtw_daily_rank_original_none_fixed504_union,enet,characteristics_textcore,504,ew_spread_bp,350.7751873061204,178.54373313519386,1.9646457545531009,0.0494552523959194,0.8359006958097552,700.7144739164311,2266,2266,0,62,full,daily_rank,original,none,fixed504,union,dgtw,63,ar_dgtw_63,2711735
ld3_enet_characteristics_textcore_full_dgtw_daily_rank_original_none_fixed504_union,enet,characteristics_textcore,504,cap_spread_bp,180.39682854779764,153.13028774045947,1.1780610564354992,0.23877226602973256,-119.73302036575828,480.52667746135353,2266,2266,0,62,full,daily_rank,original,none,fixed504,union,dgtw,63,ar_dgtw_63,2711735
ld3_enet_characteristics_textcore_full_dgtw_daily_rank_expanded_none_fixed504_union,enet,characteristics_textcore,504,rank_ic,0.14883740698794073,0.010281576371955462,14.476127162165234,1.714912416153536e-47,0.12868588759461003,0.16898892638127144,2266,2266,0,62,full,daily_rank,expanded,none,fixed504,union,dgtw,63,ar_dgtw_63,2711735
ld3_enet_characteristics_textcore_full_dgtw_daily_rank_expanded_none_fixed504_union,enet,characteristics_textcore,504,ew_spread_bp,341.28851137627987,182.0912149100056,1.8742722516566979,0.0608929100563539,-15.603711748473984,698.1807345010337,2266,2266,0,62,full,daily_rank,expanded,none,fixed504,union,dgtw,63,ar_dgtw_63,2711735
ld3_enet_characteristics_textcore_full_dgtw_daily_rank_expanded_none_fixed504_union,enet,characteristics_textcore,504,cap_spread_bp,246.22639221475748,146.5485358667382,1.6801695817599973,0.09292432583028903,-41.003460071125744,533.4562445006407,2266,2266,0,62,full,daily_rank,expanded,none,fixed504,union,dgtw,63,ar_dgtw_63,2711735
ld3_group_ridge_characteristics_textcore_full_dgtw_daily_rank_original_none_fixed504_union,group_ridge,characteristics_textcore,504,rank_ic,0.1470458601074416,0.010242596464206619,14.35630707714615,9.727410931006121e-47,0.12697073992941935,0.16712098028546388,2266,2266,0,62,full,daily_rank,original,none,fixed504,union,dgtw,63,ar_dgtw_63,2711735
ld3_group_ridge_characteristics_textcore_full_dgtw_daily_rank_original_none_fixed504_union,group_ridge,characteristics_textcore,504,ew_spread_bp,333.99373239660036,181.62689136585558,1.8389002304941091,0.06592986190842695,-21.988433304445493,689.9758980976462,2266,2266,0,62,full,daily_rank,original,none,fixed504,union,dgtw,63,ar_dgtw_63,2711735
ld3_group_ridge_characteristics_textcore_full_dgtw_daily_rank_original_none_fixed504_union,group_ridge,characteristics_textcore,504,cap_spread_bp,219.86904586982968,143.16382503323842,1.5357863330263952,0.12459079275347608,-60.72689508431142,500.4649868239708,2266,2266,0,62,full,daily_rank,original,none,fixed504,union,dgtw,63,ar_dgtw_63,2711735
ld3_group_ridge_characteristics_textcore_full_dgtw_daily_rank_expanded_none_fixed504_union,group_ridge,characteristics_textcore,504,rank_ic,0.14729911318832517,0.010226902609464614,14.40310119429566,4.947284148492209e-47,0.12725475240037581,0.16734347397627453,2266,2266,0,62,full,daily_rank,expanded,none,fixed504,union,dgtw,63,ar_dgtw_63,2711735
ld3_group_ridge_characteristics_textcore_full_dgtw_daily_rank_expanded_none_fixed504_union,group_ridge,characteristics_textcore,504,ew_spread_bp,339.91047940586714,181.3825432057721,1.87399775853981,0.0609307340567449,-15.59277270172646,695.4137315134608,2266,2266,0,62,full,daily_rank,expanded,none,fixed504,union,dgtw,63,ar_dgtw_63,2711735
ld3_group_ridge_characteristics_textcore_full_dgtw_daily_rank_expanded_none_fixed504_union,group_ridge,characteristics_textcore,504,cap_spread_bp,232.39806786610998,143.73438677690876,1.6168578241949632,0.10590897418073134,-49.316153556581384,514.1122892888013,2266,2266,0,62,full,daily_rank,expanded,none,fixed504,union,dgtw,63,ar_dgtw_63,2711735
ld3_ols_characteristics_textcore_pca_dgtw_daily_rank_original_original_fixed504_union,ols,characteristics_textcore,504,rank_ic,0.1414730015994588,0.009694741271421017,14.592756798626999,3.1231754214093375e-48,0.12247165786803955,0.16047434533087807,2266,2266,0,62,pca,daily_rank,original,original,fixed504,union,dgtw,63,ar_dgtw_63,2711735
ld3_ols_characteristics_textcore_pca_dgtw_daily_rank_original_original_fixed504_union,ols,characteristics_textcore,504,ew_spread_bp,380.8525358544776,172.61023922253415,2.2064307283849565,0.027353855486349523,42.54268361546764,719.1623880934876,2266,2266,0,62,pca,daily_rank,original,original,fixed504,union,dgtw,63,ar_dgtw_63,2711735
ld3_ols_characteristics_textcore_pca_dgtw_daily_rank_original_original_fixed504_union,ols,characteristics_textcore,504,cap_spread_bp,165.39227867802063,143.31559285045586,1.154042455454243,0.2484827635085084,-115.5011217318789,446.28567908792013,2266,2266,0,62,pca,daily_rank,original,original,fixed504,union,dgtw,63,ar_dgtw_63,2711735
ld3_ols_characteristics_textcore_pca_dgtw_daily_rank_original_expanded_fixed504_union,ols,characteristics_textcore,504,rank_ic,0.1418652648593917,0.009699231458108776,14.626443906624079,1.904863511696608e-48,0.12285512052378057,0.16087540919500282,2266,2266,0,62,pca,daily_rank,original,expanded,fixed504,union,dgtw,63,ar_dgtw_63,2711735
ld3_ols_characteristics_textcore_pca_dgtw_daily_rank_original_expanded_fixed504_union,ols,characteristics_textcore,504,ew_spread_bp,388.12449097965646,168.6786641440477,2.300969674790684,0.021393345238238496,57.52038429699519,718.7285976623177,2266,2266,0,62,pca,daily_rank,original,expanded,fixed504,union,dgtw,63,ar_dgtw_63,2711735
ld3_ols_characteristics_textcore_pca_dgtw_daily_rank_original_expanded_fixed504_union,ols,characteristics_textcore,504,cap_spread_bp,191.5267563771689,138.16863290660672,1.3861811639015704,0.16569159163558234,-79.27878791291602,462.33230066725383,2266,2266,0,62,pca,daily_rank,original,expanded,fixed504,union,dgtw,63,ar_dgtw_63,2711735
ld3_ridge_characteristics_textcore_pca_dgtw_daily_rank_original_original_fixed504_union,ridge,characteristics_textcore,504,rank_ic,0.14786055230671594,0.01032513447604569,14.320448091959712,1.630683902196007e-46,0.12762366059813354,0.16809744401529833,2266,2266,0,62,pca,daily_rank,original,original,fixed504,union,dgtw,63,ar_dgtw_63,2711735
ld3_ridge_characteristics_textcore_pca_dgtw_daily_rank_original_original_fixed504_union,ridge,characteristics_textcore,504,ew_spread_bp,373.2424225089111,183.56864157547776,2.033258073413619,0.042026456634077405,13.454496330032669,733.0303486877895,2266,2266,0,62,pca,daily_rank,original,original,fixed504,union,dgtw,63,ar_dgtw_63,2711735
ld3_ridge_characteristics_textcore_pca_dgtw_daily_rank_original_original_fixed504_union,ridge,characteristics_textcore,504,cap_spread_bp,274.2867309696806,146.71991958888933,1.869458024092671,0.06155911837119067,-13.279027239155255,561.8524891785164,2266,2266,0,62,pca,daily_rank,original,original,fixed504,union,dgtw,63,ar_dgtw_63,2711735
ld3_ridge_characteristics_textcore_pca_dgtw_daily_rank_original_expanded_fixed504_union,ridge,characteristics_textcore,504,rank_ic,0.14740201444730766,0.010280260437222183,14.338354105660866,1.26008519268613e-46,0.1272530742386602,0.16755095465595513,2266,2266,0,62,pca,daily_rank,original,expanded,fixed504,union,dgtw,63,ar_dgtw_63,2711735
ld3_ridge_characteristics_textcore_pca_dgtw_daily_rank_original_expanded_fixed504_union,ridge,characteristics_textcore,504,ew_spread_bp,365.09015572475244,181.91521909456193,2.006924750671761,0.04475767599400003,8.542878059697898,721.637433389807,2266,2266,0,62,pca,daily_rank,original,expanded,fixed504,union,dgtw,63,ar_dgtw_63,2711735
ld3_ridge_characteristics_textcore_pca_dgtw_daily_rank_original_expanded_fixed504_union,ridge,characteristics_textcore,504,cap_spread_bp,241.88987594551605,143.17000151838624,1.6895290450524438,0.09111809058807509,-38.71817069706583,522.4979225880979,2266,2266,0,62,pca,daily_rank,original,expanded,fixed504,union,dgtw,63,ar_dgtw_63,2711735
ld3_ridge_characteristics_textcore_pca_dgtw_daily_rank_expanded_original_fixed504_union,ridge,characteristics_textcore,504,rank_ic,0.07243896144694553,0.002619334311330507,27.655485263410196,2.397542757945324e-168,0.06730516053326771,0.07757276236062335,2266,2266,0,5,pca,daily_rank,expanded,original,fixed504,union,dgtw,3,ar_dgtw_3,2747782
ld3_ridge_characteristics_textcore_pca_dgtw_daily_rank_expanded_original_fixed504_union,ridge,characteristics_textcore,504,ew_spread_bp,45.01558587287158,9.149182603538218,4.920175694762386,8.646655937775886e-07,27.08351748195627,62.947654263786895,2266,2266,0,5,pca,daily_rank,expanded,original,fixed504,union,dgtw,3,ar_dgtw_3,2747782
ld3_ridge_characteristics_textcore_pca_dgtw_daily_rank_expanded_original_fixed504_union,ridge,characteristics_textcore,504,cap_spread_bp,21.787782021022835,10.45435821439386,2.0840860408843453,0.037152341561556765,1.297616439330401,42.27794760271527,2266,2266,0,5,pca,daily_rank,expanded,original,fixed504,union,dgtw,3,ar_dgtw_3,2747782
ld3_ridge_characteristics_textcore_pca_dgtw_daily_rank_expanded_expanded_fixed504_union,ridge,characteristics_textcore,504,rank_ic,0.07261502418445545,0.002627039364263483,27.64139174017052,3.5417348859771962e-168,0.06746612164453003,0.07776392672438087,2266,2266,0,5,pca,daily_rank,expanded,expanded,fixed504,union,dgtw,3,ar_dgtw_3,2747782
ld3_ridge_characteristics_textcore_pca_dgtw_daily_rank_expanded_expanded_fixed504_union,ridge,characteristics_textcore,504,ew_spread_bp,45.02525113936314,9.159648544934285,4.915609034395126,8.850687348256893e-07,27.072669880247233,62.97783239847905,2266,2266,0,5,pca,daily_rank,expanded,expanded,fixed504,union,dgtw,3,ar_dgtw_3,2747782
ld3_ridge_characteristics_textcore_pca_dgtw_daily_rank_expanded_expanded_fixed504_union,ridge,characteristics_textcore,504,cap_spread_bp,19.192421563318828,10.494354708544234,1.8288329388840698,0.0674246388838226,-1.376135706416207,39.76097883305386,2266,2266,0,5,pca,daily_rank,expanded,expanded,fixed504,union,dgtw,3,ar_dgtw_3,2747782
ld3_lasso_characteristics_textcore_pca_dgtw_daily_rank_original_original_fixed504_union,lasso,characteristics_textcore,504,rank_ic,0.07226960360528327,0.002621047225270283,27.572797204304784,2.3589240896772017e-167,0.06713244544197487,0.07740676176859167,2266,2266,0,5,pca,daily_rank,original,original,fixed504,union,dgtw,3,ar_dgtw_3,2747782
ld3_lasso_characteristics_textcore_pca_dgtw_daily_rank_original_original_fixed504_union,lasso,characteristics_textcore,504,ew_spread_bp,47.06441743819816,8.725918307638086,5.393634890782913,6.904644754266197e-08,29.961931823188817,64.1669030532075,2266,2266,0,5,pca,daily_rank,original,original,fixed504,union,dgtw,3,ar_dgtw_3,2747782
ld3_lasso_characteristics_textcore_pca_dgtw_daily_rank_original_original_fixed504_union,lasso,characteristics_textcore,504,cap_spread_bp,20.78641220128775,9.237778692459926,2.250152649603315,0.024439256883499398,2.6806986669147825,38.89212573566071,2266,2266,0,5,pca,daily_rank,original,original,fixed504,union,dgtw,3,ar_dgtw_3,2747782
ld3_lasso_characteristics_textcore_pca_dgtw_daily_rank_original_expanded_fixed504_union,lasso,characteristics_textcore,504,rank_ic,0.07222990202833444,0.002629117048674246,27.473064413300644,3.6846419572919196e-166,0.06707692730179268,0.0773828767548762,2266,2266,0,5,pca,daily_rank,original,expanded,fixed504,union,dgtw,3,ar_dgtw_3,2747782
ld3_lasso_characteristics_textcore_pca_dgtw_daily_rank_original_expanded_fixed504_union,lasso,characteristics_textcore,504,ew_spread_bp,47.46314380217327,8.75310399887459,5.422435722033662,5.879235854275652e-08,30.30737521144555,64.618912392901,2266,2266,0,5,pca,daily_rank,original,expanded,fixed504,union,dgtw,3,ar_dgtw_3,2747782
ld3_lasso_characteristics_textcore_pca_dgtw_daily_rank_original_expanded_fixed504_union,lasso,characteristics_textcore,504,cap_spread_bp,15.397952321953154,10.369927740484902,1.484865922627262,0.13757934470424593,-4.926732571680075,35.72263721558638,2266,2266,0,5,pca,daily_rank,original,expanded,fixed504,union,dgtw,3,ar_dgtw_3,2747782
ld3_lasso_characteristics_textcore_pca_dgtw_daily_rank_expanded_original_fixed504_union,lasso,characteristics_textcore,504,rank_ic,0.07208551393808123,0.0026280319593605366,27.42946625185691,1.2213990679146448e-165,0.06693466594751435,0.0772363619286481,2266,2266,0,5,pca,daily_rank,expanded,original,fixed504,union,dgtw,3,ar_dgtw_3,2747782
ld3_lasso_characteristics_textcore_pca_dgtw_daily_rank_expanded_original_fixed504_union,lasso,characteristics_textcore,504,ew_spread_bp,42.47107155385686,9.209766320443924,4.6115254259577885,3.997247526101626e-06,24.420261259756792,60.52188184795693,2266,2266,0,5,pca,daily_rank,expanded,original,fixed504,union,dgtw,3,ar_dgtw_3,2747782
ld3_lasso_characteristics_textcore_pca_dgtw_daily_rank_expanded_original_fixed504_union,lasso,characteristics_textcore,504,cap_spread_bp,17.947515890667326,10.526363995074124,1.7050062014828649,0.08819326782806615,-2.6837784278371153,38.57881020917176,2266,2266,0,5,pca,daily_rank,expanded,original,fixed504,union,dgtw,3,ar_dgtw_3,2747782
ld3_lasso_characteristics_textcore_pca_dgtw_daily_rank_expanded_expanded_fixed504_union,lasso,characteristics_textcore,504,rank_ic,0.07194524785706731,0.0026269382102744074,27.38749148178555,3.865105504512984e-165,0.06679654357531736,0.07709395213881726,2266,2266,0,5,pca,daily_rank,expanded,expanded,fixed504,union,dgtw,3,ar_dgtw_3,2747782
ld3_lasso_characteristics_textcore_pca_dgtw_daily_rank_expanded_expanded_fixed504_union,lasso,characteristics_textcore,504,ew_spread_bp,43.101478734670756,9.20805324735422,4.680845948306744,2.856935665880891e-06,25.054026002129394,61.14893146721212,2266,2266,0,5,pca,daily_rank,expanded,expanded,fixed504,union,dgtw,3,ar_dgtw_3,2747782
ld3_lasso_characteristics_textcore_pca_dgtw_daily_rank_expanded_expanded_fixed504_union,lasso,characteristics_textcore,504,cap_spread_bp,17.160361976757915,10.52655175158557,1.630197844624012,0.1030596893276669,-3.4713003377468254,37.792024291262656,2266,2266,0,5,pca,daily_rank,expanded,expanded,fixed504,union,dgtw,3,ar_dgtw_3,2747782
ld3_enet_characteristics_textcore_pca_dgtw_daily_rank_original_original_fixed504_union,enet,characteristics_textcore,504,rank_ic,0.07230442006257827,0.002634328886385919,27.4469981467553,7.545116978275775e-166,0.06714123032182837,0.07746760980332817,2266,2266,0,5,pca,daily_rank,original,original,fixed504,union,dgtw,3,ar_dgtw_3,2747782
ld3_enet_characteristics_textcore_pca_dgtw_daily_rank_original_original_fixed504_union,enet,characteristics_textcore,504,ew_spread_bp,46.38953889151225,8.785121360709818,5.280466482680905,1.2885539572946687e-07,29.171017424707497,63.608060358317005,2266,2266,0,5,pca,daily_rank,original,original,fixed504,union,dgtw,3,ar_dgtw_3,2747782
ld3_enet_characteristics_textcore_pca_dgtw_daily_rank_original_original_fixed504_union,enet,characteristics_textcore,504,cap_spread_bp,17.449798261039344,10.30606562417742,1.693158077715239,0.09042538189484751,-2.749719184654708,37.6493157067334,2266,2266,0,5,pca,daily_rank,original,original,fixed504,union,dgtw,3,ar_dgtw_3,2747782
ld3_enet_characteristics_textcore_pca_dgtw_daily_rank_original_expanded_fixed504_union,enet,characteristics_textcore,504,rank_ic,0.07233509825059543,0.002640124730695099,27.39836395212694,2.8684285259966054e-165,0.06716054886373952,0.07750964763745134,2266,2266,0,5,pca,daily_rank,original,expanded,fixed504,union,dgtw,3,ar_dgtw_3,2747782
ld3_enet_characteristics_textcore_pca_dgtw_daily_rank_original_expanded_fixed504_union,enet,characteristics_textcore,504,ew_spread_bp,46.4241136467608,8.781805943305116,5.2863971199628494,1.2474892266906188e-07,29.212090278662977,63.636137014858626,2266,2266,0,5,pca,daily_rank,original,expanded,fixed504,union,dgtw,3,ar_dgtw_3,2747782
ld3_enet_characteristics_textcore_pca_dgtw_daily_rank_original_expanded_fixed504_union,enet,characteristics_textcore,504,cap_spread_bp,16.963976958843027,10.326869370079985,1.6427027737944202,0.10044444461613193,-3.2763150795635774,37.20426899724963,2266,2266,0,5,pca,daily_rank,original,expanded,fixed504,union,dgtw,3,ar_dgtw_3,2747782
ld3_ridge_characteristics_textcore_pca_dgtw_daily_rank_expanded_original_fixed504_union,ridge,characteristics_textcore,504,rank_ic,0.07846380017109779,0.003180934139962048,24.666904977804396,2.423981038470867e-134,0.07222928381957829,0.08469831652261729,2266,2266,0,5,pca,daily_rank,expanded,original,fixed504,union,dgtw,5,ar_dgtw_5,2746618
ld3_ridge_characteristics_textcore_pca_dgtw_daily_rank_expanded_original_fixed504_union,ridge,characteristics_textcore,504,ew_spread_bp,60.053742748631905,13.835311351462565,4.3406137544048455,1.4208528863575471e-05,32.9370307848671,87.17045471239672,2266,2266,0,5,pca,daily_rank,expanded,original,fixed504,union,dgtw,5,ar_dgtw_5,2746618
ld3_ridge_characteristics_textcore_pca_dgtw_daily_rank_expanded_original_fixed504_union,ridge,characteristics_textcore,504,cap_spread_bp,31.348887561522492,15.761743260269931,1.9889226111519356,0.04670974558693678,0.4564384378264954,62.241336685218485,2266,2266,0,5,pca,daily_rank,expanded,original,fixed504,union,dgtw,5,ar_dgtw_5,2746618
ld3_ridge_characteristics_textcore_pca_dgtw_daily_rank_expanded_expanded_fixed504_union,ridge,characteristics_textcore,504,rank_ic,0.07863747778142778,0.00319033221046152,24.64868001005197,3.802031097475639e-134,0.07238454155020514,0.08489041401265042,2266,2266,0,5,pca,daily_rank,expanded,expanded,fixed504,union,dgtw,5,ar_dgtw_5,2746618
ld3_ridge_characteristics_textcore_pca_dgtw_daily_rank_expanded_expanded_fixed504_union,ridge,characteristics_textcore,504,ew_spread_bp,60.059359010159994,13.797841452435724,4.352808315503419,1.3440465906519343e-05,33.01608669899214,87.10263132132785,2266,2266,0,5,pca,daily_rank,expanded,expanded,fixed504,union,dgtw,5,ar_dgtw_5,2746618
ld3_ridge_characteristics_textcore_pca_dgtw_daily_rank_expanded_expanded_fixed504_union,ridge,characteristics_textcore,504,cap_spread_bp,29.105421380500697,15.053672938240389,1.9334431869158708,0.05318162544718471,-0.39923541349572034,58.61007817449712,2266,2266,0,5,pca,daily_rank,expanded,expanded,fixed504,union,dgtw,5,ar_dgtw_5,2746618
ld3_lasso_characteristics_textcore_pca_dgtw_daily_rank_original_original_fixed504_union,lasso,characteristics_textcore,504,rank_ic,0.07813469559259946,0.0031746668732898207,24.611935271063764,9.41266969199458e-134,0.07191246285803903,0.0843569283271599,2266,2266,0,5,pca,daily_rank,original,original,fixed504,union,dgtw,5,ar_dgtw_5,2746618
ld3_lasso_characteristics_textcore_pca_dgtw_daily_rank_original_original_fixed504_union,lasso,characteristics_textcore,504,ew_spread_bp,62.79481111177986,13.288389451713158,4.725539640447869,2.2950505669009685e-06,36.75004637388011,88.8395758496796,2266,2266,0,5,pca,daily_rank,original,original,fixed504,union,dgtw,5,ar_dgtw_5,2746618
ld3_lasso_characteristics_textcore_pca_dgtw_daily_rank_original_original_fixed504_union,lasso,characteristics_textcore,504,cap_spread_bp,29.387162729010434,13.663858816913594,2.1507220707399286,0.031498143243430234,2.6064915580197194,56.16783390000115,2266,2266,0,5,pca,daily_rank,original,original,fixed504,union,dgtw,5,ar_dgtw_5,2746618
ld3_lasso_characteristics_textcore_pca_dgtw_daily_rank_original_expanded_fixed504_union,lasso,characteristics_textcore,504,rank_ic,0.07807995019823238,0.0031879020594286715,24.492581247061803,1.772059614058632e-132,0.07183177697551112,0.08432812342095365,2266,2266,0,5,pca,daily_rank,original,expanded,fixed504,union,dgtw,5,ar_dgtw_5,2746618
ld3_lasso_characteristics_textcore_pca_dgtw_daily_rank_original_expanded_fixed504_union,lasso,characteristics_textcore,504,ew_spread_bp,63.090814251332006,13.322345123161245,4.7357138452784096,2.1828540105010133e-06,36.97949762032313,89.20213088234088,2266,2266,0,5,pca,daily_rank,original,expanded,fixed504,union,dgtw,5,ar_dgtw_5,2746618
ld3_lasso_characteristics_textcore_pca_dgtw_daily_rank_original_expanded_fixed504_union,lasso,characteristics_textcore,504,cap_spread_bp,22.784712896603633,15.60570501449445,1.4600245791805868,0.14428331888112425,-7.8019068851616105,53.37133267836887,2266,2266,0,5,pca,daily_rank,original,expanded,fixed504,union,dgtw,5,ar_dgtw_5,2746618
ld3_lasso_characteristics_textcore_pca_dgtw_daily_rank_expanded_original_fixed504_union,lasso,characteristics_textcore,504,rank_ic,0.07797101779106543,0.0031969372272306206,24.389286447957133,2.2219629770196794e-131,0.07170513596485807,0.08423689961727278,2266,2266,0,5,pca,daily_rank,expanded,original,fixed504,union,dgtw,5,ar_dgtw_5,2746618
ld3_lasso_characteristics_textcore_pca_dgtw_daily_rank_expanded_original_fixed504_union,lasso,characteristics_textcore,504,ew_spread_bp,57.59016100204395,13.881351088206273,4.148743204901221,3.3430556134060085e-05,30.383212812403766,84.79710919168413,2266,2266,0,5,pca,daily_rank,expanded,original,fixed504,union,dgtw,5,ar_dgtw_5,2746618
ld3_lasso_characteristics_textcore_pca_dgtw_daily_rank_expanded_original_fixed504_union,lasso,characteristics_textcore,504,cap_spread_bp,27.79725591801953,14.765500490927897,1.8825813547667078,0.05975712514067178,-1.1425932579076346,56.737105093946695,2266,2266,0,5,pca,daily_rank,expanded,original,fixed504,union,dgtw,5,ar_dgtw_5,2746618
ld3_lasso_characteristics_textcore_pca_dgtw_daily_rank_expanded_expanded_fixed504_union,lasso,characteristics_textcore,504,rank_ic,0.07780618203273336,0.0031949705283015133,24.352707276488122,5.426844387027842e-131,0.07154415486559548,0.08406820919987124,2266,2266,0,5,pca,daily_rank,expanded,expanded,fixed504,union,dgtw,5,ar_dgtw_5,2746618
ld3_lasso_characteristics_textcore_pca_dgtw_daily_rank_expanded_expanded_fixed504_union,lasso,characteristics_textcore,504,ew_spread_bp,57.01657454869842,13.953661236517211,4.086137221067406,4.386144340203474e-05,29.66790107265205,84.3652480247448,2266,2266,0,5,pca,daily_rank,expanded,expanded,fixed504,union,dgtw,5,ar_dgtw_5,2746618
ld3_lasso_characteristics_textcore_pca_dgtw_daily_rank_expanded_expanded_fixed504_union,lasso,characteristics_textcore,504,cap_spread_bp,27.16885909942345,14.837447767856391,1.8311005723155185,0.06708553313141566,-1.9120041480692933,56.249722346916194,2266,2266,0,5,pca,daily_rank,expanded,expanded,fixed504,union,dgtw,5,ar_dgtw_5,2746618
ld3_enet_characteristics_textcore_pca_dgtw_daily_rank_original_original_fixed504_union,enet,characteristics_textcore,504,rank_ic,0.07832667444358209,0.0031907922190263813,24.547720148158756,4.574384356091794e-133,0.07207283661213974,0.08458051227502443,2266,2266,0,5,pca,daily_rank,original,original,fixed504,union,dgtw,5,ar_dgtw_5,2746618
ld3_enet_characteristics_textcore_pca_dgtw_daily_rank_original_original_fixed504_union,enet,characteristics_textcore,504,ew_spread_bp,61.80132683962297,13.343446923711788,4.631586365424048,3.6287456788105487e-06,35.64865143952609,87.95400223971986,2266,2266,0,5,pca,daily_rank,original,original,fixed504,union,dgtw,5,ar_dgtw_5,2746618
ld3_enet_characteristics_textcore_pca_dgtw_daily_rank_original_original_fixed504_union,enet,characteristics_textcore,504,cap_spread_bp,23.800802055688038,15.573121500925767,1.528325715192883,0.12643168831520937,-6.721955212992814,54.32355932436889,2266,2266,0,5,pca,daily_rank,original,original,fixed504,union,dgtw,5,ar_dgtw_5,2746618
ld3_enet_characteristics_textcore_pca_dgtw_daily_rank_original_expanded_fixed504_union,enet,characteristics_textcore,504,rank_ic,0.07830560564365187,0.003200776934170487,24.46456196546716,3.522444965834678e-132,0.07203219813013118,0.08457901315717256,2266,2266,0,5,pca,daily_rank,original,expanded,fixed504,union,dgtw,5,ar_dgtw_5,2746618
ld3_enet_characteristics_textcore_pca_dgtw_daily_rank_original_expanded_fixed504_union,enet,characteristics_textcore,504,ew_spread_bp,61.74057915953546,13.326718119760935,4.6328419799009755,3.606798435233683e-06,35.62069161268668,87.86046670638424,2266,2266,0,5,pca,daily_rank,original,expanded,fixed504,union,dgtw,5,ar_dgtw_5,2746618
ld3_enet_characteristics_textcore_pca_dgtw_daily_rank_original_expanded_fixed504_union,enet,characteristics_textcore,504,cap_spread_bp,24.42622200246986,15.633838979136462,1.562394369998753,0.11819511258820466,-6.21553933673605,55.06798334167577,2266,2266,0,5,pca,daily_rank,original,expanded,fixed504,union,dgtw,5,ar_dgtw_5,2746618
ld3_ridge_characteristics_textcore_pca_dgtw_daily_rank_expanded_original_fixed504_union,ridge,characteristics_textcore,504,rank_ic,0.09029896999786177,0.004392493390765597,20.557565365425162,6.585558220013374e-94,0.08168984114963099,0.09890809884609256,2266,2266,0,9,pca,daily_rank,expanded,original,fixed504,union,dgtw,10,ar_dgtw_10,2743765
ld3_ridge_characteristics_textcore_pca_dgtw_daily_rank_expanded_original_fixed504_union,ridge,characteristics_textcore,504,ew_spread_bp,95.74285742165709,26.682663975940862,3.5882045926143733,0.0003329629701303895,43.44579701722868,148.0399178260855,2266,2266,0,9,pca,daily_rank,expanded,original,fixed504,union,dgtw,10,ar_dgtw_10,2743765
ld3_ridge_characteristics_textcore_pca_dgtw_daily_rank_expanded_original_fixed504_union,ridge,characteristics_textcore,504,cap_spread_bp,70.3942145640692,25.254120583248127,2.787434800274295,0.005312714377721065,20.89704775967121,119.8913813684672,2266,2266,0,9,pca,daily_rank,expanded,original,fixed504,union,dgtw,10,ar_dgtw_10,2743765
ld3_ridge_characteristics_textcore_pca_dgtw_daily_rank_expanded_expanded_fixed504_union,ridge,characteristics_textcore,504,rank_ic,0.09050594768142303,0.0043975058567945514,20.58120003219166,4.0454182479973147e-94,0.08188699458030176,0.09912490078254431,2266,2266,0,9,pca,daily_rank,expanded,expanded,fixed504,union,dgtw,10,ar_dgtw_10,2743765
ld3_ridge_characteristics_textcore_pca_dgtw_daily_rank_expanded_expanded_fixed504_union,ridge,characteristics_textcore,504,ew_spread_bp,96.27494846848165,26.496862583578935,3.6334470983046394,0.0002796598063229792,44.34205210136001,148.20784483560328,2266,2266,0,9,pca,daily_rank,expanded,expanded,fixed504,union,dgtw,10,ar_dgtw_10,2743765
ld3_ridge_characteristics_textcore_pca_dgtw_daily_rank_expanded_expanded_fixed504_union,ridge,characteristics_textcore,504,cap_spread_bp,64.01444111541946,24.866212058567648,2.574354347362822,0.010042736090200264,15.277561048691275,112.75132118214765,2266,2266,0,9,pca,daily_rank,expanded,expanded,fixed504,union,dgtw,10,ar_dgtw_10,2743765
ld3_lasso_characteristics_textcore_pca_dgtw_daily_rank_original_original_fixed504_union,lasso,characteristics_textcore,504,rank_ic,0.08971065794128147,0.004363544254807866,20.559126412534017,6.377084253008183e-94,0.08115826835691138,0.09826304752565156,2266,2266,0,9,pca,daily_rank,original,original,fixed504,union,dgtw,10,ar_dgtw_10,2743765
ld3_lasso_characteristics_textcore_pca_dgtw_daily_rank_original_original_fixed504_union,lasso,characteristics_textcore,504,ew_spread_bp,100.34314449613714,25.343502874435917,3.9593242099675825,7.516214497813015e-05,50.67079162015541,150.0154973721189,2266,2266,0,9,pca,daily_rank,original,original,fixed504,union,dgtw,10,ar_dgtw_10,2743765
ld3_lasso_characteristics_textcore_pca_dgtw_daily_rank_original_original_fixed504_union,lasso,characteristics_textcore,504,cap_spread_bp,47.479728133188495,25.153352519934234,1.8876103332770624,0.059078281833654975,-1.8199368963224174,96.7793931626994,2266,2266,0,9,pca,daily_rank,original,original,fixed504,union,dgtw,10,ar_dgtw_10,2743765
ld3_lasso_characteristics_textcore_pca_dgtw_daily_rank_original_expanded_fixed504_union,lasso,characteristics_textcore,504,rank_ic,0.08953915277264804,0.004368090710345956,20.498464594742003,2.221940788679818e-93,0.08097785229916599,0.09810045324613009,2266,2266,0,9,pca,daily_rank,original,expanded,fixed504,union,dgtw,10,ar_dgtw_10,2743765
ld3_lasso_characteristics_textcore_pca_dgtw_daily_rank_original_expanded_fixed504_union,lasso,characteristics_textcore,504,ew_spread_bp,99.20591603697846,25.713365209761832,3.85814595746946,0.00011425041590887761,48.80864630452006,149.60318576943686,2266,2266,0,9,pca,daily_rank,original,expanded,fixed504,union,dgtw,10,ar_dgtw_10,2743765
ld3_lasso_characteristics_textcore_pca_dgtw_daily_rank_original_expanded_fixed504_union,lasso,characteristics_textcore,504,cap_spread_bp,49.366407529204736,24.488275834788,2.0159201024301967,0.04380833117836338,1.3702688495377302,97.36254620887175,2266,2266,0,9,pca,daily_rank,original,expanded,fixed504,union,dgtw,10,ar_dgtw_10,2743765
ld3_lasso_characteristics_textcore_pca_dgtw_daily_rank_expanded_original_fixed504_union,lasso,characteristics_textcore,504,rank_ic,0.08975749988904683,0.004395066783118452,20.422329015296732,1.0589349841178672e-92,0.08114332728448635,0.0983716724936073,2266,2266,0,9,pca,daily_rank,expanded,original,fixed504,union,dgtw,10,ar_dgtw_10,2743765
ld3_lasso_characteristics_textcore_pca_dgtw_daily_rank_expanded_original_fixed504_union,lasso,characteristics_textcore,504,ew_spread_bp,93.03675334554416,26.71752654804224,3.482236769869011,0.0004972438225691466,40.67136355538861,145.4021431356997,2266,2266,0,9,pca,daily_rank,expanded,original,fixed504,union,dgtw,10,ar_dgtw_10,2743765
ld3_lasso_characteristics_textcore_pca_dgtw_daily_rank_expanded_original_fixed504_union,lasso,characteristics_textcore,504,cap_spread_bp,56.079533365064734,25.09711223385925,2.2345014375560783,0.025450098062984712,6.890097270741023,105.26896945938844,2266,2266,0,9,pca,daily_rank,expanded,original,fixed504,union,dgtw,10,ar_dgtw_10,2743765
ld3_lasso_characteristics_textcore_pca_dgtw_daily_rank_expanded_expanded_fixed504_union,lasso,characteristics_textcore,504,rank_ic,0.08948825908949129,0.004377580811667501,20.44240025243613,7.0200353453418736e-93,0.08090835835920937,0.09806815981977321,2266,2266,0,9,pca,daily_rank,expanded,expanded,fixed504,union,dgtw,10,ar_dgtw_10,2743765
ld3_lasso_characteristics_textcore_pca_dgtw_daily_rank_expanded_expanded_fixed504_union,lasso,characteristics_textcore,504,ew_spread_bp,93.30940411263464,26.751289752740103,3.4880338471559886,0.0004865864773228081,40.87783965726863,145.74096856800065,2266,2266,0,9,pca,daily_rank,expanded,expanded,fixed504,union,dgtw,10,ar_dgtw_10,2743765
ld3_lasso_characteristics_textcore_pca_dgtw_daily_rank_expanded_expanded_fixed504_union,lasso,characteristics_textcore,504,cap_spread_bp,54.61197756387174,25.06188132579731,2.179085315022109,0.029325330960762966,5.491592780492077,103.73236234725141,2266,2266,0,9,pca,daily_rank,expanded,expanded,fixed504,union,dgtw,10,ar_dgtw_10,2743765
ld3_enet_characteristics_textcore_pca_dgtw_daily_rank_original_original_fixed504_union,enet,characteristics_textcore,504,rank_ic,0.08996858745660279,0.004382126193648721,20.53080707420057,1.1426129523687315e-93,0.0813797779413417,0.09855739697186387,2266,2266,0,9,pca,daily_rank,original,original,fixed504,union,dgtw,10,ar_dgtw_10,2743765
ld3_enet_characteristics_textcore_pca_dgtw_daily_rank_original_original_fixed504_union,enet,characteristics_textcore,504,ew_spread_bp,97.39055115621854,25.785277122584425,3.776982915220157,0.00015873961583248074,46.85233666456847,147.9287656478686,2266,2266,0,9,pca,daily_rank,original,original,fixed504,union,dgtw,10,ar_dgtw_10,2743765
ld3_enet_characteristics_textcore_pca_dgtw_daily_rank_original_original_fixed504_union,enet,characteristics_textcore,504,cap_spread_bp,52.55965960906566,24.370316567690057,2.1567081192022255,0.031028413972761897,4.794716844553363,100.32460237357796,2266,2266,0,9,pca,daily_rank,original,original,fixed504,union,dgtw,10,ar_dgtw_10,2743765
ld3_enet_characteristics_textcore_pca_dgtw_daily_rank_original_expanded_fixed504_union,enet,characteristics_textcore,504,rank_ic,0.08992239528595851,0.004394090621836567,20.464392527338063,4.472204119056841e-93,0.08131013592235363,0.09853465464956339,2266,2266,0,9,pca,daily_rank,original,expanded,fixed504,union,dgtw,10,ar_dgtw_10,2743765
ld3_enet_characteristics_textcore_pca_dgtw_daily_rank_original_expanded_fixed504_union,enet,characteristics_textcore,504,ew_spread_bp,98.10092487520758,25.667827052179128,3.821941166884989,0.000132405282912446,47.79290829153359,148.40894145888157,2266,2266,0,9,pca,daily_rank,original,expanded,fixed504,union,dgtw,10,ar_dgtw_10,2743765
ld3_enet_characteristics_textcore_pca_dgtw_daily_rank_original_expanded_fixed504_union,enet,characteristics_textcore,504,cap_spread_bp,52.24177248003065,24.517566099414854,2.130789502848632,0.03310648753473971,4.188225936597362,100.29531902346393,2266,2266,0,9,pca,daily_rank,original,expanded,fixed504,union,dgtw,10,ar_dgtw_10,2743765
ld3_ridge_characteristics_textcore_pca_dgtw_daily_rank_expanded_original_fixed504_union,ridge,characteristics_textcore,504,rank_ic,0.13013444139996475,0.009206824848445174,14.134562516624994,2.3257482254913366e-45,0.11208939628504376,0.14817948651488572,2266,2266,0,41,pca,daily_rank,expanded,original,fixed504,union,dgtw,42,ar_dgtw_42,2724901
ld3_ridge_characteristics_textcore_pca_dgtw_daily_rank_expanded_original_fixed504_union,ridge,characteristics_textcore,504,ew_spread_bp,267.58936262066425,124.81165561437346,2.1439453014502625,0.03203726979820432,22.963012765675813,512.2157124756527,2266,2266,0,41,pca,daily_rank,expanded,original,fixed504,union,dgtw,42,ar_dgtw_42,2724901
ld3_ridge_characteristics_textcore_pca_dgtw_daily_rank_expanded_original_fixed504_union,ridge,characteristics_textcore,504,cap_spread_bp,206.30370539889964,100.01790537520256,2.062667725593547,0.039144208306408704,10.27221305436754,402.33519774343176,2266,2266,0,41,pca,daily_rank,expanded,original,fixed504,union,dgtw,42,ar_dgtw_42,2724901
ld3_ridge_characteristics_textcore_pca_dgtw_daily_rank_expanded_expanded_fixed504_union,ridge,characteristics_textcore,504,rank_ic,0.12983160151057882,0.009136645778962352,14.209985223409173,7.944226985343556e-46,0.1119241048443127,0.14773909817684494,2266,2266,0,41,pca,daily_rank,expanded,expanded,fixed504,union,dgtw,42,ar_dgtw_42,2724901
ld3_ridge_characteristics_textcore_pca_dgtw_daily_rank_expanded_expanded_fixed504_union,ridge,characteristics_textcore,504,ew_spread_bp,264.98203621156676,124.35013637041952,2.130934826016008,0.03309451180749678,21.260247452900217,508.7038249702333,2266,2266,0,41,pca,daily_rank,expanded,expanded,fixed504,union,dgtw,42,ar_dgtw_42,2724901
ld3_ridge_characteristics_textcore_pca_dgtw_daily_rank_expanded_expanded_fixed504_union,ridge,characteristics_textcore,504,cap_spread_bp,189.07329240069268,95.98292086908828,1.969863916295806,0.048853968874860716,0.95022436632172,377.19636043506364,2266,2266,0,41,pca,daily_rank,expanded,expanded,fixed504,union,dgtw,42,ar_dgtw_42,2724901
ld3_lasso_characteristics_textcore_pca_dgtw_daily_rank_original_original_fixed504_union,lasso,characteristics_textcore,504,rank_ic,0.12893847670836145,0.009202834915571946,14.01073450640596,1.340117540157697e-44,0.11090125171817272,0.14697570169855018,2266,2266,0,41,pca,daily_rank,original,original,fixed504,union,dgtw,42,ar_dgtw_42,2724901
ld3_lasso_characteristics_textcore_pca_dgtw_daily_rank_original_original_fixed504_union,lasso,characteristics_textcore,504,ew_spread_bp,272.0975213200133,117.1450283672591,2.322740666953152,0.020193088202832683,42.497484752262494,501.6975578877641,2266,2266,0,41,pca,daily_rank,original,original,fixed504,union,dgtw,42,ar_dgtw_42,2724901
ld3_lasso_characteristics_textcore_pca_dgtw_daily_rank_original_original_fixed504_union,lasso,characteristics_textcore,504,cap_spread_bp,125.24003566908061,102.73819199947778,1.219021215301484,0.22283614034524202,-76.12312048665694,326.60319182481817,2266,2266,0,41,pca,daily_rank,original,original,fixed504,union,dgtw,42,ar_dgtw_42,2724901
ld3_lasso_characteristics_textcore_pca_dgtw_daily_rank_original_expanded_fixed504_union,lasso,characteristics_textcore,504,rank_ic,0.1287240658411421,0.00917346589178815,14.032217196814624,9.900709991680887e-45,0.11074440307983072,0.14670372860245348,2266,2266,0,41,pca,daily_rank,original,expanded,fixed504,union,dgtw,42,ar_dgtw_42,2724901
ld3_lasso_characteristics_textcore_pca_dgtw_daily_rank_original_expanded_fixed504_union,lasso,characteristics_textcore,504,ew_spread_bp,275.98257539153826,116.78107564091397,2.363247417245474,0.018115570780692085,47.09587305949907,504.86927772357745,2266,2266,0,41,pca,daily_rank,original,expanded,fixed504,union,dgtw,42,ar_dgtw_42,2724901
ld3_lasso_characteristics_textcore_pca_dgtw_daily_rank_original_expanded_fixed504_union,lasso,characteristics_textcore,504,cap_spread_bp,124.76828003030249,103.32786213767264,1.2074989015456734,0.2272400678417017,-77.75060835905575,327.2871684196607,2266,2266,0,41,pca,daily_rank,original,expanded,fixed504,union,dgtw,42,ar_dgtw_42,2724901
ld3_lasso_characteristics_textcore_pca_dgtw_daily_rank_expanded_original_fixed504_union,lasso,characteristics_textcore,504,rank_ic,0.1290182570316332,0.009198926173632821,14.025360634096877,1.0905635197826649e-44,0.11098869303487002,0.14704782102839636,2266,2266,0,41,pca,daily_rank,expanded,original,fixed504,union,dgtw,42,ar_dgtw_42,2724901
ld3_lasso_characteristics_textcore_pca_dgtw_daily_rank_expanded_original_fixed504_union,lasso,characteristics_textcore,504,ew_spread_bp,262.0026635847523,121.90931307813158,2.1491603633008336,0.03162169009030663,23.064800571596635,500.94052659790805,2266,2266,0,41,pca,daily_rank,expanded,original,fixed504,union,dgtw,42,ar_dgtw_42,2724901
ld3_lasso_characteristics_textcore_pca_dgtw_daily_rank_expanded_original_fixed504_union,lasso,characteristics_textcore,504,cap_spread_bp,165.16031732086813,98.63554644900438,1.6744502693687389,0.09404214029991807,-28.161801314608084,358.4824359563444,2266,2266,0,41,pca,daily_rank,expanded,original,fixed504,union,dgtw,42,ar_dgtw_42,2724901
ld3_lasso_characteristics_textcore_pca_dgtw_daily_rank_expanded_expanded_fixed504_union,lasso,characteristics_textcore,504,rank_ic,0.1285816854191654,0.009142050539594776,14.06486267629678,6.244395600637951e-45,0.11066359561671467,0.1464997752216161,2266,2266,0,41,pca,daily_rank,expanded,expanded,fixed504,union,dgtw,42,ar_dgtw_42,2724901
ld3_lasso_characteristics_textcore_pca_dgtw_daily_rank_expanded_expanded_fixed504_union,lasso,characteristics_textcore,504,ew_spread_bp,262.28047181752044,121.5857640436233,2.1571643183770908,0.03099286357822754,23.976753259233675,500.5841903758072,2266,2266,0,41,pca,daily_rank,expanded,expanded,fixed504,union,dgtw,42,ar_dgtw_42,2724901
ld3_lasso_characteristics_textcore_pca_dgtw_daily_rank_expanded_expanded_fixed504_union,lasso,characteristics_textcore,504,cap_spread_bp,164.01722601144778,98.04450977453955,1.672885370008145,0.09434986441163802,-28.146482028535047,356.1809340514306,2266,2266,0,41,pca,daily_rank,expanded,expanded,fixed504,union,dgtw,42,ar_dgtw_42,2724901
ld3_enet_characteristics_textcore_pca_dgtw_daily_rank_original_original_fixed504_union,enet,characteristics_textcore,504,rank_ic,0.12919165324096712,0.009197015957800338,14.047127224063885,8.022283403364422e-45,0.11116583319843831,0.14721747328349594,2266,2266,0,41,pca,daily_rank,original,original,fixed504,union,dgtw,42,ar_dgtw_42,2724901
ld3_enet_characteristics_textcore_pca_dgtw_daily_rank_original_original_fixed504_union,enet,characteristics_textcore,504,ew_spread_bp,268.412610914609,117.17657984136349,2.290667736487893,0.02198263800035031,38.750734593954434,498.0744872352635,2266,2266,0,41,pca,daily_rank,original,original,fixed504,union,dgtw,42,ar_dgtw_42,2724901
ld3_enet_characteristics_textcore_pca_dgtw_daily_rank_original_original_fixed504_union,enet,characteristics_textcore,504,cap_spread_bp,120.38427387255659,103.66997138989667,1.1612260740364093,0.24554997385537258,-82.80513632993869,323.57368407505186,2266,2266,0,41,pca,daily_rank,original,original,fixed504,union,dgtw,42,ar_dgtw_42,2724901
ld3_enet_characteristics_textcore_pca_dgtw_daily_rank_original_expanded_fixed504_union,enet,characteristics_textcore,504,rank_ic,0.12915006099141915,0.009186756063119599,14.058287833492656,6.852406917859525e-45,0.11114434997294977,0.14715577200988855,2266,2266,0,41,pca,daily_rank,original,expanded,fixed504,union,dgtw,42,ar_dgtw_42,2724901
ld3_enet_characteristics_textcore_pca_dgtw_daily_rank_original_expanded_fixed504_union,enet,characteristics_textcore,504,ew_spread_bp,272.300678665434,117.24840420218925,2.3224254566046336,0.020210037948268113,42.498029184348354,502.1033281465197,2266,2266,0,41,pca,daily_rank,original,expanded,fixed504,union,dgtw,42,ar_dgtw_42,2724901
ld3_enet_characteristics_textcore_pca_dgtw_daily_rank_original_expanded_fixed504_union,enet,characteristics_textcore,504,cap_spread_bp,123.15211391352423,103.64134301392129,1.1882527795590436,0.2347338353777838,-79.98118570312343,326.2854135301719,2266,2266,0,41,pca,daily_rank,original,expanded,fixed504,union,dgtw,42,ar_dgtw_42,2724901
ld3_ridge_characteristics_textcore_pca_dgtw_daily_rank_expanded_original_fixed504_union,ridge,characteristics_textcore,504,rank_ic,0.1477838425308232,0.010357189424224707,14.268720642027423,3.4280993832017696e-46,0.12748412427828362,0.16808356078336276,2266,2266,0,62,pca,daily_rank,expanded,original,fixed504,union,dgtw,63,ar_dgtw_63,2711735
ld3_ridge_characteristics_textcore_pca_dgtw_daily_rank_expanded_original_fixed504_union,ridge,characteristics_textcore,504,ew_spread_bp,364.97900497454697,184.80948094958973,1.974893296053907,0.04828025834975229,2.759078311809901,727.198931637284,2266,2266,0,62,pca,daily_rank,expanded,original,fixed504,union,dgtw,63,ar_dgtw_63,2711735
ld3_ridge_characteristics_textcore_pca_dgtw_daily_rank_expanded_original_fixed504_union,ridge,characteristics_textcore,504,cap_spread_bp,260.22253636637424,148.16617322469753,1.7562884341471152,0.07903917112714147,-30.177826881155795,550.6228996139043,2266,2266,0,62,pca,daily_rank,expanded,original,fixed504,union,dgtw,63,ar_dgtw_63,2711735
ld3_ridge_characteristics_textcore_pca_dgtw_daily_rank_expanded_expanded_fixed504_union,ridge,characteristics_textcore,504,rank_ic,0.14727954271546873,0.010291928130616634,14.310199298549179,1.889710047010397e-46,0.12710773424798547,0.16745135118295199,2266,2266,0,62,pca,daily_rank,expanded,expanded,fixed504,union,dgtw,63,ar_dgtw_63,2711735
ld3_ridge_characteristics_textcore_pca_dgtw_daily_rank_expanded_expanded_fixed504_union,ridge,characteristics_textcore,504,ew_spread_bp,362.67094060444805,182.8752252864523,1.9831605950798812,0.04734949387608418,4.242085378352954,721.0997958305431,2266,2266,0,62,pca,daily_rank,expanded,expanded,fixed504,union,dgtw,63,ar_dgtw_63,2711735
ld3_ridge_characteristics_textcore_pca_dgtw_daily_rank_expanded_expanded_fixed504_union,ridge,characteristics_textcore,504,cap_spread_bp,240.76906239787323,143.86794174718813,1.673542135057194,0.0942206190156727,-41.206921956521995,522.7450467522684,2266,2266,0,62,pca,daily_rank,expanded,expanded,fixed504,union,dgtw,63,ar_dgtw_63,2711735
ld3_lasso_characteristics_textcore_pca_dgtw_daily_rank_original_original_fixed504_union,lasso,characteristics_textcore,504,rank_ic,0.14597733220041012,0.01035082353065727,14.102967920190276,3.641276691067099e-45,0.12569009086999214,0.1662645735308281,2266,2266,0,62,pca,daily_rank,original,original,fixed504,union,dgtw,63,ar_dgtw_63,2711735
ld3_lasso_characteristics_textcore_pca_dgtw_daily_rank_original_original_fixed504_union,lasso,characteristics_textcore,504,ew_spread_bp,353.9317926846772,178.016868996267,1.9881924374936575,0.0467904110561665,5.025140811408903,702.8384445579454,2266,2266,0,62,pca,daily_rank,original,original,fixed504,union,dgtw,63,ar_dgtw_63,2711735
ld3_lasso_characteristics_textcore_pca_dgtw_daily_rank_original_original_fixed504_union,lasso,characteristics_textcore,504,cap_spread_bp,165.90454997491966,159.86272894280145,1.0377938064242602,0.2993660609311396,-147.4206412232601,479.22974117309946,2266,2266,0,62,pca,daily_rank,original,original,fixed504,union,dgtw,63,ar_dgtw_63,2711735
ld3_lasso_characteristics_textcore_pca_dgtw_daily_rank_original_expanded_fixed504_union,lasso,characteristics_textcore,504,rank_ic,0.14574237905823204,0.010326786753268856,14.113042376138786,3.1566040743616953e-45,0.12550224894579975,0.16598250917066432,2266,2266,0,62,pca,daily_rank,original,expanded,fixed504,union,dgtw,63,ar_dgtw_63,2711735
ld3_lasso_characteristics_textcore_pca_dgtw_daily_rank_original_expanded_fixed504_union,lasso,characteristics_textcore,504,ew_spread_bp,359.37630461880707,176.6699410940388,2.0341677955703648,0.041934680357773445,13.109582923678147,705.6430263139359,2266,2266,0,62,pca,daily_rank,original,expanded,fixed504,union,dgtw,63,ar_dgtw_63,2711735
ld3_lasso_characteristics_textcore_pca_dgtw_daily_rank_original_expanded_fixed504_union,lasso,characteristics_textcore,504,cap_spread_bp,168.95610710829075,157.91479895096452,1.0699194010357114,0.28465558947163294,-140.55121146148323,478.4634256780647,2266,2266,0,62,pca,daily_rank,original,expanded,fixed504,union,dgtw,63,ar_dgtw_63,2711735
ld3_lasso_characteristics_textcore_pca_dgtw_daily_rank_expanded_original_fixed504_union,lasso,characteristics_textcore,504,rank_ic,0.1463873073532157,0.01034430701791098,14.151485169547726,1.8285429710354117e-45,0.12611283815308524,0.16666177655334616,2266,2266,0,62,pca,daily_rank,expanded,original,fixed504,union,dgtw,63,ar_dgtw_63,2711735
ld3_lasso_characteristics_textcore_pca_dgtw_daily_rank_expanded_original_fixed504_union,lasso,characteristics_textcore,504,ew_spread_bp,349.86978098178434,181.85094181161205,1.923937140475362,0.05436246311883975,-6.551515523664307,706.291077487233,2266,2266,0,62,pca,daily_rank,expanded,original,fixed504,union,dgtw,63,ar_dgtw_63,2711735
ld3_lasso_characteristics_textcore_pca_dgtw_daily_rank_expanded_original_fixed504_union,lasso,characteristics_textcore,504,cap_spread_bp,217.38714688789372,148.6159128707463,1.4627447538337222,0.14353723518010267,-73.89468986831173,508.66898364409917,2266,2266,0,62,pca,daily_rank,expanded,original,fixed504,union,dgtw,63,ar_dgtw_63,2711735
ld3_lasso_characteristics_textcore_pca_dgtw_daily_rank_expanded_expanded_fixed504_union,lasso,characteristics_textcore,504,rank_ic,0.14599553600663417,0.010280475514245721,14.201243493486972,9.000107863430327e-46,0.12584617425476666,0.1661448977585017,2266,2266,0,62,pca,daily_rank,expanded,expanded,fixed504,union,dgtw,63,ar_dgtw_63,2711735
ld3_lasso_characteristics_textcore_pca_dgtw_daily_rank_expanded_expanded_fixed504_union,lasso,characteristics_textcore,504,ew_spread_bp,350.7037781749625,180.7833328812148,1.939912117924031,0.05239037112978404,-3.625043277334214,705.0325996272593,2266,2266,0,62,pca,daily_rank,expanded,expanded,fixed504,union,dgtw,63,ar_dgtw_63,2711735
ld3_lasso_characteristics_textcore_pca_dgtw_daily_rank_expanded_expanded_fixed504_union,lasso,characteristics_textcore,504,cap_spread_bp,218.5703675871835,146.21306863130502,1.4948757291890007,0.13494687759949836,-68.00198099925746,505.1427161736245,2266,2266,0,62,pca,daily_rank,expanded,expanded,fixed504,union,dgtw,63,ar_dgtw_63,2711735
ld3_enet_characteristics_textcore_pca_dgtw_daily_rank_original_original_fixed504_union,enet,characteristics_textcore,504,rank_ic,0.14633497466731432,0.010309068899481409,14.194780934549348,9.869437080506228e-46,0.12612957091018878,0.16654037842443986,2266,2266,0,62,pca,daily_rank,original,original,fixed504,union,dgtw,63,ar_dgtw_63,2711735
ld3_enet_characteristics_textcore_pca_dgtw_daily_rank_original_original_fixed504_union,enet,characteristics_textcore,504,ew_spread_bp,354.00562565664535,177.74841832917164,1.9916105526242356,0.046413804639354704,5.625127422509706,702.3861238907809,2266,2266,0,62,pca,daily_rank,original,original,fixed504,union,dgtw,63,ar_dgtw_63,2711735
ld3_enet_characteristics_textcore_pca_dgtw_daily_rank_original_original_fixed504_union,enet,characteristics_textcore,504,cap_spread_bp,166.84728723438806,159.51883236164412,1.0459410012237906,0.2955882727094744,-145.80387905031685,479.498453519093,2266,2266,0,62,pca,daily_rank,original,original,fixed504,union,dgtw,63,ar_dgtw_63,2711735
ld3_enet_characteristics_textcore_pca_dgtw_daily_rank_original_expanded_fixed504_union,enet,characteristics_textcore,504,rank_ic,0.14622086871337767,0.010301547746735447,14.194067950586838,9.970322780403457e-46,0.12603020614475643,0.1664115312819989,2266,2266,0,62,pca,daily_rank,original,expanded,fixed504,union,dgtw,63,ar_dgtw_63,2711735
ld3_enet_characteristics_textcore_pca_dgtw_daily_rank_original_expanded_fixed504_union,enet,characteristics_textcore,504,ew_spread_bp,357.28375951707136,177.6907996362605,2.010704888764326,0.04435663735270948,9.01619184587787,705.5513271882648,2266,2266,0,62,pca,daily_rank,original,expanded,fixed504,union,dgtw,63,ar_dgtw_63,2711735
ld3_enet_characteristics_textcore_pca_dgtw_daily_rank_original_expanded_fixed504_union,enet,characteristics_textcore,504,cap_spread_bp,169.78003459568956,158.3501409482539,1.072181139713483,0.2836386799147401,-140.58053860972936,480.14060780110844,2266,2266,0,62,pca,daily_rank,original,expanded,fixed504,union,dgtw,63,ar_dgtw_63,2711735
ld3_enet_characteristics_textcore_pca_dgtw_daily_rank_expanded_original_fixed504_union,enet,characteristics_textcore,504,rank_ic,0.07222182075763545,0.0026298835911875576,27.46198386865586,4.9974652264674003e-166,0.06706734363537498,0.07737629787989592,2266,2266,0,5,pca,daily_rank,expanded,original,fixed504,union,dgtw,3,ar_dgtw_3,2747782
ld3_enet_characteristics_textcore_pca_dgtw_daily_rank_expanded_original_fixed504_union,enet,characteristics_textcore,504,ew_spread_bp,42.55880182995547,9.110714939200049,4.6712911241290875,2.9931236645142156e-06,24.702128675712345,60.415474984198596,2266,2266,0,5,pca,daily_rank,expanded,original,fixed504,union,dgtw,3,ar_dgtw_3,2747782
ld3_enet_characteristics_textcore_pca_dgtw_daily_rank_expanded_original_fixed504_union,enet,characteristics_textcore,504,cap_spread_bp,19.911998546702893,10.407900929369612,1.9131618067687475,0.055727341301557945,-0.48711242952250444,40.31110952292829,2266,2266,0,5,pca,daily_rank,expanded,original,fixed504,union,dgtw,3,ar_dgtw_3,2747782
ld3_enet_characteristics_textcore_pca_dgtw_daily_rank_expanded_expanded_fixed504_union,enet,characteristics_textcore,504,rank_ic,0.0721867953987702,0.0026323052596558165,27.423413425921918,1.4422790775793008e-165,0.06702757189352944,0.07734601890401095,2266,2266,0,5,pca,daily_rank,expanded,expanded,fixed504,union,dgtw,3,ar_dgtw_3,2747782
ld3_enet_characteristics_textcore_pca_dgtw_daily_rank_expanded_expanded_fixed504_union,enet,characteristics_textcore,504,ew_spread_bp,43.34189432750967,9.103682898586774,4.760918719416065,1.927136567081163e-06,25.49900371960639,61.18478493541295,2266,2266,0,5,pca,daily_rank,expanded,expanded,fixed504,union,dgtw,3,ar_dgtw_3,2747782
ld3_enet_characteristics_textcore_pca_dgtw_daily_rank_expanded_expanded_fixed504_union,enet,characteristics_textcore,504,cap_spread_bp,18.594161746864003,10.405275450466094,1.7869937067385464,0.0739385057247361,-1.79980338526833,38.98812687899634,2266,2266,0,5,pca,daily_rank,expanded,expanded,fixed504,union,dgtw,3,ar_dgtw_3,2747782
ld3_group_ridge_characteristics_textcore_pca_dgtw_daily_rank_original_original_fixed504_union,group_ridge,characteristics_textcore,504,rank_ic,0.07236988169675093,0.0026135184278150946,27.690595530735273,9.062600840955831e-169,0.06724747970530161,0.07749228368820026,2266,2266,0,5,pca,daily_rank,original,original,fixed504,union,dgtw,3,ar_dgtw_3,2747782
ld3_group_ridge_characteristics_textcore_pca_dgtw_daily_rank_original_original_fixed504_union,group_ridge,characteristics_textcore,504,ew_spread_bp,43.85191106698137,9.110060529178824,4.813569671302081,1.482578803392522e-06,25.996520532810973,61.70730160115177,2266,2266,0,5,pca,daily_rank,original,original,fixed504,union,dgtw,3,ar_dgtw_3,2747782
ld3_group_ridge_characteristics_textcore_pca_dgtw_daily_rank_original_original_fixed504_union,group_ridge,characteristics_textcore,504,cap_spread_bp,22.340894881289813,9.77331765620581,2.2859069629343223,0.02225970201957264,3.185544265657011,41.49624549692261,2266,2266,0,5,pca,daily_rank,original,original,fixed504,union,dgtw,3,ar_dgtw_3,2747782
ld3_group_ridge_characteristics_textcore_pca_dgtw_daily_rank_original_expanded_fixed504_union,group_ridge,characteristics_textcore,504,rank_ic,0.07243799677678725,0.0026190936869998492,27.657657737232146,2.257556055230138e-168,0.06730466747813132,0.07757132607544318,2266,2266,0,5,pca,daily_rank,original,expanded,fixed504,union,dgtw,3,ar_dgtw_3,2747782
ld3_group_ridge_characteristics_textcore_pca_dgtw_daily_rank_original_expanded_fixed504_union,group_ridge,characteristics_textcore,504,ew_spread_bp,43.52286139204898,9.106101527541949,4.779527359805015,1.7570776145912823e-06,25.67523035850159,61.37049242559637,2266,2266,0,5,pca,daily_rank,original,expanded,fixed504,union,dgtw,3,ar_dgtw_3,2747782
ld3_group_ridge_characteristics_textcore_pca_dgtw_daily_rank_original_expanded_fixed504_union,group_ridge,characteristics_textcore,504,cap_spread_bp,20.039038095356,10.149915894556704,1.9743058271155458,0.048346978722747076,0.14556849591421184,39.932507694797785,2266,2266,0,5,pca,daily_rank,original,expanded,fixed504,union,dgtw,3,ar_dgtw_3,2747782
ld3_group_ridge_characteristics_textcore_pca_dgtw_daily_rank_expanded_original_fixed504_union,group_ridge,characteristics_textcore,504,rank_ic,0.07249707514347874,0.002615479441675521,27.718464916335137,4.1830663973797426e-169,0.06737082963548979,0.07762332065146768,2266,2266,0,5,pca,daily_rank,expanded,original,fixed504,union,dgtw,3,ar_dgtw_3,2747782
ld3_group_ridge_characteristics_textcore_pca_dgtw_daily_rank_expanded_original_fixed504_union,group_ridge,characteristics_textcore,504,ew_spread_bp,42.31176094347462,9.127543095737957,4.635613384639268,3.558805828624634e-06,24.42210520849099,60.201416678458244,2266,2266,0,5,pca,daily_rank,expanded,original,fixed504,union,dgtw,3,ar_dgtw_3,2747782
ld3_group_ridge_characteristics_textcore_pca_dgtw_daily_rank_expanded_original_fixed504_union,group_ridge,characteristics_textcore,504,cap_spread_bp,23.141536093600216,9.99492133697278,2.315329487186262,0.020594907203670326,3.551850244822642,42.731221942377786,2266,2266,0,5,pca,daily_rank,expanded,original,fixed504,union,dgtw,3,ar_dgtw_3,2747782
ld3_group_ridge_characteristics_textcore_pca_dgtw_daily_rank_expanded_expanded_fixed504_union,group_ridge,characteristics_textcore,504,rank_ic,0.07253747639210949,0.002617012576691356,27.7176644232323,4.2770413201635236e-169,0.06740822599470607,0.0776667267895129,2266,2266,0,5,pca,daily_rank,expanded,expanded,fixed504,union,dgtw,3,ar_dgtw_3,2747782
ld3_group_ridge_characteristics_textcore_pca_dgtw_daily_rank_expanded_expanded_fixed504_union,group_ridge,characteristics_textcore,504,ew_spread_bp,43.11827411412561,9.151643483892823,4.711533419108285,2.4585976851100313e-06,25.18138248634501,61.05516574190621,2266,2266,0,5,pca,daily_rank,expanded,expanded,fixed504,union,dgtw,3,ar_dgtw_3,2747782
ld3_group_ridge_characteristics_textcore_pca_dgtw_daily_rank_expanded_expanded_fixed504_union,group_ridge,characteristics_textcore,504,cap_spread_bp,19.290235262247403,10.360619539070209,1.8618804782381349,0.0626199393178365,-1.0162058918521808,39.59667641634699,2266,2266,0,5,pca,daily_rank,expanded,expanded,fixed504,union,dgtw,3,ar_dgtw_3,2747782
ld3_enet_characteristics_textcore_pca_dgtw_daily_rank_expanded_original_fixed504_union,enet,characteristics_textcore,504,rank_ic,0.07819899374954563,0.0031945484789389087,24.47888778808577,2.479344689470417e-132,0.07193779378395816,0.0844601937151331,2266,2266,0,5,pca,daily_rank,expanded,original,fixed504,union,dgtw,5,ar_dgtw_5,2746618
ld3_enet_characteristics_textcore_pca_dgtw_daily_rank_expanded_original_fixed504_union,enet,characteristics_textcore,504,ew_spread_bp,57.511758815978745,13.715079102883037,4.193323158004188,2.7489739368178482e-05,30.630697729210077,84.39281990274742,2266,2266,0,5,pca,daily_rank,expanded,original,fixed504,union,dgtw,5,ar_dgtw_5,2746618
ld3_enet_characteristics_textcore_pca_dgtw_daily_rank_expanded_original_fixed504_union,enet,characteristics_textcore,504,cap_spread_bp,31.852105521912975,14.573745721287388,2.185581259002458,0.02884625496825889,3.2880887883449823,60.41612225548097,2266,2266,0,5,pca,daily_rank,expanded,original,fixed504,union,dgtw,5,ar_dgtw_5,2746618
ld3_enet_characteristics_textcore_pca_dgtw_daily_rank_expanded_expanded_fixed504_union,enet,characteristics_textcore,504,rank_ic,0.07813819784290656,0.0031972199410369422,24.43941902150288,6.520657499556374e-132,0.07187176190782088,0.08440463377799223,2266,2266,0,5,pca,daily_rank,expanded,expanded,fixed504,union,dgtw,5,ar_dgtw_5,2746618
ld3_enet_characteristics_textcore_pca_dgtw_daily_rank_expanded_expanded_fixed504_union,enet,characteristics_textcore,504,ew_spread_bp,57.33433248659542,13.78107600299651,4.160366902709835,3.177367409853016e-05,30.32391985251306,84.34474512067779,2266,2266,0,5,pca,daily_rank,expanded,expanded,fixed504,union,dgtw,5,ar_dgtw_5,2746618
ld3_enet_characteristics_textcore_pca_dgtw_daily_rank_expanded_expanded_fixed504_union,enet,characteristics_textcore,504,cap_spread_bp,30.18230292820708,14.637045980493882,2.0620487882889518,0.039203091275062885,1.4942199663823068,58.870385890031855,2266,2266,0,5,pca,daily_rank,expanded,expanded,fixed504,union,dgtw,5,ar_dgtw_5,2746618
ld3_group_ridge_characteristics_textcore_pca_dgtw_daily_rank_original_original_fixed504_union,group_ridge,characteristics_textcore,504,rank_ic,0.07828982432499923,0.0031721979772017326,24.679993142817793,1.7540937576040194e-134,0.07207243053785302,0.08450721811214544,2266,2266,0,5,pca,daily_rank,original,original,fixed504,union,dgtw,5,ar_dgtw_5,2746618
ld3_group_ridge_characteristics_textcore_pca_dgtw_daily_rank_original_original_fixed504_union,group_ridge,characteristics_textcore,504,ew_spread_bp,57.34780804896293,13.729216602634086,4.177063390343786,2.9529675086913222e-05,30.439037971850766,84.2565781260751,2266,2266,0,5,pca,daily_rank,original,original,fixed504,union,dgtw,5,ar_dgtw_5,2746618
ld3_group_ridge_characteristics_textcore_pca_dgtw_daily_rank_original_original_fixed504_union,group_ridge,characteristics_textcore,504,cap_spread_bp,30.0393843555577,14.50159977976406,2.071453137017028,0.03831646955164755,1.6167710690061625,58.46199764210924,2266,2266,0,5,pca,daily_rank,original,original,fixed504,union,dgtw,5,ar_dgtw_5,2746618
ld3_group_ridge_characteristics_textcore_pca_dgtw_daily_rank_original_expanded_fixed504_union,group_ridge,characteristics_textcore,504,rank_ic,0.0784711415503032,0.0031791297249827806,24.683214696666155,1.6198104408540577e-134,0.07224016178715623,0.08470212131345017,2266,2266,0,5,pca,daily_rank,original,expanded,fixed504,union,dgtw,5,ar_dgtw_5,2746618
ld3_group_ridge_characteristics_textcore_pca_dgtw_daily_rank_original_expanded_fixed504_union,group_ridge,characteristics_textcore,504,ew_spread_bp,57.60801178314413,13.73695942586091,4.1936508653212226,2.745003670666965e-05,30.684066051368728,84.53195751491953,2266,2266,0,5,pca,daily_rank,original,expanded,fixed504,union,dgtw,5,ar_dgtw_5,2746618
ld3_group_ridge_characteristics_textcore_pca_dgtw_daily_rank_original_expanded_fixed504_union,group_ridge,characteristics_textcore,504,cap_spread_bp,27.59028225759521,14.85129219396369,1.8577698086641432,0.06320171026233637,-1.5177155664544664,56.69828008164488,2266,2266,0,5,pca,daily_rank,original,expanded,fixed504,union,dgtw,5,ar_dgtw_5,2746618
ld3_group_ridge_characteristics_textcore_pca_dgtw_daily_rank_expanded_original_fixed504_union,group_ridge,characteristics_textcore,504,rank_ic,0.07843484634698508,0.0031753121993471443,24.70145970626497,1.0315481291409033e-134,0.07221134879659401,0.08465834389737616,2266,2266,0,5,pca,daily_rank,expanded,original,fixed504,union,dgtw,5,ar_dgtw_5,2746618
ld3_group_ridge_characteristics_textcore_pca_dgtw_daily_rank_expanded_original_fixed504_union,group_ridge,characteristics_textcore,504,ew_spread_bp,55.59883661694503,13.766604860105922,4.038674544808374,5.3754086521414356e-05,28.616786901743353,82.5808863321467,2266,2266,0,5,pca,daily_rank,expanded,original,fixed504,union,dgtw,5,ar_dgtw_5,2746618
ld3_group_ridge_characteristics_textcore_pca_dgtw_daily_rank_expanded_original_fixed504_union,group_ridge,characteristics_textcore,504,cap_spread_bp,31.449094896281665,14.433984806412488,2.1788227795771262,0.029344836029936778,3.159004522314845,59.739185270248484,2266,2266,0,5,pca,daily_rank,expanded,original,fixed504,union,dgtw,5,ar_dgtw_5,2746618
ld3_group_ridge_characteristics_textcore_pca_dgtw_daily_rank_expanded_expanded_fixed504_union,group_ridge,characteristics_textcore,504,rank_ic,0.0785165449134902,0.003177601176169828,24.709376841347776,8.480167917016286e-135,0.07228856105096522,0.08474452877601517,2266,2266,0,5,pca,daily_rank,expanded,expanded,fixed504,union,dgtw,5,ar_dgtw_5,2746618
ld3_group_ridge_characteristics_textcore_pca_dgtw_daily_rank_expanded_expanded_fixed504_union,group_ridge,characteristics_textcore,504,ew_spread_bp,57.261140148659294,13.823026851814975,4.142445845074869,3.4362152314298944e-05,30.168505361771857,84.35377493554674,2266,2266,0,5,pca,daily_rank,expanded,expanded,fixed504,union,dgtw,5,ar_dgtw_5,2746618
ld3_group_ridge_characteristics_textcore_pca_dgtw_daily_rank_expanded_expanded_fixed504_union,group_ridge,characteristics_textcore,504,cap_spread_bp,29.27046677779526,14.87613980057523,1.9676117037205736,0.04911273207328766,0.11376853968494771,58.42716501590557,2266,2266,0,5,pca,daily_rank,expanded,expanded,fixed504,union,dgtw,5,ar_dgtw_5,2746618
ld3_enet_characteristics_textcore_pca_dgtw_daily_rank_expanded_original_fixed504_union,enet,characteristics_textcore,504,rank_ic,0.0901690405113166,0.004392602236120611,20.52747680403466,1.2236604711855535e-93,0.0815596983301101,0.0987783826925231,2266,2266,0,9,pca,daily_rank,expanded,original,fixed504,union,dgtw,10,ar_dgtw_10,2743765
ld3_enet_characteristics_textcore_pca_dgtw_daily_rank_expanded_original_fixed504_union,enet,characteristics_textcore,504,ew_spread_bp,92.01109861402071,26.494882527213214,3.4727875664107963,0.0005150828784376161,40.08208308606324,143.94011414197817,2266,2266,0,9,pca,daily_rank,expanded,original,fixed504,union,dgtw,10,ar_dgtw_10,2743765
ld3_enet_characteristics_textcore_pca_dgtw_daily_rank_expanded_original_fixed504_union,enet,characteristics_textcore,504,cap_spread_bp,66.03097503337573,24.868945708009814,2.655157794329351,0.00792713179045306,17.288737112194532,114.77321295455693,2266,2266,0,9,pca,daily_rank,expanded,original,fixed504,union,dgtw,10,ar_dgtw_10,2743765
ld3_enet_characteristics_textcore_pca_dgtw_daily_rank_expanded_expanded_fixed504_union,enet,characteristics_textcore,504,rank_ic,0.09004432707175476,0.004387071497438461,20.524928103936798,1.2895398799967648e-93,0.08144582493917317,0.09864282920433635,2266,2266,0,9,pca,daily_rank,expanded,expanded,fixed504,union,dgtw,10,ar_dgtw_10,2743765
ld3_enet_characteristics_textcore_pca_dgtw_daily_rank_expanded_expanded_fixed504_union,enet,characteristics_textcore,504,ew_spread_bp,91.54875418996804,26.53374464181363,3.4502764470605274,0.0005600127676807703,39.543570317030685,143.5539380629054,2266,2266,0,9,pca,daily_rank,expanded,expanded,fixed504,union,dgtw,10,ar_dgtw_10,2743765
ld3_enet_characteristics_textcore_pca_dgtw_daily_rank_expanded_expanded_fixed504_union,enet,characteristics_textcore,504,cap_spread_bp,62.28392398176151,24.909449672453906,2.500413489690145,0.012404842598501368,13.462299749038806,111.10554821448422,2266,2266,0,9,pca,daily_rank,expanded,expanded,fixed504,union,dgtw,10,ar_dgtw_10,2743765
ld3_group_ridge_characteristics_textcore_pca_dgtw_daily_rank_original_original_fixed504_union,group_ridge,characteristics_textcore,504,rank_ic,0.0899677369194683,0.004371983557354186,20.578242287332504,4.2999249063359995e-94,0.0813988066060528,0.0985366672328838,2266,2266,0,9,pca,daily_rank,original,original,fixed504,union,dgtw,10,ar_dgtw_10,2743765
ld3_group_ridge_characteristics_textcore_pca_dgtw_daily_rank_original_original_fixed504_union,group_ridge,characteristics_textcore,504,ew_spread_bp,90.62136639129793,26.664683681739376,3.398553962721772,0.0006774309746256884,38.359546715935856,142.88318606666,2266,2266,0,9,pca,daily_rank,original,original,fixed504,union,dgtw,10,ar_dgtw_10,2743765
ld3_group_ridge_characteristics_textcore_pca_dgtw_daily_rank_original_original_fixed504_union,group_ridge,characteristics_textcore,504,cap_spread_bp,56.31385372590135,24.689675994988423,2.280866453546498,0.022556350569186825,7.922977985760916,104.70472946604178,2266,2266,0,9,pca,daily_rank,original,original,fixed504,union,dgtw,10,ar_dgtw_10,2743765
ld3_group_ridge_characteristics_textcore_pca_dgtw_daily_rank_original_expanded_fixed504_union,group_ridge,characteristics_textcore,504,rank_ic,0.09022707077296459,0.004380481657039294,20.597522792493052,2.888451811478941e-94,0.08164148449022923,0.09881265705569994,2266,2266,0,9,pca,daily_rank,original,expanded,fixed504,union,dgtw,10,ar_dgtw_10,2743765
ld3_group_ridge_characteristics_textcore_pca_dgtw_daily_rank_original_expanded_fixed504_union,group_ridge,characteristics_textcore,504,ew_spread_bp,90.15533349551049,26.648193436523997,3.3831686830951795,0.0007165460671321025,37.9258341068668,142.38483288415418,2266,2266,0,9,pca,daily_rank,original,expanded,fixed504,union,dgtw,10,ar_dgtw_10,2743765
ld3_group_ridge_characteristics_textcore_pca_dgtw_daily_rank_original_expanded_fixed504_union,group_ridge,characteristics_textcore,504,cap_spread_bp,54.64366806036873,24.754513247940363,2.207422441033666,0.027284560003085944,6.125713639585982,103.16162248115148,2266,2266,0,9,pca,daily_rank,original,expanded,fixed504,union,dgtw,10,ar_dgtw_10,2743765
ld3_group_ridge_characteristics_textcore_pca_dgtw_daily_rank_expanded_original_fixed504_union,group_ridge,characteristics_textcore,504,rank_ic,0.09021589916154048,0.004377682216147531,20.608142552871893,2.3196364159803914e-94,0.08163579968212983,0.09879599864095112,2266,2266,0,9,pca,daily_rank,expanded,original,fixed504,union,dgtw,10,ar_dgtw_10,2743765
ld3_group_ridge_characteristics_textcore_pca_dgtw_daily_rank_expanded_original_fixed504_union,group_ridge,characteristics_textcore,504,ew_spread_bp,91.43258195501629,26.470487055311747,3.4541329656670903,0.0005520651129256369,39.551380673371554,143.31378323666104,2266,2266,0,9,pca,daily_rank,expanded,original,fixed504,union,dgtw,10,ar_dgtw_10,2743765
ld3_group_ridge_characteristics_textcore_pca_dgtw_daily_rank_expanded_original_fixed504_union,group_ridge,characteristics_textcore,504,cap_spread_bp,63.41019422113317,24.44791505534302,2.5936851497393865,0.009495339762692285,15.493161215566282,111.32722722670005,2266,2266,0,9,pca,daily_rank,expanded,original,fixed504,union,dgtw,10,ar_dgtw_10,2743765
ld3_group_ridge_characteristics_textcore_pca_dgtw_daily_rank_expanded_expanded_fixed504_union,group_ridge,characteristics_textcore,504,rank_ic,0.09031731737089209,0.0043780788826129355,20.62944039897899,1.493685383215068e-94,0.08173644043949538,0.0988981943022888,2266,2266,0,9,pca,daily_rank,expanded,expanded,fixed504,union,dgtw,10,ar_dgtw_10,2743765
ld3_group_ridge_characteristics_textcore_pca_dgtw_daily_rank_expanded_expanded_fixed504_union,group_ridge,characteristics_textcore,504,ew_spread_bp,92.53764531359563,26.599630720939114,3.478907142900687,0.0005034630069199849,40.403327098489775,144.6719635287015,2266,2266,0,9,pca,daily_rank,expanded,expanded,fixed504,union,dgtw,10,ar_dgtw_10,2743765
ld3_group_ridge_characteristics_textcore_pca_dgtw_daily_rank_expanded_expanded_fixed504_union,group_ridge,characteristics_textcore,504,cap_spread_bp,65.03693967211252,24.73743878954082,2.6290894633607196,0.008561383459735809,16.552450574848407,113.52142876937664,2266,2266,0,9,pca,daily_rank,expanded,expanded,fixed504,union,dgtw,10,ar_dgtw_10,2743765
ld3_enet_characteristics_textcore_pca_dgtw_daily_rank_expanded_original_fixed504_union,enet,characteristics_textcore,504,rank_ic,0.12976105647337166,0.009210719310881849,14.088048076773728,4.498235539458781e-45,0.11170837835233566,0.14781373459440766,2266,2266,0,41,pca,daily_rank,expanded,original,fixed504,union,dgtw,42,ar_dgtw_42,2724901
ld3_enet_characteristics_textcore_pca_dgtw_daily_rank_expanded_original_fixed504_union,enet,characteristics_textcore,504,ew_spread_bp,255.23339079111378,121.35544687689543,2.1031885865825695,0.03544928758636187,17.381085584634945,493.0856959975926,2266,2266,0,41,pca,daily_rank,expanded,original,fixed504,union,dgtw,42,ar_dgtw_42,2724901
ld3_enet_characteristics_textcore_pca_dgtw_daily_rank_expanded_original_fixed504_union,enet,characteristics_textcore,504,cap_spread_bp,183.14535957379252,97.8358786611225,1.8719651939567017,0.061211419013497456,-8.609438997838396,374.90015814542346,2266,2266,0,41,pca,daily_rank,expanded,original,fixed504,union,dgtw,42,ar_dgtw_42,2724901
ld3_enet_characteristics_textcore_pca_dgtw_daily_rank_expanded_expanded_fixed504_union,enet,characteristics_textcore,504,rank_ic,0.12954580506413177,0.009176050674159062,14.11781709411756,2.949880451216243e-45,0.11156107622246553,0.147530533905798,2266,2266,0,41,pca,daily_rank,expanded,expanded,fixed504,union,dgtw,42,ar_dgtw_42,2724901
ld3_enet_characteristics_textcore_pca_dgtw_daily_rank_expanded_expanded_fixed504_union,enet,characteristics_textcore,504,ew_spread_bp,257.78268657640007,121.17791058263093,2.1273075706369657,0.03339453614399381,20.278346112628356,495.2870270401718,2266,2266,0,41,pca,daily_rank,expanded,expanded,fixed504,union,dgtw,42,ar_dgtw_42,2724901
ld3_enet_characteristics_textcore_pca_dgtw_daily_rank_expanded_expanded_fixed504_union,enet,characteristics_textcore,504,cap_spread_bp,183.91014674814497,96.4791848081541,1.9062158030651342,0.05662221274476837,-5.185580733621009,373.00587422991094,2266,2266,0,41,pca,daily_rank,expanded,expanded,fixed504,union,dgtw,42,ar_dgtw_42,2724901
ld3_group_ridge_characteristics_textcore_pca_dgtw_daily_rank_original_original_fixed504_union,group_ridge,characteristics_textcore,504,rank_ic,0.12941102734162543,0.009105012587028644,14.213162925879908,7.591763481341207e-46,0.11156553059226543,0.14725652409098544,2266,2266,0,41,pca,daily_rank,original,original,fixed504,union,dgtw,42,ar_dgtw_42,2724901
ld3_group_ridge_characteristics_textcore_pca_dgtw_daily_rank_original_original_fixed504_union,group_ridge,characteristics_textcore,504,ew_spread_bp,256.26305050699585,121.84746141854392,2.1031464055433764,0.03545297351574601,17.446414519016002,495.0796864949757,2266,2266,0,41,pca,daily_rank,original,original,fixed504,union,dgtw,42,ar_dgtw_42,2724901
ld3_group_ridge_characteristics_textcore_pca_dgtw_daily_rank_original_original_fixed504_union,group_ridge,characteristics_textcore,504,cap_spread_bp,177.85657488713767,96.36603164692372,1.845635561073925,0.06494513943957803,-11.017376473879892,366.73052624815523,2266,2266,0,41,pca,daily_rank,original,original,fixed504,union,dgtw,42,ar_dgtw_42,2724901
ld3_group_ridge_characteristics_textcore_pca_dgtw_daily_rank_original_expanded_fixed504_union,group_ridge,characteristics_textcore,504,rank_ic,0.1295699491797238,0.009136930368749185,14.18090583494963,1.2028382094619943e-45,0.11166189472772513,0.14747800363172248,2266,2266,0,41,pca,daily_rank,original,expanded,fixed504,union,dgtw,42,ar_dgtw_42,2724901
ld3_group_ridge_characteristics_textcore_pca_dgtw_daily_rank_original_expanded_fixed504_union,group_ridge,characteristics_textcore,504,ew_spread_bp,260.83574947700976,122.26147018137465,2.133425592625873,0.03288982947922615,21.207671224597703,500.46382772942184,2266,2266,0,41,pca,daily_rank,original,expanded,fixed504,union,dgtw,42,ar_dgtw_42,2724901
ld3_group_ridge_characteristics_textcore_pca_dgtw_daily_rank_original_expanded_fixed504_union,group_ridge,characteristics_textcore,504,cap_spread_bp,187.31744008976116,95.02314667611444,1.971282225879459,0.048691603242460156,1.0754949069099098,373.5593852726124,2266,2266,0,41,pca,daily_rank,original,expanded,fixed504,union,dgtw,42,ar_dgtw_42,2724901
ld3_group_ridge_characteristics_textcore_pca_dgtw_daily_rank_expanded_original_fixed504_union,group_ridge,characteristics_textcore,504,rank_ic,0.12972414862753173,0.00908708567622418,14.275660343661913,3.1033422313274614e-46,0.11191378797770253,0.14753450927736092,2266,2266,0,41,pca,daily_rank,expanded,original,fixed504,union,dgtw,42,ar_dgtw_42,2724901
ld3_group_ridge_characteristics_textcore_pca_dgtw_daily_rank_expanded_original_fixed504_union,group_ridge,characteristics_textcore,504,ew_spread_bp,258.52812197797857,121.17067773548648,2.1335864980663146,0.03287664419344334,21.037957634115685,496.01828632184146,2266,2266,0,41,pca,daily_rank,expanded,original,fixed504,union,dgtw,42,ar_dgtw_42,2724901
ld3_group_ridge_characteristics_textcore_pca_dgtw_daily_rank_expanded_original_fixed504_union,group_ridge,characteristics_textcore,504,cap_spread_bp,168.99007315640864,96.8882114969968,1.7441757933744781,0.08112844094150111,-20.907331904204682,358.88747821702196,2266,2266,0,41,pca,daily_rank,expanded,original,fixed504,union,dgtw,42,ar_dgtw_42,2724901
ld3_group_ridge_characteristics_textcore_pca_dgtw_daily_rank_expanded_expanded_fixed504_union,group_ridge,characteristics_textcore,504,rank_ic,0.12961301467821268,0.009083605544741852,14.26889510335911,3.419534829944629e-46,0.1118094749607503,0.14741655439567505,2266,2266,0,41,pca,daily_rank,expanded,expanded,fixed504,union,dgtw,42,ar_dgtw_42,2724901
ld3_group_ridge_characteristics_textcore_pca_dgtw_daily_rank_expanded_expanded_fixed504_union,group_ridge,characteristics_textcore,504,ew_spread_bp,257.6082951070832,123.39739752049927,2.08763150830866,0.036831087501830076,15.753840180932485,499.462750033234,2266,2266,0,41,pca,daily_rank,expanded,expanded,fixed504,union,dgtw,42,ar_dgtw_42,2724901
ld3_group_ridge_characteristics_textcore_pca_dgtw_daily_rank_expanded_expanded_fixed504_union,group_ridge,characteristics_textcore,504,cap_spread_bp,175.0385466304869,94.78773433993003,1.846637097609692,0.06479975381236495,-10.741998851926468,360.8190921129003,2266,2266,0,41,pca,daily_rank,expanded,expanded,fixed504,union,dgtw,42,ar_dgtw_42,2724901
ld3_enet_characteristics_textcore_pca_dgtw_daily_rank_expanded_original_fixed504_union,enet,characteristics_textcore,504,rank_ic,0.14728648715482337,0.010341422365221226,14.24238194256101,4.999353140574127e-46,0.12701767177007275,0.16755530253957399,2266,2266,0,62,pca,daily_rank,expanded,original,fixed504,union,dgtw,63,ar_dgtw_63,2711735
ld3_enet_characteristics_textcore_pca_dgtw_daily_rank_expanded_original_fixed504_union,enet,characteristics_textcore,504,ew_spread_bp,343.4913089602434,180.16744946652955,1.9065114701757222,0.056583878956998096,-9.630403180594726,696.6130211010815,2266,2266,0,62,pca,daily_rank,expanded,original,fixed504,union,dgtw,63,ar_dgtw_63,2711735
ld3_enet_characteristics_textcore_pca_dgtw_daily_rank_expanded_original_fixed504_union,enet,characteristics_textcore,504,cap_spread_bp,231.2079546139316,148.52261633731916,1.556718837276745,0.11953725425956549,-59.89102429687418,522.3069335247374,2266,2266,0,62,pca,daily_rank,expanded,original,fixed504,union,dgtw,63,ar_dgtw_63,2711735
ld3_enet_characteristics_textcore_pca_dgtw_daily_rank_expanded_expanded_fixed504_union,enet,characteristics_textcore,504,rank_ic,0.1469551449513481,0.010297242814031004,14.271310058951634,3.3031456906896413e-46,0.12677291989578346,0.16713737000691273,2266,2266,0,62,pca,daily_rank,expanded,expanded,fixed504,union,dgtw,63,ar_dgtw_63,2711735
ld3_enet_characteristics_textcore_pca_dgtw_daily_rank_expanded_expanded_fixed504_union,enet,characteristics_textcore,504,ew_spread_bp,346.92237314285654,178.52135512785608,1.9433102157128066,0.05197868793922355,-2.9730533790262825,696.8177996647394,2266,2266,0,62,pca,daily_rank,expanded,expanded,fixed504,union,dgtw,63,ar_dgtw_63,2711735
ld3_enet_characteristics_textcore_pca_dgtw_daily_rank_expanded_expanded_fixed504_union,enet,characteristics_textcore,504,cap_spread_bp,236.44005528820566,144.02191147433146,1.6416950231239333,0.10065322359508606,-45.837704186099984,518.7178147625114,2266,2266,0,62,pca,daily_rank,expanded,expanded,fixed504,union,dgtw,63,ar_dgtw_63,2711735
ld3_group_ridge_characteristics_textcore_pca_dgtw_daily_rank_original_original_fixed504_union,group_ridge,characteristics_textcore,504,rank_ic,0.146857000103075,0.010284109302452021,14.279992149447514,2.9163429345049246e-46,0.1267005162571957,0.16701348394895432,2266,2266,0,62,pca,daily_rank,original,original,fixed504,union,dgtw,63,ar_dgtw_63,2711735
ld3_group_ridge_characteristics_textcore_pca_dgtw_daily_rank_original_original_fixed504_union,group_ridge,characteristics_textcore,504,ew_spread_bp,345.3903702255261,183.03841939228298,1.8869829152386572,0.059162623622818676,-13.35833957048635,704.1390800215386,2266,2266,0,62,pca,daily_rank,original,original,fixed504,union,dgtw,63,ar_dgtw_63,2711735
ld3_group_ridge_characteristics_textcore_pca_dgtw_daily_rank_original_original_fixed504_union,group_ridge,characteristics_textcore,504,cap_spread_bp,229.38584026494254,145.21526861388435,1.5796261815612582,0.11419249977127856,-55.230856223580474,514.0025367534656,2266,2266,0,62,pca,daily_rank,original,original,fixed504,union,dgtw,63,ar_dgtw_63,2711735
ld3_group_ridge_characteristics_textcore_pca_dgtw_daily_rank_original_expanded_fixed504_union,group_ridge,characteristics_textcore,504,rank_ic,0.14701561705779342,0.010295479490969574,14.279627984956363,2.931622046307905e-46,0.1268368480519223,0.16719438606366455,2266,2266,0,62,pca,daily_rank,original,expanded,fixed504,union,dgtw,63,ar_dgtw_63,2711735
ld3_group_ridge_characteristics_textcore_pca_dgtw_daily_rank_original_expanded_fixed504_union,group_ridge,characteristics_textcore,504,ew_spread_bp,350.25241025158056,183.93754994496908,1.904191995361306,0.056885183851358226,-10.258563045096253,710.7633835482574,2266,2266,0,62,pca,daily_rank,original,expanded,fixed504,union,dgtw,63,ar_dgtw_63,2711735
ld3_group_ridge_characteristics_textcore_pca_dgtw_daily_rank_original_expanded_fixed504_union,group_ridge,characteristics_textcore,504,cap_spread_bp,236.356587498296,142.69428390844854,1.6563844116554831,0.09764399587352261,-43.3190697619965,516.0322447585885,2266,2266,0,62,pca,daily_rank,original,expanded,fixed504,union,dgtw,63,ar_dgtw_63,2711735
ld3_group_ridge_characteristics_textcore_pca_dgtw_daily_rank_expanded_original_fixed504_union,group_ridge,characteristics_textcore,504,rank_ic,0.14722949827078433,0.010243940839050267,14.372349526809082,7.716821080286478e-47,0.12715174316648678,0.16730725337508187,2266,2266,0,62,pca,daily_rank,expanded,original,fixed504,union,dgtw,63,ar_dgtw_63,2711735
ld3_group_ridge_characteristics_textcore_pca_dgtw_daily_rank_expanded_original_fixed504_union,group_ridge,characteristics_textcore,504,ew_spread_bp,347.24108408554804,182.13849111298606,1.9064673368252723,0.05658959955569619,-9.743798694373368,704.2259668654694,2266,2266,0,62,pca,daily_rank,expanded,original,fixed504,union,dgtw,63,ar_dgtw_63,2711735
ld3_group_ridge_characteristics_textcore_pca_dgtw_daily_rank_expanded_original_fixed504_union,group_ridge,characteristics_textcore,504,cap_spread_bp,223.46604214512413,146.6353181356696,1.523957836258584,0.12751924419420904,-63.93390026236128,510.8659845526096,2266,2266,0,62,pca,daily_rank,expanded,original,fixed504,union,dgtw,63,ar_dgtw_63,2711735
ld3_group_ridge_characteristics_textcore_pca_dgtw_daily_rank_expanded_expanded_fixed504_union,group_ridge,characteristics_textcore,504,rank_ic,0.1470703215165994,0.010217096683479105,14.394531643652737,5.600297407029871e-47,0.12704517999041673,0.16709546304278208,2266,2266,0,62,pca,daily_rank,expanded,expanded,fixed504,union,dgtw,63,ar_dgtw_63,2711735
ld3_group_ridge_characteristics_textcore_pca_dgtw_daily_rank_expanded_expanded_fixed504_union,group_ridge,characteristics_textcore,504,ew_spread_bp,347.89371594198093,183.7584793101273,1.8932117704067644,0.0583297127366095,-12.266285359717301,708.0537172436791,2266,2266,0,62,pca,daily_rank,expanded,expanded,fixed504,union,dgtw,63,ar_dgtw_63,2711735
ld3_group_ridge_characteristics_textcore_pca_dgtw_daily_rank_expanded_expanded_fixed504_union,group_ridge,characteristics_textcore,504,cap_spread_bp,221.28440212011495,143.57616680342454,1.5412335281459606,0.1232599601641192,-60.11971385291244,502.6885180931423,2266,2266,0,62,pca,daily_rank,expanded,expanded,fixed504,union,dgtw,63,ar_dgtw_63,2711735
