model_id,estimator,feature_set,fit_days,metric,mean,se,t,p,ci_low,ci_high,n,calendar_days,missing_days,hac_lags,representation,history_policy,refit_policy,target,horizon,target_column,stock_days
ld2_ols_characteristics_full_raw_fixed504_retain,ols,characteristics,504,rank_ic,0.08387820778922542,0.0054983306424235545,15.255213490080978,1.519970741868303e-52,0.07310167775498227,0.09465473782346856,2266,2266,0,5,full,fixed504,retain,raw,3,f_cumret3,3031789
ld2_ols_characteristics_full_raw_fixed504_retain,ols,characteristics,504,ew_spread_bp,57.4378802029155,14.738839317693271,3.897042295180196,9.737461851489163e-05,28.550285966313787,86.32547443951722,2266,2266,0,5,full,fixed504,retain,raw,3,f_cumret3,3031789
ld2_ols_characteristics_full_raw_fixed504_retain,ols,characteristics,504,cap_spread_bp,38.495478824035104,15.265373277700146,2.5217515565289057,0.011677214903556107,8.57589698918266,68.41506065888754,2266,2266,0,5,full,fixed504,retain,raw,3,f_cumret3,3031789
ld2_ols_characteristics_full_raw_fixed504_recent,ols,characteristics,504,rank_ic,0.08370436760570749,0.00548517940035438,15.260096616037686,1.4103934139537856e-52,0.0729536135322719,0.09445512167914308,2266,2266,0,5,full,fixed504,recent,raw,3,f_cumret3,3031789
ld2_ols_characteristics_full_raw_fixed504_recent,ols,characteristics,504,ew_spread_bp,56.713249266339865,14.686187619736293,3.8616726637840824,0.00011261338273025332,27.92885046145871,85.49764807122102,2266,2266,0,5,full,fixed504,recent,raw,3,f_cumret3,3031789
ld2_ols_characteristics_full_raw_fixed504_recent,ols,characteristics,504,cap_spread_bp,35.14058277412494,15.162253542658434,2.317635876174885,0.020469118696789156,5.423111906049563,64.8580536422003,2266,2266,0,5,full,fixed504,recent,raw,3,f_cumret3,3031789
ld2_ols_characteristics_full_raw_fixed504_union,ols,characteristics,504,rank_ic,0.08452034762601587,0.005539788329679599,15.256963370458637,1.479761639995902e-52,0.07366256201786855,0.09537813323416319,2266,2266,0,5,full,fixed504,union,raw,3,f_cumret3,3031789
ld2_ols_characteristics_full_raw_fixed504_union,ols,characteristics,504,ew_spread_bp,57.358658679615445,14.871713676840617,3.8568963823542934,0.00011483581212230627,28.21063548461609,86.5066818746148,2266,2266,0,5,full,fixed504,union,raw,3,f_cumret3,3031789
ld2_ols_characteristics_full_raw_fixed504_union,ols,characteristics,504,cap_spread_bp,39.57890719745944,15.189518820769859,2.605672218091596,0.009169416421830822,9.807997366257208,69.34981702866168,2266,2266,0,5,full,fixed504,union,raw,3,f_cumret3,3031789
ld2_ridge_characteristics_full_raw_fixed504_retain,ridge,characteristics,504,rank_ic,0.08516881951801415,0.005811167498880202,14.656059997311381,1.2321854420482057e-48,0.07377914051207925,0.09655849852394906,2266,2266,0,5,full,fixed504,retain,raw,3,f_cumret3,3031789
ld2_ridge_characteristics_full_raw_fixed504_retain,ridge,characteristics,504,ew_spread_bp,48.234833118442666,15.667956643673243,3.0785656493324547,0.002079996958186641,17.526202385508043,78.94346385137729,2266,2266,0,5,full,fixed504,retain,raw,3,f_cumret3,3031789
ld2_ridge_characteristics_full_raw_fixed504_retain,ridge,characteristics,504,cap_spread_bp,39.03728887531791,16.081510234334797,2.4274641066963616,0.01520479129323196,7.518107999009427,70.5564697516264,2266,2266,0,5,full,fixed504,retain,raw,3,f_cumret3,3031789
ld2_ridge_characteristics_full_raw_fixed504_recent,ridge,characteristics,504,rank_ic,0.08472786419517433,0.0057821479630056315,14.653354555654046,1.2822543790372906e-48,0.07339506243440166,0.096060665955947,2266,2266,0,5,full,fixed504,recent,raw,3,f_cumret3,3031789
ld2_ridge_characteristics_full_raw_fixed504_recent,ridge,characteristics,504,ew_spread_bp,46.90198916009387,15.624547509213395,3.00181423701627,0.0026837589075822507,16.278438767300607,77.52553955288712,2266,2266,0,5,full,fixed504,recent,raw,3,f_cumret3,3031789
ld2_ridge_characteristics_full_raw_fixed504_recent,ridge,characteristics,504,cap_spread_bp,34.961738831908825,16.215768250262613,2.156033454125285,0.03108105298999259,3.1794170797460133,66.74406058407163,2266,2266,0,5,full,fixed504,recent,raw,3,f_cumret3,3031789
ld2_ridge_characteristics_full_raw_fixed504_union,ridge,characteristics,504,rank_ic,0.0853381873225284,0.005826769025528164,14.645884700190768,1.4312605504771197e-48,0.07391792988625966,0.09675844475879715,2266,2266,0,5,full,fixed504,union,raw,3,f_cumret3,3031789
ld2_ridge_characteristics_full_raw_fixed504_union,ridge,characteristics,504,ew_spread_bp,49.13201871819122,15.658998761236518,3.137621981286337,0.001703243860688382,18.440945112210322,79.82309232417211,2266,2266,0,5,full,fixed504,union,raw,3,f_cumret3,3031789
ld2_ridge_characteristics_full_raw_fixed504_union,ridge,characteristics,504,cap_spread_bp,39.860009275139554,16.049058844620454,2.4836353122663253,0.013004891592757993,8.404431953919453,71.31558659635965,2266,2266,0,5,full,fixed504,union,raw,3,f_cumret3,3031789
ld2_lasso_characteristics_full_raw_fixed504_retain,lasso,characteristics,504,rank_ic,0.08496830616687236,0.005744673271644846,14.790798736329833,1.6794885820781173e-49,0.07370895345149858,0.09622765888224613,2266,2266,0,5,full,fixed504,retain,raw,3,f_cumret3,3031789
ld2_lasso_characteristics_full_raw_fixed504_retain,lasso,characteristics,504,ew_spread_bp,51.161522135041466,15.33603152988811,3.3360339691095255,0.0008498277915557363,21.103452670690064,81.21959159939287,2266,2266,0,5,full,fixed504,retain,raw,3,f_cumret3,3031789
ld2_lasso_characteristics_full_raw_fixed504_retain,lasso,characteristics,504,cap_spread_bp,42.960082779726726,15.684270487460605,2.7390552091072915,0.006161602552083369,12.219477500519464,73.70068805893399,2266,2266,0,5,full,fixed504,retain,raw,3,f_cumret3,3031789
ld2_lasso_characteristics_full_raw_fixed504_recent,lasso,characteristics,504,rank_ic,0.0842480689621224,0.0057117841123172156,14.749869271222119,3.0826124087223035e-49,0.07305317781451258,0.09544296010973223,2266,2266,0,5,full,fixed504,recent,raw,3,f_cumret3,3031789
ld2_lasso_characteristics_full_raw_fixed504_recent,lasso,characteristics,504,ew_spread_bp,48.99886513188221,15.30948800700846,3.2005554404857466,0.0013716297900361561,18.99282001639774,79.00491024736668,2266,2266,0,5,full,fixed504,recent,raw,3,f_cumret3,3031789
ld2_lasso_characteristics_full_raw_fixed504_recent,lasso,characteristics,504,cap_spread_bp,32.922728908004665,15.72959762497851,2.0930432991956236,0.036345289512241676,2.093284071740012,63.752173744269314,2266,2266,0,5,full,fixed504,recent,raw,3,f_cumret3,3031789
ld2_lasso_characteristics_full_raw_fixed504_union,lasso,characteristics,504,rank_ic,0.0850180020900652,0.0057630375690834795,14.752290102385361,2.9739912667187936e-49,0.07372265601311032,0.09631334816702009,2266,2266,0,5,full,fixed504,union,raw,3,f_cumret3,3031789
ld2_lasso_characteristics_full_raw_fixed504_union,lasso,characteristics,504,ew_spread_bp,48.61586237847854,15.410402236675251,3.154743246271505,0.001606394058590556,18.412029007319553,78.81969574963753,2266,2266,0,5,full,fixed504,union,raw,3,f_cumret3,3031789
ld2_lasso_characteristics_full_raw_fixed504_union,lasso,characteristics,504,cap_spread_bp,38.86705869599357,15.725387291339162,2.471612175644145,0.013450534517260178,8.045865962024937,69.68825142996221,2266,2266,0,5,full,fixed504,union,raw,3,f_cumret3,3031789
ld2_enet_characteristics_full_raw_fixed504_retain,enet,characteristics,504,rank_ic,0.08473526081411395,0.005761963907067345,14.705968690671908,5.902025043039293e-49,0.07344201907604225,0.09602850255218565,2266,2266,0,5,full,fixed504,retain,raw,3,f_cumret3,3031789
ld2_enet_characteristics_full_raw_fixed504_retain,enet,characteristics,504,ew_spread_bp,50.81205843964914,15.373605470446728,3.3051491100982857,0.0009492588323445751,20.6803454050456,80.94377147425269,2266,2266,0,5,full,fixed504,retain,raw,3,f_cumret3,3031789
ld2_enet_characteristics_full_raw_fixed504_retain,enet,characteristics,504,cap_spread_bp,43.64701095739332,15.76871148901859,2.767950379952688,0.005641004349342186,12.740904356313916,74.55311755847272,2266,2266,0,5,full,fixed504,retain,raw,3,f_cumret3,3031789
ld2_enet_characteristics_full_raw_fixed504_recent,enet,characteristics,504,rank_ic,0.08408099432133234,0.0057289505493982925,14.676509003933244,9.116463043814893e-49,0.07285245757530073,0.09530953106736395,2266,2266,0,5,full,fixed504,recent,raw,3,f_cumret3,3031789
ld2_enet_characteristics_full_raw_fixed504_recent,enet,characteristics,504,ew_spread_bp,49.53428845164493,15.315736662056109,3.234208679910474,0.0012198029270965552,19.515996197315253,79.5525807059746,2266,2266,0,5,full,fixed504,recent,raw,3,f_cumret3,3031789
ld2_enet_characteristics_full_raw_fixed504_recent,enet,characteristics,504,cap_spread_bp,33.97973670492959,15.744143354778595,2.1582461452001582,0.030908699409093004,3.121782762127925,64.83769064773126,2266,2266,0,5,full,fixed504,recent,raw,3,f_cumret3,3031789
ld2_enet_characteristics_full_raw_fixed504_union,enet,characteristics,504,rank_ic,0.0847432436450585,0.005781192962124518,14.658435412942243,1.189831535345748e-48,0.07341231365161802,0.09607417363849899,2266,2266,0,5,full,fixed504,union,raw,3,f_cumret3,3031789
ld2_enet_characteristics_full_raw_fixed504_union,enet,characteristics,504,ew_spread_bp,49.69286969784556,15.443938716384626,3.217629298484972,0.0012925475386518612,19.42330603428794,79.96243336140319,2266,2266,0,5,full,fixed504,union,raw,3,f_cumret3,3031789
ld2_enet_characteristics_full_raw_fixed504_union,enet,characteristics,504,cap_spread_bp,39.799731747862275,15.799096656780671,2.51911439068138,0.011765042792160422,8.834071312304985,70.76539218341956,2266,2266,0,5,full,fixed504,union,raw,3,f_cumret3,3031789
ld2_ols_characteristics_core_full_raw_fixed504_retain,ols,characteristics_core,504,rank_ic,0.0847858296798824,0.005438123740323138,15.59100780499054,8.380099976163848e-55,0.07412730300537679,0.095444356354388,2266,2266,0,5,full,fixed504,retain,raw,3,f_cumret3,3031789
ld2_ols_characteristics_core_full_raw_fixed504_retain,ols,characteristics_core,504,ew_spread_bp,60.57352953144943,14.75604008709694,4.104998981699466,4.0431666134211356e-05,31.652222406310145,89.49483665658872,2266,2266,0,5,full,fixed504,retain,raw,3,f_cumret3,3031789
ld2_ols_characteristics_core_full_raw_fixed504_retain,ols,characteristics_core,504,cap_spread_bp,36.445788286475874,15.240264762182928,2.391414378634167,0.016783598157073334,6.5754182377424435,66.31615833520931,2266,2266,0,5,full,fixed504,retain,raw,3,f_cumret3,3031789
ld2_ols_characteristics_core_full_raw_fixed504_recent,ols,characteristics_core,504,rank_ic,0.08454997375391046,0.005419174503118774,15.602002427722404,7.054621217667806e-55,0.07392858690185992,0.095171360605961,2266,2266,0,5,full,fixed504,recent,raw,3,f_cumret3,3031789
ld2_ols_characteristics_core_full_raw_fixed504_recent,ols,characteristics_core,504,ew_spread_bp,58.69634307873646,14.670738112362727,4.000912744074838,6.309862364339064e-05,29.94222475188638,87.45046140558654,2266,2266,0,5,full,fixed504,recent,raw,3,f_cumret3,3031789
ld2_ols_characteristics_core_full_raw_fixed504_recent,ols,characteristics_core,504,cap_spread_bp,34.291392840767244,15.198774248799403,2.2561946298712887,0.02405844472961498,4.502342703965599,64.0804429775689,2266,2266,0,5,full,fixed504,recent,raw,3,f_cumret3,3031789
ld2_ols_characteristics_core_full_raw_fixed504_union,ols,characteristics_core,504,rank_ic,0.08543319627426574,0.0054812735219690245,15.58637713149111,9.01005023646186e-55,0.07469009758179343,0.09617629496673805,2266,2266,0,5,full,fixed504,union,raw,3,f_cumret3,3031789
ld2_ols_characteristics_core_full_raw_fixed504_union,ols,characteristics_core,504,ew_spread_bp,61.500559835686936,14.831363867400846,4.146655721316662,3.373667578546814e-05,32.431620813972586,90.56949885740129,2266,2266,0,5,full,fixed504,union,raw,3,f_cumret3,3031789
ld2_ols_characteristics_core_full_raw_fixed504_union,ols,characteristics_core,504,cap_spread_bp,36.04587419756707,15.106080141954155,2.386183169878516,0.01702426940162258,6.438501171761221,65.65324722337293,2266,2266,0,5,full,fixed504,union,raw,3,f_cumret3,3031789
ld2_ridge_characteristics_core_full_raw_fixed504_retain,ridge,characteristics_core,504,rank_ic,0.08644211563035249,0.005790021190377886,14.929499010125529,2.1185176423117199e-50,0.0750938826274881,0.09779034863321688,2266,2266,0,5,full,fixed504,retain,raw,3,f_cumret3,3031789
ld2_ridge_characteristics_core_full_raw_fixed504_retain,ridge,characteristics_core,504,ew_spread_bp,54.98370319015215,15.789085996173018,3.4823867070886294,0.0004969654576016516,24.037663288847313,85.92974309145698,2266,2266,0,5,full,fixed504,retain,raw,3,f_cumret3,3031789
ld2_ridge_characteristics_core_full_raw_fixed504_retain,ridge,characteristics_core,504,cap_spread_bp,42.52702184093819,16.361080182604567,2.5992795931746477,0.009341964913044079,10.459893934861228,74.59414974701515,2266,2266,0,5,full,fixed504,retain,raw,3,f_cumret3,3031789
ld2_ridge_characteristics_core_full_raw_fixed504_recent,ridge,characteristics_core,504,rank_ic,0.08595899291178173,0.005754760918952475,14.937022427584816,1.8924420441851277e-50,0.07467986877099625,0.09723811705256721,2266,2266,0,5,full,fixed504,recent,raw,3,f_cumret3,3031789
ld2_ridge_characteristics_core_full_raw_fixed504_recent,ridge,characteristics_core,504,ew_spread_bp,52.91563105394048,15.722068592059138,3.3656914002186054,0.000763520758716163,22.100942851036216,83.73031925684475,2266,2266,0,5,full,fixed504,recent,raw,3,f_cumret3,3031789
ld2_ridge_characteristics_core_full_raw_fixed504_recent,ridge,characteristics_core,504,cap_spread_bp,37.3552211315167,16.373362625203285,2.2814630071172024,0.022521063326835827,5.264020080304071,69.44642218272932,2266,2266,0,5,full,fixed504,recent,raw,3,f_cumret3,3031789
ld2_ridge_characteristics_core_full_raw_fixed504_union,ridge,characteristics_core,504,rank_ic,0.08659228687851599,0.00580050005265371,14.928417566154542,2.1531529454134064e-50,0.07522351568299203,0.09796105807403994,2266,2266,0,5,full,fixed504,union,raw,3,f_cumret3,3031789
ld2_ridge_characteristics_core_full_raw_fixed504_union,ridge,characteristics_core,504,ew_spread_bp,55.076944970758994,15.804211093622415,3.4849537660873553,0.0004922220835368334,24.10126042319068,86.05262951832731,2266,2266,0,5,full,fixed504,union,raw,3,f_cumret3,3031789
ld2_ridge_characteristics_core_full_raw_fixed504_union,ridge,characteristics_core,504,cap_spread_bp,37.41119215808117,16.420666251088388,2.278299283721298,0.022708752316420524,5.227277703795579,69.59510661236676,2266,2266,0,5,full,fixed504,union,raw,3,f_cumret3,3031789
ld2_lasso_characteristics_core_full_raw_fixed504_retain,lasso,characteristics_core,504,rank_ic,0.08598175816424912,0.005707513146038264,15.064662308124745,2.76575194494808e-51,0.07479523795672523,0.09716827837177301,2266,2266,0,5,full,fixed504,retain,raw,3,f_cumret3,3031789
ld2_lasso_characteristics_core_full_raw_fixed504_retain,lasso,characteristics_core,504,ew_spread_bp,54.222681591832135,15.465694824797499,3.505997124997719,0.0004549001335074723,23.910476739341537,84.53488644432274,2266,2266,0,5,full,fixed504,retain,raw,3,f_cumret3,3031789
ld2_lasso_characteristics_core_full_raw_fixed504_retain,lasso,characteristics_core,504,cap_spread_bp,36.72422943787058,15.615377902527452,2.3517989553058793,0.018682869736148505,6.118651143934159,67.329807731807,2266,2266,0,5,full,fixed504,retain,raw,3,f_cumret3,3031789
ld2_lasso_characteristics_core_full_raw_fixed504_recent,lasso,characteristics_core,504,rank_ic,0.08528554586422168,0.005671191054409072,15.038383479942254,4.114756977682315e-51,0.07417021564813417,0.0964008760803092,2266,2266,0,5,full,fixed504,recent,raw,3,f_cumret3,3031789
ld2_lasso_characteristics_core_full_raw_fixed504_recent,lasso,characteristics_core,504,ew_spread_bp,53.09733351442877,15.45138270253046,3.4364130729693896,0.0005894714800171519,22.8131799061239,83.38148712273363,2266,2266,0,5,full,fixed504,recent,raw,3,f_cumret3,3031789
ld2_lasso_characteristics_core_full_raw_fixed504_recent,lasso,characteristics_core,504,cap_spread_bp,33.96020298081457,16.28734751105164,2.085066519135247,0.03706326287377286,2.0375884554652686,65.88281750616387,2266,2266,0,5,full,fixed504,recent,raw,3,f_cumret3,3031789
ld2_lasso_characteristics_core_full_raw_fixed504_union,lasso,characteristics_core,504,rank_ic,0.08607764083883544,0.005728494488144642,15.02622390873845,4.943966934158908e-51,0.07484999795643574,0.09730528372123515,2266,2266,0,5,full,fixed504,union,raw,3,f_cumret3,3031789
ld2_lasso_characteristics_core_full_raw_fixed504_union,lasso,characteristics_core,504,ew_spread_bp,54.39730271909619,15.523650846609481,3.5041565451710155,0.00045805600396150515,23.971506151166885,84.82309928702549,2266,2266,0,5,full,fixed504,union,raw,3,f_cumret3,3031789
ld2_lasso_characteristics_core_full_raw_fixed504_union,lasso,characteristics_core,504,cap_spread_bp,37.92558605600087,15.96716208771855,2.3752239657648406,0.017538304839145494,6.63052342875913,69.2206486832426,2266,2266,0,5,full,fixed504,union,raw,3,f_cumret3,3031789
ld2_enet_characteristics_core_full_raw_fixed504_retain,enet,characteristics_core,504,rank_ic,0.08577657085689602,0.005727448525207217,14.976401879367858,1.0473583010446934e-50,0.07455097802418283,0.09700216368960922,2266,2266,0,5,full,fixed504,retain,raw,3,f_cumret3,3031789
ld2_enet_characteristics_core_full_raw_fixed504_retain,enet,characteristics_core,504,ew_spread_bp,54.53024293294684,15.508977625643091,3.5160436908996897,0.00043802889539154246,24.13320534964886,84.92728051624482,2266,2266,0,5,full,fixed504,retain,raw,3,f_cumret3,3031789
ld2_enet_characteristics_core_full_raw_fixed504_retain,enet,characteristics_core,504,cap_spread_bp,35.457481505802626,15.697508229446209,2.2587968095018818,0.02389602709113647,4.690930729066945,66.2240322825383,2266,2266,0,5,full,fixed504,retain,raw,3,f_cumret3,3031789
ld2_enet_characteristics_core_full_raw_fixed504_recent,enet,characteristics_core,504,rank_ic,0.08511875221182913,0.0056905183945081764,14.957996145654464,1.3812271817395012e-50,0.07396554110523042,0.09627196331842784,2266,2266,0,5,full,fixed504,recent,raw,3,f_cumret3,3031789
ld2_enet_characteristics_core_full_raw_fixed504_recent,enet,characteristics_core,504,ew_spread_bp,53.13941187452288,15.557011591834883,3.415785323603742,0.0006359836343934987,22.648229447454373,83.63059430159139,2266,2266,0,5,full,fixed504,recent,raw,3,f_cumret3,3031789
ld2_enet_characteristics_core_full_raw_fixed504_recent,enet,characteristics_core,504,cap_spread_bp,33.65740173160536,16.355863084885165,2.0578187501892793,0.039607535474539955,1.6004991491622533,65.71430431404846,2266,2266,0,5,full,fixed504,recent,raw,3,f_cumret3,3031789
ld2_enet_characteristics_core_full_raw_fixed504_union,enet,characteristics_core,504,rank_ic,0.08582396118631402,0.005749345855597777,14.92760452091304,2.179562979741646e-50,0.07455545037467776,0.09709247199795029,2266,2266,0,5,full,fixed504,union,raw,3,f_cumret3,3031789
ld2_enet_characteristics_core_full_raw_fixed504_union,enet,characteristics_core,504,ew_spread_bp,55.027937202400764,15.57613501851442,3.5328364280992908,0.00041112675799780015,24.499273547779374,85.55660085702215,2266,2266,0,5,full,fixed504,union,raw,3,f_cumret3,3031789
ld2_enet_characteristics_core_full_raw_fixed504_union,enet,characteristics_core,504,cap_spread_bp,38.22539340380102,15.953697144680042,2.396021001097401,0.016574140657406877,6.956721579968644,69.4940652276334,2266,2266,0,5,full,fixed504,union,raw,3,f_cumret3,3031789
ld2_group_ridge_characteristics_core_full_raw_fixed504_retain,group_ridge,characteristics_core,504,rank_ic,0.08628702449956227,0.005802097328082407,14.871695461213529,5.0322596587059e-50,0.07491512270172468,0.09765892629739986,2266,2266,0,5,full,fixed504,retain,raw,3,f_cumret3,3031789
ld2_group_ridge_characteristics_core_full_raw_fixed504_retain,group_ridge,characteristics_core,504,ew_spread_bp,53.16534184984617,15.855259373230318,3.353167589273841,0.0007989231577689974,22.089604512773636,84.24107918691871,2266,2266,0,5,full,fixed504,retain,raw,3,f_cumret3,3031789
ld2_group_ridge_characteristics_core_full_raw_fixed504_retain,group_ridge,characteristics_core,504,cap_spread_bp,39.64552126235979,16.52706490960386,2.398824079121382,0.01644781461910834,7.253069269380497,72.0379732553391,2266,2266,0,5,full,fixed504,retain,raw,3,f_cumret3,3031789
ld2_group_ridge_characteristics_core_full_raw_fixed504_recent,group_ridge,characteristics_core,504,rank_ic,0.08583092041847254,0.005765193180991948,14.887778730721498,3.95698734361669e-50,0.07453134941981242,0.09713049141713266,2266,2266,0,5,full,fixed504,recent,raw,3,f_cumret3,3031789
ld2_group_ridge_characteristics_core_full_raw_fixed504_recent,group_ridge,characteristics_core,504,ew_spread_bp,52.93770251397484,15.711688173591961,3.3693198292308253,0.00075353936889255,22.143359557410697,83.73204547053899,2266,2266,0,5,full,fixed504,recent,raw,3,f_cumret3,3031789
ld2_group_ridge_characteristics_core_full_raw_fixed504_recent,group_ridge,characteristics_core,504,cap_spread_bp,38.83281149853817,16.474175312673726,2.357193046784184,0.01841367153671636,6.544021210698787,71.12160178637755,2266,2266,0,5,full,fixed504,recent,raw,3,f_cumret3,3031789
ld2_group_ridge_characteristics_core_full_raw_fixed504_union,group_ridge,characteristics_core,504,rank_ic,0.08641954750014848,0.00581196234986541,14.869254530210393,5.219124236471903e-50,0.0750283106149095,0.09781078438538746,2266,2266,0,5,full,fixed504,union,raw,3,f_cumret3,3031789
ld2_group_ridge_characteristics_core_full_raw_fixed504_union,group_ridge,characteristics_core,504,ew_spread_bp,54.176326972329875,15.794166625781072,3.430147867624556,0.0006032524070880284,23.220329219974463,85.13232472468529,2266,2266,0,5,full,fixed504,union,raw,3,f_cumret3,3031789
ld2_group_ridge_characteristics_core_full_raw_fixed504_union,group_ridge,characteristics_core,504,cap_spread_bp,37.52096179903741,16.50222555113072,2.2736910050575876,0.022984571376670978,5.17719405406455,69.86472954401026,2266,2266,0,5,full,fixed504,union,raw,3,f_cumret3,3031789
ld2_ols_characteristics_textcore_full_raw_fixed504_retain,ols,characteristics_textcore,504,rank_ic,0.07735962247584771,0.0047081937470922946,16.43084941515497,1.1503623256734825e-60,0.06813173229931013,0.08658751265238529,2266,2266,0,5,full,fixed504,retain,raw,3,f_cumret3,3031789
ld2_ols_characteristics_textcore_full_raw_fixed504_retain,ols,characteristics_textcore,504,ew_spread_bp,59.17217001279026,13.633660884770528,4.340152693609132,1.4238374263778931e-05,32.45068570120754,85.89365432437299,2266,2266,0,5,full,fixed504,retain,raw,3,f_cumret3,3031789
ld2_ols_characteristics_textcore_full_raw_fixed504_retain,ols,characteristics_textcore,504,cap_spread_bp,27.417673467035247,14.223589852445654,1.9276198028390812,0.0539024338777773,-0.4600503746276168,55.295397308698114,2266,2266,0,5,full,fixed504,retain,raw,3,f_cumret3,3031789
ld2_ols_characteristics_textcore_full_raw_fixed504_recent,ols,characteristics_textcore,504,rank_ic,0.07938210515730008,0.004809776512592557,16.50432300741385,3.415418164285003e-61,0.06995511641893201,0.08880909389566816,2266,2266,0,5,full,fixed504,recent,raw,3,f_cumret3,3031789
ld2_ols_characteristics_textcore_full_raw_fixed504_recent,ols,characteristics_textcore,504,ew_spread_bp,61.083181333173314,13.738644014604928,4.446085164462996,8.744929128361391e-06,34.15593386813087,88.01042879821576,2266,2266,0,5,full,fixed504,recent,raw,3,f_cumret3,3031789
ld2_ols_characteristics_textcore_full_raw_fixed504_recent,ols,characteristics_textcore,504,cap_spread_bp,29.510619577093436,14.755256169405852,2.000007267802097,0.045499479110742785,0.5908489023955283,58.430390251791344,2266,2266,0,5,full,fixed504,recent,raw,3,f_cumret3,3031789
ld2_ols_characteristics_textcore_full_raw_fixed504_union,ols,characteristics_textcore,504,rank_ic,0.08008266655444028,0.004883292729758747,16.399317220206182,1.9339943858824613e-60,0.07051158867814684,0.08965374443073372,2266,2266,0,5,full,fixed504,union,raw,3,f_cumret3,3031789
ld2_ols_characteristics_textcore_full_raw_fixed504_union,ols,characteristics_textcore,504,ew_spread_bp,62.26891662396352,13.919353227621913,4.473549568409222,7.693171373164532e-06,34.98748560973321,89.55034763819383,2266,2266,0,5,full,fixed504,union,raw,3,f_cumret3,3031789
ld2_ols_characteristics_textcore_full_raw_fixed504_union,ols,characteristics_textcore,504,cap_spread_bp,29.59117008006604,14.643726127911446,2.020740474220168,0.043306637673227726,0.8899942698914245,58.292345890240654,2266,2266,0,5,full,fixed504,union,raw,3,f_cumret3,3031789
ld2_ridge_characteristics_textcore_full_raw_fixed504_retain,ridge,characteristics_textcore,504,rank_ic,0.0838445864608345,0.005458315075000107,15.360891650402364,2.9942793447402313e-53,0.07314648549756224,0.09454268742410675,2266,2266,0,5,full,fixed504,retain,raw,3,f_cumret3,3031789
ld2_ridge_characteristics_textcore_full_raw_fixed504_retain,ridge,characteristics_textcore,504,ew_spread_bp,53.37873096630946,15.12976226062818,3.528061449135633,0.000418614966110992,23.72494184082492,83.032520091794,2266,2266,0,5,full,fixed504,retain,raw,3,f_cumret3,3031789
ld2_ridge_characteristics_textcore_full_raw_fixed504_retain,ridge,characteristics_textcore,504,cap_spread_bp,34.71686477217787,16.63243971728809,2.0872983977264905,0.03686116953868203,2.1178819512596547,67.3158475930961,2266,2266,0,5,full,fixed504,retain,raw,3,f_cumret3,3031789
ld2_ridge_characteristics_textcore_full_raw_fixed504_recent,ridge,characteristics_textcore,504,rank_ic,0.0836959174361097,0.005452845981137165,15.349033830340337,3.595006499849015e-53,0.07300853569983688,0.09438329917238251,2266,2266,0,5,full,fixed504,recent,raw,3,f_cumret3,3031789
ld2_ridge_characteristics_textcore_full_raw_fixed504_recent,ridge,characteristics_textcore,504,ew_spread_bp,54.03129922767826,15.11888741797372,3.573761595938896,0.000351889343500246,24.398824402133997,83.66377405322253,2266,2266,0,5,full,fixed504,recent,raw,3,f_cumret3,3031789
ld2_ridge_characteristics_textcore_full_raw_fixed504_recent,ridge,characteristics_textcore,504,cap_spread_bp,30.367451702759354,17.170398866579166,1.7685932597563132,0.07696177639410098,-3.285911675923174,64.02081508144188,2266,2266,0,5,full,fixed504,recent,raw,3,f_cumret3,3031789
ld2_ridge_characteristics_textcore_full_raw_fixed504_union,ridge,characteristics_textcore,504,rank_ic,0.08458433779120463,0.0055266682001747554,15.304761336772494,7.106218458042272e-53,0.0737522671643593,0.09541640841804995,2266,2266,0,5,full,fixed504,union,raw,3,f_cumret3,3031789
ld2_ridge_characteristics_textcore_full_raw_fixed504_union,ridge,characteristics_textcore,504,ew_spread_bp,55.10545134141624,15.223973222146656,3.6196497811263293,0.00029500201372598876,25.267012124406598,84.94389055842589,2266,2266,0,5,full,fixed504,union,raw,3,f_cumret3,3031789
ld2_ridge_characteristics_textcore_full_raw_fixed504_union,ridge,characteristics_textcore,504,cap_spread_bp,35.66512743479757,16.65352758836653,2.1415959619097014,0.03222600896733131,3.0248131460549885,68.30544172354016,2266,2266,0,5,full,fixed504,union,raw,3,f_cumret3,3031789
ld2_lasso_characteristics_textcore_full_raw_fixed504_retain,lasso,characteristics_textcore,504,rank_ic,0.08563401859362581,0.0056467565324671365,15.165169261549739,6.014365983550049e-52,0.07456657916052394,0.09670145802672768,2266,2266,0,5,full,fixed504,retain,raw,3,f_cumret3,3031789
ld2_lasso_characteristics_textcore_full_raw_fixed504_retain,lasso,characteristics_textcore,504,ew_spread_bp,54.63441352062271,15.397672840719736,3.548225377028398,0.0003878362042181739,24.45552930708148,84.81329773416394,2266,2266,0,5,full,fixed504,retain,raw,3,f_cumret3,3031789
ld2_lasso_characteristics_textcore_full_raw_fixed504_retain,lasso,characteristics_textcore,504,cap_spread_bp,19.947531035935313,16.756162001217348,1.1904594282680072,0.23386586726044833,-12.893943005569284,52.78900507743991,2266,2266,0,5,full,fixed504,retain,raw,3,f_cumret3,3031789
ld2_lasso_characteristics_textcore_full_raw_fixed504_recent,lasso,characteristics_textcore,504,rank_ic,0.0851308002420184,0.005610516816361313,15.173432863397025,5.3029207334055306e-52,0.0741343893472939,0.0961272111367429,2266,2266,0,5,full,fixed504,recent,raw,3,f_cumret3,3031789
ld2_lasso_characteristics_textcore_full_raw_fixed504_recent,lasso,characteristics_textcore,504,ew_spread_bp,55.67224247461458,15.294758713310001,3.6399555898954303,0.00027268506741534386,25.695066244296797,85.64941870493236,2266,2266,0,5,full,fixed504,recent,raw,3,f_cumret3,3031789
ld2_lasso_characteristics_textcore_full_raw_fixed504_recent,lasso,characteristics_textcore,504,cap_spread_bp,24.924108290275587,16.615698716303466,1.500033716055518,0.13360566911367003,-7.642062771647613,57.49027935219878,2266,2266,0,5,full,fixed504,recent,raw,3,f_cumret3,3031789
ld2_lasso_characteristics_textcore_full_raw_fixed504_union,lasso,characteristics_textcore,504,rank_ic,0.08580194275820689,0.0056822395730057405,15.100022034590165,1.6187929563483513e-51,0.07466495784358738,0.0969389276728264,2266,2266,0,5,full,fixed504,union,raw,3,f_cumret3,3031789
ld2_lasso_characteristics_textcore_full_raw_fixed504_union,lasso,characteristics_textcore,504,ew_spread_bp,56.57042401085304,15.417854657177008,3.6691501683419694,0.00024335810495095295,26.35198416391296,86.78886385779312,2266,2266,0,5,full,fixed504,union,raw,3,f_cumret3,3031789
ld2_lasso_characteristics_textcore_full_raw_fixed504_union,lasso,characteristics_textcore,504,cap_spread_bp,27.71714124779803,16.685116420561428,1.661189562551784,0.09667538115733436,-4.985086014360231,60.419368509956286,2266,2266,0,5,full,fixed504,union,raw,3,f_cumret3,3031789
ld2_enet_characteristics_textcore_full_raw_fixed504_retain,enet,characteristics_textcore,504,rank_ic,0.08532803630585513,0.005653682947863042,15.092469297045938,1.815198399308087e-51,0.07424702134803532,0.09640905126367494,2266,2266,0,5,full,fixed504,retain,raw,3,f_cumret3,3031789
ld2_enet_characteristics_textcore_full_raw_fixed504_retain,enet,characteristics_textcore,504,ew_spread_bp,53.84041595435822,15.495018438204296,3.474691957875317,0.0005114402914230885,23.470737875693725,84.21009403302271,2266,2266,0,5,full,fixed504,retain,raw,3,f_cumret3,3031789
ld2_enet_characteristics_textcore_full_raw_fixed504_retain,enet,characteristics_textcore,504,cap_spread_bp,21.365320348837926,16.783237606005233,1.2730154246992946,0.20301256843339754,-11.529220902910566,54.25986160058642,2266,2266,0,5,full,fixed504,retain,raw,3,f_cumret3,3031789
ld2_enet_characteristics_textcore_full_raw_fixed504_recent,enet,characteristics_textcore,504,rank_ic,0.08486974237368333,0.005621819259004578,15.096490737895175,1.707839437880912e-51,0.0738511790984407,0.09588830564892596,2266,2266,0,5,full,fixed504,recent,raw,3,f_cumret3,3031789
ld2_enet_characteristics_textcore_full_raw_fixed504_recent,enet,characteristics_textcore,504,ew_spread_bp,53.94560866819798,15.533536376990238,3.472847866639523,0.000514967170599303,23.500436816754316,84.39078051964164,2266,2266,0,5,full,fixed504,recent,raw,3,f_cumret3,3031789
ld2_enet_characteristics_textcore_full_raw_fixed504_recent,enet,characteristics_textcore,504,cap_spread_bp,24.348926491112213,17.073622969769755,1.426113633540109,0.1538355440304434,-9.114759615252307,57.81261259747673,2266,2266,0,5,full,fixed504,recent,raw,3,f_cumret3,3031789
ld2_enet_characteristics_textcore_full_raw_fixed504_union,enet,characteristics_textcore,504,rank_ic,0.08552212840680326,0.005687833090496596,15.035977154409862,4.267050186131044e-51,0.07437418039935478,0.09667007641425174,2266,2266,0,5,full,fixed504,union,raw,3,f_cumret3,3031789
ld2_enet_characteristics_textcore_full_raw_fixed504_union,enet,characteristics_textcore,504,ew_spread_bp,55.34451492374638,15.57680450124724,3.553008251423771,0.0003808525185331255,24.81453910708039,85.87449074041237,2266,2266,0,5,full,fixed504,union,raw,3,f_cumret3,3031789
ld2_enet_characteristics_textcore_full_raw_fixed504_union,enet,characteristics_textcore,504,cap_spread_bp,26.848178727700265,16.860486320708773,1.5923727356976756,0.11130097855520123,-6.197767222719179,59.89412467811971,2266,2266,0,5,full,fixed504,union,raw,3,f_cumret3,3031789
ld2_group_ridge_characteristics_textcore_full_raw_fixed504_retain,group_ridge,characteristics_textcore,504,rank_ic,0.08610793644844268,0.00576078113199286,14.94726747562702,1.6227227527784342e-50,0.07481701290691879,0.09739885998996657,2266,2266,0,5,full,fixed504,retain,raw,3,f_cumret3,3031789
ld2_group_ridge_characteristics_textcore_full_raw_fixed504_retain,group_ridge,characteristics_textcore,504,ew_spread_bp,52.537596272437625,15.829309625313748,3.319007430900278,0.0009033802541370377,21.51271950668946,83.56247303818579,2266,2266,0,5,full,fixed504,retain,raw,3,f_cumret3,3031789
ld2_group_ridge_characteristics_textcore_full_raw_fixed504_retain,group_ridge,characteristics_textcore,504,cap_spread_bp,38.97777638882224,16.53400784116493,2.3574306219801575,0.018401893537667087,6.571716500036132,71.38383627760835,2266,2266,0,5,full,fixed504,retain,raw,3,f_cumret3,3031789
ld2_group_ridge_characteristics_textcore_full_raw_fixed504_recent,group_ridge,characteristics_textcore,504,rank_ic,0.08563023665698338,0.005718319044530568,14.974721765286358,1.0741642893377753e-50,0.07442253727759397,0.0968379360363728,2266,2266,0,5,full,fixed504,recent,raw,3,f_cumret3,3031789
ld2_group_ridge_characteristics_textcore_full_raw_fixed504_recent,group_ridge,characteristics_textcore,504,ew_spread_bp,52.67257173629188,15.700697546347714,3.3547918225164803,0.0007942473077291705,21.899770013293963,83.4453734592898,2266,2266,0,5,full,fixed504,recent,raw,3,f_cumret3,3031789
ld2_group_ridge_characteristics_textcore_full_raw_fixed504_recent,group_ridge,characteristics_textcore,504,cap_spread_bp,38.181131827934465,16.536292765760663,2.3089293573098,0.02094750160600159,5.770593569233327,70.5916700866356,2266,2266,0,5,full,fixed504,recent,raw,3,f_cumret3,3031789
ld2_group_ridge_characteristics_textcore_full_raw_fixed504_union,group_ridge,characteristics_textcore,504,rank_ic,0.0862288763379495,0.005769315337504107,14.946119477541579,1.6509326307261075e-50,0.0749212260609869,0.09753652661491209,2266,2266,0,5,full,fixed504,union,raw,3,f_cumret3,3031789
ld2_group_ridge_characteristics_textcore_full_raw_fixed504_union,group_ridge,characteristics_textcore,504,ew_spread_bp,53.52491591079132,15.768719219587402,3.394373072754341,0.0006878591730197735,22.618794158075467,84.43103766350717,2266,2266,0,5,full,fixed504,union,raw,3,f_cumret3,3031789
ld2_group_ridge_characteristics_textcore_full_raw_fixed504_union,group_ridge,characteristics_textcore,504,cap_spread_bp,37.22604626087649,16.476473068313283,2.2593455593641414,0.02386189800099139,4.932752454738292,69.51934006701468,2266,2266,0,5,full,fixed504,union,raw,3,f_cumret3,3031789
ld2_ols_characteristics_textcore_pca_raw_fixed504_retain,ols,characteristics_textcore,504,rank_ic,0.08443681929919412,0.005315599418013737,15.88472205280385,8.085555498297966e-57,0.07401843588364512,0.09485520271474313,2266,2266,0,5,pca,fixed504,retain,raw,3,f_cumret3,3031789
ld2_ols_characteristics_textcore_pca_raw_fixed504_retain,ols,characteristics_textcore,504,ew_spread_bp,62.372707314878404,14.659679033704945,4.2547116598851575,2.0931857516418726e-05,33.64026438389977,91.10515024585703,2266,2266,0,5,pca,fixed504,retain,raw,3,f_cumret3,3031789
ld2_ols_characteristics_textcore_pca_raw_fixed504_retain,ols,characteristics_textcore,504,cap_spread_bp,33.58563483859065,15.307875901610863,2.194010132722359,0.028234681112728012,3.5827493916247484,63.588520285556555,2266,2266,0,5,pca,fixed504,retain,raw,3,f_cumret3,3031789
ld2_ols_characteristics_textcore_pca_raw_fixed504_recent,ols,characteristics_textcore,504,rank_ic,0.0841759776175792,0.005308884731507642,15.855680029744121,1.2842983920709386e-56,0.07377075474574962,0.09458120048940877,2266,2266,0,5,pca,fixed504,recent,raw,3,f_cumret3,3031789
ld2_ols_characteristics_textcore_pca_raw_fixed504_recent,ols,characteristics_textcore,504,ew_spread_bp,62.45620121704014,14.575011690497197,4.285156166136122,1.8261086879927565e-05,33.88970322941538,91.02269920466489,2266,2266,0,5,pca,fixed504,recent,raw,3,f_cumret3,3031789
ld2_ols_characteristics_textcore_pca_raw_fixed504_recent,ols,characteristics_textcore,504,cap_spread_bp,32.10422990039123,15.460168813849311,2.07657693049458,0.03784062394967596,1.8028558303372542,62.40560397044521,2266,2266,0,5,pca,fixed504,recent,raw,3,f_cumret3,3031789
ld2_ols_characteristics_textcore_pca_raw_fixed504_union,ols,characteristics_textcore,504,rank_ic,0.08513259708367345,0.005374187944894891,15.841015974244733,1.6217919401593048e-56,0.07459938226553013,0.09566581190181676,2266,2266,0,5,pca,fixed504,union,raw,3,f_cumret3,3031789
ld2_ols_characteristics_textcore_pca_raw_fixed504_union,ols,characteristics_textcore,504,ew_spread_bp,63.92711545600024,14.65665924554168,4.361643017350344,1.290893715028306e-05,35.200591201062544,92.65363971093794,2266,2266,0,5,pca,fixed504,union,raw,3,f_cumret3,3031789
ld2_ols_characteristics_textcore_pca_raw_fixed504_union,ols,characteristics_textcore,504,cap_spread_bp,31.211194891770187,15.31057097888604,2.038538924172836,0.041496066177789594,1.20302719040939,61.21936259313098,2266,2266,0,5,pca,fixed504,union,raw,3,f_cumret3,3031789
ld2_ridge_characteristics_textcore_pca_raw_fixed504_retain,ridge,characteristics_textcore,504,rank_ic,0.08621686536975774,0.005692322728569919,15.146166069789578,8.031731845727433e-52,0.07506011783338193,0.09737361290613356,2266,2266,0,5,pca,fixed504,retain,raw,3,f_cumret3,3031789
ld2_ridge_characteristics_textcore_pca_raw_fixed504_retain,ridge,characteristics_textcore,504,ew_spread_bp,56.868240760791984,15.628727465616624,3.6386993685764084,0.00027401845231020253,26.236497803991444,87.49998371759253,2266,2266,0,5,pca,fixed504,retain,raw,3,f_cumret3,3031789
ld2_ridge_characteristics_textcore_pca_raw_fixed504_retain,ridge,characteristics_textcore,504,cap_spread_bp,40.2767563663024,16.41970198557802,2.4529529465077284,0.014168887127004013,8.09473183768867,72.45878089491613,2266,2266,0,5,pca,fixed504,retain,raw,3,f_cumret3,3031789
ld2_ridge_characteristics_textcore_pca_raw_fixed504_recent,ridge,characteristics_textcore,504,rank_ic,0.08572295308468163,0.005659481026508514,15.146786902043281,7.95623674027383e-52,0.07463057410153716,0.0968153320678261,2266,2266,0,5,pca,fixed504,recent,raw,3,f_cumret3,3031789
ld2_ridge_characteristics_textcore_pca_raw_fixed504_recent,ridge,characteristics_textcore,504,ew_spread_bp,56.76646384144004,15.623014097390323,3.6335154975583324,0.0002795856457482448,26.14591888059347,87.38700880228662,2266,2266,0,5,pca,fixed504,recent,raw,3,f_cumret3,3031789
ld2_ridge_characteristics_textcore_pca_raw_fixed504_recent,ridge,characteristics_textcore,504,cap_spread_bp,34.95932343587545,17.179042327498873,2.0349983875361484,0.041851035226871884,1.289019185088513,68.62962768666239,2266,2266,0,5,pca,fixed504,recent,raw,3,f_cumret3,3031789
ld2_ridge_characteristics_textcore_pca_raw_fixed504_union,ridge,characteristics_textcore,504,rank_ic,0.08636312441822178,0.005710074841462757,15.124692200373687,1.1131991305234677e-51,0.07517158337992652,0.09755466545651703,2266,2266,0,5,pca,fixed504,union,raw,3,f_cumret3,3031789
ld2_ridge_characteristics_textcore_pca_raw_fixed504_union,ridge,characteristics_textcore,504,ew_spread_bp,56.41563521413416,15.712968593169444,3.590386811990352,0.0003301875923189734,25.61878268131305,87.21248774695528,2266,2266,0,5,pca,fixed504,union,raw,3,f_cumret3,3031789
ld2_ridge_characteristics_textcore_pca_raw_fixed504_union,ridge,characteristics_textcore,504,cap_spread_bp,39.333602599928646,16.715213216014305,2.353161882628239,0.018614528246371505,6.572386702632677,72.09481849722462,2266,2266,0,5,pca,fixed504,union,raw,3,f_cumret3,3031789
ld2_lasso_characteristics_textcore_pca_raw_fixed504_retain,lasso,characteristics_textcore,504,rank_ic,0.08587234236788496,0.005634536972677137,15.240354759281036,1.9083139091307084e-52,0.07482885283187843,0.0969158319038915,2266,2266,0,5,pca,fixed504,retain,raw,3,f_cumret3,3031789
ld2_lasso_characteristics_textcore_pca_raw_fixed504_retain,lasso,characteristics_textcore,504,ew_spread_bp,58.70640965900982,15.289155690227538,3.839741765239107,0.00012316379068179556,28.740215152138216,88.67260416588142,2266,2266,0,5,pca,fixed504,retain,raw,3,f_cumret3,3031789
ld2_lasso_characteristics_textcore_pca_raw_fixed504_retain,lasso,characteristics_textcore,504,cap_spread_bp,28.306111997257727,15.748583045949726,1.7973751616046238,0.07227608121383433,-2.5605435803418395,59.17276757485729,2266,2266,0,5,pca,fixed504,retain,raw,3,f_cumret3,3031789
ld2_lasso_characteristics_textcore_pca_raw_fixed504_recent,lasso,characteristics_textcore,504,rank_ic,0.08512349664762112,0.005589813024232353,15.228326292597433,2.2938892519947962e-52,0.07416766443981279,0.09607932885542944,2266,2266,0,5,pca,fixed504,recent,raw,3,f_cumret3,3031789
ld2_lasso_characteristics_textcore_pca_raw_fixed504_recent,lasso,characteristics_textcore,504,ew_spread_bp,58.1640844792589,15.21591779190513,3.8225814094633317,0.0001320618572711893,28.341433615402618,87.98673534311517,2266,2266,0,5,pca,fixed504,recent,raw,3,f_cumret3,3031789
ld2_lasso_characteristics_textcore_pca_raw_fixed504_recent,lasso,characteristics_textcore,504,cap_spread_bp,29.500523113162075,16.06707182678865,1.8360858425973934,0.0663449617923612,-1.9903590043618493,60.991405230686,2266,2266,0,5,pca,fixed504,recent,raw,3,f_cumret3,3031789
ld2_lasso_characteristics_textcore_pca_raw_fixed504_union,lasso,characteristics_textcore,504,rank_ic,0.08589385954152581,0.005660204484432145,15.175045314664642,5.174199652343286e-52,0.0748000626069067,0.09698765647614492,2266,2266,0,5,pca,fixed504,union,raw,3,f_cumret3,3031789
ld2_lasso_characteristics_textcore_pca_raw_fixed504_union,lasso,characteristics_textcore,504,ew_spread_bp,58.38119050185237,15.394202507252292,3.792414090586939,0.000149189869651415,28.209108016921682,88.55327298678307,2266,2266,0,5,pca,fixed504,union,raw,3,f_cumret3,3031789
ld2_lasso_characteristics_textcore_pca_raw_fixed504_union,lasso,characteristics_textcore,504,cap_spread_bp,32.18741001849129,16.026333691480822,2.008407577061825,0.04459999838788336,0.7763731789680257,63.598446858014555,2266,2266,0,5,pca,fixed504,union,raw,3,f_cumret3,3031789
ld2_enet_characteristics_textcore_pca_raw_fixed504_retain,enet,characteristics_textcore,504,rank_ic,0.08600283559697121,0.0056432380529677865,15.239980094715692,1.919288241097534e-52,0.07494229225696841,0.097063378936974,2266,2266,0,5,pca,fixed504,retain,raw,3,f_cumret3,3031789
ld2_enet_characteristics_textcore_pca_raw_fixed504_retain,enet,characteristics_textcore,504,ew_spread_bp,58.94197358538244,15.251413329997456,3.8646892789569605,0.00011123070639242821,29.049752745253333,88.83419442551155,2266,2266,0,5,pca,fixed504,retain,raw,3,f_cumret3,3031789
ld2_enet_characteristics_textcore_pca_raw_fixed504_retain,enet,characteristics_textcore,504,cap_spread_bp,28.70719867454235,15.656620611830583,1.8335501246578323,0.06672080154083053,-1.9792138442530565,59.39361119333776,2266,2266,0,5,pca,fixed504,retain,raw,3,f_cumret3,3031789
ld2_enet_characteristics_textcore_pca_raw_fixed504_recent,enet,characteristics_textcore,504,rank_ic,0.08522842357448246,0.005600435262457988,15.218178512981572,2.678861566351896e-52,0.07425177216231668,0.09620507498664824,2266,2266,0,5,pca,fixed504,recent,raw,3,f_cumret3,3031789
ld2_enet_characteristics_textcore_pca_raw_fixed504_recent,enet,characteristics_textcore,504,ew_spread_bp,57.654587492900504,15.200587669614503,3.7929183230297214,0.0001488871391583885,27.861983116612446,87.44719186918856,2266,2266,0,5,pca,fixed504,recent,raw,3,f_cumret3,3031789
ld2_enet_characteristics_textcore_pca_raw_fixed504_recent,enet,characteristics_textcore,504,cap_spread_bp,30.801582223129643,15.997119401252945,1.925445541196446,0.054173642818969754,-0.5521956597130853,62.15536010597237,2266,2266,0,5,pca,fixed504,recent,raw,3,f_cumret3,3031789
ld2_enet_characteristics_textcore_pca_raw_fixed504_union,enet,characteristics_textcore,504,rank_ic,0.08600581735681606,0.0056685150054478235,15.172548237793972,5.3748892721785275e-52,0.07489573210031346,0.09711590261331866,2266,2266,0,5,pca,fixed504,union,raw,3,f_cumret3,3031789
ld2_enet_characteristics_textcore_pca_raw_fixed504_union,enet,characteristics_textcore,504,ew_spread_bp,58.79513007471947,15.339248077739853,3.832986452578618,0.00012659692787722645,28.7307562924241,88.85950385701483,2266,2266,0,5,pca,fixed504,union,raw,3,f_cumret3,3031789
ld2_enet_characteristics_textcore_pca_raw_fixed504_union,enet,characteristics_textcore,504,cap_spread_bp,30.850840908231024,16.03498403718522,1.9239707901602985,0.05435824490022283,-0.5771502973266855,62.27883211378874,2266,2266,0,5,pca,fixed504,union,raw,3,f_cumret3,3031789
ld2_group_ridge_characteristics_textcore_pca_raw_fixed504_retain,group_ridge,characteristics_textcore,504,rank_ic,0.08626948676766626,0.005729239553097959,15.05775521657459,3.070364675323642e-51,0.0750403835847919,0.09749858995054062,2266,2266,0,5,pca,fixed504,retain,raw,3,f_cumret3,3031789
ld2_group_ridge_characteristics_textcore_pca_raw_fixed504_retain,group_ridge,characteristics_textcore,504,ew_spread_bp,53.7791617468218,15.744022591253222,3.415846327399165,0.0006358411829586714,22.92144449618051,84.63687899746309,2266,2266,0,5,pca,fixed504,retain,raw,3,f_cumret3,3031789
ld2_group_ridge_characteristics_textcore_pca_raw_fixed504_retain,group_ridge,characteristics_textcore,504,cap_spread_bp,38.46103203628828,16.50717462818646,2.3299585121378072,0.019808343981091693,6.107564278529466,70.8144997940471,2266,2266,0,5,pca,fixed504,retain,raw,3,f_cumret3,3031789
ld2_group_ridge_characteristics_textcore_pca_raw_fixed504_recent,group_ridge,characteristics_textcore,504,rank_ic,0.08565311897803055,0.005681442174696781,15.075946624872913,2.3315006941078382e-51,0.07451769693537794,0.09678854102068316,2266,2266,0,5,pca,fixed504,recent,raw,3,f_cumret3,3031789
ld2_group_ridge_characteristics_textcore_pca_raw_fixed504_recent,group_ridge,characteristics_textcore,504,ew_spread_bp,53.76650226329343,15.657967588722254,3.433811058723808,0.0005951588923805179,23.07744971830234,84.45555480828452,2266,2266,0,5,pca,fixed504,recent,raw,3,f_cumret3,3031789
ld2_group_ridge_characteristics_textcore_pca_raw_fixed504_recent,group_ridge,characteristics_textcore,504,cap_spread_bp,34.88247010500929,16.807865953121567,2.0753657961277883,0.037952645693263586,1.9396581799140264,67.82528203010455,2266,2266,0,5,pca,fixed504,recent,raw,3,f_cumret3,3031789
ld2_group_ridge_characteristics_textcore_pca_raw_fixed504_union,group_ridge,characteristics_textcore,504,rank_ic,0.08632367693133328,0.005739479433954628,15.040332128493116,3.9954048097043733e-51,0.07507450395077386,0.09757284991189269,2266,2266,0,5,pca,fixed504,union,raw,3,f_cumret3,3031789
ld2_group_ridge_characteristics_textcore_pca_raw_fixed504_union,group_ridge,characteristics_textcore,504,ew_spread_bp,54.46892281170354,15.67998256627835,3.473787204894308,0.0005131678352522667,23.736721703582045,85.20112391982504,2266,2266,0,5,pca,fixed504,union,raw,3,f_cumret3,3031789
ld2_group_ridge_characteristics_textcore_pca_raw_fixed504_union,group_ridge,characteristics_textcore,504,cap_spread_bp,38.39340623454754,16.812082933914358,2.2836793266762934,0.02239038390193495,5.442329178974916,71.34448329012017,2266,2266,0,5,pca,fixed504,union,raw,3,f_cumret3,3031789
ld2_ols_characteristics_full_raw_fixed504_retain,ols,characteristics,504,rank_ic,0.09252453241735271,0.006637961825669624,13.938696070765522,3.686130964936193e-44,0.07951436630828851,0.10553469852641692,2266,2266,0,5,full,fixed504,retain,raw,5,f_cumret5,3030544
ld2_ols_characteristics_full_raw_fixed504_retain,ols,characteristics,504,ew_spread_bp,77.82770492611982,22.433775588646306,3.469220088191855,0.0005219716650791498,33.85831273511921,121.79709711712043,2266,2266,0,5,full,fixed504,retain,raw,5,f_cumret5,3030544
ld2_ols_characteristics_full_raw_fixed504_retain,ols,characteristics,504,cap_spread_bp,59.49114072685713,22.51078522809692,2.6427838977648386,0.00822274981967731,15.370812416070905,103.61146903764336,2266,2266,0,5,full,fixed504,retain,raw,5,f_cumret5,3030544
ld2_ols_characteristics_full_raw_fixed504_recent,ols,characteristics,504,rank_ic,0.09202446042504146,0.006619460600816377,13.902108642159165,6.150239328283185e-44,0.07905055605035949,0.10499836479972344,2266,2266,0,5,full,fixed504,recent,raw,5,f_cumret5,3030544
ld2_ols_characteristics_full_raw_fixed504_recent,ols,characteristics,504,ew_spread_bp,78.50551601609014,22.356006722520117,3.51160728257468,0.00044540564839442383,34.68854800181538,122.3224840303649,2266,2266,0,5,full,fixed504,recent,raw,5,f_cumret5,3030544
ld2_ols_characteristics_full_raw_fixed504_recent,ols,characteristics,504,cap_spread_bp,53.375686357756734,22.855759246409765,2.335327642468981,0.01952631119025257,8.579221395475273,98.1721513200382,2266,2266,0,5,full,fixed504,recent,raw,5,f_cumret5,3030544
ld2_ols_characteristics_full_raw_fixed504_union,ols,characteristics,504,rank_ic,0.09305138803435686,0.006683821851974568,13.921883331894485,4.664489990793768e-44,0.0799513379254049,0.10615143814330882,2266,2266,0,5,full,fixed504,union,raw,5,f_cumret5,3030544
ld2_ols_characteristics_full_raw_fixed504_union,ols,characteristics,504,ew_spread_bp,79.0299610196207,22.569330280062346,3.501652908568379,0.00046238155881968865,34.79488651550921,123.2650355237322,2266,2266,0,5,full,fixed504,union,raw,5,f_cumret5,3030544
ld2_ols_characteristics_full_raw_fixed504_union,ols,characteristics,504,cap_spread_bp,58.947119684335114,22.67306277319888,2.599874585713875,0.009325783599740636,14.508733229649472,103.38550613902075,2266,2266,0,5,full,fixed504,union,raw,5,f_cumret5,3030544
ld2_ridge_characteristics_full_raw_fixed504_retain,ridge,characteristics,504,rank_ic,0.09400830305409197,0.007023146564904973,13.385496398986792,7.350463280254334e-41,0.08024318872873203,0.10777341737945191,2266,2266,0,5,full,fixed504,retain,raw,5,f_cumret5,3030544
ld2_ridge_characteristics_full_raw_fixed504_retain,ridge,characteristics,504,ew_spread_bp,66.7584991447732,23.978721400956758,2.7840725128116928,0.005368103151180362,19.76106880357812,113.75592948596827,2266,2266,0,5,full,fixed504,retain,raw,5,f_cumret5,3030544
ld2_ridge_characteristics_full_raw_fixed504_retain,ridge,characteristics,504,cap_spread_bp,55.77555237254659,24.649351494781072,2.2627594232795847,0.02365052348827923,7.4637112005071415,104.08739354458604,2266,2266,0,5,full,fixed504,retain,raw,5,f_cumret5,3030544
ld2_ridge_characteristics_full_raw_fixed504_recent,ridge,characteristics,504,rank_ic,0.09321306363986191,0.006977411915699029,13.359260534716961,1.045980525435061e-40,0.0795375875797912,0.10688853969993263,2266,2266,0,5,full,fixed504,recent,raw,5,f_cumret5,3030544
ld2_ridge_characteristics_full_raw_fixed504_recent,ridge,characteristics,504,ew_spread_bp,65.72889820041753,24.00580525383301,2.7380417988654053,0.00618062198745407,18.67838448302242,112.77941191781264,2266,2266,0,5,full,fixed504,recent,raw,5,f_cumret5,3030544
ld2_ridge_characteristics_full_raw_fixed504_recent,ridge,characteristics,504,cap_spread_bp,47.4716130353819,24.734833988853936,1.919221008589492,0.054956369856440514,-1.007770746349017,95.95099681711281,2266,2266,0,5,full,fixed504,recent,raw,5,f_cumret5,3030544
ld2_ridge_characteristics_full_raw_fixed504_union,ridge,characteristics,504,rank_ic,0.09403939239189632,0.0070344883163511954,13.368334434973482,9.259096586883979e-41,0.08025204864218018,0.10782673614161246,2266,2266,0,5,full,fixed504,union,raw,5,f_cumret5,3030544
ld2_ridge_characteristics_full_raw_fixed504_union,ridge,characteristics,504,ew_spread_bp,68.56702506097007,23.945192323339185,2.863498615299838,0.0041899064540300065,21.635310504340282,115.49873961759985,2266,2266,0,5,full,fixed504,union,raw,5,f_cumret5,3030544
ld2_ridge_characteristics_full_raw_fixed504_union,ridge,characteristics,504,cap_spread_bp,56.767488557683976,24.582166741175627,2.3092955619163256,0.020927185769453807,8.5873270830214,104.94765003234656,2266,2266,0,5,full,fixed504,union,raw,5,f_cumret5,3030544
ld2_lasso_characteristics_full_raw_fixed504_retain,lasso,characteristics,504,rank_ic,0.09402112571436047,0.006940252950997203,13.547218866259211,8.228924190166651e-42,0.08041847988680813,0.10762377154191281,2266,2266,0,5,full,fixed504,retain,raw,5,f_cumret5,3030544
ld2_lasso_characteristics_full_raw_fixed504_retain,lasso,characteristics,504,ew_spread_bp,73.58064827831511,23.386300114668575,3.1463142060749987,0.0016534227387808775,27.744342321919767,119.41695423471046,2266,2266,0,5,full,fixed504,retain,raw,5,f_cumret5,3030544
ld2_lasso_characteristics_full_raw_fixed504_retain,lasso,characteristics,504,cap_spread_bp,68.13932248746738,23.449417575618618,2.905800208799847,0.00366315262578654,22.179308580814343,114.09933639412043,2266,2266,0,5,full,fixed504,retain,raw,5,f_cumret5,3030544
ld2_lasso_characteristics_full_raw_fixed504_recent,lasso,characteristics,504,rank_ic,0.09278992739531114,0.0068942244601743075,13.459081283373985,2.722805287593057e-41,0.0792774957520344,0.10630235903858788,2266,2266,0,5,full,fixed504,recent,raw,5,f_cumret5,3030544
ld2_lasso_characteristics_full_raw_fixed504_recent,lasso,characteristics,504,ew_spread_bp,67.65080040755063,23.530243555200293,2.8750573808913886,0.004039540780761223,21.53237049190234,113.76923032319893,2266,2266,0,5,full,fixed504,recent,raw,5,f_cumret5,3030544
ld2_lasso_characteristics_full_raw_fixed504_recent,lasso,characteristics,504,cap_spread_bp,49.80020113851604,23.716695222723377,2.0997951304278515,0.03574686680376771,3.3163326696650657,96.284069607367,2266,2266,0,5,full,fixed504,recent,raw,5,f_cumret5,3030544
ld2_lasso_characteristics_full_raw_fixed504_union,lasso,characteristics,504,rank_ic,0.09380286707852706,0.00695899683770162,13.479366245768803,2.068761556605304e-41,0.08016348390810375,0.10744225024895036,2266,2266,0,5,full,fixed504,union,raw,5,f_cumret5,3030544
ld2_lasso_characteristics_full_raw_fixed504_union,lasso,characteristics,504,ew_spread_bp,67.59569076347526,23.643759195781307,2.8589231603888177,0.0042508173729060945,21.254774280606185,113.93660724634434,2266,2266,0,5,full,fixed504,union,raw,5,f_cumret5,3030544
ld2_lasso_characteristics_full_raw_fixed504_union,lasso,characteristics,504,cap_spread_bp,58.99362473999563,23.76538254514976,2.4823343208517192,0.013052474998967431,12.414330872685262,105.57291860730601,2266,2266,0,5,full,fixed504,union,raw,5,f_cumret5,3030544
ld2_enet_characteristics_full_raw_fixed504_retain,enet,characteristics,504,rank_ic,0.09383309302447947,0.006964654665308001,13.472756013571829,2.2626015897867251e-41,0.08018262071571691,0.10748356533324202,2266,2266,0,5,full,fixed504,retain,raw,5,f_cumret5,3030544
ld2_enet_characteristics_full_raw_fixed504_retain,enet,characteristics,504,ew_spread_bp,73.11205749494145,23.422514935095986,3.1214435212245855,0.0017996676492837062,27.2047717948018,119.0193431950811,2266,2266,0,5,full,fixed504,retain,raw,5,f_cumret5,3030544
ld2_enet_characteristics_full_raw_fixed504_retain,enet,characteristics,504,cap_spread_bp,68.93759102170092,23.560246682154826,2.9260131250627412,0.003433364518283894,22.760356057798163,115.11482598560369,2266,2266,0,5,full,fixed504,retain,raw,5,f_cumret5,3030544
ld2_enet_characteristics_full_raw_fixed504_recent,enet,characteristics,504,rank_ic,0.09266262893827241,0.006919191446565193,13.392118089790934,6.723558826527073e-41,0.07910126290086704,0.10622399497567779,2266,2266,0,5,full,fixed504,recent,raw,5,f_cumret5,3030544
ld2_enet_characteristics_full_raw_fixed504_recent,enet,characteristics,504,ew_spread_bp,67.53027657234668,23.570369281793297,2.8650495783496184,0.004169439580414325,21.3332016777226,113.72735146697076,2266,2266,0,5,full,fixed504,recent,raw,5,f_cumret5,3030544
ld2_enet_characteristics_full_raw_fixed504_recent,enet,characteristics,504,cap_spread_bp,50.599049134171075,23.7839034356961,2.127449317601476,0.033382768159612934,3.9834549884282637,97.21464327991389,2266,2266,0,5,full,fixed504,recent,raw,5,f_cumret5,3030544
ld2_enet_characteristics_full_raw_fixed504_union,enet,characteristics,504,rank_ic,0.09359419812219169,0.0069859339812672755,13.397521129338434,6.251652755261466e-41,0.07990201912053332,0.10728637712385006,2266,2266,0,5,full,fixed504,union,raw,5,f_cumret5,3030544
ld2_enet_characteristics_full_raw_fixed504_union,enet,characteristics,504,ew_spread_bp,68.6028731408446,23.667557023431055,2.8986039020811165,0.0037482809229040025,22.215313772871724,114.99043250881746,2266,2266,0,5,full,fixed504,union,raw,5,f_cumret5,3030544
ld2_enet_characteristics_full_raw_fixed504_union,enet,characteristics,504,cap_spread_bp,61.39840137680243,23.834589111459685,2.5760209706020083,0.009994458455411914,14.683465132030925,108.11333762157395,2266,2266,0,5,full,fixed504,union,raw,5,f_cumret5,3030544
ld2_ols_characteristics_core_full_raw_fixed504_retain,ols,characteristics_core,504,rank_ic,0.09354215649959742,0.0065665742802418475,14.245198867399738,4.8017910475783076e-46,0.08067190740851637,0.10641240559067847,2266,2266,0,5,full,fixed504,retain,raw,5,f_cumret5,3030544
ld2_ols_characteristics_core_full_raw_fixed504_retain,ols,characteristics_core,504,ew_spread_bp,85.22111130975571,22.357503863270534,3.8117453464811466,0.00013798899801937205,41.40120895353034,129.0410136659811,2266,2266,0,5,full,fixed504,retain,raw,5,f_cumret5,3030544
ld2_ols_characteristics_core_full_raw_fixed504_retain,ols,characteristics_core,504,cap_spread_bp,58.97035978600445,22.25629584909028,2.6496035182968174,0.008058628022606993,15.3488214925192,102.59189807948971,2266,2266,0,5,full,fixed504,retain,raw,5,f_cumret5,3030544
ld2_ols_characteristics_core_full_raw_fixed504_recent,ols,characteristics_core,504,rank_ic,0.09298819526977516,0.006540554456478769,14.217173159939884,7.169087442464327e-46,0.08016894409615383,0.10580744644339649,2266,2266,0,5,full,fixed504,recent,raw,5,f_cumret5,3030544
ld2_ols_characteristics_core_full_raw_fixed504_recent,ols,characteristics_core,504,ew_spread_bp,83.00057268328881,22.229280759438,3.733839775632364,0.00018858248934028245,39.431982992561146,126.56916237401647,2266,2266,0,5,full,fixed504,recent,raw,5,f_cumret5,3030544
ld2_ols_characteristics_core_full_raw_fixed504_recent,ols,characteristics_core,504,cap_spread_bp,52.52097474613471,22.861756924747844,2.2973288937947185,0.021600014716917432,7.712754550319758,97.32919494194967,2266,2266,0,5,full,fixed504,recent,raw,5,f_cumret5,3030544
ld2_ols_characteristics_core_full_raw_fixed504_union,ols,characteristics_core,504,rank_ic,0.09408465556257203,0.006613568002208168,14.226005619229836,6.318941422631029e-46,0.08112230046893751,0.10704701065620656,2266,2266,0,5,full,fixed504,union,raw,5,f_cumret5,3030544
ld2_ols_characteristics_core_full_raw_fixed504_union,ols,characteristics_core,504,ew_spread_bp,86.30027155610641,22.42201238116191,3.848908389177971,0.00011864536527314196,42.353934828117886,130.24660828409492,2266,2266,0,5,full,fixed504,union,raw,5,f_cumret5,3030544
ld2_ols_characteristics_core_full_raw_fixed504_union,ols,characteristics_core,504,cap_spread_bp,57.77107457032102,22.42369092782782,2.5763410116675782,0.00998521141320166,13.821447951320941,101.72070118932109,2266,2266,0,5,full,fixed504,union,raw,5,f_cumret5,3030544
ld2_ridge_characteristics_core_full_raw_fixed504_retain,ridge,characteristics_core,504,rank_ic,0.09554978262484104,0.007004401463680229,13.641391505083375,2.2718383022210565e-42,0.08182140802276815,0.10927815722691393,2266,2266,0,5,full,fixed504,retain,raw,5,f_cumret5,3030544
ld2_ridge_characteristics_core_full_raw_fixed504_retain,ridge,characteristics_core,504,ew_spread_bp,76.90502125762124,24.085157930704135,3.1930461688848437,0.0014078043593211073,29.698979151481886,124.11106336376059,2266,2266,0,5,full,fixed504,retain,raw,5,f_cumret5,3030544
ld2_ridge_characteristics_core_full_raw_fixed504_retain,ridge,characteristics_core,504,cap_spread_bp,62.54606084442404,25.08912132973981,2.492955413718854,0.012668475312057309,13.37228663437834,111.71983505446974,2266,2266,0,5,full,fixed504,retain,raw,5,f_cumret5,3030544
ld2_ridge_characteristics_core_full_raw_fixed504_recent,ridge,characteristics_core,504,rank_ic,0.09471866771475577,0.006949427735410271,13.62970755593646,2.6664667760005152e-42,0.0810980396401879,0.10833929578932365,2266,2266,0,5,full,fixed504,recent,raw,5,f_cumret5,3030544
ld2_ridge_characteristics_core_full_raw_fixed504_recent,ridge,characteristics_core,504,ew_spread_bp,75.73626649289476,23.850721258039176,3.1754287710425917,0.001496152478364,28.98971182183412,122.48282116395539,2266,2266,0,5,full,fixed504,recent,raw,5,f_cumret5,3030544
ld2_ridge_characteristics_core_full_raw_fixed504_recent,ridge,characteristics_core,504,cap_spread_bp,55.64803678160982,25.08706284723612,2.218196570896726,0.026541432455712447,6.478297123134162,104.81777644008548,2266,2266,0,5,full,fixed504,recent,raw,5,f_cumret5,3030544
ld2_ridge_characteristics_core_full_raw_fixed504_union,ridge,characteristics_core,504,rank_ic,0.09556581037813063,0.00700784713369271,13.636971320145399,2.4137890157585496e-42,0.08183068238693067,0.10930093836933058,2266,2266,0,5,full,fixed504,union,raw,5,f_cumret5,3030544
ld2_ridge_characteristics_core_full_raw_fixed504_union,ridge,characteristics_core,504,ew_spread_bp,78.51330266353538,24.072009211533235,3.26160155446927,0.0011078474184268749,31.33303157341382,125.69357375365695,2266,2266,0,5,full,fixed504,union,raw,5,f_cumret5,3030544
ld2_ridge_characteristics_core_full_raw_fixed504_union,ridge,characteristics_core,504,cap_spread_bp,57.08566836127647,25.097825534553802,2.274526463764079,0.022934351825129,7.894834223281286,106.27650249927166,2266,2266,0,5,full,fixed504,union,raw,5,f_cumret5,3030544
ld2_lasso_characteristics_core_full_raw_fixed504_retain,lasso,characteristics_core,504,rank_ic,0.09510880547042376,0.00690111708913645,13.78165364273292,3.2865664841667937e-43,0.08158286452262242,0.1086347464182251,2266,2266,0,5,full,fixed504,retain,raw,5,f_cumret5,3030544
ld2_lasso_characteristics_core_full_raw_fixed504_retain,lasso,characteristics_core,504,ew_spread_bp,77.52102939617895,23.49293302001318,3.2997595204540984,0.0009676770987747128,31.47572678574131,123.56633200661659,2266,2266,0,5,full,fixed504,retain,raw,5,f_cumret5,3030544
ld2_lasso_characteristics_core_full_raw_fixed504_retain,lasso,characteristics_core,504,cap_spread_bp,56.23357434002022,23.408453765513055,2.4022763273184404,0.016293395366569086,10.353848025843618,102.11330065419682,2266,2266,0,5,full,fixed504,retain,raw,5,f_cumret5,3030544
ld2_lasso_characteristics_core_full_raw_fixed504_recent,lasso,characteristics_core,504,rank_ic,0.09398325734320778,0.006850505274976906,13.719171589649585,7.79509419917323e-43,0.08055651372835139,0.10741000095806418,2266,2266,0,5,full,fixed504,recent,raw,5,f_cumret5,3030544
ld2_lasso_characteristics_core_full_raw_fixed504_recent,lasso,characteristics_core,504,ew_spread_bp,74.3225720185971,23.555341903697276,3.155232147444709,0.0016037044506872664,28.154950243823286,120.4901937933709,2266,2266,0,5,full,fixed504,recent,raw,5,f_cumret5,3030544
ld2_lasso_characteristics_core_full_raw_fixed504_recent,lasso,characteristics_core,504,cap_spread_bp,47.33914344311658,24.957185692660847,1.8968141691167364,0.057852468597730654,-1.576041669977002,96.25432855621017,2266,2266,0,5,full,fixed504,recent,raw,5,f_cumret5,3030544
ld2_lasso_characteristics_core_full_raw_fixed504_union,lasso,characteristics_core,504,rank_ic,0.09500466743762517,0.006919904348526415,13.72918795587923,6.7890152002197465e-43,0.08144190413805129,0.10856743073719906,2266,2266,0,5,full,fixed504,union,raw,5,f_cumret5,3030544
ld2_lasso_characteristics_core_full_raw_fixed504_union,lasso,characteristics_core,504,ew_spread_bp,77.25551537920501,23.549937059439806,3.280497743336335,0.0010362409377706698,31.098486904517884,123.41254385389213,2266,2266,0,5,full,fixed504,union,raw,5,f_cumret5,3030544
ld2_lasso_characteristics_core_full_raw_fixed504_union,lasso,characteristics_core,504,cap_spread_bp,56.632824751421275,24.042490591240828,2.3555307024661487,0.018496268478406075,9.510409093946144,103.75524040889641,2266,2266,0,5,full,fixed504,union,raw,5,f_cumret5,3030544
ld2_enet_characteristics_core_full_raw_fixed504_retain,enet,characteristics_core,504,rank_ic,0.09492357141033961,0.006928860530516581,13.699737639727406,1.0189179273394944e-42,0.08134325431662602,0.1085038885040532,2266,2266,0,5,full,fixed504,retain,raw,5,f_cumret5,3030544
ld2_enet_characteristics_core_full_raw_fixed504_retain,enet,characteristics_core,504,ew_spread_bp,77.30660788938378,23.5737596875126,3.2793499600462264,0.0010404652089074232,31.102887921656894,123.51032785711067,2266,2266,0,5,full,fixed504,retain,raw,5,f_cumret5,3030544
ld2_enet_characteristics_core_full_raw_fixed504_retain,enet,characteristics_core,504,cap_spread_bp,56.73875281981889,23.492894854253095,2.4151452246229694,0.015728937017100326,10.693525012896465,102.78398062674131,2266,2266,0,5,full,fixed504,retain,raw,5,f_cumret5,3030544
ld2_enet_characteristics_core_full_raw_fixed504_recent,enet,characteristics_core,504,rank_ic,0.09382645187828509,0.006877930006027453,13.641670065857106,2.263175978274239e-42,0.08034595677828392,0.10730694697828626,2266,2266,0,5,full,fixed504,recent,raw,5,f_cumret5,3030544
ld2_enet_characteristics_core_full_raw_fixed504_recent,enet,characteristics_core,504,ew_spread_bp,74.16002432952703,23.6690566008267,3.1332057538337548,0.0017290818756648,27.769525843866667,120.5505228151874,2266,2266,0,5,full,fixed504,recent,raw,5,f_cumret5,3030544
ld2_enet_characteristics_core_full_raw_fixed504_recent,enet,characteristics_core,504,cap_spread_bp,48.64173360449821,24.79800898582755,1.9615177021791435,0.049818662049342065,0.03852910397557707,97.24493810502084,2266,2266,0,5,full,fixed504,recent,raw,5,f_cumret5,3030544
ld2_enet_characteristics_core_full_raw_fixed504_union,enet,characteristics_core,504,rank_ic,0.09478086936141232,0.00694969256990364,13.638138436780736,2.3754726230198913e-42,0.08115972222077557,0.10840201650204907,2266,2266,0,5,full,fixed504,union,raw,5,f_cumret5,3030544
ld2_enet_characteristics_core_full_raw_fixed504_union,enet,characteristics_core,504,ew_spread_bp,77.07302327189754,23.632241730052378,3.26135049532293,0.0011088288767744758,30.75468060705034,123.39136593674473,2266,2266,0,5,full,fixed504,union,raw,5,f_cumret5,3030544
ld2_enet_characteristics_core_full_raw_fixed504_union,enet,characteristics_core,504,cap_spread_bp,56.81231034870038,24.056600672265002,2.3616100679677334,0.018195769560170293,9.662239440598924,103.96238125680183,2266,2266,0,5,full,fixed504,union,raw,5,f_cumret5,3030544
ld2_group_ridge_characteristics_core_full_raw_fixed504_retain,group_ridge,characteristics_core,504,rank_ic,0.095360347084373,0.007013679651401356,13.59633627767982,4.210005220397069e-42,0.08161378756852491,0.1091069066002211,2266,2266,0,5,full,fixed504,retain,raw,5,f_cumret5,3030544
ld2_group_ridge_characteristics_core_full_raw_fixed504_retain,group_ridge,characteristics_core,504,ew_spread_bp,74.92171256453247,24.215323719705022,3.0939793922129373,0.0019749120380676255,27.46055019993213,122.38287492913281,2266,2266,0,5,full,fixed504,retain,raw,5,f_cumret5,3030544
ld2_group_ridge_characteristics_core_full_raw_fixed504_retain,group_ridge,characteristics_core,504,cap_spread_bp,59.63811408259602,25.22779503355169,2.3639844070114076,0.018079573526356096,10.192544407476262,109.08368375771578,2266,2266,0,5,full,fixed504,retain,raw,5,f_cumret5,3030544
ld2_group_ridge_characteristics_core_full_raw_fixed504_recent,group_ridge,characteristics_core,504,rank_ic,0.09454121148193272,0.006958204752236822,13.58701200213187,4.7820780818281835e-42,0.0809033807704931,0.10817904219337234,2266,2266,0,5,full,fixed504,recent,raw,5,f_cumret5,3030544
ld2_group_ridge_characteristics_core_full_raw_fixed504_recent,group_ridge,characteristics_core,504,ew_spread_bp,75.19358667307222,23.930584969377147,3.142154141626456,0.0016770971940629046,28.290502004117457,122.09667134202698,2266,2266,0,5,full,fixed504,recent,raw,5,f_cumret5,3030544
ld2_group_ridge_characteristics_core_full_raw_fixed504_recent,group_ridge,characteristics_core,504,cap_spread_bp,55.35068324984274,25.172728532555265,2.1988352664376083,0.027889637871532365,6.013041933430614,104.68832456625486,2266,2266,0,5,full,fixed504,recent,raw,5,f_cumret5,3030544
ld2_group_ridge_characteristics_core_full_raw_fixed504_union,group_ridge,characteristics_core,504,rank_ic,0.09534360587726186,0.0070175684017910085,13.586416322344428,4.8211472015763936e-42,0.08158942455070517,0.10909778720381855,2266,2266,0,5,full,fixed504,union,raw,5,f_cumret5,3030544
ld2_group_ridge_characteristics_core_full_raw_fixed504_union,group_ridge,characteristics_core,504,ew_spread_bp,76.18059741479854,24.178428398978348,3.150767128355519,0.001628422691984116,28.791748550020536,123.56944627957654,2266,2266,0,5,full,fixed504,union,raw,5,f_cumret5,3030544
ld2_group_ridge_characteristics_core_full_raw_fixed504_union,group_ridge,characteristics_core,504,cap_spread_bp,57.23183322534566,25.21014087377577,2.270190932763873,0.023196000915059866,7.8208650675640214,106.6428013831273,2266,2266,0,5,full,fixed504,union,raw,5,f_cumret5,3030544
ld2_ols_characteristics_textcore_full_raw_fixed504_retain,ols,characteristics_textcore,504,rank_ic,0.08577274365418557,0.005701296073986691,15.04442894055984,3.755603913806598e-51,0.07459840868397205,0.09694707862439908,2266,2266,0,5,full,fixed504,retain,raw,5,f_cumret5,3030544
ld2_ols_characteristics_textcore_full_raw_fixed504_retain,ols,characteristics_textcore,504,ew_spread_bp,83.20795781861958,20.59361024123341,4.040474537680481,5.334315658001965e-05,42.84522343414688,123.57069220309228,2266,2266,0,5,full,fixed504,retain,raw,5,f_cumret5,3030544
ld2_ols_characteristics_textcore_full_raw_fixed504_retain,ols,characteristics_textcore,504,cap_spread_bp,41.445185183994155,21.372440116454555,1.939188270415865,0.052478417356127946,-0.44402770599581487,83.33439807398412,2266,2266,0,5,full,fixed504,retain,raw,5,f_cumret5,3030544
ld2_ols_characteristics_textcore_full_raw_fixed504_recent,ols,characteristics_textcore,504,rank_ic,0.0870245277834754,0.0058095813453085034,14.979483479261651,9.999111196693455e-51,0.07563795758141498,0.09841109798553582,2266,2266,0,5,full,fixed504,recent,raw,5,f_cumret5,3030544
ld2_ols_characteristics_textcore_full_raw_fixed504_recent,ols,characteristics_textcore,504,ew_spread_bp,85.56176076633032,20.63950061725882,4.145534446447958,3.3902202755878535e-05,45.109082897610826,126.01443863504983,2266,2266,0,5,full,fixed504,recent,raw,5,f_cumret5,3030544
ld2_ols_characteristics_textcore_full_raw_fixed504_recent,ols,characteristics_textcore,504,cap_spread_bp,47.374437603826465,22.051047101792662,2.148398549290438,0.031682107941085655,4.155179462916507,90.59369574473642,2266,2266,0,5,full,fixed504,recent,raw,5,f_cumret5,3030544
ld2_ols_characteristics_textcore_full_raw_fixed504_union,ols,characteristics_textcore,504,rank_ic,0.08821769983352071,0.0059016451348564165,14.94798447173442,1.6053479321191026e-50,0.0766506879196661,0.09978471174737531,2266,2266,0,5,full,fixed504,union,raw,5,f_cumret5,3030544
ld2_ols_characteristics_textcore_full_raw_fixed504_union,ols,characteristics_textcore,504,ew_spread_bp,87.69196349119854,21.014303868140132,4.172965425904432,3.00660580666829e-05,46.50468474946313,128.87924223293393,2266,2266,0,5,full,fixed504,union,raw,5,f_cumret5,3030544
ld2_ols_characteristics_textcore_full_raw_fixed504_union,ols,characteristics_textcore,504,cap_spread_bp,47.78320604143677,22.01615856995798,2.170369816768992,0.029978841451589633,4.63232816639627,90.93408391647728,2266,2266,0,5,full,fixed504,union,raw,5,f_cumret5,3030544
ld2_ridge_characteristics_textcore_full_raw_fixed504_retain,ridge,characteristics_textcore,504,rank_ic,0.09300546674943028,0.006610311777428508,14.069754934556286,5.827097987223844e-45,0.08004949373908946,0.1059614397597711,2266,2266,0,5,full,fixed504,retain,raw,5,f_cumret5,3030544
ld2_ridge_characteristics_textcore_full_raw_fixed504_retain,ridge,characteristics_textcore,504,ew_spread_bp,77.95799072173823,23.084451955181166,3.3770778216045554,0.0007326031968860392,32.71329628673791,123.20268515673854,2266,2266,0,5,full,fixed504,retain,raw,5,f_cumret5,3030544
ld2_ridge_characteristics_textcore_full_raw_fixed504_retain,ridge,characteristics_textcore,504,cap_spread_bp,56.17988573712666,25.09875663617374,2.238353339629464,0.025198022287344246,6.987226673490454,105.37254480076287,2266,2266,0,5,full,fixed504,retain,raw,5,f_cumret5,3030544
ld2_ridge_characteristics_textcore_full_raw_fixed504_recent,ridge,characteristics_textcore,504,rank_ic,0.09239515018619354,0.006594859471424979,14.010177257989296,1.3506743813534352e-44,0.07946946313909772,0.10532083723328936,2266,2266,0,5,full,fixed504,recent,raw,5,f_cumret5,3030544
ld2_ridge_characteristics_textcore_full_raw_fixed504_recent,ridge,characteristics_textcore,504,ew_spread_bp,79.3503392724368,22.99316873941165,3.451039748880963,0.000558431318260151,34.28455665273773,124.41612189213586,2266,2266,0,5,full,fixed504,recent,raw,5,f_cumret5,3030544
ld2_ridge_characteristics_textcore_full_raw_fixed504_recent,ridge,characteristics_textcore,504,cap_spread_bp,48.31980368041997,25.67617439210489,1.8818926426702305,0.05985059359238757,-2.0045733888752295,98.64418074971518,2266,2266,0,5,full,fixed504,recent,raw,5,f_cumret5,3030544
ld2_ridge_characteristics_textcore_full_raw_fixed504_union,ridge,characteristics_textcore,504,rank_ic,0.093546379527923,0.00668690488351933,13.989488583646395,1.8070669568102545e-44,0.0804402867881801,0.10665247226766589,2266,2266,0,5,full,fixed504,union,raw,5,f_cumret5,3030544
ld2_ridge_characteristics_textcore_full_raw_fixed504_union,ridge,characteristics_textcore,504,ew_spread_bp,78.79791923001392,23.189649982502317,3.397977946604225,0.0006788589229645983,33.34704045021948,124.24879800980835,2266,2266,0,5,full,fixed504,union,raw,5,f_cumret5,3030544
ld2_ridge_characteristics_textcore_full_raw_fixed504_union,ridge,characteristics_textcore,504,cap_spread_bp,52.58994732988891,25.326900005039988,2.076446281203923,0.037852694576760146,2.9501354799632153,102.22975917981461,2266,2266,0,5,full,fixed504,union,raw,5,f_cumret5,3030544
ld2_lasso_characteristics_textcore_full_raw_fixed504_retain,lasso,characteristics_textcore,504,rank_ic,0.09498885512389957,0.006838450085531826,13.890407027298247,7.242259325224096e-44,0.08158573924618234,0.1083919710016168,2266,2266,0,5,full,fixed504,retain,raw,5,f_cumret5,3030544
ld2_lasso_characteristics_textcore_full_raw_fixed504_retain,lasso,characteristics_textcore,504,ew_spread_bp,77.36940947954713,23.352454497948116,3.313116806901187,0.0009226243888668585,31.599439712958436,123.13937924613583,2266,2266,0,5,full,fixed504,retain,raw,5,f_cumret5,3030544
ld2_lasso_characteristics_textcore_full_raw_fixed504_retain,lasso,characteristics_textcore,504,cap_spread_bp,34.29006176750738,25.280260287158146,1.3563967054930217,0.17497298093657232,-15.25833791512079,83.83846145013555,2266,2266,0,5,full,fixed504,retain,raw,5,f_cumret5,3030544
ld2_lasso_characteristics_textcore_full_raw_fixed504_recent,lasso,characteristics_textcore,504,rank_ic,0.09386627010466934,0.0067931321951828555,13.817818851108443,1.9900886196335268e-43,0.08055197565989143,0.10718056454944726,2266,2266,0,5,full,fixed504,recent,raw,5,f_cumret5,3030544
ld2_lasso_characteristics_textcore_full_raw_fixed504_recent,lasso,characteristics_textcore,504,ew_spread_bp,77.43907275598714,23.416993853939722,3.306960459527927,0.0009431420373081719,31.542608176069486,123.3355373359048,2266,2266,0,5,full,fixed504,recent,raw,5,f_cumret5,3030544
ld2_lasso_characteristics_textcore_full_raw_fixed504_recent,lasso,characteristics_textcore,504,cap_spread_bp,39.092557174605524,25.431051464751015,1.5371978319020818,0.1242448711216681,-10.751387785291051,88.93650213450209,2266,2266,0,5,full,fixed504,recent,raw,5,f_cumret5,3030544
ld2_lasso_characteristics_textcore_full_raw_fixed504_union,lasso,characteristics_textcore,504,rank_ic,0.09486301168249632,0.006883949820812301,13.780317136492803,3.3479819369637996e-43,0.08137071796232326,0.10835530540266938,2266,2266,0,5,full,fixed504,union,raw,5,f_cumret5,3030544
ld2_lasso_characteristics_textcore_full_raw_fixed504_union,lasso,characteristics_textcore,504,ew_spread_bp,78.68564033326646,23.553181933157735,3.3407647661607145,0.000835479772098212,32.522252022957815,124.84902864357511,2266,2266,0,5,full,fixed504,union,raw,5,f_cumret5,3030544
ld2_lasso_characteristics_textcore_full_raw_fixed504_union,lasso,characteristics_textcore,504,cap_spread_bp,41.99226415608658,25.600382682247872,1.640298298556504,0.1009431592284124,-8.183563891562159,92.16809220373531,2266,2266,0,5,full,fixed504,union,raw,5,f_cumret5,3030544
ld2_enet_characteristics_textcore_full_raw_fixed504_retain,enet,characteristics_textcore,504,rank_ic,0.09469933256665129,0.006852679082821538,13.819315252051693,1.9491509546677856e-43,0.08126832836671011,0.10813033676659248,2266,2266,0,5,full,fixed504,retain,raw,5,f_cumret5,3030544
ld2_enet_characteristics_textcore_full_raw_fixed504_retain,enet,characteristics_textcore,504,ew_spread_bp,76.44130835380905,23.525079990273607,3.2493538124169414,0.00115667513139711,30.332998839448898,122.54961786816921,2266,2266,0,5,full,fixed504,retain,raw,5,f_cumret5,3030544
ld2_enet_characteristics_textcore_full_raw_fixed504_retain,enet,characteristics_textcore,504,cap_spread_bp,38.825085132538426,25.16540483585973,1.5427959687425405,0.12288028790370155,-10.498202002116756,88.14837226719361,2266,2266,0,5,full,fixed504,retain,raw,5,f_cumret5,3030544
ld2_enet_characteristics_textcore_full_raw_fixed504_recent,enet,characteristics_textcore,504,rank_ic,0.09365340535744592,0.006811525959179116,13.749254707198158,5.14568701653727e-43,0.0803030597976952,0.10700375091719663,2266,2266,0,5,full,fixed504,recent,raw,5,f_cumret5,3030544
ld2_enet_characteristics_textcore_full_raw_fixed504_recent,enet,characteristics_textcore,504,ew_spread_bp,75.41179982530439,23.72735188981139,3.1782644846130714,0.0014815953131024537,28.90704467276567,121.9165549778431,2266,2266,0,5,full,fixed504,recent,raw,5,f_cumret5,3030544
ld2_enet_characteristics_textcore_full_raw_fixed504_recent,enet,characteristics_textcore,504,cap_spread_bp,39.52929961798269,25.94578281530707,1.523534668403292,0.12762499402922856,-11.323500250717416,90.38209948668279,2266,2266,0,5,full,fixed504,recent,raw,5,f_cumret5,3030544
ld2_enet_characteristics_textcore_full_raw_fixed504_union,enet,characteristics_textcore,504,rank_ic,0.09461119315956702,0.006893327920214503,13.72503879905701,7.189063940417494e-43,0.0811005187023222,0.10812186761681185,2266,2266,0,5,full,fixed504,union,raw,5,f_cumret5,3030544
ld2_enet_characteristics_textcore_full_raw_fixed504_union,enet,characteristics_textcore,504,ew_spread_bp,76.32174660303954,23.778970624988474,3.209632065520773,0.0013290497668143233,29.715820588626237,122.92767261745286,2266,2266,0,5,full,fixed504,union,raw,5,f_cumret5,3030544
ld2_enet_characteristics_textcore_full_raw_fixed504_union,enet,characteristics_textcore,504,cap_spread_bp,41.70415665510018,25.76700176806487,1.6185102570523946,0.10555267814595265,-8.79823879988686,92.20655211008722,2266,2266,0,5,full,fixed504,union,raw,5,f_cumret5,3030544
ld2_group_ridge_characteristics_textcore_full_raw_fixed504_retain,group_ridge,characteristics_textcore,504,rank_ic,0.09519589526305487,0.006967148315299148,13.6635379289995,1.676370195623629e-42,0.08154053549011964,0.10885125503599011,2266,2266,0,5,full,fixed504,retain,raw,5,f_cumret5,3030544
ld2_group_ridge_characteristics_textcore_full_raw_fixed504_retain,group_ridge,characteristics_textcore,504,ew_spread_bp,74.50272159073938,24.103616724129836,3.0909353746965125,0.0019952705498256173,27.260500914287583,121.74494226719119,2266,2266,0,5,full,fixed504,retain,raw,5,f_cumret5,3030544
ld2_group_ridge_characteristics_textcore_full_raw_fixed504_retain,group_ridge,characteristics_textcore,504,cap_spread_bp,60.67767507783302,25.044845912952425,2.422760966017858,0.015403058080275884,11.5906790900911,109.76467106557494,2266,2266,0,5,full,fixed504,retain,raw,5,f_cumret5,3030544
ld2_group_ridge_characteristics_textcore_full_raw_fixed504_recent,group_ridge,characteristics_textcore,504,rank_ic,0.09431490067601878,0.006904596341529939,13.659726942867197,1.7664487815720145e-42,0.08078214051883308,0.10784766083320448,2266,2266,0,5,full,fixed504,recent,raw,5,f_cumret5,3030544
ld2_group_ridge_characteristics_textcore_full_raw_fixed504_recent,group_ridge,characteristics_textcore,504,ew_spread_bp,74.9657174568468,23.8933762060013,3.1375104468500212,0.001703892019953844,28.135560624017977,121.79587428967562,2266,2266,0,5,full,fixed504,recent,raw,5,f_cumret5,3030544
ld2_group_ridge_characteristics_textcore_full_raw_fixed504_recent,group_ridge,characteristics_textcore,504,cap_spread_bp,56.20088743673147,25.263049674079475,2.2246279907526363,0.026106221974830344,6.686219935889348,105.71555493757359,2266,2266,0,5,full,fixed504,recent,raw,5,f_cumret5,3030544
ld2_group_ridge_characteristics_textcore_full_raw_fixed504_union,group_ridge,characteristics_textcore,504,rank_ic,0.09513643250448038,0.006969596170148099,13.650207297800842,2.0130510465352835e-42,0.08147627502420181,0.10879658998475895,2266,2266,0,5,full,fixed504,union,raw,5,f_cumret5,3030544
ld2_group_ridge_characteristics_textcore_full_raw_fixed504_union,group_ridge,characteristics_textcore,504,ew_spread_bp,76.01548060121347,24.104076089625327,3.153635937696505,0.001612501089748246,28.77235958493477,123.25860161749216,2266,2266,0,5,full,fixed504,union,raw,5,f_cumret5,3030544
ld2_group_ridge_characteristics_textcore_full_raw_fixed504_union,group_ridge,characteristics_textcore,504,cap_spread_bp,58.191563605816235,25.235351127665037,2.3059541874977887,0.02111319231832927,8.731184258370526,107.65194295326194,2266,2266,0,5,full,fixed504,union,raw,5,f_cumret5,3030544
ld2_ols_characteristics_textcore_pca_raw_fixed504_retain,ols,characteristics_textcore,504,rank_ic,0.09337610255405886,0.0064230472798791245,14.537663897721783,6.993894782397632e-48,0.0807871612144978,0.10596504389361991,2266,2266,0,5,pca,fixed504,retain,raw,5,f_cumret5,3030544
ld2_ols_characteristics_textcore_pca_raw_fixed504_retain,ols,characteristics_textcore,504,ew_spread_bp,87.6987611130205,22.31765015185964,3.9295696686827446,8.50980189047215e-05,43.95697059581073,131.44055163023026,2266,2266,0,5,pca,fixed504,retain,raw,5,f_cumret5,3030544
ld2_ols_characteristics_textcore_pca_raw_fixed504_retain,ols,characteristics_textcore,504,cap_spread_bp,57.115172878498875,22.62121480979803,2.524849941027938,0.011574770158042424,12.778406564750647,101.4519391922471,2266,2266,0,5,pca,fixed504,retain,raw,5,f_cumret5,3030544
ld2_ols_characteristics_textcore_pca_raw_fixed504_recent,ols,characteristics_textcore,504,rank_ic,0.09275337891060248,0.00640985154737263,14.470441042994464,1.8627390904605934e-47,0.0801903007315038,0.10531645708970117,2266,2266,0,5,pca,fixed504,recent,raw,5,f_cumret5,3030544
ld2_ols_characteristics_textcore_pca_raw_fixed504_recent,ols,characteristics_textcore,504,ew_spread_bp,87.31366206792052,22.325738714178346,3.9108968883735287,9.19540248049795e-05,43.55601825987939,131.07130587596166,2266,2266,0,5,pca,fixed504,recent,raw,5,f_cumret5,3030544
ld2_ols_characteristics_textcore_pca_raw_fixed504_recent,ols,characteristics_textcore,504,cap_spread_bp,52.10015231813263,23.249574653404743,2.240907762607301,0.025032050324891163,6.531823341584023,97.66848129468124,2266,2266,0,5,pca,fixed504,recent,raw,5,f_cumret5,3030544
ld2_ols_characteristics_textcore_pca_raw_fixed504_union,ols,characteristics_textcore,504,rank_ic,0.0939045774636817,0.006487636919703796,14.474388537139198,1.7588286464238183e-47,0.08118904275628988,0.1066201121710735,2266,2266,0,5,pca,fixed504,union,raw,5,f_cumret5,3030544
ld2_ols_characteristics_textcore_pca_raw_fixed504_union,ols,characteristics_textcore,504,ew_spread_bp,88.33444320429871,22.437366989177598,3.93693445611982,8.25291365460235e-05,44.35801199760271,132.3108744109947,2266,2266,0,5,pca,fixed504,union,raw,5,f_cumret5,3030544
ld2_ols_characteristics_textcore_pca_raw_fixed504_union,ols,characteristics_textcore,504,cap_spread_bp,49.18869220757127,23.156346610111523,2.1241991681922907,0.0336534927646918,3.8030868382265197,94.57429757691602,2266,2266,0,5,pca,fixed504,union,raw,5,f_cumret5,3030544
ld2_ridge_characteristics_textcore_pca_raw_fixed504_retain,ridge,characteristics_textcore,504,rank_ic,0.09538710034978555,0.006886903918781616,13.850505462933885,1.263200531410744e-43,0.08188901670398582,0.10888518399558528,2266,2266,0,5,pca,fixed504,retain,raw,5,f_cumret5,3030544
ld2_ridge_characteristics_textcore_pca_raw_fixed504_retain,ridge,characteristics_textcore,504,ew_spread_bp,81.25635706839842,23.872115148533812,3.40381891436164,0.0006645079122305147,34.467871142479105,128.04484299431772,2266,2266,0,5,pca,fixed504,retain,raw,5,f_cumret5,3030544
ld2_ridge_characteristics_textcore_pca_raw_fixed504_retain,ridge,characteristics_textcore,504,cap_spread_bp,58.09944529995642,25.25674502043523,2.3003536383230765,0.021428193137247593,8.597134693192018,107.60175590672083,2266,2266,0,5,pca,fixed504,retain,raw,5,f_cumret5,3030544
ld2_ridge_characteristics_textcore_pca_raw_fixed504_recent,ridge,characteristics_textcore,504,rank_ic,0.09453664664273013,0.006840691387118625,13.819750269796927,1.9374079487317365e-43,0.08112913789462428,0.10794415539083599,2266,2266,0,5,pca,fixed504,recent,raw,5,f_cumret5,3030544
ld2_ridge_characteristics_textcore_pca_raw_fixed504_recent,ridge,characteristics_textcore,504,ew_spread_bp,81.3099710960396,23.782610520028737,3.418883348720852,0.0006287867654424236,34.69691101843988,127.92303117363933,2266,2266,0,5,pca,fixed504,recent,raw,5,f_cumret5,3030544
ld2_ridge_characteristics_textcore_pca_raw_fixed504_recent,ridge,characteristics_textcore,504,cap_spread_bp,51.0746171063867,26.232156517425413,1.9470231916487313,0.05153195432888778,-0.33946490458476575,102.48869911735815,2266,2266,0,5,pca,fixed504,recent,raw,5,f_cumret5,3030544
ld2_ridge_characteristics_textcore_pca_raw_fixed504_union,ridge,characteristics_textcore,504,rank_ic,0.09533663637045667,0.0069040508191364975,13.808797019020291,2.2556698232340974e-43,0.08180494541751487,0.10886832732339846,2266,2266,0,5,pca,fixed504,union,raw,5,f_cumret5,3030544
ld2_ridge_characteristics_textcore_pca_raw_fixed504_union,ridge,characteristics_textcore,504,ew_spread_bp,81.01398831070105,23.873619976929668,3.393452203268257,0.0006901760168444798,34.22255297532295,127.80542364607916,2266,2266,0,5,pca,fixed504,union,raw,5,f_cumret5,3030544
ld2_ridge_characteristics_textcore_pca_raw_fixed504_union,ridge,characteristics_textcore,504,cap_spread_bp,56.57508516134631,25.250571972746634,2.240546678404305,0.025055453942551226,7.084873505726399,106.06529681696622,2266,2266,0,5,pca,fixed504,union,raw,5,f_cumret5,3030544
ld2_lasso_characteristics_textcore_pca_raw_fixed504_retain,lasso,characteristics_textcore,504,rank_ic,0.09515692303810999,0.006806766531878494,13.9797542037701,2.07202381194671e-44,0.08181590578445554,0.10849794029176445,2266,2266,0,5,pca,fixed504,retain,raw,5,f_cumret5,3030544
ld2_lasso_characteristics_textcore_pca_raw_fixed504_retain,lasso,characteristics_textcore,504,ew_spread_bp,83.60368114657541,23.171731649151063,3.6080031657728258,0.0003085627259428842,38.18792165481241,129.0194406383384,2266,2266,0,5,pca,fixed504,retain,raw,5,f_cumret5,3030544
ld2_lasso_characteristics_textcore_pca_raw_fixed504_retain,lasso,characteristics_textcore,504,cap_spread_bp,45.92509085697847,23.606254286426612,1.945462854875074,0.05171929616240866,-0.34231735431195887,92.1924990682689,2266,2266,0,5,pca,fixed504,retain,raw,5,f_cumret5,3030544
ld2_lasso_characteristics_textcore_pca_raw_fixed504_recent,lasso,characteristics_textcore,504,rank_ic,0.09391210658733266,0.0067504262836890205,13.912026091485723,5.354098958278164e-44,0.08068151419100962,0.10714269898365571,2266,2266,0,5,pca,fixed504,recent,raw,5,f_cumret5,3030544
ld2_lasso_characteristics_textcore_pca_raw_fixed504_recent,lasso,characteristics_textcore,504,ew_spread_bp,81.62887331386615,23.328742957058306,3.499068658097956,0.00046688634200919523,35.90537731343943,127.35236931429287,2266,2266,0,5,pca,fixed504,recent,raw,5,f_cumret5,3030544
ld2_lasso_characteristics_textcore_pca_raw_fixed504_recent,lasso,characteristics_textcore,504,cap_spread_bp,44.11917713920855,24.833736846516643,1.7765822925435817,0.07563699119644401,-4.554052681509361,92.79240695992647,2266,2266,0,5,pca,fixed504,recent,raw,5,f_cumret5,3030544
ld2_lasso_characteristics_textcore_pca_raw_fixed504_union,lasso,characteristics_textcore,504,rank_ic,0.09491809288139237,0.00683725529262532,13.882484830392578,8.089032303346428e-44,0.08151731875474087,0.10831886700804387,2266,2266,0,5,pca,fixed504,union,raw,5,f_cumret5,3030544
ld2_lasso_characteristics_textcore_pca_raw_fixed504_union,lasso,characteristics_textcore,504,ew_spread_bp,82.83293412016158,23.45299118547733,3.5318707735435373,0.0004126309475959758,36.86591606689067,128.7999521734325,2266,2266,0,5,pca,fixed504,union,raw,5,f_cumret5,3030544
ld2_lasso_characteristics_textcore_pca_raw_fixed504_union,lasso,characteristics_textcore,504,cap_spread_bp,50.89811940708847,24.4850535533898,2.0787424171282627,0.03764103204136193,2.908296282909987,98.88794253126696,2266,2266,0,5,pca,fixed504,union,raw,5,f_cumret5,3030544
ld2_enet_characteristics_textcore_pca_raw_fixed504_retain,enet,characteristics_textcore,504,rank_ic,0.0952997169433191,0.006820488402510806,13.972564913128023,2.2922038839920765e-44,0.08193180531742479,0.1086676285692134,2266,2266,0,5,pca,fixed504,retain,raw,5,f_cumret5,3030544
ld2_enet_characteristics_textcore_pca_raw_fixed504_retain,enet,characteristics_textcore,504,ew_spread_bp,83.6647274926213,23.188082505623232,3.6080916769350013,0.0003084575021436446,38.21692091105647,129.11253407418613,2266,2266,0,5,pca,fixed504,retain,raw,5,f_cumret5,3030544
ld2_enet_characteristics_textcore_pca_raw_fixed504_retain,enet,characteristics_textcore,504,cap_spread_bp,45.9828651290123,23.529439929851673,1.9542694286859796,0.050669362290559,-0.13398970989562997,92.09971996792024,2266,2266,0,5,pca,fixed504,retain,raw,5,f_cumret5,3030544
ld2_enet_characteristics_textcore_pca_raw_fixed504_recent,enet,characteristics_textcore,504,rank_ic,0.09403491851483271,0.0067650422245954505,13.900122925020767,6.323267502219686e-44,0.08077567940073291,0.10729415762893252,2266,2266,0,5,pca,fixed504,recent,raw,5,f_cumret5,3030544
ld2_enet_characteristics_textcore_pca_raw_fixed504_recent,enet,characteristics_textcore,504,ew_spread_bp,81.17996853189065,23.311438945427767,3.4824091606671512,0.0004969237840679984,35.49038777104785,126.86954929273345,2266,2266,0,5,pca,fixed504,recent,raw,5,f_cumret5,3030544
ld2_enet_characteristics_textcore_pca_raw_fixed504_recent,enet,characteristics_textcore,504,cap_spread_bp,45.5207830594521,24.769201175576555,1.8377977851113525,0.06609220814174087,-3.025959170505118,94.06752528940932,2266,2266,0,5,pca,fixed504,recent,raw,5,f_cumret5,3030544
ld2_enet_characteristics_textcore_pca_raw_fixed504_union,enet,characteristics_textcore,504,rank_ic,0.09503664321777798,0.006848848477900484,13.876295193920173,8.818562992525968e-44,0.08161314686552107,0.10846013957003489,2266,2266,0,5,pca,fixed504,union,raw,5,f_cumret5,3030544
ld2_enet_characteristics_textcore_pca_raw_fixed504_union,enet,characteristics_textcore,504,ew_spread_bp,82.70198995649348,23.393524301219635,3.535251417939697,0.00040738734527290027,36.85152485464046,128.55245505834648,2266,2266,0,5,pca,fixed504,union,raw,5,f_cumret5,3030544
ld2_enet_characteristics_textcore_pca_raw_fixed504_union,enet,characteristics_textcore,504,cap_spread_bp,49.51801091010318,24.527438228242737,2.0188823002756324,0.04349945429762973,1.4451153497165024,97.59090647048986,2266,2266,0,5,pca,fixed504,union,raw,5,f_cumret5,3030544
ld2_group_ridge_characteristics_textcore_pca_raw_fixed504_retain,group_ridge,characteristics_textcore,504,rank_ic,0.0952925234356369,0.006923645637232126,13.763344981608865,4.23471116384822e-43,0.08172242734494406,0.10886261952632975,2266,2266,0,5,pca,fixed504,retain,raw,5,f_cumret5,3030544
ld2_group_ridge_characteristics_textcore_pca_raw_fixed504_retain,group_ridge,characteristics_textcore,504,ew_spread_bp,76.47572896369228,24.01874346846353,3.184002071719716,0.001452539727919747,29.399856811597097,123.55160111578746,2266,2266,0,5,pca,fixed504,retain,raw,5,f_cumret5,3030544
ld2_group_ridge_characteristics_textcore_pca_raw_fixed504_retain,group_ridge,characteristics_textcore,504,cap_spread_bp,55.531756161353435,25.25276401815624,2.1990367518354508,0.027875309153474914,6.037248175678229,105.02626414702864,2266,2266,0,5,pca,fixed504,retain,raw,5,f_cumret5,3030544
ld2_group_ridge_characteristics_textcore_pca_raw_fixed504_recent,group_ridge,characteristics_textcore,504,rank_ic,0.09430733775135472,0.00685504428451,13.757363751020002,4.599967198930877e-43,0.08087169784128798,0.10774297766142146,2266,2266,0,5,pca,fixed504,recent,raw,5,f_cumret5,3030544
ld2_group_ridge_characteristics_textcore_pca_raw_fixed504_recent,group_ridge,characteristics_textcore,504,ew_spread_bp,76.45156838420228,23.791329455549263,3.2134214494839908,0.0013116366997506788,29.821419506998787,123.08171726140577,2266,2266,0,5,pca,fixed504,recent,raw,5,f_cumret5,3030544
ld2_group_ridge_characteristics_textcore_pca_raw_fixed504_recent,group_ridge,characteristics_textcore,504,cap_spread_bp,49.91130970348293,25.858600742409045,1.9301628189659374,0.05358666686419081,-0.7706164422395076,100.59323584920537,2266,2266,0,5,pca,fixed504,recent,raw,5,f_cumret5,3030544
ld2_group_ridge_characteristics_textcore_pca_raw_fixed504_union,group_ridge,characteristics_textcore,504,rank_ic,0.09516031469846584,0.0069288882100023525,13.73385048428044,6.36584038960389e-43,0.08157994335395702,0.10874068604297465,2266,2266,0,5,pca,fixed504,union,raw,5,f_cumret5,3030544
ld2_group_ridge_characteristics_textcore_pca_raw_fixed504_union,group_ridge,characteristics_textcore,504,ew_spread_bp,78.44869519221506,23.89719129146176,3.282757970818271,0.0010279688181915817,31.611060929285784,125.28632945514433,2266,2266,0,5,pca,fixed504,union,raw,5,f_cumret5,3030544
ld2_group_ridge_characteristics_textcore_pca_raw_fixed504_union,group_ridge,characteristics_textcore,504,cap_spread_bp,58.3918264456033,25.312073796458563,2.3068764304003,0.021061709833348364,8.78107343052448,108.00257946068211,2266,2266,0,5,pca,fixed504,union,raw,5,f_cumret5,3030544
ld2_ols_characteristics_full_raw_fixed504_retain,ols,characteristics,504,rank_ic,0.10645699500218056,0.009194852810580306,11.577890064720007,5.334282200622244e-31,0.08843541465029627,0.12447857535406485,2266,2266,0,9,full,fixed504,retain,raw,10,f_cumret10,3027488
ld2_ols_characteristics_full_raw_fixed504_retain,ols,characteristics,504,ew_spread_bp,126.18794579980376,42.54000759474183,2.96633576096026,0.003013712773639593,42.8110630120494,209.5648285875581,2266,2266,0,9,full,fixed504,retain,raw,10,f_cumret10,3027488
ld2_ols_characteristics_full_raw_fixed504_retain,ols,characteristics,504,cap_spread_bp,95.99275500603494,40.81435988096269,2.3519358207749197,0.018675996967635142,15.998079587291585,175.9874304247783,2266,2266,0,9,full,fixed504,retain,raw,10,f_cumret10,3027488
ld2_ols_characteristics_full_raw_fixed504_recent,ols,characteristics,504,rank_ic,0.10568938858250881,0.009160869982817876,11.537047112418339,8.58209742530367e-31,0.0877344133491317,0.12364436381588592,2266,2266,0,9,full,fixed504,recent,raw,10,f_cumret10,3027488
ld2_ols_characteristics_full_raw_fixed504_recent,ols,characteristics,504,ew_spread_bp,124.08755357266452,42.76040531618228,2.901926505493266,0.0037087553908060843,40.278699188612194,207.89640795671684,2266,2266,0,9,full,fixed504,recent,raw,10,f_cumret10,3027488
ld2_ols_characteristics_full_raw_fixed504_recent,ols,characteristics,504,cap_spread_bp,91.26034893024044,39.49552664524309,2.310650260470245,0.020852180693335585,13.850539155121922,168.67015870535897,2266,2266,0,9,full,fixed504,recent,raw,10,f_cumret10,3027488
ld2_ols_characteristics_full_raw_fixed504_union,ols,characteristics,504,rank_ic,0.10712403531393276,0.009255798327925268,11.573721846416369,5.59996144357179e-31,0.08898300394303318,0.12526506668483234,2266,2266,0,9,full,fixed504,union,raw,10,f_cumret10,3027488
ld2_ols_characteristics_full_raw_fixed504_union,ols,characteristics,504,ew_spread_bp,126.30296814378978,42.803916632527425,2.9507339066212928,0.0031701990243387726,42.408833146781035,210.19710314079853,2266,2266,0,9,full,fixed504,union,raw,10,f_cumret10,3027488
ld2_ols_characteristics_full_raw_fixed504_union,ols,characteristics,504,cap_spread_bp,95.48922043569607,40.37883388268917,2.364833534151002,0.018038176757846854,16.34816028789966,174.6302805834925,2266,2266,0,9,full,fixed504,union,raw,10,f_cumret10,3027488
ld2_ridge_characteristics_full_raw_fixed504_retain,ridge,characteristics,504,rank_ic,0.10875607440527064,0.009689551868478,11.224056167042702,3.106859638072022e-29,0.08976490171672097,0.12774724709382032,2266,2266,0,9,full,fixed504,retain,raw,10,f_cumret10,3027488
ld2_ridge_characteristics_full_raw_fixed504_retain,ridge,characteristics,504,ew_spread_bp,111.49658057803798,45.74980527332735,2.43709410153581,0.014805825855284489,21.828609942595733,201.16455121348022,2266,2266,0,9,full,fixed504,retain,raw,10,f_cumret10,3027488
ld2_ridge_characteristics_full_raw_fixed504_retain,ridge,characteristics,504,cap_spread_bp,91.75829764445598,46.36600283208645,1.9789995263718723,0.047816059589457276,0.8826019864843886,182.63399330242757,2266,2266,0,9,full,fixed504,retain,raw,10,f_cumret10,3027488
ld2_ridge_characteristics_full_raw_fixed504_recent,ridge,characteristics,504,rank_ic,0.10765045478326699,0.009621301408108561,11.18876233235373,4.628490434798643e-29,0.0887930505389697,0.12650785902756428,2266,2266,0,9,full,fixed504,recent,raw,10,f_cumret10,3027488
ld2_ridge_characteristics_full_raw_fixed504_recent,ridge,characteristics,504,ew_spread_bp,111.5611922120816,45.77075691380175,2.4373901533282565,0.01479370813963599,21.852157115892496,201.2702273082707,2266,2266,0,9,full,fixed504,recent,raw,10,f_cumret10,3027488
ld2_ridge_characteristics_full_raw_fixed504_recent,ridge,characteristics,504,cap_spread_bp,82.54857410445406,45.90711973805695,1.798164959498023,0.07215087060481538,-7.427727216105396,172.52487542501353,2266,2266,0,9,full,fixed504,recent,raw,10,f_cumret10,3027488
ld2_ridge_characteristics_full_raw_fixed504_union,ridge,characteristics,504,rank_ic,0.10875244272825335,0.009705994463584427,11.204667706774174,3.8680252236440965e-29,0.08972904314548272,0.12777584231102398,2266,2266,0,9,full,fixed504,union,raw,10,f_cumret10,3027488
ld2_ridge_characteristics_full_raw_fixed504_union,ridge,characteristics,504,ew_spread_bp,112.53311980240365,45.747891015409834,2.4598537179451117,0.013899365548138799,22.86890104353685,202.19733856127044,2266,2266,0,9,full,fixed504,union,raw,10,f_cumret10,3027488
ld2_ridge_characteristics_full_raw_fixed504_union,ridge,characteristics,504,cap_spread_bp,96.00320395089672,45.93419402687917,2.0900160759263313,0.03661635563443515,5.97383799933867,186.03256990245478,2266,2266,0,9,full,fixed504,union,raw,10,f_cumret10,3027488
ld2_lasso_characteristics_full_raw_fixed504_retain,lasso,characteristics,504,rank_ic,0.10891383849213383,0.00956842382095375,11.382631092659693,5.103634371570631e-30,0.09016007241424935,0.1276676045700183,2266,2266,0,9,full,fixed504,retain,raw,10,f_cumret10,3027488
ld2_lasso_characteristics_full_raw_fixed504_retain,lasso,characteristics,504,ew_spread_bp,120.95911367097271,44.162566663504144,2.738951170855137,0.0061635526860160045,34.40207354565537,207.51615379629004,2266,2266,0,9,full,fixed504,retain,raw,10,f_cumret10,3027488
ld2_lasso_characteristics_full_raw_fixed504_retain,lasso,characteristics,504,cap_spread_bp,115.32316597267392,43.31094111013592,2.662679752892398,0.00775211528876798,30.43528126027229,200.21105068507555,2266,2266,0,9,full,fixed504,retain,raw,10,f_cumret10,3027488
ld2_lasso_characteristics_full_raw_fixed504_recent,lasso,characteristics,504,rank_ic,0.1073747525956916,0.009492971131195078,11.31097431054487,1.1579646604022379e-29,0.08876887107227079,0.12598063411911242,2266,2266,0,9,full,fixed504,recent,raw,10,f_cumret10,3027488
ld2_lasso_characteristics_full_raw_fixed504_recent,lasso,characteristics,504,ew_spread_bp,110.73243769758686,45.0320881306977,2.4589674228786698,0.01393372607954847,22.471166812785725,198.993708582388,2266,2266,0,9,full,fixed504,recent,raw,10,f_cumret10,3027488
ld2_lasso_characteristics_full_raw_fixed504_recent,lasso,characteristics,504,cap_spread_bp,85.78447589729845,43.76571441955213,1.9600839843476798,0.04998597485515582,0.005251877310954001,171.56369991728593,2266,2266,0,9,full,fixed504,recent,raw,10,f_cumret10,3027488
ld2_lasso_characteristics_full_raw_fixed504_union,lasso,characteristics,504,rank_ic,0.10867830988915193,0.009591337280180565,11.33088189002837,9.227098371065796e-30,0.08987963425642168,0.1274769855218822,2266,2266,0,9,full,fixed504,union,raw,10,f_cumret10,3027488
ld2_lasso_characteristics_full_raw_fixed504_union,lasso,characteristics,504,ew_spread_bp,111.17991645347276,44.68767467478076,2.4879324615253817,0.012848813108527047,23.593683538059793,198.76614936888572,2266,2266,0,9,full,fixed504,union,raw,10,f_cumret10,3027488
ld2_lasso_characteristics_full_raw_fixed504_union,lasso,characteristics,504,cap_spread_bp,102.51254304376029,43.071128386033486,2.3800756303612802,0.017309085107392517,18.094682633633866,186.9304034538867,2266,2266,0,9,full,fixed504,union,raw,10,f_cumret10,3027488
ld2_enet_characteristics_full_raw_fixed504_retain,enet,characteristics,504,rank_ic,0.10884714670778799,0.00960200690778923,11.33587465131797,8.715698703216863e-30,0.09002755898921629,0.1276667344263597,2266,2266,0,9,full,fixed504,retain,raw,10,f_cumret10,3027488
ld2_enet_characteristics_full_raw_fixed504_retain,enet,characteristics,504,ew_spread_bp,120.2060763773121,44.3686485142717,2.709257108398206,0.00674340603374973,33.245123246622995,207.1670295080012,2266,2266,0,9,full,fixed504,retain,raw,10,f_cumret10,3027488
ld2_enet_characteristics_full_raw_fixed504_retain,enet,characteristics,504,cap_spread_bp,118.13404756210143,43.647183367619796,2.706567490669756,0.006798276233928664,32.58714013495096,203.68095498925192,2266,2266,0,9,full,fixed504,retain,raw,10,f_cumret10,3027488
ld2_enet_characteristics_full_raw_fixed504_recent,enet,characteristics,504,rank_ic,0.10735604941829983,0.00952871202841906,11.26658556771514,1.9186682127091686e-29,0.08868011702354486,0.1260319818130548,2266,2266,0,9,full,fixed504,recent,raw,10,f_cumret10,3027488
ld2_enet_characteristics_full_raw_fixed504_recent,enet,characteristics,504,ew_spread_bp,111.74863962285526,45.17410005693105,2.4737325034040096,0.01337097691504554,23.209030477261592,200.28824876844894,2266,2266,0,9,full,fixed504,recent,raw,10,f_cumret10,3027488
ld2_enet_characteristics_full_raw_fixed504_recent,enet,characteristics,504,cap_spread_bp,91.9031452342628,43.98582841737032,2.089380796974363,0.03667345843277644,5.692505706058526,178.11378476246705,2266,2266,0,9,full,fixed504,recent,raw,10,f_cumret10,3027488
ld2_enet_characteristics_full_raw_fixed504_union,enet,characteristics,504,rank_ic,0.10859650501307645,0.00962605390437349,11.281518480146557,1.6192650970147983e-29,0.08972978604726324,0.12746322397888965,2266,2266,0,9,full,fixed504,union,raw,10,f_cumret10,3027488
ld2_enet_characteristics_full_raw_fixed504_union,enet,characteristics,504,ew_spread_bp,113.72665382436894,44.734077146447596,2.542282328795066,0.011013117450317154,26.04947373569533,201.40383391304255,2266,2266,0,9,full,fixed504,union,raw,10,f_cumret10,3027488
ld2_enet_characteristics_full_raw_fixed504_union,enet,characteristics,504,cap_spread_bp,109.41346835468394,43.33833118739939,2.524635013784192,0.011581850668040707,24.471900077312142,194.35503663205574,2266,2266,0,9,full,fixed504,union,raw,10,f_cumret10,3027488
ld2_ols_characteristics_core_full_raw_fixed504_retain,ols,characteristics_core,504,rank_ic,0.10783679600833097,0.009096716916402858,11.854474201992998,2.040007174144419e-32,0.09000755847462512,0.12566603354203684,2266,2266,0,9,full,fixed504,retain,raw,10,f_cumret10,3027488
ld2_ols_characteristics_core_full_raw_fixed504_retain,ols,characteristics_core,504,ew_spread_bp,134.320328249683,42.39903227474177,3.168004575653987,0.0015348910473607915,51.21975201183777,217.42090448752822,2266,2266,0,9,full,fixed504,retain,raw,10,f_cumret10,3027488
ld2_ols_characteristics_core_full_raw_fixed504_retain,ols,characteristics_core,504,cap_spread_bp,98.96513825281417,40.986419595901815,2.414583640838674,0.015753205647220048,18.633231989599892,179.29704451602845,2266,2266,0,9,full,fixed504,retain,raw,10,f_cumret10,3027488
ld2_ols_characteristics_core_full_raw_fixed504_recent,ols,characteristics_core,504,rank_ic,0.10701007081023674,0.009049736178556325,11.82466192371452,2.9107219283121813e-32,0.0892729138306772,0.12474722778979627,2266,2266,0,9,full,fixed504,recent,raw,10,f_cumret10,3027488
ld2_ols_characteristics_core_full_raw_fixed504_recent,ols,characteristics_core,504,ew_spread_bp,133.04577257695067,42.23492020302682,3.1501367100349293,0.0016319407838094391,50.266850089095,215.82469506480635,2266,2266,0,9,full,fixed504,recent,raw,10,f_cumret10,3027488
ld2_ols_characteristics_core_full_raw_fixed504_recent,ols,characteristics_core,504,cap_spread_bp,93.9852849353514,39.73888508040015,2.3650710065267138,0.018026614336023702,16.098501391991007,171.8720684787118,2266,2266,0,9,full,fixed504,recent,raw,10,f_cumret10,3027488
ld2_ols_characteristics_core_full_raw_fixed504_union,ols,characteristics_core,504,rank_ic,0.1085047288383072,0.009157065981931903,11.849289832835247,2.1702215709132347e-32,0.09055720930966377,0.12645224836695063,2266,2266,0,9,full,fixed504,union,raw,10,f_cumret10,3027488
ld2_ols_characteristics_core_full_raw_fixed504_union,ols,characteristics_core,504,ew_spread_bp,136.75678476196506,42.46926888675617,3.2201351317496307,0.0012813018329774727,53.518547294175505,219.99502222975462,2266,2266,0,9,full,fixed504,union,raw,10,f_cumret10,3027488
ld2_ols_characteristics_core_full_raw_fixed504_union,ols,characteristics_core,504,cap_spread_bp,102.30892178202484,40.048827572172314,2.5546046659581507,0.010630846288936164,23.814662117512412,180.80318144653728,2266,2266,0,9,full,fixed504,union,raw,10,f_cumret10,3027488
ld2_ridge_characteristics_core_full_raw_fixed504_retain,ridge,characteristics_core,504,rank_ic,0.11086012545628654,0.00967222226367538,11.461701606323555,2.0543839892186316e-30,0.09190291816901633,0.12981733274355675,2266,2266,0,9,full,fixed504,retain,raw,10,f_cumret10,3027488
ld2_ridge_characteristics_core_full_raw_fixed504_retain,ridge,characteristics_core,504,ew_spread_bp,127.25225144958215,45.810434714580765,2.777800565360706,0.00547281977180464,37.46544929288042,217.03905360628386,2266,2266,0,9,full,fixed504,retain,raw,10,f_cumret10,3027488
ld2_ridge_characteristics_core_full_raw_fixed504_retain,ridge,characteristics_core,504,cap_spread_bp,97.18168053115474,47.51392172499965,2.0453306526373765,0.040822270681116116,4.0561051859001935,190.30725587640927,2266,2266,0,9,full,fixed504,retain,raw,10,f_cumret10,3027488
ld2_ridge_characteristics_core_full_raw_fixed504_recent,ridge,characteristics_core,504,rank_ic,0.10975323229744788,0.009591183333724359,11.443137773368944,2.5451102656560823e-30,0.09095485839422732,0.12855160620066844,2266,2266,0,9,full,fixed504,recent,raw,10,f_cumret10,3027488
ld2_ridge_characteristics_core_full_raw_fixed504_recent,ridge,characteristics_core,504,ew_spread_bp,124.45660468732969,45.490839335418336,2.7358608129797695,0.0062217336155281884,35.29619796341174,213.61701141124763,2266,2266,0,9,full,fixed504,recent,raw,10,f_cumret10,3027488
ld2_ridge_characteristics_core_full_raw_fixed504_recent,ridge,characteristics_core,504,cap_spread_bp,84.835779773058,47.473454807802824,1.787015082776622,0.07393505084767897,-8.21048187192541,177.8820414180414,2266,2266,0,9,full,fixed504,recent,raw,10,f_cumret10,3027488
ld2_ridge_characteristics_core_full_raw_fixed504_union,ridge,characteristics_core,504,rank_ic,0.11084581284687721,0.009679629368695167,11.451452181150966,2.3123882409087004e-30,0.0918740879005385,0.12981753779321592,2266,2266,0,9,full,fixed504,union,raw,10,f_cumret10,3027488
ld2_ridge_characteristics_core_full_raw_fixed504_union,ridge,characteristics_core,504,ew_spread_bp,128.0347718564901,45.605429484670665,2.8074458086076435,0.0049936080962314465,38.64977256705451,217.41977114592567,2266,2266,0,9,full,fixed504,union,raw,10,f_cumret10,3027488
ld2_ridge_characteristics_core_full_raw_fixed504_union,ridge,characteristics_core,504,cap_spread_bp,91.08158981857912,47.33060289338105,1.9243699477852294,0.05430822858534758,-1.684687219015018,183.84786685617325,2266,2266,0,9,full,fixed504,union,raw,10,f_cumret10,3027488
ld2_lasso_characteristics_core_full_raw_fixed504_retain,lasso,characteristics_core,504,rank_ic,0.11038980682599617,0.009527996163656143,11.585836615580321,4.861962739724307e-31,0.09171527750039432,0.129064336151598,2266,2266,0,9,full,fixed504,retain,raw,10,f_cumret10,3027488
ld2_lasso_characteristics_core_full_raw_fixed504_retain,lasso,characteristics_core,504,ew_spread_bp,127.33983525699746,44.30321508135312,2.8742797790897527,0.004049500647362189,40.507129298213584,214.17254121578134,2266,2266,0,9,full,fixed504,retain,raw,10,f_cumret10,3027488
ld2_lasso_characteristics_core_full_raw_fixed504_retain,lasso,characteristics_core,504,cap_spread_bp,97.29710932522714,43.77168958457082,2.2228319319783263,0.026227135023410973,11.506174197001329,183.08804445345294,2266,2266,0,9,full,fixed504,retain,raw,10,f_cumret10,3027488
ld2_lasso_characteristics_core_full_raw_fixed504_recent,lasso,characteristics_core,504,rank_ic,0.10900956383309154,0.009446515818773676,11.539658210961733,8.325537048569583e-31,0.09049473304890723,0.12752439461727585,2266,2266,0,9,full,fixed504,recent,raw,10,f_cumret10,3027488
ld2_lasso_characteristics_core_full_raw_fixed504_recent,lasso,characteristics_core,504,ew_spread_bp,121.80471355410664,44.786484717320135,2.719675686156308,0.006534597160178772,34.024816514005636,209.58461059420765,2266,2266,0,9,full,fixed504,recent,raw,10,f_cumret10,3027488
ld2_lasso_characteristics_core_full_raw_fixed504_recent,lasso,characteristics_core,504,cap_spread_bp,81.86010361364066,44.84265079054347,1.8254965344489296,0.06792613368170397,-6.029876907131126,169.75008413441245,2266,2266,0,9,full,fixed504,recent,raw,10,f_cumret10,3027488
ld2_lasso_characteristics_core_full_raw_fixed504_union,lasso,characteristics_core,504,rank_ic,0.11029238691609518,0.009548748165862167,11.550455096344743,7.343056909913741e-31,0.09157718441356244,0.12900758941862792,2266,2266,0,9,full,fixed504,union,raw,10,f_cumret10,3027488
ld2_lasso_characteristics_core_full_raw_fixed504_union,lasso,characteristics_core,504,ew_spread_bp,127.41903309348562,44.30771573026017,2.875775268334679,0.004030365508423936,40.577506024936866,214.26056016203438,2266,2266,0,9,full,fixed504,union,raw,10,f_cumret10,3027488
ld2_lasso_characteristics_core_full_raw_fixed504_union,lasso,characteristics_core,504,cap_spread_bp,99.46803620955039,43.98953523322419,2.2611749745067704,0.023748424131719462,13.250131455775218,185.68594096332555,2266,2266,0,9,full,fixed504,union,raw,10,f_cumret10,3027488
ld2_enet_characteristics_core_full_raw_fixed504_retain,enet,characteristics_core,504,rank_ic,0.11028495739219311,0.009569075750239272,11.525142058723432,9.854952236331745e-31,0.09152991355638854,0.1290400012279977,2266,2266,0,9,full,fixed504,retain,raw,10,f_cumret10,3027488
ld2_enet_characteristics_core_full_raw_fixed504_retain,enet,characteristics_core,504,ew_spread_bp,126.9112454896934,44.44694812269302,2.8553421742109903,0.00429904839594757,39.7968279464949,214.02566303289188,2266,2266,0,9,full,fixed504,retain,raw,10,f_cumret10,3027488
ld2_enet_characteristics_core_full_raw_fixed504_retain,enet,characteristics_core,504,cap_spread_bp,96.63322189644833,43.860509358780206,2.203194247152623,0.02758106061472779,10.66820320965715,182.59824058323952,2266,2266,0,9,full,fixed504,retain,raw,10,f_cumret10,3027488
ld2_enet_characteristics_core_full_raw_fixed504_recent,enet,characteristics_core,504,rank_ic,0.10891305253496632,0.00948735184979476,11.479815891651834,1.666349678003944e-30,0.09031818460070913,0.12750792046922352,2266,2266,0,9,full,fixed504,recent,raw,10,f_cumret10,3027488
ld2_enet_characteristics_core_full_raw_fixed504_recent,enet,characteristics_core,504,ew_spread_bp,121.26697787948807,45.04696974459612,2.692011883752411,0.007102241453175048,32.97653956741419,209.55741619156194,2266,2266,0,9,full,fixed504,recent,raw,10,f_cumret10,3027488
ld2_enet_characteristics_core_full_raw_fixed504_recent,enet,characteristics_core,504,cap_spread_bp,82.02018537466375,44.977439965838094,1.823585011440422,0.06821483425596994,-6.133977075191353,170.17434782451886,2266,2266,0,9,full,fixed504,recent,raw,10,f_cumret10,3027488
ld2_enet_characteristics_core_full_raw_fixed504_union,enet,characteristics_core,504,rank_ic,0.11014627374485104,0.009591179125093888,11.484122265704512,1.5853737574695705e-30,0.09134790809039464,0.12894463939930745,2266,2266,0,9,full,fixed504,union,raw,10,f_cumret10,3027488
ld2_enet_characteristics_core_full_raw_fixed504_union,enet,characteristics_core,504,ew_spread_bp,127.61859983776574,44.48466454830928,2.868822348860808,0.004120031355163232,40.4302594587338,214.80694021679767,2266,2266,0,9,full,fixed504,union,raw,10,f_cumret10,3027488
ld2_enet_characteristics_core_full_raw_fixed504_union,enet,characteristics_core,504,cap_spread_bp,98.0448521409424,44.2079668478562,2.217809574422827,0.026567819032828198,11.398829289403551,184.69087499248124,2266,2266,0,9,full,fixed504,union,raw,10,f_cumret10,3027488
ld2_group_ridge_characteristics_core_full_raw_fixed504_retain,group_ridge,characteristics_core,504,rank_ic,0.11052027965424623,0.009687018865155515,11.40911163617022,3.7655533576429896e-30,0.09153407156098135,0.1295064877475111,2266,2266,0,9,full,fixed504,retain,raw,10,f_cumret10,3027488
ld2_group_ridge_characteristics_core_full_raw_fixed504_retain,group_ridge,characteristics_core,504,ew_spread_bp,124.65182279098303,45.941161990277244,2.7132927725546803,0.006661822029059439,34.60879988211917,214.6948456998469,2266,2266,0,9,full,fixed504,retain,raw,10,f_cumret10,3027488
ld2_group_ridge_characteristics_core_full_raw_fixed504_retain,group_ridge,characteristics_core,504,cap_spread_bp,98.73664326366314,47.41770154179483,2.0822739199333578,0.03731745668084448,5.799656012075886,191.6736305152504,2266,2266,0,9,full,fixed504,retain,raw,10,f_cumret10,3027488
ld2_group_ridge_characteristics_core_full_raw_fixed504_recent,group_ridge,characteristics_core,504,rank_ic,0.10935914342230783,0.009605014795333497,11.385629876951247,4.931064338158348e-30,0.09053366035247983,0.12818462649213586,2266,2266,0,9,full,fixed504,recent,raw,10,f_cumret10,3027488
ld2_group_ridge_characteristics_core_full_raw_fixed504_recent,group_ridge,characteristics_core,504,ew_spread_bp,122.36765036188076,45.89608813896606,2.6661891094371915,0.007671652539344059,32.41297057823134,212.3223301455302,2266,2266,0,9,full,fixed504,recent,raw,10,f_cumret10,3027488
ld2_group_ridge_characteristics_core_full_raw_fixed504_recent,group_ridge,characteristics_core,504,cap_spread_bp,91.75181352786348,47.3040422033994,1.9396188835902473,0.0524260242127441,-0.9624055139620822,184.46603256968905,2266,2266,0,9,full,fixed504,recent,raw,10,f_cumret10,3027488
ld2_group_ridge_characteristics_core_full_raw_fixed504_union,group_ridge,characteristics_core,504,rank_ic,0.11044732303283643,0.009694043935255992,11.393317770219063,4.514655230520932e-30,0.09144734605518574,0.1294473000104871,2266,2266,0,9,full,fixed504,union,raw,10,f_cumret10,3027488
ld2_group_ridge_characteristics_core_full_raw_fixed504_union,group_ridge,characteristics_core,504,ew_spread_bp,124.05130794869918,46.13141698637966,2.689085140942569,0.007164814250750034,33.63539209959576,214.4672237978026,2266,2266,0,9,full,fixed504,union,raw,10,f_cumret10,3027488
ld2_group_ridge_characteristics_core_full_raw_fixed504_union,group_ridge,characteristics_core,504,cap_spread_bp,95.94435299610213,47.3550050111229,2.0260657342041544,0.04275804893230218,3.130248686587464,188.7584573056168,2266,2266,0,9,full,fixed504,union,raw,10,f_cumret10,3027488
ld2_ols_characteristics_textcore_full_raw_fixed504_retain,ols,characteristics_textcore,504,rank_ic,0.09862402378584806,0.00792264499679938,12.448370945017802,1.427286779775391e-35,0.08309592492982482,0.1141521226418713,2266,2266,0,9,full,fixed504,retain,raw,10,f_cumret10,3027488
ld2_ols_characteristics_textcore_full_raw_fixed504_retain,ols,characteristics_textcore,504,ew_spread_bp,133.54685906997858,38.70760473906214,3.450145261383444,0.0005602849848507683,57.68134785360486,209.4123702863523,2266,2266,0,9,full,fixed504,retain,raw,10,f_cumret10,3027488
ld2_ols_characteristics_textcore_full_raw_fixed504_retain,ols,characteristics_textcore,504,cap_spread_bp,83.43541913275745,37.5466215787312,2.222181800240067,0.026271021900515213,9.845393097289872,157.02544516822502,2266,2266,0,9,full,fixed504,retain,raw,10,f_cumret10,3027488
ld2_ols_characteristics_textcore_full_raw_fixed504_recent,ols,characteristics_textcore,504,rank_ic,0.10005640164535369,0.00806376124345521,12.40815527946868,2.360282655024112e-35,0.08425172002825156,0.11586108326245582,2266,2266,0,9,full,fixed504,recent,raw,10,f_cumret10,3027488
ld2_ols_characteristics_textcore_full_raw_fixed504_recent,ols,characteristics_textcore,504,ew_spread_bp,138.42445335927414,39.09206953842417,3.540985550105366,0.00039863540939039343,61.805404982827426,215.04350173572084,2266,2266,0,9,full,fixed504,recent,raw,10,f_cumret10,3027488
ld2_ols_characteristics_textcore_full_raw_fixed504_recent,ols,characteristics_textcore,504,cap_spread_bp,91.87686176740047,37.7742397055733,2.43226236936927,0.015004833789532825,17.84071240109391,165.91301113370702,2266,2266,0,9,full,fixed504,recent,raw,10,f_cumret10,3027488
ld2_ols_characteristics_textcore_full_raw_fixed504_union,ols,characteristics_textcore,504,rank_ic,0.1014889474182304,0.008178064657194705,12.409897900347957,2.3094709858136552e-35,0.08546023522688888,0.11751765960957193,2266,2266,0,9,full,fixed504,union,raw,10,f_cumret10,3027488
ld2_ols_characteristics_textcore_full_raw_fixed504_union,ols,characteristics_textcore,504,ew_spread_bp,138.82446220853788,39.57192510797401,3.508155386167043,0.00045122541302161884,61.264914197992525,216.38401021908322,2266,2266,0,9,full,fixed504,union,raw,10,f_cumret10,3027488
ld2_ols_characteristics_textcore_full_raw_fixed504_union,ols,characteristics_textcore,504,cap_spread_bp,90.98040701492228,38.17556762092749,2.3832103275668826,0.017162385532998335,16.157669388530962,165.8031446413136,2266,2266,0,9,full,fixed504,union,raw,10,f_cumret10,3027488
ld2_ridge_characteristics_textcore_full_raw_fixed504_retain,ridge,characteristics_textcore,504,rank_ic,0.1079005312326218,0.009135535855047684,11.81107851194117,3.4214403917125335e-32,0.08999520997725402,0.1258058524879896,2266,2266,0,9,full,fixed504,retain,raw,10,f_cumret10,3027488
ld2_ridge_characteristics_textcore_full_raw_fixed504_retain,ridge,characteristics_textcore,504,ew_spread_bp,132.9750627046103,43.26968054878496,3.0731695038673985,0.0021179814669783463,48.16804720643846,217.78207820278215,2266,2266,0,9,full,fixed504,retain,raw,10,f_cumret10,3027488
ld2_ridge_characteristics_textcore_full_raw_fixed504_retain,ridge,characteristics_textcore,504,cap_spread_bp,100.21983006693509,45.0460505391219,2.224830564888158,0.026092614702293116,11.931193364485082,188.5084667693851,2266,2266,0,9,full,fixed504,retain,raw,10,f_cumret10,3027488
ld2_ridge_characteristics_textcore_full_raw_fixed504_recent,ridge,characteristics_textcore,504,rank_ic,0.10728204346834853,0.009130402687451997,11.749979397490026,7.063606746814567e-32,0.08938678303659489,0.12517730390010218,2266,2266,0,9,full,fixed504,recent,raw,10,f_cumret10,3027488
ld2_ridge_characteristics_textcore_full_raw_fixed504_recent,ridge,characteristics_textcore,504,ew_spread_bp,136.50970391819126,43.48386334026653,3.1393186674786966,0.0016934118441982362,51.282897862607285,221.73650997377524,2266,2266,0,9,full,fixed504,recent,raw,10,f_cumret10,3027488
ld2_ridge_characteristics_textcore_full_raw_fixed504_recent,ridge,characteristics_textcore,504,cap_spread_bp,89.65941829198228,45.85687972831704,1.955201025956783,0.05055934753994133,-0.21841441890401825,179.53725100286857,2266,2266,0,9,full,fixed504,recent,raw,10,f_cumret10,3027488
ld2_ridge_characteristics_textcore_full_raw_fixed504_union,ridge,characteristics_textcore,504,rank_ic,0.10856164348163852,0.009241963035535768,11.74660005284744,7.351768765434331e-32,0.09044772878553795,0.1266755581777391,2266,2266,0,9,full,fixed504,union,raw,10,f_cumret10,3027488
ld2_ridge_characteristics_textcore_full_raw_fixed504_union,ridge,characteristics_textcore,504,ew_spread_bp,133.59587427784288,43.955225240293174,3.0393627503329754,0.002370792002070707,47.44521587452232,219.74653268116344,2266,2266,0,9,full,fixed504,union,raw,10,f_cumret10,3027488
ld2_ridge_characteristics_textcore_full_raw_fixed504_union,ridge,characteristics_textcore,504,cap_spread_bp,91.82622360277416,45.41604271301288,2.021889581684394,0.043187760310313274,2.8124155649361597,180.84003164061215,2266,2266,0,9,full,fixed504,union,raw,10,f_cumret10,3027488
ld2_lasso_characteristics_textcore_full_raw_fixed504_retain,lasso,characteristics_textcore,504,rank_ic,0.11039290884597007,0.009511320484671874,11.606475570229769,3.820401033919039e-31,0.09175106325059515,0.129034754441345,2266,2266,0,9,full,fixed504,retain,raw,10,f_cumret10,3027488
ld2_lasso_characteristics_textcore_full_raw_fixed504_retain,lasso,characteristics_textcore,504,ew_spread_bp,125.68502166338136,44.812016002406246,2.8047169682487065,0.005036078031576305,37.85508422403255,213.5149591027302,2266,2266,0,9,full,fixed504,retain,raw,10,f_cumret10,3027488
ld2_lasso_characteristics_textcore_full_raw_fixed504_retain,lasso,characteristics_textcore,504,cap_spread_bp,78.05073366869662,44.65764275370966,1.7477575809173904,0.08050601342982207,-9.476637763030439,165.57810510042367,2266,2266,0,9,full,fixed504,retain,raw,10,f_cumret10,3027488
ld2_lasso_characteristics_textcore_full_raw_fixed504_recent,lasso,characteristics_textcore,504,rank_ic,0.1088897918321851,0.009437673922085705,11.537778559753493,8.509446077394753e-31,0.09039229084706424,0.12738729281730596,2266,2266,0,9,full,fixed504,recent,raw,10,f_cumret10,3027488
ld2_lasso_characteristics_textcore_full_raw_fixed504_recent,lasso,characteristics_textcore,504,ew_spread_bp,124.65439205743277,44.995756436188294,2.770358850044317,0.005599456380879396,36.464329985367385,212.84445412949816,2266,2266,0,9,full,fixed504,recent,raw,10,f_cumret10,3027488
ld2_lasso_characteristics_textcore_full_raw_fixed504_recent,lasso,characteristics_textcore,504,cap_spread_bp,72.72771439372077,46.040566870117345,1.5796441994054755,0.1141883711331893,-17.510138499517225,162.9655672869588,2266,2266,0,9,full,fixed504,recent,raw,10,f_cumret10,3027488
ld2_lasso_characteristics_textcore_full_raw_fixed504_union,lasso,characteristics_textcore,504,rank_ic,0.11012918293622202,0.00956943117097581,11.508435660234962,1.1962869910668445e-30,0.09137344248857449,0.12888492338386956,2266,2266,0,9,full,fixed504,union,raw,10,f_cumret10,3027488
ld2_lasso_characteristics_textcore_full_raw_fixed504_union,lasso,characteristics_textcore,504,ew_spread_bp,128.2829507202958,45.10730377298201,2.843950757197189,0.004455793369715104,39.87425988554335,216.69164155504822,2266,2266,0,9,full,fixed504,union,raw,10,f_cumret10,3027488
ld2_lasso_characteristics_textcore_full_raw_fixed504_union,lasso,characteristics_textcore,504,cap_spread_bp,80.05337465013099,45.954603628377725,1.742009903893431,0.08150671127504379,-10.015993385303048,170.12274268556502,2266,2266,0,9,full,fixed504,union,raw,10,f_cumret10,3027488
ld2_enet_characteristics_textcore_full_raw_fixed504_retain,enet,characteristics_textcore,504,rank_ic,0.11027953314164136,0.009522458598641417,11.580993710739273,5.14462081830637e-31,0.09161585724403043,0.1289432090392523,2266,2266,0,9,full,fixed504,retain,raw,10,f_cumret10,3027488
ld2_enet_characteristics_textcore_full_raw_fixed504_retain,enet,characteristics_textcore,504,ew_spread_bp,125.29078425464384,45.04496724445448,2.781460214516384,0.005411496315877792,37.004270770726606,213.57729773856107,2266,2266,0,9,full,fixed504,retain,raw,10,f_cumret10,3027488
ld2_enet_characteristics_textcore_full_raw_fixed504_retain,enet,characteristics_textcore,504,cap_spread_bp,84.93323397053256,44.5118841440177,1.9081024226189132,0.05637797966645092,-2.3084558357616345,172.17492377682674,2266,2266,0,9,full,fixed504,retain,raw,10,f_cumret10,3027488
ld2_enet_characteristics_textcore_full_raw_fixed504_recent,enet,characteristics_textcore,504,rank_ic,0.10901509127881183,0.009453047263233672,11.53226977958854,9.071987863821305e-31,0.09048745909871891,0.12754272345890474,2266,2266,0,9,full,fixed504,recent,raw,10,f_cumret10,3027488
ld2_enet_characteristics_textcore_full_raw_fixed504_recent,enet,characteristics_textcore,504,ew_spread_bp,124.02992554396481,45.35991972180633,2.7343506404915146,0.006250344486482592,35.1261165475963,212.93373454033332,2266,2266,0,9,full,fixed504,recent,raw,10,f_cumret10,3027488
ld2_enet_characteristics_textcore_full_raw_fixed504_recent,enet,characteristics_textcore,504,cap_spread_bp,75.77051396977545,46.596599833901344,1.6260953425758038,0.10392937466252448,-15.55714350669625,167.09817144624714,2266,2266,0,9,full,fixed504,recent,raw,10,f_cumret10,3027488
ld2_enet_characteristics_textcore_full_raw_fixed504_union,enet,characteristics_textcore,504,rank_ic,0.11014686512877359,0.009575349093126658,11.503169655489511,1.2715838033863886e-30,0.09137952576684708,0.1289142044907001,2266,2266,0,9,full,fixed504,union,raw,10,f_cumret10,3027488
ld2_enet_characteristics_textcore_full_raw_fixed504_union,enet,characteristics_textcore,504,ew_spread_bp,126.04959717076885,45.40318985315138,2.7762277844013616,0.005499366489652294,37.06098027535772,215.03821406618,2266,2266,0,9,full,fixed504,union,raw,10,f_cumret10,3027488
ld2_enet_characteristics_textcore_full_raw_fixed504_union,enet,characteristics_textcore,504,cap_spread_bp,84.39924021654109,45.87128112282451,1.8399146078033983,0.06578077504120428,-5.506818708907005,174.30529914198917,2266,2266,0,9,full,fixed504,union,raw,10,f_cumret10,3027488
ld2_group_ridge_characteristics_textcore_full_raw_fixed504_retain,group_ridge,characteristics_textcore,504,rank_ic,0.11030956078395261,0.009635819862870421,11.447864567187167,2.410095915600076e-30,0.09142370089121091,0.12919542067669432,2266,2266,0,9,full,fixed504,retain,raw,10,f_cumret10,3027488
ld2_group_ridge_characteristics_textcore_full_raw_fixed504_retain,group_ridge,characteristics_textcore,504,ew_spread_bp,123.33956635228938,45.89461314186195,2.6874519231928637,0.007199946620359708,33.3877775098413,213.29135519473746,2266,2266,0,9,full,fixed504,retain,raw,10,f_cumret10,3027488
ld2_group_ridge_characteristics_textcore_full_raw_fixed504_retain,group_ridge,characteristics_textcore,504,cap_spread_bp,97.85176859234376,47.33659936564017,2.0671482511135055,0.038720186663152675,5.073738685087463,190.62979849960004,2266,2266,0,9,full,fixed504,retain,raw,10,f_cumret10,3027488
ld2_group_ridge_characteristics_textcore_full_raw_fixed504_recent,group_ridge,characteristics_textcore,504,rank_ic,0.10920786411323269,0.009543359995763742,11.443334859180583,2.5393336562684365e-30,0.09050322223003543,0.12791250599642995,2266,2266,0,9,full,fixed504,recent,raw,10,f_cumret10,3027488
ld2_group_ridge_characteristics_textcore_full_raw_fixed504_recent,group_ridge,characteristics_textcore,504,ew_spread_bp,123.64218814892735,45.87207784352464,2.6953692520902632,0.0070310665793097615,33.734567679601255,213.54980861825345,2266,2266,0,9,full,fixed504,recent,raw,10,f_cumret10,3027488
ld2_group_ridge_characteristics_textcore_full_raw_fixed504_recent,group_ridge,characteristics_textcore,504,cap_spread_bp,90.80785130234337,47.36564862343452,1.9171668485801223,0.055216738225773304,-2.0271141039674774,183.6428167086542,2266,2266,0,9,full,fixed504,recent,raw,10,f_cumret10,3027488
ld2_group_ridge_characteristics_textcore_full_raw_fixed504_union,group_ridge,characteristics_textcore,504,rank_ic,0.11019412644536578,0.00963827691883038,11.43296954148294,2.861524835759368e-30,0.09130345081143455,0.129084802079297,2266,2266,0,9,full,fixed504,union,raw,10,f_cumret10,3027488
ld2_group_ridge_characteristics_textcore_full_raw_fixed504_union,group_ridge,characteristics_textcore,504,ew_spread_bp,124.16926094730965,46.11312276936819,2.6927098728128693,0.007087391322651231,33.78920110467408,214.54932078994523,2266,2266,0,9,full,fixed504,union,raw,10,f_cumret10,3027488
ld2_group_ridge_characteristics_textcore_full_raw_fixed504_union,group_ridge,characteristics_textcore,504,cap_spread_bp,94.63818311339949,47.183292449073285,2.0057562370312767,0.04488226190900307,2.160629241195167,187.1157369856038,2266,2266,0,9,full,fixed504,union,raw,10,f_cumret10,3027488
ld2_ols_characteristics_textcore_pca_raw_fixed504_retain,ols,characteristics_textcore,504,rank_ic,0.10759317907445744,0.008906251758517758,12.080635265172862,1.3368288435837552e-33,0.09013724639051611,0.12504911175839878,2266,2266,0,9,pca,fixed504,retain,raw,10,f_cumret10,3027488
ld2_ols_characteristics_textcore_pca_raw_fixed504_retain,ols,characteristics_textcore,504,ew_spread_bp,138.42859220277063,42.16328005576429,3.283155200916243,0.0010265213406081314,55.79008182339666,221.0671025821446,2266,2266,0,9,pca,fixed504,retain,raw,10,f_cumret10,3027488
ld2_ols_characteristics_textcore_pca_raw_fixed504_retain,ols,characteristics_textcore,504,cap_spread_bp,98.74160706767245,41.223849854053526,2.3952543835001188,0.016608837784633883,17.94434604964077,179.5388680857041,2266,2266,0,9,pca,fixed504,retain,raw,10,f_cumret10,3027488
ld2_ols_characteristics_textcore_pca_raw_fixed504_recent,ols,characteristics_textcore,504,rank_ic,0.10672066033468297,0.00888123623306482,12.01641950896005,2.9132355086727213e-33,0.08931375717968375,0.1241275634896822,2266,2266,0,9,pca,fixed504,recent,raw,10,f_cumret10,3027488
ld2_ols_characteristics_textcore_pca_raw_fixed504_recent,ols,characteristics_textcore,504,ew_spread_bp,143.38457036733485,42.06780701797234,3.4084156159145076,0.0006534129090766277,60.93318370352773,225.83595703114196,2266,2266,0,9,pca,fixed504,recent,raw,10,f_cumret10,3027488
ld2_ols_characteristics_textcore_pca_raw_fixed504_recent,ols,characteristics_textcore,504,cap_spread_bp,96.57962431048645,40.31276110752067,2.395758108775852,0.01658603199029289,17.56806442237891,175.591184198594,2266,2266,0,9,pca,fixed504,recent,raw,10,f_cumret10,3027488
ld2_ols_characteristics_textcore_pca_raw_fixed504_union,ols,characteristics_textcore,504,rank_ic,0.10821676610424029,0.008987033300572713,12.041433750706588,2.151828903200318e-33,0.09060250450725564,0.12583102770122495,2266,2266,0,9,pca,fixed504,union,raw,10,f_cumret10,3027488
ld2_ols_characteristics_textcore_pca_raw_fixed504_union,ols,characteristics_textcore,504,ew_spread_bp,141.15368714940314,42.186231116197185,3.3459658143106297,0.0008199650429734016,58.4701935181737,223.8371807806326,2266,2266,0,9,pca,fixed504,union,raw,10,f_cumret10,3027488
ld2_ols_characteristics_textcore_pca_raw_fixed504_union,ols,characteristics_textcore,504,cap_spread_bp,93.14113109317515,40.16421547232269,2.3190078530815335,0.020394610523145514,14.420715300116285,171.861546886234,2266,2266,0,9,pca,fixed504,union,raw,10,f_cumret10,3027488
ld2_ridge_characteristics_textcore_pca_raw_fixed504_retain,ridge,characteristics_textcore,504,rank_ic,0.11033882463847886,0.009517497243526223,11.593260477541092,4.458318333797921e-31,0.09168487281820822,0.1289927764587495,2266,2266,0,9,pca,fixed504,retain,raw,10,f_cumret10,3027488
ld2_ridge_characteristics_textcore_pca_raw_fixed504_retain,ridge,characteristics_textcore,504,ew_spread_bp,130.23226747610994,45.61993673216154,2.8547226674318833,0.004307442481388071,40.81883450407743,219.64570044814246,2266,2266,0,9,pca,fixed504,retain,raw,10,f_cumret10,3027488
ld2_ridge_characteristics_textcore_pca_raw_fixed504_retain,ridge,characteristics_textcore,504,cap_spread_bp,86.38836937664375,47.76925885358919,1.8084511137470343,0.0705363188277506,-7.2376575445621825,180.0143962978497,2266,2266,0,9,pca,fixed504,retain,raw,10,f_cumret10,3027488
ld2_ridge_characteristics_textcore_pca_raw_fixed504_recent,ridge,characteristics_textcore,504,rank_ic,0.10926559776355481,0.009460333171085803,11.549867831030515,7.393404710529843e-31,0.09072368546647704,0.1278075100606326,2266,2266,0,9,pca,fixed504,recent,raw,10,f_cumret10,3027488
ld2_ridge_characteristics_textcore_pca_raw_fixed504_recent,ridge,characteristics_textcore,504,ew_spread_bp,132.52648323350795,45.44883100957672,2.9159492178265864,0.0035460821314880603,43.448411315290386,221.6045551517255,2266,2266,0,9,pca,fixed504,recent,raw,10,f_cumret10,3027488
ld2_ridge_characteristics_textcore_pca_raw_fixed504_recent,ridge,characteristics_textcore,504,cap_spread_bp,84.79514943003589,46.43236492465001,1.8262078523814291,0.06781895899676857,-6.21061353929899,175.80091239937076,2266,2266,0,9,pca,fixed504,recent,raw,10,f_cumret10,3027488
ld2_ridge_characteristics_textcore_pca_raw_fixed504_union,ridge,characteristics_textcore,504,rank_ic,0.11019601486631356,0.009540453890473968,11.550395414241558,7.348158037843992e-31,0.09149706884481953,0.12889496088780758,2266,2266,0,9,pca,fixed504,union,raw,10,f_cumret10,3027488
ld2_ridge_characteristics_textcore_pca_raw_fixed504_union,ridge,characteristics_textcore,504,ew_spread_bp,130.8995089945244,45.5889533176579,2.871298844753764,0.004087888619437207,41.54680239903712,220.2522155900117,2266,2266,0,9,pca,fixed504,union,raw,10,f_cumret10,3027488
ld2_ridge_characteristics_textcore_pca_raw_fixed504_union,ridge,characteristics_textcore,504,cap_spread_bp,89.71540478792267,46.38536547715136,1.9341316784949112,0.05309693990681721,-1.1982409570215822,180.62905053286693,2266,2266,0,9,pca,fixed504,union,raw,10,f_cumret10,3027488
ld2_lasso_characteristics_textcore_pca_raw_fixed504_retain,lasso,characteristics_textcore,504,rank_ic,0.1104052599197595,0.00941822643644102,11.7225106727716,9.773192395332508e-32,0.09194587530609208,0.12886464453342691,2266,2266,0,9,pca,fixed504,retain,raw,10,f_cumret10,3027488
ld2_lasso_characteristics_textcore_pca_raw_fixed504_retain,lasso,characteristics_textcore,504,ew_spread_bp,132.80293362887426,44.215920795133826,3.003509397535601,0.002668853063897639,46.141321327136325,219.4645459306122,2266,2266,0,9,pca,fixed504,retain,raw,10,f_cumret10,3027488
ld2_lasso_characteristics_textcore_pca_raw_fixed504_retain,lasso,characteristics_textcore,504,cap_spread_bp,86.57386878253135,43.495696530489084,1.990400791072419,0.046546802838783014,1.323870100288957,171.82386746477374,2266,2266,0,9,pca,fixed504,retain,raw,10,f_cumret10,3027488
ld2_lasso_characteristics_textcore_pca_raw_fixed504_recent,lasso,characteristics_textcore,504,rank_ic,0.1087875133906535,0.009336730921920151,11.651563518366954,2.2528698707183445e-31,0.09048785705034855,0.12708716973095846,2266,2266,0,9,pca,fixed504,recent,raw,10,f_cumret10,3027488
ld2_lasso_characteristics_textcore_pca_raw_fixed504_recent,lasso,characteristics_textcore,504,ew_spread_bp,129.33575007946556,44.742785696637085,2.890650371132045,0.0038444556123762704,41.641501546063,217.0299986128681,2266,2266,0,9,pca,fixed504,recent,raw,10,f_cumret10,3027488
ld2_lasso_characteristics_textcore_pca_raw_fixed504_recent,lasso,characteristics_textcore,504,cap_spread_bp,81.72508329937713,44.37624287722124,1.8416404364265688,0.06552776211574436,-5.250754509178591,168.70092110793286,2266,2266,0,9,pca,fixed504,recent,raw,10,f_cumret10,3027488
ld2_lasso_characteristics_textcore_pca_raw_fixed504_union,lasso,characteristics_textcore,504,rank_ic,0.1100711192082367,0.009451905240047843,11.645389623867997,2.4221215875542715e-31,0.09154572535245752,0.12859651306401587,2266,2266,0,9,pca,fixed504,union,raw,10,f_cumret10,3027488
ld2_lasso_characteristics_textcore_pca_raw_fixed504_union,lasso,characteristics_textcore,504,ew_spread_bp,133.68984957557552,44.23969479163291,3.0219433069158605,0.002511575823930283,46.981641096930815,220.39805805422023,2266,2266,0,9,pca,fixed504,union,raw,10,f_cumret10,3027488
ld2_lasso_characteristics_textcore_pca_raw_fixed504_union,lasso,characteristics_textcore,504,cap_spread_bp,93.83677525490032,43.39906610890015,2.1621842050572733,0.03060398052072436,8.776168718783154,178.8973817910175,2266,2266,0,9,pca,fixed504,union,raw,10,f_cumret10,3027488
ld2_enet_characteristics_textcore_pca_raw_fixed504_retain,enet,characteristics_textcore,504,rank_ic,0.11048126452866831,0.009437739466419213,11.706327020551477,1.1829392520171661e-31,0.09198363507901439,0.12897889397832224,2266,2266,0,9,pca,fixed504,retain,raw,10,f_cumret10,3027488
ld2_enet_characteristics_textcore_pca_raw_fixed504_retain,enet,characteristics_textcore,504,ew_spread_bp,132.1810243350647,44.202915115453266,2.99032369222306,0.002786819561897542,45.54490269709514,218.81714597303426,2266,2266,0,9,pca,fixed504,retain,raw,10,f_cumret10,3027488
ld2_enet_characteristics_textcore_pca_raw_fixed504_retain,enet,characteristics_textcore,504,cap_spread_bp,82.60039246146862,43.37261138248513,1.904436690081902,0.05685333461227264,-2.4083637636542505,167.60914868659148,2266,2266,0,9,pca,fixed504,retain,raw,10,f_cumret10,3027488
ld2_enet_characteristics_textcore_pca_raw_fixed504_recent,enet,characteristics_textcore,504,rank_ic,0.10887672352793397,0.009359877742798381,11.632280519016952,2.8244928664516493e-31,0.09053170025235109,0.12722174680351686,2266,2266,0,9,pca,fixed504,recent,raw,10,f_cumret10,3027488
ld2_enet_characteristics_textcore_pca_raw_fixed504_recent,enet,characteristics_textcore,504,ew_spread_bp,127.99984679112801,44.90082621811929,2.8507236407929373,0.00436198633202191,39.995844527522394,216.00384905473362,2266,2266,0,9,pca,fixed504,recent,raw,10,f_cumret10,3027488
ld2_enet_characteristics_textcore_pca_raw_fixed504_recent,enet,characteristics_textcore,504,cap_spread_bp,79.25107575744623,44.53939295127215,1.7793479099311038,0.07518274080857117,-8.044530320324327,166.5466818352168,2266,2266,0,9,pca,fixed504,recent,raw,10,f_cumret10,3027488
ld2_enet_characteristics_textcore_pca_raw_fixed504_union,enet,characteristics_textcore,504,rank_ic,0.11014170165165771,0.009470469631014217,11.630014766212005,2.9004739629635607e-31,0.0915799222581895,0.1287034810451259,2266,2266,0,9,pca,fixed504,union,raw,10,f_cumret10,3027488
ld2_enet_characteristics_textcore_pca_raw_fixed504_union,enet,characteristics_textcore,504,ew_spread_bp,132.19653750151187,44.309326227575475,2.983492387641874,0.0028497912463832796,45.351853916227924,219.04122108679582,2266,2266,0,9,pca,fixed504,union,raw,10,f_cumret10,3027488
ld2_enet_characteristics_textcore_pca_raw_fixed504_union,enet,characteristics_textcore,504,cap_spread_bp,88.91010724412689,43.510295259066176,2.043426888159322,0.04101019801350676,3.6314955796533326,174.18871890860044,2266,2266,0,9,pca,fixed504,union,raw,10,f_cumret10,3027488
ld2_group_ridge_characteristics_textcore_pca_raw_fixed504_retain,group_ridge,characteristics_textcore,504,rank_ic,0.11030945482735903,0.009579943786041085,11.514624437367857,1.1134357445306169e-30,0.09153311003280021,0.12908579962191785,2266,2266,0,9,pca,fixed504,retain,raw,10,f_cumret10,3027488
ld2_group_ridge_characteristics_textcore_pca_raw_fixed504_retain,group_ridge,characteristics_textcore,504,ew_spread_bp,124.6182686039296,45.75706987993269,2.723475714920776,0.0064598964745391715,34.936059601179025,214.30047760668015,2266,2266,0,9,pca,fixed504,retain,raw,10,f_cumret10,3027488
ld2_group_ridge_characteristics_textcore_pca_raw_fixed504_retain,group_ridge,characteristics_textcore,504,cap_spread_bp,88.70212311863582,47.60006438490555,1.8634874608859593,0.062393715083284666,-4.592288737566776,181.99653497483843,2266,2266,0,9,pca,fixed504,retain,raw,10,f_cumret10,3027488
ld2_group_ridge_characteristics_textcore_pca_raw_fixed504_recent,group_ridge,characteristics_textcore,504,rank_ic,0.10913158178233155,0.009486678060493095,11.503666624548567,1.2642812736573992e-30,0.0905380344508388,0.1277251291138243,2266,2266,0,9,pca,fixed504,recent,raw,10,f_cumret10,3027488
ld2_group_ridge_characteristics_textcore_pca_raw_fixed504_recent,group_ridge,characteristics_textcore,504,ew_spread_bp,125.47100215263087,45.579989050756694,2.7527650788355746,0.005909428413014492,36.13586519741774,214.806139107844,2266,2266,0,9,pca,fixed504,recent,raw,10,f_cumret10,3027488
ld2_group_ridge_characteristics_textcore_pca_raw_fixed504_recent,group_ridge,characteristics_textcore,504,cap_spread_bp,85.00130570586839,46.53400648151686,1.8266491998626984,0.06775253086816223,-6.203671054258095,176.2062824659949,2266,2266,0,9,pca,fixed504,recent,raw,10,f_cumret10,3027488
ld2_group_ridge_characteristics_textcore_pca_raw_fixed504_union,group_ridge,characteristics_textcore,504,rank_ic,0.11011599495542267,0.009587574162390235,11.485282209068217,1.564238402815223e-30,0.09132469489803102,0.1289072950128143,2266,2266,0,9,pca,fixed504,union,raw,10,f_cumret10,3027488
ld2_group_ridge_characteristics_textcore_pca_raw_fixed504_union,group_ridge,characteristics_textcore,504,ew_spread_bp,127.75834690632541,45.69348615911496,2.7959859849923077,0.005174164414809247,38.20075970638065,217.31593410627016,2266,2266,0,9,pca,fixed504,union,raw,10,f_cumret10,3027488
ld2_group_ridge_characteristics_textcore_pca_raw_fixed504_union,group_ridge,characteristics_textcore,504,cap_spread_bp,94.9040950159151,46.53503188055458,2.0394118405143358,0.04140894167473917,3.697108510604906,186.1110815212253,2266,2266,0,9,pca,fixed504,union,raw,10,f_cumret10,3027488
ld2_ols_characteristics_full_raw_fixed504_retain,ols,characteristics,504,rank_ic,0.1288860032591495,0.01327830415270153,9.706510844830067,2.828542221409221e-22,0.10286100534408588,0.15491100117421314,2266,2266,0,20,full,fixed504,retain,raw,21,f_cumret21,3020813
ld2_ols_characteristics_full_raw_fixed504_retain,ols,characteristics,504,ew_spread_bp,221.919193088996,89.79206747140893,2.4714788214410834,0.013455552102773771,45.92997474764397,397.908411430348,2266,2266,0,20,full,fixed504,retain,raw,21,f_cumret21,3020813
ld2_ols_characteristics_full_raw_fixed504_retain,ols,characteristics,504,cap_spread_bp,157.8410712289425,82.73297178062805,1.9078375626040431,0.0564122142158113,-4.312573795057091,319.9947162529421,2266,2266,0,20,full,fixed504,retain,raw,21,f_cumret21,3020813
ld2_ols_characteristics_full_raw_fixed504_recent,ols,characteristics,504,rank_ic,0.12734201338070614,0.013234933687738185,9.621658588186591,6.477809365193117e-22,0.10140202001496341,0.15328200674644887,2266,2266,0,20,full,fixed504,recent,raw,21,f_cumret21,3020813
ld2_ols_characteristics_full_raw_fixed504_recent,ols,characteristics,504,ew_spread_bp,216.76475739185076,90.20319220999171,2.4030719099965507,0.016257990046700223,39.96974936972305,393.5597654139785,2266,2266,0,20,full,fixed504,recent,raw,21,f_cumret21,3020813
ld2_ols_characteristics_full_raw_fixed504_recent,ols,characteristics,504,cap_spread_bp,147.8050477181991,79.14709703743881,1.8674727595919676,0.06183559741582964,-7.320411956077777,302.930507392476,2266,2266,0,20,full,fixed504,recent,raw,21,f_cumret21,3020813
ld2_ols_characteristics_full_raw_fixed504_union,ols,characteristics,504,rank_ic,0.12947183211655833,0.01336896861844354,9.684504153741658,3.509071166121312e-22,0.10326913511396278,0.15567452911915386,2266,2266,0,20,full,fixed504,union,raw,21,f_cumret21,3020813
ld2_ols_characteristics_full_raw_fixed504_union,ols,characteristics,504,ew_spread_bp,223.15635227916724,89.94671714650084,2.4809838464221103,0.013102031050081864,46.864026144414254,399.4486784139202,2266,2266,0,20,full,fixed504,union,raw,21,f_cumret21,3020813
ld2_ols_characteristics_full_raw_fixed504_union,ols,characteristics,504,cap_spread_bp,153.96480642501274,81.7597106361342,1.8831378588192687,0.059681687754973636,-6.28128180822668,314.2108946582522,2266,2266,0,20,full,fixed504,union,raw,21,f_cumret21,3020813
ld2_ridge_characteristics_full_raw_fixed504_retain,ridge,characteristics,504,rank_ic,0.13237680140290298,0.014031887289794227,9.43399834027916,3.9474773577952986e-21,0.10487480767978094,0.15987879512602501,2266,2266,0,20,full,fixed504,retain,raw,21,f_cumret21,3020813
ld2_ridge_characteristics_full_raw_fixed504_retain,ridge,characteristics,504,ew_spread_bp,201.97085281358898,98.9134128407967,2.0418955024700796,0.041161898009763324,8.104126057685733,395.8375795694922,2266,2266,0,20,full,fixed504,retain,raw,21,f_cumret21,3020813
ld2_ridge_characteristics_full_raw_fixed504_retain,ridge,characteristics,504,cap_spread_bp,154.40186811369645,97.24251089894868,1.587802152436664,0.11233108461003197,-36.18995101448664,344.99368724187957,2266,2266,0,20,full,fixed504,retain,raw,21,f_cumret21,3020813
ld2_ridge_characteristics_full_raw_fixed504_recent,ridge,characteristics,504,rank_ic,0.13064258692219216,0.013946778022440215,9.36722350581544,7.446557820550593e-21,0.10330740429783458,0.15797776954654974,2266,2266,0,20,full,fixed504,recent,raw,21,f_cumret21,3020813
ld2_ridge_characteristics_full_raw_fixed504_recent,ridge,characteristics,504,ew_spread_bp,195.09281312417514,99.1212446792466,1.9682240044048043,0.04904226949052141,0.8187434500693485,389.3668827982809,2266,2266,0,20,full,fixed504,recent,raw,21,f_cumret21,3020813
ld2_ridge_characteristics_full_raw_fixed504_recent,ridge,characteristics,504,cap_spread_bp,136.24537712739414,96.27159670159246,1.4152188370751355,0.15700434316467474,-52.443485141892154,324.9342393966804,2266,2266,0,20,full,fixed504,recent,raw,21,f_cumret21,3020813
ld2_ridge_characteristics_full_raw_fixed504_union,ridge,characteristics,504,rank_ic,0.1322036338104189,0.014062379460332581,9.401227877781379,5.392998796420449e-21,0.10464187653123125,0.15976539108960658,2266,2266,0,20,full,fixed504,union,raw,21,f_cumret21,3020813
ld2_ridge_characteristics_full_raw_fixed504_union,ridge,characteristics,504,ew_spread_bp,200.2645982454993,98.70394158003027,2.028942259444852,0.0424641717824592,6.808427616494441,393.72076887450413,2266,2266,0,20,full,fixed504,union,raw,21,f_cumret21,3020813
ld2_ridge_characteristics_full_raw_fixed504_union,ridge,characteristics,504,cap_spread_bp,158.1014456107528,96.61406118233585,1.6364227284926391,0.10175114557410735,-31.25863470677473,347.4615259282803,2266,2266,0,20,full,fixed504,union,raw,21,f_cumret21,3020813
ld2_lasso_characteristics_full_raw_fixed504_retain,lasso,characteristics,504,rank_ic,0.13214592371874567,0.013853500621121584,9.538810971522308,1.4447926283331121e-21,0.10499356144154409,0.15929828599594725,2266,2266,0,20,full,fixed504,retain,raw,21,f_cumret21,3020813
ld2_lasso_characteristics_full_raw_fixed504_retain,lasso,characteristics,504,ew_spread_bp,222.20097112229902,93.73276694099565,2.3705794502169506,0.01776022638047471,38.48812374666093,405.9138184979371,2266,2266,0,20,full,fixed504,retain,raw,21,f_cumret21,3020813
ld2_lasso_characteristics_full_raw_fixed504_retain,lasso,characteristics,504,cap_spread_bp,188.70394416457106,89.95109110164836,2.09785053025458,0.035918351189258325,12.40304523525893,365.0048430938832,2266,2266,0,20,full,fixed504,retain,raw,21,f_cumret21,3020813
ld2_lasso_characteristics_full_raw_fixed504_recent,lasso,characteristics,504,rank_ic,0.1299765012537913,0.013760914590568201,9.445338854357676,3.5425621407174115e-21,0.10300560426194587,0.1569473982456367,2266,2266,0,20,full,fixed504,recent,raw,21,f_cumret21,3020813
ld2_lasso_characteristics_full_raw_fixed504_recent,lasso,characteristics,504,ew_spread_bp,201.1201711983729,96.45066436646567,2.0852129170848834,0.037049977902397696,12.08034275513944,390.15999964160636,2266,2266,0,20,full,fixed504,recent,raw,21,f_cumret21,3020813
ld2_lasso_characteristics_full_raw_fixed504_recent,lasso,characteristics,504,cap_spread_bp,136.68126039811634,90.37730006575559,1.512340602105523,0.1304472370526108,-40.45499275073408,313.8175135469668,2266,2266,0,20,full,fixed504,recent,raw,21,f_cumret21,3020813
ld2_lasso_characteristics_full_raw_fixed504_union,lasso,characteristics,504,rank_ic,0.13177135720483144,0.013891414859925727,9.485812534831744,2.405019902993036e-21,0.10454468438507249,0.15899803002459037,2266,2266,0,20,full,fixed504,union,raw,21,f_cumret21,3020813
ld2_lasso_characteristics_full_raw_fixed504_union,lasso,characteristics,504,ew_spread_bp,206.59295885004107,95.32227096732471,2.1673105010355718,0.030211186333490937,19.764740829516626,393.42117687056555,2266,2266,0,20,full,fixed504,union,raw,21,f_cumret21,3020813
ld2_lasso_characteristics_full_raw_fixed504_union,lasso,characteristics,504,cap_spread_bp,170.48613241144847,89.28760958638105,1.909404151384657,0.05620997567151666,-4.514366643531673,345.4866314664286,2266,2266,0,20,full,fixed504,union,raw,21,f_cumret21,3020813
ld2_enet_characteristics_full_raw_fixed504_retain,enet,characteristics,504,rank_ic,0.13230275527505195,0.013905585432665395,9.514360680152423,1.8283363608373763e-21,0.10504830864308295,0.15955720190702094,2266,2266,0,20,full,fixed504,retain,raw,21,f_cumret21,3020813
ld2_enet_characteristics_full_raw_fixed504_retain,enet,characteristics,504,ew_spread_bp,222.52167380384412,94.30306450090892,2.3596441428655734,0.018292472849887546,37.69106375030495,407.3522838573833,2266,2266,0,20,full,fixed504,retain,raw,21,f_cumret21,3020813
ld2_enet_characteristics_full_raw_fixed504_retain,enet,characteristics,504,cap_spread_bp,195.58334231495465,91.09724092132375,2.1469732819226706,0.031795408744459304,17.036031018191693,374.1306536117176,2266,2266,0,20,full,fixed504,retain,raw,21,f_cumret21,3020813
ld2_enet_characteristics_full_raw_fixed504_recent,enet,characteristics,504,rank_ic,0.13022968479842884,0.013814052665131384,9.427333741614213,4.2064537970104276e-21,0.10315463909423178,0.1573047305026259,2266,2266,0,20,full,fixed504,recent,raw,21,f_cumret21,3020813
ld2_enet_characteristics_full_raw_fixed504_recent,enet,characteristics,504,ew_spread_bp,201.7031678859989,96.90288492594121,2.0814980693314977,0.03738834063291396,11.777003433124833,391.629332338873,2266,2266,0,20,full,fixed504,recent,raw,21,f_cumret21,3020813
ld2_enet_characteristics_full_raw_fixed504_recent,enet,characteristics,504,cap_spread_bp,146.7762193602995,91.24705822999077,1.6085583711679332,0.1077129430227372,-32.06472846571154,325.61716718631055,2266,2266,0,20,full,fixed504,recent,raw,21,f_cumret21,3020813
ld2_enet_characteristics_full_raw_fixed504_union,enet,characteristics,504,rank_ic,0.13190412726284576,0.013944137605614327,9.45946827215311,3.0951309217992863e-21,0.10457411976037109,0.15923413476532042,2266,2266,0,20,full,fixed504,union,raw,21,f_cumret21,3020813
ld2_enet_characteristics_full_raw_fixed504_union,enet,characteristics,504,ew_spread_bp,208.71490937241245,95.62566497731102,2.1826243971420642,0.029063481610259317,21.292050019189645,396.1377687256353,2266,2266,0,20,full,fixed504,union,raw,21,f_cumret21,3020813
ld2_enet_characteristics_full_raw_fixed504_union,enet,characteristics,504,cap_spread_bp,179.25533435467904,90.33992670795865,1.9842315672244975,0.04723003098625467,2.192331641091954,356.31833706826615,2266,2266,0,20,full,fixed504,union,raw,21,f_cumret21,3020813
ld2_ols_characteristics_core_full_raw_fixed504_retain,ols,characteristics_core,504,rank_ic,0.1305764462903304,0.013137632051465037,9.939115799469299,2.8131296931219e-23,0.10482716062731987,0.15632573195334096,2266,2266,0,20,full,fixed504,retain,raw,21,f_cumret21,3020813
ld2_ols_characteristics_core_full_raw_fixed504_retain,ols,characteristics_core,504,ew_spread_bp,241.58887953191316,90.0575871018426,2.6826044013227865,0.007305134650261447,65.07925227772276,418.0985067861036,2266,2266,0,20,full,fixed504,retain,raw,21,f_cumret21,3020813
ld2_ols_characteristics_core_full_raw_fixed504_retain,ols,characteristics_core,504,cap_spread_bp,176.377333999964,83.22774790917421,2.119213104173421,0.034072461338451786,13.25394558360378,339.50072241632427,2266,2266,0,20,full,fixed504,retain,raw,21,f_cumret21,3020813
ld2_ols_characteristics_core_full_raw_fixed504_recent,ols,characteristics_core,504,rank_ic,0.1289930865010303,0.01306806311050496,9.870864979014163,5.568234988941828e-23,0.10338015345674412,0.1546060195453165,2266,2266,0,20,full,fixed504,recent,raw,21,f_cumret21,3020813
ld2_ols_characteristics_core_full_raw_fixed504_recent,ols,characteristics_core,504,ew_spread_bp,237.34050567574357,90.39302743055907,2.6256505885707964,0.008648354442388487,60.173427458306605,414.50758389318054,2266,2266,0,20,full,fixed504,recent,raw,21,f_cumret21,3020813
ld2_ols_characteristics_core_full_raw_fixed504_recent,ols,characteristics_core,504,cap_spread_bp,164.7073901070053,79.8044961283482,2.063886097872346,0.039028517162146434,8.293451891076643,321.12132832293395,2266,2266,0,20,full,fixed504,recent,raw,21,f_cumret21,3020813
ld2_ols_characteristics_core_full_raw_fixed504_union,ols,characteristics_core,504,rank_ic,0.13116576369634844,0.013222341913070526,9.920009976953379,3.407221154719966e-23,0.10525044975545578,0.1570810776372411,2266,2266,0,20,full,fixed504,union,raw,21,f_cumret21,3020813
ld2_ols_characteristics_core_full_raw_fixed504_union,ols,characteristics_core,504,ew_spread_bp,249.99042993355465,90.16187046336775,2.7726846021359366,0.005559597606743127,73.27641104658818,426.7044488205211,2266,2266,0,20,full,fixed504,union,raw,21,f_cumret21,3020813
ld2_ols_characteristics_core_full_raw_fixed504_union,ols,characteristics_core,504,cap_spread_bp,179.02993589181762,81.30649552236046,2.20191430883381,0.027671362054427454,19.672132958823937,338.3877388248113,2266,2266,0,20,full,fixed504,union,raw,21,f_cumret21,3020813
ld2_ridge_characteristics_core_full_raw_fixed504_retain,ridge,characteristics_core,504,rank_ic,0.13507301741400501,0.013985472545456415,9.658094638917824,4.542333746019396e-22,0.10766199491813673,0.1624840399098733,2266,2266,0,20,full,fixed504,retain,raw,21,f_cumret21,3020813
ld2_ridge_characteristics_core_full_raw_fixed504_retain,ridge,characteristics_core,504,ew_spread_bp,233.92699718198503,100.3298901828835,2.3315783238233174,0.019722885248407252,37.284025850674624,430.5699685132954,2266,2266,0,20,full,fixed504,retain,raw,21,f_cumret21,3020813
ld2_ridge_characteristics_core_full_raw_fixed504_retain,ridge,characteristics_core,504,cap_spread_bp,170.7907603970178,99.52468924649608,1.7160642418487206,0.08615028505034472,-24.274046098655333,365.85556689269094,2266,2266,0,20,full,fixed504,retain,raw,21,f_cumret21,3020813
ld2_ridge_characteristics_core_full_raw_fixed504_recent,ridge,characteristics_core,504,rank_ic,0.13337607521533254,0.013881734373786656,9.60802675112348,7.395258247078521e-22,0.10616837579975902,0.16058377463090606,2266,2266,0,20,full,fixed504,recent,raw,21,f_cumret21,3020813
ld2_ridge_characteristics_core_full_raw_fixed504_recent,ridge,characteristics_core,504,ew_spread_bp,227.721118352634,99.62664645490396,2.285745093866148,0.022269175497746867,32.45647940051717,422.9857573047508,2266,2266,0,20,full,fixed504,recent,raw,21,f_cumret21,3020813
ld2_ridge_characteristics_core_full_raw_fixed504_recent,ridge,characteristics_core,504,cap_spread_bp,141.29541941432868,98.96565107682726,1.4277218194082382,0.15337194329741308,-52.67369240281036,335.2645312314677,2266,2266,0,20,full,fixed504,recent,raw,21,f_cumret21,3020813
ld2_ridge_characteristics_core_full_raw_fixed504_union,ridge,characteristics_core,504,rank_ic,0.13487265410573235,0.014002591750776469,9.63197788711175,5.85906725893926e-22,0.10742807858399281,0.1623172296274719,2266,2266,0,20,full,fixed504,union,raw,21,f_cumret21,3020813
ld2_ridge_characteristics_core_full_raw_fixed504_union,ridge,characteristics_core,504,ew_spread_bp,235.01406953012776,99.39812145456979,2.3643713391257766,0.01806069944864777,40.19733134823292,429.8308077120226,2266,2266,0,20,full,fixed504,union,raw,21,f_cumret21,3020813
ld2_ridge_characteristics_core_full_raw_fixed504_union,ridge,characteristics_core,504,cap_spread_bp,168.3839351221169,98.49803879038146,1.7095156125947144,0.08735548223063218,-24.668673454859942,361.4365436990937,2266,2266,0,20,full,fixed504,union,raw,21,f_cumret21,3020813
ld2_lasso_characteristics_core_full_raw_fixed504_retain,lasso,characteristics_core,504,rank_ic,0.13396022509946665,0.013785654308407497,9.717364305136241,2.5427809020833896e-22,0.10694083915166852,0.16097961104726477,2266,2266,0,20,full,fixed504,retain,raw,21,f_cumret21,3020813
ld2_lasso_characteristics_core_full_raw_fixed504_retain,lasso,characteristics_core,504,ew_spread_bp,235.59730133032943,95.15060308736953,2.476046327462564,0.013284633904957661,49.10554617181947,422.0890564888394,2266,2266,0,20,full,fixed504,retain,raw,21,f_cumret21,3020813
ld2_lasso_characteristics_core_full_raw_fixed504_retain,lasso,characteristics_core,504,cap_spread_bp,169.24558752934954,90.27480658708197,1.8747820563435915,0.06082271272225375,-7.689782092650347,346.1809571513494,2266,2266,0,20,full,fixed504,retain,raw,21,f_cumret21,3020813
ld2_lasso_characteristics_core_full_raw_fixed504_recent,lasso,characteristics_core,504,rank_ic,0.13191230780241742,0.013678780094612429,9.64357251816431,5.233422920281983e-22,0.10510239146453366,0.15872222414030118,2266,2266,0,20,full,fixed504,recent,raw,21,f_cumret21,3020813
ld2_lasso_characteristics_core_full_raw_fixed504_recent,lasso,characteristics_core,504,ew_spread_bp,224.16010501093825,95.93413674710656,2.3366041808647333,0.01945977487485023,36.13265209866884,412.1875579232077,2266,2266,0,20,full,fixed504,recent,raw,21,f_cumret21,3020813
ld2_lasso_characteristics_core_full_raw_fixed504_recent,lasso,characteristics_core,504,cap_spread_bp,140.4883987260128,90.66663409873114,1.549504954303569,0.12126038147606406,-37.214938706971395,318.191736158997,2266,2266,0,20,full,fixed504,recent,raw,21,f_cumret21,3020813
ld2_lasso_characteristics_core_full_raw_fixed504_union,lasso,characteristics_core,504,rank_ic,0.1337049939200784,0.013812402917807356,9.68006759690611,3.6647360409734077e-22,0.10663318166122002,0.16077680617893678,2266,2266,0,20,full,fixed504,union,raw,21,f_cumret21,3020813
ld2_lasso_characteristics_core_full_raw_fixed504_union,lasso,characteristics_core,504,ew_spread_bp,232.6148198233093,95.38111420008542,2.4387932744771916,0.014736395689697467,45.67127118583994,419.55836846077864,2266,2266,0,20,full,fixed504,union,raw,21,f_cumret21,3020813
ld2_lasso_characteristics_core_full_raw_fixed504_union,lasso,characteristics_core,504,cap_spread_bp,168.6176584628728,89.52021055632886,1.883570842997218,0.059623048869654756,-6.838730115974101,344.0740470417197,2266,2266,0,20,full,fixed504,union,raw,21,f_cumret21,3020813
ld2_enet_characteristics_core_full_raw_fixed504_retain,enet,characteristics_core,504,rank_ic,0.1341664775768919,0.013848255489700905,9.68833061151081,3.380081024581824e-22,0.10702439556836904,0.16130855958541476,2266,2266,0,20,full,fixed504,retain,raw,21,f_cumret21,3020813
ld2_enet_characteristics_core_full_raw_fixed504_retain,enet,characteristics_core,504,ew_spread_bp,234.9847551749906,95.4327634521642,2.4623069339575085,0.013804647285308277,47.93997586361843,422.02953448636276,2266,2266,0,20,full,fixed504,retain,raw,21,f_cumret21,3020813
ld2_enet_characteristics_core_full_raw_fixed504_retain,enet,characteristics_core,504,cap_spread_bp,166.5539849195434,90.93206246253942,1.8316310046102535,0.06700641431926789,-11.669582546980422,344.7775523860672,2266,2266,0,20,full,fixed504,retain,raw,21,f_cumret21,3020813
ld2_enet_characteristics_core_full_raw_fixed504_recent,enet,characteristics_core,504,rank_ic,0.13214133480238546,0.013735590286459947,9.620360832446034,6.560063167298064e-22,0.10522007253452575,0.15906259707024517,2266,2266,0,20,full,fixed504,recent,raw,21,f_cumret21,3020813
ld2_enet_characteristics_core_full_raw_fixed504_recent,enet,characteristics_core,504,ew_spread_bp,223.88049119282175,96.4225960091265,2.3218674922590887,0.020240071695088045,34.89567571907827,412.86530666656523,2266,2266,0,20,full,fixed504,recent,raw,21,f_cumret21,3020813
ld2_enet_characteristics_core_full_raw_fixed504_recent,enet,characteristics_core,504,cap_spread_bp,141.71204242532286,90.93468694654835,1.5583936909423965,0.1191399512917538,-36.5166689353365,319.9407537859822,2266,2266,0,20,full,fixed504,recent,raw,21,f_cumret21,3020813
ld2_enet_characteristics_core_full_raw_fixed504_union,enet,characteristics_core,504,rank_ic,0.13383333018352617,0.01387436189277058,9.64608903947228,5.106624052395414e-22,0.10664008056522085,0.1610265798018315,2266,2266,0,20,full,fixed504,union,raw,21,f_cumret21,3020813
ld2_enet_characteristics_core_full_raw_fixed504_union,enet,characteristics_core,504,ew_spread_bp,232.35705061672482,95.8670417009108,2.423742784737638,0.015361481347375288,44.461101578540166,420.25299965490944,2266,2266,0,20,full,fixed504,union,raw,21,f_cumret21,3020813
ld2_enet_characteristics_core_full_raw_fixed504_union,enet,characteristics_core,504,cap_spread_bp,163.64642634046572,90.78768695014081,1.8025178505796475,0.07146396879964574,-14.294170321507323,341.58702300243874,2266,2266,0,20,full,fixed504,union,raw,21,f_cumret21,3020813
ld2_group_ridge_characteristics_core_full_raw_fixed504_retain,group_ridge,characteristics_core,504,rank_ic,0.13451745972375329,0.014024873333276148,9.591349349629427,8.694045343173374e-22,0.10702921310279581,0.16200570634471076,2266,2266,0,20,full,fixed504,retain,raw,21,f_cumret21,3020813
ld2_group_ridge_characteristics_core_full_raw_fixed504_retain,group_ridge,characteristics_core,504,ew_spread_bp,226.26333563238956,100.3069186111187,2.2557101620237487,0.024088788740039724,29.665387754406424,422.8612835103727,2266,2266,0,20,full,fixed504,retain,raw,21,f_cumret21,3020813
ld2_group_ridge_characteristics_core_full_raw_fixed504_retain,group_ridge,characteristics_core,504,cap_spread_bp,166.59408350236737,99.24094864016351,1.6786829004065522,0.09321386025494831,-27.91460162394236,361.1027686286771,2266,2266,0,20,full,fixed504,retain,raw,21,f_cumret21,3020813
ld2_group_ridge_characteristics_core_full_raw_fixed504_recent,group_ridge,characteristics_core,504,rank_ic,0.13273493135360176,0.01391671397363754,9.537806956803296,1.4588456454360278e-21,0.10545867318212687,0.16001118952507665,2266,2266,0,20,full,fixed504,recent,raw,21,f_cumret21,3020813
ld2_group_ridge_characteristics_core_full_raw_fixed504_recent,group_ridge,characteristics_core,504,ew_spread_bp,221.73461704777174,99.62936134063682,2.225595086268315,0.02604131562963327,26.464657017396377,417.0045770781471,2266,2266,0,20,full,fixed504,recent,raw,21,f_cumret21,3020813
ld2_group_ridge_characteristics_core_full_raw_fixed504_recent,group_ridge,characteristics_core,504,cap_spread_bp,148.49102208920954,98.76695679141463,1.5034483891490844,0.1327234563959828,-45.08865608458683,342.0707002630059,2266,2266,0,20,full,fixed504,recent,raw,21,f_cumret21,3020813
ld2_group_ridge_characteristics_core_full_raw_fixed504_union,group_ridge,characteristics_core,504,rank_ic,0.13424893009026104,0.01403679203125622,9.564074882018927,1.132093990402824e-21,0.10673732325052002,0.16176053693000206,2266,2266,0,20,full,fixed504,union,raw,21,f_cumret21,3020813
ld2_group_ridge_characteristics_core_full_raw_fixed504_union,group_ridge,characteristics_core,504,ew_spread_bp,227.36484553247394,99.2590024729005,2.2906219070108893,0.021985290783369416,32.82077554421679,421.90891552073106,2266,2266,0,20,full,fixed504,union,raw,21,f_cumret21,3020813
ld2_group_ridge_characteristics_core_full_raw_fixed504_union,group_ridge,characteristics_core,504,cap_spread_bp,166.6151474946014,98.28500832129168,1.6952244329057782,0.09003285363585575,-26.019929035349833,359.2502240245526,2266,2266,0,20,full,fixed504,union,raw,21,f_cumret21,3020813
ld2_ols_characteristics_textcore_full_raw_fixed504_retain,ols,characteristics_textcore,504,rank_ic,0.11808937608778265,0.011567269302193465,10.208924250202227,1.8085881249224427e-24,0.0954179448560077,0.1407608073195576,2266,2266,0,20,full,fixed504,retain,raw,21,f_cumret21,3020813
ld2_ols_characteristics_textcore_full_raw_fixed504_retain,ols,characteristics_textcore,504,ew_spread_bp,224.65461731955193,83.97495780322285,2.675257281414555,0.007467192112814618,60.06672442196438,389.2425102171395,2266,2266,0,20,full,fixed504,retain,raw,21,f_cumret21,3020813
ld2_ols_characteristics_textcore_full_raw_fixed504_retain,ols,characteristics_textcore,504,cap_spread_bp,136.63489447036704,82.60537715922494,1.6540678000537203,0.0981137376754841,-25.268669691061433,298.5384586317955,2266,2266,0,20,full,fixed504,retain,raw,21,f_cumret21,3020813
ld2_ols_characteristics_textcore_full_raw_fixed504_recent,ols,characteristics_textcore,504,rank_ic,0.11933256508578913,0.011707609850583394,10.192735033773161,2.136668529590616e-24,0.09638607143359931,0.14227905873797894,2266,2266,0,20,full,fixed504,recent,raw,21,f_cumret21,3020813
ld2_ols_characteristics_textcore_full_raw_fixed504_recent,ols,characteristics_textcore,504,ew_spread_bp,239.32215469847955,85.44138386336522,2.801009813712696,0.005094296979586788,71.86011953702197,406.7841898599371,2266,2266,0,20,full,fixed504,recent,raw,21,f_cumret21,3020813
ld2_ols_characteristics_textcore_full_raw_fixed504_recent,ols,characteristics_textcore,504,cap_spread_bp,153.6878955321801,79.46856945820872,1.9339456665695005,0.05311980854921689,-2.0676385088287077,309.44342957318895,2266,2266,0,20,full,fixed504,recent,raw,21,f_cumret21,3020813
ld2_ols_characteristics_textcore_full_raw_fixed504_union,ols,characteristics_textcore,504,rank_ic,0.12167283164198335,0.011873204840684772,10.24768234647639,1.2121514466619587e-24,0.09840177777317458,0.14494388551079213,2266,2266,0,20,full,fixed504,union,raw,21,f_cumret21,3020813
ld2_ols_characteristics_textcore_full_raw_fixed504_union,ols,characteristics_textcore,504,ew_spread_bp,240.3132472956595,85.66048986290389,2.805415281657518,0.005025178946846394,72.42177226630949,408.20472232500947,2266,2266,0,20,full,fixed504,union,raw,21,f_cumret21,3020813
ld2_ols_characteristics_textcore_full_raw_fixed504_union,ols,characteristics_textcore,504,cap_spread_bp,153.85011444644198,81.35436518625579,1.8911107485653862,0.05860956199700935,-5.60151130373859,313.3017401966225,2266,2266,0,20,full,fixed504,union,raw,21,f_cumret21,3020813
ld2_ridge_characteristics_textcore_full_raw_fixed504_retain,ridge,characteristics_textcore,504,rank_ic,0.13110527738535663,0.01325950239842007,9.887646869838676,4.7096800728822165e-23,0.10511713023153083,0.15709342453918243,2266,2266,0,20,full,fixed504,retain,raw,21,f_cumret21,3020813
ld2_ridge_characteristics_textcore_full_raw_fixed504_retain,ridge,characteristics_textcore,504,ew_spread_bp,246.2778058547643,93.78908933516959,2.625868398984588,0.008642822565150327,62.454568615022225,430.1010430945064,2266,2266,0,20,full,fixed504,retain,raw,21,f_cumret21,3020813
ld2_ridge_characteristics_textcore_full_raw_fixed504_retain,ridge,characteristics_textcore,504,cap_spread_bp,186.00286657742518,94.52570760868088,1.9677489995361155,0.049096924905381964,0.7358840512468987,371.26984910360346,2266,2266,0,20,full,fixed504,retain,raw,21,f_cumret21,3020813
ld2_ridge_characteristics_textcore_full_raw_fixed504_recent,ridge,characteristics_textcore,504,rank_ic,0.1300560394041973,0.013222363979293295,9.83606559370698,7.872967765278142e-23,0.10414068221430273,0.15597139659409187,2266,2266,0,20,full,fixed504,recent,raw,21,f_cumret21,3020813
ld2_ridge_characteristics_textcore_full_raw_fixed504_recent,ridge,characteristics_textcore,504,ew_spread_bp,244.44236325798053,94.20375612062843,2.5948260804481165,0.009463879429788035,59.80639405315412,429.07833246280694,2266,2266,0,20,full,fixed504,recent,raw,21,f_cumret21,3020813
ld2_ridge_characteristics_textcore_full_raw_fixed504_recent,ridge,characteristics_textcore,504,cap_spread_bp,171.33123705030218,94.31408054433102,1.816602951133795,0.06927793124998591,-13.52096405159645,356.1834381522008,2266,2266,0,20,full,fixed504,recent,raw,21,f_cumret21,3020813
ld2_ridge_characteristics_textcore_full_raw_fixed504_union,ridge,characteristics_textcore,504,rank_ic,0.131901784656372,0.013388126286376222,9.852146733228492,6.709531722664067e-23,0.10566153931460062,0.1581420299981434,2266,2266,0,20,full,fixed504,union,raw,21,f_cumret21,3020813
ld2_ridge_characteristics_textcore_full_raw_fixed504_union,ridge,characteristics_textcore,504,ew_spread_bp,246.50289397308416,94.23486316394347,2.615835431778948,0.008900944619335544,61.80595608369475,431.19983186247356,2266,2266,0,20,full,fixed504,union,raw,21,f_cumret21,3020813
ld2_ridge_characteristics_textcore_full_raw_fixed504_union,ridge,characteristics_textcore,504,cap_spread_bp,184.0034425525597,94.21478267674046,1.9530209307375082,0.0508171150825326,-0.6541383051197727,368.6610234102392,2266,2266,0,20,full,fixed504,union,raw,21,f_cumret21,3020813
ld2_lasso_characteristics_textcore_full_raw_fixed504_retain,lasso,characteristics_textcore,504,rank_ic,0.13397663942688348,0.013863238076437192,9.664166386538394,4.280908700348323e-22,0.10680519208796224,0.16114808676580472,2266,2266,0,20,full,fixed504,retain,raw,21,f_cumret21,3020813
ld2_lasso_characteristics_textcore_full_raw_fixed504_retain,lasso,characteristics_textcore,504,ew_spread_bp,235.50377853818168,96.78675602203411,2.4332231827727315,0.014965073432944977,45.80522255452962,425.20233452183373,2266,2266,0,20,full,fixed504,retain,raw,21,f_cumret21,3020813
ld2_lasso_characteristics_textcore_full_raw_fixed504_retain,lasso,characteristics_textcore,504,cap_spread_bp,135.4721875782927,100.38119864315803,1.3495773054063493,0.17715160789421858,-61.27134648725797,332.2157216438434,2266,2266,0,20,full,fixed504,retain,raw,21,f_cumret21,3020813
ld2_lasso_characteristics_textcore_full_raw_fixed504_recent,lasso,characteristics_textcore,504,rank_ic,0.1319216293006214,0.013748694924443172,9.595211038255275,8.374554257844395e-22,0.10497468241428415,0.15886857618695865,2266,2266,0,20,full,fixed504,recent,raw,21,f_cumret21,3020813
ld2_lasso_characteristics_textcore_full_raw_fixed504_recent,lasso,characteristics_textcore,504,ew_spread_bp,230.7657842521394,97.50654482143942,2.3666696904780427,0.017948943960031348,39.65646814517763,421.8751003591012,2266,2266,0,20,full,fixed504,recent,raw,21,f_cumret21,3020813
ld2_lasso_characteristics_textcore_full_raw_fixed504_recent,lasso,characteristics_textcore,504,cap_spread_bp,129.42920752375113,97.67579688921646,1.32508985486496,0.18514135059893677,-62.011836540362566,320.8702515878648,2266,2266,0,20,full,fixed504,recent,raw,21,f_cumret21,3020813
ld2_lasso_characteristics_textcore_full_raw_fixed504_union,lasso,characteristics_textcore,504,rank_ic,0.13360157962194716,0.013923863432292191,9.59515153761841,8.379387707705191e-22,0.1063113087690002,0.16089185047489413,2266,2266,0,20,full,fixed504,union,raw,21,f_cumret21,3020813
ld2_lasso_characteristics_textcore_full_raw_fixed504_union,lasso,characteristics_textcore,504,ew_spread_bp,232.7036795777344,97.16796951369415,2.394859959947386,0.016626714241512745,42.25795888000792,423.14940027546083,2266,2266,0,20,full,fixed504,union,raw,21,f_cumret21,3020813
ld2_lasso_characteristics_textcore_full_raw_fixed504_union,lasso,characteristics_textcore,504,cap_spread_bp,144.31922658122502,98.21804248349699,1.4693759204728007,0.1417308548065056,-48.18459931845405,336.8230524809041,2266,2266,0,20,full,fixed504,union,raw,21,f_cumret21,3020813
ld2_enet_characteristics_textcore_full_raw_fixed504_retain,enet,characteristics_textcore,504,rank_ic,0.1341685046838087,0.01386626777680933,9.675891656167142,3.817492190423686e-22,0.10699111924127412,0.16134589012634326,2266,2266,0,20,full,fixed504,retain,raw,21,f_cumret21,3020813
ld2_enet_characteristics_textcore_full_raw_fixed504_retain,enet,characteristics_textcore,504,ew_spread_bp,235.33412312764352,96.70391353499501,2.433553250587747,0.014951436010059495,45.79793543497783,424.8703108203092,2266,2266,0,20,full,fixed504,retain,raw,21,f_cumret21,3020813
ld2_enet_characteristics_textcore_full_raw_fixed504_retain,enet,characteristics_textcore,504,cap_spread_bp,140.02158530470206,99.30741120870974,1.409981224970463,0.15854522681471472,-54.61736406227831,334.6605346716824,2266,2266,0,20,full,fixed504,retain,raw,21,f_cumret21,3020813
ld2_enet_characteristics_textcore_full_raw_fixed504_recent,enet,characteristics_textcore,504,rank_ic,0.1323653468746678,0.013746687177728294,9.628890594755049,6.03778000407666e-22,0.1054223350995818,0.15930835864975382,2266,2266,0,20,full,fixed504,recent,raw,21,f_cumret21,3020813
ld2_enet_characteristics_textcore_full_raw_fixed504_recent,enet,characteristics_textcore,504,ew_spread_bp,229.81673611313914,97.58230436574725,2.355106672330317,0.01851738910548432,38.55893402784886,421.0745381984294,2266,2266,0,20,full,fixed504,recent,raw,21,f_cumret21,3020813
ld2_enet_characteristics_textcore_full_raw_fixed504_recent,enet,characteristics_textcore,504,cap_spread_bp,133.55457288152851,97.54993007063473,1.3690893759208567,0.17097133885135785,-57.63977675131636,324.74892251437336,2266,2266,0,20,full,fixed504,recent,raw,21,f_cumret21,3020813
ld2_enet_characteristics_textcore_full_raw_fixed504_union,enet,characteristics_textcore,504,rank_ic,0.13389103804611452,0.013919991518056436,9.618614915995934,6.672354697967935e-22,0.10660835600562087,0.16117372008660816,2266,2266,0,20,full,fixed504,union,raw,21,f_cumret21,3020813
ld2_enet_characteristics_textcore_full_raw_fixed504_union,enet,characteristics_textcore,504,ew_spread_bp,230.05497649159472,97.40078676694078,2.3619416652358978,0.01817950258106695,39.152942362525295,420.95701062066416,2266,2266,0,20,full,fixed504,union,raw,21,f_cumret21,3020813
ld2_enet_characteristics_textcore_full_raw_fixed504_union,enet,characteristics_textcore,504,cap_spread_bp,147.63062781081987,97.62083694546111,1.5122860285791062,0.13046111376082564,-43.70269674294099,338.96395236458073,2266,2266,0,20,full,fixed504,union,raw,21,f_cumret21,3020813
ld2_group_ridge_characteristics_textcore_full_raw_fixed504_retain,group_ridge,characteristics_textcore,504,rank_ic,0.13414622292529993,0.013955874700035831,9.61216876825037,7.103670955096571e-22,0.10679321114047596,0.1614992347101239,2266,2266,0,20,full,fixed504,retain,raw,21,f_cumret21,3020813
ld2_group_ridge_characteristics_textcore_full_raw_fixed504_retain,group_ridge,characteristics_textcore,504,ew_spread_bp,227.1228661028994,99.90105429601388,2.2734781700092803,0.02299738017957578,31.320397665131736,422.92533454066705,2266,2266,0,20,full,fixed504,retain,raw,21,f_cumret21,3020813
ld2_group_ridge_characteristics_textcore_full_raw_fixed504_retain,group_ridge,characteristics_textcore,504,cap_spread_bp,158.7902295130952,101.79290002171523,1.5599342339123934,0.11877542347287874,-40.72018841135312,358.3006474375435,2266,2266,0,20,full,fixed504,retain,raw,21,f_cumret21,3020813
ld2_group_ridge_characteristics_textcore_full_raw_fixed504_recent,group_ridge,characteristics_textcore,504,rank_ic,0.13243509223155825,0.013818456969870095,9.583927678779265,9.342302477967477e-22,0.10535141424869637,0.15951877021442012,2266,2266,0,20,full,fixed504,recent,raw,21,f_cumret21,3020813
ld2_group_ridge_characteristics_textcore_full_raw_fixed504_recent,group_ridge,characteristics_textcore,504,ew_spread_bp,224.2810504005295,99.12185673685549,2.262680076665042,0.02365541785109052,30.005781115553816,418.5563196855052,2266,2266,0,20,full,fixed504,recent,raw,21,f_cumret21,3020813
ld2_group_ridge_characteristics_textcore_full_raw_fixed504_recent,group_ridge,characteristics_textcore,504,cap_spread_bp,146.6803141867686,98.3778327073196,1.490989485641059,0.13596425542476062,-46.13669479668437,339.4973231702216,2266,2266,0,20,full,fixed504,recent,raw,21,f_cumret21,3020813
ld2_group_ridge_characteristics_textcore_full_raw_fixed504_union,group_ridge,characteristics_textcore,504,rank_ic,0.1338435025742679,0.013950621403893219,9.594088944089329,8.466172277566598e-22,0.10650078706068357,0.16118621808785222,2266,2266,0,20,full,fixed504,union,raw,21,f_cumret21,3020813
ld2_group_ridge_characteristics_textcore_full_raw_fixed504_union,group_ridge,characteristics_textcore,504,ew_spread_bp,229.2397218649707,99.02919898402278,2.3148700001295164,0.020620047601998575,35.146058438435546,423.33338529150586,2266,2266,0,20,full,fixed504,union,raw,21,f_cumret21,3020813
ld2_group_ridge_characteristics_textcore_full_raw_fixed504_union,group_ridge,characteristics_textcore,504,cap_spread_bp,164.74810262161571,98.42233300976865,1.6738894271614562,0.09415233247923134,-28.156125351938528,357.65233059516993,2266,2266,0,20,full,fixed504,union,raw,21,f_cumret21,3020813
ld2_ols_characteristics_textcore_pca_raw_fixed504_retain,ols,characteristics_textcore,504,rank_ic,0.12999207379047734,0.012901242377552443,10.07593454849414,7.058652613300709e-24,0.10470610337465265,0.15527804420630203,2266,2266,0,20,pca,fixed504,retain,raw,21,f_cumret21,3020813
ld2_ols_characteristics_textcore_pca_raw_fixed504_retain,ols,characteristics_textcore,504,ew_spread_bp,247.60862114333236,90.50933061307806,2.7357248083277104,0.0062243054426596766,70.21359287687079,425.0036494097939,2266,2266,0,20,pca,fixed504,retain,raw,21,f_cumret21,3020813
ld2_ols_characteristics_textcore_pca_raw_fixed504_retain,ols,characteristics_textcore,504,cap_spread_bp,170.93005358334887,85.61456593319902,1.9965066892556282,0.045878798373430695,3.128587802248944,338.7315193644488,2266,2266,0,20,pca,fixed504,retain,raw,21,f_cumret21,3020813
ld2_ols_characteristics_textcore_pca_raw_fixed504_recent,ols,characteristics_textcore,504,rank_ic,0.1284179206343303,0.012853072254595945,9.991223739399052,1.665132199342955e-23,0.10322636192463122,0.15360947934402938,2266,2266,0,20,pca,fixed504,recent,raw,21,f_cumret21,3020813
ld2_ols_characteristics_textcore_pca_raw_fixed504_recent,ols,characteristics_textcore,504,ew_spread_bp,250.79269097184508,90.66673820320722,2.7660936738427147,0.005673223578173514,73.08914949783713,428.496232445853,2266,2266,0,20,pca,fixed504,recent,raw,21,f_cumret21,3020813
ld2_ols_characteristics_textcore_pca_raw_fixed504_recent,ols,characteristics_textcore,504,cap_spread_bp,166.3967315454308,81.42918739249313,2.0434531753754275,0.041007598126962884,6.7984569657812415,325.9950061250804,2266,2266,0,20,pca,fixed504,recent,raw,21,f_cumret21,3020813
ld2_ols_characteristics_textcore_pca_raw_fixed504_union,ols,characteristics_textcore,504,rank_ic,0.1306542377640776,0.012999761986939333,10.050509993594035,9.139320308378064e-24,0.10517517246208366,0.15613330306607157,2266,2266,0,20,pca,fixed504,union,raw,21,f_cumret21,3020813
ld2_ols_characteristics_textcore_pca_raw_fixed504_union,ols,characteristics_textcore,504,ew_spread_bp,252.68057846032647,90.77174248304719,2.7836920560109095,0.005374403349041462,74.77123237960959,430.5899245410434,2266,2266,0,20,pca,fixed504,union,raw,21,f_cumret21,3020813
ld2_ols_characteristics_textcore_pca_raw_fixed504_union,ols,characteristics_textcore,504,cap_spread_bp,166.72484809867657,82.30555275165146,2.025681652388043,0.04279741806788693,5.408928977778174,328.04076721957495,2266,2266,0,20,pca,fixed504,union,raw,21,f_cumret21,3020813
ld2_ridge_characteristics_textcore_pca_raw_fixed504_retain,ridge,characteristics_textcore,504,rank_ic,0.1344578606244237,0.013819800546234703,9.729363327248427,2.2600303684353315e-22,0.1073715492802767,0.16154417196857068,2266,2266,0,20,pca,fixed504,retain,raw,21,f_cumret21,3020813
ld2_ridge_characteristics_textcore_pca_raw_fixed504_retain,ridge,characteristics_textcore,504,ew_spread_bp,237.27982281837683,99.98508416215213,2.373152203718358,0.017636994451877514,41.312658869352475,433.24698676740115,2266,2266,0,20,pca,fixed504,retain,raw,21,f_cumret21,3020813
ld2_ridge_characteristics_textcore_pca_raw_fixed504_retain,ridge,characteristics_textcore,504,cap_spread_bp,154.45753202603532,100.68844454207483,1.5340144812892795,0.12502609023052133,-42.88819293578993,351.80325698786055,2266,2266,0,20,pca,fixed504,retain,raw,21,f_cumret21,3020813
ld2_ridge_characteristics_textcore_pca_raw_fixed504_recent,ridge,characteristics_textcore,504,rank_ic,0.13284905592986193,0.013743441689942001,9.666360066640816,4.190166443123777e-22,0.10591240519394932,0.15978570666577455,2266,2266,0,20,pca,fixed504,recent,raw,21,f_cumret21,3020813
ld2_ridge_characteristics_textcore_pca_raw_fixed504_recent,ridge,characteristics_textcore,504,ew_spread_bp,235.74917832946417,100.10269658576392,2.3550732035223834,0.01851905706033949,39.55149826602624,431.9468583929021,2266,2266,0,20,pca,fixed504,recent,raw,21,f_cumret21,3020813
ld2_ridge_characteristics_textcore_pca_raw_fixed504_recent,ridge,characteristics_textcore,504,cap_spread_bp,150.81565217449614,96.73133528575644,1.5591188907810263,0.1189682432937827,-38.77428116205499,340.40558551104726,2266,2266,0,20,pca,fixed504,recent,raw,21,f_cumret21,3020813
ld2_ridge_characteristics_textcore_pca_raw_fixed504_union,ridge,characteristics_textcore,504,rank_ic,0.13417024487167484,0.013850124382807097,9.68729530243263,3.4145109084351044e-22,0.10702449989997288,0.1613159898433768,2266,2266,0,20,pca,fixed504,union,raw,21,f_cumret21,3020813
ld2_ridge_characteristics_textcore_pca_raw_fixed504_union,ridge,characteristics_textcore,504,ew_spread_bp,235.64108001920567,100.0336365097289,2.3556184523621524,0.01849190035482184,39.578755217566,431.7034048208453,2266,2266,0,20,pca,fixed504,union,raw,21,f_cumret21,3020813
ld2_ridge_characteristics_textcore_pca_raw_fixed504_union,ridge,characteristics_textcore,504,cap_spread_bp,161.11173464904985,97.10438455686248,1.6591602468239308,0.09708350576019774,-29.209361823328038,351.43283112142774,2266,2266,0,20,pca,fixed504,union,raw,21,f_cumret21,3020813
ld2_lasso_characteristics_textcore_pca_raw_fixed504_retain,lasso,characteristics_textcore,504,rank_ic,0.134116506450107,0.013733702757366784,9.765502342634193,1.5832541335028723e-22,0.10719894367128968,0.16103406922892433,2266,2266,0,20,pca,fixed504,retain,raw,21,f_cumret21,3020813
ld2_lasso_characteristics_textcore_pca_raw_fixed504_retain,lasso,characteristics_textcore,504,ew_spread_bp,239.60898911691515,96.21912929152805,2.490242749868787,0.01276558718600255,51.0229610817172,428.1950171521131,2266,2266,0,20,pca,fixed504,retain,raw,21,f_cumret21,3020813
ld2_lasso_characteristics_textcore_pca_raw_fixed504_retain,lasso,characteristics_textcore,504,cap_spread_bp,160.20004034662915,90.82384231157445,1.7638544711316788,0.07775648385778128,-17.811419521601863,338.21150021486017,2266,2266,0,20,pca,fixed504,retain,raw,21,f_cumret21,3020813
ld2_lasso_characteristics_textcore_pca_raw_fixed504_recent,lasso,characteristics_textcore,504,rank_ic,0.13170638856955882,0.013627078516843043,9.665049512026366,4.244146420463427e-22,0.10499780546204696,0.1584149716770707,2266,2266,0,20,pca,fixed504,recent,raw,21,f_cumret21,3020813
ld2_lasso_characteristics_textcore_pca_raw_fixed504_recent,lasso,characteristics_textcore,504,ew_spread_bp,231.93199086833644,96.88067148372332,2.3939965249652793,0.01666590669006387,42.0493639621821,421.8146177744908,2266,2266,0,20,pca,fixed504,recent,raw,21,f_cumret21,3020813
ld2_lasso_characteristics_textcore_pca_raw_fixed504_recent,lasso,characteristics_textcore,504,cap_spread_bp,144.7851076006624,90.31193202565355,1.6031669830685882,0.10889779277440123,-32.22302654384805,321.79324174517285,2266,2266,0,20,pca,fixed504,recent,raw,21,f_cumret21,3020813
ld2_lasso_characteristics_textcore_pca_raw_fixed504_union,lasso,characteristics_textcore,504,rank_ic,0.1335275741204151,0.013773200665899139,9.694738162859561,3.174508793871324e-22,0.1065325968634097,0.1605225513774205,2266,2266,0,20,pca,fixed504,union,raw,21,f_cumret21,3020813
ld2_lasso_characteristics_textcore_pca_raw_fixed504_union,lasso,characteristics_textcore,504,ew_spread_bp,237.80847469716417,96.34358099151571,2.468337508838355,0.013574226500595185,48.97852581217563,426.6384235821527,2266,2266,0,20,pca,fixed504,union,raw,21,f_cumret21,3020813
ld2_lasso_characteristics_textcore_pca_raw_fixed504_union,lasso,characteristics_textcore,504,cap_spread_bp,164.87640939719785,89.49963866601883,1.8422019558364768,0.06544561447099502,-10.539659017547507,340.2924778119432,2266,2266,0,20,pca,fixed504,union,raw,21,f_cumret21,3020813
ld2_enet_characteristics_textcore_pca_raw_fixed504_retain,enet,characteristics_textcore,504,rank_ic,0.13411494405822608,0.013764126326336761,9.743803629701207,1.9607473433262171e-22,0.10713775217994642,0.16109213593650573,2266,2266,0,20,pca,fixed504,retain,raw,21,f_cumret21,3020813
ld2_enet_characteristics_textcore_pca_raw_fixed504_retain,enet,characteristics_textcore,504,ew_spread_bp,239.39204924679368,96.2417687294726,2.4874028439741616,0.012867959584517781,50.761648728594196,428.02244976499315,2266,2266,0,20,pca,fixed504,retain,raw,21,f_cumret21,3020813
ld2_enet_characteristics_textcore_pca_raw_fixed504_retain,enet,characteristics_textcore,504,cap_spread_bp,153.85200986689048,90.92552608563436,1.692066205060958,0.09063335116766583,-24.358746536310065,332.06276627009106,2266,2266,0,20,pca,fixed504,retain,raw,21,f_cumret21,3020813
ld2_enet_characteristics_textcore_pca_raw_fixed504_recent,enet,characteristics_textcore,504,rank_ic,0.13174470815367817,0.013662431653896715,9.64284480911586,5.270666966105059e-22,0.1049668341708006,0.15852258213655573,2266,2266,0,20,pca,fixed504,recent,raw,21,f_cumret21,3020813
ld2_enet_characteristics_textcore_pca_raw_fixed504_recent,enet,characteristics_textcore,504,ew_spread_bp,230.12377963679495,97.26050313194116,2.3660558214943097,0.01797873339790615,39.49669637994515,420.75086289364475,2266,2266,0,20,pca,fixed504,recent,raw,21,f_cumret21,3020813
ld2_enet_characteristics_textcore_pca_raw_fixed504_recent,enet,characteristics_textcore,504,cap_spread_bp,141.1541987381217,90.79218080183182,1.5546955419675719,0.12001859684964314,-36.79520571131761,319.103603187561,2266,2266,0,20,pca,fixed504,recent,raw,21,f_cumret21,3020813
ld2_enet_characteristics_textcore_pca_raw_fixed504_union,enet,characteristics_textcore,504,rank_ic,0.13355714931633209,0.013802048693657793,9.676617745719387,3.7904864814346984e-22,0.1065056309638947,0.16060866766876947,2266,2266,0,20,pca,fixed504,union,raw,21,f_cumret21,3020813
ld2_enet_characteristics_textcore_pca_raw_fixed504_union,enet,characteristics_textcore,504,ew_spread_bp,235.14657450349665,96.72395449099731,2.431110015517233,0.015052643176833268,45.5711072588507,424.7220417481426,2266,2266,0,20,pca,fixed504,union,raw,21,f_cumret21,3020813
ld2_enet_characteristics_textcore_pca_raw_fixed504_union,enet,characteristics_textcore,504,cap_spread_bp,158.08362990574238,89.56074930089277,1.7650994563995521,0.07754705203004453,-17.45221315242827,333.61947296391304,2266,2266,0,20,pca,fixed504,union,raw,21,f_cumret21,3020813
ld2_group_ridge_characteristics_textcore_pca_raw_fixed504_retain,group_ridge,characteristics_textcore,504,rank_ic,0.134162076402983,0.013894645689736397,9.65566732673759,4.651210084568202e-22,0.10692907127315496,0.16139508153281104,2266,2266,0,20,pca,fixed504,retain,raw,21,f_cumret21,3020813
ld2_group_ridge_characteristics_textcore_pca_raw_fixed504_retain,group_ridge,characteristics_textcore,504,ew_spread_bp,223.42356050003775,100.60318539779439,2.220839823476763,0.026361812232267745,26.244940390354884,420.6021806097206,2266,2266,0,20,pca,fixed504,retain,raw,21,f_cumret21,3020813
ld2_group_ridge_characteristics_textcore_pca_raw_fixed504_retain,group_ridge,characteristics_textcore,504,cap_spread_bp,142.79285299582034,101.33389358133509,1.4091322059110305,0.15879607934690132,-55.81792883681098,341.4036348284517,2266,2266,0,20,pca,fixed504,retain,raw,21,f_cumret21,3020813
ld2_group_ridge_characteristics_textcore_pca_raw_fixed504_recent,group_ridge,characteristics_textcore,504,rank_ic,0.1322535092904077,0.01377621967484819,9.60013068983419,7.9843121715164855e-22,0.10525261488459314,0.15925440369622224,2266,2266,0,20,pca,fixed504,recent,raw,21,f_cumret21,3020813
ld2_group_ridge_characteristics_textcore_pca_raw_fixed504_recent,group_ridge,characteristics_textcore,504,ew_spread_bp,221.44769229549124,100.5521400943756,2.202317047530229,0.027642920823117978,24.36911914208912,418.52626544889335,2266,2266,0,20,pca,fixed504,recent,raw,21,f_cumret21,3020813
ld2_group_ridge_characteristics_textcore_pca_raw_fixed504_recent,group_ridge,characteristics_textcore,504,cap_spread_bp,144.34009762233566,97.77532259022557,1.4762426121288512,0.13987877393341838,-47.296013231291994,335.9762084759633,2266,2266,0,20,pca,fixed504,recent,raw,21,f_cumret21,3020813
ld2_group_ridge_characteristics_textcore_pca_raw_fixed504_union,group_ridge,characteristics_textcore,504,rank_ic,0.13373022925568245,0.013906204976497506,9.61658694674041,6.805176375808857e-22,0.10647456834011568,0.16098589017124923,2266,2266,0,20,pca,fixed504,union,raw,21,f_cumret21,3020813
ld2_group_ridge_characteristics_textcore_pca_raw_fixed504_union,group_ridge,characteristics_textcore,504,ew_spread_bp,226.586894603832,100.07476947367273,2.264176033535022,0.023563290020147985,30.44395067428502,422.729838533379,2266,2266,0,20,pca,fixed504,union,raw,21,f_cumret21,3020813
ld2_group_ridge_characteristics_textcore_pca_raw_fixed504_union,group_ridge,characteristics_textcore,504,cap_spread_bp,160.16849140965746,97.71117301786383,1.6392034448340418,0.10117089665274283,-31.341888592517535,351.67887141183246,2266,2266,0,20,pca,fixed504,union,raw,21,f_cumret21,3020813
ld2_ols_characteristics_full_raw_fixed504_retain,ols,characteristics,504,rank_ic,0.15434631067687538,0.018720583944453122,8.244738045289871,1.6552242897299393e-16,0.11765464037618847,0.19103798097756228,2266,2266,0,41,full,fixed504,retain,raw,42,f_cumret42,3007314
ld2_ols_characteristics_full_raw_fixed504_retain,ols,characteristics,504,ew_spread_bp,356.9159071694716,199.3394922244664,1.790492707624469,0.07337473853373418,-33.78231828698466,747.6141326259278,2266,2266,0,41,full,fixed504,retain,raw,42,f_cumret42,3007314
ld2_ols_characteristics_full_raw_fixed504_retain,ols,characteristics,504,cap_spread_bp,278.74485384951186,182.34025106262732,1.5287071956140557,0.12633704768231857,-78.63547116522898,636.1251788642527,2266,2266,0,41,full,fixed504,retain,raw,42,f_cumret42,3007314
ld2_ols_characteristics_full_raw_fixed504_recent,ols,characteristics,504,rank_ic,0.15208850483440742,0.018454478039920046,8.241279135904856,1.7037921270722214e-16,0.1159183925226788,0.18825861714613604,2266,2266,0,41,full,fixed504,recent,raw,42,f_cumret42,3007314
ld2_ols_characteristics_full_raw_fixed504_recent,ols,characteristics,504,ew_spread_bp,345.09444072477135,197.16152412302344,1.7503133142217027,0.08006426472540616,-41.33504569337964,731.5239271429223,2266,2266,0,41,full,fixed504,recent,raw,42,f_cumret42,3007314
ld2_ols_characteristics_full_raw_fixed504_recent,ols,characteristics,504,cap_spread_bp,238.00187730360307,172.6446489286468,1.3785650396958906,0.1680289017831953,-100.37541672010627,576.3791713273124,2266,2266,0,41,full,fixed504,recent,raw,42,f_cumret42,3007314
ld2_ols_characteristics_full_raw_fixed504_union,ols,characteristics,504,rank_ic,0.15496443207393953,0.018724785845315728,8.27589876616432,1.2749028076844388e-16,0.11826452619889533,0.19166433794898374,2266,2266,0,41,full,fixed504,union,raw,42,f_cumret42,3007314
ld2_ols_characteristics_full_raw_fixed504_union,ols,characteristics,504,ew_spread_bp,360.71212585028735,197.50984206976295,1.8262995001680944,0.06780516049212335,-26.400051198642018,747.8243028992167,2266,2266,0,41,full,fixed504,union,raw,42,f_cumret42,3007314
ld2_ols_characteristics_full_raw_fixed504_union,ols,characteristics,504,cap_spread_bp,268.3014930904751,176.9222794831445,1.5164935353211768,0.12939460375050832,-78.45980275921784,615.062788940168,2266,2266,0,41,full,fixed504,union,raw,42,f_cumret42,3007314
ld2_ridge_characteristics_full_raw_fixed504_retain,ridge,characteristics,504,rank_ic,0.15941166032707843,0.019754319990304893,8.069711354544989,7.046455486696197e-16,0.12069390460700122,0.19812941604715564,2266,2266,0,41,full,fixed504,retain,raw,42,f_cumret42,3007314
ld2_ridge_characteristics_full_raw_fixed504_retain,ridge,characteristics,504,ew_spread_bp,321.34315872361793,222.11258672967182,1.446757986366245,0.14796471754245688,-113.98951177956798,756.6758292268039,2266,2266,0,41,full,fixed504,retain,raw,42,f_cumret42,3007314
ld2_ridge_characteristics_full_raw_fixed504_retain,ridge,characteristics,504,cap_spread_bp,284.8732106987347,204.482928931513,1.3931393304433086,0.16357766171605725,-115.90596546029423,685.6523868577635,2266,2266,0,41,full,fixed504,retain,raw,42,f_cumret42,3007314
ld2_ridge_characteristics_full_raw_fixed504_recent,ridge,characteristics,504,rank_ic,0.1573340339784048,0.019429961780226414,8.097495803544058,5.610203876468684e-16,0.11925200866817129,0.19541605928863834,2266,2266,0,41,full,fixed504,recent,raw,42,f_cumret42,3007314
ld2_ridge_characteristics_full_raw_fixed504_recent,ridge,characteristics,504,ew_spread_bp,317.8003068547615,218.7701859100396,1.4526673528788976,0.14631613562455312,-110.98137842004809,746.5819921295711,2266,2266,0,41,full,fixed504,recent,raw,42,f_cumret42,3007314
ld2_ridge_characteristics_full_raw_fixed504_recent,ridge,characteristics,504,cap_spread_bp,261.83881517089674,200.1579327761084,1.3081610683089089,0.19081868383744027,-130.46352429026496,654.1411546320585,2266,2266,0,41,full,fixed504,recent,raw,42,f_cumret42,3007314
ld2_ridge_characteristics_full_raw_fixed504_union,ridge,characteristics,504,rank_ic,0.15937554304926418,0.019651654805936537,8.110031680442436,5.060656579105879e-16,0.12085900739301511,0.19789207870551326,2266,2266,0,41,full,fixed504,union,raw,42,f_cumret42,3007314
ld2_ridge_characteristics_full_raw_fixed504_union,ridge,characteristics,504,ew_spread_bp,325.40729524988444,219.469910594676,1.4826966228225105,0.13815503231674336,-104.74582520590616,755.560415705675,2266,2266,0,41,full,fixed504,union,raw,42,f_cumret42,3007314
ld2_ridge_characteristics_full_raw_fixed504_union,ridge,characteristics,504,cap_spread_bp,286.68020279456846,200.82032896490813,1.4275457284240567,0.1534226541716465,-106.92040934013733,680.2808149292742,2266,2266,0,41,full,fixed504,union,raw,42,f_cumret42,3007314
ld2_lasso_characteristics_full_raw_fixed504_retain,lasso,characteristics,504,rank_ic,0.15850986360370234,0.019486402310623884,8.134383201012103,4.140409398537955e-16,0.12031721688662143,0.19670251032078323,2266,2266,0,41,full,fixed504,retain,raw,42,f_cumret42,3007314
ld2_lasso_characteristics_full_raw_fixed504_retain,lasso,characteristics,504,ew_spread_bp,356.1148090962667,209.44375327547073,1.7002885191227783,0.08907666891027914,-54.387404110548914,766.6170223030823,2266,2266,0,41,full,fixed504,retain,raw,42,f_cumret42,3007314
ld2_lasso_characteristics_full_raw_fixed504_retain,lasso,characteristics,504,cap_spread_bp,295.55471318347634,191.24434176553098,1.545429843596794,0.12224232631005302,-79.2773089240336,670.3867352909863,2266,2266,0,41,full,fixed504,retain,raw,42,f_cumret42,3007314
ld2_lasso_characteristics_full_raw_fixed504_recent,lasso,characteristics,504,rank_ic,0.1557061909255218,0.019118154506038522,8.144415344919487,3.8111888751674887e-16,0.11823529664281414,0.19317708520822946,2266,2266,0,41,full,fixed504,recent,raw,42,f_cumret42,3007314
ld2_lasso_characteristics_full_raw_fixed504_recent,lasso,characteristics,504,ew_spread_bp,326.36473138899356,210.88876806057635,1.5475681061176645,0.12172631522652053,-86.96965875375696,739.6991215317441,2266,2266,0,41,full,fixed504,recent,raw,42,f_cumret42,3007314
ld2_lasso_characteristics_full_raw_fixed504_recent,lasso,characteristics,504,cap_spread_bp,247.74155621658147,185.93664207103475,1.332397710624111,0.18272953401770176,-116.68756564896168,612.1706780821246,2266,2266,0,41,full,fixed504,recent,raw,42,f_cumret42,3007314
ld2_lasso_characteristics_full_raw_fixed504_union,lasso,characteristics,504,rank_ic,0.15829222335495288,0.01939450547530575,8.16170453825183,3.303294310502947e-16,0.12027969112538872,0.19630475558451704,2266,2266,0,41,full,fixed504,union,raw,42,f_cumret42,3007314
ld2_lasso_characteristics_full_raw_fixed504_union,lasso,characteristics,504,ew_spread_bp,342.1845590696573,210.38244082657818,1.626488207500767,0.10384583996877564,-70.15744793006496,754.5265660693797,2266,2266,0,41,full,fixed504,union,raw,42,f_cumret42,3007314
ld2_lasso_characteristics_full_raw_fixed504_union,lasso,characteristics,504,cap_spread_bp,296.5046191235832,184.34272256272774,1.6084422265310163,0.10773835977074013,-64.80047791142238,657.8097161585888,2266,2266,0,41,full,fixed504,union,raw,42,f_cumret42,3007314
ld2_enet_characteristics_full_raw_fixed504_retain,enet,characteristics,504,rank_ic,0.15905230099587434,0.01956933060422606,8.127631149607462,4.37760884858304e-16,0.12069711781003381,0.19740748418171486,2266,2266,0,41,full,fixed504,retain,raw,42,f_cumret42,3007314
ld2_enet_characteristics_full_raw_fixed504_retain,enet,characteristics,504,ew_spread_bp,358.15287154267884,210.27337071585723,1.703272603294363,0.08851706514003517,-53.975361968240634,770.2811050535984,2266,2266,0,41,full,fixed504,retain,raw,42,f_cumret42,3007314
ld2_enet_characteristics_full_raw_fixed504_retain,enet,characteristics,504,cap_spread_bp,307.5192679807006,192.8109152793808,1.5949266541010332,0.1107286384075899,-70.38318179308936,685.4217177544906,2266,2266,0,41,full,fixed504,retain,raw,42,f_cumret42,3007314
ld2_enet_characteristics_full_raw_fixed504_recent,enet,characteristics,504,rank_ic,0.1564111137115028,0.019195889561241512,8.148156573442318,3.6951372856829923e-16,0.11878786152026105,0.19403436590274453,2266,2266,0,41,full,fixed504,recent,raw,42,f_cumret42,3007314
ld2_enet_characteristics_full_raw_fixed504_recent,enet,characteristics,504,ew_spread_bp,328.94785393982255,211.85288985558182,1.5527182761776972,0.12049045412313536,-86.27618019784882,744.1718880774939,2266,2266,0,41,full,fixed504,recent,raw,42,f_cumret42,3007314
ld2_enet_characteristics_full_raw_fixed504_recent,enet,characteristics,504,cap_spread_bp,257.2171584210943,187.15833465426607,1.3743291683816623,0.16933951489140842,-109.60643690776186,624.0407537499505,2266,2266,0,41,full,fixed504,recent,raw,42,f_cumret42,3007314
ld2_enet_characteristics_full_raw_fixed504_union,enet,characteristics,504,rank_ic,0.15878377991224896,0.019471305452852028,8.154757794577732,3.4988034404758364e-16,0.1206207224926806,0.1969468373318173,2266,2266,0,41,full,fixed504,union,raw,42,f_cumret42,3007314
ld2_enet_characteristics_full_raw_fixed504_union,enet,characteristics,504,ew_spread_bp,346.14833880451306,211.0687725486515,1.6399789254695438,0.10100954888647096,-67.5388536519203,759.8355312609465,2266,2266,0,41,full,fixed504,union,raw,42,f_cumret42,3007314
ld2_enet_characteristics_full_raw_fixed504_union,enet,characteristics,504,cap_spread_bp,305.2722372952058,186.26897974632848,1.6388785599778481,0.10123855371761799,-59.8082544446188,670.3527290350304,2266,2266,0,41,full,fixed504,union,raw,42,f_cumret42,3007314
ld2_ols_characteristics_core_full_raw_fixed504_retain,ols,characteristics_core,504,rank_ic,0.15634291045551585,0.018498078841085595,8.451845826728057,2.8673307316941926e-17,0.12008734214380566,0.19259847876722602,2266,2266,0,41,full,fixed504,retain,raw,42,f_cumret42,3007314
ld2_ols_characteristics_core_full_raw_fixed504_retain,ols,characteristics_core,504,ew_spread_bp,387.6147730974691,202.08994743667319,1.9180309461900962,0.0551070873236698,-8.474245516002952,783.7037917109411,2266,2266,0,41,full,fixed504,retain,raw,42,f_cumret42,3007314
ld2_ols_characteristics_core_full_raw_fixed504_retain,ols,characteristics_core,504,cap_spread_bp,292.8792802734611,183.12362528561584,1.5993527859480754,0.10974223680156435,-66.03643000475432,651.7949905516766,2266,2266,0,41,full,fixed504,retain,raw,42,f_cumret42,3007314
ld2_ols_characteristics_core_full_raw_fixed504_recent,ols,characteristics_core,504,rank_ic,0.15401609430943702,0.01821664346555302,8.454691151016684,2.79827029816214e-17,0.1183121291977462,0.18972005942112785,2266,2266,0,41,full,fixed504,recent,raw,42,f_cumret42,3007314
ld2_ols_characteristics_core_full_raw_fixed504_recent,ols,characteristics_core,504,ew_spread_bp,376.5276957578054,200.15645974648794,1.8811668443511835,0.05994922638553621,-15.771756618352015,768.8271481339629,2266,2266,0,41,full,fixed504,recent,raw,42,f_cumret42,3007314
ld2_ols_characteristics_core_full_raw_fixed504_recent,ols,characteristics_core,504,cap_spread_bp,261.4327972670466,174.41455360319057,1.4989161848375951,0.1338953770821619,-80.41344617483759,603.2790407089308,2266,2266,0,41,full,fixed504,recent,raw,42,f_cumret42,3007314
ld2_ols_characteristics_core_full_raw_fixed504_union,ols,characteristics_core,504,rank_ic,0.1569130727934798,0.018504598480217654,8.479679954213962,2.2581423370790025e-17,0.12064472622387858,0.19318141936308103,2266,2266,0,41,full,fixed504,union,raw,42,f_cumret42,3007314
ld2_ols_characteristics_core_full_raw_fixed504_union,ols,characteristics_core,504,ew_spread_bp,392.4691982037794,200.645466823663,1.956033218276994,0.050461241088051584,-0.7886904318264101,785.7270868393853,2266,2266,0,41,full,fixed504,union,raw,42,f_cumret42,3007314
ld2_ols_characteristics_core_full_raw_fixed504_union,ols,characteristics_core,504,cap_spread_bp,296.1045718506865,177.74831235954588,1.6658643219730371,0.095740441216814,-52.275718686799166,644.4848623881721,2266,2266,0,41,full,fixed504,union,raw,42,f_cumret42,3007314
ld2_ridge_characteristics_core_full_raw_fixed504_retain,ridge,characteristics_core,504,rank_ic,0.1624265373951188,0.01954205020054898,8.311642623380218,9.438631643650363e-17,0.12412482281796908,0.20072825197226854,2266,2266,0,41,full,fixed504,retain,raw,42,f_cumret42,3007314
ld2_ridge_characteristics_core_full_raw_fixed504_retain,ridge,characteristics_core,504,ew_spread_bp,363.6478736628153,227.05309229731458,1.601598419045695,0.1092444406484239,-81.36800981837001,808.6637571440006,2266,2266,0,41,full,fixed504,retain,raw,42,f_cumret42,3007314
ld2_ridge_characteristics_core_full_raw_fixed504_retain,ridge,characteristics_core,504,cap_spread_bp,298.6135887644985,206.2668941911915,1.4477048773891443,0.14769960530073922,-105.66209505317096,702.8892725821679,2266,2266,0,41,full,fixed504,retain,raw,42,f_cumret42,3007314
ld2_ridge_characteristics_core_full_raw_fixed504_recent,ridge,characteristics_core,504,rank_ic,0.1603902106523851,0.01918768262853858,8.359019364528708,6.324173068210697e-17,0.12278304375366464,0.19799737755110555,2266,2266,0,41,full,fixed504,recent,raw,42,f_cumret42,3007314
ld2_ridge_characteristics_core_full_raw_fixed504_recent,ridge,characteristics_core,504,ew_spread_bp,359.5114115732367,221.8932400654834,1.6201999279795116,0.1051893369037719,-75.39134736801088,794.4141705144843,2266,2266,0,41,full,fixed504,recent,raw,42,f_cumret42,3007314
ld2_ridge_characteristics_core_full_raw_fixed504_recent,ridge,characteristics_core,504,cap_spread_bp,265.7887372372402,203.0422196644129,1.3090318736494035,0.19052355418188593,-132.16670064607945,663.7441751205598,2266,2266,0,41,full,fixed504,recent,raw,42,f_cumret42,3007314
ld2_ridge_characteristics_core_full_raw_fixed504_union,ridge,characteristics_core,504,rank_ic,0.16238283338748288,0.01942145963856446,8.36100048139767,6.218859285664045e-17,0.12431747196869825,0.20044819480626752,2266,2266,0,41,full,fixed504,union,raw,42,f_cumret42,3007314
ld2_ridge_characteristics_core_full_raw_fixed504_union,ridge,characteristics_core,504,ew_spread_bp,367.4568485535288,222.3120020193772,1.6528880367039314,0.09835365233648656,-68.26666873544627,803.1803658425039,2266,2266,0,41,full,fixed504,union,raw,42,f_cumret42,3007314
ld2_ridge_characteristics_core_full_raw_fixed504_union,ridge,characteristics_core,504,cap_spread_bp,309.11053215909806,202.50551794232157,1.5264301699035192,0.12690276881173104,-87.79298967848194,706.0140539966781,2266,2266,0,41,full,fixed504,union,raw,42,f_cumret42,3007314
ld2_lasso_characteristics_core_full_raw_fixed504_retain,lasso,characteristics_core,504,rank_ic,0.16087969207634772,0.019348867557249773,8.314682582860936,9.199816592585616e-17,0.12295660852250268,0.19880277563019277,2266,2266,0,41,full,fixed504,retain,raw,42,f_cumret42,3007314
ld2_lasso_characteristics_core_full_raw_fixed504_retain,lasso,characteristics_core,504,ew_spread_bp,372.4887186192522,215.56235276524404,1.7279859578490833,0.0839907419431493,-50.00572922334425,794.9831664618487,2266,2266,0,41,full,fixed504,retain,raw,42,f_cumret42,3007314
ld2_lasso_characteristics_core_full_raw_fixed504_retain,lasso,characteristics_core,504,cap_spread_bp,284.19199459001214,191.88587967932932,1.4810469382371463,0.13859406602057792,-91.89741872325953,660.2814079032838,2266,2266,0,41,full,fixed504,retain,raw,42,f_cumret42,3007314
ld2_lasso_characteristics_core_full_raw_fixed504_recent,lasso,characteristics_core,504,rank_ic,0.1580614886237111,0.018964344037712424,8.33466679941002,7.771674102579189e-17,0.12089205731936785,0.19523091992805436,2266,2266,0,41,full,fixed504,recent,raw,42,f_cumret42,3007314
ld2_lasso_characteristics_core_full_raw_fixed504_recent,lasso,characteristics_core,504,ew_spread_bp,355.73866521507944,215.0007295299715,1.6545928285582343,0.09800711919833491,-65.65502131350195,777.1323517436608,2266,2266,0,41,full,fixed504,recent,raw,42,f_cumret42,3007314
ld2_lasso_characteristics_core_full_raw_fixed504_recent,lasso,characteristics_core,504,cap_spread_bp,252.37685270029093,189.87010619722275,1.3292079398646404,0.1837793763008595,-119.76171718706101,624.5154225876429,2266,2266,0,41,full,fixed504,recent,raw,42,f_cumret42,3007314
ld2_lasso_characteristics_core_full_raw_fixed504_union,lasso,characteristics_core,504,rank_ic,0.1606706695981984,0.019244446362576845,8.348936964517824,6.888008441376914e-17,0.12295224782513493,0.19838909137126187,2266,2266,0,41,full,fixed504,union,raw,42,f_cumret42,3007314
ld2_lasso_characteristics_core_full_raw_fixed504_union,lasso,characteristics_core,504,ew_spread_bp,369.20390201627237,214.70839908251602,1.7195596613543802,0.08551251399745372,-51.61682736371182,790.0246313962566,2266,2266,0,41,full,fixed504,union,raw,42,f_cumret42,3007314
ld2_lasso_characteristics_core_full_raw_fixed504_union,lasso,characteristics_core,504,cap_spread_bp,294.4854273874963,188.3494067541934,1.5635059991020646,0.11793362574722524,-74.67262636020797,663.6434811352005,2266,2266,0,41,full,fixed504,union,raw,42,f_cumret42,3007314
ld2_enet_characteristics_core_full_raw_fixed504_retain,enet,characteristics_core,504,rank_ic,0.16151525146024537,0.019452226618798488,8.303175498899352,1.0136497351073454e-16,0.12338958786828899,0.19964091505220175,2266,2266,0,41,full,fixed504,retain,raw,42,f_cumret42,3007314
ld2_enet_characteristics_core_full_raw_fixed504_retain,enet,characteristics_core,504,ew_spread_bp,372.2294835448554,216.25248823701938,1.721272603979846,0.08520136837053122,-51.617604966874296,796.0765720565851,2266,2266,0,41,full,fixed504,retain,raw,42,f_cumret42,3007314
ld2_enet_characteristics_core_full_raw_fixed504_retain,enet,characteristics_core,504,cap_spread_bp,291.79694108809366,193.11370800497622,1.5110110209295684,0.130785642975017,-86.69897152264406,670.2928536988313,2266,2266,0,41,full,fixed504,retain,raw,42,f_cumret42,3007314
ld2_enet_characteristics_core_full_raw_fixed504_recent,enet,characteristics_core,504,rank_ic,0.15873630782394813,0.019053173613406964,8.331226652564151,8.000898761172956e-17,0.1213927737504816,0.19607984189741465,2266,2266,0,41,full,fixed504,recent,raw,42,f_cumret42,3007314
ld2_enet_characteristics_core_full_raw_fixed504_recent,enet,characteristics_core,504,ew_spread_bp,358.21397285358444,215.31688478543174,1.663659462705644,0.09618050157210177,-63.799366589222075,780.2273122963909,2266,2266,0,41,full,fixed504,recent,raw,42,f_cumret42,3007314
ld2_enet_characteristics_core_full_raw_fixed504_recent,enet,characteristics_core,504,cap_spread_bp,259.17160900362165,189.21003186187482,1.3697561722986202,0.17076302746395777,-111.67323895932913,630.0164569665724,2266,2266,0,41,full,fixed504,recent,raw,42,f_cumret42,3007314
ld2_enet_characteristics_core_full_raw_fixed504_union,enet,characteristics_core,504,rank_ic,0.16115034784718066,0.019339660471545634,8.332635833202994,7.906206696746906e-17,0.12324530984971829,0.19905538584464302,2266,2266,0,41,full,fixed504,union,raw,42,f_cumret42,3007314
ld2_enet_characteristics_core_full_raw_fixed504_union,enet,characteristics_core,504,ew_spread_bp,370.72471840365904,215.2563269854138,1.7222477201740047,0.08502465371170494,-51.16992993212938,792.6193667394475,2266,2266,0,41,full,fixed504,union,raw,42,f_cumret42,3007314
ld2_enet_characteristics_core_full_raw_fixed504_union,enet,characteristics_core,504,cap_spread_bp,297.48414186743696,189.78571660864827,1.567473818279331,0.11700398132713909,-74.4890274656388,669.4573112005128,2266,2266,0,41,full,fixed504,union,raw,42,f_cumret42,3007314
ld2_group_ridge_characteristics_core_full_raw_fixed504_retain,group_ridge,characteristics_core,504,rank_ic,0.1619742023049206,0.01963607196462185,8.248808753438478,1.5998122093521293e-16,0.12348820845642511,0.2004601961534161,2266,2266,0,41,full,fixed504,retain,raw,42,f_cumret42,3007314
ld2_group_ridge_characteristics_core_full_raw_fixed504_retain,group_ridge,characteristics_core,504,ew_spread_bp,355.4867733025026,227.1644138209796,1.5648875953900483,0.11760926776403731,-89.74729635577029,800.7208429607756,2266,2266,0,41,full,fixed504,retain,raw,42,f_cumret42,3007314
ld2_group_ridge_characteristics_core_full_raw_fixed504_retain,group_ridge,characteristics_core,504,cap_spread_bp,288.7903117379157,206.03728884528638,1.401641000793641,0.16102247695389882,-115.0353538711218,692.6159773469533,2266,2266,0,41,full,fixed504,retain,raw,42,f_cumret42,3007314
ld2_group_ridge_characteristics_core_full_raw_fixed504_recent,group_ridge,characteristics_core,504,rank_ic,0.15987134500158487,0.019271880128745006,8.295575934136727,1.0806037346774498e-16,0.12209915403487151,0.19764353596829823,2266,2266,0,41,full,fixed504,recent,raw,42,f_cumret42,3007314
ld2_group_ridge_characteristics_core_full_raw_fixed504_recent,group_ridge,characteristics_core,504,ew_spread_bp,355.1927574577903,221.81584202650757,1.6012957154581586,0.1093114375495499,-79.55830411459061,789.9438190301712,2266,2266,0,41,full,fixed504,recent,raw,42,f_cumret42,3007314
ld2_group_ridge_characteristics_core_full_raw_fixed504_recent,group_ridge,characteristics_core,504,cap_spread_bp,264.34010496548694,202.97496822466098,1.3023285939027935,0.19280408094222556,-133.48352251801043,662.1637324489843,2266,2266,0,41,full,fixed504,recent,raw,42,f_cumret42,3007314
ld2_group_ridge_characteristics_core_full_raw_fixed504_union,group_ridge,characteristics_core,504,rank_ic,0.16187213005287363,0.019505944480453497,8.29860508498229,1.0534090118192837e-16,0.12364118138674692,0.20010307871900035,2266,2266,0,41,full,fixed504,union,raw,42,f_cumret42,3007314
ld2_group_ridge_characteristics_core_full_raw_fixed504_union,group_ridge,characteristics_core,504,ew_spread_bp,361.2145557415588,222.15225650331465,1.6259774328971053,0.10395445615889289,-74.19586608924192,796.6249775723595,2266,2266,0,41,full,fixed504,union,raw,42,f_cumret42,3007314
ld2_group_ridge_characteristics_core_full_raw_fixed504_union,group_ridge,characteristics_core,504,cap_spread_bp,307.4477714487663,201.70876219123946,1.5242162418173781,0.1274547020580825,-87.8941378122176,702.7896807097502,2266,2266,0,41,full,fixed504,union,raw,42,f_cumret42,3007314
ld2_ols_characteristics_textcore_full_raw_fixed504_retain,ols,characteristics_textcore,504,rank_ic,0.1400221928724189,0.016335774639701945,8.571506155093095,1.0214025721407555e-17,0.10800466291904032,0.1720397228257975,2266,2266,0,41,full,fixed504,retain,raw,42,f_cumret42,3007314
ld2_ols_characteristics_textcore_full_raw_fixed504_retain,ols,characteristics_textcore,504,ew_spread_bp,362.10013904524584,188.2787074459363,1.9232134316049618,0.05445325110488339,-6.919346604542625,731.1196246950343,2266,2266,0,41,full,fixed504,retain,raw,42,f_cumret42,3007314
ld2_ols_characteristics_textcore_full_raw_fixed504_retain,ols,characteristics_textcore,504,cap_spread_bp,217.04956876630976,180.84804614367562,1.2001764652401812,0.23007081352193526,-137.40608834973224,571.5052258823517,2266,2266,0,41,full,fixed504,retain,raw,42,f_cumret42,3007314
ld2_ols_characteristics_textcore_full_raw_fixed504_recent,ols,characteristics_textcore,504,rank_ic,0.14124317393563277,0.016325942622674488,8.651455980217976,5.084650468193375e-18,0.10924491438152337,0.17324143348974216,2266,2266,0,41,full,fixed504,recent,raw,42,f_cumret42,3007314
ld2_ols_characteristics_textcore_full_raw_fixed504_recent,ols,characteristics_textcore,504,ew_spread_bp,375.3166064544099,186.47282550538378,2.012714750458768,0.04414464670672276,9.836584368435695,740.7966285403841,2266,2266,0,41,full,fixed504,recent,raw,42,f_cumret42,3007314
ld2_ols_characteristics_textcore_full_raw_fixed504_recent,ols,characteristics_textcore,504,cap_spread_bp,231.19306344938536,170.9991060185496,1.352013287275935,0.17637106470710906,-103.95902573551825,566.345152634289,2266,2266,0,41,full,fixed504,recent,raw,42,f_cumret42,3007314
ld2_ols_characteristics_textcore_full_raw_fixed504_union,ols,characteristics_textcore,504,rank_ic,0.1443962245913816,0.016642877307848324,8.676157488902975,4.0936517751237146e-18,0.11177678446887995,0.17701566471388325,2266,2266,0,41,full,fixed504,union,raw,42,f_cumret42,3007314
ld2_ols_characteristics_textcore_full_raw_fixed504_union,ols,characteristics_textcore,504,ew_spread_bp,378.68283992250645,189.3574996654958,1.999830165646769,0.04551860605297835,7.548960375579384,749.8167194694336,2266,2266,0,41,full,fixed504,union,raw,42,f_cumret42,3007314
ld2_ols_characteristics_textcore_full_raw_fixed504_union,ols,characteristics_textcore,504,cap_spread_bp,243.52036441158538,177.0973994569111,1.3750645981158827,0.1691114185915077,-103.5841602796637,590.6248891028345,2266,2266,0,41,full,fixed504,union,raw,42,f_cumret42,3007314
ld2_ridge_characteristics_textcore_full_raw_fixed504_retain,ridge,characteristics_textcore,504,rank_ic,0.15759783827306248,0.01854953389945647,8.496053816084313,1.9614508407852895e-17,0.12124141990012297,0.193954256646002,2266,2266,0,41,full,fixed504,retain,raw,42,f_cumret42,3007314
ld2_ridge_characteristics_textcore_full_raw_fixed504_retain,ridge,characteristics_textcore,504,ew_spread_bp,386.77879045559047,212.8370511642358,1.8172530973337555,0.06917836808906734,-30.374164402020483,803.9317453132014,2266,2266,0,41,full,fixed504,retain,raw,42,f_cumret42,3007314
ld2_ridge_characteristics_textcore_full_raw_fixed504_retain,ridge,characteristics_textcore,504,cap_spread_bp,302.6029776413905,198.89709372516853,1.521404722280761,0.12815830456523467,-87.22816268962737,692.4341179724083,2266,2266,0,41,full,fixed504,retain,raw,42,f_cumret42,3007314
ld2_ridge_characteristics_textcore_full_raw_fixed504_recent,ridge,characteristics_textcore,504,rank_ic,0.15653996564123238,0.018288060273664364,8.559681196297074,1.1318005450348303e-17,0.12069602615775249,0.19238390512471226,2266,2266,0,41,full,fixed504,recent,raw,42,f_cumret42,3007314
ld2_ridge_characteristics_textcore_full_raw_fixed504_recent,ridge,characteristics_textcore,504,ew_spread_bp,395.4074242528843,210.99473083616496,1.8740156338781453,0.06092827031774444,-18.134649113721764,808.9494976194903,2266,2266,0,41,full,fixed504,recent,raw,42,f_cumret42,3007314
ld2_ridge_characteristics_textcore_full_raw_fixed504_recent,ridge,characteristics_textcore,504,cap_spread_bp,318.5059386075704,196.39445512447378,1.6217664516327763,0.10485336424878908,-66.42012019976607,703.4319974149068,2266,2266,0,41,full,fixed504,recent,raw,42,f_cumret42,3007314
ld2_ridge_characteristics_textcore_full_raw_fixed504_union,ridge,characteristics_textcore,504,rank_ic,0.15881998970438693,0.01861122847578114,8.533557573110231,1.419147812611933e-17,0.1223426521838096,0.19529732722496426,2266,2266,0,41,full,fixed504,union,raw,42,f_cumret42,3007314
ld2_ridge_characteristics_textcore_full_raw_fixed504_union,ridge,characteristics_textcore,504,ew_spread_bp,398.00683279098115,212.23080399774108,1.8753490317796535,0.06074472204759096,-17.95789945457068,813.971565036533,2266,2266,0,41,full,fixed504,union,raw,42,f_cumret42,3007314
ld2_ridge_characteristics_textcore_full_raw_fixed504_union,ridge,characteristics_textcore,504,cap_spread_bp,330.158106285575,197.04723273706952,1.6755277488525926,0.09383073134646695,-56.047373132363134,716.3635857035131,2266,2266,0,41,full,fixed504,union,raw,42,f_cumret42,3007314
ld2_lasso_characteristics_textcore_full_raw_fixed504_retain,lasso,characteristics_textcore,504,rank_ic,0.1612459710114522,0.019346850110930756,8.334481845204868,7.783831571835775e-17,0.12332684157973316,0.1991651004431712,2266,2266,0,41,full,fixed504,retain,raw,42,f_cumret42,3007314
ld2_lasso_characteristics_textcore_full_raw_fixed504_retain,lasso,characteristics_textcore,504,ew_spread_bp,376.0960290088806,220.30877850801906,1.707131379674873,0.08779763579069587,-55.70124234484871,807.8933003626098,2266,2266,0,41,full,fixed504,retain,raw,42,f_cumret42,3007314
ld2_lasso_characteristics_textcore_full_raw_fixed504_retain,lasso,characteristics_textcore,504,cap_spread_bp,252.83740507665496,208.60946946182312,1.2120130774932336,0.22550737471338078,-156.0296419025266,661.7044520558366,2266,2266,0,41,full,fixed504,retain,raw,42,f_cumret42,3007314
ld2_lasso_characteristics_textcore_full_raw_fixed504_recent,lasso,characteristics_textcore,504,rank_ic,0.15872225777846358,0.01893471134405607,8.382607735305625,5.1767773375706363e-17,0.12161090548645168,0.19583361007047548,2266,2266,0,41,full,fixed504,recent,raw,42,f_cumret42,3007314
ld2_lasso_characteristics_textcore_full_raw_fixed504_recent,lasso,characteristics_textcore,504,ew_spread_bp,377.4136188847049,217.9375243224727,1.7317514276534696,0.08331782972205012,-49.736079667163665,804.5633174365735,2266,2266,0,41,full,fixed504,recent,raw,42,f_cumret42,3007314
ld2_lasso_characteristics_textcore_full_raw_fixed504_recent,lasso,characteristics_textcore,504,cap_spread_bp,263.36034068684387,197.42567158010152,1.3339721150701047,0.1822129953906385,-123.58686523378799,650.3075466074757,2266,2266,0,41,full,fixed504,recent,raw,42,f_cumret42,3007314
ld2_lasso_characteristics_textcore_full_raw_fixed504_union,lasso,characteristics_textcore,504,rank_ic,0.16083731346746163,0.01924610296652173,8.35687690891166,6.440043491350334e-17,0.12311564481032955,0.19855898212459372,2266,2266,0,41,full,fixed504,union,raw,42,f_cumret42,3007314
ld2_lasso_characteristics_textcore_full_raw_fixed504_union,lasso,characteristics_textcore,504,ew_spread_bp,378.45951194402187,218.97278463135345,1.7283404080610685,0.08392721255815586,-50.71925952787677,807.6382834159206,2266,2266,0,41,full,fixed504,union,raw,42,f_cumret42,3007314
ld2_lasso_characteristics_textcore_full_raw_fixed504_union,lasso,characteristics_textcore,504,cap_spread_bp,282.0631261407053,201.43010481685013,1.4003027322910375,0.161422682999675,-112.73262470244902,676.8588769838597,2266,2266,0,41,full,fixed504,union,raw,42,f_cumret42,3007314
ld2_enet_characteristics_textcore_full_raw_fixed504_retain,enet,characteristics_textcore,504,rank_ic,0.16165181136447906,0.01942116563460342,8.323486571601963,8.541295677562382e-17,0.12358702618286938,0.19971659654608875,2266,2266,0,41,full,fixed504,retain,raw,42,f_cumret42,3007314
ld2_enet_characteristics_textcore_full_raw_fixed504_retain,enet,characteristics_textcore,504,ew_spread_bp,373.38921210375753,220.8109035802267,1.6909908254059336,0.0908385549250143,-59.392206307233266,806.1706305147484,2266,2266,0,41,full,fixed504,retain,raw,42,f_cumret42,3007314
ld2_enet_characteristics_textcore_full_raw_fixed504_retain,enet,characteristics_textcore,504,cap_spread_bp,250.9817325583212,209.20345081176296,1.1997016855336171,0.23025521820000994,-159.04949647423092,661.0129615908734,2266,2266,0,41,full,fixed504,retain,raw,42,f_cumret42,3007314
ld2_enet_characteristics_textcore_full_raw_fixed504_recent,enet,characteristics_textcore,504,rank_ic,0.15922270775738048,0.019001735364234412,8.379377183468929,5.3208504657818625e-17,0.12197999079971994,0.19646542471504103,2266,2266,0,41,full,fixed504,recent,raw,42,f_cumret42,3007314
ld2_enet_characteristics_textcore_full_raw_fixed504_recent,enet,characteristics_textcore,504,ew_spread_bp,375.51499122297906,218.19190061294518,1.7210308456367147,0.08524522674442458,-52.133275696736405,803.1632581426945,2266,2266,0,41,full,fixed504,recent,raw,42,f_cumret42,3007314
ld2_enet_characteristics_textcore_full_raw_fixed504_recent,enet,characteristics_textcore,504,cap_spread_bp,265.13551221685816,197.23371439403797,1.34427074514839,0.17886085208206126,-121.43546453251554,651.7064889662319,2266,2266,0,41,full,fixed504,recent,raw,42,f_cumret42,3007314
ld2_enet_characteristics_textcore_full_raw_fixed504_union,enet,characteristics_textcore,504,rank_ic,0.16125032635017328,0.019316204433930517,8.347930200351561,6.946960696507547e-17,0.12339126134165657,0.19910939135869,2266,2266,0,41,full,fixed504,union,raw,42,f_cumret42,3007314
ld2_enet_characteristics_textcore_full_raw_fixed504_union,enet,characteristics_textcore,504,ew_spread_bp,375.2298081590914,219.4881297953446,1.7095676586654762,0.08734585041595437,-54.959021273836754,805.4186375920196,2266,2266,0,41,full,fixed504,union,raw,42,f_cumret42,3007314
ld2_enet_characteristics_textcore_full_raw_fixed504_union,enet,characteristics_textcore,504,cap_spread_bp,284.5977725360074,201.93805090116717,1.409332076178628,0.15873699833829558,-111.19353433849642,680.3890794105113,2266,2266,0,41,full,fixed504,union,raw,42,f_cumret42,3007314
ld2_group_ridge_characteristics_textcore_full_raw_fixed504_retain,group_ridge,characteristics_textcore,504,rank_ic,0.16120949764706555,0.019497081054886956,8.268391416809456,1.3577848750566112e-16,0.12299592097582891,0.1994230743183022,2266,2266,0,41,full,fixed504,retain,raw,42,f_cumret42,3007314
ld2_group_ridge_characteristics_textcore_full_raw_fixed504_retain,group_ridge,characteristics_textcore,504,ew_spread_bp,362.5380280530482,225.9799782177578,1.604292694035491,0.10864955076407257,-80.37459048090301,805.4506465869995,2266,2266,0,41,full,fixed504,retain,raw,42,f_cumret42,3007314
ld2_group_ridge_characteristics_textcore_full_raw_fixed504_retain,group_ridge,characteristics_textcore,504,cap_spread_bp,282.1820583501887,213.35627733770593,1.322586154348501,0.1859730411482423,-135.98856110725427,700.3526778076316,2266,2266,0,41,full,fixed504,retain,raw,42,f_cumret42,3007314
ld2_group_ridge_characteristics_textcore_full_raw_fixed504_recent,group_ridge,characteristics_textcore,504,rank_ic,0.15907897740021754,0.01910110191063833,8.328261801043988,8.20379359537077e-17,0.12164150559033719,0.19651644921009787,2266,2266,0,41,full,fixed504,recent,raw,42,f_cumret42,3007314
ld2_group_ridge_characteristics_textcore_full_raw_fixed504_recent,group_ridge,characteristics_textcore,504,ew_spread_bp,363.8578576404803,221.3413374496958,1.6438766559959646,0.10020168302448718,-69.96319205085018,797.6789073318107,2266,2266,0,41,full,fixed504,recent,raw,42,f_cumret42,3007314
ld2_group_ridge_characteristics_textcore_full_raw_fixed504_recent,group_ridge,characteristics_textcore,504,cap_spread_bp,268.73490228989806,203.49890381579755,1.320571743880992,0.18664419954766687,-130.11562008244573,667.5854246622418,2266,2266,0,41,full,fixed504,recent,raw,42,f_cumret42,3007314
ld2_group_ridge_characteristics_textcore_full_raw_fixed504_union,group_ridge,characteristics_textcore,504,rank_ic,0.16099693299597184,0.019346683501179882,8.321681232142616,8.672428633219809e-17,0.12307813011336399,0.1989157358785797,2266,2266,0,41,full,fixed504,union,raw,42,f_cumret42,3007314
ld2_group_ridge_characteristics_textcore_full_raw_fixed504_union,group_ridge,characteristics_textcore,504,ew_spread_bp,366.55202976253696,222.06927045875028,1.6506202276673152,0.09881614589226084,-68.69574240969814,801.7998019347721,2266,2266,0,41,full,fixed504,union,raw,42,f_cumret42,3007314
ld2_group_ridge_characteristics_textcore_full_raw_fixed504_union,group_ridge,characteristics_textcore,504,cap_spread_bp,305.73605642701716,203.78958582490446,1.5002535835648876,0.13354872796245734,-93.6841922141299,705.1563050681642,2266,2266,0,41,full,fixed504,union,raw,42,f_cumret42,3007314
ld2_ols_characteristics_textcore_pca_raw_fixed504_retain,ols,characteristics_textcore,504,rank_ic,0.15521796456605635,0.01812890019073069,8.561907392783779,1.110153581405088e-17,0.11968597311290288,0.19074995601920983,2266,2266,0,41,pca,fixed504,retain,raw,42,f_cumret42,3007314
ld2_ols_characteristics_textcore_pca_raw_fixed504_retain,ols,characteristics_textcore,504,ew_spread_bp,403.1976554024146,203.58528841374965,1.9804852233870138,0.0476490321191097,4.17782232926578,802.2174884755634,2266,2266,0,41,pca,fixed504,retain,raw,42,f_cumret42,3007314
ld2_ols_characteristics_textcore_pca_raw_fixed504_retain,ols,characteristics_textcore,504,cap_spread_bp,296.6706937922375,186.98094267817055,1.586635993716556,0.1125951104617988,-69.80521965232509,663.1466072368,2266,2266,0,41,pca,fixed504,retain,raw,42,f_cumret42,3007314
ld2_ols_characteristics_textcore_pca_raw_fixed504_recent,ols,characteristics_textcore,504,rank_ic,0.15315571008945875,0.017831816185286665,8.588901349029726,8.78048674049334e-18,0.11820599258735848,0.18810542759155902,2266,2266,0,41,pca,fixed504,recent,raw,42,f_cumret42,3007314
ld2_ols_characteristics_textcore_pca_raw_fixed504_recent,ols,characteristics_textcore,504,ew_spread_bp,403.41187920148013,200.15155730167783,2.0155320530104035,0.043848931076533794,11.122035440586728,795.7017229623735,2266,2266,0,41,pca,fixed504,recent,raw,42,f_cumret42,3007314
ld2_ols_characteristics_textcore_pca_raw_fixed504_recent,ols,characteristics_textcore,504,cap_spread_bp,285.0008158966807,175.25310792194244,1.626224032635243,0.1039020054744701,-58.48896380903773,628.4905956023991,2266,2266,0,41,pca,fixed504,recent,raw,42,f_cumret42,3007314
ld2_ols_characteristics_textcore_pca_raw_fixed504_union,ols,characteristics_textcore,504,rank_ic,0.1560210825768498,0.01812916450392524,8.606082345552595,7.559996526750644e-18,0.12048857307935437,0.19155359207434522,2266,2266,0,41,pca,fixed504,union,raw,42,f_cumret42,3007314
ld2_ols_characteristics_textcore_pca_raw_fixed504_union,ols,characteristics_textcore,504,ew_spread_bp,408.60183524059545,202.11809250452657,2.021599502436649,0.04321774351302482,12.457653307788291,804.7460171734026,2266,2266,0,41,pca,fixed504,union,raw,42,f_cumret42,3007314
ld2_ols_characteristics_textcore_pca_raw_fixed504_union,ols,characteristics_textcore,504,cap_spread_bp,295.2012241258515,179.15506870845138,1.6477414022053054,0.09940574818252845,-55.93625819051198,646.338706442215,2266,2266,0,41,pca,fixed504,union,raw,42,f_cumret42,3007314
ld2_ridge_characteristics_textcore_pca_raw_fixed504_retain,ridge,characteristics_textcore,504,rank_ic,0.16194789561082648,0.019394334150149597,8.350268400917352,6.810801745817329e-17,0.12393569917239804,0.1999600920492549,2266,2266,0,41,pca,fixed504,retain,raw,42,f_cumret42,3007314
ld2_ridge_characteristics_textcore_pca_raw_fixed504_retain,ridge,characteristics_textcore,504,ew_spread_bp,377.6551548533121,228.2194266706933,1.6547896923702532,0.09796716557972591,-69.6467019936266,824.9570117002509,2266,2266,0,41,pca,fixed504,retain,raw,42,f_cumret42,3007314
ld2_ridge_characteristics_textcore_pca_raw_fixed504_retain,ridge,characteristics_textcore,504,cap_spread_bp,295.0074164005345,210.35226473034166,1.4024446885737856,0.1607824965031559,-117.27544653737021,707.2902793384392,2266,2266,0,41,pca,fixed504,retain,raw,42,f_cumret42,3007314
ld2_ridge_characteristics_textcore_pca_raw_fixed504_recent,ridge,characteristics_textcore,504,rank_ic,0.16035449618682104,0.019071636998725543,8.408009034438768,4.170290353621268e-17,0.12297477454309741,0.19773421783054468,2266,2266,0,41,pca,fixed504,recent,raw,42,f_cumret42,3007314
ld2_ridge_characteristics_textcore_pca_raw_fixed504_recent,ridge,characteristics_textcore,504,ew_spread_bp,379.5152221871224,226.33946323439625,1.6767523292838153,0.09359092310638388,-64.10197403242194,823.1324184066667,2266,2266,0,41,pca,fixed504,recent,raw,42,f_cumret42,3007314
ld2_ridge_characteristics_textcore_pca_raw_fixed504_recent,ridge,characteristics_textcore,504,cap_spread_bp,292.18197024634696,203.224562675809,1.437729605118875,0.15051078964561682,-106.13085337214159,690.4947938648355,2266,2266,0,41,pca,fixed504,recent,raw,42,f_cumret42,3007314
ld2_ridge_characteristics_textcore_pca_raw_fixed504_union,ridge,characteristics_textcore,504,rank_ic,0.16198159659402758,0.019283145989743,8.400164406792754,4.458539694628426e-17,0.12418732494550333,0.19977586824255184,2266,2266,0,41,pca,fixed504,union,raw,42,f_cumret42,3007314
ld2_ridge_characteristics_textcore_pca_raw_fixed504_union,ridge,characteristics_textcore,504,ew_spread_bp,380.7412101160274,225.8408070839023,1.685883145000354,0.09181830898452804,-61.89863800787941,823.3810582399342,2266,2266,0,41,pca,fixed504,union,raw,42,f_cumret42,3007314
ld2_ridge_characteristics_textcore_pca_raw_fixed504_union,ridge,characteristics_textcore,504,cap_spread_bp,320.2646826908971,203.28663406778875,1.5754340375575324,0.1151562929161228,-78.16979862034208,718.6991640021363,2266,2266,0,41,pca,fixed504,union,raw,42,f_cumret42,3007314
ld2_lasso_characteristics_textcore_pca_raw_fixed504_retain,lasso,characteristics_textcore,504,rank_ic,0.16093980720221376,0.019252942677304336,8.35923161979452,6.312806229673599e-17,0.1232047329582831,0.19867488144614442,2266,2266,0,41,pca,fixed504,retain,raw,42,f_cumret42,3007314
ld2_lasso_characteristics_textcore_pca_raw_fixed504_retain,lasso,characteristics_textcore,504,ew_spread_bp,380.06539157522815,219.1046943853212,1.7346291581815163,0.08280651142106756,-49.37191826365682,809.5027014141131,2266,2266,0,41,pca,fixed504,retain,raw,42,f_cumret42,3007314
ld2_lasso_characteristics_textcore_pca_raw_fixed504_retain,lasso,characteristics_textcore,504,cap_spread_bp,277.09279126939794,192.94686567221572,1.436109315919814,0.15097123764445106,-101.07611637803257,655.2616989168284,2266,2266,0,41,pca,fixed504,retain,raw,42,f_cumret42,3007314
ld2_lasso_characteristics_textcore_pca_raw_fixed504_recent,lasso,characteristics_textcore,504,rank_ic,0.15797106355416204,0.01883335781653697,8.38783317839651,4.9518420779608297e-17,0.12105836052579368,0.19488376658253043,2266,2266,0,41,pca,fixed504,recent,raw,42,f_cumret42,3007314
ld2_lasso_characteristics_textcore_pca_raw_fixed504_recent,lasso,characteristics_textcore,504,ew_spread_bp,368.4167168157261,217.4929545362649,1.693924833571085,0.0902795673166344,-57.861640966560515,794.6950745980128,2266,2266,0,41,pca,fixed504,recent,raw,42,f_cumret42,3007314
ld2_lasso_characteristics_textcore_pca_raw_fixed504_recent,lasso,characteristics_textcore,504,cap_spread_bp,273.6907105633012,186.48062175918153,1.4676630096007592,0.14219578326720303,-91.80459189933094,639.1860130259333,2266,2266,0,41,pca,fixed504,recent,raw,42,f_cumret42,3007314
ld2_lasso_characteristics_textcore_pca_raw_fixed504_union,lasso,characteristics_textcore,504,rank_ic,0.16038976050852516,0.019137349875135278,8.38098072904629,5.2488494563193305e-17,0.12288124399371791,0.1978982770233324,2266,2266,0,41,pca,fixed504,union,raw,42,f_cumret42,3007314
ld2_lasso_characteristics_textcore_pca_raw_fixed504_union,lasso,characteristics_textcore,504,ew_spread_bp,380.17269967232346,217.32195202101113,1.749352498157055,0.08023010649152018,-45.77049933879994,806.1158986834469,2266,2266,0,41,pca,fixed504,union,raw,42,f_cumret42,3007314
ld2_lasso_characteristics_textcore_pca_raw_fixed504_union,lasso,characteristics_textcore,504,cap_spread_bp,293.2531877418306,188.0321840755394,1.559590392376765,0.11885670837687896,-75.28312098063253,661.7894964642937,2266,2266,0,41,pca,fixed504,union,raw,42,f_cumret42,3007314
ld2_enet_characteristics_textcore_pca_raw_fixed504_retain,enet,characteristics_textcore,504,rank_ic,0.16103878942037184,0.019288330045985996,8.349027056071392,6.882757139179032e-17,0.12323435720831748,0.19884322163242618,2266,2266,0,41,pca,fixed504,retain,raw,42,f_cumret42,3007314
ld2_enet_characteristics_textcore_pca_raw_fixed504_retain,enet,characteristics_textcore,504,ew_spread_bp,382.0294271622613,219.55074508304045,1.7400506976998265,0.08185011623258513,-48.28212597943235,812.3409803039549,2266,2266,0,41,pca,fixed504,retain,raw,42,f_cumret42,3007314
ld2_enet_characteristics_textcore_pca_raw_fixed504_retain,enet,characteristics_textcore,504,cap_spread_bp,265.1525019268191,193.47484147896276,1.370475354314479,0.17053856364286912,-114.05121928654404,644.3562231401822,2266,2266,0,41,pca,fixed504,retain,raw,42,f_cumret42,3007314
ld2_enet_characteristics_textcore_pca_raw_fixed504_recent,enet,characteristics_textcore,504,rank_ic,0.15808004051251096,0.018865048373111454,8.379519489482151,5.3144215715235726e-17,0.12110522513460656,0.19505485589041535,2266,2266,0,41,pca,fixed504,recent,raw,42,f_cumret42,3007314
ld2_enet_characteristics_textcore_pca_raw_fixed504_recent,enet,characteristics_textcore,504,ew_spread_bp,369.2368132354109,218.16501542224177,1.6924657352636545,0.09055720795330954,-58.35875967880838,796.8323861496302,2266,2266,0,41,pca,fixed504,recent,raw,42,f_cumret42,3007314
ld2_enet_characteristics_textcore_pca_raw_fixed504_recent,enet,characteristics_textcore,504,cap_spread_bp,273.8588271610055,186.2431025912889,1.470437419430182,0.14144332308449126,-91.17094628691916,638.8886006089301,2266,2266,0,41,pca,fixed504,recent,raw,42,f_cumret42,3007314
ld2_enet_characteristics_textcore_pca_raw_fixed504_union,enet,characteristics_textcore,504,rank_ic,0.1604476329955782,0.01916443854248666,8.372154114500843,5.657438717237296e-17,0.12288602366837306,0.19800924232278336,2266,2266,0,41,pca,fixed504,union,raw,42,f_cumret42,3007314
ld2_enet_characteristics_textcore_pca_raw_fixed504_union,enet,characteristics_textcore,504,ew_spread_bp,379.8769284712778,218.0966467868348,1.7417825265445974,0.08154650536495,-47.58464437987175,807.3385013224273,2266,2266,0,41,pca,fixed504,union,raw,42,f_cumret42,3007314
ld2_enet_characteristics_textcore_pca_raw_fixed504_union,enet,characteristics_textcore,504,cap_spread_bp,288.99149077545366,188.50184799582186,1.5330963268957403,0.1252521225888094,-80.46534231560094,658.4483238665082,2266,2266,0,41,pca,fixed504,union,raw,42,f_cumret42,3007314
ld2_group_ridge_characteristics_textcore_pca_raw_fixed504_retain,group_ridge,characteristics_textcore,504,rank_ic,0.16117293066032448,0.01951630045965125,8.258375146126674,1.4766881788689492e-16,0.12292168464794553,0.19942417667270343,2266,2266,0,41,pca,fixed504,retain,raw,42,f_cumret42,3007314
ld2_group_ridge_characteristics_textcore_pca_raw_fixed504_retain,group_ridge,characteristics_textcore,504,ew_spread_bp,353.097235837903,228.74247326411887,1.5436452653469264,0.12267429283398558,-95.22977349438622,801.4242451701922,2266,2266,0,41,pca,fixed504,retain,raw,42,f_cumret42,3007314
ld2_group_ridge_characteristics_textcore_pca_raw_fixed504_retain,group_ridge,characteristics_textcore,504,cap_spread_bp,261.52314497060445,210.1241968862242,1.2446122286059762,0.2132743231419516,-150.31271320679838,673.3590031480073,2266,2266,0,41,pca,fixed504,retain,raw,42,f_cumret42,3007314
ld2_group_ridge_characteristics_textcore_pca_raw_fixed504_recent,group_ridge,characteristics_textcore,504,rank_ic,0.15910787787013322,0.019144040084904244,8.311091972461728,9.482539299399835e-17,0.12158624878512979,0.19662950695513665,2266,2266,0,41,pca,fixed504,recent,raw,42,f_cumret42,3007314
ld2_group_ridge_characteristics_textcore_pca_raw_fixed504_recent,group_ridge,characteristics_textcore,504,ew_spread_bp,351.637101465169,226.2611721750455,1.5541203914259192,0.1201557020369118,-91.82664709773638,795.1008500280743,2266,2266,0,41,pca,fixed504,recent,raw,42,f_cumret42,3007314
ld2_group_ridge_characteristics_textcore_pca_raw_fixed504_recent,group_ridge,characteristics_textcore,504,cap_spread_bp,262.1132267888312,202.737987508561,1.2928668672799317,0.1960571085923658,-135.2459270260797,659.4723806037421,2266,2266,0,41,pca,fixed504,recent,raw,42,f_cumret42,3007314
ld2_group_ridge_characteristics_textcore_pca_raw_fixed504_union,group_ridge,characteristics_textcore,504,rank_ic,0.16100288056712694,0.019379682592104895,8.307818242220232,9.74776829991299e-17,0.1230194006547835,0.19898636047947038,2266,2266,0,41,pca,fixed504,union,raw,42,f_cumret42,3007314
ld2_group_ridge_characteristics_textcore_pca_raw_fixed504_union,group_ridge,characteristics_textcore,504,ew_spread_bp,362.52705517688185,225.7454410554242,1.6059108590719027,0.10829349724448878,-79.92587896585928,804.979989319623,2266,2266,0,41,pca,fixed504,union,raw,42,f_cumret42,3007314
ld2_group_ridge_characteristics_textcore_pca_raw_fixed504_union,group_ridge,characteristics_textcore,504,cap_spread_bp,300.6156351170898,204.14828489810662,1.4725356878071811,0.14087627720109233,-99.50765078882137,700.738921023001,2266,2266,0,41,pca,fixed504,union,raw,42,f_cumret42,3007314
ld2_ols_characteristics_full_raw_fixed504_retain,ols,characteristics,504,rank_ic,0.17888907826906283,0.022502494528110806,7.949744329260434,1.868968287625945e-15,0.134784999431656,0.22299315710646966,2266,2266,0,62,full,fixed504,retain,raw,63,f_cumret63,2993214
ld2_ols_characteristics_full_raw_fixed504_retain,ols,characteristics,504,ew_spread_bp,485.71082098437563,316.24434988830126,1.535871933066727,0.12456979303904467,-134.1167151109783,1105.5383570797296,2266,2266,0,62,full,fixed504,retain,raw,63,f_cumret63,2993214
ld2_ols_characteristics_full_raw_fixed504_retain,ols,characteristics,504,cap_spread_bp,402.4679443478003,278.3394903018994,1.445960628552081,0.14818824507229086,-143.06743211915818,948.0033208147588,2266,2266,0,62,full,fixed504,retain,raw,63,f_cumret63,2993214
ld2_ols_characteristics_full_raw_fixed504_recent,ols,characteristics,504,rank_ic,0.17600680268335073,0.022073363601783823,7.973719178400478,1.5396917871998227e-15,0.1327438050061971,0.21926980036050436,2266,2266,0,62,full,fixed504,recent,raw,63,f_cumret63,2993214
ld2_ols_characteristics_full_raw_fixed504_recent,ols,characteristics,504,ew_spread_bp,466.115319620078,310.2318073156762,1.50247430672311,0.13297465860206986,-141.92784957741696,1074.158488817573,2266,2266,0,62,full,fixed504,recent,raw,63,f_cumret63,2993214
ld2_ols_characteristics_full_raw_fixed504_recent,ols,characteristics,504,cap_spread_bp,356.2820001228902,261.39452397832014,1.3630048353745925,0.17288098670178365,-156.04185263060884,868.6058528763892,2266,2266,0,62,full,fixed504,recent,raw,63,f_cumret63,2993214
ld2_ols_characteristics_full_raw_fixed504_union,ols,characteristics,504,rank_ic,0.17933785931620175,0.022412349231553382,8.001743032975753,1.2267018017138051e-15,0.13541046201342316,0.22326525661898033,2266,2266,0,62,full,fixed504,union,raw,63,f_cumret63,2993214
ld2_ols_characteristics_full_raw_fixed504_union,ols,characteristics,504,ew_spread_bp,493.9679571260559,309.8194241315279,1.5943737501634219,0.11085234818387474,-113.26695588267853,1101.2028701347904,2266,2266,0,62,full,fixed504,union,raw,63,f_cumret63,2993214
ld2_ols_characteristics_full_raw_fixed504_union,ols,characteristics,504,cap_spread_bp,392.64659481973445,266.9175661662524,1.4710406679460368,0.14128011903717905,-130.50222170720713,915.795411346676,2266,2266,0,62,full,fixed504,union,raw,63,f_cumret63,2993214
ld2_ridge_characteristics_full_raw_fixed504_retain,ridge,characteristics,504,rank_ic,0.1842944782913652,0.023695526745343476,7.777606308227852,7.390965468751928e-15,0.13785209927578637,0.23073685730694402,2266,2266,0,62,full,fixed504,retain,raw,63,f_cumret63,2993214
ld2_ridge_characteristics_full_raw_fixed504_retain,ridge,characteristics,504,ew_spread_bp,440.8073364446487,347.15352990692276,1.2697763337242631,0.20416431311041616,-239.60107927886844,1121.2157521681659,2266,2266,0,62,full,fixed504,retain,raw,63,f_cumret63,2993214
ld2_ridge_characteristics_full_raw_fixed504_retain,ridge,characteristics,504,cap_spread_bp,392.90296439383997,313.08585095869876,1.2549368270419554,0.20950169377303718,-220.7340275542847,1006.5399563419646,2266,2266,0,62,full,fixed504,retain,raw,63,f_cumret63,2993214
ld2_ridge_characteristics_full_raw_fixed504_recent,ridge,characteristics,504,rank_ic,0.18168675456998162,0.023072426686927827,7.874627018445359,3.417608483200466e-15,0.13646562922766228,0.22690787991230096,2266,2266,0,62,full,fixed504,recent,raw,63,f_cumret63,2993214
ld2_ridge_characteristics_full_raw_fixed504_recent,ridge,characteristics,504,ew_spread_bp,438.59353125677086,337.5464128443751,1.299357701836942,0.19382120055227936,-222.98528102889264,1100.1723435424344,2266,2266,0,62,full,fixed504,recent,raw,63,f_cumret63,2993214
ld2_ridge_characteristics_full_raw_fixed504_recent,ridge,characteristics,504,cap_spread_bp,369.9884717457893,295.3513757680677,1.2527061056804838,0.21031268312445295,-208.88958754397947,948.8665310355581,2266,2266,0,62,full,fixed504,recent,raw,63,f_cumret63,2993214
ld2_ridge_characteristics_full_raw_fixed504_union,ridge,characteristics,504,rank_ic,0.1841372214845694,0.023433554090065763,7.857844387447447,3.9080037765971204e-15,0.13820829943826923,0.23006614353086957,2266,2266,0,62,full,fixed504,union,raw,63,f_cumret63,2993214
ld2_ridge_characteristics_full_raw_fixed504_union,ridge,characteristics,504,ew_spread_bp,451.5124641139508,338.0486661619699,1.3356433830672676,0.1816658630173269,-211.05074658531424,1114.0756748132158,2266,2266,0,62,full,fixed504,union,raw,63,f_cumret63,2993214
ld2_ridge_characteristics_full_raw_fixed504_union,ridge,characteristics,504,cap_spread_bp,399.70204497016107,299.94290566332296,1.3325937617568284,0.1826651534585162,-188.17524754824694,987.5793374885691,2266,2266,0,62,full,fixed504,union,raw,63,f_cumret63,2993214
ld2_lasso_characteristics_full_raw_fixed504_retain,lasso,characteristics,504,rank_ic,0.18347688832202227,0.023355823787928193,7.855723265768731,3.974717816246911e-15,0.13770031486841916,0.2292534617756254,2266,2266,0,62,full,fixed504,retain,raw,63,f_cumret63,2993214
ld2_lasso_characteristics_full_raw_fixed504_retain,lasso,characteristics,504,ew_spread_bp,490.1094896835321,327.70640077580725,1.4955749674808128,0.1347644504633356,-152.1832533402989,1132.402232707363,2266,2266,0,62,full,fixed504,retain,raw,63,f_cumret63,2993214
ld2_lasso_characteristics_full_raw_fixed504_retain,lasso,characteristics,504,cap_spread_bp,423.48214927710217,291.34668646503815,1.4535334326787355,0.1460757040926739,-147.54686320945586,994.5111617636602,2266,2266,0,62,full,fixed504,retain,raw,63,f_cumret63,2993214
ld2_lasso_characteristics_full_raw_fixed504_recent,lasso,characteristics,504,rank_ic,0.1799743987019566,0.022707380319226915,7.925810735180567,2.266625971218706e-15,0.13546875109301823,0.224480046310895,2266,2266,0,62,full,fixed504,recent,raw,63,f_cumret63,2993214
ld2_lasso_characteristics_full_raw_fixed504_recent,lasso,characteristics,504,ew_spread_bp,452.5882135469994,327.0102178796604,1.38401856823187,0.1663527692338823,-188.34003607373103,1093.5164631677299,2266,2266,0,62,full,fixed504,recent,raw,63,f_cumret63,2993214
ld2_lasso_characteristics_full_raw_fixed504_recent,lasso,characteristics,504,cap_spread_bp,357.61003851607234,275.68165110883825,1.297184767566881,0.19456762052963017,-182.71606885578728,897.936145887932,2266,2266,0,62,full,fixed504,recent,raw,63,f_cumret63,2993214
ld2_lasso_characteristics_full_raw_fixed504_union,lasso,characteristics,504,rank_ic,0.18308094539688705,0.023109915643985963,7.9221814660553,2.3337937155364516e-15,0.1377863430489158,0.2283755477448583,2266,2266,0,62,full,fixed504,union,raw,63,f_cumret63,2993214
ld2_lasso_characteristics_full_raw_fixed504_union,lasso,characteristics,504,ew_spread_bp,473.42504677091995,326.36582590261463,1.4505962609951288,0.1468923170702974,-166.2402177828742,1113.090311324714,2266,2266,0,62,full,fixed504,union,raw,63,f_cumret63,2993214
ld2_lasso_characteristics_full_raw_fixed504_union,lasso,characteristics,504,cap_spread_bp,416.4433294697026,277.74555569830386,1.4993699122302309,0.1337776945869988,-127.92795656503654,960.8146155044417,2266,2266,0,62,full,fixed504,union,raw,63,f_cumret63,2993214
ld2_enet_characteristics_full_raw_fixed504_retain,enet,characteristics,504,rank_ic,0.18408611122473514,0.0234498486623669,7.850204659109919,4.153589006872766e-15,0.13812525240358126,0.23004697004588903,2266,2266,0,62,full,fixed504,retain,raw,63,f_cumret63,2993214
ld2_enet_characteristics_full_raw_fixed504_retain,enet,characteristics,504,ew_spread_bp,495.20582019208007,329.0095928264529,1.505140977616701,0.1322878357334077,-149.64113231595536,1140.0527727001154,2266,2266,0,62,full,fixed504,retain,raw,63,f_cumret63,2993214
ld2_enet_characteristics_full_raw_fixed504_retain,enet,characteristics,504,cap_spread_bp,434.8196437536511,293.0006465026997,1.4840228134092008,0.13780286844936046,-139.45107083859205,1009.0903583458943,2266,2266,0,62,full,fixed504,retain,raw,63,f_cumret63,2993214
ld2_enet_characteristics_full_raw_fixed504_recent,enet,characteristics,504,rank_ic,0.1806961827292805,0.022787469849212174,7.929629042845566,2.198014578249834e-15,0.13603356252603227,0.22535880293252875,2266,2266,0,62,full,fixed504,recent,raw,63,f_cumret63,2993214
ld2_enet_characteristics_full_raw_fixed504_recent,enet,characteristics,504,ew_spread_bp,456.62933739436045,327.662038869603,1.3935985351543316,0.16343887112356648,-185.57645789102475,1098.8351326797456,2266,2266,0,62,full,fixed504,recent,raw,63,f_cumret63,2993214
ld2_enet_characteristics_full_raw_fixed504_recent,enet,characteristics,504,cap_spread_bp,361.8625254712672,277.24709573183515,1.3051986153942459,0.19182522555565418,-181.53179698145823,905.2568479239926,2266,2266,0,62,full,fixed504,recent,raw,63,f_cumret63,2993214
ld2_enet_characteristics_full_raw_fixed504_union,enet,characteristics,504,rank_ic,0.18359501298942454,0.023190375948012616,7.91686229671315,2.435792565559745e-15,0.1381427113433759,0.22904731463547318,2266,2266,0,62,full,fixed504,union,raw,63,f_cumret63,2993214
ld2_enet_characteristics_full_raw_fixed504_union,enet,characteristics,504,ew_spread_bp,478.70207115958704,327.53934433073954,1.461510134416731,0.14387549639609284,-163.263247248526,1120.6673895677,2266,2266,0,62,full,fixed504,union,raw,63,f_cumret63,2993214
ld2_enet_characteristics_full_raw_fixed504_union,enet,characteristics,504,cap_spread_bp,423.397692528199,280.1079369350872,1.5115519294489612,0.13064788849317815,-125.60377564838865,972.3991607047867,2266,2266,0,62,full,fixed504,union,raw,63,f_cumret63,2993214
ld2_ols_characteristics_core_full_raw_fixed504_retain,ols,characteristics_core,504,rank_ic,0.18107322876612103,0.022286376152176872,8.124839477253206,4.479548592798336e-16,0.137392734161942,0.22475372337030006,2266,2266,0,62,full,fixed504,retain,raw,63,f_cumret63,2993214
ld2_ols_characteristics_core_full_raw_fixed504_retain,ols,characteristics_core,504,ew_spread_bp,522.8508340475022,322.5562955538967,1.6209599417356213,0.1050262300456808,-109.34788822479254,1155.049556319797,2266,2266,0,62,full,fixed504,retain,raw,63,f_cumret63,2993214
ld2_ols_characteristics_core_full_raw_fixed504_retain,ols,characteristics_core,504,cap_spread_bp,414.1630937706782,282.2065128597238,1.4675887157024827,0.1422159750279386,-138.95150763701997,967.2776951783763,2266,2266,0,62,full,fixed504,retain,raw,63,f_cumret63,2993214
ld2_ols_characteristics_core_full_raw_fixed504_recent,ols,characteristics_core,504,rank_ic,0.1780716854877358,0.021859986057648585,8.146010936060517,3.7612613326935796e-16,0.13522690011219685,0.22091647086327476,2266,2266,0,62,full,fixed504,recent,raw,63,f_cumret63,2993214
ld2_ols_characteristics_core_full_raw_fixed504_recent,ols,characteristics_core,504,ew_spread_bp,509.86040211514825,315.34053034112037,1.6168565504840293,0.10590924918454879,-108.19568021920787,1127.9164844495044,2266,2266,0,62,full,fixed504,recent,raw,63,f_cumret63,2993214
ld2_ols_characteristics_core_full_raw_fixed504_recent,ols,characteristics_core,504,cap_spread_bp,374.3225714389652,264.78967306890877,1.4136600083400974,0.15746175278581698,-144.6556512542315,893.3007941321619,2266,2266,0,62,full,fixed504,recent,raw,63,f_cumret63,2993214
ld2_ols_characteristics_core_full_raw_fixed504_union,ols,characteristics_core,504,rank_ic,0.18143174265155543,0.02220238836777265,8.17172187272016,3.04018763836439e-16,0.13791586107995,0.22494762422316086,2266,2266,0,62,full,fixed504,union,raw,63,f_cumret63,2993214
ld2_ols_characteristics_core_full_raw_fixed504_union,ols,characteristics_core,504,ew_spread_bp,531.85474252452,315.36532215048055,1.686471863481359,0.09170495001619723,-86.24993086329357,1149.9594159123335,2266,2266,0,62,full,fixed504,union,raw,63,f_cumret63,2993214
ld2_ols_characteristics_core_full_raw_fixed504_union,ols,characteristics_core,504,cap_spread_bp,416.2690778392336,266.66245040776937,1.5610337233558451,0.1185157941832202,-106.37972098919266,938.9178766676598,2266,2266,0,62,full,fixed504,union,raw,63,f_cumret63,2993214
ld2_ridge_characteristics_core_full_raw_fixed504_retain,ridge,characteristics_core,504,rank_ic,0.18780846295584955,0.02342161428702443,8.018596013678502,1.0696065927335739e-15,0.1419029424934929,0.2337139834182062,2266,2266,0,62,full,fixed504,retain,raw,63,f_cumret63,2993214
ld2_ridge_characteristics_core_full_raw_fixed504_retain,ridge,characteristics_core,504,ew_spread_bp,507.3000043350576,349.4975360048435,1.451512391572418,0.14663723425374023,-177.70257891992645,1192.3025875900416,2266,2266,0,62,full,fixed504,retain,raw,63,f_cumret63,2993214
ld2_ridge_characteristics_core_full_raw_fixed504_retain,ridge,characteristics_core,504,cap_spread_bp,422.06409964945004,309.5906455685995,1.3632973272634898,0.1727888240333224,-184.72241561550987,1028.85061491441,2266,2266,0,62,full,fixed504,retain,raw,63,f_cumret63,2993214
ld2_ridge_characteristics_core_full_raw_fixed504_recent,ridge,characteristics_core,504,rank_ic,0.1853267765721277,0.022797700323785332,8.129187327669724,4.321779975134093e-16,0.14064410500717134,0.23000944813708407,2266,2266,0,62,full,fixed504,recent,raw,63,f_cumret63,2993214
ld2_ridge_characteristics_core_full_raw_fixed504_recent,ridge,characteristics_core,504,ew_spread_bp,508.0039425721491,337.56768542383907,1.50489506107291,0.1323510582970288,-153.61656320312198,1169.6244483474202,2266,2266,0,62,full,fixed504,recent,raw,63,f_cumret63,2993214
ld2_ridge_characteristics_core_full_raw_fixed504_recent,ridge,characteristics_core,504,cap_spread_bp,398.80908058588415,295.4700103907256,1.3497447001761849,0.17709788865813936,-180.30149829161354,977.9196594633818,2266,2266,0,62,full,fixed504,recent,raw,63,f_cumret63,2993214
ld2_ridge_characteristics_core_full_raw_fixed504_union,ridge,characteristics_core,504,rank_ic,0.1876300465929942,0.02313957111484153,8.10862248318206,5.119684044885895e-16,0.14227732059020146,0.23298277259578695,2266,2266,0,62,full,fixed504,union,raw,63,f_cumret63,2993214
ld2_ridge_characteristics_core_full_raw_fixed504_union,ridge,characteristics_core,504,ew_spread_bp,518.4752174517926,339.59879721746444,1.5267286624686818,0.12682849701297558,-147.12619428755886,1184.076629191144,2266,2266,0,62,full,fixed504,union,raw,63,f_cumret63,2993214
ld2_ridge_characteristics_core_full_raw_fixed504_union,ridge,characteristics_core,504,cap_spread_bp,437.75423690463964,295.8807319052558,1.4794955862310537,0.13900791012917016,-142.16134134901307,1017.6698151582923,2266,2266,0,62,full,fixed504,union,raw,63,f_cumret63,2993214
ld2_lasso_characteristics_core_full_raw_fixed504_retain,lasso,characteristics_core,504,rank_ic,0.18641834571933233,0.02319127984523997,8.038294866145339,9.109720483082102e-16,0.14096427246727233,0.23187241897139232,2266,2266,0,62,full,fixed504,retain,raw,63,f_cumret63,2993214
ld2_lasso_characteristics_core_full_raw_fixed504_retain,lasso,characteristics_core,504,ew_spread_bp,514.923579260163,337.10805053236345,1.5274733974670496,0.1266433373773104,-145.79605868177794,1175.643217202104,2266,2266,0,62,full,fixed504,retain,raw,63,f_cumret63,2993214
ld2_lasso_characteristics_core_full_raw_fixed504_retain,lasso,characteristics_core,504,cap_spread_bp,411.1831436472683,295.3548883934091,1.392166372745378,0.16387202312873794,-167.70180026166082,990.0680875561975,2266,2266,0,62,full,fixed504,retain,raw,63,f_cumret63,2993214
ld2_lasso_characteristics_core_full_raw_fixed504_recent,lasso,characteristics_core,504,rank_ic,0.1827906829888869,0.02251364991500255,8.119104795490296,4.696348690894827e-16,0.13866473999493867,0.22691662598283513,2266,2266,0,62,full,fixed504,recent,raw,63,f_cumret63,2993214
ld2_lasso_characteristics_core_full_raw_fixed504_recent,lasso,characteristics_core,504,ew_spread_bp,499.51498855771143,329.74023838817436,1.5148742264499613,0.12980425848347132,-146.7640029367621,1145.793980052185,2266,2266,0,62,full,fixed504,recent,raw,63,f_cumret63,2993214
ld2_lasso_characteristics_core_full_raw_fixed504_recent,lasso,characteristics_core,504,cap_spread_bp,386.3765618025193,277.55692599394274,1.3920624045639969,0.1639035015514011,-157.6250168052576,930.3781404102962,2266,2266,0,62,full,fixed504,recent,raw,63,f_cumret63,2993214
ld2_lasso_characteristics_core_full_raw_fixed504_union,lasso,characteristics_core,504,rank_ic,0.18593915722364268,0.022909558531692853,8.11622611437127,4.809042959928121e-16,0.14103724759981237,0.230841066847473,2266,2266,0,62,full,fixed504,union,raw,63,f_cumret63,2993214
ld2_lasso_characteristics_core_full_raw_fixed504_union,lasso,characteristics_core,504,ew_spread_bp,511.11730662258265,332.08760645278045,1.5391038289026255,0.12377895045515563,-139.7624417369783,1161.9970549821437,2266,2266,0,62,full,fixed504,union,raw,63,f_cumret63,2993214
ld2_lasso_characteristics_core_full_raw_fixed504_union,lasso,characteristics_core,504,cap_spread_bp,424.82111381541114,282.0242758587039,1.5063281787424903,0.13198294781376238,-127.93630963363756,977.5785372644598,2266,2266,0,62,full,fixed504,union,raw,63,f_cumret63,2993214
ld2_enet_characteristics_core_full_raw_fixed504_retain,enet,characteristics_core,504,rank_ic,0.18713529312282146,0.02331050566662502,8.027937952060547,9.912458789654275e-16,0.14144754155481956,0.23282304469082335,2266,2266,0,62,full,fixed504,retain,raw,63,f_cumret63,2993214
ld2_enet_characteristics_core_full_raw_fixed504_retain,enet,characteristics_core,504,ew_spread_bp,520.7137291966161,338.0242494639966,1.540462644388115,0.12344762167445164,-141.80162565399996,1183.2290840472322,2266,2266,0,62,full,fixed504,retain,raw,63,f_cumret63,2993214
ld2_enet_characteristics_core_full_raw_fixed504_retain,enet,characteristics_core,504,cap_spread_bp,426.41502610587634,296.39717931745236,1.4386608775691825,0.15024662890417279,-154.51277047559051,1007.3428226873432,2266,2266,0,62,full,fixed504,retain,raw,63,f_cumret63,2993214
ld2_enet_characteristics_core_full_raw_fixed504_recent,enet,characteristics_core,504,rank_ic,0.1834833056796062,0.022618773303182675,8.111991893644753,4.97966237100303e-16,0.13915132463089208,0.2278152867283203,2266,2266,0,62,full,fixed504,recent,raw,63,f_cumret63,2993214
ld2_enet_characteristics_core_full_raw_fixed504_recent,enet,characteristics_core,504,ew_spread_bp,503.5054201330066,330.1377109457684,1.5251375515101857,0.1272247927056342,-143.55260325919426,1150.5634435252075,2266,2266,0,62,full,fixed504,recent,raw,63,f_cumret63,2993214
ld2_enet_characteristics_core_full_raw_fixed504_recent,enet,characteristics_core,504,cap_spread_bp,399.4976095866182,276.4787029318166,1.4449489430841973,0.14847222737560375,-142.39069065209105,941.3859098253274,2266,2266,0,62,full,fixed504,recent,raw,63,f_cumret63,2993214
ld2_enet_characteristics_core_full_raw_fixed504_union,enet,characteristics_core,504,rank_ic,0.18645135349549927,0.023017507980285384,8.100414417372889,5.477228375510653e-16,0.14133786684027663,0.2315648401507219,2266,2266,0,62,full,fixed504,union,raw,63,f_cumret63,2993214
ld2_enet_characteristics_core_full_raw_fixed504_union,enet,characteristics_core,504,ew_spread_bp,514.8399373438906,332.35657143505546,1.5490589974523599,0.12136753831436174,-136.56697269403185,1166.246847381813,2266,2266,0,62,full,fixed504,union,raw,63,f_cumret63,2993214
ld2_enet_characteristics_core_full_raw_fixed504_union,enet,characteristics_core,504,cap_spread_bp,431.971530398361,281.38030157035024,1.5351875308526535,0.12473777030894898,-119.52372663854476,983.4667874352667,2266,2266,0,62,full,fixed504,union,raw,63,f_cumret63,2993214
ld2_group_ridge_characteristics_core_full_raw_fixed504_retain,group_ridge,characteristics_core,504,rank_ic,0.18707250083409147,0.023497193800292995,7.96148265295232,1.6998989942961354e-15,0.14101884724775934,0.2331261544204236,2266,2266,0,62,full,fixed504,retain,raw,63,f_cumret63,2993214
ld2_group_ridge_characteristics_core_full_raw_fixed504_retain,group_ridge,characteristics_core,504,ew_spread_bp,495.1080219444599,349.289249101056,1.4174728343877994,0.1563447312859732,-189.48632648064927,1179.702370369569,2266,2266,0,62,full,fixed504,retain,raw,63,f_cumret63,2993214
ld2_group_ridge_characteristics_core_full_raw_fixed504_retain,group_ridge,characteristics_core,504,cap_spread_bp,409.3165676299792,310.4666627374515,1.3183913661484514,0.18737266952976994,-199.1869097357693,1017.8200449957277,2266,2266,0,62,full,fixed504,retain,raw,63,f_cumret63,2993214
ld2_group_ridge_characteristics_core_full_raw_fixed504_recent,group_ridge,characteristics_core,504,rank_ic,0.18442413883056666,0.02285279236803597,8.070092085924665,7.024516781384524e-16,0.13963348884304433,0.229214788818089,2266,2266,0,62,full,fixed504,recent,raw,63,f_cumret63,2993214
ld2_group_ridge_characteristics_core_full_raw_fixed504_recent,group_ridge,characteristics_core,504,ew_spread_bp,498.06073016749855,337.2673356095151,1.4767535351960337,0.1397417159045081,-162.97110078893428,1159.0925611239313,2266,2266,0,62,full,fixed504,recent,raw,63,f_cumret63,2993214
ld2_group_ridge_characteristics_core_full_raw_fixed504_recent,group_ridge,characteristics_core,504,cap_spread_bp,389.0682924795018,293.8692717949335,1.3239502384958424,0.18551957171116384,-186.90489640158023,965.0414813605838,2266,2266,0,62,full,fixed504,recent,raw,63,f_cumret63,2993214
ld2_group_ridge_characteristics_core_full_raw_fixed504_union,group_ridge,characteristics_core,504,rank_ic,0.1868352972320389,0.023200023678981385,8.053237350844034,8.063232210074095e-16,0.14136408638075892,0.23230650808331887,2266,2266,0,62,full,fixed504,union,raw,63,f_cumret63,2993214
ld2_group_ridge_characteristics_core_full_raw_fixed504_union,group_ridge,characteristics_core,504,ew_spread_bp,505.90231265786275,339.24199311399053,1.4912726694418157,0.13588992139396094,-158.99977588914368,1170.8044012048692,2266,2266,0,62,full,fixed504,union,raw,63,f_cumret63,2993214
ld2_group_ridge_characteristics_core_full_raw_fixed504_union,group_ridge,characteristics_core,504,cap_spread_bp,426.73081609294746,295.4340423526402,1.4444199209229482,0.1486208904395773,-152.3092667253083,1005.7708989112032,2266,2266,0,62,full,fixed504,union,raw,63,f_cumret63,2993214
ld2_ols_characteristics_textcore_full_raw_fixed504_retain,ols,characteristics_textcore,504,rank_ic,0.16012003256082588,0.019562620885491273,8.18499900898145,2.7230589185230475e-16,0.12177800018205193,0.19846206493959984,2266,2266,0,62,full,fixed504,retain,raw,63,f_cumret63,2993214
ld2_ols_characteristics_textcore_full_raw_fixed504_retain,ols,characteristics_textcore,504,ew_spread_bp,478.7682109823375,300.77882238725726,1.5917617044391383,0.11143825788752511,-110.74744820905647,1068.2838701737314,2266,2266,0,62,full,fixed504,retain,raw,63,f_cumret63,2993214
ld2_ols_characteristics_textcore_full_raw_fixed504_retain,ols,characteristics_textcore,504,cap_spread_bp,320.04849809632736,279.90493483971267,1.1434185620185757,0.2528648493106279,-228.55509328454008,868.6520894771947,2266,2266,0,62,full,fixed504,retain,raw,63,f_cumret63,2993214
ld2_ols_characteristics_textcore_full_raw_fixed504_recent,ols,characteristics_textcore,504,rank_ic,0.16202039516725372,0.019419715742668247,8.34308788625926,7.237533577106044e-17,0.12395845172161846,0.200082338612889,2266,2266,0,62,full,fixed504,recent,raw,63,f_cumret63,2993214
ld2_ols_characteristics_textcore_full_raw_fixed504_recent,ols,characteristics_textcore,504,ew_spread_bp,518.6329327943412,293.2322476050388,1.768676320664771,0.07694790611560828,-56.09171161726647,1093.357577205949,2266,2266,0,62,full,fixed504,recent,raw,63,f_cumret63,2993214
ld2_ols_characteristics_textcore_full_raw_fixed504_recent,ols,characteristics_textcore,504,cap_spread_bp,337.72723203956457,256.7611320503276,1.3153362790648815,0.1883969105463632,-165.51533940881052,840.9698034879397,2266,2266,0,62,full,fixed504,recent,raw,63,f_cumret63,2993214
ld2_ols_characteristics_textcore_full_raw_fixed504_union,ols,characteristics_textcore,504,rank_ic,0.16555431995927608,0.01984227389177849,8.343515509473558,7.211397899769881e-17,0.12666417776001082,0.20444446215854134,2266,2266,0,62,full,fixed504,union,raw,63,f_cumret63,2993214
ld2_ols_characteristics_textcore_full_raw_fixed504_union,ols,characteristics_textcore,504,ew_spread_bp,516.452177755547,298.5800353889496,1.7296942747119146,0.08368491215803363,-68.75393810948901,1101.6582936205832,2266,2266,0,62,full,fixed504,union,raw,63,f_cumret63,2993214
ld2_ols_characteristics_textcore_full_raw_fixed504_union,ols,characteristics_textcore,504,cap_spread_bp,356.68077393456673,270.4971634263788,1.318611882714417,0.1872988990828478,-173.4839243013808,886.8454721705143,2266,2266,0,62,full,fixed504,union,raw,63,f_cumret63,2993214
ld2_ridge_characteristics_textcore_full_raw_fixed504_retain,ridge,characteristics_textcore,504,rank_ic,0.1821149945594743,0.022217787288799532,8.196810609096183,2.468488979290065e-16,0.13856893165725542,0.22566105746169318,2266,2266,0,62,full,fixed504,retain,raw,63,f_cumret63,2993214
ld2_ridge_characteristics_textcore_full_raw_fixed504_retain,ridge,characteristics_textcore,504,ew_spread_bp,528.6065850278173,335.1531002111848,1.5772092953779475,0.11474737485903934,-128.2814206930484,1185.494590748683,2266,2266,0,62,full,fixed504,retain,raw,63,f_cumret63,2993214
ld2_ridge_characteristics_textcore_full_raw_fixed504_retain,ridge,characteristics_textcore,504,cap_spread_bp,444.54292722427584,302.7165647911475,1.4685120635237727,0.14196518182258816,-148.77063729005903,1037.8564917386107,2266,2266,0,62,full,fixed504,retain,raw,63,f_cumret63,2993214
ld2_ridge_characteristics_textcore_full_raw_fixed504_recent,ridge,characteristics_textcore,504,rank_ic,0.1809072036658996,0.021741617977049182,8.320779247288232,8.738687125382092e-17,0.13829441546525462,0.2235199918665446,2266,2266,0,62,full,fixed504,recent,raw,63,f_cumret63,2993214
ld2_ridge_characteristics_textcore_full_raw_fixed504_recent,ridge,characteristics_textcore,504,ew_spread_bp,553.3201588316688,325.5293495839176,1.6997550590719606,0.08917700804692036,-84.70564226355862,1191.3459599268963,2266,2266,0,62,full,fixed504,recent,raw,63,f_cumret63,2993214
ld2_ridge_characteristics_textcore_full_raw_fixed504_recent,ridge,characteristics_textcore,504,cap_spread_bp,464.94238789106737,288.0776377882659,1.613948210144639,0.10653866030751354,-99.67940692530874,1029.5641827074435,2266,2266,0,62,full,fixed504,recent,raw,63,f_cumret63,2993214
ld2_ridge_characteristics_textcore_full_raw_fixed504_union,ridge,characteristics_textcore,504,rank_ic,0.18363331981844966,0.02221415875924583,8.26649893919656,1.3795028917203906e-16,0.14009436870347286,0.22717227093342646,2266,2266,0,62,full,fixed504,union,raw,63,f_cumret63,2993214
ld2_ridge_characteristics_textcore_full_raw_fixed504_union,ridge,characteristics_textcore,504,ew_spread_bp,551.9537614462022,330.1351736860202,1.6719023159015032,0.09454358605442795,-95.09928900827276,1199.0068119006771,2266,2266,0,62,full,fixed504,union,raw,63,f_cumret63,2993214
ld2_ridge_characteristics_textcore_full_raw_fixed504_union,ridge,characteristics_textcore,504,cap_spread_bp,476.252400419816,294.844646784722,1.6152655495473425,0.10625320072467577,-101.63248831267254,1054.1372891523047,2266,2266,0,62,full,fixed504,union,raw,63,f_cumret63,2993214
ld2_lasso_characteristics_textcore_full_raw_fixed504_retain,lasso,characteristics_textcore,504,rank_ic,0.18694338982369632,0.023157860845025597,8.072567283944645,6.883521634628291e-16,0.14155481660845584,0.2323319630389368,2266,2266,0,62,full,fixed504,retain,raw,63,f_cumret63,2993214
ld2_lasso_characteristics_textcore_full_raw_fixed504_retain,lasso,characteristics_textcore,504,ew_spread_bp,533.9345749723994,341.967207267433,1.561361918994881,0.11843838160889107,-136.30883516551307,1204.177985110312,2266,2266,0,62,full,fixed504,retain,raw,63,f_cumret63,2993214
ld2_lasso_characteristics_textcore_full_raw_fixed504_retain,lasso,characteristics_textcore,504,cap_spread_bp,361.53777934809534,321.1318654827873,1.125823433325628,0.2602402633000477,-267.86911128632914,990.9446699825198,2266,2266,0,62,full,fixed504,retain,raw,63,f_cumret63,2993214
ld2_lasso_characteristics_textcore_full_raw_fixed504_recent,lasso,characteristics_textcore,504,rank_ic,0.1838135823550965,0.0224617861246086,8.183391175366713,2.7596549674187257e-16,0.13978929052242214,0.22783787418777088,2266,2266,0,62,full,fixed504,recent,raw,63,f_cumret63,2993214
ld2_lasso_characteristics_textcore_full_raw_fixed504_recent,lasso,characteristics_textcore,504,ew_spread_bp,536.8700336815315,333.1265846266253,1.6116096957055102,0.10704689950011785,-116.04607447948854,1189.7861418425514,2266,2266,0,62,full,fixed504,recent,raw,63,f_cumret63,2993214
ld2_lasso_characteristics_textcore_full_raw_fixed504_recent,lasso,characteristics_textcore,504,cap_spread_bp,381.3201695244603,291.50272356453735,1.3081187196525037,0.19083304504067655,-190.01467005736822,952.6550091062888,2266,2266,0,62,full,fixed504,recent,raw,63,f_cumret63,2993214
ld2_lasso_characteristics_textcore_full_raw_fixed504_union,lasso,characteristics_textcore,504,rank_ic,0.1862535892713402,0.02284786051752077,8.151905038483255,3.58235561836787e-16,0.14147260553320481,0.23103457300947558,2266,2266,0,62,full,fixed504,union,raw,63,f_cumret63,2993214
ld2_lasso_characteristics_textcore_full_raw_fixed504_union,lasso,characteristics_textcore,504,ew_spread_bp,539.601287344246,336.72734683618205,1.602487271717679,0.10904789994377793,-120.3721850643982,1199.5747597528903,2266,2266,0,62,full,fixed504,union,raw,63,f_cumret63,2993214
ld2_lasso_characteristics_textcore_full_raw_fixed504_union,lasso,characteristics_textcore,504,cap_spread_bp,407.21292993893616,301.8616571324781,1.3490051496014364,0.17733531204561337,-184.42504635429924,998.8509062321716,2266,2266,0,62,full,fixed504,union,raw,63,f_cumret63,2993214
ld2_enet_characteristics_textcore_full_raw_fixed504_retain,enet,characteristics_textcore,504,rank_ic,0.18733696268532796,0.02319702884911744,8.075903336752345,6.697892590983322e-16,0.14187162159272115,0.23280230377793476,2266,2266,0,62,full,fixed504,retain,raw,63,f_cumret63,2993214
ld2_enet_characteristics_textcore_full_raw_fixed504_retain,enet,characteristics_textcore,504,ew_spread_bp,529.8384251052672,342.5553399140442,1.546723589940875,0.12192991220472918,-141.55770383813547,1201.23455404867,2266,2266,0,62,full,fixed504,retain,raw,63,f_cumret63,2993214
ld2_enet_characteristics_textcore_full_raw_fixed504_retain,enet,characteristics_textcore,504,cap_spread_bp,364.25538043279374,321.0941665684604,1.134419177793225,0.25661875835739045,-265.07762168729374,993.5883825528813,2266,2266,0,62,full,fixed504,retain,raw,63,f_cumret63,2993214
ld2_enet_characteristics_textcore_full_raw_fixed504_recent,enet,characteristics_textcore,504,rank_ic,0.18440488482232986,0.022489924743022992,8.199444281357032,2.415008236813984e-16,0.14032544231098856,0.22848432733367116,2266,2266,0,62,full,fixed504,recent,raw,63,f_cumret63,2993214
ld2_enet_characteristics_textcore_full_raw_fixed504_recent,enet,characteristics_textcore,504,ew_spread_bp,533.1862174710134,333.4026506677716,1.5992260901438415,0.10977037517552488,-120.27097018800794,1186.6434051300348,2266,2266,0,62,full,fixed504,recent,raw,63,f_cumret63,2993214
ld2_enet_characteristics_textcore_full_raw_fixed504_recent,enet,characteristics_textcore,504,cap_spread_bp,390.22589810735536,289.3066947887085,1.3488312062475842,0.17739118878691362,-176.80480416483505,957.2566003795457,2266,2266,0,62,full,fixed504,recent,raw,63,f_cumret63,2993214
ld2_enet_characteristics_textcore_full_raw_fixed504_union,enet,characteristics_textcore,504,rank_ic,0.18676745733509212,0.02288164723511329,8.162325702167369,3.286346044951811e-16,0.14192025284731957,0.23161466182286466,2266,2266,0,62,full,fixed504,union,raw,63,f_cumret63,2993214
ld2_enet_characteristics_textcore_full_raw_fixed504_union,enet,characteristics_textcore,504,ew_spread_bp,534.530871565816,336.75988826787477,1.5872759499807911,0.11245015973320702,-125.5063808769512,1194.5681240085833,2266,2266,0,62,full,fixed504,union,raw,63,f_cumret63,2993214
ld2_enet_characteristics_textcore_full_raw_fixed504_union,enet,characteristics_textcore,504,cap_spread_bp,414.05984169710956,299.34993431249853,1.3831967013724566,0.16660456090406273,-172.65524832981856,1000.7749317240377,2266,2266,0,62,full,fixed504,union,raw,63,f_cumret63,2993214
ld2_group_ridge_characteristics_textcore_full_raw_fixed504_retain,group_ridge,characteristics_textcore,504,rank_ic,0.18642913484990134,0.023343340254545514,7.986394955349163,1.3894205224005784e-15,0.14067702867212808,0.2321812410276746,2266,2266,0,62,full,fixed504,retain,raw,63,f_cumret63,2993214
ld2_group_ridge_characteristics_textcore_full_raw_fixed504_retain,group_ridge,characteristics_textcore,504,ew_spread_bp,501.9839793484309,349.6035254989714,1.4358664679710385,0.15104034170962508,-183.22633949778344,1187.1942981946454,2266,2266,0,62,full,fixed504,retain,raw,63,f_cumret63,2993214
ld2_group_ridge_characteristics_textcore_full_raw_fixed504_retain,group_ridge,characteristics_textcore,504,cap_spread_bp,390.78672380218495,327.8696157997448,1.1918967326355379,0.23330173950364752,-251.82591479029952,1033.3993623946694,2266,2266,0,62,full,fixed504,retain,raw,63,f_cumret63,2993214
ld2_group_ridge_characteristics_textcore_full_raw_fixed504_recent,group_ridge,characteristics_textcore,504,rank_ic,0.18380206996325224,0.022670284398865634,8.107620827749706,5.162052686984997e-16,0.13936912902219534,0.22823501090430914,2266,2266,0,62,full,fixed504,recent,raw,63,f_cumret63,2993214
ld2_group_ridge_characteristics_textcore_full_raw_fixed504_recent,group_ridge,characteristics_textcore,504,ew_spread_bp,507.33915986140016,337.9867832413674,1.5010621273290816,0.13333949328314093,-155.10276254222583,1169.7810822650263,2266,2266,0,62,full,fixed504,recent,raw,63,f_cumret63,2993214
ld2_group_ridge_characteristics_textcore_full_raw_fixed504_recent,group_ridge,characteristics_textcore,504,cap_spread_bp,388.0573379233094,299.28107025093317,1.2966317502070595,0.19475792257705415,-198.52278102312147,974.6374568697402,2266,2266,0,62,full,fixed504,recent,raw,63,f_cumret63,2993214
ld2_group_ridge_characteristics_textcore_full_raw_fixed504_union,group_ridge,characteristics_textcore,504,rank_ic,0.1861066619889391,0.023029446980481743,8.081247550002871,6.410752461689225e-16,0.1409697753233202,0.231243548654558,2266,2266,0,62,full,fixed504,union,raw,63,f_cumret63,2993214
ld2_group_ridge_characteristics_textcore_full_raw_fixed504_union,group_ridge,characteristics_textcore,504,ew_spread_bp,514.0088983820177,340.65616764452346,1.5088788849359356,0.13132973673204637,-153.66492131268717,1181.6827180767227,2266,2266,0,62,full,fixed504,union,raw,63,f_cumret63,2993214
ld2_group_ridge_characteristics_textcore_full_raw_fixed504_union,group_ridge,characteristics_textcore,504,cap_spread_bp,423.8084195121377,305.46607212286534,1.3874156843895658,0.1653150450863975,-174.894080347593,1022.5109193718683,2266,2266,0,62,full,fixed504,union,raw,63,f_cumret63,2993214
ld2_ols_characteristics_textcore_pca_raw_fixed504_retain,ols,characteristics_textcore,504,rank_ic,0.17948569104374928,0.02172130820671544,8.263116076418399,1.419181134031925e-16,0.1369127092614927,0.22205867282600586,2266,2266,0,62,pca,fixed504,retain,raw,63,f_cumret63,2993214
ld2_ols_characteristics_textcore_pca_raw_fixed504_retain,ols,characteristics_textcore,504,ew_spread_bp,552.5453144975947,323.6685735041199,1.7071330358570063,0.08779732802807555,-81.8334324979354,1186.924061493125,2266,2266,0,62,pca,fixed504,retain,raw,63,f_cumret63,2993214
ld2_ols_characteristics_textcore_pca_raw_fixed504_retain,ols,characteristics_textcore,504,cap_spread_bp,411.9840598030087,289.1832981153847,1.4246467983729347,0.15425932501299028,-154.80478943365495,978.7729090396723,2266,2266,0,62,pca,fixed504,retain,raw,63,f_cumret63,2993214
ld2_ols_characteristics_textcore_pca_raw_fixed504_recent,ols,characteristics_textcore,504,rank_ic,0.1768886104510361,0.021275681206985548,8.314122059365948,9.243397930186121e-17,0.13518904153878875,0.21858817936328345,2266,2266,0,62,pca,fixed504,recent,raw,63,f_cumret63,2993214
ld2_ols_characteristics_textcore_pca_raw_fixed504_recent,ols,characteristics_textcore,504,ew_spread_bp,547.53117691743,314.03196651139194,1.7435523618821385,0.08123717625395065,-67.96016743918653,1163.0225212740465,2266,2266,0,62,pca,fixed504,recent,raw,63,f_cumret63,2993214
ld2_ols_characteristics_textcore_pca_raw_fixed504_recent,ols,characteristics_textcore,504,cap_spread_bp,382.9912493272865,267.03033071906134,1.4342612252921407,0.15149773099904199,-140.37858166189335,906.3610803164663,2266,2266,0,62,pca,fixed504,recent,raw,63,f_cumret63,2993214
ld2_ols_characteristics_textcore_pca_raw_fixed504_union,ols,characteristics_textcore,504,rank_ic,0.18019304393418029,0.02162364687899466,8.33314773139497,7.872083284317574e-17,0.1378114748369388,0.22257461303142176,2266,2266,0,62,pca,fixed504,union,raw,63,f_cumret63,2993214
ld2_ols_characteristics_textcore_pca_raw_fixed504_union,ols,characteristics_textcore,504,ew_spread_bp,565.2242991834744,316.51218176694715,1.7857900319288749,0.07413326130191543,-55.12817774793723,1185.576776114886,2266,2266,0,62,pca,fixed504,union,raw,63,f_cumret63,2993214
ld2_ols_characteristics_textcore_pca_raw_fixed504_union,ols,characteristics_textcore,504,cap_spread_bp,417.9322931589342,271.2221847635257,1.5409222277422574,0.12333571532058588,-113.65342078584439,949.5180071037128,2266,2266,0,62,pca,fixed504,union,raw,63,f_cumret63,2993214
ld2_ridge_characteristics_textcore_pca_raw_fixed504_retain,ridge,characteristics_textcore,504,rank_ic,0.1873918875117904,0.02321596969679726,8.0716803975516,6.933717979008439e-16,0.1418894230398945,0.2328943519836863,2266,2266,0,62,pca,fixed504,retain,raw,63,f_cumret63,2993214
ld2_ridge_characteristics_textcore_pca_raw_fixed504_retain,ridge,characteristics_textcore,504,ew_spread_bp,529.1444777143911,350.7093544918809,1.508783472516816,0.1313541257179823,-158.23322613098605,1216.5221815597683,2266,2266,0,62,pca,fixed504,retain,raw,63,f_cumret63,2993214
ld2_ridge_characteristics_textcore_pca_raw_fixed504_retain,ridge,characteristics_textcore,504,cap_spread_bp,422.3822987793369,315.7956106564123,1.3375179531513237,0.18105362602805142,-196.56572458306448,1041.3303221417382,2266,2266,0,62,pca,fixed504,retain,raw,63,f_cumret63,2993214
ld2_ridge_characteristics_textcore_pca_raw_fixed504_recent,ridge,characteristics_textcore,504,rank_ic,0.18542016928332722,0.02263708978896353,8.190989699291066,2.5908676644684394e-16,0.1410522885821593,0.22978804998449515,2266,2266,0,62,pca,fixed504,recent,raw,63,f_cumret63,2993214
ld2_ridge_characteristics_textcore_pca_raw_fixed504_recent,ridge,characteristics_textcore,504,ew_spread_bp,537.5244410469991,342.6252451906287,1.568840733694136,0.1166850543712596,-134.00869972083854,1209.0575818148368,2266,2266,0,62,pca,fixed504,recent,raw,63,f_cumret63,2993214
ld2_ridge_characteristics_textcore_pca_raw_fixed504_recent,ridge,characteristics_textcore,504,cap_spread_bp,421.7503236497525,298.369477236763,1.4135169842292012,0.1575037711032895,-163.0431058203464,1006.5437531198513,2266,2266,0,62,pca,fixed504,recent,raw,63,f_cumret63,2993214
ld2_ridge_characteristics_textcore_pca_raw_fixed504_union,ridge,characteristics_textcore,504,rank_ic,0.18734541297603075,0.022954984115526624,8.161426382748457,3.3109115955009365e-16,0.14235447084390954,0.23233635510815195,2266,2266,0,62,pca,fixed504,union,raw,63,f_cumret63,2993214
ld2_ridge_characteristics_textcore_pca_raw_fixed504_union,ridge,characteristics_textcore,504,ew_spread_bp,540.1252459938237,343.42685647656623,1.5727519144405622,0.11577627383989518,-132.97902402405236,1213.2295160116996,2266,2266,0,62,pca,fixed504,union,raw,63,f_cumret63,2993214
ld2_ridge_characteristics_textcore_pca_raw_fixed504_union,ridge,characteristics_textcore,504,cap_spread_bp,460.3531704809853,300.1976912838365,1.5335000363001527,0.1251526977149075,-128.0234926774079,1048.7298336393785,2266,2266,0,62,pca,fixed504,union,raw,63,f_cumret63,2993214
ld2_lasso_characteristics_textcore_pca_raw_fixed504_retain,lasso,characteristics_textcore,504,rank_ic,0.1862308404611385,0.023060965668219725,8.075587255991751,6.715266712502095e-16,0.14103217830271317,0.23142950261956383,2266,2266,0,62,pca,fixed504,retain,raw,63,f_cumret63,2993214
ld2_lasso_characteristics_textcore_pca_raw_fixed504_retain,lasso,characteristics_textcore,504,ew_spread_bp,528.5355539670503,343.510891512196,1.538628227012957,0.1238950833838785,-144.73342169409955,1201.8045296282003,2266,2266,0,62,pca,fixed504,retain,raw,63,f_cumret63,2993214
ld2_lasso_characteristics_textcore_pca_raw_fixed504_retain,lasso,characteristics_textcore,504,cap_spread_bp,402.6509778565132,299.13583817785445,1.3460472683888605,0.17828727296914604,-183.6444914572832,988.9464471703095,2266,2266,0,62,pca,fixed504,retain,raw,63,f_cumret63,2993214
ld2_lasso_characteristics_textcore_pca_raw_fixed504_recent,lasso,characteristics_textcore,504,rank_ic,0.18238458710612326,0.022362421135310402,8.155851551249826,3.4672811633738317e-16,0.13855504707379757,0.22621412713844896,2266,2266,0,62,pca,fixed504,recent,raw,63,f_cumret63,2993214
ld2_lasso_characteristics_textcore_pca_raw_fixed504_recent,lasso,characteristics_textcore,504,ew_spread_bp,515.4410639992668,336.07995002473587,1.533685850528512,0.12510695637905106,-143.26353397523678,1174.1456619737705,2266,2266,0,62,pca,fixed504,recent,raw,63,f_cumret63,2993214
ld2_lasso_characteristics_textcore_pca_raw_fixed504_recent,lasso,characteristics_textcore,504,cap_spread_bp,390.2329899653843,280.3131793078937,1.3921321535037625,0.16388238317775472,-159.17074587000565,939.6367258007742,2266,2266,0,62,pca,fixed504,recent,raw,63,f_cumret63,2993214
ld2_lasso_characteristics_textcore_pca_raw_fixed504_union,lasso,characteristics_textcore,504,rank_ic,0.1853457795509244,0.022754690048083986,8.145388012724483,3.7806760112080133e-16,0.1407474065773078,0.229944152524541,2266,2266,0,62,pca,fixed504,union,raw,63,f_cumret63,2993214
ld2_lasso_characteristics_textcore_pca_raw_fixed504_union,lasso,characteristics_textcore,504,ew_spread_bp,529.1748956856483,337.57859372534824,1.5675605785483588,0.11698371820985551,-132.4669899677134,1190.81678133901,2266,2266,0,62,pca,fixed504,union,raw,63,f_cumret63,2993214
ld2_lasso_characteristics_textcore_pca_raw_fixed504_union,lasso,characteristics_textcore,504,cap_spread_bp,412.2190570420256,287.8071780820285,1.4322751079006732,0.1520651040095601,-151.8726464908558,976.310760574907,2266,2266,0,62,pca,fixed504,union,raw,63,f_cumret63,2993214
ld2_enet_characteristics_textcore_pca_raw_fixed504_retain,enet,characteristics_textcore,504,rank_ic,0.18660998176628188,0.02312121553741473,8.070941662401346,6.975804390068222e-16,0.1412932320341611,0.23192673149840265,2266,2266,0,62,pca,fixed504,retain,raw,63,f_cumret63,2993214
ld2_enet_characteristics_textcore_pca_raw_fixed504_retain,enet,characteristics_textcore,504,ew_spread_bp,531.8977089669429,343.8463998631512,1.546904981929824,0.1218861595711963,-142.02885097859155,1205.8242689124772,2266,2266,0,62,pca,fixed504,retain,raw,63,f_cumret63,2993214
ld2_enet_characteristics_textcore_pca_raw_fixed504_retain,enet,characteristics_textcore,504,cap_spread_bp,395.69477782386366,299.50434048996624,1.3211654200955392,0.18644621364485503,-191.32294274989158,982.7124983976189,2266,2266,0,62,pca,fixed504,retain,raw,63,f_cumret63,2993214
ld2_enet_characteristics_textcore_pca_raw_fixed504_recent,enet,characteristics_textcore,504,rank_ic,0.18272454937882285,0.02241566277768528,8.151646069583299,3.590037009552662e-16,0.13879065764496462,0.22665844111268107,2266,2266,0,62,pca,fixed504,recent,raw,63,f_cumret63,2993214
ld2_enet_characteristics_textcore_pca_raw_fixed504_recent,enet,characteristics_textcore,504,ew_spread_bp,517.5429553511357,336.5694411067608,1.5377003736562334,0.12412189225570042,-142.12102751489022,1177.2069382171617,2266,2266,0,62,pca,fixed504,recent,raw,63,f_cumret63,2993214
ld2_enet_characteristics_textcore_pca_raw_fixed504_recent,enet,characteristics_textcore,504,cap_spread_bp,397.64098000844007,279.5553807804614,1.4224050307967882,0.1549087035299205,-150.2774980056451,945.5594580225252,2266,2266,0,62,pca,fixed504,recent,raw,63,f_cumret63,2993214
ld2_enet_characteristics_textcore_pca_raw_fixed504_union,enet,characteristics_textcore,504,rank_ic,0.18563985904123623,0.022809357952071754,8.13875863719236,3.9935118787809246e-16,0.14093433894469332,0.23034537913777914,2266,2266,0,62,pca,fixed504,union,raw,63,f_cumret63,2993214
ld2_enet_characteristics_textcore_pca_raw_fixed504_union,enet,characteristics_textcore,504,ew_spread_bp,529.7633917168681,337.82528081772296,1.568157925998165,0.11684428073544954,-132.36199175299885,1191.888775186735,2266,2266,0,62,pca,fixed504,union,raw,63,f_cumret63,2993214
ld2_enet_characteristics_textcore_pca_raw_fixed504_union,enet,characteristics_textcore,504,cap_spread_bp,411.56461405479905,285.4516143515779,1.4418016692240299,0.14935833186114345,-147.91026940311048,971.0394975127085,2266,2266,0,62,pca,fixed504,union,raw,63,f_cumret63,2993214
ld2_group_ridge_characteristics_textcore_pca_raw_fixed504_retain,group_ridge,characteristics_textcore,504,rank_ic,0.1866463764453487,0.023353992339074512,7.992054366356157,1.3270848800604387e-15,0.14087339256553832,0.23241936032515909,2266,2266,0,62,pca,fixed504,retain,raw,63,f_cumret63,2993214
ld2_group_ridge_characteristics_textcore_pca_raw_fixed504_retain,group_ridge,characteristics_textcore,504,ew_spread_bp,500.39632322443856,351.5100325662319,1.4235619950055147,0.15457330399669664,-188.55068080987758,1189.3433272587547,2266,2266,0,62,pca,fixed504,retain,raw,63,f_cumret63,2993214
ld2_group_ridge_characteristics_textcore_pca_raw_fixed504_retain,group_ridge,characteristics_textcore,504,cap_spread_bp,380.00477392014255,316.3434605254925,1.2012411234577107,0.22965768159900668,-240.017015454591,1000.026563294876,2266,2266,0,62,pca,fixed504,retain,raw,63,f_cumret63,2993214
ld2_group_ridge_characteristics_textcore_pca_raw_fixed504_recent,group_ridge,characteristics_textcore,504,rank_ic,0.18404001962314234,0.022706183326255465,8.10528202731167,5.262330621495705e-16,0.13953671807731774,0.22854332116896695,2266,2266,0,62,pca,fixed504,recent,raw,63,f_cumret63,2993214
ld2_group_ridge_characteristics_textcore_pca_raw_fixed504_recent,group_ridge,characteristics_textcore,504,ew_spread_bp,503.1394417651013,342.9589564839402,1.4670543872752362,0.14236126086260067,-169.0477611188611,1175.3266446490638,2266,2266,0,62,pca,fixed504,recent,raw,63,f_cumret63,2993214
ld2_group_ridge_characteristics_textcore_pca_raw_fixed504_recent,group_ridge,characteristics_textcore,504,cap_spread_bp,377.796171347909,297.2500641573273,1.270970865620909,0.20373901353165202,-204.80324880267295,960.3955914984911,2266,2266,0,62,pca,fixed504,recent,raw,63,f_cumret63,2993214
ld2_group_ridge_characteristics_textcore_pca_raw_fixed504_union,group_ridge,characteristics_textcore,504,rank_ic,0.18632180315181668,0.023048755531834414,8.083811852421848,6.277315248415319e-16,0.1411470724209529,0.23149653388268046,2266,2266,0,62,pca,fixed504,union,raw,63,f_cumret63,2993214
ld2_group_ridge_characteristics_textcore_pca_raw_fixed504_union,group_ridge,characteristics_textcore,504,ew_spread_bp,514.7450613778971,343.8715496477149,1.4969108724034788,0.1344164508086036,-159.23079123960133,1188.7209139953954,2266,2266,0,62,pca,fixed504,union,raw,63,f_cumret63,2993214
ld2_group_ridge_characteristics_textcore_pca_raw_fixed504_union,group_ridge,characteristics_textcore,504,cap_spread_bp,436.5164000794181,300.0567128386658,1.454779651319195,0.14573027332055458,-151.58395040384414,1024.6167505626804,2266,2266,0,62,pca,fixed504,union,raw,63,f_cumret63,2993214
ld2_ols_characteristics_full_dgtw_fixed504_retain,ols,characteristics,504,rank_ic,0.06920342588662773,0.0025018560732353347,27.66083414108457,2.0674404797958663e-168,0.06429987808858367,0.07410697368467178,2266,2266,0,5,full,fixed504,retain,dgtw,3,ar_dgtw_3,2747782
ld2_ols_characteristics_full_dgtw_fixed504_retain,ols,characteristics,504,ew_spread_bp,40.829913924840454,8.837797539967271,4.619919582927181,3.83888805796197e-06,23.508149043847915,58.151678805832994,2266,2266,0,5,full,fixed504,retain,dgtw,3,ar_dgtw_3,2747782
ld2_ols_characteristics_full_dgtw_fixed504_retain,ols,characteristics,504,cap_spread_bp,17.183271164101402,9.800962060750924,1.753222903791637,0.07956375304690434,-2.02626148881388,36.392803817016684,2266,2266,0,5,full,fixed504,retain,dgtw,3,ar_dgtw_3,2747782
ld2_ols_characteristics_full_dgtw_fixed504_recent,ols,characteristics,504,rank_ic,0.06921444187044248,0.0024581215771043744,28.15745263176768,1.9423062855045177e-174,0.06439661210969712,0.07403227163118785,2266,2266,0,5,full,fixed504,recent,dgtw,3,ar_dgtw_3,2747782
ld2_ols_characteristics_full_dgtw_fixed504_recent,ols,characteristics,504,ew_spread_bp,41.2870009468556,8.633080637053402,4.782418082561484,1.7319897738804016e-06,24.366473822600828,58.207528071110374,2266,2266,0,5,full,fixed504,recent,dgtw,3,ar_dgtw_3,2747782
ld2_ols_characteristics_full_dgtw_fixed504_recent,ols,characteristics,504,cap_spread_bp,18.328352938803892,8.841551142590134,2.0729793498015776,0.03817420141989427,0.9992311318582665,35.65747474574952,2266,2266,0,5,full,fixed504,recent,dgtw,3,ar_dgtw_3,2747782
ld2_ols_characteristics_full_dgtw_fixed504_union,ols,characteristics,504,rank_ic,0.06979802411488369,0.0024994567876631857,27.92527738802793,1.31638640659614e-171,0.06489917883014966,0.07469686939961771,2266,2266,0,5,full,fixed504,union,dgtw,3,ar_dgtw_3,2747782
ld2_ols_characteristics_full_dgtw_fixed504_union,ols,characteristics,504,ew_spread_bp,42.65825613618814,8.824292616262452,4.834184222038654,1.3369273788872715e-06,25.36296041927101,59.95355185310528,2266,2266,0,5,full,fixed504,union,dgtw,3,ar_dgtw_3,2747782
ld2_ols_characteristics_full_dgtw_fixed504_union,ols,characteristics,504,cap_spread_bp,19.252781343992808,9.42927937199378,2.0418083487033103,0.04117054579285448,0.77173337471854,37.73382931326708,2266,2266,0,5,full,fixed504,union,dgtw,3,ar_dgtw_3,2747782
ld2_ridge_characteristics_full_dgtw_fixed504_retain,ridge,characteristics,504,rank_ic,0.07049004209925608,0.002532849586567481,27.830330894138967,1.8637716128711376e-170,0.06552574813132665,0.0754543360671855,2266,2266,0,5,full,fixed504,retain,dgtw,3,ar_dgtw_3,2747782
ld2_ridge_characteristics_full_dgtw_fixed504_retain,ridge,characteristics,504,ew_spread_bp,30.807596469781302,9.066349095802218,3.3980156890324715,0.0006787652736023095,13.03787877074167,48.577314168820934,2266,2266,0,5,full,fixed504,retain,dgtw,3,ar_dgtw_3,2747782
ld2_ridge_characteristics_full_dgtw_fixed504_retain,ridge,characteristics,504,cap_spread_bp,19.066063812285485,9.287122781118118,2.0529570095755787,0.04007674713041485,0.8636376412925095,37.26848998327846,2266,2266,0,5,full,fixed504,retain,dgtw,3,ar_dgtw_3,2747782
ld2_ridge_characteristics_full_dgtw_fixed504_recent,ridge,characteristics,504,rank_ic,0.0700891101691173,0.002518920664009809,27.82505664848695,2.158819020132244e-170,0.06515211638774436,0.07502610395049024,2266,2266,0,5,full,fixed504,recent,dgtw,3,ar_dgtw_3,2747782
ld2_ridge_characteristics_full_dgtw_fixed504_recent,ridge,characteristics,504,ew_spread_bp,31.492189531249945,8.83671716275719,3.563788333519991,0.00036554075529785185,14.172542150678883,48.811836911821004,2266,2266,0,5,full,fixed504,recent,dgtw,3,ar_dgtw_3,2747782
ld2_ridge_characteristics_full_dgtw_fixed504_recent,ridge,characteristics,504,cap_spread_bp,19.638715282959904,8.954530576006887,2.1931596655195564,0.028295877444921597,2.0881578555237006,37.18927271039611,2266,2266,0,5,full,fixed504,recent,dgtw,3,ar_dgtw_3,2747782
ld2_ridge_characteristics_full_dgtw_fixed504_union,ridge,characteristics,504,rank_ic,0.07064447502489879,0.0025421774054281364,27.78896345866992,5.897329772824976e-170,0.06566189886794817,0.07562705118184941,2266,2266,0,5,full,fixed504,union,dgtw,3,ar_dgtw_3,2747782
ld2_ridge_characteristics_full_dgtw_fixed504_union,ridge,characteristics,504,ew_spread_bp,32.90491223910329,8.953619911380175,3.6750401027500277,0.00023781205756614253,15.356139681537435,50.453684796669144,2266,2266,0,5,full,fixed504,union,dgtw,3,ar_dgtw_3,2747782
ld2_ridge_characteristics_full_dgtw_fixed504_union,ridge,characteristics,504,cap_spread_bp,20.36235247985859,9.134283386364304,2.2292227664247415,0.02579908647344122,2.4594860180019893,38.26521894171519,2266,2266,0,5,full,fixed504,union,dgtw,3,ar_dgtw_3,2747782
ld2_lasso_characteristics_full_dgtw_fixed504_retain,lasso,characteristics,504,rank_ic,0.07030051720098503,0.002533855118744873,27.744489683296447,2.030746176690204e-169,0.06533425242620261,0.07526678197576744,2266,2266,0,5,full,fixed504,retain,dgtw,3,ar_dgtw_3,2747782
ld2_lasso_characteristics_full_dgtw_fixed504_retain,lasso,characteristics,504,ew_spread_bp,33.966455935232126,8.506913694756333,3.9928059874604194,6.52959919077315e-05,17.29321147391915,50.6397003965451,2266,2266,0,5,full,fixed504,retain,dgtw,3,ar_dgtw_3,2747782
ld2_lasso_characteristics_full_dgtw_fixed504_retain,lasso,characteristics,504,cap_spread_bp,13.905132272722188,9.41003284818249,1.4776922139445994,0.13949017936129043,-4.538193203054359,32.34845774849873,2266,2266,0,5,full,fixed504,retain,dgtw,3,ar_dgtw_3,2747782
ld2_lasso_characteristics_full_dgtw_fixed504_recent,lasso,characteristics,504,rank_ic,0.0699415866952205,0.0025243021581271325,27.707295844136425,5.70289370010195e-169,0.06499404537919459,0.07488912801124642,2266,2266,0,5,full,fixed504,recent,dgtw,3,ar_dgtw_3,2747782
ld2_lasso_characteristics_full_dgtw_fixed504_recent,lasso,characteristics,504,ew_spread_bp,35.34399505049573,8.31157160501217,4.252384113394638,2.1150667337588095e-05,19.053614049746102,51.634376051245354,2266,2266,0,5,full,fixed504,recent,dgtw,3,ar_dgtw_3,2747782
ld2_lasso_characteristics_full_dgtw_fixed504_recent,lasso,characteristics,504,cap_spread_bp,18.44316693005728,9.090317548890143,2.028880380785933,0.042470475524479794,0.6264719262001783,36.25986193391438,2266,2266,0,5,full,fixed504,recent,dgtw,3,ar_dgtw_3,2747782
ld2_lasso_characteristics_full_dgtw_fixed504_union,lasso,characteristics,504,rank_ic,0.07055162688834869,0.0025498588098512016,27.6688366492205,1.6563804555624385e-168,0.06555399545537817,0.07554925832131922,2266,2266,0,5,full,fixed504,union,dgtw,3,ar_dgtw_3,2747782
ld2_lasso_characteristics_full_dgtw_fixed504_union,lasso,characteristics,504,ew_spread_bp,36.9780988214162,8.325458515087089,4.441569044444321,8.930528176576986e-06,20.660499977063186,53.29569766576921,2266,2266,0,5,full,fixed504,union,dgtw,3,ar_dgtw_3,2747782
ld2_lasso_characteristics_full_dgtw_fixed504_union,lasso,characteristics,504,cap_spread_bp,17.573231318192658,9.566431733357831,1.8369682456328393,0.0662145832816991,-1.1766303397497708,36.32309297613509,2266,2266,0,5,full,fixed504,union,dgtw,3,ar_dgtw_3,2747782
ld2_enet_characteristics_full_dgtw_fixed504_retain,enet,characteristics,504,rank_ic,0.07047830875217104,0.0025391691929745113,27.756444488683,1.4567707659356936e-169,0.06550162858328736,0.07545498892105472,2266,2266,0,5,full,fixed504,retain,dgtw,3,ar_dgtw_3,2747782
ld2_enet_characteristics_full_dgtw_fixed504_retain,enet,characteristics,504,ew_spread_bp,34.63495628848957,8.513999941726889,4.068000531541534,4.741827324153806e-05,17.94782303832875,51.32208953865039,2266,2266,0,5,full,fixed504,retain,dgtw,3,ar_dgtw_3,2747782
ld2_enet_characteristics_full_dgtw_fixed504_retain,enet,characteristics,504,cap_spread_bp,17.273500684973776,9.542462509459805,1.8101722346668798,0.07026908190504372,-1.4293821573911458,35.9763835273387,2266,2266,0,5,full,fixed504,retain,dgtw,3,ar_dgtw_3,2747782
ld2_enet_characteristics_full_dgtw_fixed504_recent,enet,characteristics,504,rank_ic,0.07006363989695134,0.002531003654872057,27.682156745243056,1.145125745954927e-168,0.06510296388866287,0.07502431590523982,2266,2266,0,5,full,fixed504,recent,dgtw,3,ar_dgtw_3,2747782
ld2_enet_characteristics_full_dgtw_fixed504_recent,enet,characteristics,504,ew_spread_bp,35.93270500250024,8.308708073198119,4.324704236319296,1.5273664248407954e-05,19.64793642097474,52.21747358402574,2266,2266,0,5,full,fixed504,recent,dgtw,3,ar_dgtw_3,2747782
ld2_enet_characteristics_full_dgtw_fixed504_recent,enet,characteristics,504,cap_spread_bp,21.297601238142363,9.053097942906536,2.3525208025425024,0.018646646737798752,3.553855321531902,39.04134715475283,2266,2266,0,5,full,fixed504,recent,dgtw,3,ar_dgtw_3,2747782
ld2_enet_characteristics_full_dgtw_fixed504_union,enet,characteristics,504,rank_ic,0.07067948153424748,0.0025532661691160456,27.681987248010692,1.1505183667127865e-168,0.06567517179983548,0.07568379126865948,2266,2266,0,5,full,fixed504,union,dgtw,3,ar_dgtw_3,2747782
ld2_enet_characteristics_full_dgtw_fixed504_union,enet,characteristics,504,ew_spread_bp,38.01756635628585,8.33927013675291,4.558860155966704,5.14320031287969e-06,21.672897230899732,54.36223548167196,2266,2266,0,5,full,fixed504,union,dgtw,3,ar_dgtw_3,2747782
ld2_enet_characteristics_full_dgtw_fixed504_union,enet,characteristics,504,cap_spread_bp,18.9487578780147,9.691179206272494,1.9552582275798134,0.05055259897774878,-0.04560433400285646,37.94312009003225,2266,2266,0,5,full,fixed504,union,dgtw,3,ar_dgtw_3,2747782
ld2_ols_characteristics_core_full_dgtw_fixed504_retain,ols,characteristics_core,504,rank_ic,0.07061856610232632,0.0025500365718163233,27.693158162052,8.440991478505929e-169,0.06562058626230634,0.0756165459423463,2266,2266,0,5,full,fixed504,retain,dgtw,3,ar_dgtw_3,2747782
ld2_ols_characteristics_core_full_dgtw_fixed504_retain,ols,characteristics_core,504,ew_spread_bp,47.48378430289227,9.052590864763035,5.245325345224826,1.5600678511020872e-07,29.741032241180417,65.22653636460412,2266,2266,0,5,full,fixed504,retain,dgtw,3,ar_dgtw_3,2747782
ld2_ols_characteristics_core_full_dgtw_fixed504_retain,ols,characteristics_core,504,cap_spread_bp,18.639841426585978,10.216734315985942,1.8244422190190999,0.06808524420819734,-1.3845898723609338,38.66427272553289,2266,2266,0,5,full,fixed504,retain,dgtw,3,ar_dgtw_3,2747782
ld2_ols_characteristics_core_full_dgtw_fixed504_recent,ols,characteristics_core,504,rank_ic,0.07058023057405909,0.0025121249658510048,28.095827848336917,1.1016120054590342e-173,0.0656565561163272,0.07550390503179097,2266,2266,0,5,full,fixed504,recent,dgtw,3,ar_dgtw_3,2747782
ld2_ols_characteristics_core_full_dgtw_fixed504_recent,ols,characteristics_core,504,ew_spread_bp,45.83624459427166,8.873711460136196,5.1653972298044675,2.399288283423066e-07,28.44408972320438,63.22839946533894,2266,2266,0,5,full,fixed504,recent,dgtw,3,ar_dgtw_3,2747782
ld2_ols_characteristics_core_full_dgtw_fixed504_recent,ols,characteristics_core,504,cap_spread_bp,17.97859840196958,9.653121916003691,1.862464657383356,0.0625376226973267,-0.9411728917719344,36.8983696957111,2266,2266,0,5,full,fixed504,recent,dgtw,3,ar_dgtw_3,2747782
ld2_ols_characteristics_core_full_dgtw_fixed504_union,ols,characteristics_core,504,rank_ic,0.07118891972486877,0.0025521529784609106,27.893672646456963,3.1838516356792154e-171,0.06618679180404875,0.07619104764568878,2266,2266,0,5,full,fixed504,union,dgtw,3,ar_dgtw_3,2747782
ld2_ols_characteristics_core_full_dgtw_fixed504_union,ols,characteristics_core,504,ew_spread_bp,47.02214736345486,8.971963478212288,5.241009671700567,1.5970034378468053e-07,29.437422075550064,64.60687265135967,2266,2266,0,5,full,fixed504,union,dgtw,3,ar_dgtw_3,2747782
ld2_ols_characteristics_core_full_dgtw_fixed504_union,ols,characteristics_core,504,cap_spread_bp,22.418149703945843,9.739989867447091,2.301660474911949,0.021354326823100084,3.32812035396449,41.50817905392719,2266,2266,0,5,full,fixed504,union,dgtw,3,ar_dgtw_3,2747782
ld2_ridge_characteristics_core_full_dgtw_fixed504_retain,ridge,characteristics_core,504,rank_ic,0.07248655646322927,0.0026298593043632894,27.562902830187284,3.099777126106595e-167,0.06733212694226966,0.07764098598418888,2266,2266,0,5,full,fixed504,retain,dgtw,3,ar_dgtw_3,2747782
ld2_ridge_characteristics_core_full_dgtw_fixed504_retain,ridge,characteristics_core,504,ew_spread_bp,41.79206249823242,9.167323476801844,4.558807442978132,5.144491217218574e-06,23.824438649072295,59.759686347392545,2266,2266,0,5,full,fixed504,retain,dgtw,3,ar_dgtw_3,2747782
ld2_ridge_characteristics_core_full_dgtw_fixed504_retain,ridge,characteristics_core,504,cap_spread_bp,20.67264440471319,10.026654221526309,2.061768955822862,0.0392297379839304,1.0207632450851314,40.32452556434124,2266,2266,0,5,full,fixed504,retain,dgtw,3,ar_dgtw_3,2747782
ld2_ridge_characteristics_core_full_dgtw_fixed504_recent,ridge,characteristics_core,504,rank_ic,0.07209305346892858,0.0026098786041887714,27.623144368945567,5.867869301529591e-168,0.06697778540069692,0.07720832153716024,2266,2266,0,5,full,fixed504,recent,dgtw,3,ar_dgtw_3,2747782
ld2_ridge_characteristics_core_full_dgtw_fixed504_recent,ridge,characteristics_core,504,ew_spread_bp,39.25360686739577,9.052217386580958,4.33635265162605,1.4486646014826978e-05,21.511586809469797,56.99562692532174,2266,2266,0,5,full,fixed504,recent,dgtw,3,ar_dgtw_3,2747782
ld2_ridge_characteristics_core_full_dgtw_fixed504_recent,ridge,characteristics_core,504,cap_spread_bp,17.642262481508922,9.755119675429402,1.8085131775415502,0.0705266677691198,-1.4774207472107683,36.761945710228616,2266,2266,0,5,full,fixed504,recent,dgtw,3,ar_dgtw_3,2747782
ld2_ridge_characteristics_core_full_dgtw_fixed504_union,ridge,characteristics_core,504,rank_ic,0.07266179664958819,0.0026355660727322263,27.5697116461442,2.5686743522768514e-167,0.06749618206815736,0.07782741123101902,2266,2266,0,5,full,fixed504,union,dgtw,3,ar_dgtw_3,2747782
ld2_ridge_characteristics_core_full_dgtw_fixed504_union,ridge,characteristics_core,504,ew_spread_bp,40.53069820135913,9.092814604675558,4.457442493165768,8.294327796289775e-06,22.709109058095226,58.352287344623036,2266,2266,0,5,full,fixed504,union,dgtw,3,ar_dgtw_3,2747782
ld2_ridge_characteristics_core_full_dgtw_fixed504_union,ridge,characteristics_core,504,cap_spread_bp,21.00693274032422,9.86460876818469,2.129525177731906,0.033210834076271546,1.6726548331042004,40.341210647544244,2266,2266,0,5,full,fixed504,union,dgtw,3,ar_dgtw_3,2747782
ld2_lasso_characteristics_core_full_dgtw_fixed504_retain,lasso,characteristics_core,504,rank_ic,0.07198047528234565,0.002644168320381708,27.222349926632003,3.532577640636818e-163,0.06679800060533574,0.07716294995935556,2266,2266,0,5,full,fixed504,retain,dgtw,3,ar_dgtw_3,2747782
ld2_lasso_characteristics_core_full_dgtw_fixed504_retain,lasso,characteristics_core,504,ew_spread_bp,42.50339677921332,8.836559426708993,4.8099486153790165,1.5096910073285012e-06,25.184058555615785,59.82273500281085,2266,2266,0,5,full,fixed504,retain,dgtw,3,ar_dgtw_3,2747782
ld2_lasso_characteristics_core_full_dgtw_fixed504_retain,lasso,characteristics_core,504,cap_spread_bp,15.409425555359679,9.296388580293245,1.6575711548918068,0.0974040558186583,-2.8111612483045256,33.63001235902388,2266,2266,0,5,full,fixed504,retain,dgtw,3,ar_dgtw_3,2747782
ld2_lasso_characteristics_core_full_dgtw_fixed504_recent,lasso,characteristics_core,504,rank_ic,0.07162043380944014,0.0026325790802680573,27.205425412006058,5.602595055726696e-163,0.06646067362566116,0.07678019399321911,2266,2266,0,5,full,fixed504,recent,dgtw,3,ar_dgtw_3,2747782
ld2_lasso_characteristics_core_full_dgtw_fixed504_recent,lasso,characteristics_core,504,ew_spread_bp,42.606962221563386,8.802144203637123,4.840520813548796,1.2949929157969832e-06,25.355076595706628,59.858847847420144,2266,2266,0,5,full,fixed504,recent,dgtw,3,ar_dgtw_3,2747782
ld2_lasso_characteristics_core_full_dgtw_fixed504_recent,lasso,characteristics_core,504,cap_spread_bp,21.14630514686308,9.49651712252036,2.2267432232303377,0.025964439902362538,2.5334736081552265,39.75913668557094,2266,2266,0,5,full,fixed504,recent,dgtw,3,ar_dgtw_3,2747782
ld2_lasso_characteristics_core_full_dgtw_fixed504_union,lasso,characteristics_core,504,rank_ic,0.07219574224963628,0.002648887925397602,27.255113950809978,1.4453878822865246e-163,0.06700401731677395,0.0773874671824986,2266,2266,0,5,full,fixed504,union,dgtw,3,ar_dgtw_3,2747782
ld2_lasso_characteristics_core_full_dgtw_fixed504_union,lasso,characteristics_core,504,ew_spread_bp,43.43138002765372,8.794949276768548,4.938218363848407,7.883953431036281e-07,26.193596199330766,60.66916385597666,2266,2266,0,5,full,fixed504,union,dgtw,3,ar_dgtw_3,2747782
ld2_lasso_characteristics_core_full_dgtw_fixed504_union,lasso,characteristics_core,504,cap_spread_bp,20.91409928205794,9.268650849067095,2.2564340401454412,0.02404346182024171,2.7478774326098403,39.08032113150604,2266,2266,0,5,full,fixed504,union,dgtw,3,ar_dgtw_3,2747782
ld2_enet_characteristics_core_full_dgtw_fixed504_retain,enet,characteristics_core,504,rank_ic,0.07217133335582149,0.002647361239193442,27.26161140661316,1.2104957436083183e-163,0.06698260067293502,0.07736006603870796,2266,2266,0,5,full,fixed504,retain,dgtw,3,ar_dgtw_3,2747782
ld2_enet_characteristics_core_full_dgtw_fixed504_retain,enet,characteristics_core,504,ew_spread_bp,42.4136610635292,8.843192545869414,4.796193325377755,1.6170922003624348e-06,25.081322165272077,59.74599996178632,2266,2266,0,5,full,fixed504,retain,dgtw,3,ar_dgtw_3,2747782
ld2_enet_characteristics_core_full_dgtw_fixed504_retain,enet,characteristics_core,504,cap_spread_bp,16.864115606582622,9.4388889781015,1.7866632021743094,0.07399193993400147,-1.6357668445683942,35.36399805773364,2266,2266,0,5,full,fixed504,retain,dgtw,3,ar_dgtw_3,2747782
ld2_enet_characteristics_core_full_dgtw_fixed504_recent,enet,characteristics_core,504,rank_ic,0.07175492868320305,0.0026373525904045962,27.207180770696695,5.340977696873589e-163,0.06658581259147663,0.07692404477492946,2266,2266,0,5,full,fixed504,recent,dgtw,3,ar_dgtw_3,2747782
ld2_enet_characteristics_core_full_dgtw_fixed504_recent,enet,characteristics_core,504,ew_spread_bp,43.019339738837665,8.788780362227783,4.89480200503419,9.8404751055603e-07,25.79364676083832,60.24503271683701,2266,2266,0,5,full,fixed504,recent,dgtw,3,ar_dgtw_3,2747782
ld2_enet_characteristics_core_full_dgtw_fixed504_recent,enet,characteristics_core,504,cap_spread_bp,19.809820357436045,9.506023480995015,2.0839229354988413,0.03716717772722771,1.1783566984937401,38.44128401637835,2266,2266,0,5,full,fixed504,recent,dgtw,3,ar_dgtw_3,2747782
ld2_enet_characteristics_core_full_dgtw_fixed504_union,enet,characteristics_core,504,rank_ic,0.07236586472008046,0.002654695415951888,27.259573465655908,1.27974394751805e-163,0.06716275731489117,0.07756897212526974,2266,2266,0,5,full,fixed504,union,dgtw,3,ar_dgtw_3,2747782
ld2_enet_characteristics_core_full_dgtw_fixed504_union,enet,characteristics_core,504,ew_spread_bp,43.639633564718444,8.796997287332363,4.960741959936639,7.022442743344987e-07,26.397835709450458,60.88143141998643,2266,2266,0,5,full,fixed504,union,dgtw,3,ar_dgtw_3,2747782
ld2_enet_characteristics_core_full_dgtw_fixed504_union,enet,characteristics_core,504,cap_spread_bp,20.168231200271634,9.326850295168205,2.162383930480779,0.030588595167009354,1.88794053254518,38.44852186799809,2266,2266,0,5,full,fixed504,union,dgtw,3,ar_dgtw_3,2747782
ld2_group_ridge_characteristics_core_full_dgtw_fixed504_retain,group_ridge,characteristics_core,504,rank_ic,0.07233987395820901,0.0026240044438232417,27.56850283866439,2.6558358452835143e-167,0.0671969197530424,0.07748282816337562,2266,2266,0,5,full,fixed504,retain,dgtw,3,ar_dgtw_3,2747782
ld2_group_ridge_characteristics_core_full_dgtw_fixed504_retain,group_ridge,characteristics_core,504,ew_spread_bp,40.479949277165936,9.223588433054458,4.388741927393297,1.140082613648064e-05,22.402048140158968,58.557850414172904,2266,2266,0,5,full,fixed504,retain,dgtw,3,ar_dgtw_3,2747782
ld2_group_ridge_characteristics_core_full_dgtw_fixed504_retain,group_ridge,characteristics_core,504,cap_spread_bp,20.675490580539503,10.047975596938988,2.0576772287183975,0.03962112768270147,0.9818202930017357,40.36916086807727,2266,2266,0,5,full,fixed504,retain,dgtw,3,ar_dgtw_3,2747782
ld2_group_ridge_characteristics_core_full_dgtw_fixed504_recent,group_ridge,characteristics_core,504,rank_ic,0.07193532431481589,0.002604306684240297,27.621679409005612,6.110509825630326e-168,0.06683097700900797,0.0770396716206238,2266,2266,0,5,full,fixed504,recent,dgtw,3,ar_dgtw_3,2747782
ld2_group_ridge_characteristics_core_full_dgtw_fixed504_recent,group_ridge,characteristics_core,504,ew_spread_bp,38.16620088449329,9.07585455913654,4.205245978305359,2.6079835897028453e-05,20.377852819662024,55.95454894932456,2266,2266,0,5,full,fixed504,recent,dgtw,3,ar_dgtw_3,2747782
ld2_group_ridge_characteristics_core_full_dgtw_fixed504_recent,group_ridge,characteristics_core,504,cap_spread_bp,17.928019887911425,9.737678971616337,1.8410978571144652,0.06560721965499436,-1.1574801894696272,37.013519965292474,2266,2266,0,5,full,fixed504,recent,dgtw,3,ar_dgtw_3,2747782
ld2_group_ridge_characteristics_core_full_dgtw_fixed504_union,group_ridge,characteristics_core,504,rank_ic,0.07251396933953753,0.0026304683075939615,27.566942787409843,2.772703749094106e-167,0.06735834619417934,0.07766959248489573,2266,2266,0,5,full,fixed504,union,dgtw,3,ar_dgtw_3,2747782
ld2_group_ridge_characteristics_core_full_dgtw_fixed504_union,group_ridge,characteristics_core,504,ew_spread_bp,39.5402554374319,9.124448393842888,4.333440634516974,1.4679687872416669e-05,21.656665206705497,57.42384566815831,2266,2266,0,5,full,fixed504,union,dgtw,3,ar_dgtw_3,2747782
ld2_group_ridge_characteristics_core_full_dgtw_fixed504_union,group_ridge,characteristics_core,504,cap_spread_bp,19.401581788857534,9.802096827333994,1.9793297424643417,0.04777889302317276,0.18982503430857633,38.61333854340649,2266,2266,0,5,full,fixed504,union,dgtw,3,ar_dgtw_3,2747782
ld2_ols_characteristics_textcore_full_dgtw_fixed504_retain,ols,characteristics_textcore,504,rank_ic,0.06394573845437682,0.00227915247932244,28.05680577957074,3.299453620380191e-173,0.059478681679629664,0.06841279522912397,2266,2266,0,5,full,fixed504,retain,dgtw,3,ar_dgtw_3,2747782
ld2_ols_characteristics_textcore_full_dgtw_fixed504_retain,ols,characteristics_textcore,504,ew_spread_bp,46.65399102389127,8.485328405221075,5.498195095806166,3.8369828464765394e-08,30.02305295266327,63.284929095119274,2266,2266,0,5,full,fixed504,retain,dgtw,3,ar_dgtw_3,2747782
ld2_ols_characteristics_textcore_full_dgtw_fixed504_retain,ols,characteristics_textcore,504,cap_spread_bp,9.915728361202955,9.530863379618488,1.0403809147456138,0.2981629650062668,-8.76442060442098,28.59587732682689,2266,2266,0,5,full,fixed504,retain,dgtw,3,ar_dgtw_3,2747782
ld2_ols_characteristics_textcore_full_dgtw_fixed504_recent,ols,characteristics_textcore,504,rank_ic,0.06616128226390401,0.0022865669855897442,28.93476669647616,4.363476553107513e-184,0.061679693323909796,0.07064287120389823,2266,2266,0,5,full,fixed504,recent,dgtw,3,ar_dgtw_3,2747782
ld2_ols_characteristics_textcore_full_dgtw_fixed504_recent,ols,characteristics_textcore,504,ew_spread_bp,49.59189502984606,8.464651733820855,5.858704715717914,4.664913100438122e-09,33.00148248988266,66.18230756980945,2266,2266,0,5,full,fixed504,recent,dgtw,3,ar_dgtw_3,2747782
ld2_ols_characteristics_textcore_full_dgtw_fixed504_recent,ols,characteristics_textcore,504,cap_spread_bp,20.8663965592168,9.507338765538107,2.1947673343515053,0.028180291817671996,2.232354989940614,39.50043812849299,2266,2266,0,5,full,fixed504,recent,dgtw,3,ar_dgtw_3,2747782
ld2_ols_characteristics_textcore_full_dgtw_fixed504_union,ols,characteristics_textcore,504,rank_ic,0.06635849190177055,0.0023160663070936637,28.651378286764636,1.5409058929825307e-180,0.06181908535406029,0.07089789844948081,2266,2266,0,5,full,fixed504,union,dgtw,3,ar_dgtw_3,2747782
ld2_ols_characteristics_textcore_full_dgtw_fixed504_union,ols,characteristics_textcore,504,ew_spread_bp,49.15012205510712,8.665137140332693,5.672168975414511,1.4100079439263355e-08,32.16676533895465,66.13347877125959,2266,2266,0,5,full,fixed504,union,dgtw,3,ar_dgtw_3,2747782
ld2_ols_characteristics_textcore_full_dgtw_fixed504_union,ols,characteristics_textcore,504,cap_spread_bp,17.338723276879076,9.590340289780638,1.8079361892252177,0.07061643252666755,-1.4579982905743982,36.135444844332554,2266,2266,0,5,full,fixed504,union,dgtw,3,ar_dgtw_3,2747782
ld2_ridge_characteristics_textcore_full_dgtw_fixed504_retain,ridge,characteristics_textcore,504,rank_ic,0.07035809321589621,0.0025095824114636125,28.035777145434608,5.955290450946838e-173,0.06543940207319235,0.07527678435860008,2266,2266,0,5,full,fixed504,retain,dgtw,3,ar_dgtw_3,2747782
ld2_ridge_characteristics_textcore_full_dgtw_fixed504_retain,ridge,characteristics_textcore,504,ew_spread_bp,42.78381228056232,8.94516519201076,4.7828979523792405,1.727858564739637e-06,25.251610668459914,60.31601389266473,2266,2266,0,5,full,fixed504,retain,dgtw,3,ar_dgtw_3,2747782
ld2_ridge_characteristics_textcore_full_dgtw_fixed504_retain,ridge,characteristics_textcore,504,cap_spread_bp,25.117116678162184,9.834906722731326,2.553874417548794,0.010653167194639964,5.841053710297931,44.39317964602644,2266,2266,0,5,full,fixed504,retain,dgtw,3,ar_dgtw_3,2747782
ld2_ridge_characteristics_textcore_full_dgtw_fixed504_recent,ridge,characteristics_textcore,504,rank_ic,0.07065120140859273,0.0025142907570916938,28.0998532923518,9.836603422377697e-174,0.06572328207803106,0.07557912073915439,2266,2266,0,5,full,fixed504,recent,dgtw,3,ar_dgtw_3,2747782
ld2_ridge_characteristics_textcore_full_dgtw_fixed504_recent,ridge,characteristics_textcore,504,ew_spread_bp,44.385789387683985,8.889629792841479,4.992985132342223,5.945313590558864e-07,26.962435157820426,61.80914361754755,2266,2266,0,5,full,fixed504,recent,dgtw,3,ar_dgtw_3,2747782
ld2_ridge_characteristics_textcore_full_dgtw_fixed504_recent,ridge,characteristics_textcore,504,cap_spread_bp,24.035496001975705,10.396078776819564,2.3119770942452207,0.02077894563311854,3.6595560189681393,44.41143598498327,2266,2266,0,5,full,fixed504,recent,dgtw,3,ar_dgtw_3,2747782
ld2_ridge_characteristics_textcore_full_dgtw_fixed504_union,ridge,characteristics_textcore,504,rank_ic,0.07116482907003847,0.002533747461928236,28.0867884978089,1.420519602760028e-173,0.06619877529873935,0.0761308828413376,2266,2266,0,5,full,fixed504,union,dgtw,3,ar_dgtw_3,2747782
ld2_ridge_characteristics_textcore_full_dgtw_fixed504_union,ridge,characteristics_textcore,504,ew_spread_bp,44.60535141771908,9.025646306360713,4.942067293982483,7.729852407759406e-07,26.915409720055113,62.295293115383046,2266,2266,0,5,full,fixed504,union,dgtw,3,ar_dgtw_3,2747782
ld2_ridge_characteristics_textcore_full_dgtw_fixed504_union,ridge,characteristics_textcore,504,cap_spread_bp,25.714235166990704,9.944762404391813,2.58570633679843,0.009717968758025098,6.222859019574798,45.20561131440661,2266,2266,0,5,full,fixed504,union,dgtw,3,ar_dgtw_3,2747782
ld2_lasso_characteristics_textcore_full_dgtw_fixed504_retain,lasso,characteristics_textcore,504,rank_ic,0.0715682380449922,0.002634834540818423,27.162327249119,1.810858603585856e-162,0.06640405723976596,0.07673241885021843,2266,2266,0,5,full,fixed504,retain,dgtw,3,ar_dgtw_3,2747782
ld2_lasso_characteristics_textcore_full_dgtw_fixed504_retain,lasso,characteristics_textcore,504,ew_spread_bp,43.39529140838197,8.740713454086308,4.964731041273817,6.879634304924942e-07,26.263807839188114,60.526774977575826,2266,2266,0,5,full,fixed504,retain,dgtw,3,ar_dgtw_3,2747782
ld2_lasso_characteristics_textcore_full_dgtw_fixed504_retain,lasso,characteristics_textcore,504,cap_spread_bp,17.69663501860744,9.396366058704075,1.8833488295418879,0.059653110095540765,-0.7199040420071192,36.113174079222006,2266,2266,0,5,full,fixed504,retain,dgtw,3,ar_dgtw_3,2747782
ld2_lasso_characteristics_textcore_full_dgtw_fixed504_recent,lasso,characteristics_textcore,504,rank_ic,0.07162623646009933,0.0026298771458905966,27.235582685686033,2.462627292461301e-163,0.06647177197038877,0.07678070094980989,2266,2266,0,5,full,fixed504,recent,dgtw,3,ar_dgtw_3,2747782
ld2_lasso_characteristics_textcore_full_dgtw_fixed504_recent,lasso,characteristics_textcore,504,ew_spread_bp,44.340497996346436,8.753531665408428,5.065440977562005,4.07456012798047e-07,27.183891194614997,61.49710479807787,2266,2266,0,5,full,fixed504,recent,dgtw,3,ar_dgtw_3,2747782
ld2_lasso_characteristics_textcore_full_dgtw_fixed504_recent,lasso,characteristics_textcore,504,cap_spread_bp,20.764146452677405,9.672415173453196,2.1467385425789467,0.031814102494107335,1.8065610691904013,39.72173183616441,2266,2266,0,5,full,fixed504,recent,dgtw,3,ar_dgtw_3,2747782
ld2_lasso_characteristics_textcore_full_dgtw_fixed504_union,lasso,characteristics_textcore,504,rank_ic,0.07198211604049498,0.0026443341969758388,27.22126277488544,3.638828824380688e-163,0.06679931625133469,0.07716491582965528,2266,2266,0,5,full,fixed504,union,dgtw,3,ar_dgtw_3,2747782
ld2_lasso_characteristics_textcore_full_dgtw_fixed504_union,lasso,characteristics_textcore,504,ew_spread_bp,44.80608789071108,8.801338574011403,5.09082652757099,3.565060731522264e-07,27.555781269905616,62.05639451151655,2266,2266,0,5,full,fixed504,union,dgtw,3,ar_dgtw_3,2747782
ld2_lasso_characteristics_textcore_full_dgtw_fixed504_union,lasso,characteristics_textcore,504,cap_spread_bp,20.222370861244308,9.48036463608296,2.133079437079507,0.032918210304451835,1.64119761421453,38.80354410827408,2266,2266,0,5,full,fixed504,union,dgtw,3,ar_dgtw_3,2747782
ld2_enet_characteristics_textcore_full_dgtw_fixed504_retain,enet,characteristics_textcore,504,rank_ic,0.07182444558229688,0.002643819871313559,27.166921000034517,1.5981471547066734e-162,0.06664265385291099,0.07700623731168277,2266,2266,0,5,full,fixed504,retain,dgtw,3,ar_dgtw_3,2747782
ld2_enet_characteristics_textcore_full_dgtw_fixed504_retain,enet,characteristics_textcore,504,ew_spread_bp,43.87434557622235,8.751068422814958,5.013598735194129,5.342133469848444e-07,26.722566641259302,61.0261245111854,2266,2266,0,5,full,fixed504,retain,dgtw,3,ar_dgtw_3,2747782
ld2_enet_characteristics_textcore_full_dgtw_fixed504_retain,enet,characteristics_textcore,504,cap_spread_bp,17.94751207478107,9.399981907578153,1.909313470094235,0.05622166567613123,-0.47611391940022685,36.37113806896237,2266,2266,0,5,full,fixed504,retain,dgtw,3,ar_dgtw_3,2747782
ld2_enet_characteristics_textcore_full_dgtw_fixed504_recent,enet,characteristics_textcore,504,rank_ic,0.07183712698438857,0.0026381625221359515,27.229985409021218,2.868712135208969e-163,0.06666642345563875,0.07700783051313839,2266,2266,0,5,full,fixed504,recent,dgtw,3,ar_dgtw_3,2747782
ld2_enet_characteristics_textcore_full_dgtw_fixed504_recent,enet,characteristics_textcore,504,ew_spread_bp,44.510760779791326,8.75336204758106,5.084990262923217,3.6764492967856033e-07,27.354486422892666,61.66703513668999,2266,2266,0,5,full,fixed504,recent,dgtw,3,ar_dgtw_3,2747782
ld2_enet_characteristics_textcore_full_dgtw_fixed504_recent,enet,characteristics_textcore,504,cap_spread_bp,21.529147118913865,9.690557564755636,2.221662373403048,0.026306131190901735,2.5360033018806476,40.52229093594708,2266,2266,0,5,full,fixed504,recent,dgtw,3,ar_dgtw_3,2747782
ld2_enet_characteristics_textcore_full_dgtw_fixed504_union,enet,characteristics_textcore,504,rank_ic,0.07219993440434067,0.0026531564027750024,27.212845171443703,4.577132420146938e-163,0.06699984340954981,0.07740002539913152,2266,2266,0,5,full,fixed504,union,dgtw,3,ar_dgtw_3,2747782
ld2_enet_characteristics_textcore_full_dgtw_fixed504_union,enet,characteristics_textcore,504,ew_spread_bp,45.30407316029842,8.797049954471877,5.149916550976117,2.606023813556233e-07,28.06217207933382,62.545974241263025,2266,2266,0,5,full,fixed504,union,dgtw,3,ar_dgtw_3,2747782
ld2_enet_characteristics_textcore_full_dgtw_fixed504_union,enet,characteristics_textcore,504,cap_spread_bp,21.532529218877094,9.481196276487003,2.2710772555438945,0.023142301592594047,2.949725986607305,40.115332451146884,2266,2266,0,5,full,fixed504,union,dgtw,3,ar_dgtw_3,2747782
ld2_group_ridge_characteristics_textcore_full_dgtw_fixed504_retain,group_ridge,characteristics_textcore,504,rank_ic,0.07229636014629862,0.002616094493754228,27.635225072680644,4.20080211033943e-168,0.06716890915838679,0.07742381113421044,2266,2266,0,5,full,fixed504,retain,dgtw,3,ar_dgtw_3,2747782
ld2_group_ridge_characteristics_textcore_full_dgtw_fixed504_retain,group_ridge,characteristics_textcore,504,ew_spread_bp,41.19588898330099,9.195117592660289,4.480191641723462,7.457604894118014e-06,23.17378966807618,59.217988298525796,2266,2266,0,5,full,fixed504,retain,dgtw,3,ar_dgtw_3,2747782
ld2_group_ridge_characteristics_textcore_full_dgtw_fixed504_retain,group_ridge,characteristics_textcore,504,cap_spread_bp,21.72862804710604,9.956337966145805,2.1823915701726024,0.029080645944904174,2.2145642155514906,41.24269187866059,2266,2266,0,5,full,fixed504,retain,dgtw,3,ar_dgtw_3,2747782
ld2_group_ridge_characteristics_textcore_full_dgtw_fixed504_recent,group_ridge,characteristics_textcore,504,rank_ic,0.07200372419883912,0.002601213731859568,27.68081811845763,1.1884118858357105e-168,0.06690543896830334,0.0771020094293749,2266,2266,0,5,full,fixed504,recent,dgtw,3,ar_dgtw_3,2747782
ld2_group_ridge_characteristics_textcore_full_dgtw_fixed504_recent,group_ridge,characteristics_textcore,504,ew_spread_bp,39.575580411867634,9.114890223085748,4.341860345353643,1.4128132947171891e-05,21.71072385158331,57.44043697215196,2266,2266,0,5,full,fixed504,recent,dgtw,3,ar_dgtw_3,2747782
ld2_group_ridge_characteristics_textcore_full_dgtw_fixed504_recent,group_ridge,characteristics_textcore,504,cap_spread_bp,19.729875014894354,9.705460338622746,2.032863390969678,0.0420663265558561,0.7075222978118525,38.75222773197686,2266,2266,0,5,full,fixed504,recent,dgtw,3,ar_dgtw_3,2747782
ld2_group_ridge_characteristics_textcore_full_dgtw_fixed504_union,group_ridge,characteristics_textcore,504,rank_ic,0.07252642039082942,0.0026251284112736267,27.62776101899029,5.164394471563175e-168,0.06738126324994026,0.07767157753171858,2266,2266,0,5,full,fixed504,union,dgtw,3,ar_dgtw_3,2747782
ld2_group_ridge_characteristics_textcore_full_dgtw_fixed504_union,group_ridge,characteristics_textcore,504,ew_spread_bp,39.43308997113348,9.10366921865138,4.331560058261333,1.4805654932773487e-05,21.590226175410876,57.27595376685608,2266,2266,0,5,full,fixed504,union,dgtw,3,ar_dgtw_3,2747782
ld2_group_ridge_characteristics_textcore_full_dgtw_fixed504_union,group_ridge,characteristics_textcore,504,cap_spread_bp,21.33173467453655,9.735703425983006,2.1910830415813227,0.02844578368974686,2.250106595446642,40.41336275362646,2266,2266,0,5,full,fixed504,union,dgtw,3,ar_dgtw_3,2747782
ld2_ols_characteristics_textcore_pca_dgtw_fixed504_retain,ols,characteristics_textcore,504,rank_ic,0.07049463357705356,0.002515915239623176,28.01947874349375,9.408989503363352e-173,0.06556353031923667,0.07542573683487044,2266,2266,0,5,pca,fixed504,retain,dgtw,3,ar_dgtw_3,2747782
ld2_ols_characteristics_textcore_pca_dgtw_fixed504_retain,ols,characteristics_textcore,504,ew_spread_bp,49.692947643376506,8.97257853919582,5.538312919335037,3.053992388674882e-08,32.10701685809569,67.27887842865732,2266,2266,0,5,pca,fixed504,retain,dgtw,3,ar_dgtw_3,2747782
ld2_ols_characteristics_textcore_pca_dgtw_fixed504_retain,ols,characteristics_textcore,504,cap_spread_bp,18.060517797523058,10.328639703507816,1.7485862917058999,0.08036255757254221,-2.1832440306427223,38.304279625688835,2266,2266,0,5,pca,fixed504,retain,dgtw,3,ar_dgtw_3,2747782
ld2_ols_characteristics_textcore_pca_dgtw_fixed504_recent,ols,characteristics_textcore,504,rank_ic,0.07032896259318795,0.0024770287304747263,28.39246946469987,2.504898807730187e-177,0.06547407549278651,0.07518384969358939,2266,2266,0,5,pca,fixed504,recent,dgtw,3,ar_dgtw_3,2747782
ld2_ols_characteristics_textcore_pca_dgtw_fixed504_recent,ols,characteristics_textcore,504,ew_spread_bp,48.90239787035364,8.835806031358286,5.534571231735845,3.119906200035124e-08,31.58453627450961,66.22025946619766,2266,2266,0,5,pca,fixed504,recent,dgtw,3,ar_dgtw_3,2747782
ld2_ols_characteristics_textcore_pca_dgtw_fixed504_recent,ols,characteristics_textcore,504,cap_spread_bp,22.682844263140822,9.920276453417419,2.2865133214434614,0.022224245692516416,3.2394596977619443,42.1262288285197,2266,2266,0,5,pca,fixed504,recent,dgtw,3,ar_dgtw_3,2747782
ld2_ols_characteristics_textcore_pca_dgtw_fixed504_union,ols,characteristics_textcore,504,rank_ic,0.07105574334408454,0.0025188216011684163,28.209915029759795,4.419474246873257e-175,0.06611894372231293,0.07599254296585616,2266,2266,0,5,pca,fixed504,union,dgtw,3,ar_dgtw_3,2747782
ld2_ols_characteristics_textcore_pca_dgtw_fixed504_union,ols,characteristics_textcore,504,ew_spread_bp,49.37001737063568,8.914080016662847,5.538431030274538,3.051933891042688e-08,31.898741582668293,66.84129315860307,2266,2266,0,5,pca,fixed504,union,dgtw,3,ar_dgtw_3,2747782
ld2_ols_characteristics_textcore_pca_dgtw_fixed504_union,ols,characteristics_textcore,504,cap_spread_bp,18.061962089129764,10.263423094444592,1.7598380114434122,0.07843527609123879,-2.053977534078271,38.1779017123378,2266,2266,0,5,pca,fixed504,union,dgtw,3,ar_dgtw_3,2747782
ld2_ridge_characteristics_textcore_pca_dgtw_fixed504_retain,ridge,characteristics_textcore,504,rank_ic,0.07215629527758642,0.0026004225950344304,27.74791121080497,1.8465996397704354e-169,0.06705956064673475,0.07725302990843809,2266,2266,0,5,pca,fixed504,retain,dgtw,3,ar_dgtw_3,2747782
ld2_ridge_characteristics_textcore_pca_dgtw_fixed504_retain,ridge,characteristics_textcore,504,ew_spread_bp,44.09149546641258,9.136687844541838,4.825763582669882,1.3946787438371775e-06,26.183916353125685,61.99907457969948,2266,2266,0,5,pca,fixed504,retain,dgtw,3,ar_dgtw_3,2747782
ld2_ridge_characteristics_textcore_pca_dgtw_fixed504_retain,ridge,characteristics_textcore,504,cap_spread_bp,18.450700108518884,10.4406783707803,1.7671936107289494,0.07719580936602585,-2.012653472376833,38.9140536894146,2266,2266,0,5,pca,fixed504,retain,dgtw,3,ar_dgtw_3,2747782
ld2_ridge_characteristics_textcore_pca_dgtw_fixed504_recent,ridge,characteristics_textcore,504,rank_ic,0.07175643788139595,0.002589981710628245,27.705384013692584,6.013532592276626e-169,0.06668016700794716,0.07683270875484474,2266,2266,0,5,pca,fixed504,recent,dgtw,3,ar_dgtw_3,2747782
ld2_ridge_characteristics_textcore_pca_dgtw_fixed504_recent,ridge,characteristics_textcore,504,ew_spread_bp,44.296244504963944,9.059984026547761,4.889218830316492,1.0123690771984691e-06,26.53900211242215,62.053486897505735,2266,2266,0,5,pca,fixed504,recent,dgtw,3,ar_dgtw_3,2747782
ld2_ridge_characteristics_textcore_pca_dgtw_fixed504_recent,ridge,characteristics_textcore,504,cap_spread_bp,22.07893600830258,10.092674909148894,2.187619853710762,0.028697304430934528,2.2976566786996884,41.86021533790547,2266,2266,0,5,pca,fixed504,recent,dgtw,3,ar_dgtw_3,2747782
ld2_ridge_characteristics_textcore_pca_dgtw_fixed504_union,ridge,characteristics_textcore,504,rank_ic,0.07237494811498085,0.0026118834177670655,27.709869293038807,5.309907717860264e-169,0.06725575068434002,0.07749414554562169,2266,2266,0,5,pca,fixed504,union,dgtw,3,ar_dgtw_3,2747782
ld2_ridge_characteristics_textcore_pca_dgtw_fixed504_union,ridge,characteristics_textcore,504,ew_spread_bp,44.92963048528981,9.166645843793367,4.90142536876901,9.514379425157391e-07,26.96333477242104,62.89592619815859,2266,2266,0,5,pca,fixed504,union,dgtw,3,ar_dgtw_3,2747782
ld2_ridge_characteristics_textcore_pca_dgtw_fixed504_union,ridge,characteristics_textcore,504,cap_spread_bp,22.319328306933578,10.361957808972779,2.1539682672329064,0.031242660553075653,2.01026419202336,42.6283924218438,2266,2266,0,5,pca,fixed504,union,dgtw,3,ar_dgtw_3,2747782
ld2_lasso_characteristics_textcore_pca_dgtw_fixed504_retain,lasso,characteristics_textcore,504,rank_ic,0.0719189679705658,0.0026122712278905183,27.53120242749156,7.431521646404363e-167,0.06679901044605016,0.07703892549508143,2266,2266,0,5,pca,fixed504,retain,dgtw,3,ar_dgtw_3,2747782
ld2_lasso_characteristics_textcore_pca_dgtw_fixed504_retain,lasso,characteristics_textcore,504,ew_spread_bp,45.08021725806901,8.70848073545998,5.176588044170242,2.259804342849043e-07,28.01190865650657,62.148525859631455,2266,2266,0,5,pca,fixed504,retain,dgtw,3,ar_dgtw_3,2747782
ld2_lasso_characteristics_textcore_pca_dgtw_fixed504_retain,lasso,characteristics_textcore,504,cap_spread_bp,16.78759438480742,9.166317096887552,1.8314437747858072,0.06703433257817369,-1.1780569959659246,34.753245765580765,2266,2266,0,5,pca,fixed504,retain,dgtw,3,ar_dgtw_3,2747782
ld2_lasso_characteristics_textcore_pca_dgtw_fixed504_recent,lasso,characteristics_textcore,504,rank_ic,0.07166040000572577,0.0025999542094899066,27.562177727655076,3.1624344310763565e-167,0.06656458339367224,0.07675621661777929,2266,2266,0,5,pca,fixed504,recent,dgtw,3,ar_dgtw_3,2747782
ld2_lasso_characteristics_textcore_pca_dgtw_fixed504_recent,lasso,characteristics_textcore,504,ew_spread_bp,46.13453647140056,8.73790540422182,5.2798164247818615,1.293133797195113e-07,29.008556578807887,63.26051636399323,2266,2266,0,5,pca,fixed504,recent,dgtw,3,ar_dgtw_3,2747782
ld2_lasso_characteristics_textcore_pca_dgtw_fixed504_recent,lasso,characteristics_textcore,504,cap_spread_bp,19.197054725483714,9.402213546631428,2.0417590634666585,0.04117543677373906,0.7690547991315064,37.625054651835924,2266,2266,0,5,pca,fixed504,recent,dgtw,3,ar_dgtw_3,2747782
ld2_lasso_characteristics_textcore_pca_dgtw_fixed504_union,lasso,characteristics_textcore,504,rank_ic,0.07227013794286075,0.002620239911801764,27.581496494786766,1.8551942008777154e-167,0.06713456208487488,0.07740571380084661,2266,2266,0,5,pca,fixed504,union,dgtw,3,ar_dgtw_3,2747782
ld2_lasso_characteristics_textcore_pca_dgtw_fixed504_union,lasso,characteristics_textcore,504,ew_spread_bp,47.497161270550315,8.771309563002795,5.415059282697349,6.126840299430645e-08,30.305710429813075,64.68861211128755,2266,2266,0,5,pca,fixed504,union,dgtw,3,ar_dgtw_3,2747782
ld2_lasso_characteristics_textcore_pca_dgtw_fixed504_union,lasso,characteristics_textcore,504,cap_spread_bp,22.296666687487,9.251431145260607,2.410077569340102,0.0159491291397518,4.1641948373240645,40.42913853764993,2266,2266,0,5,pca,fixed504,union,dgtw,3,ar_dgtw_3,2747782
ld2_enet_characteristics_textcore_pca_dgtw_fixed504_retain,enet,characteristics_textcore,504,rank_ic,0.07209483865512394,0.0026212975562953152,27.503492872062836,1.5946325843360937e-166,0.06695718985202226,0.07723248745822561,2266,2266,0,5,pca,fixed504,retain,dgtw,3,ar_dgtw_3,2747782
ld2_enet_characteristics_textcore_pca_dgtw_fixed504_retain,enet,characteristics_textcore,504,ew_spread_bp,44.76682911697639,8.743806167444783,5.119833200746567,3.0580601195169185e-07,27.629283940985413,61.90437429296736,2266,2266,0,5,pca,fixed504,retain,dgtw,3,ar_dgtw_3,2747782
ld2_enet_characteristics_textcore_pca_dgtw_fixed504_retain,enet,characteristics_textcore,504,cap_spread_bp,13.061049845216568,10.355809732851078,1.2612292212924527,0.20722627342618682,-7.235964261920904,33.35806395235404,2266,2266,0,5,pca,fixed504,retain,dgtw,3,ar_dgtw_3,2747782
ld2_enet_characteristics_textcore_pca_dgtw_fixed504_recent,enet,characteristics_textcore,504,rank_ic,0.07176702751335708,0.002610409413047653,27.49263282404773,2.150429390681965e-166,0.06665071907887933,0.07688333594783482,2266,2266,0,5,pca,fixed504,recent,dgtw,3,ar_dgtw_3,2747782
ld2_enet_characteristics_textcore_pca_dgtw_fixed504_recent,enet,characteristics_textcore,504,ew_spread_bp,46.02588804976738,8.713365497905873,5.282217079133088,1.2762984086066416e-07,28.948005489737955,63.10377060979681,2266,2266,0,5,pca,fixed504,recent,dgtw,3,ar_dgtw_3,2747782
ld2_enet_characteristics_textcore_pca_dgtw_fixed504_recent,enet,characteristics_textcore,504,cap_spread_bp,15.431018986210924,10.372555469996474,1.4876776538671208,0.13683592348307716,-4.898816162626099,35.76085413504795,2266,2266,0,5,pca,fixed504,recent,dgtw,3,ar_dgtw_3,2747782
ld2_enet_characteristics_textcore_pca_dgtw_fixed504_union,enet,characteristics_textcore,504,rank_ic,0.07237574275167594,0.002632848259253723,27.489522989900962,2.3426272495861074e-166,0.06721545498677967,0.07753603051657221,2266,2266,0,5,pca,fixed504,union,dgtw,3,ar_dgtw_3,2747782
ld2_enet_characteristics_textcore_pca_dgtw_fixed504_union,enet,characteristics_textcore,504,ew_spread_bp,46.823531708301424,8.805517460531963,5.317521874003837,1.0519004222283785e-07,29.565034620420178,64.08202879618267,2266,2266,0,5,pca,fixed504,union,dgtw,3,ar_dgtw_3,2747782
ld2_enet_characteristics_textcore_pca_dgtw_fixed504_union,enet,characteristics_textcore,504,cap_spread_bp,17.870762941258512,10.317921180951817,1.7320119651863781,0.08327143208747771,-2.351990968730032,38.09351685124706,2266,2266,0,5,pca,fixed504,union,dgtw,3,ar_dgtw_3,2747782
ld2_group_ridge_characteristics_textcore_pca_dgtw_fixed504_retain,group_ridge,characteristics_textcore,504,rank_ic,0.07223408940261587,0.002605725214660851,27.721299619851713,3.8665588279386685e-169,0.0671269618282727,0.07734121697695905,2266,2266,0,5,pca,fixed504,retain,dgtw,3,ar_dgtw_3,2747782
ld2_group_ridge_characteristics_textcore_pca_dgtw_fixed504_retain,group_ridge,characteristics_textcore,504,ew_spread_bp,42.92436173523831,9.108527676926306,4.712546665908934,2.4464003284596974e-06,25.07197553627646,60.77674793420015,2266,2266,0,5,pca,fixed504,retain,dgtw,3,ar_dgtw_3,2747782
ld2_group_ridge_characteristics_textcore_pca_dgtw_fixed504_retain,group_ridge,characteristics_textcore,504,cap_spread_bp,20.979585417034013,10.203705375105496,2.0560751850223924,0.039775269725142226,0.9806903729694767,40.97848046109855,2266,2266,0,5,pca,fixed504,retain,dgtw,3,ar_dgtw_3,2747782
ld2_group_ridge_characteristics_textcore_pca_dgtw_fixed504_recent,group_ridge,characteristics_textcore,504,rank_ic,0.0717576775383616,0.0025857590777240013,27.751107269252277,1.6896847680720368e-169,0.06668968287332505,0.07682567220339814,2266,2266,0,5,pca,fixed504,recent,dgtw,3,ar_dgtw_3,2747782
ld2_group_ridge_characteristics_textcore_pca_dgtw_fixed504_recent,group_ridge,characteristics_textcore,504,ew_spread_bp,42.60580745656014,9.001827041090682,4.733017782065487,2.2120610132822135e-06,24.962550660963647,60.24906425215664,2266,2266,0,5,pca,fixed504,recent,dgtw,3,ar_dgtw_3,2747782
ld2_group_ridge_characteristics_textcore_pca_dgtw_fixed504_recent,group_ridge,characteristics_textcore,504,cap_spread_bp,20.650753693120986,9.70928509787958,2.12690774706275,0.03342774905081378,1.6209045856455582,39.68060280059642,2266,2266,0,5,pca,fixed504,recent,dgtw,3,ar_dgtw_3,2747782
ld2_group_ridge_characteristics_textcore_pca_dgtw_fixed504_union,group_ridge,characteristics_textcore,504,rank_ic,0.07240002229001925,0.0026112622347890056,27.72606340545085,3.38760729095833e-169,0.06728204235564322,0.07751800222439528,2266,2266,0,5,pca,fixed504,union,dgtw,3,ar_dgtw_3,2747782
ld2_group_ridge_characteristics_textcore_pca_dgtw_fixed504_union,group_ridge,characteristics_textcore,504,ew_spread_bp,43.61165530163653,9.101362904675446,4.791771931128344,1.6531476304106116e-06,25.773311798243807,61.44999880502925,2266,2266,0,5,pca,fixed504,union,dgtw,3,ar_dgtw_3,2747782
ld2_group_ridge_characteristics_textcore_pca_dgtw_fixed504_union,group_ridge,characteristics_textcore,504,cap_spread_bp,22.361984641147867,9.804648449116232,2.280753334217049,0.022563047203359804,3.145226799803556,41.578742482492174,2266,2266,0,5,pca,fixed504,union,dgtw,3,ar_dgtw_3,2747782
ld2_ols_characteristics_full_dgtw_fixed504_retain,ols,characteristics,504,rank_ic,0.07473712034254706,0.0030132371413865346,24.802933468474684,8.33485458794267e-136,0.06883128406855103,0.0806429566165431,2266,2266,0,5,full,fixed504,retain,dgtw,5,ar_dgtw_5,2746618
ld2_ols_characteristics_full_dgtw_fixed504_retain,ols,characteristics,504,ew_spread_bp,54.59235329013046,13.40608846821142,4.072205954748106,4.656997234578337e-05,28.316902718878335,80.86780386138258,2266,2266,0,5,full,fixed504,retain,dgtw,5,ar_dgtw_5,2746618
ld2_ols_characteristics_full_dgtw_fixed504_retain,ols,characteristics,504,cap_spread_bp,21.95917955384589,14.645120289802641,1.4994195417524845,0.13376482711936485,-6.744728763424085,50.66308787111586,2266,2266,0,5,full,fixed504,retain,dgtw,5,ar_dgtw_5,2746618
ld2_ols_characteristics_full_dgtw_fixed504_recent,ols,characteristics,504,rank_ic,0.07447666483543278,0.002954899647947685,25.204465027149155,3.578715198419435e-140,0.06868516794752523,0.08026816172334032,2266,2266,0,5,full,fixed504,recent,dgtw,5,ar_dgtw_5,2746618
ld2_ols_characteristics_full_dgtw_fixed504_recent,ols,characteristics,504,ew_spread_bp,53.10812178310124,13.139739648061212,4.041794069408173,5.304380641464649e-05,27.354705306668258,78.86153825953423,2266,2266,0,5,full,fixed504,recent,dgtw,5,ar_dgtw_5,2746618
ld2_ols_characteristics_full_dgtw_fixed504_recent,ols,characteristics,504,cap_spread_bp,24.27362743121625,14.01067228461557,1.7325098280879732,0.0831828287521105,-3.1867856458237824,51.734040508256285,2266,2266,0,5,full,fixed504,recent,dgtw,5,ar_dgtw_5,2746618
ld2_ols_characteristics_full_dgtw_fixed504_union,ols,characteristics,504,rank_ic,0.07520667592160796,0.003006388294082294,25.01562292191034,4.133663998962828e-138,0.06931426314166385,0.08109908870155207,2266,2266,0,5,full,fixed504,union,dgtw,5,ar_dgtw_5,2746618
ld2_ols_characteristics_full_dgtw_fixed504_union,ols,characteristics,504,ew_spread_bp,55.14885066444532,13.358977153488466,4.128224042215998,3.655758305337234e-05,28.965736573314516,81.33196475557612,2266,2266,0,5,full,fixed504,union,dgtw,5,ar_dgtw_5,2746618
ld2_ols_characteristics_full_dgtw_fixed504_union,ols,characteristics,504,cap_spread_bp,24.68654886314325,14.154550732610616,1.7440715236738673,0.08114661882745239,-3.0558607901185937,52.428958516405096,2266,2266,0,5,full,fixed504,union,dgtw,5,ar_dgtw_5,2746618
ld2_ridge_characteristics_full_dgtw_fixed504_retain,ridge,characteristics,504,rank_ic,0.07632464488909531,0.0030757058578087413,24.815326438098378,6.125677445912887e-136,0.0702963721807513,0.08235291759743932,2266,2266,0,5,full,fixed504,retain,dgtw,5,ar_dgtw_5,2746618
ld2_ridge_characteristics_full_dgtw_fixed504_retain,ridge,characteristics,504,ew_spread_bp,40.88854406740425,13.608496621571307,3.004633443681823,0.0026590108900640614,14.216380805389484,67.56070732941902,2266,2266,0,5,full,fixed504,retain,dgtw,5,ar_dgtw_5,2746618
ld2_ridge_characteristics_full_dgtw_fixed504_retain,ridge,characteristics,504,cap_spread_bp,26.797039033210247,13.934813410284882,1.9230281916392313,0.054476509448195085,-0.5146933822338902,54.10877144865438,2266,2266,0,5,full,fixed504,retain,dgtw,5,ar_dgtw_5,2746618
ld2_ridge_characteristics_full_dgtw_fixed504_recent,ridge,characteristics,504,rank_ic,0.07561032398356632,0.003051221347333791,24.78034707302894,1.4604182629762034e-135,0.0696300400339323,0.08159060793320033,2266,2266,0,5,full,fixed504,recent,dgtw,5,ar_dgtw_5,2746618
ld2_ridge_characteristics_full_dgtw_fixed504_recent,ridge,characteristics,504,ew_spread_bp,38.72326374241862,13.356378514883241,2.899233778023633,0.0037407586643500128,12.54524288936289,64.90128459547435,2266,2266,0,5,full,fixed504,recent,dgtw,5,ar_dgtw_5,2746618
ld2_ridge_characteristics_full_dgtw_fixed504_recent,ridge,characteristics,504,cap_spread_bp,27.134589180185557,13.520297345315543,2.006952102247,0.04475476329003768,0.6352933230945901,53.63388503727653,2266,2266,0,5,full,fixed504,recent,dgtw,5,ar_dgtw_5,2746618
ld2_ridge_characteristics_full_dgtw_fixed504_union,ridge,characteristics,504,rank_ic,0.07631235592513741,0.00308111311461158,24.767787837207564,1.9944564236152808e-135,0.07027348518820468,0.08235122666207013,2266,2266,0,5,full,fixed504,union,dgtw,5,ar_dgtw_5,2746618
ld2_ridge_characteristics_full_dgtw_fixed504_union,ridge,characteristics,504,ew_spread_bp,42.98978553339465,13.519806307922899,3.179763419258581,0.0014739533498149746,16.491452091908332,69.48811897488098,2266,2266,0,5,full,fixed504,union,dgtw,5,ar_dgtw_5,2746618
ld2_ridge_characteristics_full_dgtw_fixed504_union,ridge,characteristics,504,cap_spread_bp,28.072892292716507,13.862254919986972,2.025131730353642,0.042853839498755285,0.9033719050288731,55.24241268040414,2266,2266,0,5,full,fixed504,union,dgtw,5,ar_dgtw_5,2746618
ld2_lasso_characteristics_full_dgtw_fixed504_retain,lasso,characteristics,504,rank_ic,0.07600713664623673,0.0030692385409226345,24.76416727889402,2.1818735356778238e-135,0.06999153964606611,0.08202273364640736,2266,2266,0,5,full,fixed504,retain,dgtw,5,ar_dgtw_5,2746618
ld2_lasso_characteristics_full_dgtw_fixed504_retain,lasso,characteristics,504,ew_spread_bp,45.9108699955408,12.866454218769443,3.5682612485859955,0.000359358101327002,20.693083118019256,71.12865687306234,2266,2266,0,5,full,fixed504,retain,dgtw,5,ar_dgtw_5,2746618
ld2_lasso_characteristics_full_dgtw_fixed504_retain,lasso,characteristics,504,cap_spread_bp,19.05278088898011,13.955919985256207,1.3652113876482885,0.17218662023501086,-8.30031965324482,46.40588143120504,2266,2266,0,5,full,fixed504,retain,dgtw,5,ar_dgtw_5,2746618
ld2_lasso_characteristics_full_dgtw_fixed504_recent,lasso,characteristics,504,rank_ic,0.07525866998143897,0.003047465779720576,24.695493049421373,1.195624734608147e-134,0.06928574680906836,0.08123159315380958,2266,2266,0,5,full,fixed504,recent,dgtw,5,ar_dgtw_5,2746618
ld2_lasso_characteristics_full_dgtw_fixed504_recent,lasso,characteristics,504,ew_spread_bp,43.4683445720621,12.655897490642273,3.4346315308102366,0.0005933600364131575,18.6632412983724,68.2734478457518,2266,2266,0,5,full,fixed504,recent,dgtw,5,ar_dgtw_5,2746618
ld2_lasso_characteristics_full_dgtw_fixed504_recent,lasso,characteristics,504,cap_spread_bp,23.700903468149424,14.453677043071622,1.6397836617990897,0.10105015644105639,-4.627782980444337,52.029589916743184,2266,2266,0,5,full,fixed504,recent,dgtw,5,ar_dgtw_5,2746618
ld2_lasso_characteristics_full_dgtw_fixed504_union,lasso,characteristics,504,rank_ic,0.07602291437571503,0.0030846406400363287,24.645630803470087,4.0992867785067543e-134,0.06997712981599524,0.08206869893543481,2266,2266,0,5,full,fixed504,union,dgtw,5,ar_dgtw_5,2746618
ld2_lasso_characteristics_full_dgtw_fixed504_union,lasso,characteristics,504,ew_spread_bp,46.771772761342035,12.727476863010358,3.6748660606309187,0.0002379742236792728,21.826376495774905,71.71716902690916,2266,2266,0,5,full,fixed504,union,dgtw,5,ar_dgtw_5,2746618
ld2_lasso_characteristics_full_dgtw_fixed504_union,lasso,characteristics,504,cap_spread_bp,26.212411397857498,13.816443734807068,1.8971894577923765,0.05780293772067476,-0.8673207167884307,53.29214351250343,2266,2266,0,5,full,fixed504,union,dgtw,5,ar_dgtw_5,2746618
ld2_enet_characteristics_full_dgtw_fixed504_retain,enet,characteristics,504,rank_ic,0.0763588520742828,0.0030786515475834447,24.802693937292084,8.384600450773814e-136,0.07032480592007075,0.08239289822849484,2266,2266,0,5,full,fixed504,retain,dgtw,5,ar_dgtw_5,2746618
ld2_enet_characteristics_full_dgtw_fixed504_retain,enet,characteristics,504,ew_spread_bp,47.1266598159164,12.91882103008271,3.647907166310104,0.00026438512539883824,21.806235874235643,72.44708375759716,2266,2266,0,5,full,fixed504,retain,dgtw,5,ar_dgtw_5,2746618
ld2_enet_characteristics_full_dgtw_fixed504_retain,enet,characteristics,504,cap_spread_bp,23.36919144297511,14.047209082875876,1.6636181112633337,0.09618877020297649,-4.162832442765527,50.90121532871575,2266,2266,0,5,full,fixed504,retain,dgtw,5,ar_dgtw_5,2746618
ld2_enet_characteristics_full_dgtw_fixed504_recent,enet,characteristics,504,rank_ic,0.07553769418088688,0.0030582507541901225,24.699640497886694,1.0790376407882153e-134,0.06954363284698178,0.08153175551479197,2266,2266,0,5,full,fixed504,recent,dgtw,5,ar_dgtw_5,2746618
ld2_enet_characteristics_full_dgtw_fixed504_recent,enet,characteristics,504,ew_spread_bp,44.81146251380103,12.696698444843811,3.5293791302099624,0.0004165359292408779,19.926390839341448,69.69653418826061,2266,2266,0,5,full,fixed504,recent,dgtw,5,ar_dgtw_5,2746618
ld2_enet_characteristics_full_dgtw_fixed504_recent,enet,characteristics,504,cap_spread_bp,29.722106153826605,13.505451122984907,2.2007488593433653,0.027753807813699904,3.2519083578101586,56.19230394984305,2266,2266,0,5,full,fixed504,recent,dgtw,5,ar_dgtw_5,2746618
ld2_enet_characteristics_full_dgtw_fixed504_union,enet,characteristics,504,rank_ic,0.07633100667302446,0.0030910878793204122,24.693897311585374,1.2437605689872024e-134,0.07027258575650816,0.08238942758954076,2266,2266,0,5,full,fixed504,union,dgtw,5,ar_dgtw_5,2746618
ld2_enet_characteristics_full_dgtw_fixed504_union,enet,characteristics,504,ew_spread_bp,48.0629564359733,12.754561117547745,3.7682955919077616,0.00016436599971303225,23.064476006964775,73.06143686498183,2266,2266,0,5,full,fixed504,union,dgtw,5,ar_dgtw_5,2746618
ld2_enet_characteristics_full_dgtw_fixed504_union,enet,characteristics,504,cap_spread_bp,29.068502332106217,13.922583794834518,2.0878669333555067,0.036809839712871426,1.7807395224895686,56.356265141722865,2266,2266,0,5,full,fixed504,union,dgtw,5,ar_dgtw_5,2746618
ld2_ols_characteristics_core_full_dgtw_fixed504_retain,ols,characteristics_core,504,rank_ic,0.07648097814896143,0.0030829844614293253,24.807448466186404,7.450411444139769e-136,0.07043843963966334,0.08252351665825952,2266,2266,0,5,full,fixed504,retain,dgtw,5,ar_dgtw_5,2746618
ld2_ols_characteristics_core_full_dgtw_fixed504_retain,ols,characteristics_core,504,ew_spread_bp,63.8656252639743,13.556270891604596,4.711149974402349,2.463228760895202e-06,37.29582255176061,90.435427976188,2266,2266,0,5,full,fixed504,retain,dgtw,5,ar_dgtw_5,2746618
ld2_ols_characteristics_core_full_dgtw_fixed504_retain,ols,characteristics_core,504,cap_spread_bp,23.58655393358533,14.723175414886123,1.6020018283377737,0.10915520518795285,-5.27033961765704,52.4434474848277,2266,2266,0,5,full,fixed504,retain,dgtw,5,ar_dgtw_5,2746618
ld2_ols_characteristics_core_full_dgtw_fixed504_recent,ols,characteristics_core,504,rank_ic,0.07616269986351393,0.0030317203049657617,25.12194140691816,2.8640784671052012e-139,0.07022063725458225,0.08210476247244561,2266,2266,0,5,full,fixed504,recent,dgtw,5,ar_dgtw_5,2746618
ld2_ols_characteristics_core_full_dgtw_fixed504_recent,ols,characteristics_core,504,ew_spread_bp,60.66200993170065,13.386410233195294,4.531611453328427,5.853544027122952e-06,34.42512799235945,86.89889187104185,2266,2266,0,5,full,fixed504,recent,dgtw,5,ar_dgtw_5,2746618
ld2_ols_characteristics_core_full_dgtw_fixed504_recent,ols,characteristics_core,504,cap_spread_bp,24.40975977715689,15.055907055008849,1.6212746059053393,0.10495875863325434,-5.099275805242964,53.91879535955674,2266,2266,0,5,full,fixed504,recent,dgtw,5,ar_dgtw_5,2746618
ld2_ols_characteristics_core_full_dgtw_fixed504_union,ols,characteristics_core,504,rank_ic,0.07694740099937629,0.003082596364512605,24.961880149217198,1.586749726274796e-137,0.07090562314605747,0.0829891788526951,2266,2266,0,5,full,fixed504,union,dgtw,5,ar_dgtw_5,2746618
ld2_ols_characteristics_core_full_dgtw_fixed504_union,ols,characteristics_core,504,ew_spread_bp,62.547383888554506,13.543776576424115,4.618164183055988,3.871498891022401e-06,36.002069584106046,89.09269819300297,2266,2266,0,5,full,fixed504,union,dgtw,5,ar_dgtw_5,2746618
ld2_ols_characteristics_core_full_dgtw_fixed504_union,ols,characteristics_core,504,cap_spread_bp,30.49313203049359,14.229713712693128,2.1429195728156665,0.032119557033889246,2.603405643299322,58.382858417687856,2266,2266,0,5,full,fixed504,union,dgtw,5,ar_dgtw_5,2746618
ld2_ridge_characteristics_core_full_dgtw_fixed504_retain,ridge,characteristics_core,504,rank_ic,0.07864888890999798,0.0031991598648966942,24.584232183263424,1.8627184237653877e-133,0.07237865079401444,0.08491912702598152,2266,2266,0,5,full,fixed504,retain,dgtw,5,ar_dgtw_5,2746618
ld2_ridge_characteristics_core_full_dgtw_fixed504_retain,ridge,characteristics_core,504,ew_spread_bp,56.27476269159866,13.761050996020705,4.089423308428381,4.324470180399544e-05,29.30359834997904,83.24592703321828,2266,2266,0,5,full,fixed504,retain,dgtw,5,ar_dgtw_5,2746618
ld2_ridge_characteristics_core_full_dgtw_fixed504_retain,ridge,characteristics_core,504,cap_spread_bp,30.150134128393127,14.735854524129214,2.0460390728629827,0.040752526576763315,1.2683899796782505,59.03187827710801,2266,2266,0,5,full,fixed504,retain,dgtw,5,ar_dgtw_5,2746618
ld2_ridge_characteristics_core_full_dgtw_fixed504_recent,ridge,characteristics_core,504,rank_ic,0.07796005491918084,0.0031693200859062146,24.598353213316873,1.3154913031058472e-133,0.07174830169532527,0.08417180814303642,2266,2266,0,5,full,fixed504,recent,dgtw,5,ar_dgtw_5,2746618
ld2_ridge_characteristics_core_full_dgtw_fixed504_recent,ridge,characteristics_core,504,ew_spread_bp,51.51323206806354,13.648014917707483,3.7744120576266518,0.00016038547306020955,24.76361436889148,78.2628497672356,2266,2266,0,5,full,fixed504,recent,dgtw,5,ar_dgtw_5,2746618
ld2_ridge_characteristics_core_full_dgtw_fixed504_recent,ridge,characteristics_core,504,cap_spread_bp,23.713048507312575,14.22818742888181,1.6666246931199007,0.0955890556544028,-4.173686418581326,51.599783433206476,2266,2266,0,5,full,fixed504,recent,dgtw,5,ar_dgtw_5,2746618
ld2_ridge_characteristics_core_full_dgtw_fixed504_union,ridge,characteristics_core,504,rank_ic,0.07868081110843161,0.003203055181758289,24.56430084518259,3.0423898888526833e-133,0.07240293831169096,0.08495868390517226,2266,2266,0,5,full,fixed504,union,dgtw,5,ar_dgtw_5,2746618
ld2_ridge_characteristics_core_full_dgtw_fixed504_union,ridge,characteristics_core,504,ew_spread_bp,54.87480194270502,13.729473797034576,3.99686126022961,6.418789473239312e-05,27.965527773830868,81.78407611157917,2266,2266,0,5,full,fixed504,union,dgtw,5,ar_dgtw_5,2746618
ld2_ridge_characteristics_core_full_dgtw_fixed504_union,ridge,characteristics_core,504,cap_spread_bp,29.607159201246585,14.533886758069869,2.0371122807054594,0.04163879151440464,1.121264600046036,58.09305380244713,2266,2266,0,5,full,fixed504,union,dgtw,5,ar_dgtw_5,2746618
ld2_lasso_characteristics_core_full_dgtw_fixed504_retain,lasso,characteristics_core,504,rank_ic,0.07818160103965659,0.0032124607939563706,24.336982162316282,7.96316914154766e-131,0.07188529358175515,0.08447790849755803,2266,2266,0,5,full,fixed504,retain,dgtw,5,ar_dgtw_5,2746618
ld2_lasso_characteristics_core_full_dgtw_fixed504_retain,lasso,characteristics_core,504,ew_spread_bp,57.284116926614324,13.248264586090098,4.3238959000531505,1.532976543767017e-05,31.317995480220286,83.25023837300836,2266,2266,0,5,full,fixed504,retain,dgtw,5,ar_dgtw_5,2746618
ld2_lasso_characteristics_core_full_dgtw_fixed504_retain,lasso,characteristics_core,504,cap_spread_bp,23.097563048255658,13.8661476212292,1.665751993934716,0.0957628213519855,-4.079586893669315,50.27471299018063,2266,2266,0,5,full,fixed504,retain,dgtw,5,ar_dgtw_5,2746618
ld2_lasso_characteristics_core_full_dgtw_fixed504_recent,lasso,characteristics_core,504,rank_ic,0.07747022476225031,0.0031914282881034843,24.27446828463353,3.648260370349747e-130,0.07121514025832516,0.08372530926617545,2266,2266,0,5,full,fixed504,recent,dgtw,5,ar_dgtw_5,2746618
ld2_lasso_characteristics_core_full_dgtw_fixed504_recent,lasso,characteristics_core,504,ew_spread_bp,55.74332033100941,13.314961282069797,4.186517643582976,2.8326692353913038e-05,29.64647576260734,81.84016489941148,2266,2266,0,5,full,fixed504,recent,dgtw,5,ar_dgtw_5,2746618
ld2_lasso_characteristics_core_full_dgtw_fixed504_recent,lasso,characteristics_core,504,cap_spread_bp,30.00613009384136,13.630408872028235,2.2014108582919114,0.02770695100102408,3.291019610110798,56.72124057757192,2266,2266,0,5,full,fixed504,recent,dgtw,5,ar_dgtw_5,2746618
ld2_lasso_characteristics_core_full_dgtw_fixed504_union,lasso,characteristics_core,504,rank_ic,0.07820726960141616,0.0032166244929680873,24.313459582362285,1.4125515465352758e-130,0.0719028014434093,0.08451173775942303,2266,2266,0,5,full,fixed504,union,dgtw,5,ar_dgtw_5,2746618
ld2_lasso_characteristics_core_full_dgtw_fixed504_union,lasso,characteristics_core,504,ew_spread_bp,57.56118785077649,13.29140117294599,4.330708786966684,1.4863014097949135e-05,31.51052024772892,83.61185545382406,2266,2266,0,5,full,fixed504,union,dgtw,5,ar_dgtw_5,2746618
ld2_lasso_characteristics_core_full_dgtw_fixed504_union,lasso,characteristics_core,504,cap_spread_bp,30.460327698463047,13.645651955282453,2.23223689115648,0.0255993103952231,3.715341320540869,57.20531407638522,2266,2266,0,5,full,fixed504,union,dgtw,5,ar_dgtw_5,2746618
ld2_enet_characteristics_core_full_dgtw_fixed504_retain,enet,characteristics_core,504,rank_ic,0.07838962639566381,0.0032153540029143043,24.379780989780194,2.802650871904029e-131,0.07208764835240508,0.08469160443892254,2266,2266,0,5,full,fixed504,retain,dgtw,5,ar_dgtw_5,2746618
ld2_enet_characteristics_core_full_dgtw_fixed504_retain,enet,characteristics_core,504,ew_spread_bp,57.18049496820273,13.225706164459933,4.323436061346799,1.5361767364535536e-05,31.258587215751884,83.10240272065357,2266,2266,0,5,full,fixed504,retain,dgtw,5,ar_dgtw_5,2746618
ld2_enet_characteristics_core_full_dgtw_fixed504_retain,enet,characteristics_core,504,cap_spread_bp,23.624079012023422,13.9878319113447,1.688902123056207,0.091238188357706,-3.791567756012256,51.0397257800591,2266,2266,0,5,full,fixed504,retain,dgtw,5,ar_dgtw_5,2746618
ld2_enet_characteristics_core_full_dgtw_fixed504_recent,enet,characteristics_core,504,rank_ic,0.07762429430102477,0.0031969779237127696,24.280522466316185,3.148800353671026e-130,0.0713583327111781,0.08389025589087144,2266,2266,0,5,full,fixed504,recent,dgtw,5,ar_dgtw_5,2746618
ld2_enet_characteristics_core_full_dgtw_fixed504_recent,enet,characteristics_core,504,ew_spread_bp,56.323726397458636,13.292223001153342,4.23734437742818,2.261790845958487e-05,30.271448040723175,82.3760047541941,2266,2266,0,5,full,fixed504,recent,dgtw,5,ar_dgtw_5,2746618
ld2_enet_characteristics_core_full_dgtw_fixed504_recent,enet,characteristics_core,504,cap_spread_bp,28.549810324343223,13.55251963257462,2.106605347076669,0.03515180286919124,1.987359944724961,55.11226070396148,2266,2266,0,5,full,fixed504,recent,dgtw,5,ar_dgtw_5,2746618
ld2_enet_characteristics_core_full_dgtw_fixed504_union,enet,characteristics_core,504,rank_ic,0.07840267077806315,0.0032213766878149267,24.338249877645946,7.720830768585872e-131,0.07208888848930896,0.08471645306681734,2266,2266,0,5,full,fixed504,union,dgtw,5,ar_dgtw_5,2746618
ld2_enet_characteristics_core_full_dgtw_fixed504_union,enet,characteristics_core,504,ew_spread_bp,57.4515542902236,13.28686280522748,4.3239367435645,1.5326926057676183e-05,31.409781724452905,83.4933268559943,2266,2266,0,5,full,fixed504,union,dgtw,5,ar_dgtw_5,2746618
ld2_enet_characteristics_core_full_dgtw_fixed504_union,enet,characteristics_core,504,cap_spread_bp,29.640554917015667,13.71808240577132,2.1606922921344767,0.03071911671814078,2.753607464751301,56.52750236928003,2266,2266,0,5,full,fixed504,union,dgtw,5,ar_dgtw_5,2746618
ld2_group_ridge_characteristics_core_full_dgtw_fixed504_retain,group_ridge,characteristics_core,504,rank_ic,0.07840630755915828,0.003191207008606315,24.569483379707293,2.6781180427020238e-133,0.0721516567550781,0.08466095836323846,2266,2266,0,5,full,fixed504,retain,dgtw,5,ar_dgtw_5,2746618
ld2_group_ridge_characteristics_core_full_dgtw_fixed504_retain,group_ridge,characteristics_core,504,ew_spread_bp,54.135871181437764,13.797404252901094,3.9236272409757764,8.722566273065609e-05,27.09345576561185,81.17828659726368,2266,2266,0,5,full,fixed504,retain,dgtw,5,ar_dgtw_5,2746618
ld2_group_ridge_characteristics_core_full_dgtw_fixed504_retain,group_ridge,characteristics_core,504,cap_spread_bp,30.51091034771167,14.687186092616804,2.077382975561901,0.03776622621227058,1.7245545719451698,59.29726612347817,2266,2266,0,5,full,fixed504,retain,dgtw,5,ar_dgtw_5,2746618
ld2_group_ridge_characteristics_core_full_dgtw_fixed504_recent,group_ridge,characteristics_core,504,rank_ic,0.07770192828404006,0.0031611492557276763,24.580278246353657,2.0531884827840823e-133,0.07150618959305821,0.0838976669750219,2266,2266,0,5,full,fixed504,recent,dgtw,5,ar_dgtw_5,2746618
ld2_group_ridge_characteristics_core_full_dgtw_fixed504_recent,group_ridge,characteristics_core,504,ew_spread_bp,50.33583958278699,13.657060466727955,3.6857008655279655,0.00022807411505944137,23.568492933314413,77.10318623225956,2266,2266,0,5,full,fixed504,recent,dgtw,5,ar_dgtw_5,2746618
ld2_group_ridge_characteristics_core_full_dgtw_fixed504_recent,group_ridge,characteristics_core,504,cap_spread_bp,23.49389980904119,14.213765229867876,1.6528976966407638,0.09835168600750714,-4.36456812620753,51.35236774428991,2266,2266,0,5,full,fixed504,recent,dgtw,5,ar_dgtw_5,2746618
ld2_group_ridge_characteristics_core_full_dgtw_fixed504_union,group_ridge,characteristics_core,504,rank_ic,0.07843717363869146,0.0031958245154709818,24.543642261637714,5.0567916091061914e-133,0.07217347268745816,0.08470087458992476,2266,2266,0,5,full,fixed504,union,dgtw,5,ar_dgtw_5,2746618
ld2_group_ridge_characteristics_core_full_dgtw_fixed504_union,group_ridge,characteristics_core,504,ew_spread_bp,53.16470417614093,13.767088314815098,3.861724640709183,0.00011258942225616877,26.181706907121114,80.14770144516075,2266,2266,0,5,full,fixed504,union,dgtw,5,ar_dgtw_5,2746618
ld2_group_ridge_characteristics_core_full_dgtw_fixed504_union,group_ridge,characteristics_core,504,cap_spread_bp,27.833377716159024,14.485309270599553,1.9214900556284078,0.05466995487168796,-0.5573067591402605,56.22406219145831,2266,2266,0,5,full,fixed504,union,dgtw,5,ar_dgtw_5,2746618
ld2_ols_characteristics_textcore_full_dgtw_fixed504_retain,ols,characteristics_textcore,504,rank_ic,0.06962914453786762,0.002749726251000364,25.32220962451669,1.8190624977618998e-141,0.06423978011856256,0.07501850895717267,2266,2266,0,5,full,fixed504,retain,dgtw,5,ar_dgtw_5,2746618
ld2_ols_characteristics_textcore_full_dgtw_fixed504_retain,ols,characteristics_textcore,504,ew_spread_bp,61.955737508825045,12.720757854918903,4.870443900861441,1.1134781233411365e-06,37.023510257129004,86.88796476052109,2266,2266,0,5,full,fixed504,retain,dgtw,5,ar_dgtw_5,2746618
ld2_ols_characteristics_textcore_full_dgtw_fixed504_retain,ols,characteristics_textcore,504,cap_spread_bp,16.31929297648104,14.623274468756604,1.1159807614462869,0.26443036972393097,-12.341798318325996,44.980384271288074,2266,2266,0,5,full,fixed504,retain,dgtw,5,ar_dgtw_5,2746618
ld2_ols_characteristics_textcore_full_dgtw_fixed504_recent,ols,characteristics_textcore,504,rank_ic,0.07110547244845018,0.0027538438987588965,25.820444100152528,5.227272416969201e-147,0.06570803758783737,0.07650290730906299,2266,2266,0,5,full,fixed504,recent,dgtw,5,ar_dgtw_5,2746618
ld2_ols_characteristics_textcore_full_dgtw_fixed504_recent,ols,characteristics_textcore,504,ew_spread_bp,64.77809284132546,12.774138338108646,5.0710342354814815,3.9565958099057363e-07,39.74124176510017,89.81494391755075,2266,2266,0,5,full,fixed504,recent,dgtw,5,ar_dgtw_5,2746618
ld2_ols_characteristics_textcore_full_dgtw_fixed504_recent,ols,characteristics_textcore,504,cap_spread_bp,26.202435779462878,14.412453829956787,1.8180412640767807,0.06905782614926587,-2.0454546560987907,54.450326215024546,2266,2266,0,5,full,fixed504,recent,dgtw,5,ar_dgtw_5,2746618
ld2_ols_characteristics_textcore_full_dgtw_fixed504_union,ols,characteristics_textcore,504,rank_ic,0.07173417547142935,0.0027961995942225506,25.654168471966383,3.7986561237384e-145,0.06625372497316764,0.07721462596969106,2266,2266,0,5,full,fixed504,union,dgtw,5,ar_dgtw_5,2746618
ld2_ols_characteristics_textcore_full_dgtw_fixed504_union,ols,characteristics_textcore,504,ew_spread_bp,66.22294658370971,12.900339219352796,5.13342676170589,2.84513773943761e-07,40.93874632542868,91.50714684199075,2266,2266,0,5,full,fixed504,union,dgtw,5,ar_dgtw_5,2746618
ld2_ols_characteristics_textcore_full_dgtw_fixed504_union,ols,characteristics_textcore,504,cap_spread_bp,21.933193060237475,14.500722754342023,1.5125586104782198,0.13039181429963143,-6.487701288073346,50.354087408548295,2266,2266,0,5,full,fixed504,union,dgtw,5,ar_dgtw_5,2746618
ld2_ridge_characteristics_textcore_full_dgtw_fixed504_retain,ridge,characteristics_textcore,504,rank_ic,0.07665444383163256,0.0030573798900245803,25.07193956555274,1.0065623005847304e-138,0.07066208936012734,0.08264679830313777,2266,2266,0,5,full,fixed504,retain,dgtw,5,ar_dgtw_5,2746618
ld2_ridge_characteristics_textcore_full_dgtw_fixed504_retain,ridge,characteristics_textcore,504,ew_spread_bp,58.95208470899502,13.429374223568209,4.389786428435036,1.134620399494159e-05,32.63099489589078,85.27317452209925,2266,2266,0,5,full,fixed504,retain,dgtw,5,ar_dgtw_5,2746618
ld2_ridge_characteristics_textcore_full_dgtw_fixed504_retain,ridge,characteristics_textcore,504,cap_spread_bp,38.54560290461263,15.213458695835817,2.5336515302179916,0.011288092339905652,8.727771780486727,68.36343402873854,2266,2266,0,5,full,fixed504,retain,dgtw,5,ar_dgtw_5,2746618
ld2_ridge_characteristics_textcore_full_dgtw_fixed504_recent,ridge,characteristics_textcore,504,rank_ic,0.07664902556682153,0.0030569973208952194,25.073304789281078,9.726381517703009e-139,0.07065742091703146,0.0826406302166116,2266,2266,0,5,full,fixed504,recent,dgtw,5,ar_dgtw_5,2746618
ld2_ridge_characteristics_textcore_full_dgtw_fixed504_recent,ridge,characteristics_textcore,504,ew_spread_bp,59.68752744760785,13.39589837169851,4.455656932551054,8.363668804139253e-06,33.43204909852002,85.94300579669567,2266,2266,0,5,full,fixed504,recent,dgtw,5,ar_dgtw_5,2746618
ld2_ridge_characteristics_textcore_full_dgtw_fixed504_recent,ridge,characteristics_textcore,504,cap_spread_bp,35.31005235687508,14.32268202883269,2.4653240423681235,0.013688939101765527,7.238111418343941,63.381993295406225,2266,2266,0,5,full,fixed504,recent,dgtw,5,ar_dgtw_5,2746618
ld2_ridge_characteristics_textcore_full_dgtw_fixed504_union,ridge,characteristics_textcore,504,rank_ic,0.07723331254489338,0.0030827900880978686,25.053055945352277,1.6169839138228198e-138,0.0711911550003245,0.08327547008946226,2266,2266,0,5,full,fixed504,union,dgtw,5,ar_dgtw_5,2746618
ld2_ridge_characteristics_textcore_full_dgtw_fixed504_union,ridge,characteristics_textcore,504,ew_spread_bp,59.587363519205596,13.666283725040293,4.360173161781033,1.2995956046087607e-05,32.80193961562073,86.37278742279045,2266,2266,0,5,full,fixed504,union,dgtw,5,ar_dgtw_5,2746618
ld2_ridge_characteristics_textcore_full_dgtw_fixed504_union,ridge,characteristics_textcore,504,cap_spread_bp,38.139244558480456,14.12773738387341,2.6996003338804844,0.006942281890966041,10.449388103048449,65.82910101391246,2266,2266,0,5,full,fixed504,union,dgtw,5,ar_dgtw_5,2746618
ld2_lasso_characteristics_textcore_full_dgtw_fixed504_retain,lasso,characteristics_textcore,504,rank_ic,0.07787243577660062,0.00320281750547613,24.313728660298466,1.403324963732094e-130,0.07159502881681298,0.08414984273638826,2266,2266,0,5,full,fixed504,retain,dgtw,5,ar_dgtw_5,2746618
ld2_lasso_characteristics_textcore_full_dgtw_fixed504_retain,lasso,characteristics_textcore,504,ew_spread_bp,59.30297277037274,13.191061218867793,4.4956938480089015,6.934345047128571e-06,33.448967863528836,85.15697767721664,2266,2266,0,5,full,fixed504,retain,dgtw,5,ar_dgtw_5,2746618
ld2_lasso_characteristics_textcore_full_dgtw_fixed504_retain,lasso,characteristics_textcore,504,cap_spread_bp,25.937508177075127,13.890158199464183,1.8673299327919586,0.06185552784091701,-1.2867016334383976,53.16171798758865,2266,2266,0,5,full,fixed504,retain,dgtw,5,ar_dgtw_5,2746618
ld2_lasso_characteristics_textcore_full_dgtw_fixed504_recent,lasso,characteristics_textcore,504,rank_ic,0.07756258000524782,0.0031869877868984263,24.337269293627152,7.907623898843865e-131,0.0713161987237579,0.08380896128673775,2266,2266,0,5,full,fixed504,recent,dgtw,5,ar_dgtw_5,2746618
ld2_lasso_characteristics_textcore_full_dgtw_fixed504_recent,lasso,characteristics_textcore,504,ew_spread_bp,58.817091452861504,13.311520983447124,4.418510215774783,9.938358345110804e-06,32.72698974585594,84.90719315986706,2266,2266,0,5,full,fixed504,recent,dgtw,5,ar_dgtw_5,2746618
ld2_lasso_characteristics_textcore_full_dgtw_fixed504_recent,lasso,characteristics_textcore,504,cap_spread_bp,28.22369221475245,13.88428039335904,2.032780339718007,0.042074720279047295,1.0110026925131166,55.436381736991784,2266,2266,0,5,full,fixed504,recent,dgtw,5,ar_dgtw_5,2746618
ld2_lasso_characteristics_textcore_full_dgtw_fixed504_union,lasso,characteristics_textcore,504,rank_ic,0.0780863650574315,0.0032132133835322736,24.30164316432401,1.8834597056328656e-130,0.07178858255106615,0.08438414756379684,2266,2266,0,5,full,fixed504,union,dgtw,5,ar_dgtw_5,2746618
ld2_lasso_characteristics_textcore_full_dgtw_fixed504_union,lasso,characteristics_textcore,504,ew_spread_bp,59.84972656683979,13.343522595820254,4.485301848672795,7.28107844935391e-06,33.69690285213568,86.0025502815439,2266,2266,0,5,full,fixed504,union,dgtw,5,ar_dgtw_5,2746618
ld2_lasso_characteristics_textcore_full_dgtw_fixed504_union,lasso,characteristics_textcore,504,cap_spread_bp,29.808238070131186,13.706926075346292,2.174684382645444,0.029653776009082193,2.943156623699501,56.67331951656287,2266,2266,0,5,full,fixed504,union,dgtw,5,ar_dgtw_5,2746618
ld2_enet_characteristics_textcore_full_dgtw_fixed504_retain,enet,characteristics_textcore,504,rank_ic,0.07822702114854801,0.003215113081219481,24.33103258653558,9.205929177956763e-131,0.07192551530313424,0.0845285269939618,2266,2266,0,5,full,fixed504,retain,dgtw,5,ar_dgtw_5,2746618
ld2_enet_characteristics_textcore_full_dgtw_fixed504_retain,enet,characteristics_textcore,504,ew_spread_bp,58.735763722993184,13.218266787819752,4.44352990190185,8.849485073320752e-06,32.828436880824526,84.64309056516184,2266,2266,0,5,full,fixed504,retain,dgtw,5,ar_dgtw_5,2746618
ld2_enet_characteristics_textcore_full_dgtw_fixed504_retain,enet,characteristics_textcore,504,cap_spread_bp,26.151796570458814,13.69129983114847,1.9101032694472164,0.0561199181391964,-0.6826580001315108,52.98625114104914,2266,2266,0,5,full,fixed504,retain,dgtw,5,ar_dgtw_5,2746618
ld2_enet_characteristics_textcore_full_dgtw_fixed504_recent,enet,characteristics_textcore,504,rank_ic,0.07787418434569807,0.003198696112900377,24.345602582136706,6.453624637316657e-131,0.07160485516692507,0.08414351352447107,2266,2266,0,5,full,fixed504,recent,dgtw,5,ar_dgtw_5,2746618
ld2_enet_characteristics_textcore_full_dgtw_fixed504_recent,enet,characteristics_textcore,504,ew_spread_bp,59.1108058014435,13.29486505376446,4.4461380813117914,8.742776409913494e-06,33.05334911674499,85.168262486142,2266,2266,0,5,full,fixed504,recent,dgtw,5,ar_dgtw_5,2746618
ld2_enet_characteristics_textcore_full_dgtw_fixed504_recent,enet,characteristics_textcore,504,cap_spread_bp,29.496646120575587,13.866561990901213,2.1271780373484304,0.03340529323944361,2.318684029017181,56.67460821213399,2266,2266,0,5,full,fixed504,recent,dgtw,5,ar_dgtw_5,2746618
ld2_enet_characteristics_textcore_full_dgtw_fixed504_union,enet,characteristics_textcore,504,rank_ic,0.0784117490604906,0.003224896320627232,24.314502317159693,1.3771303810876197e-130,0.0720910684181855,0.08473242970279571,2266,2266,0,5,full,fixed504,union,dgtw,5,ar_dgtw_5,2746618
ld2_enet_characteristics_textcore_full_dgtw_fixed504_union,enet,characteristics_textcore,504,ew_spread_bp,60.213890850026736,13.333522966471868,4.515977585326776,6.302533115467193e-06,34.08066604870422,86.34711565134926,2266,2266,0,5,full,fixed504,union,dgtw,5,ar_dgtw_5,2746618
ld2_enet_characteristics_textcore_full_dgtw_fixed504_union,enet,characteristics_textcore,504,cap_spread_bp,30.591316422839064,13.655193446692783,2.2402697217188177,0.02507341768346555,3.827629065393843,57.355003780284285,2266,2266,0,5,full,fixed504,union,dgtw,5,ar_dgtw_5,2746618
ld2_group_ridge_characteristics_textcore_full_dgtw_fixed504_retain,group_ridge,characteristics_textcore,504,rank_ic,0.07838489655827481,0.0031773573504955553,24.669839716344633,2.2544306165734697e-134,0.07215739058528992,0.0846124025312597,2266,2266,0,5,full,fixed504,retain,dgtw,5,ar_dgtw_5,2746618
ld2_group_ridge_characteristics_textcore_full_dgtw_fixed504_retain,group_ridge,characteristics_textcore,504,ew_spread_bp,53.744032521669205,13.779239391098702,3.9003627846387148,9.604865165122374e-05,26.737219580760122,80.75084546257828,2266,2266,0,5,full,fixed504,retain,dgtw,5,ar_dgtw_5,2746618
ld2_group_ridge_characteristics_textcore_full_dgtw_fixed504_retain,group_ridge,characteristics_textcore,504,cap_spread_bp,30.195483040889684,14.593108705935645,2.0691604269765964,0.03853103484756789,1.5935155547779054,58.79745052700146,2266,2266,0,5,full,fixed504,retain,dgtw,5,ar_dgtw_5,2746618
ld2_group_ridge_characteristics_textcore_full_dgtw_fixed504_recent,group_ridge,characteristics_textcore,504,rank_ic,0.07776343435731455,0.0031544503277840747,24.6519761850051,3.5048591999104537e-134,0.0715808253238372,0.0839460433907919,2266,2266,0,5,full,fixed504,recent,dgtw,5,ar_dgtw_5,2746618
ld2_group_ridge_characteristics_textcore_full_dgtw_fixed504_recent,group_ridge,characteristics_textcore,504,ew_spread_bp,52.17525780820026,13.733214989501374,3.799201996625456,0.00014516274425452384,25.25865103683195,79.09186457956856,2266,2266,0,5,full,fixed504,recent,dgtw,5,ar_dgtw_5,2746618
ld2_group_ridge_characteristics_textcore_full_dgtw_fixed504_recent,group_ridge,characteristics_textcore,504,cap_spread_bp,25.67821932307205,14.244098353145157,1.8027269039041836,0.07143111477363827,-2.239700441338755,53.596139087482854,2266,2266,0,5,full,fixed504,recent,dgtw,5,ar_dgtw_5,2746618
ld2_group_ridge_characteristics_textcore_full_dgtw_fixed504_union,group_ridge,characteristics_textcore,504,rank_ic,0.07845029173487918,0.0031852780373166074,24.62902478710101,6.175641023588152e-134,0.0722072615009922,0.08469332196876615,2266,2266,0,5,full,fixed504,union,dgtw,5,ar_dgtw_5,2746618
ld2_group_ridge_characteristics_textcore_full_dgtw_fixed504_union,group_ridge,characteristics_textcore,504,ew_spread_bp,53.046976293403006,13.718790847515812,3.866738467188507,0.00011030060509621525,26.158640320834287,79.93531226597173,2266,2266,0,5,full,fixed504,union,dgtw,5,ar_dgtw_5,2746618
ld2_group_ridge_characteristics_textcore_full_dgtw_fixed504_union,group_ridge,characteristics_textcore,504,cap_spread_bp,30.052060183434484,14.427943422564535,2.082906711183429,0.03725972777125174,1.7738107042264346,58.330309662642534,2266,2266,0,5,full,fixed504,union,dgtw,5,ar_dgtw_5,2746618
ld2_ols_characteristics_textcore_pca_dgtw_fixed504_retain,ols,characteristics_textcore,504,rank_ic,0.07649063523451781,0.0030380181857200482,25.177806898607678,7.011890275756861e-140,0.0705362290061288,0.08244504146290682,2266,2266,0,5,pca,fixed504,retain,dgtw,5,ar_dgtw_5,2746618
ld2_ols_characteristics_textcore_pca_dgtw_fixed504_retain,ols,characteristics_textcore,504,ew_spread_bp,65.61796821382109,13.713176858334535,4.785030404821191,1.709614507072909e-06,38.740635457857266,92.4953009697849,2266,2266,0,5,pca,fixed504,retain,dgtw,5,ar_dgtw_5,2746618
ld2_ols_characteristics_textcore_pca_dgtw_fixed504_retain,ols,characteristics_textcore,504,cap_spread_bp,24.051233382519765,15.193133433884896,1.583033117373856,0.11341391628878933,-5.72676096020599,53.82922772524552,2266,2266,0,5,pca,fixed504,retain,dgtw,5,ar_dgtw_5,2746618
ld2_ols_characteristics_textcore_pca_dgtw_fixed504_recent,ols,characteristics_textcore,504,rank_ic,0.07607714949968249,0.002988894662147083,25.453272229082906,6.494537517024787e-143,0.07021902360829019,0.08193527539107479,2266,2266,0,5,pca,fixed504,recent,dgtw,5,ar_dgtw_5,2746618
ld2_ols_characteristics_textcore_pca_dgtw_fixed504_recent,ols,characteristics_textcore,504,ew_spread_bp,65.50366370212004,13.489593432666291,4.855866415031968,1.1986148892621293e-06,39.064546408006066,91.942780996234,2266,2266,0,5,pca,fixed504,recent,dgtw,5,ar_dgtw_5,2746618
ld2_ols_characteristics_textcore_pca_dgtw_fixed504_recent,ols,characteristics_textcore,504,cap_spread_bp,29.632017761727738,15.384236296883552,1.9261286156746318,0.05408831635403158,-0.5205313098178728,59.784566833273345,2266,2266,0,5,pca,fixed504,recent,dgtw,5,ar_dgtw_5,2746618
ld2_ols_characteristics_textcore_pca_dgtw_fixed504_union,ols,characteristics_textcore,504,rank_ic,0.07690379381348506,0.0030387198422521414,25.307957892060216,2.610825066064902e-141,0.07094801236356363,0.08285957526340648,2266,2266,0,5,pca,fixed504,union,dgtw,5,ar_dgtw_5,2746618
ld2_ols_characteristics_textcore_pca_dgtw_fixed504_union,ols,characteristics_textcore,504,ew_spread_bp,66.991174374728,13.614301738662766,4.92064710042985,8.62585404281391e-07,40.307633292287946,93.67471545716806,2266,2266,0,5,pca,fixed504,union,dgtw,5,ar_dgtw_5,2746618
ld2_ols_characteristics_textcore_pca_dgtw_fixed504_union,ols,characteristics_textcore,504,cap_spread_bp,24.884728456924748,15.671695081002945,1.5878772735369093,0.11231409345949382,-5.831229478534549,55.60068639238405,2266,2266,0,5,pca,fixed504,union,dgtw,5,ar_dgtw_5,2746618
ld2_ridge_characteristics_textcore_pca_dgtw_fixed504_retain,ridge,characteristics_textcore,504,rank_ic,0.07824602664297955,0.0031600777944890738,24.760791262618422,2.3724385628705635e-135,0.07205238797743621,0.0844396653085229,2266,2266,0,5,pca,fixed504,retain,dgtw,5,ar_dgtw_5,2746618
ld2_ridge_characteristics_textcore_pca_dgtw_fixed504_retain,ridge,characteristics_textcore,504,ew_spread_bp,59.00556908287607,13.818128688799598,4.270156286118795,1.9533603965759343e-05,31.92253451908918,86.08860364666296,2266,2266,0,5,pca,fixed504,retain,dgtw,5,ar_dgtw_5,2746618
ld2_ridge_characteristics_textcore_pca_dgtw_fixed504_retain,ridge,characteristics_textcore,504,cap_spread_bp,25.50954239623544,15.642829231486301,1.6307499122274605,0.10294310012792042,-5.149839513788084,56.16892430625896,2266,2266,0,5,pca,fixed504,retain,dgtw,5,ar_dgtw_5,2746618
ld2_ridge_characteristics_textcore_pca_dgtw_fixed504_recent,ridge,characteristics_textcore,504,rank_ic,0.07767863205442625,0.0031428807512563187,24.715742722142863,7.243874978333268e-135,0.07151869897425968,0.08383856513459283,2266,2266,0,5,pca,fixed504,recent,dgtw,5,ar_dgtw_5,2746618
ld2_ridge_characteristics_textcore_pca_dgtw_fixed504_recent,ridge,characteristics_textcore,504,ew_spread_bp,59.45287296367364,13.704259382499535,4.338276976835064,1.4360410740763697e-05,32.593018139179435,86.31272778816785,2266,2266,0,5,pca,fixed504,recent,dgtw,5,ar_dgtw_5,2746618
ld2_ridge_characteristics_textcore_pca_dgtw_fixed504_recent,ridge,characteristics_textcore,504,cap_spread_bp,28.044978024872897,15.653615715428828,1.7915974516501416,0.07319747164247337,-2.635545005197798,58.72550105494359,2266,2266,0,5,pca,fixed504,recent,dgtw,5,ar_dgtw_5,2746618
ld2_ridge_characteristics_textcore_pca_dgtw_fixed504_union,ridge,characteristics_textcore,504,rank_ic,0.07834234766517811,0.0031709337033809046,24.706397229827964,9.129129614998279e-135,0.07212743180918732,0.08455726352116891,2266,2266,0,5,pca,fixed504,union,dgtw,5,ar_dgtw_5,2746618
ld2_ridge_characteristics_textcore_pca_dgtw_fixed504_union,ridge,characteristics_textcore,504,ew_spread_bp,60.56650873465912,13.810323967141377,4.385596520310732,1.1566835326411952e-05,33.4987711442317,87.63424632508654,2266,2266,0,5,pca,fixed504,union,dgtw,5,ar_dgtw_5,2746618
ld2_ridge_characteristics_textcore_pca_dgtw_fixed504_union,ridge,characteristics_textcore,504,cap_spread_bp,31.373085396686093,15.808188118975947,1.9846098212246248,0.04718789880508552,0.3896060226592546,62.356564770712936,2266,2266,0,5,pca,fixed504,union,dgtw,5,ar_dgtw_5,2746618
ld2_lasso_characteristics_textcore_pca_dgtw_fixed504_retain,lasso,characteristics_textcore,504,rank_ic,0.07806823042897035,0.0031649617950582406,24.66640531044191,2.454091321766766e-134,0.07186501929821096,0.08427144155972974,2266,2266,0,5,pca,fixed504,retain,dgtw,5,ar_dgtw_5,2746618
ld2_lasso_characteristics_textcore_pca_dgtw_fixed504_retain,lasso,characteristics_textcore,504,ew_spread_bp,60.91004887750587,13.242725259592959,4.599510122237336,4.2348561634419185e-06,34.954784311544834,86.8653134434669,2266,2266,0,5,pca,fixed504,retain,dgtw,5,ar_dgtw_5,2746618
ld2_lasso_characteristics_textcore_pca_dgtw_fixed504_retain,lasso,characteristics_textcore,504,cap_spread_bp,19.611570374964074,13.860465367127189,1.4149287094989436,0.15708939938922345,-7.554442553569952,46.777583303498105,2266,2266,0,5,pca,fixed504,retain,dgtw,5,ar_dgtw_5,2746618
ld2_lasso_characteristics_textcore_pca_dgtw_fixed504_recent,lasso,characteristics_textcore,504,rank_ic,0.07751582664121047,0.0031431737014351742,24.66164265939764,2.7605092402231854e-134,0.07135531938924408,0.08367633389317686,2266,2266,0,5,pca,fixed504,recent,dgtw,5,ar_dgtw_5,2746618
ld2_lasso_characteristics_textcore_pca_dgtw_fixed504_recent,lasso,characteristics_textcore,504,ew_spread_bp,61.714643241221005,13.299366050933706,4.640419927150454,3.477018877227748e-06,35.64836476417625,87.78092171826576,2266,2266,0,5,pca,fixed504,recent,dgtw,5,ar_dgtw_5,2746618
ld2_lasso_characteristics_textcore_pca_dgtw_fixed504_recent,lasso,characteristics_textcore,504,cap_spread_bp,27.274555604425828,13.72939482647573,1.986581051032901,0.04696884280595792,0.36543621500285184,54.183674993848804,2266,2266,0,5,pca,fixed504,recent,dgtw,5,ar_dgtw_5,2746618
ld2_lasso_characteristics_textcore_pca_dgtw_fixed504_union,lasso,characteristics_textcore,504,rank_ic,0.07814756263052634,0.0031731316355450637,24.627898116525056,6.349692881020008e-134,0.07192833890665334,0.08436678635439934,2266,2266,0,5,pca,fixed504,union,dgtw,5,ar_dgtw_5,2746618
ld2_lasso_characteristics_textcore_pca_dgtw_fixed504_union,lasso,characteristics_textcore,504,ew_spread_bp,63.39449933791817,13.301331535432746,4.766026556743192,1.878945046267287e-06,37.32436858204313,89.4646300937932,2266,2266,0,5,pca,fixed504,union,dgtw,5,ar_dgtw_5,2746618
ld2_lasso_characteristics_textcore_pca_dgtw_fixed504_union,lasso,characteristics_textcore,504,cap_spread_bp,30.84995141547188,13.762670943663686,2.2415671741156578,0.024989359509165525,3.875612034815177,57.82429079612859,2266,2266,0,5,pca,fixed504,union,dgtw,5,ar_dgtw_5,2746618
ld2_enet_characteristics_textcore_pca_dgtw_fixed504_retain,enet,characteristics_textcore,504,rank_ic,0.07838882008139594,0.003175709191006909,24.683878581634712,1.5934401362638183e-134,0.07216454444164958,0.08461309572114231,2266,2266,0,5,pca,fixed504,retain,dgtw,5,ar_dgtw_5,2746618
ld2_enet_characteristics_textcore_pca_dgtw_fixed504_retain,enet,characteristics_textcore,504,ew_spread_bp,60.725569638065664,13.282579892403215,4.571820394078473,4.835052918972676e-06,34.69219142717946,86.75894784895186,2266,2266,0,5,pca,fixed504,retain,dgtw,5,ar_dgtw_5,2746618
ld2_enet_characteristics_textcore_pca_dgtw_fixed504_retain,enet,characteristics_textcore,504,cap_spread_bp,15.721139735752374,15.383409950115597,1.0219541562457184,0.3068025986038102,-14.429789725889307,45.872069197394055,2266,2266,0,5,pca,fixed504,retain,dgtw,5,ar_dgtw_5,2746618
ld2_enet_characteristics_textcore_pca_dgtw_fixed504_recent,enet,characteristics_textcore,504,rank_ic,0.07778498222353895,0.0031563851735996497,24.643691420850992,4.300308938699281e-134,0.07159858096194743,0.08397138348513047,2266,2266,0,5,pca,fixed504,recent,dgtw,5,ar_dgtw_5,2746618
ld2_enet_characteristics_textcore_pca_dgtw_fixed504_recent,enet,characteristics_textcore,504,ew_spread_bp,62.207085511808145,13.225785663814944,4.703469955815439,2.5577674933884116e-06,36.28502194348468,88.12914908013161,2266,2266,0,5,pca,fixed504,recent,dgtw,5,ar_dgtw_5,2746618
ld2_enet_characteristics_textcore_pca_dgtw_fixed504_recent,enet,characteristics_textcore,504,cap_spread_bp,21.65464304400194,15.40199686845419,1.405963345464262,0.15973500942216234,-8.53271610816697,51.84200219617085,2266,2266,0,5,pca,fixed504,recent,dgtw,5,ar_dgtw_5,2746618
ld2_enet_characteristics_textcore_pca_dgtw_fixed504_union,enet,characteristics_textcore,504,rank_ic,0.07842091063202816,0.0031876350673549258,24.601596159845617,1.2144634966822995e-133,0.0721732607041556,0.08466856055990073,2266,2266,0,5,pca,fixed504,union,dgtw,5,ar_dgtw_5,2746618
ld2_enet_characteristics_textcore_pca_dgtw_fixed504_union,enet,characteristics_textcore,504,ew_spread_bp,62.737223226407956,13.298638934696237,4.71756722883318,2.3868154062420604e-06,36.67236987100122,88.80207658181469,2266,2266,0,5,pca,fixed504,union,dgtw,5,ar_dgtw_5,2746618
ld2_enet_characteristics_textcore_pca_dgtw_fixed504_union,enet,characteristics_textcore,504,cap_spread_bp,24.536447793944856,15.584466981013364,1.574416874432583,0.11539110519850702,-6.008546207095005,55.08144179498471,2266,2266,0,5,pca,fixed504,union,dgtw,5,ar_dgtw_5,2746618
ld2_group_ridge_characteristics_textcore_pca_dgtw_fixed504_retain,group_ridge,characteristics_textcore,504,rank_ic,0.07832620066502577,0.0031631995411029036,24.761700818189926,2.3195194072654573e-135,0.07212644348855045,0.08452595784150109,2266,2266,0,5,pca,fixed504,retain,dgtw,5,ar_dgtw_5,2746618
ld2_group_ridge_characteristics_textcore_pca_dgtw_fixed504_retain,group_ridge,characteristics_textcore,504,ew_spread_bp,57.07580363713057,13.671705774354344,4.174739025191318,2.983278467175407e-05,30.279752712167767,83.87185456209338,2266,2266,0,5,pca,fixed504,retain,dgtw,5,ar_dgtw_5,2746618
ld2_group_ridge_characteristics_textcore_pca_dgtw_fixed504_retain,group_ridge,characteristics_textcore,504,cap_spread_bp,27.02210967823002,14.657613739108067,1.8435544938759143,0.06524809307951263,-1.7062853497212664,55.7505047061813,2266,2266,0,5,pca,fixed504,retain,dgtw,5,ar_dgtw_5,2746618
ld2_group_ridge_characteristics_textcore_pca_dgtw_fixed504_recent,group_ridge,characteristics_textcore,504,rank_ic,0.07761735395441095,0.0031340301901893915,24.765987959331206,2.085526528766097e-135,0.07147476765517853,0.08375994025364338,2266,2266,0,5,pca,fixed504,recent,dgtw,5,ar_dgtw_5,2746618
ld2_group_ridge_characteristics_textcore_pca_dgtw_fixed504_recent,group_ridge,characteristics_textcore,504,ew_spread_bp,55.48319036959277,13.59916145217081,4.079897908759373,4.505548409643614e-05,28.82932370339256,82.13705703579298,2266,2266,0,5,pca,fixed504,recent,dgtw,5,ar_dgtw_5,2746618
ld2_group_ridge_characteristics_textcore_pca_dgtw_fixed504_recent,group_ridge,characteristics_textcore,504,cap_spread_bp,26.091453393268832,14.209044800006245,1.8362566773846307,0.0663197037873608,-1.7577626694595416,53.94066945599721,2266,2266,0,5,pca,fixed504,recent,dgtw,5,ar_dgtw_5,2746618
ld2_group_ridge_characteristics_textcore_pca_dgtw_fixed504_union,group_ridge,characteristics_textcore,504,rank_ic,0.07835607049165971,0.0031671252045300763,24.740439809447267,3.9292514866926876e-135,0.07214861915625172,0.08456352182706771,2266,2266,0,5,pca,fixed504,union,dgtw,5,ar_dgtw_5,2746618
ld2_group_ridge_characteristics_textcore_pca_dgtw_fixed504_union,group_ridge,characteristics_textcore,504,ew_spread_bp,57.28111334604606,13.727705015081758,4.172664934387426,3.0105751677900558e-05,30.375305926095937,84.18692076599619,2266,2266,0,5,pca,fixed504,union,dgtw,5,ar_dgtw_5,2746618
ld2_group_ridge_characteristics_textcore_pca_dgtw_fixed504_union,group_ridge,characteristics_textcore,504,cap_spread_bp,29.9915812715331,14.586013451054171,2.0561876877582015,0.03976442858741538,1.403520229450141,58.57964231361606,2266,2266,0,5,pca,fixed504,union,dgtw,5,ar_dgtw_5,2746618
ld2_ols_characteristics_full_dgtw_fixed504_retain,ols,characteristics,504,rank_ic,0.0856068273403451,0.004148552782534051,20.6353472711643,1.3219244648253765e-94,0.07747581329861493,0.09373784138207526,2266,2266,0,9,full,fixed504,retain,dgtw,10,ar_dgtw_10,2743765
ld2_ols_characteristics_full_dgtw_fixed504_retain,ols,characteristics,504,ew_spread_bp,90.61317201605368,25.483607248309298,3.555743546552476,0.00037691160374714316,40.66621961320359,140.56012441890377,2266,2266,0,9,full,fixed504,retain,dgtw,10,ar_dgtw_10,2743765
ld2_ols_characteristics_full_dgtw_fixed504_retain,ols,characteristics,504,cap_spread_bp,44.20640151670241,23.796369188725784,1.8576952293060935,0.0632123063766428,-2.433625056018755,90.84642808942357,2266,2266,0,9,full,fixed504,retain,dgtw,10,ar_dgtw_10,2743765
ld2_ols_characteristics_full_dgtw_fixed504_recent,ols,characteristics,504,rank_ic,0.08481070348507877,0.00408480651149801,20.762477548532985,9.45635264964192e-96,0.07680462983872798,0.09281677713142956,2266,2266,0,9,full,fixed504,recent,dgtw,10,ar_dgtw_10,2743765
ld2_ols_characteristics_full_dgtw_fixed504_recent,ols,characteristics,504,ew_spread_bp,86.06166101423733,25.246063257173574,3.4089141002917844,0.0006522201335707097,36.58028627875716,135.5430357497175,2266,2266,0,9,full,fixed504,recent,dgtw,10,ar_dgtw_10,2743765
ld2_ols_characteristics_full_dgtw_fixed504_recent,ols,characteristics,504,cap_spread_bp,46.49178869117078,22.943225193909146,2.0263841852327364,0.04272543030308425,1.523893621916855,91.45968376042471,2266,2266,0,9,full,fixed504,recent,dgtw,10,ar_dgtw_10,2743765
ld2_ols_characteristics_full_dgtw_fixed504_union,ols,characteristics,504,rank_ic,0.08598929372400509,0.004144134306059756,20.749639701171684,1.235135209465605e-95,0.07786693973703107,0.0941116477109791,2266,2266,0,9,full,fixed504,union,dgtw,10,ar_dgtw_10,2743765
ld2_ols_characteristics_full_dgtw_fixed504_union,ols,characteristics,504,ew_spread_bp,90.8144493661577,25.454962643744075,3.567652038510324,0.0003601943867439781,40.923639356606834,140.70525937570858,2266,2266,0,9,full,fixed504,union,dgtw,10,ar_dgtw_10,2743765
ld2_ols_characteristics_full_dgtw_fixed504_union,ols,characteristics,504,cap_spread_bp,50.75033757007098,23.32979137467764,2.1753446807568046,0.029604296628668335,5.0247867088696125,96.47588843127235,2266,2266,0,9,full,fixed504,union,dgtw,10,ar_dgtw_10,2743765
ld2_ridge_characteristics_full_dgtw_fixed504_retain,ridge,characteristics,504,rank_ic,0.08754658413326112,0.004228713775323185,20.702887162555772,3.262295898268822e-95,0.07925845743269927,0.09583471083382297,2266,2266,0,9,full,fixed504,retain,dgtw,10,ar_dgtw_10,2743765
ld2_ridge_characteristics_full_dgtw_fixed504_retain,ridge,characteristics,504,ew_spread_bp,68.16533685001362,26.131069845508822,2.6085934197496807,0.009091519200839863,16.949381075315692,119.38129262471153,2266,2266,0,9,full,fixed504,retain,dgtw,10,ar_dgtw_10,2743765
ld2_ridge_characteristics_full_dgtw_fixed504_retain,ridge,characteristics,504,cap_spread_bp,47.46759175247328,23.35087502514375,2.0327971307867965,0.042073023145377086,1.700717695695701,93.23446580925086,2266,2266,0,9,full,fixed504,retain,dgtw,10,ar_dgtw_10,2743765
ld2_ridge_characteristics_full_dgtw_fixed504_recent,ridge,characteristics,504,rank_ic,0.08634313030047469,0.004206793734841629,20.52468833576534,1.2959166665596098e-93,0.07809796608979636,0.09458829451115303,2266,2266,0,9,full,fixed504,recent,dgtw,10,ar_dgtw_10,2743765
ld2_ridge_characteristics_full_dgtw_fixed504_recent,ridge,characteristics,504,ew_spread_bp,63.36247548165585,25.631875393193212,2.472018707553578,0.013435248548734678,13.124922854778717,113.60002810853298,2266,2266,0,9,full,fixed504,recent,dgtw,10,ar_dgtw_10,2743765
ld2_ridge_characteristics_full_dgtw_fixed504_recent,ridge,characteristics,504,cap_spread_bp,46.54100230363771,23.914555330268705,1.946137055901293,0.051638278410351804,-0.3306648499793283,93.41266945725475,2266,2266,0,9,full,fixed504,recent,dgtw,10,ar_dgtw_10,2743765
ld2_ridge_characteristics_full_dgtw_fixed504_union,ridge,characteristics,504,rank_ic,0.08743630676419303,0.004240300020012682,20.620311381629907,1.8039377099441601e-94,0.0791254714413237,0.09574714208706236,2266,2266,0,9,full,fixed504,union,dgtw,10,ar_dgtw_10,2743765
ld2_ridge_characteristics_full_dgtw_fixed504_union,ridge,characteristics,504,ew_spread_bp,66.24794171895026,26.21073122851959,2.527512152994291,0.011487384819448195,14.875852502592572,117.62003093530794,2266,2266,0,9,full,fixed504,union,dgtw,10,ar_dgtw_10,2743765
ld2_ridge_characteristics_full_dgtw_fixed504_union,ridge,characteristics,504,cap_spread_bp,50.415753871002,23.943906947754968,2.105577589363673,0.035241061033452946,3.4865586042238945,97.3449491377801,2266,2266,0,9,full,fixed504,union,dgtw,10,ar_dgtw_10,2743765
ld2_lasso_characteristics_full_dgtw_fixed504_retain,lasso,characteristics,504,rank_ic,0.08733023975640303,0.00421031677568055,20.741964182086296,1.4488693938799314e-95,0.07907817051256434,0.09558230900024171,2266,2266,0,9,full,fixed504,retain,dgtw,10,ar_dgtw_10,2743765
ld2_lasso_characteristics_full_dgtw_fixed504_retain,lasso,characteristics,504,ew_spread_bp,72.66582780193549,25.511760533784603,2.8483266650965113,0.004394978712770062,22.663695973507323,122.66795963036367,2266,2266,0,9,full,fixed504,retain,dgtw,10,ar_dgtw_10,2743765
ld2_lasso_characteristics_full_dgtw_fixed504_retain,lasso,characteristics,504,cap_spread_bp,44.63045952696125,22.884888542468016,1.9502152891913578,0.05115046423681718,-0.2230978064893847,89.48401686041188,2266,2266,0,9,full,fixed504,retain,dgtw,10,ar_dgtw_10,2743765
ld2_lasso_characteristics_full_dgtw_fixed504_recent,lasso,characteristics,504,rank_ic,0.08602185283308163,0.004177347313552812,20.592458892272592,3.2067448785443224e-94,0.07783440254760296,0.0942093031185603,2266,2266,0,9,full,fixed504,recent,dgtw,10,ar_dgtw_10,2743765
ld2_lasso_characteristics_full_dgtw_fixed504_recent,lasso,characteristics,504,ew_spread_bp,72.30356124788393,24.17100897025523,2.9913340124469143,0.002777614965329964,24.929254196189106,119.67786829957876,2266,2266,0,9,full,fixed504,recent,dgtw,10,ar_dgtw_10,2743765
ld2_lasso_characteristics_full_dgtw_fixed504_recent,lasso,characteristics,504,cap_spread_bp,49.101310890183136,23.114282429346506,2.12428445660259,0.03364636465852038,3.7981498001770007,94.40447198018927,2266,2266,0,9,full,fixed504,recent,dgtw,10,ar_dgtw_10,2743765
ld2_lasso_characteristics_full_dgtw_fixed504_union,lasso,characteristics,504,rank_ic,0.08719581792552436,0.004224328206381044,20.641345479219876,1.1676652263513475e-94,0.07891628678214083,0.0954753490689079,2266,2266,0,9,full,fixed504,union,dgtw,10,ar_dgtw_10,2743765
ld2_lasso_characteristics_full_dgtw_fixed504_union,lasso,characteristics,504,ew_spread_bp,73.8718059429549,25.512998176470816,2.8954576577786395,0.003786061032468961,23.86724837943602,123.87636350647377,2266,2266,0,9,full,fixed504,union,dgtw,10,ar_dgtw_10,2743765
ld2_lasso_characteristics_full_dgtw_fixed504_union,lasso,characteristics,504,cap_spread_bp,53.50855885148279,23.35681741685208,2.2909182315599232,0.021968143320743386,7.730037920974851,99.28707978199073,2266,2266,0,9,full,fixed504,union,dgtw,10,ar_dgtw_10,2743765
ld2_enet_characteristics_full_dgtw_fixed504_retain,enet,characteristics,504,rank_ic,0.08769974568142286,0.004224794731304654,20.75834478574546,1.0305551850351793e-95,0.07941930016599116,0.09598019119685455,2266,2266,0,9,full,fixed504,retain,dgtw,10,ar_dgtw_10,2743765
ld2_enet_characteristics_full_dgtw_fixed504_retain,enet,characteristics,504,ew_spread_bp,72.60931405627166,25.627939003949407,2.833209258266229,0.0046083207723640746,22.37947661054151,122.83915150200181,2266,2266,0,9,full,fixed504,retain,dgtw,10,ar_dgtw_10,2743765
ld2_enet_characteristics_full_dgtw_fixed504_retain,enet,characteristics,504,cap_spread_bp,48.85672912834347,22.69013218199576,2.1532148308554353,0.03130179863208704,4.384887247178547,93.32857100950838,2266,2266,0,9,full,fixed504,retain,dgtw,10,ar_dgtw_10,2743765
ld2_enet_characteristics_full_dgtw_fixed504_recent,enet,characteristics,504,rank_ic,0.08634264323180096,0.004190806492787502,20.6028704451993,2.586484384049952e-94,0.07812881343976084,0.09455647302384108,2266,2266,0,9,full,fixed504,recent,dgtw,10,ar_dgtw_10,2743765
ld2_enet_characteristics_full_dgtw_fixed504_recent,enet,characteristics,504,ew_spread_bp,73.54146011409162,24.28375580113804,3.0284219918998345,0.0024583453682998488,25.946173334495455,121.13674689368779,2266,2266,0,9,full,fixed504,recent,dgtw,10,ar_dgtw_10,2743765
ld2_enet_characteristics_full_dgtw_fixed504_recent,enet,characteristics,504,cap_spread_bp,51.80386658493436,23.398568174689967,2.213975923576818,0.02683043520792973,5.943515672736915,97.6642174971318,2266,2266,0,9,full,fixed504,recent,dgtw,10,ar_dgtw_10,2743765
ld2_enet_characteristics_full_dgtw_fixed504_union,enet,characteristics,504,rank_ic,0.08748989658628373,0.004235979795074366,20.653992893926866,8.987565273928231e-95,0.07918752874869861,0.09579226442386884,2266,2266,0,9,full,fixed504,union,dgtw,10,ar_dgtw_10,2743765
ld2_enet_characteristics_full_dgtw_fixed504_union,enet,characteristics,504,ew_spread_bp,74.32254820261646,25.569612458396257,2.906674800939788,0.0036529273945220624,24.207028685513123,124.4380677197198,2266,2266,0,9,full,fixed504,union,dgtw,10,ar_dgtw_10,2743765
ld2_enet_characteristics_full_dgtw_fixed504_union,enet,characteristics,504,cap_spread_bp,56.5471397652796,23.295506549006852,2.4273839955495777,0.015208149576434996,10.888785927609206,102.20549360295,2266,2266,0,9,full,fixed504,union,dgtw,10,ar_dgtw_10,2743765
ld2_ols_characteristics_core_full_dgtw_fixed504_retain,ols,characteristics_core,504,rank_ic,0.08788210914952778,0.004239050986743522,20.731552751867138,1.798913021028401e-95,0.0795737218868815,0.09619049641217406,2266,2266,0,9,full,fixed504,retain,dgtw,10,ar_dgtw_10,2743765
ld2_ols_characteristics_core_full_dgtw_fixed504_retain,ols,characteristics_core,504,ew_spread_bp,100.66753872939553,25.781834346985832,3.904591790272077,9.438456414176962e-05,50.13607195392556,151.1990055048655,2266,2266,0,9,full,fixed504,retain,dgtw,10,ar_dgtw_10,2743765
ld2_ols_characteristics_core_full_dgtw_fixed504_retain,ols,characteristics_core,504,cap_spread_bp,46.5522677398884,24.065264916844296,1.9344174228185829,0.053061826006383254,-0.6147847755417146,93.71932025531851,2266,2266,0,9,full,fixed504,retain,dgtw,10,ar_dgtw_10,2743765
ld2_ols_characteristics_core_full_dgtw_fixed504_recent,ols,characteristics_core,504,rank_ic,0.08701398324269123,0.004185200582331931,20.790875259366505,5.234734665038969e-96,0.07881114083324459,0.09521682565213788,2266,2266,0,9,full,fixed504,recent,dgtw,10,ar_dgtw_10,2743765
ld2_ols_characteristics_core_full_dgtw_fixed504_recent,ols,characteristics_core,504,ew_spread_bp,100.29124952299587,25.16723961067855,3.984992040225259,6.748238770651083e-05,50.96436629577606,149.6181327502157,2266,2266,0,9,full,fixed504,recent,dgtw,10,ar_dgtw_10,2743765
ld2_ols_characteristics_core_full_dgtw_fixed504_recent,ols,characteristics_core,504,cap_spread_bp,48.63694475331306,23.304057310380912,2.087059094711696,0.03688279306037048,2.961831731309111,94.31205777531702,2266,2266,0,9,full,fixed504,recent,dgtw,10,ar_dgtw_10,2743765
ld2_ols_characteristics_core_full_dgtw_fixed504_union,ols,characteristics_core,504,rank_ic,0.08825425067416086,0.004242783285673122,20.801027234215482,4.236384721031962e-96,0.07993854824003302,0.0965699531082887,2266,2266,0,9,full,fixed504,union,dgtw,10,ar_dgtw_10,2743765
ld2_ols_characteristics_core_full_dgtw_fixed504_union,ols,characteristics_core,504,ew_spread_bp,100.52096595760581,25.80495435726852,3.895413437508829,9.80313688466719e-05,49.94418479465957,151.09774712055204,2266,2266,0,9,full,fixed504,union,dgtw,10,ar_dgtw_10,2743765
ld2_ols_characteristics_core_full_dgtw_fixed504_union,ols,characteristics_core,504,cap_spread_bp,54.50215653965337,23.573598055474307,2.3119999081767992,0.020777688373286793,8.298753364900278,100.70555971440646,2266,2266,0,9,full,fixed504,union,dgtw,10,ar_dgtw_10,2743765
ld2_ridge_characteristics_core_full_dgtw_fixed504_retain,ridge,characteristics_core,504,rank_ic,0.0906008143239624,0.004407254949052624,20.557198385683996,6.63554638775614e-94,0.08196275335313334,0.09923887529479146,2266,2266,0,9,full,fixed504,retain,dgtw,10,ar_dgtw_10,2743765
ld2_ridge_characteristics_core_full_dgtw_fixed504_retain,ridge,characteristics_core,504,ew_spread_bp,89.58596351349219,26.58800693987875,3.3694125218210407,0.000753285976751328,37.47442749062883,141.69749953635556,2266,2266,0,9,full,fixed504,retain,dgtw,10,ar_dgtw_10,2743765
ld2_ridge_characteristics_core_full_dgtw_fixed504_retain,ridge,characteristics_core,504,cap_spread_bp,55.113320391833874,24.686740238799146,2.2325070000621023,0.025581473097557723,6.7281986280918105,103.49844215557593,2266,2266,0,9,full,fixed504,retain,dgtw,10,ar_dgtw_10,2743765
ld2_ridge_characteristics_core_full_dgtw_fixed504_recent,ridge,characteristics_core,504,rank_ic,0.08941080220355727,0.004373574533077465,20.443415683748135,6.875473043162844e-93,0.08083875363502385,0.09798285077209068,2266,2266,0,9,full,fixed504,recent,dgtw,10,ar_dgtw_10,2743765
ld2_ridge_characteristics_core_full_dgtw_fixed504_recent,ridge,characteristics_core,504,ew_spread_bp,85.16856440407756,26.31160615817757,3.236920007546077,0.0012082727587737984,33.59876395864722,136.7383648495079,2266,2266,0,9,full,fixed504,recent,dgtw,10,ar_dgtw_10,2743765
ld2_ridge_characteristics_core_full_dgtw_fixed504_recent,ridge,characteristics_core,504,cap_spread_bp,48.57244500900161,24.67239288593176,1.9686961549926396,0.048987993112334836,0.2154435401531174,96.9294464778501,2266,2266,0,9,full,fixed504,recent,dgtw,10,ar_dgtw_10,2743765
ld2_ridge_characteristics_core_full_dgtw_fixed504_union,ridge,characteristics_core,504,rank_ic,0.0905262884781452,0.004413340184604142,20.51196705704775,1.6834659703110693e-93,0.08187630066479773,0.09917627629149267,2266,2266,0,9,full,fixed504,union,dgtw,10,ar_dgtw_10,2743765
ld2_ridge_characteristics_core_full_dgtw_fixed504_union,ridge,characteristics_core,504,ew_spread_bp,89.12121912816694,26.44160738553564,3.370491734058458,0.0007503415706840414,37.296620959168784,140.9458172971651,2266,2266,0,9,full,fixed504,union,dgtw,10,ar_dgtw_10,2743765
ld2_ridge_characteristics_core_full_dgtw_fixed504_union,ridge,characteristics_core,504,cap_spread_bp,53.998034823325604,24.822971713682087,2.175325156317308,0.029605758671462493,5.3459042752522095,102.650165371399,2266,2266,0,9,full,fixed504,union,dgtw,10,ar_dgtw_10,2743765
ld2_lasso_characteristics_core_full_dgtw_fixed504_retain,lasso,characteristics_core,504,rank_ic,0.09002890586182734,0.0044028223157275455,20.447998898395355,6.2590616461069404e-93,0.08139953269267211,0.09865827903098257,2266,2266,0,9,full,fixed504,retain,dgtw,10,ar_dgtw_10,2743765
ld2_lasso_characteristics_core_full_dgtw_fixed504_retain,lasso,characteristics_core,504,ew_spread_bp,92.02172717681117,25.61069439413405,3.5930977021024506,0.0003267699928825219,41.82568854524657,142.21776580837576,2266,2266,0,9,full,fixed504,retain,dgtw,10,ar_dgtw_10,2743765
ld2_lasso_characteristics_core_full_dgtw_fixed504_retain,lasso,characteristics_core,504,cap_spread_bp,41.69061202941427,23.642375159314764,1.763385097668106,0.07783556148902503,-4.6475917918270895,88.02881585065563,2266,2266,0,9,full,fixed504,retain,dgtw,10,ar_dgtw_10,2743765
ld2_lasso_characteristics_core_full_dgtw_fixed504_recent,lasso,characteristics_core,504,rank_ic,0.0887114805244658,0.004382493237404736,20.242240140226606,4.1583228702621597e-91,0.08012195161666218,0.09730100943226942,2266,2266,0,9,full,fixed504,recent,dgtw,10,ar_dgtw_10,2743765
ld2_lasso_characteristics_core_full_dgtw_fixed504_recent,lasso,characteristics_core,504,ew_spread_bp,90.62788020379877,25.375830596231026,3.5714251740496477,0.0003550439870389749,40.89216615739639,140.36359425020115,2266,2266,0,9,full,fixed504,recent,dgtw,10,ar_dgtw_10,2743765
ld2_lasso_characteristics_core_full_dgtw_fixed504_recent,lasso,characteristics_core,504,cap_spread_bp,59.00800706650806,23.114199931516044,2.552889879006847,0.010683326747540658,13.70500766927843,104.31100646373768,2266,2266,0,9,full,fixed504,recent,dgtw,10,ar_dgtw_10,2743765
ld2_lasso_characteristics_core_full_dgtw_fixed504_union,lasso,characteristics_core,504,rank_ic,0.08985013579484942,0.004407967723283191,20.38357389058336,2.3393498938475544e-92,0.08121067781219934,0.0984895937774995,2266,2266,0,9,full,fixed504,union,dgtw,10,ar_dgtw_10,2743765
ld2_lasso_characteristics_core_full_dgtw_fixed504_union,lasso,characteristics_core,504,ew_spread_bp,93.46341279106636,25.60419920558719,3.6503157954915206,0.00026191808951067387,43.28010449512641,143.6467210870063,2266,2266,0,9,full,fixed504,union,dgtw,10,ar_dgtw_10,2743765
ld2_lasso_characteristics_core_full_dgtw_fixed504_union,lasso,characteristics_core,504,cap_spread_bp,48.078357853809266,24.79780635419563,1.9388149567380872,0.052523874230481035,-0.5244494960126715,96.6811652036312,2266,2266,0,9,full,fixed504,union,dgtw,10,ar_dgtw_10,2743765
ld2_enet_characteristics_core_full_dgtw_fixed504_retain,enet,characteristics_core,504,rank_ic,0.09024546524116962,0.004409798299897541,20.4647603141546,4.4385905845447034e-93,0.08160241939428448,0.09888851108805477,2266,2266,0,9,full,fixed504,retain,dgtw,10,ar_dgtw_10,2743765
ld2_enet_characteristics_core_full_dgtw_fixed504_retain,enet,characteristics_core,504,ew_spread_bp,91.52293756283507,25.59665370156653,3.5755821299888826,0.0003494494461202048,41.354418183020805,141.69145694264932,2266,2266,0,9,full,fixed504,retain,dgtw,10,ar_dgtw_10,2743765
ld2_enet_characteristics_core_full_dgtw_fixed504_retain,enet,characteristics_core,504,cap_spread_bp,41.11431343337658,23.87034991324714,1.7224009527635662,0.08499691122512755,-5.670712694956613,87.89933956170978,2266,2266,0,9,full,fixed504,retain,dgtw,10,ar_dgtw_10,2743765
ld2_enet_characteristics_core_full_dgtw_fixed504_recent,enet,characteristics_core,504,rank_ic,0.0889168249630893,0.004392776275774227,20.24160106979673,4.2125967765214867e-91,0.08030714167042982,0.09752650825574877,2266,2266,0,9,full,fixed504,recent,dgtw,10,ar_dgtw_10,2743765
ld2_enet_characteristics_core_full_dgtw_fixed504_recent,enet,characteristics_core,504,ew_spread_bp,92.02804840187517,25.316062937309212,3.6351643077269356,0.0002778035216560205,42.40947681439982,141.6466199893505,2266,2266,0,9,full,fixed504,recent,dgtw,10,ar_dgtw_10,2743765
ld2_enet_characteristics_core_full_dgtw_fixed504_recent,enet,characteristics_core,504,cap_spread_bp,56.51325556817312,23.300172540324052,2.4254436515596356,0.015289689107242824,10.84575655556884,102.1807545807774,2266,2266,0,9,full,fixed504,recent,dgtw,10,ar_dgtw_10,2743765
ld2_enet_characteristics_core_full_dgtw_fixed504_union,enet,characteristics_core,504,rank_ic,0.09006254271214134,0.004418603757417799,20.382579578661577,2.3873614326975627e-92,0.08140223848564909,0.09872284693863359,2266,2266,0,9,full,fixed504,union,dgtw,10,ar_dgtw_10,2743765
ld2_enet_characteristics_core_full_dgtw_fixed504_union,enet,characteristics_core,504,ew_spread_bp,93.34423097099865,25.594834317363592,3.646994929272651,0.000265325158083651,43.17927751869619,143.50918442330112,2266,2266,0,9,full,fixed504,union,dgtw,10,ar_dgtw_10,2743765
ld2_enet_characteristics_core_full_dgtw_fixed504_union,enet,characteristics_core,504,cap_spread_bp,47.4598360356106,24.98220885040185,1.8997453875999915,0.057466540915146795,-1.5043935654348104,96.42406563665601,2266,2266,0,9,full,fixed504,union,dgtw,10,ar_dgtw_10,2743765
ld2_group_ridge_characteristics_core_full_dgtw_fixed504_retain,group_ridge,characteristics_core,504,rank_ic,0.09023735934135083,0.0043996259369977675,20.510234423003542,1.7445158255569735e-93,0.08161425095938692,0.09886046772331473,2266,2266,0,9,full,fixed504,retain,dgtw,10,ar_dgtw_10,2743765
ld2_group_ridge_characteristics_core_full_dgtw_fixed504_retain,group_ridge,characteristics_core,504,ew_spread_bp,87.63428721177813,26.539268040353022,3.3020611977138925,0.0009597712754948411,35.61827767663131,139.65029674692494,2266,2266,0,9,full,fixed504,retain,dgtw,10,ar_dgtw_10,2743765
ld2_group_ridge_characteristics_core_full_dgtw_fixed504_retain,group_ridge,characteristics_core,504,cap_spread_bp,56.2367049776341,24.64519782738389,2.2818524473416115,0.022498053115975625,7.933004844096885,104.54040511117131,2266,2266,0,9,full,fixed504,retain,dgtw,10,ar_dgtw_10,2743765
ld2_group_ridge_characteristics_core_full_dgtw_fixed504_recent,group_ridge,characteristics_core,504,rank_ic,0.08902570210085438,0.004365939972699589,20.390958798686178,2.0116483692656744e-92,0.08046861699569939,0.09758278720600937,2266,2266,0,9,full,fixed504,recent,dgtw,10,ar_dgtw_10,2743765
ld2_group_ridge_characteristics_core_full_dgtw_fixed504_recent,group_ridge,characteristics_core,504,ew_spread_bp,83.55050726257069,26.295652400334724,3.1773506125867086,0.0014862723702743846,32.01197560793041,135.08903891721098,2266,2266,0,9,full,fixed504,recent,dgtw,10,ar_dgtw_10,2743765
ld2_group_ridge_characteristics_core_full_dgtw_fixed504_recent,group_ridge,characteristics_core,504,cap_spread_bp,49.09024307726853,24.701383773677197,1.9873478962575812,0.04688385737870465,0.6764205125591332,97.50406564197793,2266,2266,0,9,full,fixed504,recent,dgtw,10,ar_dgtw_10,2743765
ld2_group_ridge_characteristics_core_full_dgtw_fixed504_union,group_ridge,characteristics_core,504,rank_ic,0.09015352070200133,0.004407089829895246,20.456474494903645,5.260746411605295e-93,0.0815157833587739,0.09879125804522877,2266,2266,0,9,full,fixed504,union,dgtw,10,ar_dgtw_10,2743765
ld2_group_ridge_characteristics_core_full_dgtw_fixed504_union,group_ridge,characteristics_core,504,ew_spread_bp,87.43610833444062,26.42491980643628,3.30885047049959,0.0009367985494181129,35.64421721946638,139.22799944941485,2266,2266,0,9,full,fixed504,union,dgtw,10,ar_dgtw_10,2743765
ld2_group_ridge_characteristics_core_full_dgtw_fixed504_union,group_ridge,characteristics_core,504,cap_spread_bp,53.73666697350462,24.878934486013012,2.15992638284873,0.030778368997943974,4.974851407187593,102.49848253982165,2266,2266,0,9,full,fixed504,union,dgtw,10,ar_dgtw_10,2743765
ld2_ols_characteristics_textcore_full_dgtw_fixed504_retain,ols,characteristics_textcore,504,rank_ic,0.08033156125310932,0.0037729746235628707,21.291307063510313,1.3666287309926302e-100,0.07293666687634252,0.08772645562987612,2266,2266,0,9,full,fixed504,retain,dgtw,10,ar_dgtw_10,2743765
ld2_ols_characteristics_textcore_full_dgtw_fixed504_retain,ols,characteristics_textcore,504,ew_spread_bp,100.68701012205932,23.74601285619262,4.240164895547995,2.2335564796120583e-05,54.145680147496684,147.22834009662196,2266,2266,0,9,full,fixed504,retain,dgtw,10,ar_dgtw_10,2743765
ld2_ols_characteristics_textcore_full_dgtw_fixed504_retain,ols,characteristics_textcore,504,cap_spread_bp,43.20536554822159,22.63580311811241,1.9087180305809477,0.05629847591343929,-1.1599933244181884,87.57072442086138,2266,2266,0,9,full,fixed504,retain,dgtw,10,ar_dgtw_10,2743765
ld2_ols_characteristics_textcore_full_dgtw_fixed504_recent,ols,characteristics_textcore,504,rank_ic,0.08137802815518178,0.0037980706686707856,21.426149025200136,7.623064703769347e-102,0.07393394643384907,0.08882210987651448,2266,2266,0,9,full,fixed504,recent,dgtw,10,ar_dgtw_10,2743765
ld2_ols_characteristics_textcore_full_dgtw_fixed504_recent,ols,characteristics_textcore,504,ew_spread_bp,102.27774340739754,23.94728247540598,4.270954063887519,1.9463850039788246e-05,55.34193222799462,149.21355458680046,2266,2266,0,9,full,fixed504,recent,dgtw,10,ar_dgtw_10,2743765
ld2_ols_characteristics_textcore_full_dgtw_fixed504_recent,ols,characteristics_textcore,504,cap_spread_bp,49.31955746228072,23.112834756807175,2.133860168223422,0.03285422887459476,4.019233758313078,94.61988116624836,2266,2266,0,9,full,fixed504,recent,dgtw,10,ar_dgtw_10,2743765
ld2_ols_characteristics_textcore_full_dgtw_fixed504_union,ols,characteristics_textcore,504,rank_ic,0.08246492714637366,0.0038333510762844497,21.512490117733854,1.1894483496190624e-102,0.07495169709675828,0.08997815719598903,2266,2266,0,9,full,fixed504,union,dgtw,10,ar_dgtw_10,2743765
ld2_ols_characteristics_textcore_full_dgtw_fixed504_union,ols,characteristics_textcore,504,ew_spread_bp,103.92653227577803,24.184389198530454,4.297256855347541,1.729247770578738e-05,56.52600045855884,151.3270640929972,2266,2266,0,9,full,fixed504,union,dgtw,10,ar_dgtw_10,2743765
ld2_ols_characteristics_textcore_full_dgtw_fixed504_union,ols,characteristics_textcore,504,cap_spread_bp,48.99644592069943,22.840919156125974,2.1451170850783603,0.03194348674509178,4.229067000901516,93.76382484049734,2266,2266,0,9,full,fixed504,union,dgtw,10,ar_dgtw_10,2743765
ld2_ridge_characteristics_textcore_full_dgtw_fixed504_retain,ridge,characteristics_textcore,504,rank_ic,0.08844682894751746,0.004218268448286533,20.967567624446637,1.2972906540543817e-97,0.08017917471175419,0.09671448318328073,2266,2266,0,9,full,fixed504,retain,dgtw,10,ar_dgtw_10,2743765
ld2_ridge_characteristics_textcore_full_dgtw_fixed504_retain,ridge,characteristics_textcore,504,ew_spread_bp,99.30025734585305,25.37073247558037,3.913968878960461,9.079134238263134e-05,49.5745354323148,149.0259792593913,2266,2266,0,9,full,fixed504,retain,dgtw,10,ar_dgtw_10,2743765
ld2_ridge_characteristics_textcore_full_dgtw_fixed504_retain,ridge,characteristics_textcore,504,cap_spread_bp,79.55994282853551,23.588261250965317,3.3728616951484556,0.0007439130917267236,33.32780031872177,125.79208533834925,2266,2266,0,9,full,fixed504,retain,dgtw,10,ar_dgtw_10,2743765
ld2_ridge_characteristics_textcore_full_dgtw_fixed504_recent,ridge,characteristics_textcore,504,rank_ic,0.08822716801162292,0.004230872815371175,20.85318369559231,1.4261083191395919e-96,0.07993480967032583,0.09651952635292001,2266,2266,0,9,full,fixed504,recent,dgtw,10,ar_dgtw_10,2743765
ld2_ridge_characteristics_textcore_full_dgtw_fixed504_recent,ridge,characteristics_textcore,504,ew_spread_bp,102.97890874434535,25.617370951202545,4.019885918055586,5.8226329815198584e-05,52.76978430138577,153.18803318730494,2266,2266,0,9,full,fixed504,recent,dgtw,10,ar_dgtw_10,2743765
ld2_ridge_characteristics_textcore_full_dgtw_fixed504_recent,ridge,characteristics_textcore,504,cap_spread_bp,77.54624192037485,24.41507288979596,3.176162621770609,0.0014923726623357215,29.69357837645451,125.3989054642952,2266,2266,0,9,full,fixed504,recent,dgtw,10,ar_dgtw_10,2743765
ld2_ridge_characteristics_textcore_full_dgtw_fixed504_union,ridge,characteristics_textcore,504,rank_ic,0.08900063411137214,0.004250531784217819,20.93870570309122,2.3783263039011584e-97,0.08066974489916244,0.09733152332358184,2266,2266,0,9,full,fixed504,union,dgtw,10,ar_dgtw_10,2743765
ld2_ridge_characteristics_textcore_full_dgtw_fixed504_union,ridge,characteristics_textcore,504,ew_spread_bp,100.51916422239643,26.253980325161596,3.8287209397372672,0.00012881096298418982,49.06230833425652,151.97602011053633,2266,2266,0,9,full,fixed504,union,dgtw,10,ar_dgtw_10,2743765
ld2_ridge_characteristics_textcore_full_dgtw_fixed504_union,ridge,characteristics_textcore,504,cap_spread_bp,75.58889047602777,23.840660583319607,3.1705870821765068,0.0015213122594624473,28.86205436507766,122.31572658697789,2266,2266,0,9,full,fixed504,union,dgtw,10,ar_dgtw_10,2743765
ld2_lasso_characteristics_textcore_full_dgtw_fixed504_retain,lasso,characteristics_textcore,504,rank_ic,0.08972804694082534,0.004404422064274911,20.372263518663726,2.9473524604812286e-92,0.08109553832213295,0.09836055555951773,2266,2266,0,9,full,fixed504,retain,dgtw,10,ar_dgtw_10,2743765
ld2_lasso_characteristics_textcore_full_dgtw_fixed504_retain,lasso,characteristics_textcore,504,ew_spread_bp,94.56664679628535,25.6150152304676,3.6918442540609435,0.00022263379049996615,44.36213948112391,144.7711541114468,2266,2266,0,9,full,fixed504,retain,dgtw,10,ar_dgtw_10,2743765
ld2_lasso_characteristics_textcore_full_dgtw_fixed504_retain,lasso,characteristics_textcore,504,cap_spread_bp,53.42125808140284,23.96869540052293,2.2287928979329155,0.025827687712736816,6.443478339967051,100.39903782283864,2266,2266,0,9,full,fixed504,retain,dgtw,10,ar_dgtw_10,2743765
ld2_lasso_characteristics_textcore_full_dgtw_fixed504_recent,lasso,characteristics_textcore,504,rank_ic,0.08905284549638309,0.004392901234784645,20.271988996982028,2.2728268054315721e-91,0.08044291728856366,0.09766277370420252,2266,2266,0,9,full,fixed504,recent,dgtw,10,ar_dgtw_10,2743765
ld2_lasso_characteristics_textcore_full_dgtw_fixed504_recent,lasso,characteristics_textcore,504,ew_spread_bp,94.20027251461691,25.49558545141587,3.6947679704835177,0.0002200876747475351,44.22984326507843,144.1707017641554,2266,2266,0,9,full,fixed504,recent,dgtw,10,ar_dgtw_10,2743765
ld2_lasso_characteristics_textcore_full_dgtw_fixed504_recent,lasso,characteristics_textcore,504,cap_spread_bp,57.700603177937516,23.57107895295645,2.447940685833573,0.014367530557584073,11.502137353392783,103.89906900248225,2266,2266,0,9,full,fixed504,recent,dgtw,10,ar_dgtw_10,2743765
ld2_lasso_characteristics_textcore_full_dgtw_fixed504_union,lasso,characteristics_textcore,504,rank_ic,0.0898295799282073,0.004415973290115476,20.341966317884655,5.469307904212774e-92,0.08117443132289012,0.09848472853352447,2266,2266,0,9,full,fixed504,union,dgtw,10,ar_dgtw_10,2743765
ld2_lasso_characteristics_textcore_full_dgtw_fixed504_union,lasso,characteristics_textcore,504,ew_spread_bp,94.20256175754064,25.8117772532473,3.649596106199518,0.0002626529601998902,43.61240796420573,144.79271555087553,2266,2266,0,9,full,fixed504,union,dgtw,10,ar_dgtw_10,2743765
ld2_lasso_characteristics_textcore_full_dgtw_fixed504_union,lasso,characteristics_textcore,504,cap_spread_bp,50.49501904577182,25.32785251269393,1.9936557598187408,0.046189687222164766,0.8533403151494028,100.13669777639424,2266,2266,0,9,full,fixed504,union,dgtw,10,ar_dgtw_10,2743765
ld2_enet_characteristics_textcore_full_dgtw_fixed504_retain,enet,characteristics_textcore,504,rank_ic,0.09019233848255598,0.004413917599391754,20.433625334325374,8.402568669573136e-93,0.08154121895702064,0.09884345800809131,2266,2266,0,9,full,fixed504,retain,dgtw,10,ar_dgtw_10,2743765
ld2_enet_characteristics_textcore_full_dgtw_fixed504_retain,enet,characteristics_textcore,504,ew_spread_bp,93.93152428791686,25.673297265030396,3.6587246008272185,0.0002534735434274921,43.61278628406661,144.25026229176711,2266,2266,0,9,full,fixed504,retain,dgtw,10,ar_dgtw_10,2743765
ld2_enet_characteristics_textcore_full_dgtw_fixed504_retain,enet,characteristics_textcore,504,cap_spread_bp,53.396738300825156,23.578601696676944,2.2646270117176046,0.023535577882008853,7.183528169523335,99.60994843212697,2266,2266,0,9,full,fixed504,retain,dgtw,10,ar_dgtw_10,2743765
ld2_enet_characteristics_textcore_full_dgtw_fixed504_recent,enet,characteristics_textcore,504,rank_ic,0.08944023657536385,0.004408001751927195,20.29042673049307,1.562332821729631e-91,0.08080071189779708,0.09807976125293061,2266,2266,0,9,full,fixed504,recent,dgtw,10,ar_dgtw_10,2743765
ld2_enet_characteristics_textcore_full_dgtw_fixed504_recent,enet,characteristics_textcore,504,ew_spread_bp,95.10390612553316,25.510326226323166,3.728055269924339,0.00019296306499384748,45.10458548807217,145.10322676299415,2266,2266,0,9,full,fixed504,recent,dgtw,10,ar_dgtw_10,2743765
ld2_enet_characteristics_textcore_full_dgtw_fixed504_recent,enet,characteristics_textcore,504,cap_spread_bp,62.09386826052266,23.559004613364873,2.6356745235873507,0.008397023213699218,15.919067706714529,108.2686688143308,2266,2266,0,9,full,fixed504,recent,dgtw,10,ar_dgtw_10,2743765
ld2_enet_characteristics_textcore_full_dgtw_fixed504_union,enet,characteristics_textcore,504,rank_ic,0.0902513011768405,0.004426896319543125,20.387037477795467,2.1795047792750152e-92,0.08157474382724306,0.09892785852643796,2266,2266,0,9,full,fixed504,union,dgtw,10,ar_dgtw_10,2743765
ld2_enet_characteristics_textcore_full_dgtw_fixed504_union,enet,characteristics_textcore,504,ew_spread_bp,95.36181139886752,25.80618591159247,3.695308238325516,0.00021962018575455834,44.78261643380134,145.9410063639337,2266,2266,0,9,full,fixed504,union,dgtw,10,ar_dgtw_10,2743765
ld2_enet_characteristics_textcore_full_dgtw_fixed504_union,enet,characteristics_textcore,504,cap_spread_bp,57.01630413807144,25.247685833107948,2.2582784226229746,0.023928306658660168,7.53174921219771,106.50085906394517,2266,2266,0,9,full,fixed504,union,dgtw,10,ar_dgtw_10,2743765
ld2_group_ridge_characteristics_textcore_full_dgtw_fixed504_retain,group_ridge,characteristics_textcore,504,rank_ic,0.09018827810440085,0.00438082760536265,20.58704113213671,3.5861119558703023e-94,0.08160201377541121,0.09877454243339048,2266,2266,0,9,full,fixed504,retain,dgtw,10,ar_dgtw_10,2743765
ld2_group_ridge_characteristics_textcore_full_dgtw_fixed504_retain,group_ridge,characteristics_textcore,504,ew_spread_bp,88.28053766879272,26.59724996061201,3.31916035678605,0.0009028856496702157,36.1508856581838,140.41018967940164,2266,2266,0,9,full,fixed504,retain,dgtw,10,ar_dgtw_10,2743765
ld2_group_ridge_characteristics_textcore_full_dgtw_fixed504_retain,group_ridge,characteristics_textcore,504,cap_spread_bp,56.571365505149906,24.454366439237745,2.313344148404495,0.020703725203369275,8.641688019498922,104.5010429908009,2266,2266,0,9,full,fixed504,retain,dgtw,10,ar_dgtw_10,2743765
ld2_group_ridge_characteristics_textcore_full_dgtw_fixed504_recent,group_ridge,characteristics_textcore,504,rank_ic,0.08917582338867884,0.004356011607691551,20.471897556750815,3.8339760934015783e-93,0.08063819752136499,0.0977134492559927,2266,2266,0,9,full,fixed504,recent,dgtw,10,ar_dgtw_10,2743765
ld2_group_ridge_characteristics_textcore_full_dgtw_fixed504_recent,group_ridge,characteristics_textcore,504,ew_spread_bp,86.55050166737304,26.420249500488303,3.275915379443082,0.001053201119121077,34.767764183853615,138.33323915089247,2266,2266,0,9,full,fixed504,recent,dgtw,10,ar_dgtw_10,2743765
ld2_group_ridge_characteristics_textcore_full_dgtw_fixed504_recent,group_ridge,characteristics_textcore,504,cap_spread_bp,51.73570981538415,24.645572545279887,2.099188798326073,0.035800261066675595,3.4312752482664166,100.04014438250188,2266,2266,0,9,full,fixed504,recent,dgtw,10,ar_dgtw_10,2743765
ld2_group_ridge_characteristics_textcore_full_dgtw_fixed504_union,group_ridge,characteristics_textcore,504,rank_ic,0.09016759293086823,0.004390858799559044,20.535297773620822,1.0417398582902043e-93,0.08156166782253173,0.09877351803920474,2266,2266,0,9,full,fixed504,union,dgtw,10,ar_dgtw_10,2743765
ld2_group_ridge_characteristics_textcore_full_dgtw_fixed504_union,group_ridge,characteristics_textcore,504,ew_spread_bp,88.22329915424753,26.495997969340184,3.3296839491131838,0.0008694461238458994,36.29209739989436,140.1545009086007,2266,2266,0,9,full,fixed504,union,dgtw,10,ar_dgtw_10,2743765
ld2_group_ridge_characteristics_textcore_full_dgtw_fixed504_union,group_ridge,characteristics_textcore,504,cap_spread_bp,57.07628347199449,24.76401406524256,2.304807424257754,0.021177361126130858,8.539707791475742,105.61285915251324,2266,2266,0,9,full,fixed504,union,dgtw,10,ar_dgtw_10,2743765
ld2_ols_characteristics_textcore_pca_dgtw_fixed504_retain,ols,characteristics_textcore,504,rank_ic,0.08794073910724215,0.00418162792365758,21.030263981574493,3.467158005324419e-98,0.07974489898012628,0.09613657923435802,2266,2266,0,9,pca,fixed504,retain,dgtw,10,ar_dgtw_10,2743765
ld2_ols_characteristics_textcore_pca_dgtw_fixed504_retain,ols,characteristics_textcore,504,ew_spread_bp,105.27437009624984,26.02461218246975,4.045184971753891,5.228182750901295e-05,54.2670675069868,156.2816726855129,2266,2266,0,9,pca,fixed504,retain,dgtw,10,ar_dgtw_10,2743765
ld2_ols_characteristics_textcore_pca_dgtw_fixed504_retain,ols,characteristics_textcore,504,cap_spread_bp,51.48966241114527,24.22625527892476,2.125366129363702,0.03355607422347478,4.007074584179378,98.97225023811116,2266,2266,0,9,pca,fixed504,retain,dgtw,10,ar_dgtw_10,2743765
ld2_ols_characteristics_textcore_pca_dgtw_fixed504_recent,ols,characteristics_textcore,504,rank_ic,0.0870370851804909,0.004143724252126193,21.004555294873004,5.958882551069704e-98,0.07891553488445839,0.09515863547652341,2266,2266,0,9,pca,fixed504,recent,dgtw,10,ar_dgtw_10,2743765
ld2_ols_characteristics_textcore_pca_dgtw_fixed504_recent,ols,characteristics_textcore,504,ew_spread_bp,107.31331953325675,25.454073020787767,4.215958657996164,2.4871932610036248e-05,57.424253152660064,157.20238591385342,2266,2266,0,9,pca,fixed504,recent,dgtw,10,ar_dgtw_10,2743765
ld2_ols_characteristics_textcore_pca_dgtw_fixed504_recent,ols,characteristics_textcore,504,cap_spread_bp,60.66144868318887,24.02700075075112,2.5247199728535614,0.01157905133824453,13.569392555199833,107.75350481117792,2266,2266,0,9,pca,fixed504,recent,dgtw,10,ar_dgtw_10,2743765
ld2_ols_characteristics_textcore_pca_dgtw_fixed504_union,ols,characteristics_textcore,504,rank_ic,0.08824688246662038,0.004191629129487352,21.05312272162142,2.1409874318005747e-98,0.0800314403362762,0.09646232459696456,2266,2266,0,9,pca,fixed504,union,dgtw,10,ar_dgtw_10,2743765
ld2_ols_characteristics_textcore_pca_dgtw_fixed504_union,ols,characteristics_textcore,504,ew_spread_bp,108.21158810332004,25.740083888421722,4.204010700679777,2.6222653208590537e-05,57.76195072297375,158.66122548366633,2266,2266,0,9,pca,fixed504,union,dgtw,10,ar_dgtw_10,2743765
ld2_ols_characteristics_textcore_pca_dgtw_fixed504_union,ols,characteristics_textcore,504,cap_spread_bp,59.28190530211582,24.298780888820637,2.4397069784431116,0.014699179463275069,11.657169891797203,106.90664071243444,2266,2266,0,9,pca,fixed504,union,dgtw,10,ar_dgtw_10,2743765
ld2_ridge_characteristics_textcore_pca_dgtw_fixed504_retain,ridge,characteristics_textcore,504,rank_ic,0.09021321031818594,0.004355202271430526,20.71389678269849,2.5958408270824237e-95,0.08167717072079507,0.0987492499155768,2266,2266,0,9,pca,fixed504,retain,dgtw,10,ar_dgtw_10,2743765
ld2_ridge_characteristics_textcore_pca_dgtw_fixed504_retain,ridge,characteristics_textcore,504,ew_spread_bp,94.63037118266188,26.5536691834731,3.5637399309606312,0.0003656082000802136,42.58613592566349,146.67460643966027,2266,2266,0,9,pca,fixed504,retain,dgtw,10,ar_dgtw_10,2743765
ld2_ridge_characteristics_textcore_pca_dgtw_fixed504_retain,ridge,characteristics_textcore,504,cap_spread_bp,59.6306735408274,24.872899925106616,2.39741540875322,0.016511192912304257,10.880685496549425,108.38066158510537,2266,2266,0,9,pca,fixed504,retain,dgtw,10,ar_dgtw_10,2743765
ld2_ridge_characteristics_textcore_pca_dgtw_fixed504_recent,ridge,characteristics_textcore,504,rank_ic,0.08924802895597471,0.00434965237800275,20.518427956984265,1.4740219044416276e-93,0.08072286694982032,0.0977731909621291,2266,2266,0,9,pca,fixed504,recent,dgtw,10,ar_dgtw_10,2743765
ld2_ridge_characteristics_textcore_pca_dgtw_fixed504_recent,ridge,characteristics_textcore,504,ew_spread_bp,94.3776730309451,26.641405958101487,3.5425184834228105,0.00039632564740321827,42.16147685555538,146.59386920633483,2266,2266,0,9,pca,fixed504,recent,dgtw,10,ar_dgtw_10,2743765
ld2_ridge_characteristics_textcore_pca_dgtw_fixed504_recent,ridge,characteristics_textcore,504,cap_spread_bp,63.90947270711136,24.71715434205242,2.5856323030835013,0.009720056089260591,15.4647403963708,112.35420501785192,2266,2266,0,9,pca,fixed504,recent,dgtw,10,ar_dgtw_10,2743765
ld2_ridge_characteristics_textcore_pca_dgtw_fixed504_union,ridge,characteristics_textcore,504,rank_ic,0.09017213420493343,0.0043731096232497435,20.619683011267565,1.8275188357794856e-94,0.08160099684291841,0.09874327156694845,2266,2266,0,9,pca,fixed504,union,dgtw,10,ar_dgtw_10,2743765
ld2_ridge_characteristics_textcore_pca_dgtw_fixed504_union,ridge,characteristics_textcore,504,ew_spread_bp,95.9216668359871,26.811599708964113,3.577618190529561,0.00034673944663925134,43.37189703851284,148.47143663346134,2266,2266,0,9,pca,fixed504,union,dgtw,10,ar_dgtw_10,2743765
ld2_ridge_characteristics_textcore_pca_dgtw_fixed504_union,ridge,characteristics_textcore,504,cap_spread_bp,67.22946825585943,25.33727972771034,2.6533814591916642,0.007968975581580105,17.56931252333034,116.88962398838852,2266,2266,0,9,pca,fixed504,union,dgtw,10,ar_dgtw_10,2743765
ld2_lasso_characteristics_textcore_pca_dgtw_fixed504_retain,lasso,characteristics_textcore,504,rank_ic,0.08972221064338354,0.004355166058963315,20.601329416297993,2.670117437716412e-94,0.08118624202112419,0.09825817926564288,2266,2266,0,9,pca,fixed504,retain,dgtw,10,ar_dgtw_10,2743765
ld2_lasso_characteristics_textcore_pca_dgtw_fixed504_retain,lasso,characteristics_textcore,504,ew_spread_bp,96.14626656450156,25.715473545005995,3.73884876730856,0.00018486489100761358,45.744864570897256,146.54766855810587,2266,2266,0,9,pca,fixed504,retain,dgtw,10,ar_dgtw_10,2743765
ld2_lasso_characteristics_textcore_pca_dgtw_fixed504_retain,lasso,characteristics_textcore,504,cap_spread_bp,36.19866044516927,23.96881428269351,1.5102399316976733,0.13098221287957068,-10.779352301039268,83.1766731913778,2266,2266,0,9,pca,fixed504,retain,dgtw,10,ar_dgtw_10,2743765
ld2_lasso_characteristics_textcore_pca_dgtw_fixed504_recent,lasso,characteristics_textcore,504,rank_ic,0.08873057431300851,0.004334968661158929,20.468561885586254,4.105578045063072e-93,0.0802341918630272,0.09722695676298983,2266,2266,0,9,pca,fixed504,recent,dgtw,10,ar_dgtw_10,2743765
ld2_lasso_characteristics_textcore_pca_dgtw_fixed504_recent,lasso,characteristics_textcore,504,ew_spread_bp,100.77197817997309,25.15156781528312,4.006588333580538,6.160209326720461e-05,51.4758111073014,150.06814525264477,2266,2266,0,9,pca,fixed504,recent,dgtw,10,ar_dgtw_10,2743765
ld2_lasso_characteristics_textcore_pca_dgtw_fixed504_recent,lasso,characteristics_textcore,504,cap_spread_bp,57.070526940165834,23.40051786556805,2.4388574333280224,0.014733779716606556,11.206354704066356,102.93469917626531,2266,2266,0,9,pca,fixed504,recent,dgtw,10,ar_dgtw_10,2743765
ld2_lasso_characteristics_textcore_pca_dgtw_fixed504_union,lasso,characteristics_textcore,504,rank_ic,0.0896953333573221,0.004362607656886814,20.560027490835445,6.259758260763355e-94,0.08114477947114528,0.09824588724349893,2266,2266,0,9,pca,fixed504,union,dgtw,10,ar_dgtw_10,2743765
ld2_lasso_characteristics_textcore_pca_dgtw_fixed504_union,lasso,characteristics_textcore,504,ew_spread_bp,99.19537375977522,25.75296706605904,3.8518036972333625,0.00011725099981878042,48.72048581525336,149.67026170429708,2266,2266,0,9,pca,fixed504,union,dgtw,10,ar_dgtw_10,2743765
ld2_lasso_characteristics_textcore_pca_dgtw_fixed504_union,lasso,characteristics_textcore,504,cap_spread_bp,46.06583624835468,25.28763305142503,1.821674498149946,0.0685043896470639,-3.4970137867030857,95.62868628341243,2266,2266,0,9,pca,fixed504,union,dgtw,10,ar_dgtw_10,2743765
ld2_enet_characteristics_textcore_pca_dgtw_fixed504_retain,enet,characteristics_textcore,504,rank_ic,0.0901798546235567,0.004360171703263181,20.682638382352124,4.964975892354749e-95,0.0816340751187502,0.09872563412836319,2266,2266,0,9,pca,fixed504,retain,dgtw,10,ar_dgtw_10,2743765
ld2_enet_characteristics_textcore_pca_dgtw_fixed504_retain,enet,characteristics_textcore,504,ew_spread_bp,95.94228387632252,25.74477468964561,3.7266701702738114,0.0001940260921229417,45.483452694518775,146.40111505812627,2266,2266,0,9,pca,fixed504,retain,dgtw,10,ar_dgtw_10,2743765
ld2_enet_characteristics_textcore_pca_dgtw_fixed504_retain,enet,characteristics_textcore,504,cap_spread_bp,42.602072771767084,23.88712473340132,1.7834742878114875,0.07450912986289365,-4.215831399915437,89.4199769434496,2266,2266,0,9,pca,fixed504,retain,dgtw,10,ar_dgtw_10,2743765
ld2_enet_characteristics_textcore_pca_dgtw_fixed504_recent,enet,characteristics_textcore,504,rank_ic,0.08912077218672447,0.004347992200340612,20.49699449316927,2.290078669235829e-93,0.0805988640689958,0.09764268030445314,2266,2266,0,9,pca,fixed504,recent,dgtw,10,ar_dgtw_10,2743765
ld2_enet_characteristics_textcore_pca_dgtw_fixed504_recent,enet,characteristics_textcore,504,ew_spread_bp,101.55151250529713,24.93900216210872,4.071995817843517,4.6612016501215244e-05,52.67196645719749,150.43105855339675,2266,2266,0,9,pca,fixed504,recent,dgtw,10,ar_dgtw_10,2743765
ld2_enet_characteristics_textcore_pca_dgtw_fixed504_recent,enet,characteristics_textcore,504,cap_spread_bp,55.98001495232523,24.26490267632946,2.3070364509202843,0.02105278813167169,8.42167961834992,103.53835028630053,2266,2266,0,9,pca,fixed504,recent,dgtw,10,ar_dgtw_10,2743765
ld2_enet_characteristics_textcore_pca_dgtw_fixed504_union,enet,characteristics_textcore,504,rank_ic,0.09009745872983366,0.004375621270295683,20.59078086612951,3.3197542310795017e-94,0.08152139863006672,0.0986735188296006,2266,2266,0,9,pca,fixed504,union,dgtw,10,ar_dgtw_10,2743765
ld2_enet_characteristics_textcore_pca_dgtw_fixed504_union,enet,characteristics_textcore,504,ew_spread_bp,98.67123353967537,25.661291570319303,3.8451390207421117,0.00012048411136275281,48.37602626506825,148.9664408142825,2266,2266,0,9,pca,fixed504,union,dgtw,10,ar_dgtw_10,2743765
ld2_enet_characteristics_textcore_pca_dgtw_fixed504_union,enet,characteristics_textcore,504,cap_spread_bp,53.48386947367867,24.368239839763067,2.1948187405151005,0.028176602621891002,5.7229970211089665,101.24474192624838,2266,2266,0,9,pca,fixed504,union,dgtw,10,ar_dgtw_10,2743765
ld2_group_ridge_characteristics_textcore_pca_dgtw_fixed504_retain,group_ridge,characteristics_textcore,504,rank_ic,0.09010643150138227,0.0043524080857456635,20.7026615441886,3.277605038909538e-95,0.08157586840729986,0.09863699459546468,2266,2266,0,9,pca,fixed504,retain,dgtw,10,ar_dgtw_10,2743765
ld2_group_ridge_characteristics_textcore_pca_dgtw_fixed504_retain,group_ridge,characteristics_textcore,504,ew_spread_bp,89.58266559300958,26.486408027965727,3.382212699374847,0.0007190444702443536,37.6702597783642,141.49507140765496,2266,2266,0,9,pca,fixed504,retain,dgtw,10,ar_dgtw_10,2743765
ld2_group_ridge_characteristics_textcore_pca_dgtw_fixed504_retain,group_ridge,characteristics_textcore,504,cap_spread_bp,52.00927210892238,24.62099705739971,2.112395041828384,0.03465257992397245,3.753004612952303,100.26553960489247,2266,2266,0,9,pca,fixed504,retain,dgtw,10,ar_dgtw_10,2743765
ld2_group_ridge_characteristics_textcore_pca_dgtw_fixed504_recent,group_ridge,characteristics_textcore,504,rank_ic,0.08898306818160509,0.004326806540858186,20.565529644400517,5.588638374455115e-94,0.08050268319345072,0.09746345316975946,2266,2266,0,9,pca,fixed504,recent,dgtw,10,ar_dgtw_10,2743765
ld2_group_ridge_characteristics_textcore_pca_dgtw_fixed504_recent,group_ridge,characteristics_textcore,504,ew_spread_bp,88.3616757529034,26.466239116027314,3.338656292098325,0.0008418465727481029,36.488800279264666,140.23455122654212,2266,2266,0,9,pca,fixed504,recent,dgtw,10,ar_dgtw_10,2743765
ld2_group_ridge_characteristics_textcore_pca_dgtw_fixed504_recent,group_ridge,characteristics_textcore,504,cap_spread_bp,50.86139521122666,24.522465693207824,2.074073457683096,0.038072489192228255,2.7982456404202694,98.92454478203305,2266,2266,0,9,pca,fixed504,recent,dgtw,10,ar_dgtw_10,2743765
ld2_group_ridge_characteristics_textcore_pca_dgtw_fixed504_union,group_ridge,characteristics_textcore,504,rank_ic,0.0900466404907016,0.004361780197111347,20.64447001486602,1.0945639468918158e-94,0.08149770839588334,0.09859557258551986,2266,2266,0,9,pca,fixed504,union,dgtw,10,ar_dgtw_10,2743765
ld2_group_ridge_characteristics_textcore_pca_dgtw_fixed504_union,group_ridge,characteristics_textcore,504,ew_spread_bp,90.98921294846083,26.716330075876204,3.405752687215843,0.0006598192123006192,38.62616820065922,143.35225769626243,2266,2266,0,9,pca,fixed504,union,dgtw,10,ar_dgtw_10,2743765
ld2_group_ridge_characteristics_textcore_pca_dgtw_fixed504_union,group_ridge,characteristics_textcore,504,cap_spread_bp,55.098190926859694,24.987432835920934,2.2050360790826313,0.027451562886804413,6.123722502341117,104.07265935137826,2266,2266,0,9,pca,fixed504,union,dgtw,10,ar_dgtw_10,2743765
ld2_ols_characteristics_full_dgtw_fixed504_retain,ols,characteristics,504,rank_ic,0.1213209990353085,0.008614818847156707,14.082826486287649,4.8433211097916884e-45,0.10443626436154449,0.13820573370907252,2266,2266,0,41,full,fixed504,retain,dgtw,42,ar_dgtw_42,2724901
ld2_ols_characteristics_full_dgtw_fixed504_retain,ols,characteristics,504,ew_spread_bp,223.74243062163643,109.28427681746227,2.047343287958558,0.040624390453881415,9.549183982904822,437.93567726036804,2266,2266,0,41,full,fixed504,retain,dgtw,42,ar_dgtw_42,2724901
ld2_ols_characteristics_full_dgtw_fixed504_retain,ols,characteristics,504,cap_spread_bp,70.26770817241682,95.50190327251035,0.7357728565043473,0.46186894261095135,-116.91258269673138,257.447999041565,2266,2266,0,41,full,fixed504,retain,dgtw,42,ar_dgtw_42,2724901
ld2_ols_characteristics_full_dgtw_fixed504_recent,ols,characteristics,504,rank_ic,0.1194791559512854,0.008417641476880332,14.193899357610281,9.994327951857165e-46,0.1029808818218294,0.1359774300807414,2266,2266,0,41,full,fixed504,recent,dgtw,42,ar_dgtw_42,2724901
ld2_ols_characteristics_full_dgtw_fixed504_recent,ols,characteristics,504,ew_spread_bp,213.83980536932535,107.98563838941939,1.9802615288356504,0.0476741492673666,2.191843278497487,425.48776746015324,2266,2266,0,41,full,fixed504,recent,dgtw,42,ar_dgtw_42,2724901
ld2_ols_characteristics_full_dgtw_fixed504_recent,ols,characteristics,504,cap_spread_bp,88.92807129111316,89.55041949283134,0.9930503038931269,0.320685440541876,-86.58752571528987,264.4436682975162,2266,2266,0,41,full,fixed504,recent,dgtw,42,ar_dgtw_42,2724901
ld2_ols_characteristics_full_dgtw_fixed504_union,ols,characteristics,504,rank_ic,0.12176252051425819,0.008576451659093152,14.197307389374709,9.520057694616652e-46,0.10495298414728682,0.13857205688122956,2266,2266,0,41,full,fixed504,union,dgtw,42,ar_dgtw_42,2724901
ld2_ols_characteristics_full_dgtw_fixed504_union,ols,characteristics,504,ew_spread_bp,225.0420974266293,107.54096421286943,2.0926174418631307,0.03638331830522576,14.265680706694383,435.8185141465642,2266,2266,0,41,full,fixed504,union,dgtw,42,ar_dgtw_42,2724901
ld2_ols_characteristics_full_dgtw_fixed504_union,ols,characteristics,504,cap_spread_bp,97.96485034482225,89.8987625925564,1.089724124333317,0.27583468598990657,-78.23348659130494,274.16318728094944,2266,2266,0,41,full,fixed504,union,dgtw,42,ar_dgtw_42,2724901
ld2_ridge_characteristics_full_dgtw_fixed504_retain,ridge,characteristics,504,rank_ic,0.1253339269930503,0.00883098805940978,14.19251460310852,1.0193685435932897e-45,0.10802550844870386,0.14264234553739671,2266,2266,0,41,full,fixed504,retain,dgtw,42,ar_dgtw_42,2724901
ld2_ridge_characteristics_full_dgtw_fixed504_retain,ridge,characteristics,504,ew_spread_bp,179.4979095956896,116.10151881606487,1.546042734204547,0.12209424747550851,-48.05688583419695,407.0527050255762,2266,2266,0,41,full,fixed504,retain,dgtw,42,ar_dgtw_42,2724901
ld2_ridge_characteristics_full_dgtw_fixed504_retain,ridge,characteristics,504,cap_spread_bp,96.54134764544067,93.64435500641201,1.030936116104706,0.3025707787572801,-86.99821552260998,280.0809108134913,2266,2266,0,41,full,fixed504,retain,dgtw,42,ar_dgtw_42,2724901
ld2_ridge_characteristics_full_dgtw_fixed504_recent,ridge,characteristics,504,rank_ic,0.1232033908636613,0.008690420418679156,14.176919519203974,1.2731370537407658e-45,0.10617047983253866,0.14023630189478395,2266,2266,0,41,full,fixed504,recent,dgtw,42,ar_dgtw_42,2724901
ld2_ridge_characteristics_full_dgtw_fixed504_recent,ridge,characteristics,504,ew_spread_bp,175.84623445349794,115.80982858749887,1.5184051008299284,0.12891230658374228,-51.136858633757015,402.8293275407529,2266,2266,0,41,full,fixed504,recent,dgtw,42,ar_dgtw_42,2724901
ld2_ridge_characteristics_full_dgtw_fixed504_recent,ridge,characteristics,504,cap_spread_bp,119.33848190338172,93.53997040689296,1.275802006182671,0.20202551822182002,-63.99649120907095,302.6734550158344,2266,2266,0,41,full,fixed504,recent,dgtw,42,ar_dgtw_42,2724901
ld2_ridge_characteristics_full_dgtw_fixed504_union,ridge,characteristics,504,rank_ic,0.1251932747889946,0.008784769690781133,14.251173245938853,4.408125978297946e-46,0.10797544258258453,0.1424111069954047,2266,2266,0,41,full,fixed504,union,dgtw,42,ar_dgtw_42,2724901
ld2_ridge_characteristics_full_dgtw_fixed504_union,ridge,characteristics,504,ew_spread_bp,189.2182078059145,115.16265540732695,1.6430517960588458,0.10037221707101923,-36.49644915644325,414.9328647682722,2266,2266,0,41,full,fixed504,union,dgtw,42,ar_dgtw_42,2724901
ld2_ridge_characteristics_full_dgtw_fixed504_union,ridge,characteristics,504,cap_spread_bp,137.2293685779612,91.4981305380136,1.499805162914757,0.13366487957479106,-42.10367192928993,316.5624090852123,2266,2266,0,41,full,fixed504,union,dgtw,42,ar_dgtw_42,2724901
ld2_lasso_characteristics_full_dgtw_fixed504_retain,lasso,characteristics,504,rank_ic,0.12498330837009183,0.00890459544106735,14.035821076573322,9.410022091596109e-45,0.10753062200870027,0.14243599473148338,2266,2266,0,41,full,fixed504,retain,dgtw,42,ar_dgtw_42,2724901
ld2_lasso_characteristics_full_dgtw_fixed504_retain,lasso,characteristics,504,ew_spread_bp,191.56533318001993,109.01546968822832,1.7572307281514699,0.07887848965940629,-22.101061166625527,405.2317275266654,2266,2266,0,41,full,fixed504,retain,dgtw,42,ar_dgtw_42,2724901
ld2_lasso_characteristics_full_dgtw_fixed504_retain,lasso,characteristics,504,cap_spread_bp,82.84947222582929,98.79781819235035,0.838575929526388,0.4017073226940209,-110.79069318231353,276.4896376339721,2266,2266,0,41,full,fixed504,retain,dgtw,42,ar_dgtw_42,2724901
ld2_lasso_characteristics_full_dgtw_fixed504_recent,lasso,characteristics,504,rank_ic,0.12236508509017027,0.008751658315323431,13.9819312730616,2.0095973712393824e-44,0.10521214998713586,0.1395180201932047,2266,2266,0,41,full,fixed504,recent,dgtw,42,ar_dgtw_42,2724901
ld2_lasso_characteristics_full_dgtw_fixed504_recent,lasso,characteristics,504,ew_spread_bp,184.36786414800054,108.26775631681166,1.7028880104294926,0.08858902818149447,-27.833038919909256,396.5687672159103,2266,2266,0,41,full,fixed504,recent,dgtw,42,ar_dgtw_42,2724901
ld2_lasso_characteristics_full_dgtw_fixed504_recent,lasso,characteristics,504,cap_spread_bp,116.17578291386442,93.67714989571007,1.2401720488208905,0.21491176445486881,-67.4280570560874,299.7796228838163,2266,2266,0,41,full,fixed504,recent,dgtw,42,ar_dgtw_42,2724901
ld2_lasso_characteristics_full_dgtw_fixed504_union,lasso,characteristics,504,rank_ic,0.1247328117062058,0.008862649592818867,14.073986610874583,5.488602922183652e-45,0.10736233769668224,0.14210328571572936,2266,2266,0,41,full,fixed504,union,dgtw,42,ar_dgtw_42,2724901
ld2_lasso_characteristics_full_dgtw_fixed504_union,lasso,characteristics,504,ew_spread_bp,205.92789028253065,108.14491406172583,1.9041846957776791,0.05688613418640931,-6.0322463896312115,417.8880269546925,2266,2266,0,41,full,fixed504,union,dgtw,42,ar_dgtw_42,2724901
ld2_lasso_characteristics_full_dgtw_fixed504_union,lasso,characteristics,504,cap_spread_bp,119.18962179343012,95.67256555976813,1.2458077307331172,0.21283499074299195,-68.32516101226258,306.7044045991228,2266,2266,0,41,full,fixed504,union,dgtw,42,ar_dgtw_42,2724901
ld2_enet_characteristics_full_dgtw_fixed504_retain,enet,characteristics,504,rank_ic,0.12546470769774215,0.008906817820403206,14.086367345510883,4.6065544225621235e-45,0.10800766555289232,0.14292174984259198,2266,2266,0,41,full,fixed504,retain,dgtw,42,ar_dgtw_42,2724901
ld2_enet_characteristics_full_dgtw_fixed504_retain,enet,characteristics,504,ew_spread_bp,195.92277719748725,108.56675154515567,1.804629634847258,0.07113265749299115,-16.86414574952613,408.70970014450063,2266,2266,0,41,full,fixed504,retain,dgtw,42,ar_dgtw_42,2724901
ld2_enet_characteristics_full_dgtw_fixed504_retain,enet,characteristics,504,cap_spread_bp,89.06545506467657,97.05097578675377,0.9177182850832591,0.35876637226042063,-101.15096214182964,279.2818722711828,2266,2266,0,41,full,fixed504,retain,dgtw,42,ar_dgtw_42,2724901
ld2_enet_characteristics_full_dgtw_fixed504_recent,enet,characteristics,504,rank_ic,0.12293650425707182,0.00875679117271025,14.038990062957348,8.998585842997384e-45,0.10577350893842147,0.14009949957572218,2266,2266,0,41,full,fixed504,recent,dgtw,42,ar_dgtw_42,2724901
ld2_enet_characteristics_full_dgtw_fixed504_recent,enet,characteristics,504,ew_spread_bp,187.890403122604,108.11489394186106,1.7378771441392926,0.08223246377018481,-24.010895195811344,399.7917014410193,2266,2266,0,41,full,fixed504,recent,dgtw,42,ar_dgtw_42,2724901
ld2_enet_characteristics_full_dgtw_fixed504_recent,enet,characteristics,504,cap_spread_bp,117.6970705058307,92.88215850838547,1.2671655396036572,0.20509610479615736,-64.34861497694537,299.74275598860675,2266,2266,0,41,full,fixed504,recent,dgtw,42,ar_dgtw_42,2724901
ld2_enet_characteristics_full_dgtw_fixed504_union,enet,characteristics,504,rank_ic,0.12517311042404086,0.0088607818162983,14.126644016197373,2.6025452144928863e-45,0.1078062971892288,0.14253992365885293,2266,2266,0,41,full,fixed504,union,dgtw,42,ar_dgtw_42,2724901
ld2_enet_characteristics_full_dgtw_fixed504_union,enet,characteristics,504,ew_spread_bp,205.63211951876167,108.20632035348626,1.9003706885790659,0.05738449069372394,-6.448371273674809,417.71261031119815,2266,2266,0,41,full,fixed504,union,dgtw,42,ar_dgtw_42,2724901
ld2_enet_characteristics_full_dgtw_fixed504_union,enet,characteristics,504,cap_spread_bp,122.00259474136871,95.08776449030114,1.283052508336263,0.19947368064447313,-64.36599903004819,308.3711885127856,2266,2266,0,41,full,fixed504,union,dgtw,42,ar_dgtw_42,2724901
ld2_ols_characteristics_core_full_dgtw_fixed504_retain,ols,characteristics_core,504,rank_ic,0.12489562831402866,0.008752427348747486,14.269827481847287,3.374122758015269e-46,0.10774118593318019,0.14205007069487713,2266,2266,0,41,full,fixed504,retain,dgtw,42,ar_dgtw_42,2724901
ld2_ols_characteristics_core_full_dgtw_fixed504_retain,ols,characteristics_core,504,ew_spread_bp,267.8618155243973,111.03605126274624,2.4123859996655677,0.015848492800591175,50.23515406387148,485.48847698492307,2266,2266,0,41,full,fixed504,retain,dgtw,42,ar_dgtw_42,2724901
ld2_ols_characteristics_core_full_dgtw_fixed504_retain,ols,characteristics_core,504,cap_spread_bp,103.44927658451958,95.2827484335306,1.0857083604875857,0.2776080406406486,-83.30147869319065,290.2000318622298,2266,2266,0,41,full,fixed504,retain,dgtw,42,ar_dgtw_42,2724901
ld2_ols_characteristics_core_full_dgtw_fixed504_recent,ols,characteristics_core,504,rank_ic,0.12280103905097048,0.00860277177742397,14.274589891275978,3.1513621259660352e-46,0.10593991620000187,0.13966216190193909,2266,2266,0,41,full,fixed504,recent,dgtw,42,ar_dgtw_42,2724901
ld2_ols_characteristics_core_full_dgtw_fixed504_recent,ols,characteristics_core,504,ew_spread_bp,260.9854673302592,110.35784203379717,2.364901873038911,0.018034848703030324,44.68807153245626,477.28286312806216,2266,2266,0,41,full,fixed504,recent,dgtw,42,ar_dgtw_42,2724901
ld2_ols_characteristics_core_full_dgtw_fixed504_recent,ols,characteristics_core,504,cap_spread_bp,113.30735162205393,91.6709856193633,1.2360219632908636,0.21645039978645497,-66.36447861918735,292.9791818632952,2266,2266,0,41,full,fixed504,recent,dgtw,42,ar_dgtw_42,2724901
ld2_ols_characteristics_core_full_dgtw_fixed504_union,ols,characteristics_core,504,rank_ic,0.1252468905424027,0.008741753438004938,14.32743344120065,1.4747061391877843e-46,0.10811336864218384,0.1423804124426216,2266,2266,0,41,full,fixed504,union,dgtw,42,ar_dgtw_42,2724901
ld2_ols_characteristics_core_full_dgtw_fixed504_union,ols,characteristics_core,504,ew_spread_bp,273.1532852228715,110.48580264904844,2.4722930790531215,0.01342494061041737,56.605091227736466,489.7014792180065,2266,2266,0,41,full,fixed504,union,dgtw,42,ar_dgtw_42,2724901
ld2_ols_characteristics_core_full_dgtw_fixed504_union,ols,characteristics_core,504,cap_spread_bp,123.15405725788293,92.09126141723416,1.3373044886410428,0.18112326642762755,-57.3414984107591,303.6496129265249,2266,2266,0,41,full,fixed504,union,dgtw,42,ar_dgtw_42,2724901
ld2_ridge_characteristics_core_full_dgtw_fixed504_retain,ridge,characteristics_core,504,rank_ic,0.13033387195470164,0.009194427984039083,14.17531054470736,1.3026561598685375e-45,0.11231312424753782,0.14835461966186547,2266,2266,0,41,full,fixed504,retain,dgtw,42,ar_dgtw_42,2724901
ld2_ridge_characteristics_core_full_dgtw_fixed504_retain,ridge,characteristics_core,504,ew_spread_bp,247.23188165987966,120.42569235570095,2.052982854602419,0.0400742403879848,11.201861829405317,483.26190149035403,2266,2266,0,41,full,fixed504,retain,dgtw,42,ar_dgtw_42,2724901
ld2_ridge_characteristics_core_full_dgtw_fixed504_retain,ridge,characteristics_core,504,cap_spread_bp,147.05274412648475,95.7570917694385,1.5356851530177484,0.12461561816299585,-40.62770700591156,334.7331952588811,2266,2266,0,41,full,fixed504,retain,dgtw,42,ar_dgtw_42,2724901
ld2_ridge_characteristics_core_full_dgtw_fixed504_recent,ridge,characteristics_core,504,rank_ic,0.12807276757444747,0.009055178992302128,14.143593150761905,2.0456682340847478e-45,0.1103249428759716,0.14582059227292332,2266,2266,0,41,full,fixed504,recent,dgtw,42,ar_dgtw_42,2724901
ld2_ridge_characteristics_core_full_dgtw_fixed504_recent,ridge,characteristics_core,504,ew_spread_bp,237.05048856368623,119.3027658816664,1.9869655729424665,0.046926212076662824,3.2213641796061268,470.8796129477663,2266,2266,0,41,full,fixed504,recent,dgtw,42,ar_dgtw_42,2724901
ld2_ridge_characteristics_core_full_dgtw_fixed504_recent,ridge,characteristics_core,504,cap_spread_bp,146.16485109557794,95.6581317992298,1.527991905616066,0.126514547672475,-41.32164205929817,333.65134425045403,2266,2266,0,41,full,fixed504,recent,dgtw,42,ar_dgtw_42,2724901
ld2_ridge_characteristics_core_full_dgtw_fixed504_union,ridge,characteristics_core,504,rank_ic,0.13016162873828957,0.009153788985608464,14.219426397410837,6.941960463685371e-46,0.11222053200441755,0.1481027254721616,2266,2266,0,41,full,fixed504,union,dgtw,42,ar_dgtw_42,2724901
ld2_ridge_characteristics_core_full_dgtw_fixed504_union,ridge,characteristics_core,504,ew_spread_bp,244.76051420137088,119.5796996920116,2.0468400140807668,0.04067379542641785,10.388609522912759,479.132418879829,2266,2266,0,41,full,fixed504,union,dgtw,42,ar_dgtw_42,2724901
ld2_ridge_characteristics_core_full_dgtw_fixed504_union,ridge,characteristics_core,504,cap_spread_bp,162.31273213320048,93.82577595082866,1.7299375410256541,0.08364143507818247,-21.582409551948018,346.20787381834896,2266,2266,0,41,full,fixed504,union,dgtw,42,ar_dgtw_42,2724901
ld2_lasso_characteristics_core_full_dgtw_fixed504_retain,lasso,characteristics_core,504,rank_ic,0.12944634672434022,0.009225289221123803,14.031684386429607,9.975383767570662e-45,0.111365112103972,0.14752758134470845,2266,2266,0,41,full,fixed504,retain,dgtw,42,ar_dgtw_42,2724901
ld2_lasso_characteristics_core_full_dgtw_fixed504_retain,lasso,characteristics_core,504,ew_spread_bp,248.0516539436931,115.22934815080487,2.152677750281628,0.03134401330895252,22.20628160608848,473.8970262812977,2266,2266,0,41,full,fixed504,retain,dgtw,42,ar_dgtw_42,2724901
ld2_lasso_characteristics_core_full_dgtw_fixed504_retain,lasso,characteristics_core,504,cap_spread_bp,106.0063037095254,98.97317233809713,1.0710609875916957,0.2841420081845808,-87.9775495088209,299.9901569278717,2266,2266,0,41,full,fixed504,retain,dgtw,42,ar_dgtw_42,2724901
ld2_lasso_characteristics_core_full_dgtw_fixed504_recent,lasso,characteristics_core,504,rank_ic,0.12677002518196104,0.009095616761863488,13.93748532958074,3.749186199549255e-44,0.10894294391152977,0.1445971064523923,2266,2266,0,41,full,fixed504,recent,dgtw,42,ar_dgtw_42,2724901
ld2_lasso_characteristics_core_full_dgtw_fixed504_recent,lasso,characteristics_core,504,ew_spread_bp,245.44242916425546,113.2490220145059,2.167280783518087,0.03021345084741586,23.478424731440185,467.40643359707076,2266,2266,0,41,full,fixed504,recent,dgtw,42,ar_dgtw_42,2724901
ld2_lasso_characteristics_core_full_dgtw_fixed504_recent,lasso,characteristics_core,504,cap_spread_bp,145.02863506750603,94.60520695849131,1.5329878738190208,0.12527884271881368,-40.39416332109505,330.4514334561071,2266,2266,0,41,full,fixed504,recent,dgtw,42,ar_dgtw_42,2724901
ld2_lasso_characteristics_core_full_dgtw_fixed504_union,lasso,characteristics_core,504,rank_ic,0.12904475422427042,0.009174078272898683,14.066236452928894,6.124301615417775e-45,0.11106389121803759,0.14702561723050325,2266,2266,0,41,full,fixed504,union,dgtw,42,ar_dgtw_42,2724901
ld2_lasso_characteristics_core_full_dgtw_fixed504_union,lasso,characteristics_core,504,ew_spread_bp,256.0245547530991,113.90075525395936,2.247786278346028,0.024589821255684468,32.783176643427424,479.2659328627708,2266,2266,0,41,full,fixed504,union,dgtw,42,ar_dgtw_42,2724901
ld2_lasso_characteristics_core_full_dgtw_fixed504_union,lasso,characteristics_core,504,cap_spread_bp,143.29339651935805,96.71123201206971,1.481662404026399,0.138430145415143,-46.257135124795724,332.8439281635118,2266,2266,0,41,full,fixed504,union,dgtw,42,ar_dgtw_42,2724901
ld2_enet_characteristics_core_full_dgtw_fixed504_retain,enet,characteristics_core,504,rank_ic,0.12973022927610656,0.009243886736307147,14.034164737930645,9.632461960027196e-45,0.11161254419577704,0.14784791435643607,2266,2266,0,41,full,fixed504,retain,dgtw,42,ar_dgtw_42,2724901
ld2_enet_characteristics_core_full_dgtw_fixed504_retain,enet,characteristics_core,504,ew_spread_bp,249.65043965837057,115.27969880454701,2.16560627974614,0.030341286111516114,23.706381852833317,475.5944974639078,2266,2266,0,41,full,fixed504,retain,dgtw,42,ar_dgtw_42,2724901
ld2_enet_characteristics_core_full_dgtw_fixed504_retain,enet,characteristics_core,504,cap_spread_bp,106.34610442096856,99.01493332430806,1.074041064822499,0.2828042769538359,-87.71959882631005,300.41180766824715,2266,2266,0,41,full,fixed504,retain,dgtw,42,ar_dgtw_42,2724901
ld2_enet_characteristics_core_full_dgtw_fixed504_recent,enet,characteristics_core,504,rank_ic,0.1270382670022557,0.009119131814264823,13.9309607087303,4.107924305713104e-44,0.10916509707602326,0.14491143692848815,2266,2266,0,41,full,fixed504,recent,dgtw,42,ar_dgtw_42,2724901
ld2_enet_characteristics_core_full_dgtw_fixed504_recent,enet,characteristics_core,504,ew_spread_bp,244.09995188595715,113.51465038914077,2.1503828012433246,0.03152494762971731,21.615325405585622,466.5845783663287,2266,2266,0,41,full,fixed504,recent,dgtw,42,ar_dgtw_42,2724901
ld2_enet_characteristics_core_full_dgtw_fixed504_recent,enet,characteristics_core,504,cap_spread_bp,136.70642342378042,96.06116049408634,1.4231185915372766,0.15470177972216168,-51.56999145775066,324.9828383053115,2266,2266,0,41,full,fixed504,recent,dgtw,42,ar_dgtw_42,2724901
ld2_enet_characteristics_core_full_dgtw_fixed504_union,enet,characteristics_core,504,rank_ic,0.1292909802305828,0.009196517177926718,14.058689580975743,6.813621077162375e-45,0.1112661377786425,0.1473158226825231,2266,2266,0,41,full,fixed504,union,dgtw,42,ar_dgtw_42,2724901
ld2_enet_characteristics_core_full_dgtw_fixed504_union,enet,characteristics_core,504,ew_spread_bp,254.52610348234293,114.48559275187742,2.223215143183761,0.026201296200250204,30.138464939943333,478.91374202474253,2266,2266,0,41,full,fixed504,union,dgtw,42,ar_dgtw_42,2724901
ld2_enet_characteristics_core_full_dgtw_fixed504_union,enet,characteristics_core,504,cap_spread_bp,144.13658347644412,97.80010334501074,1.4737876397530127,0.14053877728929784,-47.5480967640722,335.8212637169604,2266,2266,0,41,full,fixed504,union,dgtw,42,ar_dgtw_42,2724901
ld2_group_ridge_characteristics_core_full_dgtw_fixed504_retain,group_ridge,characteristics_core,504,rank_ic,0.12943295328627857,0.009200450656673903,14.068110152016235,5.964201575365457e-45,0.11140040135765983,0.14746550521489732,2266,2266,0,41,full,fixed504,retain,dgtw,42,ar_dgtw_42,2724901
ld2_group_ridge_characteristics_core_full_dgtw_fixed504_retain,group_ridge,characteristics_core,504,ew_spread_bp,242.64505001221437,119.88855831699647,2.023921660402641,0.04297821287174783,7.667793552471352,477.62230647195736,2266,2266,0,41,full,fixed504,retain,dgtw,42,ar_dgtw_42,2724901
ld2_group_ridge_characteristics_core_full_dgtw_fixed504_retain,group_ridge,characteristics_core,504,cap_spread_bp,144.17801123752668,95.86301944882939,1.5040003128055788,0.1325812861955067,-43.71005433144168,332.06607680649506,2266,2266,0,41,full,fixed504,retain,dgtw,42,ar_dgtw_42,2724901
ld2_group_ridge_characteristics_core_full_dgtw_fixed504_recent,group_ridge,characteristics_core,504,rank_ic,0.12716953608238515,0.009058383656123607,14.038877233513574,9.012922662215009e-45,0.10941543035823663,0.14492364180653367,2266,2266,0,41,full,fixed504,recent,dgtw,42,ar_dgtw_42,2724901
ld2_group_ridge_characteristics_core_full_dgtw_fixed504_recent,group_ridge,characteristics_core,504,ew_spread_bp,233.77749209120435,118.9735002679706,1.9649543096963136,0.04941952600528337,0.5937164513154869,466.96126773109324,2266,2266,0,41,full,fixed504,recent,dgtw,42,ar_dgtw_42,2724901
ld2_group_ridge_characteristics_core_full_dgtw_fixed504_recent,group_ridge,characteristics_core,504,cap_spread_bp,144.1235143085408,95.66803035911532,1.5064960966326468,0.13193986841071223,-43.38237966720973,331.62940828429134,2266,2266,0,41,full,fixed504,recent,dgtw,42,ar_dgtw_42,2724901
ld2_group_ridge_characteristics_core_full_dgtw_fixed504_union,group_ridge,characteristics_core,504,rank_ic,0.1292869120457421,0.0091571730626772,14.118648971775976,2.9152677164850147e-45,0.11133918264269446,0.14723464144878975,2266,2266,0,41,full,fixed504,union,dgtw,42,ar_dgtw_42,2724901
ld2_group_ridge_characteristics_core_full_dgtw_fixed504_union,group_ridge,characteristics_core,504,ew_spread_bp,242.41818528345325,119.05161076686679,2.0362444802042154,0.04172581179348729,9.081315878913415,475.7550546879931,2266,2266,0,41,full,fixed504,union,dgtw,42,ar_dgtw_42,2724901
ld2_group_ridge_characteristics_core_full_dgtw_fixed504_union,group_ridge,characteristics_core,504,cap_spread_bp,159.61719711787146,94.41915207684042,1.6905171631701523,0.09092905752822734,-25.440940403546023,344.67533463928896,2266,2266,0,41,full,fixed504,union,dgtw,42,ar_dgtw_42,2724901
ld2_ols_characteristics_textcore_full_dgtw_fixed504_retain,ols,characteristics_textcore,504,rank_ic,0.11213439560977827,0.007741691113424601,14.484483295300928,1.5186031928471687e-47,0.09696095984803225,0.12730783137152427,2266,2266,0,41,full,fixed504,retain,dgtw,42,ar_dgtw_42,2724901
ld2_ols_characteristics_textcore_full_dgtw_fixed504_retain,ols,characteristics_textcore,504,ew_spread_bp,245.33224076964177,109.71013228930045,2.236185807548862,0.025339602491208847,30.304332743488033,460.3601487957955,2266,2266,0,41,full,fixed504,retain,dgtw,42,ar_dgtw_42,2724901
ld2_ols_characteristics_textcore_full_dgtw_fixed504_retain,ols,characteristics_textcore,504,cap_spread_bp,68.88595944479079,91.0200254375891,0.7568220192601982,0.4491564990633051,-109.51001228480342,247.281931174385,2266,2266,0,41,full,fixed504,retain,dgtw,42,ar_dgtw_42,2724901
ld2_ols_characteristics_textcore_full_dgtw_fixed504_recent,ols,characteristics_textcore,504,rank_ic,0.11231702167720736,0.007665667857976683,14.651955153566087,1.308942230741039e-48,0.09729258875812677,0.12734145459628796,2266,2266,0,41,full,fixed504,recent,dgtw,42,ar_dgtw_42,2724901
ld2_ols_characteristics_textcore_full_dgtw_fixed504_recent,ols,characteristics_textcore,504,ew_spread_bp,255.57725269255124,110.92539068948875,2.3040464505370424,0.021220036235057575,38.167481970118644,472.9870234149838,2266,2266,0,41,full,fixed504,recent,dgtw,42,ar_dgtw_42,2724901
ld2_ols_characteristics_textcore_full_dgtw_fixed504_recent,ols,characteristics_textcore,504,cap_spread_bp,96.85668560999243,94.32936088486734,1.026792556436482,0.3045181551356658,-88.02546440902888,281.73883562901375,2266,2266,0,41,full,fixed504,recent,dgtw,42,ar_dgtw_42,2724901
ld2_ols_characteristics_textcore_full_dgtw_fixed504_union,ols,characteristics_textcore,504,rank_ic,0.11496520953875208,0.007783378795331346,14.77060445878735,2.266708890048557e-49,0.09971006742186989,0.13022035165563428,2266,2266,0,41,full,fixed504,union,dgtw,42,ar_dgtw_42,2724901
ld2_ols_characteristics_textcore_full_dgtw_fixed504_union,ols,characteristics_textcore,504,ew_spread_bp,264.08953658446273,111.28513573867446,2.3730890458237974,0.0176400106458184,45.97467852200958,482.2043946469159,2266,2266,0,41,full,fixed504,union,dgtw,42,ar_dgtw_42,2724901
ld2_ols_characteristics_textcore_full_dgtw_fixed504_union,ols,characteristics_textcore,504,cap_spread_bp,83.09871253635868,94.49101145364924,0.8794351045455913,0.37916540526502074,-102.10026677555555,268.2976918482729,2266,2266,0,41,full,fixed504,union,dgtw,42,ar_dgtw_42,2724901
ld2_ridge_characteristics_textcore_full_dgtw_fixed504_retain,ridge,characteristics_textcore,504,rank_ic,0.1271887973310264,0.00891733449881728,14.263095922654426,3.71596431126386e-46,0.109711142875248,0.1446664517868048,2266,2266,0,41,full,fixed504,retain,dgtw,42,ar_dgtw_42,2724901
ld2_ridge_characteristics_textcore_full_dgtw_fixed504_retain,ridge,characteristics_textcore,504,ew_spread_bp,271.14007467767004,120.74633580545702,2.2455345983709436,0.024733833714003294,34.48160523379511,507.798544121545,2266,2266,0,41,full,fixed504,retain,dgtw,42,ar_dgtw_42,2724901
ld2_ridge_characteristics_textcore_full_dgtw_fixed504_retain,ridge,characteristics_textcore,504,cap_spread_bp,175.5598357547995,97.94192304513196,1.7924891639497518,0.07305464342116456,-16.40280599025266,367.5224774998517,2266,2266,0,41,full,fixed504,retain,dgtw,42,ar_dgtw_42,2724901
ld2_ridge_characteristics_textcore_full_dgtw_fixed504_recent,ridge,characteristics_textcore,504,rank_ic,0.12597761236471408,0.008817107847812913,14.28786111490775,2.6048759710940425e-46,0.1086963985351953,0.14325882619423286,2266,2266,0,41,full,fixed504,recent,dgtw,42,ar_dgtw_42,2724901
ld2_ridge_characteristics_textcore_full_dgtw_fixed504_recent,ridge,characteristics_textcore,504,ew_spread_bp,278.0075359350922,122.93727916825063,2.2613770031026483,0.023735921572552478,37.05489640797475,518.9601754622097,2266,2266,0,41,full,fixed504,recent,dgtw,42,ar_dgtw_42,2724901
ld2_ridge_characteristics_textcore_full_dgtw_fixed504_recent,ridge,characteristics_textcore,504,cap_spread_bp,186.36120612385864,102.37732595875886,1.8203367237676378,0.06870774210222837,-14.294665588826291,387.01707783654354,2266,2266,0,41,full,fixed504,recent,dgtw,42,ar_dgtw_42,2724901
ld2_ridge_characteristics_textcore_full_dgtw_fixed504_union,ridge,characteristics_textcore,504,rank_ic,0.1278666166956661,0.00890454685215862,14.359699467993584,9.262794428618615e-47,0.11041402556678569,0.1453192078245465,2266,2266,0,41,full,fixed504,union,dgtw,42,ar_dgtw_42,2724901
ld2_ridge_characteristics_textcore_full_dgtw_fixed504_union,ridge,characteristics_textcore,504,ew_spread_bp,280.52893345191,122.96589378558393,2.281355624845612,0.02252741164241955,39.52021030538785,521.5376565984321,2266,2266,0,41,full,fixed504,union,dgtw,42,ar_dgtw_42,2724901
ld2_ridge_characteristics_textcore_full_dgtw_fixed504_union,ridge,characteristics_textcore,504,cap_spread_bp,187.43325853460482,102.1793249437739,1.8343560073208889,0.06660116540442278,-12.834538319807223,387.70105538901686,2266,2266,0,41,full,fixed504,union,dgtw,42,ar_dgtw_42,2724901
ld2_lasso_characteristics_textcore_full_dgtw_fixed504_retain,lasso,characteristics_textcore,504,rank_ic,0.12958860217502405,0.009181242480324812,14.11449511901351,3.0922259083821775e-45,0.11159369758025822,0.14758350676978987,2266,2266,0,41,full,fixed504,retain,dgtw,42,ar_dgtw_42,2724901
ld2_lasso_characteristics_textcore_full_dgtw_fixed504_retain,lasso,characteristics_textcore,504,ew_spread_bp,246.7867733461087,120.63484304346416,2.045733779064085,0.04078257041572676,10.346825700276668,483.22672099194074,2266,2266,0,41,full,fixed504,retain,dgtw,42,ar_dgtw_42,2724901
ld2_lasso_characteristics_textcore_full_dgtw_fixed504_retain,lasso,characteristics_textcore,504,cap_spread_bp,117.96762013158711,101.18737055561633,1.165833438341475,0.2436817948308233,-80.35598184772961,316.29122211090385,2266,2266,0,41,full,fixed504,retain,dgtw,42,ar_dgtw_42,2724901
ld2_lasso_characteristics_textcore_full_dgtw_fixed504_recent,lasso,characteristics_textcore,504,rank_ic,0.1277385263824792,0.00909259803326069,14.04862789658271,7.85410293248287e-45,0.10991736171138852,0.1455596910535699,2266,2266,0,41,full,fixed504,recent,dgtw,42,ar_dgtw_42,2724901
ld2_lasso_characteristics_textcore_full_dgtw_fixed504_recent,lasso,characteristics_textcore,504,ew_spread_bp,258.5403220371571,119.11184078345316,2.1705677650233506,0.029963860988039652,25.085403969319742,491.99524010499454,2266,2266,0,41,full,fixed504,recent,dgtw,42,ar_dgtw_42,2724901
ld2_lasso_characteristics_textcore_full_dgtw_fixed504_recent,lasso,characteristics_textcore,504,cap_spread_bp,156.94613487788484,97.58632701555295,1.6082799678777882,0.10777387592442789,-34.31955145614705,348.21182121191674,2266,2266,0,41,full,fixed504,recent,dgtw,42,ar_dgtw_42,2724901
ld2_lasso_characteristics_textcore_full_dgtw_fixed504_union,lasso,characteristics_textcore,504,rank_ic,0.1295439212629351,0.009158287267023255,14.144994307984962,2.0053287780767367e-45,0.11159400805949776,0.14749383446637243,2266,2266,0,41,full,fixed504,union,dgtw,42,ar_dgtw_42,2724901
ld2_lasso_characteristics_textcore_full_dgtw_fixed504_union,lasso,characteristics_textcore,504,ew_spread_bp,261.3045129866253,120.13073205965054,2.175167906717453,0.029617536210729933,25.85260471327902,496.7564212599716,2266,2266,0,41,full,fixed504,union,dgtw,42,ar_dgtw_42,2724901
ld2_lasso_characteristics_textcore_full_dgtw_fixed504_union,lasso,characteristics_textcore,504,cap_spread_bp,147.3048540858192,101.14592060367957,1.4563598136894154,0.14529317855458446,-50.937507480540575,345.5472156521789,2266,2266,0,41,full,fixed504,union,dgtw,42,ar_dgtw_42,2724901
ld2_enet_characteristics_textcore_full_dgtw_fixed504_retain,enet,characteristics_textcore,504,rank_ic,0.12999486424156903,0.009192063909869739,14.142075764071922,2.0902650851447398e-45,0.11197875003463391,0.14801097844850414,2266,2266,0,41,full,fixed504,retain,dgtw,42,ar_dgtw_42,2724901
ld2_enet_characteristics_textcore_full_dgtw_fixed504_retain,enet,characteristics_textcore,504,ew_spread_bp,250.50806873388748,120.40782971285317,2.08049650368498,0.03748001599232935,14.513059040063467,486.5030784277115,2266,2266,0,41,full,fixed504,retain,dgtw,42,ar_dgtw_42,2724901
ld2_enet_characteristics_textcore_full_dgtw_fixed504_retain,enet,characteristics_textcore,504,cap_spread_bp,117.71648249704957,101.3989439177344,1.160924147223404,0.24567274789496307,-81.02179565210663,316.4547606462058,2266,2266,0,41,full,fixed504,retain,dgtw,42,ar_dgtw_42,2724901
ld2_enet_characteristics_textcore_full_dgtw_fixed504_recent,enet,characteristics_textcore,504,rank_ic,0.12819491299686836,0.009105973516804327,14.0781117757805,5.1774753105931726e-45,0.11034753285975635,0.14604229313398037,2266,2266,0,41,full,fixed504,recent,dgtw,42,ar_dgtw_42,2724901
ld2_enet_characteristics_textcore_full_dgtw_fixed504_recent,enet,characteristics_textcore,504,ew_spread_bp,259.52564093361394,119.24817340335643,2.1763489831896172,0.029529175446714778,25.803515840848178,493.24776602637974,2266,2266,0,41,full,fixed504,recent,dgtw,42,ar_dgtw_42,2724901
ld2_enet_characteristics_textcore_full_dgtw_fixed504_recent,enet,characteristics_textcore,504,cap_spread_bp,156.77904985828076,97.68547366823783,1.6049371925117362,0.10850762749191396,-34.680960344201196,348.2390600607627,2266,2266,0,41,full,fixed504,recent,dgtw,42,ar_dgtw_42,2724901
ld2_enet_characteristics_textcore_full_dgtw_fixed504_union,enet,characteristics_textcore,504,rank_ic,0.12991648277721604,0.009169800886560421,14.167863008631535,1.4484140537872494e-45,0.11194400329415416,0.14788896226027792,2266,2266,0,41,full,fixed504,union,dgtw,42,ar_dgtw_42,2724901
ld2_enet_characteristics_textcore_full_dgtw_fixed504_union,enet,characteristics_textcore,504,ew_spread_bp,261.0703452097497,120.50438050316102,2.1664801239561693,0.030274517084937166,24.886099444243428,497.25459097525595,2266,2266,0,41,full,fixed504,union,dgtw,42,ar_dgtw_42,2724901
ld2_enet_characteristics_textcore_full_dgtw_fixed504_union,enet,characteristics_textcore,504,cap_spread_bp,153.07891141418594,101.30978557357459,1.5109982766967252,0.13078888993758947,-45.4846195914958,351.6424424198677,2266,2266,0,41,full,fixed504,union,dgtw,42,ar_dgtw_42,2724901
ld2_group_ridge_characteristics_textcore_full_dgtw_fixed504_retain,group_ridge,characteristics_textcore,504,rank_ic,0.12924078694148075,0.009157754667907487,14.112715575837957,3.171268964676696e-45,0.11129191761312851,0.147189656269833,2266,2266,0,41,full,fixed504,retain,dgtw,42,ar_dgtw_42,2724901
ld2_group_ridge_characteristics_textcore_full_dgtw_fixed504_retain,group_ridge,characteristics_textcore,504,ew_spread_bp,244.89573608110607,121.24428831704962,2.019853796664732,0.043398555030622996,7.261297648498356,482.53017451371375,2266,2266,0,41,full,fixed504,retain,dgtw,42,ar_dgtw_42,2724901
ld2_group_ridge_characteristics_textcore_full_dgtw_fixed504_retain,group_ridge,characteristics_textcore,504,cap_spread_bp,142.18318798323705,97.78232147822196,1.454078670190951,0.14592449642939634,-49.466640438795366,333.83301640526946,2266,2266,0,41,full,fixed504,retain,dgtw,42,ar_dgtw_42,2724901
ld2_group_ridge_characteristics_textcore_full_dgtw_fixed504_recent,group_ridge,characteristics_textcore,504,rank_ic,0.12721495209348305,0.009019112835454252,14.105040530527502,3.5358606824990643e-45,0.10953781576348978,0.1448920884234763,2266,2266,0,41,full,fixed504,recent,dgtw,42,ar_dgtw_42,2724901
ld2_group_ridge_characteristics_textcore_full_dgtw_fixed504_recent,group_ridge,characteristics_textcore,504,ew_spread_bp,241.1005550573057,120.54420579715597,2.000100738670212,0.045489387035794096,4.838253149895621,477.3628569647158,2266,2266,0,41,full,fixed504,recent,dgtw,42,ar_dgtw_42,2724901
ld2_group_ridge_characteristics_textcore_full_dgtw_fixed504_recent,group_ridge,characteristics_textcore,504,cap_spread_bp,158.0908970236652,96.36562024026041,1.6405321382201483,0.10089457187451138,-30.78224799510926,346.9640420424397,2266,2266,0,41,full,fixed504,recent,dgtw,42,ar_dgtw_42,2724901
ld2_group_ridge_characteristics_textcore_full_dgtw_fixed504_union,group_ridge,characteristics_textcore,504,rank_ic,0.12919656056748594,0.00911205239307478,14.178645489975032,1.2422111561619443e-45,0.11133726605181735,0.14705585508315452,2266,2266,0,41,full,fixed504,union,dgtw,42,ar_dgtw_42,2724901
ld2_group_ridge_characteristics_textcore_full_dgtw_fixed504_union,group_ridge,characteristics_textcore,504,ew_spread_bp,246.11639250062953,120.5006368605175,2.0424488941541066,0.04110702393095211,9.939484139875532,482.2933008613835,2266,2266,0,41,full,fixed504,union,dgtw,42,ar_dgtw_42,2724901
ld2_group_ridge_characteristics_textcore_full_dgtw_fixed504_union,group_ridge,characteristics_textcore,504,cap_spread_bp,167.277719943214,95.6104074289151,1.7495764785604797,0.08019142140297147,-20.11523516466042,354.67067505108844,2266,2266,0,41,full,fixed504,union,dgtw,42,ar_dgtw_42,2724901
ld2_ols_characteristics_textcore_pca_dgtw_fixed504_retain,ols,characteristics_textcore,504,rank_ic,0.12458150965722532,0.00870829493787239,14.306073754509638,2.005188027157367e-46,0.10751356521224298,0.14164945410220767,2266,2266,0,41,pca,fixed504,retain,dgtw,42,ar_dgtw_42,2724901
ld2_ols_characteristics_textcore_pca_dgtw_fixed504_retain,ols,characteristics_textcore,504,ew_spread_bp,290.27349721594703,114.46710641714729,2.535868218404303,0.011216893572902627,65.92209122382462,514.6249032080694,2266,2266,0,41,pca,fixed504,retain,dgtw,42,ar_dgtw_42,2724901
ld2_ols_characteristics_textcore_pca_dgtw_fixed504_retain,ols,characteristics_textcore,504,cap_spread_bp,114.00689479251628,98.87093167913443,1.1530881003782036,0.24887422534639048,-79.7765704165075,307.7903600015401,2266,2266,0,41,pca,fixed504,retain,dgtw,42,ar_dgtw_42,2724901
ld2_ols_characteristics_textcore_pca_dgtw_fixed504_recent,ols,characteristics_textcore,504,rank_ic,0.12262000995759795,0.0085790258007688,14.292999322441656,2.419598816818305e-46,0.1058054283656512,0.13943459154954468,2266,2266,0,41,pca,fixed504,recent,dgtw,42,ar_dgtw_42,2724901
ld2_ols_characteristics_textcore_pca_dgtw_fixed504_recent,ols,characteristics_textcore,504,ew_spread_bp,281.22952296529877,113.46452029144396,2.4785679456709033,0.013191098427300747,58.84314967095446,503.6158962596431,2266,2266,0,41,pca,fixed504,recent,dgtw,42,ar_dgtw_42,2724901
ld2_ols_characteristics_textcore_pca_dgtw_fixed504_recent,ols,characteristics_textcore,504,cap_spread_bp,141.04098320243804,96.2820852618519,1.4648725442418324,0.1429556948437407,-47.66843626720643,329.7504026720825,2266,2266,0,41,pca,fixed504,recent,dgtw,42,ar_dgtw_42,2724901
ld2_ols_characteristics_textcore_pca_dgtw_fixed504_union,ols,characteristics_textcore,504,rank_ic,0.12493510872554901,0.00869319742502129,14.371594548854162,7.801414462814898e-47,0.10789675486201095,0.14197346258908708,2266,2266,0,41,pca,fixed504,union,dgtw,42,ar_dgtw_42,2724901
ld2_ols_characteristics_textcore_pca_dgtw_fixed504_union,ols,characteristics_textcore,504,ew_spread_bp,295.9776899514138,113.53738854272477,2.606874209019135,0.009137292096825634,73.4484975089427,518.506882393885,2266,2266,0,41,pca,fixed504,union,dgtw,42,ar_dgtw_42,2724901
ld2_ols_characteristics_textcore_pca_dgtw_fixed504_union,ols,characteristics_textcore,504,cap_spread_bp,142.97153170439498,95.22409748686466,1.5014217564426553,0.13324651013905042,-43.66426983019085,329.6073332389808,2266,2266,0,41,pca,fixed504,union,dgtw,42,ar_dgtw_42,2724901
ld2_ridge_characteristics_textcore_pca_dgtw_fixed504_retain,ridge,characteristics_textcore,504,rank_ic,0.12996812845822084,0.009220634509266959,14.095356271588441,4.055957518097721e-45,0.11189601690545045,0.14804024001099123,2266,2266,0,41,pca,fixed504,retain,dgtw,42,ar_dgtw_42,2724901
ld2_ridge_characteristics_textcore_pca_dgtw_fixed504_retain,ridge,characteristics_textcore,504,ew_spread_bp,264.6703725781131,124.48693463791878,2.1260895639203437,0.033495802722387745,20.680464142000517,508.66028101422563,2266,2266,0,41,pca,fixed504,retain,dgtw,42,ar_dgtw_42,2724901
ld2_ridge_characteristics_textcore_pca_dgtw_fixed504_retain,ridge,characteristics_textcore,504,cap_spread_bp,174.5363820862377,99.74595621056525,1.7498091022135143,0.08015125952862392,-20.96209968997954,370.0348638624549,2266,2266,0,41,pca,fixed504,retain,dgtw,42,ar_dgtw_42,2724901
ld2_ridge_characteristics_textcore_pca_dgtw_fixed504_recent,ridge,characteristics_textcore,504,rank_ic,0.12806520592473583,0.009150933312651863,13.994769882944718,1.6777183675722022e-44,0.11012970620701037,0.1460007056424613,2266,2266,0,41,pca,fixed504,recent,dgtw,42,ar_dgtw_42,2724901
ld2_ridge_characteristics_textcore_pca_dgtw_fixed504_recent,ridge,characteristics_textcore,504,ew_spread_bp,255.5413360837952,124.69420273197042,2.0493441594320148,0.040428473419312355,11.145189648197146,499.93748251939326,2266,2266,0,41,pca,fixed504,recent,dgtw,42,ar_dgtw_42,2724901
ld2_ridge_characteristics_textcore_pca_dgtw_fixed504_recent,ridge,characteristics_textcore,504,cap_spread_bp,185.08705422797684,102.87395621954259,1.7991633745763975,0.0719928411486083,-16.542194909476933,386.7163033654306,2266,2266,0,41,pca,fixed504,recent,dgtw,42,ar_dgtw_42,2724901
ld2_ridge_characteristics_textcore_pca_dgtw_fixed504_union,ridge,characteristics_textcore,504,rank_ic,0.12993101290510428,0.009194884260139953,14.13079373585575,2.453630675058329e-45,0.11190937091321575,0.1479526548969928,2266,2266,0,41,pca,fixed504,union,dgtw,42,ar_dgtw_42,2724901
ld2_ridge_characteristics_textcore_pca_dgtw_fixed504_union,ridge,characteristics_textcore,504,ew_spread_bp,269.2474163850953,124.10143156993362,2.169575426963298,0.03003902460292471,26.013080078163313,512.4817526920273,2266,2266,0,41,pca,fixed504,union,dgtw,42,ar_dgtw_42,2724901
ld2_ridge_characteristics_textcore_pca_dgtw_fixed504_union,ridge,characteristics_textcore,504,cap_spread_bp,208.60746318283284,100.97305421326872,2.06597160805125,0.038831160521745664,10.70391351581577,406.5110128498499,2266,2266,0,41,pca,fixed504,union,dgtw,42,ar_dgtw_42,2724901
ld2_lasso_characteristics_textcore_pca_dgtw_fixed504_retain,lasso,characteristics_textcore,504,rank_ic,0.1291325784562572,0.009231893109111291,13.987659619760064,1.8541365304861274e-44,0.11103840045327557,0.14722675645923883,2266,2266,0,41,pca,fixed504,retain,dgtw,42,ar_dgtw_42,2724901
ld2_lasso_characteristics_textcore_pca_dgtw_fixed504_retain,lasso,characteristics_textcore,504,ew_spread_bp,259.16581504141544,118.78013566467888,2.1818952604419564,0.029117263725543588,26.361027059863233,491.9706030229677,2266,2266,0,41,pca,fixed504,retain,dgtw,42,ar_dgtw_42,2724901
ld2_lasso_characteristics_textcore_pca_dgtw_fixed504_retain,lasso,characteristics_textcore,504,cap_spread_bp,101.99490195222491,101.16460966472195,1.0082073394070783,0.31335493520448365,-96.28408950068278,300.2738934051326,2266,2266,0,41,pca,fixed504,retain,dgtw,42,ar_dgtw_42,2724901
ld2_lasso_characteristics_textcore_pca_dgtw_fixed504_recent,lasso,characteristics_textcore,504,rank_ic,0.12659917223802486,0.009133318695742113,13.861245452547767,1.0877043742207522e-43,0.10869819653504398,0.14450014794100574,2266,2266,0,41,pca,fixed504,recent,dgtw,42,ar_dgtw_42,2724901
ld2_lasso_characteristics_textcore_pca_dgtw_fixed504_recent,lasso,characteristics_textcore,504,ew_spread_bp,263.1245501952778,116.20369995164896,2.2643388317649173,0.023553282974878416,35.36948341974701,490.87961697080857,2266,2266,0,41,pca,fixed504,recent,dgtw,42,ar_dgtw_42,2724901
ld2_lasso_characteristics_textcore_pca_dgtw_fixed504_recent,lasso,characteristics_textcore,504,cap_spread_bp,130.7419267519104,100.55264076690547,1.3002336463244935,0.19352090204903638,-66.33762770161832,327.8214812054391,2266,2266,0,41,pca,fixed504,recent,dgtw,42,ar_dgtw_42,2724901
ld2_lasso_characteristics_textcore_pca_dgtw_fixed504_union,lasso,characteristics_textcore,504,rank_ic,0.12894248986664655,0.009194807610063128,14.02340270018562,1.1210789728358893e-44,0.11092099810614801,0.14696398162714508,2266,2266,0,41,pca,fixed504,union,dgtw,42,ar_dgtw_42,2724901
ld2_lasso_characteristics_textcore_pca_dgtw_fixed504_union,lasso,characteristics_textcore,504,ew_spread_bp,273.0420436790852,117.21744582556923,2.329363532501791,0.019839815269559694,43.30007150119462,502.7840158569758,2266,2266,0,41,pca,fixed504,union,dgtw,42,ar_dgtw_42,2724901
ld2_lasso_characteristics_textcore_pca_dgtw_fixed504_union,lasso,characteristics_textcore,504,cap_spread_bp,125.66944283542225,102.54288270322235,1.225530622141103,0.22037535967432198,-75.31091413380881,326.6497998046533,2266,2266,0,41,pca,fixed504,union,dgtw,42,ar_dgtw_42,2724901
ld2_enet_characteristics_textcore_pca_dgtw_fixed504_retain,enet,characteristics_textcore,504,rank_ic,0.12950588693836076,0.009236233679564379,14.0215039410381,1.1514832761441074e-44,0.11140320157361872,0.14760857230310281,2266,2266,0,41,pca,fixed504,retain,dgtw,42,ar_dgtw_42,2724901
ld2_enet_characteristics_textcore_pca_dgtw_fixed504_retain,enet,characteristics_textcore,504,ew_spread_bp,257.54903673666234,119.2935397360915,2.1589520883228728,0.030853884165587913,23.737995265625187,491.36007820769953,2266,2266,0,41,pca,fixed504,retain,dgtw,42,ar_dgtw_42,2724901
ld2_enet_characteristics_textcore_pca_dgtw_fixed504_retain,enet,characteristics_textcore,504,cap_spread_bp,101.75002233279052,101.68737296906674,1.0006160977700038,0.31701244446173493,-97.55356636907213,301.05361103465316,2266,2266,0,41,pca,fixed504,retain,dgtw,42,ar_dgtw_42,2724901
ld2_enet_characteristics_textcore_pca_dgtw_fixed504_recent,enet,characteristics_textcore,504,rank_ic,0.1269314462221643,0.009136412812297707,13.892919336056405,6.992611205774145e-44,0.10902440616217048,0.14483848628215812,2266,2266,0,41,pca,fixed504,recent,dgtw,42,ar_dgtw_42,2724901
ld2_enet_characteristics_textcore_pca_dgtw_fixed504_recent,enet,characteristics_textcore,504,ew_spread_bp,262.0277010106945,116.60291057146904,2.247179763579664,0.02462854092878141,33.49019579807046,490.56520622331857,2266,2266,0,41,pca,fixed504,recent,dgtw,42,ar_dgtw_42,2724901
ld2_enet_characteristics_textcore_pca_dgtw_fixed504_recent,enet,characteristics_textcore,504,cap_spread_bp,121.71392681419127,103.05488048103007,1.181059317579781,0.23757915980565847,-80.26992735970745,323.69778098809,2266,2266,0,41,pca,fixed504,recent,dgtw,42,ar_dgtw_42,2724901
ld2_enet_characteristics_textcore_pca_dgtw_fixed504_union,enet,characteristics_textcore,504,rank_ic,0.12928794800940152,0.009204222992054544,14.046590149000963,8.083340125278938e-45,0.11124800243929912,0.14732789357950393,2266,2266,0,41,pca,fixed504,union,dgtw,42,ar_dgtw_42,2724901
ld2_enet_characteristics_textcore_pca_dgtw_fixed504_union,enet,characteristics_textcore,504,ew_spread_bp,270.4779762267426,117.3299321442287,2.3052768486583246,0.02115107329004199,40.51553491552596,500.44041753795926,2266,2266,0,41,pca,fixed504,union,dgtw,42,ar_dgtw_42,2724901
ld2_enet_characteristics_textcore_pca_dgtw_fixed504_union,enet,characteristics_textcore,504,cap_spread_bp,125.89547979862346,103.10165537112063,1.2210810713509408,0.22205532575750098,-76.1800514752336,327.9710110724805,2266,2266,0,41,pca,fixed504,union,dgtw,42,ar_dgtw_42,2724901
ld2_group_ridge_characteristics_textcore_pca_dgtw_fixed504_retain,group_ridge,characteristics_textcore,504,rank_ic,0.12947885749152716,0.0091365771278044,14.171484099608543,1.3756226390697323e-45,0.11157149537905811,0.1473862196039962,2266,2266,0,41,pca,fixed504,retain,dgtw,42,ar_dgtw_42,2724901
ld2_group_ridge_characteristics_textcore_pca_dgtw_fixed504_retain,group_ridge,characteristics_textcore,504,ew_spread_bp,249.88862259365118,122.52997614559617,2.039408073471925,0.041409317324652146,9.734282321730745,490.0429628655716,2266,2266,0,41,pca,fixed504,retain,dgtw,42,ar_dgtw_42,2724901
ld2_group_ridge_characteristics_textcore_pca_dgtw_fixed504_retain,group_ridge,characteristics_textcore,504,cap_spread_bp,147.37788784597902,97.16762056962696,1.5167386726360466,0.12933267621188987,-43.06714893394317,337.82292462590124,2266,2266,0,41,pca,fixed504,retain,dgtw,42,ar_dgtw_42,2724901
ld2_group_ridge_characteristics_textcore_pca_dgtw_fixed504_recent,group_ridge,characteristics_textcore,504,rank_ic,0.12733666306131777,0.009021523717874045,14.114762322137432,3.080527879969517e-45,0.10965480148861076,0.1450185246340248,2266,2266,0,41,pca,fixed504,recent,dgtw,42,ar_dgtw_42,2724901
ld2_group_ridge_characteristics_textcore_pca_dgtw_fixed504_recent,group_ridge,characteristics_textcore,504,ew_spread_bp,243.36886398370964,122.18846521192128,1.9917499050472192,0.04639850514583875,3.8838728421186204,482.8538551253007,2266,2266,0,41,pca,fixed504,recent,dgtw,42,ar_dgtw_42,2724901
ld2_group_ridge_characteristics_textcore_pca_dgtw_fixed504_recent,group_ridge,characteristics_textcore,504,cap_spread_bp,165.57798713616984,97.20965284070826,1.7033080799855622,0.08851042929812895,-24.949431381260098,356.10540565359975,2266,2266,0,41,pca,fixed504,recent,dgtw,42,ar_dgtw_42,2724901
ld2_group_ridge_characteristics_textcore_pca_dgtw_fixed504_union,group_ridge,characteristics_textcore,504,rank_ic,0.12938900898049438,0.009102870409286342,14.214088871186993,7.492019231827781e-46,0.11154771082235777,0.147230307138631,2266,2266,0,41,pca,fixed504,union,dgtw,42,ar_dgtw_42,2724901
ld2_group_ridge_characteristics_textcore_pca_dgtw_fixed504_union,group_ridge,characteristics_textcore,504,ew_spread_bp,254.40987051897523,121.95714832640343,2.086059521809072,0.03697323173602158,15.378252142015185,493.44148889593527,2266,2266,0,41,pca,fixed504,union,dgtw,42,ar_dgtw_42,2724901
ld2_group_ridge_characteristics_textcore_pca_dgtw_fixed504_union,group_ridge,characteristics_textcore,504,cap_spread_bp,179.38766810151404,96.4307368350985,1.8602747836333153,0.06284665929049843,-9.613103097938989,368.3884393009671,2266,2266,0,41,pca,fixed504,union,dgtw,42,ar_dgtw_42,2724901
ld2_ols_characteristics_full_dgtw_fixed504_retain,ols,characteristics,504,rank_ic,0.1379140913421691,0.009618624019694696,14.338234976206774,1.2622497878379905e-46,0.1190619346827356,0.15676624800160258,2266,2266,0,62,full,fixed504,retain,dgtw,63,ar_dgtw_63,2711735
ld2_ols_characteristics_full_dgtw_fixed504_retain,ols,characteristics,504,ew_spread_bp,287.2230299678392,164.54942833682637,1.7455121714546749,0.08089575565327979,-35.28792324899513,609.7339831846734,2266,2266,0,62,full,fixed504,retain,dgtw,63,ar_dgtw_63,2711735
ld2_ols_characteristics_full_dgtw_fixed504_retain,ols,characteristics,504,cap_spread_bp,92.56653219404338,138.05919863750546,0.6704843509709939,0.5025490790111035,-178.02452486992865,363.1575892580154,2266,2266,0,62,full,fixed504,retain,dgtw,63,ar_dgtw_63,2711735
ld2_ols_characteristics_full_dgtw_fixed504_recent,ols,characteristics,504,rank_ic,0.13576422496148247,0.009458816162724986,14.353194165724245,1.0174124027407846e-46,0.11722528594615614,0.1543031639768088,2266,2266,0,62,full,fixed504,recent,dgtw,63,ar_dgtw_63,2711735
ld2_ols_characteristics_full_dgtw_fixed504_recent,ols,characteristics,504,ew_spread_bp,265.72149351399463,163.20086735367977,1.628186772672831,0.10348528863256067,-54.14632874491639,585.5893157729056,2266,2266,0,62,full,fixed504,recent,dgtw,63,ar_dgtw_63,2711735
ld2_ols_characteristics_full_dgtw_fixed504_recent,ols,characteristics,504,cap_spread_bp,101.57492171339257,130.5899650580258,0.777815674184913,0.4366776862031583,-154.37670654268211,357.5265499694673,2266,2266,0,62,full,fixed504,recent,dgtw,63,ar_dgtw_63,2711735
ld2_ols_characteristics_full_dgtw_fixed504_union,ols,characteristics,504,rank_ic,0.13814136112231257,0.009599695580677397,14.390181434541354,5.96392530919786e-47,0.11932630352163655,0.1569564187229886,2266,2266,0,62,full,fixed504,union,dgtw,63,ar_dgtw_63,2711735
ld2_ols_characteristics_full_dgtw_fixed504_union,ols,characteristics,504,ew_spread_bp,283.68594097179937,163.31214179266186,1.7370780755050161,0.08237339067086426,-36.39997517991645,603.7718571235152,2266,2266,0,62,full,fixed504,union,dgtw,63,ar_dgtw_63,2711735
ld2_ols_characteristics_full_dgtw_fixed504_union,ols,characteristics,504,cap_spread_bp,113.76372429924206,129.56745905600906,0.8780269762800905,0.3799290793731056,-140.18382901890377,367.71127761738785,2266,2266,0,62,full,fixed504,union,dgtw,63,ar_dgtw_63,2711735
ld2_ridge_characteristics_full_dgtw_fixed504_retain,ridge,characteristics,504,rank_ic,0.14298388295925202,0.009946724451059109,14.374971747008368,7.430037391657987e-47,0.12348866127103222,0.1624791046474718,2266,2266,0,62,full,fixed504,retain,dgtw,63,ar_dgtw_63,2711735
ld2_ridge_characteristics_full_dgtw_fixed504_retain,ridge,characteristics,504,ew_spread_bp,247.79194778277193,173.57225737460388,1.427601112820622,0.15340670313827223,-92.40342538676848,587.9873209523123,2266,2266,0,62,full,fixed504,retain,dgtw,63,ar_dgtw_63,2711735
ld2_ridge_characteristics_full_dgtw_fixed504_retain,ridge,characteristics,504,cap_spread_bp,152.48805164385718,136.035242230026,1.1209451987890802,0.2623111898700027,-114.13612375517599,419.11222704289037,2266,2266,0,62,full,fixed504,retain,dgtw,63,ar_dgtw_63,2711735
ld2_ridge_characteristics_full_dgtw_fixed504_recent,ridge,characteristics,504,rank_ic,0.14068713039479408,0.009769526528091054,14.400608871910608,5.128966929458933e-47,0.12153921025372698,0.15983505053586117,2266,2266,0,62,full,fixed504,recent,dgtw,63,ar_dgtw_63,2711735
ld2_ridge_characteristics_full_dgtw_fixed504_recent,ridge,characteristics,504,ew_spread_bp,231.0097256465736,173.36611402370679,1.3324964163122697,0.18269711829301938,-108.78161397955608,570.8010652727032,2266,2266,0,62,full,fixed504,recent,dgtw,63,ar_dgtw_63,2711735
ld2_ridge_characteristics_full_dgtw_fixed504_recent,ridge,characteristics,504,cap_spread_bp,158.37076188330477,134.72627977145427,1.175500148537912,0.2397946777851383,-105.68789423981283,422.42941800642234,2266,2266,0,62,full,fixed504,recent,dgtw,63,ar_dgtw_63,2711735
ld2_ridge_characteristics_full_dgtw_fixed504_union,ridge,characteristics,504,rank_ic,0.14266163566346216,0.00989099970060601,14.423378827392083,3.6883482548599125e-47,0.12327563247917792,0.1620476388477464,2266,2266,0,62,full,fixed504,union,dgtw,63,ar_dgtw_63,2711735
ld2_ridge_characteristics_full_dgtw_fixed504_union,ridge,characteristics,504,ew_spread_bp,248.16308892981175,173.256037640027,1.4323488653562462,0.15204400487725414,-91.41250494875715,587.7386828083806,2266,2266,0,62,full,fixed504,union,dgtw,63,ar_dgtw_63,2711735
ld2_ridge_characteristics_full_dgtw_fixed504_union,ridge,characteristics,504,cap_spread_bp,185.56738142299497,133.5348817607259,1.3896547402161432,0.16463374465341218,-76.15617750784236,447.2909403538323,2266,2266,0,62,full,fixed504,union,dgtw,63,ar_dgtw_63,2711735
ld2_lasso_characteristics_full_dgtw_fixed504_retain,lasso,characteristics,504,rank_ic,0.14184766384932332,0.010005616938301865,14.176803361952157,1.2752456604564403e-45,0.12223701500714773,0.1614583126914989,2266,2266,0,62,full,fixed504,retain,dgtw,63,ar_dgtw_63,2711735
ld2_lasso_characteristics_full_dgtw_fixed504_retain,lasso,characteristics,504,ew_spread_bp,254.9219259268662,163.57029740024754,1.5584854339604595,0.11911821826443851,-65.6699659181246,575.513817771857,2266,2266,0,62,full,fixed504,retain,dgtw,63,ar_dgtw_63,2711735
ld2_lasso_characteristics_full_dgtw_fixed504_retain,lasso,characteristics,504,cap_spread_bp,117.26947236406885,143.96226810990922,0.8145847790793243,0.41531002593055244,-164.89138826405235,399.4303329921901,2266,2266,0,62,full,fixed504,retain,dgtw,63,ar_dgtw_63,2711735
ld2_lasso_characteristics_full_dgtw_fixed504_recent,lasso,characteristics,504,rank_ic,0.1390376108732812,0.009846863209582732,14.119990083539815,2.8603157383301145e-45,0.11973811362180656,0.15833710812475585,2266,2266,0,62,full,fixed504,recent,dgtw,63,ar_dgtw_63,2711735
ld2_lasso_characteristics_full_dgtw_fixed504_recent,lasso,characteristics,504,ew_spread_bp,235.0437358056858,162.27169252488943,1.448458028313438,0.14748899608364519,-83.002937253455,553.0904088648266,2266,2266,0,62,full,fixed504,recent,dgtw,63,ar_dgtw_63,2711735
ld2_lasso_characteristics_full_dgtw_fixed504_recent,lasso,characteristics,504,cap_spread_bp,141.90842704135318,133.15101219274803,1.0657705465725489,0.28652737830143626,-119.06276136148657,402.87961544419295,2266,2266,0,62,full,fixed504,recent,dgtw,63,ar_dgtw_63,2711735
ld2_lasso_characteristics_full_dgtw_fixed504_union,lasso,characteristics,504,rank_ic,0.1414425519696609,0.009975084438552162,14.179584427677351,1.2257024394658096e-45,0.12189174572735273,0.16099335821196908,2266,2266,0,62,full,fixed504,union,dgtw,63,ar_dgtw_63,2711735
ld2_lasso_characteristics_full_dgtw_fixed504_union,lasso,characteristics,504,ew_spread_bp,263.7231543681185,162.94757871873406,1.6184539619538285,0.1055648007759104,-55.64823128860564,583.0945400248427,2266,2266,0,62,full,fixed504,union,dgtw,63,ar_dgtw_63,2711735
ld2_lasso_characteristics_full_dgtw_fixed504_union,lasso,characteristics,504,cap_spread_bp,157.87944376017933,137.2815405649419,1.150041317357547,0.2501268541936983,-111.1874314892813,426.94631900964,2266,2266,0,62,full,fixed504,union,dgtw,63,ar_dgtw_63,2711735
ld2_enet_characteristics_full_dgtw_fixed504_retain,enet,characteristics,504,rank_ic,0.14238617802436465,0.010009838458190954,14.224622966602565,6.445077265734187e-46,0.12276725515524645,0.16200510089348286,2266,2266,0,62,full,fixed504,retain,dgtw,63,ar_dgtw_63,2711735
ld2_enet_characteristics_full_dgtw_fixed504_retain,enet,characteristics,504,ew_spread_bp,265.31335134935006,161.93927500180274,1.638350865448771,0.10134852256844776,-52.0817953367108,582.7084980354109,2266,2266,0,62,full,fixed504,retain,dgtw,63,ar_dgtw_63,2711735
ld2_enet_characteristics_full_dgtw_fixed504_retain,enet,characteristics,504,cap_spread_bp,129.71765259828857,139.85074090142479,0.9275435493739813,0.3536443916536035,-144.38476277974667,403.8200679763238,2266,2266,0,62,full,fixed504,retain,dgtw,63,ar_dgtw_63,2711735
ld2_enet_characteristics_full_dgtw_fixed504_recent,enet,characteristics,504,rank_ic,0.13970765136607194,0.009855463144309537,14.175655605463655,1.2962686541821487e-45,0.12039129855226337,0.1590240041798805,2266,2266,0,62,full,fixed504,recent,dgtw,63,ar_dgtw_63,2711735
ld2_enet_characteristics_full_dgtw_fixed504_recent,enet,characteristics,504,ew_spread_bp,242.53613631588317,161.15532696625945,1.5049836755732073,0.13232827374187087,-73.32250045476192,558.3947730865283,2266,2266,0,62,full,fixed504,recent,dgtw,63,ar_dgtw_63,2711735
ld2_enet_characteristics_full_dgtw_fixed504_recent,enet,characteristics,504,cap_spread_bp,154.2135427430601,130.41429351155682,1.1824895767992967,0.23701149890284345,-101.39377560882693,409.8208610949471,2266,2266,0,62,full,fixed504,recent,dgtw,63,ar_dgtw_63,2711735
ld2_enet_characteristics_full_dgtw_fixed504_union,enet,characteristics,504,rank_ic,0.14191742428076007,0.00997341988851737,14.229564769869251,6.0054363936826236e-46,0.12236988049657055,0.1614649680649496,2266,2266,0,62,full,fixed504,union,dgtw,63,ar_dgtw_63,2711735
ld2_enet_characteristics_full_dgtw_fixed504_union,enet,characteristics,504,ew_spread_bp,267.9684815979472,162.57698489888807,1.6482559432665425,0.09930016129274943,-50.67655351898571,586.61351671488,2266,2266,0,62,full,fixed504,union,dgtw,63,ar_dgtw_63,2711735
ld2_enet_characteristics_full_dgtw_fixed504_union,enet,characteristics,504,cap_spread_bp,169.50218890659,134.95859965918663,1.2559569329752747,0.20913158498092477,-95.01180582937542,434.0161836425554,2266,2266,0,62,full,fixed504,union,dgtw,63,ar_dgtw_63,2711735
ld2_ols_characteristics_core_full_dgtw_fixed504_retain,ols,characteristics_core,504,rank_ic,0.14195188299197964,0.00982208070138404,14.452323016647282,2.4237135422643027e-47,0.12270095856402101,0.16120280741993828,2266,2266,0,62,full,fixed504,retain,dgtw,63,ar_dgtw_63,2711735
ld2_ols_characteristics_core_full_dgtw_fixed504_retain,ols,characteristics_core,504,ew_spread_bp,347.2981679648621,168.62954199107998,2.0595333644637024,0.03944317222561597,16.790338932860607,677.8059969968635,2266,2266,0,62,full,fixed504,retain,dgtw,63,ar_dgtw_63,2711735
ld2_ols_characteristics_core_full_dgtw_fixed504_retain,ols,characteristics_core,504,cap_spread_bp,124.44110505554836,141.00402822714224,0.8825358156086661,0.3774871204514132,-151.92171194471962,400.8039220558163,2266,2266,0,62,full,fixed504,retain,dgtw,63,ar_dgtw_63,2711735
ld2_ols_characteristics_core_full_dgtw_fixed504_recent,ols,characteristics_core,504,rank_ic,0.13944888566207211,0.009722290089104899,14.3432138296658,1.1748628573163355e-46,0.1203935472401758,0.15850422408396841,2266,2266,0,62,full,fixed504,recent,dgtw,63,ar_dgtw_63,2711735
ld2_ols_characteristics_core_full_dgtw_fixed504_recent,ols,characteristics_core,504,ew_spread_bp,326.7432494819499,167.136435265669,1.9549492542579388,0.05058906016296045,-0.8381441431715757,654.3246431070713,2266,2266,0,62,full,fixed504,recent,dgtw,63,ar_dgtw_63,2711735
ld2_ols_characteristics_core_full_dgtw_fixed504_recent,ols,characteristics_core,504,cap_spread_bp,131.13708137185714,138.57854618456543,0.9463014657204053,0.3439948459978588,-140.47187817981163,402.7460409235259,2266,2266,0,62,full,fixed504,recent,dgtw,63,ar_dgtw_63,2711735
ld2_ols_characteristics_core_full_dgtw_fixed504_union,ols,characteristics_core,504,rank_ic,0.14205164152256863,0.009839930135761465,14.436244928844298,3.060688954528851e-47,0.12276573284608584,0.16133755019905144,2266,2266,0,62,full,fixed504,union,dgtw,63,ar_dgtw_63,2711735
ld2_ols_characteristics_core_full_dgtw_fixed504_union,ols,characteristics_core,504,ew_spread_bp,346.52547866130993,167.06976746707522,2.0741363558167425,0.03806664896586275,19.074751520360905,673.976205802259,2266,2266,0,62,full,fixed504,union,dgtw,63,ar_dgtw_63,2711735
ld2_ols_characteristics_core_full_dgtw_fixed504_union,ols,characteristics_core,504,cap_spread_bp,147.1183492922804,134.3234343702814,1.0952545248860153,0.2734051441960238,-116.15074435320076,410.3874429377616,2266,2266,0,62,full,fixed504,union,dgtw,63,ar_dgtw_63,2711735
ld2_ridge_characteristics_core_full_dgtw_fixed504_retain,ridge,characteristics_core,504,rank_ic,0.14826719307190783,0.010364766962701446,14.304922976605338,2.0386339727349986e-46,0.1279526231168624,0.16858176302695327,2266,2266,0,62,full,fixed504,retain,dgtw,63,ar_dgtw_63,2711735
ld2_ridge_characteristics_core_full_dgtw_fixed504_retain,ridge,characteristics_core,504,ew_spread_bp,334.8627949311712,179.27305497436765,1.8678925005157616,0.06177705642919435,-16.505936217058547,686.231526079401,2266,2266,0,62,full,fixed504,retain,dgtw,63,ar_dgtw_63,2711735
ld2_ridge_characteristics_core_full_dgtw_fixed504_retain,ridge,characteristics_core,504,cap_spread_bp,196.41716394460298,142.01179769622254,1.3831045527975003,0.16663280990349616,-81.92084491978142,474.75517280898737,2266,2266,0,62,full,fixed504,retain,dgtw,63,ar_dgtw_63,2711735
ld2_ridge_characteristics_core_full_dgtw_fixed504_recent,ridge,characteristics_core,504,rank_ic,0.14579321695778205,0.010202972426793806,14.289288538594658,2.5520329271349354e-46,0.12579575846601096,0.16579067544955314,2266,2266,0,62,full,fixed504,recent,dgtw,63,ar_dgtw_63,2711735
ld2_ridge_characteristics_core_full_dgtw_fixed504_recent,ridge,characteristics_core,504,ew_spread_bp,318.63237577004037,176.92991172569057,1.8008960308760178,0.07171926872071072,-28.143879000164134,665.4086305402449,2266,2266,0,62,full,fixed504,recent,dgtw,63,ar_dgtw_63,2711735
ld2_ridge_characteristics_core_full_dgtw_fixed504_recent,ridge,characteristics_core,504,cap_spread_bp,193.14115929275354,141.70689716421455,1.362962305701573,0.1728943906400151,-84.59925551002809,470.88157409553514,2266,2266,0,62,full,fixed504,recent,dgtw,63,ar_dgtw_63,2711735
ld2_ridge_characteristics_core_full_dgtw_fixed504_union,ridge,characteristics_core,504,rank_ic,0.14789940198678794,0.010325015849058875,14.324375298684792,1.5410759442703702e-46,0.1276627427828273,0.1681360611907486,2266,2266,0,62,full,fixed504,union,dgtw,63,ar_dgtw_63,2711735
ld2_ridge_characteristics_core_full_dgtw_fixed504_union,ridge,characteristics_core,504,ew_spread_bp,332.38505286748364,178.54119489508292,1.8616714930288485,0.06264940915354901,-17.54925888362544,682.3193646185928,2266,2266,0,62,full,fixed504,union,dgtw,63,ar_dgtw_63,2711735
ld2_ridge_characteristics_core_full_dgtw_fixed504_union,ridge,characteristics_core,504,cap_spread_bp,216.57402170501294,138.85040748522368,1.5597651143232008,0.11881539827222277,-55.56777620473619,488.71581961476204,2266,2266,0,62,full,fixed504,union,dgtw,63,ar_dgtw_63,2711735
ld2_lasso_characteristics_core_full_dgtw_fixed504_retain,lasso,characteristics_core,504,rank_ic,0.1468617571761312,0.010381337353429783,14.146708865752355,1.9570419483576818e-45,0.12651470985204846,0.16720880450021394,2266,2266,0,62,full,fixed504,retain,dgtw,63,ar_dgtw_63,2711735
ld2_lasso_characteristics_core_full_dgtw_fixed504_retain,lasso,characteristics_core,504,ew_spread_bp,327.12362695208867,171.15990290351516,1.9112164788764345,0.055976767040473385,-8.343618336173677,662.590872240351,2266,2266,0,62,full,fixed504,retain,dgtw,63,ar_dgtw_63,2711735
ld2_lasso_characteristics_core_full_dgtw_fixed504_retain,lasso,characteristics_core,504,cap_spread_bp,129.984510754508,150.74309838159732,0.8622916216400158,0.3885270620901581,-165.46653299140087,425.43555450041686,2266,2266,0,62,full,fixed504,retain,dgtw,63,ar_dgtw_63,2711735
ld2_lasso_characteristics_core_full_dgtw_fixed504_recent,lasso,characteristics_core,504,rank_ic,0.14398629850931927,0.010259462391330538,14.034487677540563,9.588685654924143e-45,0.12387812172156823,0.1640944752970703,2266,2266,0,62,full,fixed504,recent,dgtw,63,ar_dgtw_63,2711735
ld2_lasso_characteristics_core_full_dgtw_fixed504_recent,lasso,characteristics_core,504,ew_spread_bp,321.98707285115256,170.62103112210752,1.8871476202761759,0.059140473186146715,-12.424003153265858,656.398148855571,2266,2266,0,62,full,fixed504,recent,dgtw,63,ar_dgtw_63,2711735
ld2_lasso_characteristics_core_full_dgtw_fixed504_recent,lasso,characteristics_core,504,cap_spread_bp,165.68361794981888,147.96405581336631,1.1197558558330074,0.26281781548873984,-124.32060245085353,455.6878383504913,2266,2266,0,62,full,fixed504,recent,dgtw,63,ar_dgtw_63,2711735
ld2_lasso_characteristics_core_full_dgtw_fixed504_union,lasso,characteristics_core,504,rank_ic,0.14629492480891088,0.010347220541111557,14.138572211508603,2.196966649018088e-45,0.1260147452082392,0.16657510440958256,2266,2266,0,62,full,fixed504,union,dgtw,63,ar_dgtw_63,2711735
ld2_lasso_characteristics_core_full_dgtw_fixed504_union,lasso,characteristics_core,504,ew_spread_bp,342.90418859674867,170.18967808377042,2.0148354028142945,0.04392189823053433,9.33854901209287,676.4698281814044,2266,2266,0,62,full,fixed504,union,dgtw,63,ar_dgtw_63,2711735
ld2_lasso_characteristics_core_full_dgtw_fixed504_union,lasso,characteristics_core,504,cap_spread_bp,180.9508887796887,147.0841744602826,1.2302539647360307,0.21860201731763818,-107.32879585827126,469.23057341764866,2266,2266,0,62,full,fixed504,union,dgtw,63,ar_dgtw_63,2711735
ld2_enet_characteristics_core_full_dgtw_fixed504_retain,enet,characteristics_core,504,rank_ic,0.14717226798971433,0.010414421220418845,14.131583971384192,2.4262491216630892e-45,0.12676037747786373,0.16758415850156494,2266,2266,0,62,full,fixed504,retain,dgtw,63,ar_dgtw_63,2711735
ld2_enet_characteristics_core_full_dgtw_fixed504_retain,enet,characteristics_core,504,ew_spread_bp,330.33001407613193,171.39791989581158,1.9272696791007213,0.053946030238475676,-5.603735944739924,666.2637640970038,2266,2266,0,62,full,fixed504,retain,dgtw,63,ar_dgtw_63,2711735
ld2_enet_characteristics_core_full_dgtw_fixed504_retain,enet,characteristics_core,504,cap_spread_bp,137.13596615545367,150.67599223458538,0.910138132304107,0.36274966668847963,-158.18355195917053,432.4554842700779,2266,2266,0,62,full,fixed504,retain,dgtw,63,ar_dgtw_63,2711735
ld2_enet_characteristics_core_full_dgtw_fixed504_recent,enet,characteristics_core,504,rank_ic,0.14433004560571694,0.010291811426454427,14.02377478805393,1.115215113431495e-44,0.12415846587418847,0.1645016253372454,2266,2266,0,62,full,fixed504,recent,dgtw,63,ar_dgtw_63,2711735
ld2_enet_characteristics_core_full_dgtw_fixed504_recent,enet,characteristics_core,504,ew_spread_bp,324.26995221027204,170.88407248939458,1.8976019677339846,0.057748535023843535,-10.656675400473205,659.1965798210173,2266,2266,0,62,full,fixed504,recent,dgtw,63,ar_dgtw_63,2711735
ld2_enet_characteristics_core_full_dgtw_fixed504_recent,enet,characteristics_core,504,cap_spread_bp,165.34435595658474,148.25320308855783,1.115283531903305,0.2647289401372306,-125.2265826896909,455.9152946028604,2266,2266,0,62,full,fixed504,recent,dgtw,63,ar_dgtw_63,2711735
ld2_enet_characteristics_core_full_dgtw_fixed504_union,enet,characteristics_core,504,rank_ic,0.14654419715087963,0.010377803566854738,14.120926090653848,2.8225748311486616e-45,0.12620407592121302,0.16688431838054624,2266,2266,0,62,full,fixed504,union,dgtw,63,ar_dgtw_63,2711735
ld2_enet_characteristics_core_full_dgtw_fixed504_union,enet,characteristics_core,504,ew_spread_bp,343.5282431941647,170.80684658649716,2.011208859945792,0.04430340033419436,8.752975571772026,678.3035108165574,2266,2266,0,62,full,fixed504,union,dgtw,63,ar_dgtw_63,2711735
ld2_enet_characteristics_core_full_dgtw_fixed504_union,enet,characteristics_core,504,cap_spread_bp,186.02801200239614,147.40919936540166,1.2619837350942067,0.20695463909828105,-102.88870974367572,474.944733748468,2266,2266,0,62,full,fixed504,union,dgtw,63,ar_dgtw_63,2711735
ld2_group_ridge_characteristics_core_full_dgtw_fixed504_retain,group_ridge,characteristics_core,504,rank_ic,0.14723572360556753,0.010373623792811714,14.193277734593853,1.0083335999772675e-45,0.12690379458248877,0.16756765262864629,2266,2266,0,62,full,fixed504,retain,dgtw,63,ar_dgtw_63,2711735
ld2_group_ridge_characteristics_core_full_dgtw_fixed504_retain,group_ridge,characteristics_core,504,ew_spread_bp,330.2578987463505,178.6046338444184,1.8491003936327683,0.06444331756798274,-19.80075106067318,680.3165485533742,2266,2266,0,62,full,fixed504,retain,dgtw,63,ar_dgtw_63,2711735
ld2_group_ridge_characteristics_core_full_dgtw_fixed504_retain,group_ridge,characteristics_core,504,cap_spread_bp,193.09544570399456,141.9871946616376,1.3599497205656497,0.17384583534408993,-85.19434209869294,471.3852335066821,2266,2266,0,62,full,fixed504,retain,dgtw,63,ar_dgtw_63,2711735
ld2_group_ridge_characteristics_core_full_dgtw_fixed504_recent,group_ridge,characteristics_core,504,rank_ic,0.14475545157848474,0.010209122026295368,14.179030401012145,1.2354169291630128e-45,0.12474594009317125,0.16476496306379823,2266,2266,0,62,full,fixed504,recent,dgtw,63,ar_dgtw_63,2711735
ld2_group_ridge_characteristics_core_full_dgtw_fixed504_recent,group_ridge,characteristics_core,504,ew_spread_bp,313.6161678282703,176.60093928990972,1.7758465446972234,0.07575821365104675,-32.515312815897346,659.747648472438,2266,2266,0,62,full,fixed504,recent,dgtw,63,ar_dgtw_63,2711735
ld2_group_ridge_characteristics_core_full_dgtw_fixed504_recent,group_ridge,characteristics_core,504,cap_spread_bp,189.84641710059663,140.90154250145645,1.3473693313090185,0.17786131286138962,-86.31553156839772,466.00836576959097,2266,2266,0,62,full,fixed504,recent,dgtw,63,ar_dgtw_63,2711735
ld2_group_ridge_characteristics_core_full_dgtw_fixed504_union,group_ridge,characteristics_core,504,rank_ic,0.14689514208557714,0.010331962701820217,14.217544751656732,7.131128060952258e-46,0.12664486730039837,0.1671454168707559,2266,2266,0,62,full,fixed504,union,dgtw,63,ar_dgtw_63,2711735
ld2_group_ridge_characteristics_core_full_dgtw_fixed504_union,group_ridge,characteristics_core,504,ew_spread_bp,328.3061665479852,177.87420017670124,1.845721112009746,0.06493271014283844,-20.320859577217334,676.9331926731877,2266,2266,0,62,full,fixed504,union,dgtw,63,ar_dgtw_63,2711735
ld2_group_ridge_characteristics_core_full_dgtw_fixed504_union,group_ridge,characteristics_core,504,cap_spread_bp,211.96537010358827,139.14864697269542,1.5233016972502893,0.1276832427312617,-60.76096646037314,484.6917066675497,2266,2266,0,62,full,fixed504,union,dgtw,63,ar_dgtw_63,2711735
ld2_ols_characteristics_textcore_full_dgtw_fixed504_retain,ols,characteristics_textcore,504,rank_ic,0.12583605291948638,0.0087022638309246,14.460151446145769,2.1632133715422008e-47,0.1087799292269086,0.14289217661206416,2266,2266,0,62,full,fixed504,retain,dgtw,63,ar_dgtw_63,2711735
ld2_ols_characteristics_textcore_full_dgtw_fixed504_retain,ols,characteristics_textcore,504,ew_spread_bp,315.1100176756892,163.2024722973084,1.930791937401834,0.05350878783072877,-4.7609502149311425,634.9809855663095,2266,2266,0,62,full,fixed504,retain,dgtw,63,ar_dgtw_63,2711735
ld2_ols_characteristics_textcore_full_dgtw_fixed504_retain,ols,characteristics_textcore,504,cap_spread_bp,68.40969033551318,131.8483298170505,0.518851398652048,0.6038643719809449,-190.00828752766438,326.82766819869073,2266,2266,0,62,full,fixed504,retain,dgtw,63,ar_dgtw_63,2711735
ld2_ols_characteristics_textcore_full_dgtw_fixed504_recent,ols,characteristics_textcore,504,rank_ic,0.12659444329064254,0.008556780273269362,14.794635277256397,1.5864192492682717e-49,0.10982346213141178,0.1433654244498733,2266,2266,0,62,full,fixed504,recent,dgtw,63,ar_dgtw_63,2711735
ld2_ols_characteristics_textcore_full_dgtw_fixed504_recent,ols,characteristics_textcore,504,ew_spread_bp,326.03232815007317,166.36946088031655,1.9596885535658222,0.050032203856222694,-0.04582330269272461,652.1104796028391,2266,2266,0,62,full,fixed504,recent,dgtw,63,ar_dgtw_63,2711735
ld2_ols_characteristics_textcore_full_dgtw_fixed504_recent,ols,characteristics_textcore,504,cap_spread_bp,96.94012430938902,136.56777529607564,0.7098316136381747,0.4778085622682696,-170.7277967196781,364.6080453384562,2266,2266,0,62,full,fixed504,recent,dgtw,63,ar_dgtw_63,2711735
ld2_ols_characteristics_textcore_full_dgtw_fixed504_union,ols,characteristics_textcore,504,rank_ic,0.12937250254128616,0.008698229265625882,14.873429820083862,4.903548738336596e-50,0.11232428645138715,0.14642071863118516,2266,2266,0,62,full,fixed504,union,dgtw,63,ar_dgtw_63,2711735
ld2_ols_characteristics_textcore_full_dgtw_fixed504_union,ols,characteristics_textcore,504,ew_spread_bp,338.99067680168713,166.81562105291584,2.0321278946301757,0.04214071012049711,12.038067479290476,665.9432861240838,2266,2266,0,62,full,fixed504,union,dgtw,63,ar_dgtw_63,2711735
ld2_ols_characteristics_textcore_full_dgtw_fixed504_union,ols,characteristics_textcore,504,cap_spread_bp,92.5857864017842,138.0296303333533,0.6707674734633545,0.502368671412493,-177.94731785096565,363.1188906545341,2266,2266,0,62,full,fixed504,union,dgtw,63,ar_dgtw_63,2711735
ld2_ridge_characteristics_textcore_full_dgtw_fixed504_retain,ridge,characteristics_textcore,504,rank_ic,0.1442905117645791,0.010080461320812107,14.31387980892076,1.7922881200685006e-46,0.12453317062823831,0.1640478529009199,2266,2266,0,62,full,fixed504,retain,dgtw,63,ar_dgtw_63,2711735
ld2_ridge_characteristics_textcore_full_dgtw_fixed504_retain,ridge,characteristics_textcore,504,ew_spread_bp,355.5588805430246,181.88970518359238,1.9548048647620673,0.05060610676638843,-0.9383907754248639,712.0561518614741,2266,2266,0,62,full,fixed504,retain,dgtw,63,ar_dgtw_63,2711735
ld2_ridge_characteristics_textcore_full_dgtw_fixed504_retain,ridge,characteristics_textcore,504,cap_spread_bp,219.4520350812263,145.26461399282468,1.5107053882514438,0.13086352898737216,-65.26137657282322,504.16544673527585,2266,2266,0,62,full,fixed504,retain,dgtw,63,ar_dgtw_63,2711735
ld2_ridge_characteristics_textcore_full_dgtw_fixed504_recent,ridge,characteristics_textcore,504,rank_ic,0.14317303822149344,0.009966111931133403,14.36598737911335,8.459244350123086e-47,0.12363981777057703,0.16270625867240984,2266,2266,0,62,full,fixed504,recent,dgtw,63,ar_dgtw_63,2711735
ld2_ridge_characteristics_textcore_full_dgtw_fixed504_recent,ridge,characteristics_textcore,504,ew_spread_bp,364.8702748493766,183.27769802847357,1.9908056396075602,0.04650225912242654,5.652587544160724,724.0879621545924,2266,2266,0,62,full,fixed504,recent,dgtw,63,ar_dgtw_63,2711735
ld2_ridge_characteristics_textcore_full_dgtw_fixed504_recent,ridge,characteristics_textcore,504,cap_spread_bp,235.8568527237318,146.6745184362367,1.6080288194453152,0.10782886708763584,-51.619920861048314,523.333626308512,2266,2266,0,62,full,fixed504,recent,dgtw,63,ar_dgtw_63,2711735
ld2_ridge_characteristics_textcore_full_dgtw_fixed504_union,ridge,characteristics_textcore,504,rank_ic,0.14522219966246555,0.010080350563615798,14.406463222284472,4.712310259845862e-47,0.12546507560624054,0.16497932371869056,2266,2266,0,62,full,fixed504,union,dgtw,63,ar_dgtw_63,2711735
ld2_ridge_characteristics_textcore_full_dgtw_fixed504_union,ridge,characteristics_textcore,504,ew_spread_bp,369.76702487461205,184.44418739276045,2.004763772182314,0.04498830722621064,8.263060427044877,731.2709893221793,2266,2266,0,62,full,fixed504,union,dgtw,63,ar_dgtw_63,2711735
ld2_ridge_characteristics_textcore_full_dgtw_fixed504_union,ridge,characteristics_textcore,504,cap_spread_bp,230.01381140898516,149.7410422289156,1.536077270367553,0.1245194301961984,-63.473238367180755,523.500861185151,2266,2266,0,62,full,fixed504,union,dgtw,63,ar_dgtw_63,2711735
ld2_lasso_characteristics_textcore_full_dgtw_fixed504_retain,lasso,characteristics_textcore,504,rank_ic,0.14701730149926254,0.010282363273986163,14.298006944688344,2.2516613519740375e-46,0.1268642398062923,0.16717036319223277,2266,2266,0,62,full,fixed504,retain,dgtw,63,ar_dgtw_63,2711735
ld2_lasso_characteristics_textcore_full_dgtw_fixed504_retain,lasso,characteristics_textcore,504,ew_spread_bp,333.2372441077373,180.4691559041008,1.8465052514836147,0.06481887757404475,-20.475801784644318,686.9502900001189,2266,2266,0,62,full,fixed504,retain,dgtw,63,ar_dgtw_63,2711735
ld2_lasso_characteristics_textcore_full_dgtw_fixed504_retain,lasso,characteristics_textcore,504,cap_spread_bp,133.34659094649808,154.3334707311873,0.8640160187854297,0.38757909086882103,-169.14145329569558,435.8346351886918,2266,2266,0,62,full,fixed504,retain,dgtw,63,ar_dgtw_63,2711735
ld2_lasso_characteristics_textcore_full_dgtw_fixed504_recent,lasso,characteristics_textcore,504,rank_ic,0.14508520820578646,0.010172881950037852,14.26195732127282,3.7771003600714725e-46,0.1251467259647347,0.16502369044683823,2266,2266,0,62,full,fixed504,recent,dgtw,63,ar_dgtw_63,2711735
ld2_lasso_characteristics_textcore_full_dgtw_fixed504_recent,lasso,characteristics_textcore,504,ew_spread_bp,343.4185211312739,175.53338104569758,1.956428566950863,0.05041468968670677,-0.6205838028391213,687.4576260653869,2266,2266,0,62,full,fixed504,recent,dgtw,63,ar_dgtw_63,2711735
ld2_lasso_characteristics_textcore_full_dgtw_fixed504_recent,lasso,characteristics_textcore,504,cap_spread_bp,179.39175335139717,149.87109186469505,1.1969736866490146,0.23131681109227875,-114.35018902709899,473.13369572989336,2266,2266,0,62,full,fixed504,recent,dgtw,63,ar_dgtw_63,2711735
ld2_lasso_characteristics_textcore_full_dgtw_fixed504_union,lasso,characteristics_textcore,504,rank_ic,0.14692434906953278,0.010270775446773182,14.305088240994763,2.0337968421258593e-46,0.12679399910055905,0.1670546990385065,2266,2266,0,62,full,fixed504,union,dgtw,63,ar_dgtw_63,2711735
ld2_lasso_characteristics_textcore_full_dgtw_fixed504_union,lasso,characteristics_textcore,504,ew_spread_bp,351.8668743018731,177.65857150327454,1.9805792162152311,0.04763848161970867,3.6624726106210233,700.0712759931253,2266,2266,0,62,full,fixed504,union,dgtw,63,ar_dgtw_63,2711735
ld2_lasso_characteristics_textcore_full_dgtw_fixed504_union,lasso,characteristics_textcore,504,cap_spread_bp,179.16291233792825,152.75223793416237,1.1728987722926136,0.24083640195683675,-120.225972570923,478.55179724677953,2266,2266,0,62,full,fixed504,union,dgtw,63,ar_dgtw_63,2711735
ld2_enet_characteristics_textcore_full_dgtw_fixed504_retain,enet,characteristics_textcore,504,rank_ic,0.14754840173579095,0.01029687187991613,14.329439411942333,1.4327241764248778e-46,0.1273669036977321,0.1677298997738498,2266,2266,0,62,full,fixed504,retain,dgtw,63,ar_dgtw_63,2711735
ld2_enet_characteristics_textcore_full_dgtw_fixed504_retain,enet,characteristics_textcore,504,ew_spread_bp,338.6849478878027,180.3986480859596,1.8774250887202881,0.06045985556963771,-14.889905220393644,692.2598009959991,2266,2266,0,62,full,fixed504,retain,dgtw,63,ar_dgtw_63,2711735
ld2_enet_characteristics_textcore_full_dgtw_fixed504_retain,enet,characteristics_textcore,504,cap_spread_bp,137.78275601738636,154.70870540838644,0.8905947189828753,0.37314663337618703,-165.44073467786814,441.00624671264086,2266,2266,0,62,full,fixed504,retain,dgtw,63,ar_dgtw_63,2711735
ld2_enet_characteristics_textcore_full_dgtw_fixed504_recent,enet,characteristics_textcore,504,rank_ic,0.1456337510067187,0.010185018461806493,14.298820522794415,2.2254943921162708e-46,0.12567148163970243,0.16559602037373494,2266,2266,0,62,full,fixed504,recent,dgtw,63,ar_dgtw_63,2711735
ld2_enet_characteristics_textcore_full_dgtw_fixed504_recent,enet,characteristics_textcore,504,ew_spread_bp,350.4412988090024,175.25370947294604,1.9996227176184256,0.0455410189504811,6.950340084982031,693.9322575330227,2266,2266,0,62,full,fixed504,recent,dgtw,63,ar_dgtw_63,2711735
ld2_enet_characteristics_textcore_full_dgtw_fixed504_recent,enet,characteristics_textcore,504,cap_spread_bp,187.09287365199035,147.9615428292381,1.2644696052400153,0.20606152349527207,-102.90642139029703,477.0921686942777,2266,2266,0,62,full,fixed504,recent,dgtw,63,ar_dgtw_63,2711735
ld2_enet_characteristics_textcore_full_dgtw_fixed504_union,enet,characteristics_textcore,504,rank_ic,0.14740642617688535,0.010281097039714793,14.337616463249969,1.2735478596513516e-46,0.12725584625748299,0.1675570060962877,2266,2266,0,62,full,fixed504,union,dgtw,63,ar_dgtw_63,2711735
ld2_enet_characteristics_textcore_full_dgtw_fixed504_union,enet,characteristics_textcore,504,ew_spread_bp,353.5912128693848,178.34682336055258,1.9826044905467792,0.04741162539316296,4.037862325574963,703.1445634131946,2266,2266,0,62,full,fixed504,union,dgtw,63,ar_dgtw_63,2711735
ld2_enet_characteristics_textcore_full_dgtw_fixed504_union,enet,characteristics_textcore,504,cap_spread_bp,183.4105792754815,153.0820575344462,1.1981193761666735,0.23087054662277673,-116.62474017132149,483.4458987222845,2266,2266,0,62,full,fixed504,union,dgtw,63,ar_dgtw_63,2711735
ld2_group_ridge_characteristics_textcore_full_dgtw_fixed504_retain,group_ridge,characteristics_textcore,504,rank_ic,0.1471281603608005,0.010310024324126246,14.270398956917042,3.3465858940088817e-46,0.12692088400578116,0.16733543671581985,2266,2266,0,62,full,fixed504,retain,dgtw,63,ar_dgtw_63,2711735
ld2_group_ridge_characteristics_textcore_full_dgtw_fixed504_retain,group_ridge,characteristics_textcore,504,ew_spread_bp,334.3940148805537,181.899212960991,1.83834778302348,0.06601117425843218,-22.121891339170077,690.9099211002774,2266,2266,0,62,full,fixed504,retain,dgtw,63,ar_dgtw_63,2711735
ld2_group_ridge_characteristics_textcore_full_dgtw_fixed504_retain,group_ridge,characteristics_textcore,504,cap_spread_bp,189.3620763110983,148.23829109388694,1.2774167518645068,0.20145515367445843,-101.17963536268479,479.9037879848814,2266,2266,0,62,full,fixed504,retain,dgtw,63,ar_dgtw_63,2711735
ld2_group_ridge_characteristics_textcore_full_dgtw_fixed504_recent,group_ridge,characteristics_textcore,504,rank_ic,0.14492731197012032,0.01013351964637424,14.301774410826265,2.1330076442592187e-46,0.12506597842659775,0.1647886455136429,2266,2266,0,62,full,fixed504,recent,dgtw,63,ar_dgtw_63,2711735
ld2_group_ridge_characteristics_textcore_full_dgtw_fixed504_recent,group_ridge,characteristics_textcore,504,ew_spread_bp,322.7126184940344,181.22910188384137,1.7806887257040913,0.07496331598214716,-32.48989414883471,677.9151311369035,2266,2266,0,62,full,fixed504,recent,dgtw,63,ar_dgtw_63,2711735
ld2_group_ridge_characteristics_textcore_full_dgtw_fixed504_recent,group_ridge,characteristics_textcore,504,cap_spread_bp,205.2344192547002,143.64958560059014,1.4287157070215528,0.15308596143017578,-76.31359491655999,486.78243342596045,2266,2266,0,62,full,fixed504,recent,dgtw,63,ar_dgtw_63,2711735
ld2_group_ridge_characteristics_textcore_full_dgtw_fixed504_union,group_ridge,characteristics_textcore,504,rank_ic,0.14693084769736148,0.01025451135227087,14.328410457590797,1.4541079018651293e-46,0.12683237476785345,0.1670293206268695,2266,2266,0,62,full,fixed504,union,dgtw,63,ar_dgtw_63,2711735
ld2_group_ridge_characteristics_textcore_full_dgtw_fixed504_union,group_ridge,characteristics_textcore,504,ew_spread_bp,331.78116112541807,182.51437015450006,1.8178358276368174,0.06908922888657812,-25.940431038414204,689.5027532892503,2266,2266,0,62,full,fixed504,union,dgtw,63,ar_dgtw_63,2711735
ld2_group_ridge_characteristics_textcore_full_dgtw_fixed504_union,group_ridge,characteristics_textcore,504,cap_spread_bp,217.07406145007684,144.04673300980144,1.5069696959757246,0.13181842500649937,-65.2523473397909,499.4004702399446,2266,2266,0,62,full,fixed504,union,dgtw,63,ar_dgtw_63,2711735
ld2_ols_characteristics_textcore_pca_dgtw_fixed504_retain,ols,characteristics_textcore,504,rank_ic,0.14130499760542228,0.009711714857031097,14.549953297189337,5.844293622977446e-48,0.12227038625751876,0.1603396089533258,2266,2266,0,62,pca,fixed504,retain,dgtw,63,ar_dgtw_63,2711735
ld2_ols_characteristics_textcore_pca_dgtw_fixed504_retain,ols,characteristics_textcore,504,ew_spread_bp,372.29608120216795,174.70356277569428,2.131015963768106,0.03308782705667981,29.88339019097475,714.7087722133612,2266,2266,0,62,pca,fixed504,retain,dgtw,63,ar_dgtw_63,2711735
ld2_ols_characteristics_textcore_pca_dgtw_fixed504_retain,ols,characteristics_textcore,504,cap_spread_bp,136.40310889700336,149.26158862476402,0.9138527209429198,0.3607942395323226,-156.1442290827675,428.9504468767742,2266,2266,0,62,pca,fixed504,retain,dgtw,63,ar_dgtw_63,2711735
ld2_ols_characteristics_textcore_pca_dgtw_fixed504_recent,ols,characteristics_textcore,504,rank_ic,0.13895398562681524,0.00960643531736277,14.46467717069498,2.0255309784778617e-47,0.1201257183849706,0.15778225286865988,2266,2266,0,62,pca,fixed504,recent,dgtw,63,ar_dgtw_63,2711735
ld2_ols_characteristics_textcore_pca_dgtw_fixed504_recent,ols,characteristics_textcore,504,ew_spread_bp,357.1983992867736,173.39373971767955,2.0600420745775807,0.039394518699219935,17.35291429540939,697.0438842781379,2266,2266,0,62,pca,fixed504,recent,dgtw,63,ar_dgtw_63,2711735
ld2_ols_characteristics_textcore_pca_dgtw_fixed504_recent,ols,characteristics_textcore,504,cap_spread_bp,158.5708243281147,144.8706390938852,1.094568404750054,0.27370576384200085,-125.37041071320064,442.51205936943006,2266,2266,0,62,pca,fixed504,recent,dgtw,63,ar_dgtw_63,2711735
ld2_ols_characteristics_textcore_pca_dgtw_fixed504_union,ols,characteristics_textcore,504,rank_ic,0.14144575445491794,0.009705455243998429,14.573840268068196,4.120608618826488e-48,0.12242341172311562,0.16046809718672028,2266,2266,0,62,pca,fixed504,union,dgtw,63,ar_dgtw_63,2711735
ld2_ols_characteristics_textcore_pca_dgtw_fixed504_union,ols,characteristics_textcore,504,ew_spread_bp,381.9773492012463,173.0276551507673,2.2076086557863315,0.02727156523532351,42.84937677632604,721.1053216261665,2266,2266,0,62,pca,fixed504,union,dgtw,63,ar_dgtw_63,2711735
ld2_ols_characteristics_textcore_pca_dgtw_fixed504_union,ols,characteristics_textcore,504,cap_spread_bp,169.90344700891407,143.8379252768266,1.1812145279620967,0.2375175113650847,-112.0137061446296,451.8206001624577,2266,2266,0,62,pca,fixed504,union,dgtw,63,ar_dgtw_63,2711735
ld2_ridge_characteristics_textcore_pca_dgtw_fixed504_retain,ridge,characteristics_textcore,504,rank_ic,0.14781079963556487,0.010371932159072342,14.251038029233017,4.416670074767831e-46,0.1274821861536903,0.16813941311743943,2266,2266,0,62,pca,fixed504,retain,dgtw,63,ar_dgtw_63,2711735
ld2_ridge_characteristics_textcore_pca_dgtw_fixed504_retain,ridge,characteristics_textcore,504,ew_spread_bp,356.00246181458874,189.04368067066233,1.883175679565769,0.05967656379926493,-14.516343804800215,726.5212674339778,2266,2266,0,62,pca,fixed504,retain,dgtw,63,ar_dgtw_63,2711735
ld2_ridge_characteristics_textcore_pca_dgtw_fixed504_retain,ridge,characteristics_textcore,504,cap_spread_bp,227.4715168146997,151.8841731856711,1.4976643849298683,0.13422046951821817,-70.21599245085989,525.1590260802593,2266,2266,0,62,pca,fixed504,retain,dgtw,63,ar_dgtw_63,2711735
ld2_ridge_characteristics_textcore_pca_dgtw_fixed504_recent,ridge,characteristics_textcore,504,rank_ic,0.1457355510345552,0.010276810681018532,14.181009610669543,1.201060663560463e-45,0.12559337222382233,0.1658777298452881,2266,2266,0,62,pca,fixed504,recent,dgtw,63,ar_dgtw_63,2711735
ld2_ridge_characteristics_textcore_pca_dgtw_fixed504_recent,ridge,characteristics_textcore,504,ew_spread_bp,349.86272712290975,186.5626896830872,1.8753091934792494,0.060750199322941206,-15.793425514863486,715.5188797606829,2266,2266,0,62,pca,fixed504,recent,dgtw,63,ar_dgtw_63,2711735
ld2_ridge_characteristics_textcore_pca_dgtw_fixed504_recent,ridge,characteristics_textcore,504,cap_spread_bp,245.40790452775175,153.51643843021878,1.5985773708481545,0.10991454117470023,-55.47878583033773,546.2945948858412,2266,2266,0,62,pca,fixed504,recent,dgtw,63,ar_dgtw_63,2711735
ld2_ridge_characteristics_textcore_pca_dgtw_fixed504_union,ridge,characteristics_textcore,504,rank_ic,0.1476187789812328,0.010340907096377564,14.275225336174222,3.122767958902466e-46,0.1273509735048581,0.16788658445760749,2266,2266,0,62,pca,fixed504,union,dgtw,63,ar_dgtw_63,2711735
ld2_ridge_characteristics_textcore_pca_dgtw_fixed504_union,ridge,characteristics_textcore,504,ew_spread_bp,365.2616906980958,185.20366657786386,1.9722163035283722,0.04858491929071981,2.2691744007181,728.2542069954734,2266,2266,0,62,pca,fixed504,union,dgtw,63,ar_dgtw_63,2711735
ld2_ridge_characteristics_textcore_pca_dgtw_fixed504_union,ridge,characteristics_textcore,504,cap_spread_bp,264.5184014385952,149.42929653859844,1.7701910372727252,0.07669532189958263,-28.3576380122135,557.394440889404,2266,2266,0,62,pca,fixed504,union,dgtw,63,ar_dgtw_63,2711735
ld2_lasso_characteristics_textcore_pca_dgtw_fixed504_retain,lasso,characteristics_textcore,504,rank_ic,0.14646229478651931,0.010379802555722316,14.110316068177582,3.2810414097425577e-45,0.12611825561066678,0.16680633396237185,2266,2266,0,62,pca,fixed504,retain,dgtw,63,ar_dgtw_63,2711735
ld2_lasso_characteristics_textcore_pca_dgtw_fixed504_retain,lasso,characteristics_textcore,504,ew_spread_bp,340.58974363641266,181.15262359064747,1.880125923023047,0.060090918265983825,-14.462874306197364,695.6423615790227,2266,2266,0,62,pca,fixed504,retain,dgtw,63,ar_dgtw_63,2711735
ld2_lasso_characteristics_textcore_pca_dgtw_fixed504_retain,lasso,characteristics_textcore,504,cap_spread_bp,126.58066064056662,159.85141289650696,0.7918645093398022,0.4284396829606951,-186.7223515144285,439.8836727955618,2266,2266,0,62,pca,fixed504,retain,dgtw,63,ar_dgtw_63,2711735
ld2_lasso_characteristics_textcore_pca_dgtw_fixed504_recent,lasso,characteristics_textcore,504,rank_ic,0.14358362299102925,0.010260872045683458,13.99331580705482,1.7123831030346593e-44,0.12347268333151584,0.16369456265054266,2266,2266,0,62,pca,fixed504,recent,dgtw,63,ar_dgtw_63,2711735
ld2_lasso_characteristics_textcore_pca_dgtw_fixed504_recent,lasso,characteristics_textcore,504,ew_spread_bp,341.9975793434615,176.14036971016557,1.9416195157658047,0.05218317853588452,-3.2312015120328397,687.2263601989558,2266,2266,0,62,pca,fixed504,recent,dgtw,63,ar_dgtw_63,2711735
ld2_lasso_characteristics_textcore_pca_dgtw_fixed504_recent,lasso,characteristics_textcore,504,cap_spread_bp,156.44479734659177,157.52927714027095,0.9931156937087097,0.3206535768158567,-152.30691235896813,465.1965070521517,2266,2266,0,62,pca,fixed504,recent,dgtw,63,ar_dgtw_63,2711735
ld2_lasso_characteristics_textcore_pca_dgtw_fixed504_union,lasso,characteristics_textcore,504,rank_ic,0.14603122757587297,0.010337585046097114,14.12624195348275,2.6174427570680396e-45,0.1257699331984028,0.16629252195334315,2266,2266,0,62,pca,fixed504,union,dgtw,63,ar_dgtw_63,2711735
ld2_lasso_characteristics_textcore_pca_dgtw_fixed504_union,lasso,characteristics_textcore,504,ew_spread_bp,354.63224398144774,178.11981393937424,1.9909758276648108,0.04648354478871175,5.523823727298748,703.7406642355968,2266,2266,0,62,pca,fixed504,union,dgtw,63,ar_dgtw_63,2711735
ld2_lasso_characteristics_textcore_pca_dgtw_fixed504_union,lasso,characteristics_textcore,504,cap_spread_bp,167.78181353735417,159.03241570262045,1.0550164430067797,0.2914178045830741,-143.9159936141841,479.4796206888924,2266,2266,0,62,pca,fixed504,union,dgtw,63,ar_dgtw_63,2711735
ld2_enet_characteristics_textcore_pca_dgtw_fixed504_retain,enet,characteristics_textcore,504,rank_ic,0.14694521965988305,0.01035338751549806,14.19296046244958,1.0129068697080274e-45,0.12665295301152021,0.1672374863082459,2266,2266,0,62,pca,fixed504,retain,dgtw,63,ar_dgtw_63,2711735
ld2_enet_characteristics_textcore_pca_dgtw_fixed504_retain,enet,characteristics_textcore,504,ew_spread_bp,344.21121243593404,180.59848529763724,1.9059473941248906,0.05665703117458243,-9.755314409921425,698.1777392817895,2266,2266,0,62,pca,fixed504,retain,dgtw,63,ar_dgtw_63,2711735
ld2_enet_characteristics_textcore_pca_dgtw_fixed504_retain,enet,characteristics_textcore,504,cap_spread_bp,136.2211097853617,159.0975048550503,0.8562114780459273,0.39188081484595116,-175.60426976072324,448.04648933144665,2266,2266,0,62,pca,fixed504,retain,dgtw,63,ar_dgtw_63,2711735
ld2_enet_characteristics_textcore_pca_dgtw_fixed504_recent,enet,characteristics_textcore,504,rank_ic,0.14402581188479147,0.010223319357237932,14.087969557834825,4.5032389822875106e-45,0.12398847414215394,0.164063149627429,2266,2266,0,62,pca,fixed504,recent,dgtw,63,ar_dgtw_63,2711735
ld2_enet_characteristics_textcore_pca_dgtw_fixed504_recent,enet,characteristics_textcore,504,ew_spread_bp,346.95577487521064,175.46269070940662,1.977376349766704,0.04799910524098463,3.055220454282903,690.8563292961384,2266,2266,0,62,pca,fixed504,recent,dgtw,63,ar_dgtw_63,2711735
ld2_enet_characteristics_textcore_pca_dgtw_fixed504_recent,enet,characteristics_textcore,504,cap_spread_bp,161.2166773371673,156.2068910386533,1.0320714807471223,0.30203863282693877,-144.9432032355657,467.3765579099003,2266,2266,0,62,pca,fixed504,recent,dgtw,63,ar_dgtw_63,2711735
ld2_enet_characteristics_textcore_pca_dgtw_fixed504_union,enet,characteristics_textcore,504,rank_ic,0.146489574095799,0.010315044056984643,14.201546138487528,8.961319450915206e-46,0.12627245924516517,0.1667066889464328,2266,2266,0,62,pca,fixed504,union,dgtw,63,ar_dgtw_63,2711735
ld2_enet_characteristics_textcore_pca_dgtw_fixed504_union,enet,characteristics_textcore,504,ew_spread_bp,355.946349896621,177.71333158006667,2.0029242979796003,0.04518541460778945,7.63462042706567,704.2580793661763,2266,2266,0,62,pca,fixed504,union,dgtw,63,ar_dgtw_63,2711735
ld2_enet_characteristics_textcore_pca_dgtw_fixed504_union,enet,characteristics_textcore,504,cap_spread_bp,171.69983908988615,158.63175490745778,1.0823800013436906,0.2790837108533495,-139.21268733311604,482.61236551288835,2266,2266,0,62,pca,fixed504,union,dgtw,63,ar_dgtw_63,2711735
ld2_group_ridge_characteristics_textcore_pca_dgtw_fixed504_retain,group_ridge,characteristics_textcore,504,rank_ic,0.1471650725808356,0.010323848182674497,14.254866012831178,4.1810398159104805e-46,0.1269307019609343,0.1673994432007369,2266,2266,0,62,pca,fixed504,retain,dgtw,63,ar_dgtw_63,2711735
ld2_group_ridge_characteristics_textcore_pca_dgtw_fixed504_retain,group_ridge,characteristics_textcore,504,ew_spread_bp,343.71415197579825,184.79690811611022,1.8599561836815923,0.06289172538132923,-18.481132386135414,705.9094363377319,2266,2266,0,62,pca,fixed504,retain,dgtw,63,ar_dgtw_63,2711735
ld2_group_ridge_characteristics_textcore_pca_dgtw_fixed504_retain,group_ridge,characteristics_textcore,504,cap_spread_bp,197.3403696578329,147.6525702025132,1.3365183510667662,0.18137990644782076,-92.05335016386496,486.7340894795308,2266,2266,0,62,pca,fixed504,retain,dgtw,63,ar_dgtw_63,2711735
ld2_group_ridge_characteristics_textcore_pca_dgtw_fixed504_recent,group_ridge,characteristics_textcore,504,rank_ic,0.1447998015533612,0.01016713973254677,14.24194073873422,5.031020814721483e-46,0.12487257385178333,0.16472702925493907,2266,2266,0,62,pca,fixed504,recent,dgtw,63,ar_dgtw_63,2711735
ld2_group_ridge_characteristics_textcore_pca_dgtw_fixed504_recent,group_ridge,characteristics_textcore,504,ew_spread_bp,330.74843718635157,182.46328229932612,1.812684903057743,0.06988043427847858,-26.87302462129236,688.3698989939955,2266,2266,0,62,pca,fixed504,recent,dgtw,63,ar_dgtw_63,2711735
ld2_group_ridge_characteristics_textcore_pca_dgtw_fixed504_recent,group_ridge,characteristics_textcore,504,cap_spread_bp,211.58639645185988,145.5765683304194,1.4534371765902327,0.1461024107029521,-73.7384344686964,496.9112273724162,2266,2266,0,62,pca,fixed504,recent,dgtw,63,ar_dgtw_63,2711735
ld2_group_ridge_characteristics_textcore_pca_dgtw_fixed504_union,group_ridge,characteristics_textcore,504,rank_ic,0.14691090572412618,0.010280373805097422,14.290424502976911,2.5107431011922192e-46,0.12676174331852624,0.16706006812972612,2266,2266,0,62,pca,fixed504,union,dgtw,63,ar_dgtw_63,2711735
ld2_group_ridge_characteristics_textcore_pca_dgtw_fixed504_union,group_ridge,characteristics_textcore,504,ew_spread_bp,346.26131952554175,183.1058876347197,1.8910441602855663,0.058618449536707806,-12.619625595746868,705.1422646468304,2266,2266,0,62,pca,fixed504,union,dgtw,63,ar_dgtw_63,2711735
ld2_group_ridge_characteristics_textcore_pca_dgtw_fixed504_union,group_ridge,characteristics_textcore,504,cap_spread_bp,226.39218510606815,144.76360903698364,1.563874972530081,0.11784693307872654,-57.33927487845688,510.1236450905932,2266,2266,0,62,pca,fixed504,union,dgtw,63,ar_dgtw_63,2711735
