model_id,estimator,feature_set,fit_days,metric,mean,se,t,p,ci_low,ci_high,n,calendar_days,missing_days,hac_lags,target,horizon,target_column,stock_days
ols_core_raw_fit504_val126,ols,core,504,rank_ic,0.04189245360254111,0.003077711551667648,13.611559400308915,3.418705866355424e-42,0.03586024980646964,0.04792465739861258,2266,2266,0,5,raw,3,f_cumret3,3031789
ols_core_raw_fit504_val126,ols,core,504,ew_spread_bp,58.10703309047867,9.111016082785762,6.377667711537176,1.798051044820279e-10,40.24976970565338,75.96429647530397,2266,2266,0,5,raw,3,f_cumret3,3031789
ols_core_raw_fit504_val126,ols,core,504,cap_spread_bp,-3.5558020572021185,4.450266095189591,-0.7990088639970715,0.42428527225120605,-12.278163325393418,5.166559210989181,2266,2266,0,5,raw,3,f_cumret3,3031789
ridge_core_raw_fit504_val126,ridge,core,504,rank_ic,0.0417390352076927,0.00307010334917631,13.595319264705218,4.268937793344248e-42,0.03572174321449133,0.047756327200894066,2266,2266,0,5,raw,3,f_cumret3,3031789
ridge_core_raw_fit504_val126,ridge,core,504,ew_spread_bp,59.847323173666716,8.934994926648587,6.698081382807763,2.1117365963925566e-11,42.33505491538739,77.35959143194604,2266,2266,0,5,raw,3,f_cumret3,3031789
ridge_core_raw_fit504_val126,ridge,core,504,cap_spread_bp,-3.579748008201258,4.325935258344404,-0.8275084564190351,0.407948931018734,-12.058425314008264,4.898929297605748,2266,2266,0,5,raw,3,f_cumret3,3031789
lasso_core_raw_fit504_val126,lasso,core,504,rank_ic,0.04243703266761997,0.0031020296455231,13.680408479933709,1.3294376711111337e-42,0.036357166283419146,0.0485168990518208,2266,2266,0,5,raw,3,f_cumret3,3031789
lasso_core_raw_fit504_val126,lasso,core,504,ew_spread_bp,61.633106658992254,8.962476541461404,6.876794195652364,6.121444476349538e-12,44.0669754254428,79.1992378925417,2266,2266,0,5,raw,3,f_cumret3,3031789
lasso_core_raw_fit504_val126,lasso,core,504,cap_spread_bp,-4.75510770788505,4.361563355382886,-1.0902301125619247,0.2756117918398411,-13.303614800725178,3.7933993849550793,2266,2266,0,5,raw,3,f_cumret3,3031789
enet_core_raw_fit504_val126,enet,core,504,rank_ic,0.04243911210856257,0.003101997415950703,13.681220974052872,1.3146647585151518e-42,0.03635930889316288,0.04851891532396226,2266,2266,0,5,raw,3,f_cumret3,3031789
enet_core_raw_fit504_val126,enet,core,504,ew_spread_bp,61.607377223900876,8.962238055718394,6.87410631595442,6.237967426291829e-12,44.04171341381854,79.17304103398321,2266,2266,0,5,raw,3,f_cumret3,3031789
enet_core_raw_fit504_val126,enet,core,504,cap_spread_bp,-4.756568770539401,4.361723021597452,-1.0905251770886952,0.2754818689640697,-13.305388803409627,3.7922512623308258,2266,2266,0,5,raw,3,f_cumret3,3031789
ols_all_raw_fit504_val126,ols,all,504,rank_ic,0.04022316665081328,0.0026846984788144908,14.982377711397605,9.572997818242092e-51,0.03496125432298741,0.045485078978639154,2266,2266,0,5,raw,3,f_cumret3,3031789
ols_all_raw_fit504_val126,ols,all,504,ew_spread_bp,58.91364761725255,8.79830208231909,6.696024649533728,2.1416561365317995e-11,41.66929241080337,76.15800282370174,2266,2266,0,5,raw,3,f_cumret3,3031789
ols_all_raw_fit504_val126,ols,all,504,cap_spread_bp,-1.199374071331275,4.463657044250932,-0.2686976305395227,0.7881623753085634,-9.947981117401612,7.549232974739062,2266,2266,0,5,raw,3,f_cumret3,3031789
ridge_all_raw_fit504_val126,ridge,all,504,rank_ic,0.042321928763562666,0.0028396387720170677,14.903983274429065,3.105031147160841e-50,0.036756339041305666,0.047887518485819666,2266,2266,0,5,raw,3,f_cumret3,3031789
ridge_all_raw_fit504_val126,ridge,all,504,ew_spread_bp,60.05132902867706,9.023558818854669,6.654949586320664,2.8339717598090025e-11,42.36547873134312,77.737179326011,2266,2266,0,5,raw,3,f_cumret3,3031789
ridge_all_raw_fit504_val126,ridge,all,504,cap_spread_bp,-0.9300596840708811,4.581735558191398,-0.20299287731874566,0.8391405993944123,-9.910096364812542,8.049976996670779,2266,2266,0,5,raw,3,f_cumret3,3031789
lasso_all_raw_fit504_val126,lasso,all,504,rank_ic,0.041377328734844745,0.0028308567117501337,14.616539425361394,2.2031757607834295e-48,0.035828951534421,0.04692570593526849,2266,2266,0,5,raw,3,f_cumret3,3031789
lasso_all_raw_fit504_val126,lasso,all,504,ew_spread_bp,59.431843374148606,8.719268954581135,6.81614980381158,9.351278639186155e-12,42.34239025165137,76.52129649664585,2266,2266,0,5,raw,3,f_cumret3,3031789
lasso_all_raw_fit504_val126,lasso,all,504,cap_spread_bp,-2.0395017463634346,4.565299239685858,-0.4467399921201604,0.6550628029278052,-10.98732383479581,6.90832034206894,2266,2266,0,5,raw,3,f_cumret3,3031789
enet_all_raw_fit504_val126,enet,all,504,rank_ic,0.04146102606154149,0.002831226824653233,14.644190885913783,1.467376536913277e-48,0.035911923453157454,0.04701012866992553,2266,2266,0,5,raw,3,f_cumret3,3031789
enet_all_raw_fit504_val126,enet,all,504,ew_spread_bp,59.70210731418657,8.718196989962653,6.847987879021568,7.489590941075915e-12,42.61475520373426,76.78945942463888,2266,2266,0,5,raw,3,f_cumret3,3031789
enet_all_raw_fit504_val126,enet,all,504,cap_spread_bp,-1.9519573607968372,4.5595287733998315,-0.4281050647568021,0.6685746295442005,-10.888469543134597,6.9845548215409226,2266,2266,0,5,raw,3,f_cumret3,3031789
ols_textcore_raw_fit504_val126,ols,textcore,504,rank_ic,0.048622616693248896,0.0030846450440883033,15.762791503817834,5.609932434822732e-56,0.04257682350174585,0.05466840988475194,2266,2266,0,5,raw,3,f_cumret3,3031789
ols_textcore_raw_fit504_val126,ols,textcore,504,ew_spread_bp,51.16991179774519,9.438621496201897,5.421333170138879,5.915618895061855e-08,32.67055360148392,69.66926999400647,2266,2266,0,5,raw,3,f_cumret3,3031789
ols_textcore_raw_fit504_val126,ols,textcore,504,cap_spread_bp,6.687697868016156,5.719341400222954,1.169312583395608,0.24227771515634322,-4.522005291709717,17.897401027742028,2266,2266,0,5,raw,3,f_cumret3,3031789
ridge_textcore_raw_fit504_val126,ridge,textcore,504,rank_ic,0.050792586693206965,0.0033482688108332965,15.169805521249657,5.604262438519233e-52,0.04423010041341495,0.05735507297299898,2266,2266,0,5,raw,3,f_cumret3,3031789
ridge_textcore_raw_fit504_val126,ridge,textcore,504,ew_spread_bp,49.21460415685918,9.415791046926277,5.226815666531276,1.7245427492252654e-07,30.75999281892899,67.66921549478937,2266,2266,0,5,raw,3,f_cumret3,3031789
ridge_textcore_raw_fit504_val126,ridge,textcore,504,cap_spread_bp,4.223658580926099,5.489056150978106,0.7694690061010719,0.44161493708218,-6.534693784109043,14.98201094596124,2266,2266,0,5,raw,3,f_cumret3,3031789
lasso_textcore_raw_fit504_val126,lasso,textcore,504,rank_ic,0.05018269036806507,0.0033059054790257527,15.179711182442475,4.818989317922588e-52,0.043703234692880955,0.05666214604324918,2266,2266,0,5,raw,3,f_cumret3,3031789
lasso_textcore_raw_fit504_val126,lasso,textcore,504,ew_spread_bp,55.99136763306574,9.684441059735699,5.781579678961237,7.400241604458575e-09,37.01021194558286,74.97252332054862,2266,2266,0,5,raw,3,f_cumret3,3031789
lasso_textcore_raw_fit504_val126,lasso,textcore,504,cap_spread_bp,6.152731309445756,5.354703518267333,1.1490330488804819,0.2505423533371257,-4.342294734248131,16.647757353139642,2266,2266,0,5,raw,3,f_cumret3,3031789
enet_textcore_raw_fit504_val126,enet,textcore,504,rank_ic,0.05015180603738413,0.0033096066703111075,15.153403722343173,7.19421789186185e-52,0.043665096160580834,0.05663851591418743,2266,2266,0,5,raw,3,f_cumret3,3031789
enet_textcore_raw_fit504_val126,enet,textcore,504,ew_spread_bp,55.85670179451204,9.68980720602401,5.76448020140037,8.190989233684065e-09,36.865028653568295,74.84837493545578,2266,2266,0,5,raw,3,f_cumret3,3031789
enet_textcore_raw_fit504_val126,enet,textcore,504,cap_spread_bp,5.991335186501014,5.356199272452931,1.1185795900676443,0.26331953466822366,-4.50662248152637,16.489292854528397,2266,2266,0,5,raw,3,f_cumret3,3031789
ols_textall_raw_fit504_val126,ols,textall,504,rank_ic,0.04844448720714897,0.0028288365158636915,17.12523397357166,9.622183536965102e-66,0.04290006951790437,0.053988904896393575,2266,2266,0,5,raw,3,f_cumret3,3031789
ols_textall_raw_fit504_val126,ols,textall,504,ew_spread_bp,60.38038670161791,9.400241498939646,6.423280370874393,1.333685191944201e-10,41.95625191771739,78.80452148551842,2266,2266,0,5,raw,3,f_cumret3,3031789
ols_textall_raw_fit504_val126,ols,textall,504,cap_spread_bp,12.971907541835055,4.946862100440608,2.622249676351332,0.008735141135884384,3.2762359884852987,22.667579095184813,2266,2266,0,5,raw,3,f_cumret3,3031789
ridge_textall_raw_fit504_val126,ridge,textall,504,rank_ic,0.05166502220504981,0.003238915051309475,15.951335983375646,2.7886686623555105e-57,0.04531686535549854,0.05801317905460108,2266,2266,0,5,raw,3,f_cumret3,3031789
ridge_textall_raw_fit504_val126,ridge,textall,504,ew_spread_bp,63.85577391926823,10.177184720602899,6.274404530557189,3.5097490446560427e-10,43.90885840287522,83.80268943566125,2266,2266,0,5,raw,3,f_cumret3,3031789
ridge_textall_raw_fit504_val126,ridge,textall,504,cap_spread_bp,11.26047512113811,5.3505592159578095,2.1045417248264884,0.03533121891559461,0.7735717607119348,21.747378481564287,2266,2266,0,5,raw,3,f_cumret3,3031789
lasso_textall_raw_fit504_val126,lasso,textall,504,rank_ic,0.05004288315627491,0.00298539830259958,16.762548271263945,4.585422699829286e-63,0.04419161000367273,0.0558941563088771,2266,2266,0,5,raw,3,f_cumret3,3031789
lasso_textall_raw_fit504_val126,lasso,textall,504,ew_spread_bp,65.20859142383533,9.736656101608094,6.69722651630528,2.1241224109702517e-11,46.125096134831296,84.29208671283936,2266,2266,0,5,raw,3,f_cumret3,3031789
lasso_textall_raw_fit504_val126,lasso,textall,504,cap_spread_bp,13.201456081811047,5.096889916742957,2.5901002959559927,0.009594797294023337,3.211735411829496,23.191176751792597,2266,2266,0,5,raw,3,f_cumret3,3031789
enet_textall_raw_fit504_val126,enet,textall,504,rank_ic,0.050003919579471805,0.0029821394799931997,16.767800404689936,4.1976224217289595e-63,0.04415903360181013,0.05584880555713348,2266,2266,0,5,raw,3,f_cumret3,3031789
enet_textall_raw_fit504_val126,enet,textall,504,ew_spread_bp,65.04526776773527,9.754439498219908,6.668273228780127,2.5883059035825093e-11,45.92691766184929,84.16361787362125,2266,2266,0,5,raw,3,f_cumret3,3031789
enet_textall_raw_fit504_val126,enet,textall,504,cap_spread_bp,13.301674179137516,5.0943046830721475,2.6110872840679544,0.009025485479326762,3.3170204740423728,23.28632788423266,2266,2266,0,5,raw,3,f_cumret3,3031789
ols_core_raw_fit504_val126,ols,core,504,rank_ic,0.046699203393371275,0.0036904364031809726,12.654114118622633,1.0616635970312435e-36,0.03946608095590103,0.05393232583084152,2266,2266,0,5,raw,5,f_cumret5,3030544
ols_core_raw_fit504_val126,ols,core,504,ew_spread_bp,82.63125226894793,13.6093113682195,6.07167034637099,1.265865846011486e-09,55.957492132846184,109.30501240504968,2266,2266,0,5,raw,5,f_cumret5,3030544
ols_core_raw_fit504_val126,ols,core,504,cap_spread_bp,-7.513813318001101,6.754968623910381,-1.1123387444620627,0.2659925312376199,-20.753308537563537,5.725681901561335,2266,2266,0,5,raw,5,f_cumret5,3030544
ridge_core_raw_fit504_val126,ridge,core,504,rank_ic,0.04655863693986857,0.003685512782307917,12.632878975042637,1.3909440935234961e-36,0.03933516462198305,0.0537821092577541,2266,2266,0,5,raw,5,f_cumret5,3030544
ridge_core_raw_fit504_val126,ridge,core,504,ew_spread_bp,84.78643144954083,13.423494333895798,6.316271258478932,2.679495632341664e-10,58.47686600842758,111.09599689065408,2266,2266,0,5,raw,5,f_cumret5,3030544
ridge_core_raw_fit504_val126,ridge,core,504,cap_spread_bp,-7.518119051439749,6.586328750479091,-1.1414733968286777,0.25367297650952003,-20.427086192719464,5.390848089839967,2266,2266,0,5,raw,5,f_cumret5,3030544
lasso_core_raw_fit504_val126,lasso,core,504,rank_ic,0.047242143512762735,0.0037236908584006847,12.686913417150077,6.9886044935033595e-37,0.03994384354073636,0.05454044348478911,2266,2266,0,5,raw,5,f_cumret5,3030544
lasso_core_raw_fit504_val126,lasso,core,504,ew_spread_bp,86.37047347894755,13.429887690922664,6.431213385151823,1.265892992711275e-10,60.04837728832133,112.69256966957376,2266,2266,0,5,raw,5,f_cumret5,3030544
lasso_core_raw_fit504_val126,lasso,core,504,cap_spread_bp,-8.079164964134177,6.648673378874101,-1.2151544381478279,0.22430719403752053,-21.110325331697645,4.951995403429288,2266,2266,0,5,raw,5,f_cumret5,3030544
enet_core_raw_fit504_val126,enet,core,504,rank_ic,0.047244763137325244,0.0037236211109864512,12.687854571973165,6.905145196090116e-37,0.03994659986771878,0.05454292640693171,2266,2266,0,5,raw,5,f_cumret5,3030544
enet_core_raw_fit504_val126,enet,core,504,ew_spread_bp,86.32967951519976,13.42916844796456,6.428520116469655,1.2885220348867921e-10,60.00899301486756,112.65036601553194,2266,2266,0,5,raw,5,f_cumret5,3030544
enet_core_raw_fit504_val126,enet,core,504,cap_spread_bp,-8.093472060228393,6.647886202897447,-1.217450451648961,0.22343287742090445,-21.123089591228123,4.936145470771338,2266,2266,0,5,raw,5,f_cumret5,3030544
ols_all_raw_fit504_val126,ols,all,504,rank_ic,0.04476736088084126,0.0032349706165196836,13.838568008077877,1.4914825362972538e-43,0.038426934981417346,0.051107786780265174,2266,2266,0,5,raw,5,f_cumret5,3030544
ols_all_raw_fit504_val126,ols,all,504,ew_spread_bp,83.07649672921137,13.207803700898205,6.289955439265174,3.1755711306165444e-10,57.18967716057605,108.96331629784669,2266,2266,0,5,raw,5,f_cumret5,3030544
ols_all_raw_fit504_val126,ols,all,504,cap_spread_bp,-2.045183887577815,6.6473764962695725,-0.307667827860442,0.7583351026235035,-15.07380241194423,10.9834346367886,2266,2266,0,5,raw,5,f_cumret5,3030544
ridge_all_raw_fit504_val126,ridge,all,504,rank_ic,0.04682778098245502,0.0034149870152356343,13.712433099609868,8.554047723811288e-43,0.04013452942492124,0.0535210325399888,2266,2266,0,5,raw,5,f_cumret5,3030544
ridge_all_raw_fit504_val126,ridge,all,504,ew_spread_bp,87.19915816933556,13.423837069537447,6.4958444979353605,8.256891036077053e-11,60.88892097870847,113.50939535996265,2266,2266,0,5,raw,5,f_cumret5,3030544
ridge_all_raw_fit504_val126,ridge,all,504,cap_spread_bp,-4.029071098312633,6.916854007201465,-0.58250052612326,0.560229587237816,-17.585855838749055,9.527713642123791,2266,2266,0,5,raw,5,f_cumret5,3030544
lasso_all_raw_fit504_val126,lasso,all,504,rank_ic,0.04601673579404636,0.003404111748464353,13.517986245547084,1.2248284876192697e-41,0.03934479936770656,0.05268867222038616,2266,2266,0,5,raw,5,f_cumret5,3030544
lasso_all_raw_fit504_val126,lasso,all,504,ew_spread_bp,86.44451925996869,12.981254526441178,6.659180673477444,2.7535827172773474e-11,61.00172791399642,111.88731060594095,2266,2266,0,5,raw,5,f_cumret5,3030544
lasso_all_raw_fit504_val126,lasso,all,504,cap_spread_bp,-4.893713159074827,6.884771155115901,-0.7108025886145004,0.4772065763022718,-18.387616664902218,8.600190346752566,2266,2266,0,5,raw,5,f_cumret5,3030544
enet_all_raw_fit504_val126,enet,all,504,rank_ic,0.04611189244896684,0.0034039354071006924,13.546641441190777,8.293895786646643e-42,0.03944030164534879,0.05278348325258488,2266,2266,0,5,raw,5,f_cumret5,3030544
enet_all_raw_fit504_val126,enet,all,504,ew_spread_bp,86.72894652134394,12.979346877698564,6.682073245947666,2.3558521634763122e-11,61.28989409820235,112.16799894448553,2266,2266,0,5,raw,5,f_cumret5,3030544
enet_all_raw_fit504_val126,enet,all,504,cap_spread_bp,-4.8375167638634995,6.892389450405555,-0.7018635262374582,0.4827642770554963,-18.346351854082204,8.671318326355205,2266,2266,0,5,raw,5,f_cumret5,3030544
ols_textcore_raw_fit504_val126,ols,textcore,504,rank_ic,0.05535800777617891,0.003739968769008973,14.801729959592102,1.4276302186200562e-49,0.04802780368561672,0.06268821186674109,2266,2266,0,5,raw,5,f_cumret5,3030544
ols_textcore_raw_fit504_val126,ols,textcore,504,ew_spread_bp,72.97300017034824,14.529403743798385,5.022435982721965,5.102020544206725e-07,44.49589211566198,101.45010822503451,2266,2266,0,5,raw,5,f_cumret5,3030544
ols_textcore_raw_fit504_val126,ols,textcore,504,cap_spread_bp,14.472176426923397,8.20409964712505,1.7640176313551799,0.07772901079092999,-1.607563407019466,30.55191626086626,2266,2266,0,5,raw,5,f_cumret5,3030544
ridge_textcore_raw_fit504_val126,ridge,textcore,504,rank_ic,0.0571942497544129,0.004052230004875896,14.114265400925715,3.1023181884243284e-45,0.04925202488778358,0.06513647462104223,2266,2266,0,5,raw,5,f_cumret5,3030544
ridge_textcore_raw_fit504_val126,ridge,textcore,504,ew_spread_bp,72.084343323621,14.534643044790931,4.959484942387718,7.068032589446708e-07,43.59696642768518,100.57172021955682,2266,2266,0,5,raw,5,f_cumret5,3030544
ridge_textcore_raw_fit504_val126,ridge,textcore,504,cap_spread_bp,8.627740248088699,7.869142903057648,1.0964015210266786,0.2729030986308667,-6.795496431103258,24.050976927280658,2266,2266,0,5,raw,5,f_cumret5,3030544
lasso_textcore_raw_fit504_val126,lasso,textcore,504,rank_ic,0.05690468714607916,0.0039837629139403705,14.284155050229707,2.747212796776055e-46,0.04909665531180969,0.06471271898034862,2266,2266,0,5,raw,5,f_cumret5,3030544
lasso_textcore_raw_fit504_val126,lasso,textcore,504,ew_spread_bp,81.04221971196439,15.05873764333755,5.38174059681689,7.376901963633925e-08,51.52763627838523,110.55680314554355,2266,2266,0,5,raw,5,f_cumret5,3030544
lasso_textcore_raw_fit504_val126,lasso,textcore,504,cap_spread_bp,12.622215327449707,7.900705578960158,1.5976060873680809,0.11013067083209649,-2.8628830597668795,28.107313714666294,2266,2266,0,5,raw,5,f_cumret5,3030544
enet_textcore_raw_fit504_val126,enet,textcore,504,rank_ic,0.05689655192447332,0.0039878848455267525,14.26735077074623,3.4960943772231807e-46,0.04908044125274781,0.06471266259619883,2266,2266,0,5,raw,5,f_cumret5,3030544
enet_textcore_raw_fit504_val126,enet,textcore,504,ew_spread_bp,80.65176378756534,15.077513024358101,5.349142372304398,8.837200319865275e-08,51.10038128338988,110.20314629174081,2266,2266,0,5,raw,5,f_cumret5,3030544
enet_textcore_raw_fit504_val126,enet,textcore,504,cap_spread_bp,11.49102290196432,7.872941550299884,1.459559026133837,0.14441130715517422,-3.9396589890123916,26.92170479294103,2266,2266,0,5,raw,5,f_cumret5,3030544
ols_textall_raw_fit504_val126,ols,textall,504,rank_ic,0.05487530951614578,0.0034305329289304356,15.996147144768756,1.3593119534496127e-57,0.04815158852766342,0.061599030504628144,2266,2266,0,5,raw,5,f_cumret5,3030544
ols_textall_raw_fit504_val126,ols,textall,504,ew_spread_bp,85.64985744534687,14.490933729851504,5.910582371162674,3.4090032829256554e-09,57.248149232481246,114.0515656582125,2266,2266,0,5,raw,5,f_cumret5,3030544
ols_textall_raw_fit504_val126,ols,textall,504,cap_spread_bp,17.312960777406467,7.217650373644379,2.3986976205754758,0.01645349544370268,3.1666259920614195,31.459295562751514,2266,2266,0,5,raw,5,f_cumret5,3030544
ridge_textall_raw_fit504_val126,ridge,textall,504,rank_ic,0.05842834474211926,0.0039017678250175265,14.974838935183644,1.0722729033788052e-50,0.05078102032904773,0.0660756691551908,2266,2266,0,5,raw,5,f_cumret5,3030544
ridge_textall_raw_fit504_val126,ridge,textall,504,ew_spread_bp,90.63929045818237,15.633329713176254,5.797823759949793,6.718099772781783e-09,59.99852726191702,121.28005365444773,2266,2266,0,5,raw,5,f_cumret5,3030544
ridge_textall_raw_fit504_val126,ridge,textall,504,cap_spread_bp,12.315532723265882,7.903888263587901,1.5581612887927332,0.11919501900388282,-3.1758036111952297,27.806869057726992,2266,2266,0,5,raw,5,f_cumret5,3030544
lasso_textall_raw_fit504_val126,lasso,textall,504,rank_ic,0.05629629551068469,0.0036106934599243537,15.591546647624895,8.309706738137884e-55,0.049219466370018644,0.06337312465135074,2266,2266,0,5,raw,5,f_cumret5,3030544
lasso_textall_raw_fit504_val126,lasso,textall,504,ew_spread_bp,91.12957645040267,14.963201538450791,6.090245875271271,1.1273740661342272e-09,61.80224034162479,120.45691255918055,2266,2266,0,5,raw,5,f_cumret5,3030544
lasso_textall_raw_fit504_val126,lasso,textall,504,cap_spread_bp,16.956689584687425,7.637124420235158,2.22029767378928,0.02639856773877154,1.9882007755751747,31.925178393799676,2266,2266,0,5,raw,5,f_cumret5,3030544
enet_textall_raw_fit504_val126,enet,textall,504,rank_ic,0.05622617848888758,0.0036072915174278795,15.5868130471969,8.948791219862488e-55,0.04915601703299209,0.06329633994478306,2266,2266,0,5,raw,5,f_cumret5,3030544
enet_textall_raw_fit504_val126,enet,textall,504,ew_spread_bp,91.19716398718187,14.97212720124602,6.0911293873853944,1.1211688672442655e-09,61.85233390078719,120.54199407357655,2266,2266,0,5,raw,5,f_cumret5,3030544
enet_textall_raw_fit504_val126,enet,textall,504,cap_spread_bp,17.066081994336933,7.6455110630192245,2.2321702046687655,0.025603715855122323,2.0811556674167093,32.05100832125716,2266,2266,0,5,raw,5,f_cumret5,3030544
ols_core_raw_fit504_val126,ols,core,504,rank_ic,0.055045917260486965,0.005001658107914833,11.00553377956402,3.593813317817789e-28,0.04524284750599114,0.06484898701498279,2266,2266,0,9,raw,10,f_cumret10,3027488
ols_core_raw_fit504_val126,ols,core,504,ew_spread_bp,129.36699237771342,26.02536613883016,4.970803933655185,6.667585009027287e-07,78.35821206113805,180.3757726942888,2266,2266,0,9,raw,10,f_cumret10,3027488
ols_core_raw_fit504_val126,ols,core,504,cap_spread_bp,-18.020473301007023,12.892382060571938,-1.3977613459127964,0.1621847455284412,-43.28907781465831,7.248131212644264,2266,2266,0,9,raw,10,f_cumret10,3027488
ridge_core_raw_fit504_val126,ridge,core,504,rank_ic,0.05482059108067206,0.004989048555681601,10.988185516503258,4.355950105994286e-28,0.045042235594414545,0.06459894656692958,2266,2266,0,9,raw,10,f_cumret10,3027488
ridge_core_raw_fit504_val126,ridge,core,504,ew_spread_bp,132.90565054440466,25.618733209440464,5.1878306963058245,2.127578914668386e-07,82.69385612436113,183.1174449644482,2266,2266,0,9,raw,10,f_cumret10,3027488
ridge_core_raw_fit504_val126,ridge,core,504,cap_spread_bp,-17.956534332736755,12.47605060278031,-1.439280338341615,0.15007111121393132,-42.409144183485395,6.496075518011885,2266,2266,0,9,raw,10,f_cumret10,3027488
lasso_core_raw_fit504_val126,lasso,core,504,rank_ic,0.055654376706991686,0.0050222882992578405,11.081477882346164,1.5430427460888074e-28,0.0458108725204694,0.06549788089351398,2266,2266,0,9,raw,10,f_cumret10,3027488
lasso_core_raw_fit504_val126,lasso,core,504,ew_spread_bp,136.09411112751079,25.622106060350045,5.311589562815645,1.0867313906384877e-07,85.87570604115925,186.31251621386232,2266,2266,0,9,raw,10,f_cumret10,3027488
lasso_core_raw_fit504_val126,lasso,core,504,cap_spread_bp,-20.1434392076722,12.615888685917149,-1.596672236824497,0.1103387874030529,-44.87012666503616,4.5832482496917635,2266,2266,0,9,raw,10,f_cumret10,3027488
enet_core_raw_fit504_val126,enet,core,504,rank_ic,0.055655113082381004,0.005022245423389749,11.081719109779536,1.5388904400621944e-28,0.04581169293101598,0.06549853323374602,2266,2266,0,9,raw,10,f_cumret10,3027488
enet_core_raw_fit504_val126,enet,core,504,ew_spread_bp,136.05386439225805,25.619726442318537,5.310511987650459,1.0931769327447463e-07,85.84012327154522,186.26760551297087,2266,2266,0,9,raw,10,f_cumret10,3027488
enet_core_raw_fit504_val126,enet,core,504,cap_spread_bp,-20.155755511060416,12.614756692670854,-1.597791856165634,0.11008930767646434,-44.880224302430896,4.568713280310064,2266,2266,0,9,raw,10,f_cumret10,3027488
ols_all_raw_fit504_val126,ols,all,504,rank_ic,0.05178919887621848,0.004416491613215321,11.726321119064595,9.343187562534533e-32,0.04313303437629325,0.060445363376143715,2266,2266,0,9,raw,10,f_cumret10,3027488
ols_all_raw_fit504_val126,ols,all,504,ew_spread_bp,125.77859264957092,24.911726039594516,5.048971414090672,4.4419519133726993e-07,76.95250681923704,174.6046784799048,2266,2266,0,9,raw,10,f_cumret10,3027488
ols_all_raw_fit504_val126,ols,all,504,cap_spread_bp,-4.7915915403713445,12.052838796100499,-0.3975487950541234,0.6909628115246467,-28.414721492195426,18.83153841145274,2266,2266,0,9,raw,10,f_cumret10,3027488
ridge_all_raw_fit504_val126,ridge,all,504,rank_ic,0.05473316056306703,0.004624398034522467,11.835737355320234,2.5509179970493234e-32,0.04566950696522518,0.06379681416090888,2266,2266,0,9,raw,10,f_cumret10,3027488
ridge_all_raw_fit504_val126,ridge,all,504,ew_spread_bp,138.71283507203685,25.865379599844555,5.362876447901445,8.190703295971299e-08,88.01762260988448,189.40804753418922,2266,2266,0,9,raw,10,f_cumret10,3027488
ridge_all_raw_fit504_val126,ridge,all,504,cap_spread_bp,-9.530482204721297,12.55252760569655,-0.7592480577693533,0.4477041828548052,-34.13298422683133,15.072019817388737,2266,2266,0,9,raw,10,f_cumret10,3027488
lasso_all_raw_fit504_val126,lasso,all,504,rank_ic,0.053701722028983705,0.0045804003672755625,11.724241927114697,9.575439365772722e-32,0.044724302274349564,0.06267914178361784,2266,2266,0,9,raw,10,f_cumret10,3027488
lasso_all_raw_fit504_val126,lasso,all,504,ew_spread_bp,133.06163335119066,25.019825904589283,5.318247771131921,1.0477133219647953e-07,84.02367567873338,182.09959102364795,2266,2266,0,9,raw,10,f_cumret10,3027488
lasso_all_raw_fit504_val126,lasso,all,504,cap_spread_bp,-9.161460273312864,12.707267633445523,-0.7209622507044633,0.470932740652264,-34.06724717677761,15.744326630151887,2266,2266,0,9,raw,10,f_cumret10,3027488
enet_all_raw_fit504_val126,enet,all,504,rank_ic,0.05378732729735645,0.004576191691934538,11.753731250409752,6.75680244554377e-32,0.04481815639481334,0.06275649819989956,2266,2266,0,9,raw,10,f_cumret10,3027488
enet_all_raw_fit504_val126,enet,all,504,ew_spread_bp,133.06727966680833,25.054652926102747,5.311080542974696,1.0897715085066226e-07,83.96106228649586,182.1734970471208,2266,2266,0,9,raw,10,f_cumret10,3027488
enet_all_raw_fit504_val126,enet,all,504,cap_spread_bp,-9.282671575996925,12.768519332843844,-0.7269967123063015,0.467227969763369,-34.30850960427426,15.74316645228041,2266,2266,0,9,raw,10,f_cumret10,3027488
ols_textcore_raw_fit504_val126,ols,textcore,504,rank_ic,0.06511333202282062,0.00517688354079494,12.577708482277755,2.8003553837916244e-36,0.05496682673070434,0.07525983731493689,2266,2266,0,9,raw,10,f_cumret10,3027488
ols_textcore_raw_fit504_val126,ols,textcore,504,ew_spread_bp,113.4913105663921,28.656697313677647,3.960376498523557,7.48316868898795e-05,57.325215915718196,169.657405217066,2266,2266,0,9,raw,10,f_cumret10,3027488
ols_textcore_raw_fit504_val126,ols,textcore,504,cap_spread_bp,27.380983674091024,15.363122103686162,1.7822538602047135,0.07470784318686695,-2.7301823392250846,57.492149687407135,2266,2266,0,9,raw,10,f_cumret10,3027488
ridge_textcore_raw_fit504_val126,ridge,textcore,504,rank_ic,0.06720913306686759,0.005559200021741789,12.089713052960064,1.1970407006430678e-33,0.0563133012413994,0.07810496489233577,2266,2266,0,9,raw,10,f_cumret10,3027488
ridge_textcore_raw_fit504_val126,ridge,textcore,504,ew_spread_bp,116.56754646120547,28.57571184004354,4.079252587431882,4.518072579642717e-05,60.560180422125335,172.5749125002856,2266,2266,0,9,raw,10,f_cumret10,3027488
ridge_textcore_raw_fit504_val126,ridge,textcore,504,cap_spread_bp,19.19342463476262,14.33676895538138,1.3387552449576354,0.18065036496075104,-8.906126172456819,47.292975441982065,2266,2266,0,9,raw,10,f_cumret10,3027488
lasso_textcore_raw_fit504_val126,lasso,textcore,504,rank_ic,0.06686575293755088,0.005445597487564373,12.278864365250325,1.176379219456638e-34,0.05619257798762291,0.07753892788747886,2266,2266,0,9,raw,10,f_cumret10,3027488
lasso_textcore_raw_fit504_val126,lasso,textcore,504,ew_spread_bp,125.66975659440088,29.961446392857596,4.194382171895374,2.736163336428102e-05,66.94640073967247,184.3931124491293,2266,2266,0,9,raw,10,f_cumret10,3027488
lasso_textcore_raw_fit504_val126,lasso,textcore,504,cap_spread_bp,17.646113010817057,15.441325960664265,1.1427848266249503,0.25312794016273854,-12.618329745628255,47.910555767262366,2266,2266,0,9,raw,10,f_cumret10,3027488
enet_textcore_raw_fit504_val126,enet,textcore,504,rank_ic,0.06687265798861954,0.005450309510533722,12.269515677848363,1.3204078837026153e-34,0.05619024764337731,0.07755506833386176,2266,2266,0,9,raw,10,f_cumret10,3027488
enet_textcore_raw_fit504_val126,enet,textcore,504,ew_spread_bp,125.44155574991785,29.96660044773031,4.186045593283801,2.838563546331559e-05,66.70809813326458,184.17501336657114,2266,2266,0,9,raw,10,f_cumret10,3027488
enet_textcore_raw_fit504_val126,enet,textcore,504,cap_spread_bp,16.562865780396315,15.499199337530143,1.0686271864566954,0.28523769323671067,-13.815006710369829,46.94073827116246,2266,2266,0,9,raw,10,f_cumret10,3027488
ols_textall_raw_fit504_val126,ols,textall,504,rank_ic,0.06384208888570318,0.004768509877569221,13.388268143474436,7.08127180393374e-41,0.05449598126574401,0.07318819650566236,2266,2266,0,9,raw,10,f_cumret10,3027488
ols_textall_raw_fit504_val126,ols,textall,504,ew_spread_bp,135.39607710795931,28.004099491674072,4.834866307635211,1.3323514841528339e-06,80.50905068480171,190.28310353111692,2266,2266,0,9,raw,10,f_cumret10,3027488
ols_textall_raw_fit504_val126,ols,textall,504,cap_spread_bp,29.41770622180821,12.370879290500712,2.377980217169957,0.0174077598101391,5.171228355334399,53.66418408828202,2266,2266,0,9,raw,10,f_cumret10,3027488
ridge_textall_raw_fit504_val126,ridge,textall,504,rank_ic,0.06870375930913797,0.005344054993440392,12.856110087465233,7.947665532362013e-38,0.05822960399059336,0.07917791462768257,2266,2266,0,9,raw,10,f_cumret10,3027488
ridge_textall_raw_fit504_val126,ridge,textall,504,ew_spread_bp,151.09980112768739,30.04591766666476,5.02896276306212,4.931401369277217e-07,92.21088461856871,209.98871763680606,2266,2266,0,9,raw,10,f_cumret10,3027488
ridge_textall_raw_fit504_val126,ridge,textall,504,cap_spread_bp,20.345536377910037,14.449141288160803,1.4080792742043824,0.1591075973967233,-7.97426015441582,48.66533291023589,2266,2266,0,9,raw,10,f_cumret10,3027488
lasso_textall_raw_fit504_val126,lasso,textall,504,rank_ic,0.06541047523478861,0.005001839362805633,13.077284272899671,4.440221586923456e-39,0.055607050227234806,0.07521390024234242,2266,2266,0,9,raw,10,f_cumret10,3027488
lasso_textall_raw_fit504_val126,lasso,textall,504,ew_spread_bp,144.02856657221037,28.956695140044797,4.97392972076535,6.560910294688604e-07,87.27448698641655,200.78264615800418,2266,2266,0,9,raw,10,f_cumret10,3027488
lasso_textall_raw_fit504_val126,lasso,textall,504,cap_spread_bp,25.41578086093431,13.36793881983784,1.901249040967904,0.057269400337346246,-0.7848977734827329,51.61645949535135,2266,2266,0,9,raw,10,f_cumret10,3027488
enet_textall_raw_fit504_val126,enet,textall,504,rank_ic,0.06534785801045068,0.005001909547911528,13.064582112992364,5.247197349453681e-39,0.05554429544261706,0.07515142057828429,2266,2266,0,9,raw,10,f_cumret10,3027488
enet_textall_raw_fit504_val126,enet,textall,504,ew_spread_bp,143.47062725987305,28.990386910318126,4.948903500449994,7.463273567295401e-07,86.6505130177681,200.290741501978,2266,2266,0,9,raw,10,f_cumret10,3027488
enet_textall_raw_fit504_val126,enet,textall,504,cap_spread_bp,26.479082733616934,13.373509872773736,1.9799650940942577,0.04770745106547103,0.2674850360895711,52.6906804311443,2266,2266,0,9,raw,10,f_cumret10,3027488
ols_core_raw_fit504_val126,ols,core,504,rank_ic,0.06736172541004831,0.007424428793048876,9.07298423726762,1.15801043122689e-19,0.05281011236989033,0.08191333845020629,2266,2266,0,20,raw,21,f_cumret21,3020813
ols_core_raw_fit504_val126,ols,core,504,ew_spread_bp,206.71853450757087,61.37463893138969,3.3681425765886814,0.0007567644981190171,86.4264526378972,327.01061637724456,2266,2266,0,20,raw,21,f_cumret21,3020813
ols_core_raw_fit504_val126,ols,core,504,cap_spread_bp,-45.86491608029617,26.56509600272693,-1.7265104585200106,0.08425561942345502,-97.93154749148991,6.201715330897564,2266,2266,0,20,raw,21,f_cumret21,3020813
ridge_core_raw_fit504_val126,ridge,core,504,rank_ic,0.06696414897211123,0.007412848839251709,9.033524144931969,1.662302861319682e-19,0.05243523222433833,0.08149306571988411,2266,2266,0,20,raw,21,f_cumret21,3020813
ridge_core_raw_fit504_val126,ridge,core,504,ew_spread_bp,211.08536900155315,60.34544094962004,3.4979505606360513,0.00046884803586965166,92.81047810910931,329.36025989399695,2266,2266,0,20,raw,21,f_cumret21,3020813
ridge_core_raw_fit504_val126,ridge,core,504,cap_spread_bp,-46.102604011936556,26.023971809458303,-1.771543727048642,0.07647032795623424,-97.1086514931605,4.903443469287382,2266,2266,0,20,raw,21,f_cumret21,3020813
lasso_core_raw_fit504_val126,lasso,core,504,rank_ic,0.06834051047417372,0.007441976813441099,9.183112523374515,4.188073373617809e-20,0.053754503946047014,0.08292651700230043,2266,2266,0,20,raw,21,f_cumret21,3020813
lasso_core_raw_fit504_val126,lasso,core,504,ew_spread_bp,219.1666316359768,60.448712344561166,3.6256625349885754,0.00028822154504683315,100.68933252881516,337.64393074313847,2266,2266,0,20,raw,21,f_cumret21,3020813
lasso_core_raw_fit504_val126,lasso,core,504,cap_spread_bp,-47.37332881493962,26.220611790691475,-1.8067209565170224,0.07080579847328337,-98.7647835773012,4.018125947421964,2266,2266,0,20,raw,21,f_cumret21,3020813
enet_core_raw_fit504_val126,enet,core,504,rank_ic,0.06834077498778428,0.007441942266328628,9.18319069700324,4.1850330898257305e-20,0.05375483617075378,0.08292671380481478,2266,2266,0,20,raw,21,f_cumret21,3020813
enet_core_raw_fit504_val126,enet,core,504,ew_spread_bp,219.1243162401672,60.447008914800605,3.625064666955159,0.00028888915462393894,100.65035579398642,337.59827668634796,2266,2266,0,20,raw,21,f_cumret21,3020813
enet_core_raw_fit504_val126,enet,core,504,cap_spread_bp,-47.39493765044456,26.218767439038842,-1.8076722241288554,0.07065753003572364,-98.78277754999216,3.9929022491030395,2266,2266,0,20,raw,21,f_cumret21,3020813
ols_all_raw_fit504_val126,ols,all,504,rank_ic,0.06253839186987292,0.006537753891169226,9.565730510955104,1.1141185734987645e-21,0.04972462970339464,0.0753521540363512,2266,2266,0,20,raw,21,f_cumret21,3020813
ols_all_raw_fit504_val126,ols,all,504,ew_spread_bp,198.54749462178097,57.580512190158124,3.448171735014845,0.0005643950566559803,85.6917645177015,311.40322472586047,2266,2266,0,20,raw,21,f_cumret21,3020813
ols_all_raw_fit504_val126,ols,all,504,cap_spread_bp,-20.508599073433132,24.960606160399422,-0.8216386630053278,0.41128257785174016,-69.4304881801046,28.41329003323834,2266,2266,0,20,raw,21,f_cumret21,3020813
ridge_all_raw_fit504_val126,ridge,all,504,rank_ic,0.06696594574893838,0.0068015593494074695,9.845675426587617,7.155695726149435e-23,0.05363513438538806,0.08029675711248871,2266,2266,0,20,raw,21,f_cumret21,3020813
ridge_all_raw_fit504_val126,ridge,all,504,ew_spread_bp,216.60354807273168,59.872921792802934,3.617721360288929,0.0002972081101276849,99.2547777096546,333.95231843580876,2266,2266,0,20,raw,21,f_cumret21,3020813
ridge_all_raw_fit504_val126,ridge,all,504,cap_spread_bp,-27.253435768025824,25.623865304547675,-1.0635958097699232,0.28751184144891107,-77.47528890964473,22.968417373593084,2266,2266,0,20,raw,21,f_cumret21,3020813
lasso_all_raw_fit504_val126,lasso,all,504,rank_ic,0.06543535505366813,0.006767602247649057,9.66891266052156,4.0869715448071546e-22,0.05217109838658365,0.0786996117207526,2266,2266,0,20,raw,21,f_cumret21,3020813
lasso_all_raw_fit504_val126,lasso,all,504,ew_spread_bp,208.67998748334216,57.467688601093144,3.631257713040727,0.00028204336631556333,96.0453875504366,321.3145874162477,2266,2266,0,20,raw,21,f_cumret21,3020813
lasso_all_raw_fit504_val126,lasso,all,504,cap_spread_bp,-29.149677844374317,25.70147650489498,-1.13416355044126,0.25672595028314826,-79.52364614347087,21.22429045472223,2266,2266,0,20,raw,21,f_cumret21,3020813
enet_all_raw_fit504_val126,enet,all,504,rank_ic,0.06544116542706138,0.006770187874981167,9.666078199822989,4.201718508443946e-22,0.05217184102352854,0.07871048983059423,2266,2266,0,20,raw,21,f_cumret21,3020813
enet_all_raw_fit504_val126,enet,all,504,ew_spread_bp,208.17251586293105,57.506745048359505,3.6199669393194007,0.00029464065962170224,95.46136670001933,320.8836650258428,2266,2266,0,20,raw,21,f_cumret21,3020813
enet_all_raw_fit504_val126,enet,all,504,cap_spread_bp,-29.303178219151395,25.75725949941107,-1.1376667700157077,0.25525965413472607,-79.78647917844927,21.180122740146484,2266,2266,0,20,raw,21,f_cumret21,3020813
ols_textcore_raw_fit504_val126,ols,textcore,504,rank_ic,0.07894250664007436,0.007656959879301023,10.309902087051388,6.356604964149601e-25,0.0639351410455762,0.09394987223457253,2266,2266,0,20,raw,21,f_cumret21,3020813
ols_textcore_raw_fit504_val126,ols,textcore,504,ew_spread_bp,190.63207052706116,66.45008325460311,2.8688010787985845,0.004120308412411248,60.39230057835093,320.87184047577136,2266,2266,0,20,raw,21,f_cumret21,3020813
ols_textcore_raw_fit504_val126,ols,textcore,504,cap_spread_bp,45.7628037827581,33.009632629139574,1.3863469580803678,0.16564098454192566,-18.934887313253682,110.46049487876988,2266,2266,0,20,raw,21,f_cumret21,3020813
ridge_textcore_raw_fit504_val126,ridge,textcore,504,rank_ic,0.0823447060543857,0.008152286073545267,10.100811638786814,5.478685143309146e-24,0.06636651895856951,0.09832289315020187,2266,2266,0,20,raw,21,f_cumret21,3020813
ridge_textcore_raw_fit504_val126,ridge,textcore,504,ew_spread_bp,197.6285115784883,66.39341680026529,2.976628122228206,0.0029143728027978357,67.49980583941178,327.7572173175648,2266,2266,0,20,raw,21,f_cumret21,3020813
ridge_textcore_raw_fit504_val126,ridge,textcore,504,cap_spread_bp,27.84922733025444,30.663966509697953,0.9082069445075441,0.3637688957508961,-32.25104265189593,87.94949731240482,2266,2266,0,20,raw,21,f_cumret21,3020813
lasso_textcore_raw_fit504_val126,lasso,textcore,504,rank_ic,0.08209836935786549,0.008012219883902183,10.246644568855892,1.225232404932422e-24,0.06639470694920152,0.09780203176652946,2266,2266,0,20,raw,21,f_cumret21,3020813
lasso_textcore_raw_fit504_val126,lasso,textcore,504,ew_spread_bp,215.0258846288595,69.2150725404132,3.1066338116356156,0.0018923064451802493,79.36683526232235,350.68493399539665,2266,2266,0,20,raw,21,f_cumret21,3020813
lasso_textcore_raw_fit504_val126,lasso,textcore,504,cap_spread_bp,31.693176153133525,34.01068057527464,0.9318595105142967,0.3514091348589595,-34.966532864100785,98.35288517036783,2266,2266,0,20,raw,21,f_cumret21,3020813
enet_textcore_raw_fit504_val126,enet,textcore,504,rank_ic,0.08203151708084733,0.00801679406883779,10.232459057382222,1.4187042304489857e-24,0.06631888943445094,0.09774414472724371,2266,2266,0,20,raw,21,f_cumret21,3020813
enet_textcore_raw_fit504_val126,enet,textcore,504,ew_spread_bp,213.84046167476515,69.21279620011308,3.089608763334659,0.0020042030976576263,78.1858738532328,349.4950494962975,2266,2266,0,20,raw,21,f_cumret21,3020813
enet_textcore_raw_fit504_val126,enet,textcore,504,cap_spread_bp,29.62648965372242,34.14265585308018,0.8677265699894189,0.38554403679051275,-37.29188615486041,96.54486546230524,2266,2266,0,20,raw,21,f_cumret21,3020813
ols_textall_raw_fit504_val126,ols,textall,504,rank_ic,0.07642160500990412,0.007064494165559545,10.817703747632882,2.837986701755696e-27,0.06257545087641407,0.09026775914339417,2266,2266,0,20,raw,21,f_cumret21,3020813
ols_textall_raw_fit504_val126,ols,textall,504,ew_spread_bp,218.10558879879218,65.4845461793497,3.3306421365652055,0.0008664591537839499,89.75823674331676,346.4529408542676,2266,2266,0,20,raw,21,f_cumret21,3020813
ols_textall_raw_fit504_val126,ols,textall,504,cap_spread_bp,35.04213607688171,27.25989759468641,1.2854830417159102,0.19862353901522534,-18.3862814309537,88.47055358471712,2266,2266,0,20,raw,21,f_cumret21,3020813
ridge_textall_raw_fit504_val126,ridge,textall,504,rank_ic,0.08393350134728625,0.007802781450997658,10.75686944128809,5.5007169695133496e-27,0.06864033072409366,0.09922667197047884,2266,2266,0,20,raw,21,f_cumret21,3020813
ridge_textall_raw_fit504_val126,ridge,textall,504,ew_spread_bp,248.54158099519995,69.71457189859935,3.5651309938000706,0.00036367450470381116,111.90353087631709,385.1796311140828,2266,2266,0,20,raw,21,f_cumret21,3020813
ridge_textall_raw_fit504_val126,ridge,textall,504,cap_spread_bp,14.438348119056865,31.77616676135626,0.45437664736250305,0.6495577574970683,-47.841794299940176,76.71849053805391,2266,2266,0,20,raw,21,f_cumret21,3020813
lasso_textall_raw_fit504_val126,lasso,textall,504,rank_ic,0.07923812830082116,0.00739419799421927,10.716257309145488,8.538905403616517e-27,0.06474576653759309,0.09373049006404924,2266,2266,0,20,raw,21,f_cumret21,3020813
lasso_textall_raw_fit504_val126,lasso,textall,504,ew_spread_bp,236.83507419191193,67.26979711366403,3.520674721104597,0.0004304503014012389,104.98869460181396,368.6814537820099,2266,2266,0,20,raw,21,f_cumret21,3020813
lasso_textall_raw_fit504_val126,lasso,textall,504,cap_spread_bp,21.159843563502783,27.780313766317477,0.7616848298221257,0.44624813157147036,-33.28857089770173,75.6082580247073,2266,2266,0,20,raw,21,f_cumret21,3020813
enet_textall_raw_fit504_val126,enet,textall,504,rank_ic,0.07918722493056628,0.007400135379334697,10.700780576487986,1.0092441842154336e-26,0.06468322610634962,0.09369122375478293,2266,2266,0,20,raw,21,f_cumret21,3020813
enet_textall_raw_fit504_val126,enet,textall,504,ew_spread_bp,236.00334392358383,67.3164824241522,3.5058775417966457,0.0004551045537756127,104.06546280632196,367.94122504084567,2266,2266,0,20,raw,21,f_cumret21,3020813
enet_textall_raw_fit504_val126,enet,textall,504,cap_spread_bp,21.835086515405383,27.771844828397622,0.7862310426377686,0.4317321428094576,-32.59672913248892,76.26690216329968,2266,2266,0,20,raw,21,f_cumret21,3020813
ols_core_raw_fit504_val126,ols,core,504,rank_ic,0.08006849903706127,0.010424849291142594,7.680542595957809,1.5841616017678194e-14,0.05963616988216387,0.10050082819195867,2266,2266,0,41,raw,42,f_cumret42,3007314
ols_core_raw_fit504_val126,ols,core,504,ew_spread_bp,324.948023605706,132.13616653556537,2.4591906373963406,0.013925065279598171,65.96589614081114,583.9301510706009,2266,2266,0,41,raw,42,f_cumret42,3007314
ols_core_raw_fit504_val126,ols,core,504,cap_spread_bp,-104.41792584162411,55.266709273044206,-1.8893458144169428,0.05884550639186288,-212.7386855608366,3.902833877588364,2266,2266,0,41,raw,42,f_cumret42,3007314
ridge_core_raw_fit504_val126,ridge,core,504,rank_ic,0.07945669169769003,0.010372400982405577,7.660395296370653,1.8536165640956953e-14,0.05912715933896722,0.09978622405641283,2266,2266,0,41,raw,42,f_cumret42,3007314
ridge_core_raw_fit504_val126,ridge,core,504,ew_spread_bp,326.3320564337391,129.46700169004308,2.5205809370252554,0.011716129044664554,72.5813959348684,580.0827169326099,2266,2266,0,41,raw,42,f_cumret42,3007314
ridge_core_raw_fit504_val126,ridge,core,504,cap_spread_bp,-104.15864211159747,54.11817791356819,-1.924651681325055,0.0542729491774293,-210.22832173112215,1.9110375079271904,2266,2266,0,41,raw,42,f_cumret42,3007314
lasso_core_raw_fit504_val126,lasso,core,504,rank_ic,0.08099427368289708,0.01041442627920539,7.777122955358502,7.419248923610445e-15,0.06058237325600703,0.10140617410978713,2266,2266,0,41,raw,42,f_cumret42,3007314
lasso_core_raw_fit504_val126,lasso,core,504,ew_spread_bp,337.1940263986268,129.75347191592755,2.5987283532351895,0.009356978687398529,82.88189457437946,591.5061582228742,2266,2266,0,41,raw,42,f_cumret42,3007314
lasso_core_raw_fit504_val126,lasso,core,504,cap_spread_bp,-108.56448979797763,54.20927435154492,-2.002692179458839,0.045210338736035256,-214.81271515505657,-2.316264440898692,2266,2266,0,41,raw,42,f_cumret42,3007314
enet_core_raw_fit504_val126,enet,core,504,rank_ic,0.0809952111287929,0.010414325578225324,7.77728817103057,7.40956934499697e-15,0.06058350807219699,0.10140691418538882,2266,2266,0,41,raw,42,f_cumret42,3007314
enet_core_raw_fit504_val126,enet,core,504,ew_spread_bp,337.1897989796118,129.75210471245762,2.5987231554112733,0.009357120359637535,82.88034682492503,591.4992511342986,2266,2266,0,41,raw,42,f_cumret42,3007314
enet_core_raw_fit504_val126,enet,core,504,cap_spread_bp,-108.57876184806436,54.207207721750436,-2.003031818303704,0.045173873352998294,-214.82293668517673,-2.334587010951992,2266,2266,0,41,raw,42,f_cumret42,3007314
ols_all_raw_fit504_val126,ols,all,504,rank_ic,0.07422012522758542,0.00923876179630939,8.033557619943632,9.46861563398906e-16,0.056112484845074445,0.0923277656100964,2266,2266,0,41,raw,42,f_cumret42,3007314
ols_all_raw_fit504_val126,ols,all,504,ew_spread_bp,303.940824299031,127.87453491294427,2.3768674858207772,0.01746035947505335,53.31134132985051,554.5703072682115,2266,2266,0,41,raw,42,f_cumret42,3007314
ols_all_raw_fit504_val126,ols,all,504,cap_spread_bp,-44.21996794016761,50.56053053033217,-0.8745946190900677,0.3817945166285174,-143.31678681885649,54.87685093852129,2266,2266,0,41,raw,42,f_cumret42,3007314
ridge_all_raw_fit504_val126,ridge,all,504,rank_ic,0.0800485893849059,0.009499279470173117,8.42680643687253,3.552267392788786e-17,0.06143034374428587,0.09866683502552594,2266,2266,0,41,raw,42,f_cumret42,3007314
ridge_all_raw_fit504_val126,ridge,all,504,ew_spread_bp,333.0780829919037,131.04141690451132,2.5417771790014654,0.011029045888504018,76.24162537596334,589.9145406078442,2266,2266,0,41,raw,42,f_cumret42,3007314
ridge_all_raw_fit504_val126,ridge,all,504,cap_spread_bp,-63.21228094580259,52.734793799650376,-1.1986826228231442,0.2306513774700668,-166.57057752526347,40.146015633658294,2266,2266,0,41,raw,42,f_cumret42,3007314
lasso_all_raw_fit504_val126,lasso,all,504,rank_ic,0.07852787650006421,0.009556299444294767,8.217393872786852,2.0797314112146944e-16,0.05979787376376633,0.09725787923636209,2266,2266,0,41,raw,42,f_cumret42,3007314
lasso_all_raw_fit504_val126,lasso,all,504,ew_spread_bp,324.8896356506051,126.52373111359715,2.567815798594404,0.010234152255626874,76.90767947832481,572.8715918228854,2266,2266,0,41,raw,42,f_cumret42,3007314
lasso_all_raw_fit504_val126,lasso,all,504,cap_spread_bp,-64.93886650120052,52.98340353787585,-1.2256454316827374,0.22033213332542512,-168.78442921378928,38.90669621138822,2266,2266,0,41,raw,42,f_cumret42,3007314
enet_all_raw_fit504_val126,enet,all,504,rank_ic,0.07844214066148521,0.009546917098645904,8.216489139997991,2.0954743652820596e-16,0.05973052698474961,0.09715375433822081,2266,2266,0,41,raw,42,f_cumret42,3007314
enet_all_raw_fit504_val126,enet,all,504,ew_spread_bp,323.1520845327329,126.48240652730091,2.5549172679836807,0.010621303958193513,75.25112306126925,571.0530460041965,2266,2266,0,41,raw,42,f_cumret42,3007314
enet_all_raw_fit504_val126,enet,all,504,cap_spread_bp,-65.17098313008837,53.00556470529601,-1.2295120991999706,0.21887986429790318,-169.059980932676,38.71801467249925,2266,2266,0,41,raw,42,f_cumret42,3007314
ols_textcore_raw_fit504_val126,ols,textcore,504,rank_ic,0.09540023156463467,0.010426316898712627,9.149945516850162,5.696226924116782e-20,0.07496502595175658,0.11583543717751277,2266,2266,0,41,raw,42,f_cumret42,3007314
ols_textcore_raw_fit504_val126,ols,textcore,504,ew_spread_bp,311.82246214413425,148.54404816237383,2.0991918962870892,0.03579998808408361,20.681477628098378,602.9634466601701,2266,2266,0,41,raw,42,f_cumret42,3007314
ols_textcore_raw_fit504_val126,ols,textcore,504,cap_spread_bp,92.90840035097291,60.08850085397122,1.5461926829687687,0.12205804011858386,-24.862897207814953,210.67969790976076,2266,2266,0,41,raw,42,f_cumret42,3007314
ridge_textcore_raw_fit504_val126,ridge,textcore,504,rank_ic,0.0995423553936341,0.011115370609669608,8.955378897311718,3.385708385010703e-19,0.07775662932386665,0.12132808146340154,2266,2266,0,41,raw,42,f_cumret42,3007314
ridge_textcore_raw_fit504_val126,ridge,textcore,504,ew_spread_bp,325.3394979924369,148.7055565483187,2.187809961806806,0.028683447947637792,33.88196285674786,616.797033128126,2266,2266,0,41,raw,42,f_cumret42,3007314
ridge_textcore_raw_fit504_val126,ridge,textcore,504,cap_spread_bp,59.136308819355996,55.75312160068864,1.0606815747985952,0.2888346361968682,-50.137801543675856,168.41041918238784,2266,2266,0,41,raw,42,f_cumret42,3007314
lasso_textcore_raw_fit504_val126,lasso,textcore,504,rank_ic,0.09902521230918687,0.010741316947078331,9.219094157362335,2.996206096429412e-20,0.07797261794638362,0.12007780667199013,2266,2266,0,41,raw,42,f_cumret42,3007314
lasso_textcore_raw_fit504_val126,lasso,textcore,504,ew_spread_bp,351.5391336617728,151.03451581617583,2.327541699737239,0.01993645227558015,55.516922239623,647.5613450839226,2266,2266,0,41,raw,42,f_cumret42,3007314
lasso_textcore_raw_fit504_val126,lasso,textcore,504,cap_spread_bp,59.33413156714353,64.3323351729715,0.9223065105224424,0.35636871902273215,-66.75492841323995,185.423191547527,2266,2266,0,41,raw,42,f_cumret42,3007314
enet_textcore_raw_fit504_val126,enet,textcore,504,rank_ic,0.09897095911915482,0.010737311164255638,9.21748076451652,3.041621306765082e-20,0.07792621594641394,0.1200157022918957,2266,2266,0,41,raw,42,f_cumret42,3007314
enet_textcore_raw_fit504_val126,enet,textcore,504,ew_spread_bp,350.0838894009421,151.0205996516823,2.3181201121461865,0.02044279415046856,54.088953160002575,646.0788256418816,2266,2266,0,41,raw,42,f_cumret42,3007314
enet_textcore_raw_fit504_val126,enet,textcore,504,cap_spread_bp,55.22227742056164,64.34063292105449,0.8582799844123229,0.39073787899146184,-70.8830458472173,181.32760068834057,2266,2266,0,41,raw,42,f_cumret42,3007314
ols_textall_raw_fit504_val126,ols,textall,504,rank_ic,0.09220004692712144,0.009659592113190675,9.544921343129745,1.3621092668434186e-21,0.07326759427992056,0.11113249957432232,2266,2266,0,41,raw,42,f_cumret42,3007314
ols_textall_raw_fit504_val126,ols,textall,504,ew_spread_bp,344.2378537536264,148.42414814800048,2.319284685470259,0.020379605257532372,53.3318689475081,635.1438385597446,2266,2266,0,41,raw,42,f_cumret42,3007314
ols_textall_raw_fit504_val126,ols,textall,504,cap_spread_bp,57.38677999035363,50.24386032691864,1.1421650250788573,0.2533854308398342,-41.08937669466778,155.86293667537504,2266,2266,0,41,raw,42,f_cumret42,3007314
ridge_textall_raw_fit504_val126,ridge,textall,504,rank_ic,0.10092922935853008,0.010521868544232893,9.59232943599643,8.61183523334185e-22,0.08030674596176872,0.12155171275529143,2266,2266,0,41,raw,42,f_cumret42,3007314
ridge_textall_raw_fit504_val126,ridge,textall,504,ew_spread_bp,405.83977754535647,155.37199595414805,2.612052288142866,0.009000048784152085,101.31626126912329,710.3632938215897,2266,2266,0,41,raw,42,f_cumret42,3007314
ridge_textall_raw_fit504_val126,ridge,textall,504,cap_spread_bp,-6.18160758619971,58.7136720353927,-0.10528395468901054,0.9161504945130425,-121.25829017566592,108.89507500326651,2266,2266,0,41,raw,42,f_cumret42,3007314
lasso_textall_raw_fit504_val126,lasso,textall,504,rank_ic,0.09543450485487244,0.009957443103422182,9.584238028141323,9.314260507163016e-22,0.07591827499405822,0.11495073471568666,2266,2266,0,41,raw,42,f_cumret42,3007314
lasso_textall_raw_fit504_val126,lasso,textall,504,ew_spread_bp,371.11341089444056,150.80744908655294,2.4608427046693655,0.01386111212305319,75.53624208443892,666.6905797044421,2266,2266,0,41,raw,42,f_cumret42,3007314
lasso_textall_raw_fit504_val126,lasso,textall,504,cap_spread_bp,33.34537151764157,51.75795591796913,0.6442559588421622,0.5194094693327864,-68.09835799498967,134.7891010302728,2266,2266,0,41,raw,42,f_cumret42,3007314
enet_textall_raw_fit504_val126,enet,textall,504,rank_ic,0.09538187471465273,0.009961546727444807,9.575006504950533,1.0185089529558363e-21,0.07585760189854807,0.1149061475307574,2266,2266,0,41,raw,42,f_cumret42,3007314
enet_textall_raw_fit504_val126,enet,textall,504,ew_spread_bp,370.632625859967,150.92734801493026,2.4557022351131668,0.014060961134645627,74.82045946856084,666.4447922513732,2266,2266,0,41,raw,42,f_cumret42,3007314
enet_textall_raw_fit504_val126,enet,textall,504,cap_spread_bp,32.27543209290367,51.81182717349368,0.6229356085981735,0.5333268369536105,-69.27388314035765,133.82474732616498,2266,2266,0,41,raw,42,f_cumret42,3007314
ols_core_raw_fit504_val126,ols,core,504,rank_ic,0.09089263358997228,0.012571106780145561,7.230280927493627,4.819959281138759e-13,0.0662537170550797,0.11553155012486487,2266,2266,0,62,raw,63,f_cumret63,2993214
ols_core_raw_fit504_val126,ols,core,504,ew_spread_bp,412.2587602634273,204.52890472361202,2.015650359153533,0.04383654986168792,11.389473207723597,813.1280473191309,2266,2266,0,62,raw,63,f_cumret63,2993214
ols_core_raw_fit504_val126,ols,core,504,cap_spread_bp,-177.9432184101589,85.91936509818083,-2.071049037743954,0.038354213634185993,-346.342079577141,-9.544357243176734,2266,2266,0,62,raw,63,f_cumret63,2993214
ridge_core_raw_fit504_val126,ridge,core,504,rank_ic,0.09019199377925695,0.012563961565003244,7.178627004915838,7.041496072825706e-13,0.0655670816087051,0.1148169059498088,2266,2266,0,62,raw,63,f_cumret63,2993214
ridge_core_raw_fit504_val126,ridge,core,504,ew_spread_bp,415.31980576512797,200.9133280798911,2.067159056764917,0.03871916878948793,21.53691871446148,809.1026928157944,2266,2266,0,62,raw,63,f_cumret63,2993214
ridge_core_raw_fit504_val126,ridge,core,504,cap_spread_bp,-175.7882989392691,83.8859954442422,-2.095561935080249,0.03612106887952256,-340.2018288172749,-11.37476906126335,2266,2266,0,62,raw,63,f_cumret63,2993214
lasso_core_raw_fit504_val126,lasso,core,504,rank_ic,0.09213737736890384,0.012594180801837458,7.315869036552282,2.557209722894632e-13,0.06745323658251665,0.11682151815529104,2266,2266,0,62,raw,63,f_cumret63,2993214
lasso_core_raw_fit504_val126,lasso,core,504,ew_spread_bp,431.18092344647687,200.92586375193792,2.145970236956705,0.03187535334567325,37.373466930076574,824.9883799628772,2266,2266,0,62,raw,63,f_cumret63,2993214
lasso_core_raw_fit504_val126,lasso,core,504,cap_spread_bp,-179.5697545665704,84.38087234936653,-2.1280860172088336,0.03332995243008627,-344.9532253554005,-14.1862837777403,2266,2266,0,62,raw,63,f_cumret63,2993214
enet_core_raw_fit504_val126,enet,core,504,rank_ic,0.09213772506078376,0.01259406542001625,7.315963669233097,2.5554079944788127e-13,0.0674538104186106,0.11682163970295692,2266,2266,0,62,raw,63,f_cumret63,2993214
enet_core_raw_fit504_val126,enet,core,504,ew_spread_bp,431.22609006843777,200.92118768305298,2.146244978148764,0.0318534388293763,37.42779847864125,825.0243816582342,2266,2266,0,62,raw,63,f_cumret63,2993214
enet_core_raw_fit504_val126,enet,core,504,cap_spread_bp,-179.58526203019468,84.37643028049919,-2.1283818411514366,0.033305437475553486,-344.96002652402797,-14.21049753636143,2266,2266,0,62,raw,63,f_cumret63,2993214
ols_all_raw_fit504_val126,ols,all,504,rank_ic,0.0837644343263243,0.01095402240688062,7.646910989857827,2.058647205541593e-14,0.06229494492299353,0.10523392372965507,2266,2266,0,62,raw,63,f_cumret63,2993214
ols_all_raw_fit504_val126,ols,all,504,ew_spread_bp,392.9378631995974,201.7156981067468,1.9479786000178179,0.051417523818265844,-2.4176402059806605,788.2933666051755,2266,2266,0,62,raw,63,f_cumret63,2993214
ols_all_raw_fit504_val126,ols,all,504,cap_spread_bp,-90.10849676261753,77.73901877432931,-1.1591154375667632,0.2464091340941328,-242.4741737537861,62.25718022855102,2266,2266,0,62,raw,63,f_cumret63,2993214
ridge_all_raw_fit504_val126,ridge,all,504,rank_ic,0.09035841323879633,0.011293990393338208,8.000574650045257,1.2383988661255175e-15,0.06822259882611209,0.11249422765148057,2266,2266,0,62,raw,63,f_cumret63,2993214
ridge_all_raw_fit504_val126,ridge,all,504,ew_spread_bp,428.97448282165567,202.64838145889325,2.116841396577708,0.034273310709015674,31.790953636890436,826.1580120064209,2266,2266,0,62,raw,63,f_cumret63,2993214
ridge_all_raw_fit504_val126,ridge,all,504,cap_spread_bp,-122.05212066878597,80.98871574593288,-1.5070262510603551,0.1318039285779254,-280.78708668496637,36.682845347394434,2266,2266,0,62,raw,63,f_cumret63,2993214
lasso_all_raw_fit504_val126,lasso,all,504,rank_ic,0.08887257559308995,0.011573781131841527,7.678784882892394,1.606046644142592e-14,0.06618838140973132,0.11155676977644857,2266,2266,0,62,raw,63,f_cumret63,2993214
lasso_all_raw_fit504_val126,lasso,all,504,ew_spread_bp,417.8086794000718,197.31548638878115,2.1174652179953135,0.03422038422914862,31.07743248605749,804.5399263140862,2266,2266,0,62,raw,63,f_cumret63,2993214
lasso_all_raw_fit504_val126,lasso,all,504,cap_spread_bp,-116.74486918043421,82.27720658515634,-1.4189211572175107,0.1559220033168867,-278.0052308359024,44.51549247503398,2266,2266,0,62,raw,63,f_cumret63,2993214
enet_all_raw_fit504_val126,enet,all,504,rank_ic,0.088722207564389,0.011554957287976803,7.678280875750747,1.6123766561448644e-14,0.06607490743705585,0.11136950769172216,2266,2266,0,62,raw,63,f_cumret63,2993214
enet_all_raw_fit504_val126,enet,all,504,ew_spread_bp,414.22522859441557,197.19162733115152,2.100622801285529,0.035674090860203005,27.736740972514383,800.7137162163167,2266,2266,0,62,raw,63,f_cumret63,2993214
enet_all_raw_fit504_val126,enet,all,504,cap_spread_bp,-118.13313367972563,82.33919764995305,-1.4347131991975755,0.15136884138639176,-279.5149955895587,43.24872823010739,2266,2266,0,62,raw,63,f_cumret63,2993214
ols_textcore_raw_fit504_val126,ols,textcore,504,rank_ic,0.10849746416154533,0.012253994879323908,8.854048433185854,8.4400735136303575e-19,0.08448007553133223,0.13251485279175845,2266,2266,0,62,raw,63,f_cumret63,2993214
ols_textcore_raw_fit504_val126,ols,textcore,504,ew_spread_bp,405.86265602152855,234.04648003855095,1.7341113438436542,0.08289832914433302,-52.86001556240399,864.5853276054611,2266,2266,0,62,raw,63,f_cumret63,2993214
ols_textcore_raw_fit504_val126,ols,textcore,504,cap_spread_bp,136.37779706635013,79.289076657601,1.72000738078057,0.08543109995747622,-19.025937549983325,291.7815316826836,2266,2266,0,62,raw,63,f_cumret63,2993214
ridge_textcore_raw_fit504_val126,ridge,textcore,504,rank_ic,0.1146589711316164,0.01306033794341095,8.77917337425888,1.6468050620365543e-18,0.08906117913660902,0.14025676312662377,2266,2266,0,62,raw,63,f_cumret63,2993214
ridge_textcore_raw_fit504_val126,ridge,textcore,504,ew_spread_bp,424.3385665284335,235.41370212169193,1.8025228043399149,0.07146319014228893,-37.063811097323196,885.7409441541902,2266,2266,0,62,raw,63,f_cumret63,2993214
ridge_textcore_raw_fit504_val126,ridge,textcore,504,cap_spread_bp,85.61127998857744,73.52244111719558,1.1644237961592177,0.24425230871696513,-58.49005665659273,229.7126166337476,2266,2266,0,62,raw,63,f_cumret63,2993214
lasso_textcore_raw_fit504_val126,lasso,textcore,504,rank_ic,0.11313665610750916,0.012553307021364866,9.012498134153681,2.0141516457680841e-19,0.08853262645876023,0.13774068575625809,2266,2266,0,62,raw,63,f_cumret63,2993214
lasso_textcore_raw_fit504_val126,lasso,textcore,504,ew_spread_bp,460.68101563129426,235.7040012436793,1.9544895852447817,0.05064334534836617,-1.290337818301282,922.6523690808898,2266,2266,0,62,raw,63,f_cumret63,2993214
lasso_textcore_raw_fit504_val126,lasso,textcore,504,cap_spread_bp,77.27354143238959,81.93166871024309,0.9431461930266881,0.3456061309544628,-83.30957843295413,237.8566612977333,2266,2266,0,62,raw,63,f_cumret63,2993214
enet_textcore_raw_fit504_val126,enet,textcore,504,rank_ic,0.1130890501994666,0.01255413565497936,9.008111215893384,2.096357090191172e-19,0.0884833964586769,0.13769470394025632,2266,2266,0,62,raw,63,f_cumret63,2993214
enet_textcore_raw_fit504_val126,enet,textcore,504,ew_spread_bp,460.393450891674,235.52736306840038,1.9547344516312926,0.05061442147611225,-1.231698096079981,922.0185998794279,2266,2266,0,62,raw,63,f_cumret63,2993214
enet_textcore_raw_fit504_val126,enet,textcore,504,cap_spread_bp,73.69351485632222,81.71309831958182,0.9018568182068581,0.36713293258929836,-86.46121491523854,233.848244627883,2266,2266,0,62,raw,63,f_cumret63,2993214
ols_textall_raw_fit504_val126,ols,textall,504,rank_ic,0.10432560001331914,0.011293092173253144,9.238001285458967,2.511444944945384e-20,0.08219154607965182,0.12645965394698647,2266,2266,0,62,raw,63,f_cumret63,2993214
ols_textall_raw_fit504_val126,ols,textall,504,ew_spread_bp,448.9581442054799,237.7359331735945,1.8884740653725711,0.058962336397793184,-16.995722645786373,914.9120110567462,2266,2266,0,62,raw,63,f_cumret63,2993214
ols_textall_raw_fit504_val126,ols,textall,504,cap_spread_bp,68.96849145485271,66.48271396284039,1.0373898317899855,0.29955421522643466,-61.33523350679263,199.27221641649805,2266,2266,0,62,raw,63,f_cumret63,2993214
ridge_textall_raw_fit504_val126,ridge,textall,504,rank_ic,0.11479062317839342,0.012343945302789726,9.299346389071474,1.413116792046647e-20,0.09059693495779318,0.13898431139899364,2266,2266,0,62,raw,63,f_cumret63,2993214
ridge_textall_raw_fit504_val126,ridge,textall,504,ew_spread_bp,522.3458751975857,245.97290031149214,2.1235911538876993,0.03370434590021851,40.247849414200005,1004.4439009809713,2266,2266,0,62,raw,63,f_cumret63,2993214
ridge_textall_raw_fit504_val126,ridge,textall,504,cap_spread_bp,-29.221810012654373,81.53972312810316,-0.3583751439374571,0.7200625903121929,-189.03673065310426,130.5931106277955,2266,2266,0,62,raw,63,f_cumret63,2993214
lasso_textall_raw_fit504_val126,lasso,textall,504,rank_ic,0.10839940776126242,0.01148008746281807,9.442385183244337,3.64388495320834e-21,0.0858988497947692,0.13089996572775564,2266,2266,0,62,raw,63,f_cumret63,2993214
lasso_textall_raw_fit504_val126,lasso,textall,504,ew_spread_bp,479.74234450555883,239.31115298859024,2.004680260465887,0.044997240120093054,10.701103549167044,948.7835854619507,2266,2266,0,62,raw,63,f_cumret63,2993214
lasso_textall_raw_fit504_val126,lasso,textall,504,cap_spread_bp,36.68427788416034,70.7136607668274,0.5187721507605693,0.6039196406743217,-101.91195043380438,175.28050620212505,2266,2266,0,62,raw,63,f_cumret63,2993214
enet_textall_raw_fit504_val126,enet,textall,504,rank_ic,0.10824211652951418,0.011474704414534123,9.433107173759721,3.9811712211252754e-21,0.08575210914378453,0.13073212391524383,2266,2266,0,62,raw,63,f_cumret63,2993214
enet_textall_raw_fit504_val126,enet,textall,504,ew_spread_bp,480.0271213608836,239.32052006203168,2.005791735854748,0.04487847275203132,10.96752127790603,949.0867214438612,2266,2266,0,62,raw,63,f_cumret63,2993214
enet_textall_raw_fit504_val126,enet,textall,504,cap_spread_bp,35.30159127590753,70.62591860381143,0.4998390388936114,0.6171884196613792,-103.12266556262026,173.7258481144353,2266,2266,0,62,raw,63,f_cumret63,2993214
ols_core_dgtw_fit504_val126,ols,core,504,rank_ic,0.03929937500547826,0.0024903756279668126,15.780500967062135,4.238109389889789e-56,0.034418328466686986,0.04418042154426954,2266,2266,0,5,dgtw,3,ar_dgtw_3,2747782
ols_core_dgtw_fit504_val126,ols,core,504,ew_spread_bp,51.17452146085576,7.7333045681951775,6.617419630842113,3.65522819605579e-11,36.017523025714134,66.33151989599737,2266,2266,0,5,dgtw,3,ar_dgtw_3,2747782
ols_core_dgtw_fit504_val126,ols,core,504,cap_spread_bp,-0.20948465224979365,2.2583824606028666,-0.09275871377156929,0.9260952511799638,-4.63583293834836,4.216863633848773,2266,2266,0,5,dgtw,3,ar_dgtw_3,2747782
ridge_core_dgtw_fit504_val126,ridge,core,504,rank_ic,0.03924334787485351,0.0024701433534329207,15.887073039835702,7.788005681391126e-57,0.03440195586547399,0.044084739884233025,2266,2266,0,5,dgtw,3,ar_dgtw_3,2747782
ridge_core_dgtw_fit504_val126,ridge,core,504,ew_spread_bp,53.67738003543331,7.578967873522314,7.082412926298212,1.4166577700502266e-12,38.822875963343456,68.53188410752317,2266,2266,0,5,dgtw,3,ar_dgtw_3,2747782
ridge_core_dgtw_fit504_val126,ridge,core,504,cap_spread_bp,-0.07402851027411646,2.207393757722321,-0.033536613037495444,0.9732466692612685,-4.400440775108399,4.252383754560166,2266,2266,0,5,dgtw,3,ar_dgtw_3,2747782
lasso_core_dgtw_fit504_val126,lasso,core,504,rank_ic,0.039940036934637824,0.002500337764700008,15.973856611900535,1.943861820423347e-57,0.03503946496664043,0.04484060890263522,2266,2266,0,5,dgtw,3,ar_dgtw_3,2747782
lasso_core_dgtw_fit504_val126,lasso,core,504,ew_spread_bp,54.26487510949054,7.592671110008185,7.147007202506371,8.869022609196951e-13,39.38351318741674,69.14623703156434,2266,2266,0,5,dgtw,3,ar_dgtw_3,2747782
lasso_core_dgtw_fit504_val126,lasso,core,504,cap_spread_bp,-0.9623946202724176,2.2147579497402043,-0.43453715580310187,0.6638984194116528,-5.3032404362369885,3.3784511956921537,2266,2266,0,5,dgtw,3,ar_dgtw_3,2747782
enet_core_dgtw_fit504_val126,enet,core,504,rank_ic,0.039940272399376885,0.002500354991282233,15.973840730069572,1.9443569472860892e-57,0.03503966666789875,0.04484087813085502,2266,2266,0,5,dgtw,3,ar_dgtw_3,2747782
enet_core_dgtw_fit504_val126,enet,core,504,ew_spread_bp,54.25567225229306,7.594224255189392,7.144333697443595,9.043346854604185e-13,39.37126622160133,69.14007828298479,2266,2266,0,5,dgtw,3,ar_dgtw_3,2747782
enet_core_dgtw_fit504_val126,enet,core,504,cap_spread_bp,-0.9585437939938118,2.2148314262809303,-0.4327840857863237,0.6651716358439371,-5.299533621331915,3.3824460333442916,2266,2266,0,5,dgtw,3,ar_dgtw_3,2747782
ols_all_dgtw_fit504_val126,ols,all,504,rank_ic,0.03605087144455707,0.0022391583043365926,16.100188796270952,2.5432737688345542e-58,0.03166220181237357,0.04043954107674057,2266,2266,0,5,dgtw,3,ar_dgtw_3,2747782
ols_all_dgtw_fit504_val126,ols,all,504,ew_spread_bp,49.36450986995746,7.460195111926976,6.617053458968656,3.664290131364892e-11,34.74279613293883,63.98622360697609,2266,2266,0,5,dgtw,3,ar_dgtw_3,2747782
ols_all_dgtw_fit504_val126,ols,all,504,cap_spread_bp,2.311497052650637,2.5176399949416917,0.9181205642167958,0.35855574988904526,-2.622986663472683,7.245980768773957,2266,2266,0,5,dgtw,3,ar_dgtw_3,2747782
ridge_all_dgtw_fit504_val126,ridge,all,504,rank_ic,0.03830509622252392,0.002339718886853719,16.371666031227274,3.047559230708916e-60,0.033719331470342485,0.042890860974705354,2266,2266,0,5,dgtw,3,ar_dgtw_3,2747782
ridge_all_dgtw_fit504_val126,ridge,all,504,ew_spread_bp,50.94268047018725,7.731390963554397,6.5890705450455025,4.425884699244745e-11,35.789432631222205,66.0959283091523,2266,2266,0,5,dgtw,3,ar_dgtw_3,2747782
ridge_all_dgtw_fit504_val126,ridge,all,504,cap_spread_bp,1.2295001543837172,2.3881073584158887,0.5148429152696409,0.6066627938099307,-3.4511042593265113,5.910104568093946,2266,2266,0,5,dgtw,3,ar_dgtw_3,2747782
lasso_all_dgtw_fit504_val126,lasso,all,504,rank_ic,0.03763505442633443,0.002384733410531174,15.781661069591681,4.1609219228650905e-56,0.03296106282896395,0.0423090460237049,2266,2266,0,5,dgtw,3,ar_dgtw_3,2747782
lasso_all_dgtw_fit504_val126,lasso,all,504,ew_spread_bp,50.973049729740836,7.647037310767063,6.665725255187463,2.63361534138906e-11,35.985132012203366,65.9609674472783,2266,2266,0,5,dgtw,3,ar_dgtw_3,2747782
lasso_all_dgtw_fit504_val126,lasso,all,504,cap_spread_bp,1.8880187784352798,2.2982901840586023,0.8214884227983713,0.41136811585095767,-2.6165472083415127,6.392584765212072,2266,2266,0,5,dgtw,3,ar_dgtw_3,2747782
enet_all_dgtw_fit504_val126,enet,all,504,rank_ic,0.03750785886567272,0.002380158682407995,15.75855389092218,5.999001601886044e-56,0.03284283357066274,0.0421728841606827,2266,2266,0,5,dgtw,3,ar_dgtw_3,2747782
enet_all_dgtw_fit504_val126,enet,all,504,ew_spread_bp,51.38445489007064,7.633503931083793,6.731437535629219,1.6799495246814606e-11,36.42306210930148,66.3458476708398,2266,2266,0,5,dgtw,3,ar_dgtw_3,2747782
enet_all_dgtw_fit504_val126,enet,all,504,cap_spread_bp,1.500940153693515,2.2983865166246873,0.6530407931115658,0.5137299802232588,-3.003814641443342,6.005694948830372,2266,2266,0,5,dgtw,3,ar_dgtw_3,2747782
ols_textcore_dgtw_fit504_val126,ols,textcore,504,rank_ic,0.042409397298489984,0.0021379997789671614,19.83601575439703,1.4554664217957074e-87,0.03821899473275975,0.04659979986422022,2266,2266,0,5,dgtw,3,ar_dgtw_3,2747782
ols_textcore_dgtw_fit504_val126,ols,textcore,504,ew_spread_bp,39.53600821194463,7.473941182099324,5.2898473842203195,1.2241846440557795e-07,24.88735267245924,54.18466375143002,2266,2266,0,5,dgtw,3,ar_dgtw_3,2747782
ols_textcore_dgtw_fit504_val126,ols,textcore,504,cap_spread_bp,7.729167106881659,4.400156320215502,1.7565664818251538,0.0789917303304028,-0.894980807087018,16.35331502085034,2266,2266,0,5,dgtw,3,ar_dgtw_3,2747782
ridge_textcore_dgtw_fit504_val126,ridge,textcore,504,rank_ic,0.04442984292425933,0.002305621585272792,19.270223356710364,9.552292121315887e-83,0.039910907655146516,0.04894877819337215,2266,2266,0,5,dgtw,3,ar_dgtw_3,2747782
ridge_textcore_dgtw_fit504_val126,ridge,textcore,504,ew_spread_bp,39.208586429186774,7.031867532830764,5.575842583229505,2.4633460897030626e-08,25.42637932078195,52.9907935375916,2266,2266,0,5,dgtw,3,ar_dgtw_3,2747782
ridge_textcore_dgtw_fit504_val126,ridge,textcore,504,cap_spread_bp,2.1784523369765485,4.489823809857862,0.4851977336379072,0.627536089551902,-6.621440627275273,10.97834530122837,2266,2266,0,5,dgtw,3,ar_dgtw_3,2747782
lasso_textcore_dgtw_fit504_val126,lasso,textcore,504,rank_ic,0.04385147197274058,0.00234546361693323,18.696291708023935,5.306955149822822e-78,0.0392544477565024,0.04844849618897876,2266,2266,0,5,dgtw,3,ar_dgtw_3,2747782
lasso_textcore_dgtw_fit504_val126,lasso,textcore,504,ew_spread_bp,46.08488314185086,7.661101930795338,6.015437930228211,1.7940103487464603e-09,31.069399275601725,61.100367008099994,2266,2266,0,5,dgtw,3,ar_dgtw_3,2747782
lasso_textcore_dgtw_fit504_val126,lasso,textcore,504,cap_spread_bp,4.200754098923678,4.549232144453004,0.9233984913356786,0.35579957765278347,-4.715577061516127,13.117085259363483,2266,2266,0,5,dgtw,3,ar_dgtw_3,2747782
enet_textcore_dgtw_fit504_val126,enet,textcore,504,rank_ic,0.04396377737656931,0.002343596888283191,18.759103835803057,1.6312663147434666e-78,0.03937041188125412,0.04855714287188451,2266,2266,0,5,dgtw,3,ar_dgtw_3,2747782
enet_textcore_dgtw_fit504_val126,enet,textcore,504,ew_spread_bp,46.0246138120021,7.672693035353214,5.998495391375102,1.991541712738372e-09,30.986411798278496,61.06281582572571,2266,2266,0,5,dgtw,3,ar_dgtw_3,2747782
enet_textcore_dgtw_fit504_val126,enet,textcore,504,cap_spread_bp,4.946806828996685,4.518059887090491,1.0948962502978896,0.27356209200049963,-3.90842782969578,13.80204148768915,2266,2266,0,5,dgtw,3,ar_dgtw_3,2747782
ols_textall_dgtw_fit504_val126,ols,textall,504,rank_ic,0.04164093142701859,0.0019901822872528665,20.923174572364097,3.294376232146568e-97,0.037740245821333424,0.04554161703270376,2266,2266,0,5,dgtw,3,ar_dgtw_3,2747782
ols_textall_dgtw_fit504_val126,ols,textall,504,ew_spread_bp,51.23977197292374,7.261047803400042,7.056801354334882,1.7037891132172107e-12,37.008379788235985,65.4711641576115,2266,2266,0,5,dgtw,3,ar_dgtw_3,2747782
ols_textall_dgtw_fit504_val126,ols,textall,504,cap_spread_bp,10.258496265254273,3.580517173711451,2.8650878539483835,0.004168935635412964,3.240811558752685,17.27618097175586,2266,2266,0,5,dgtw,3,ar_dgtw_3,2747782
ridge_textall_dgtw_fit504_val126,ridge,textall,504,rank_ic,0.04516230630341612,0.00231581567457166,19.501684352218348,1.0622581823976578e-84,0.040623390986422335,0.0497012216204099,2266,2266,0,5,dgtw,3,ar_dgtw_3,2747782
ridge_textall_dgtw_fit504_val126,ridge,textall,504,ew_spread_bp,53.46080424225827,7.998463047794245,6.683884631685744,2.3269001704713682e-11,37.784104736907075,69.13750374760946,2266,2266,0,5,dgtw,3,ar_dgtw_3,2747782
ridge_textall_dgtw_fit504_val126,ridge,textall,504,cap_spread_bp,7.5592745987688215,3.201675528784674,2.3610370666256273,0.018223909003636667,1.2841058721676273,13.834443325370016,2266,2266,0,5,dgtw,3,ar_dgtw_3,2747782
lasso_textall_dgtw_fit504_val126,lasso,textall,504,rank_ic,0.043373966531805856,0.0021920069066804436,19.78733114371935,3.8278183862461376e-87,0.039077711940849136,0.04767022112276258,2266,2266,0,5,dgtw,3,ar_dgtw_3,2747782
lasso_textall_dgtw_fit504_val126,lasso,textall,504,ew_spread_bp,52.741698531475684,7.763825288532809,6.793261900081048,1.0962610069751082e-11,37.524880583690084,67.95851647926128,2266,2266,0,5,dgtw,3,ar_dgtw_3,2747782
lasso_textall_dgtw_fit504_val126,lasso,textall,504,cap_spread_bp,8.11477164634257,3.426923804624384,2.367946329997847,0.017887130454186356,1.3981244115158002,14.83141888116934,2266,2266,0,5,dgtw,3,ar_dgtw_3,2747782
enet_textall_dgtw_fit504_val126,enet,textall,504,rank_ic,0.04337673853545476,0.0021931448253872995,19.77832837728563,4.576104123315326e-87,0.039078253664815266,0.04767522340609426,2266,2266,0,5,dgtw,3,ar_dgtw_3,2747782
enet_textall_dgtw_fit504_val126,enet,textall,504,ew_spread_bp,52.79671871135231,7.762659610074838,6.8013698092377535,1.0362902479586868e-11,37.582185451361894,68.01125197134273,2266,2266,0,5,dgtw,3,ar_dgtw_3,2747782
enet_textall_dgtw_fit504_val126,enet,textall,504,cap_spread_bp,8.396205449428614,3.459950133285265,2.4266839480302895,0.015237523578937965,1.6148277998849343,15.177583098972292,2266,2266,0,5,dgtw,3,ar_dgtw_3,2747782
ols_core_dgtw_fit504_val126,ols,core,504,rank_ic,0.043530768616605146,0.003005868008216036,14.481929511748717,1.5760987046470744e-47,0.03763937557822057,0.04942216165498972,2266,2266,0,5,dgtw,5,ar_dgtw_5,2746618
ols_core_dgtw_fit504_val126,ols,core,504,ew_spread_bp,70.76233917412483,11.519863826459709,6.14263677419454,8.116273713046698e-10,48.18382096745803,93.34085738079163,2266,2266,0,5,dgtw,5,ar_dgtw_5,2746618
ols_core_dgtw_fit504_val126,ols,core,504,cap_spread_bp,-0.31390587795867486,3.3281268172706806,-0.09431908553776258,0.9248556894315443,-6.836914575791126,6.2091028198737765,2266,2266,0,5,dgtw,5,ar_dgtw_5,2746618
ridge_core_dgtw_fit504_val126,ridge,core,504,rank_ic,0.04344630646316413,0.0029826723204005798,14.56623517307097,4.6058376760469683e-48,0.03760037613749448,0.04929223678883378,2266,2266,0,5,dgtw,5,ar_dgtw_5,2746618
ridge_core_dgtw_fit504_val126,ridge,core,504,ew_spread_bp,73.25020567774101,11.306109425184989,6.47881626853638,9.244498944002268e-11,51.09063839910958,95.40977295637244,2266,2266,0,5,dgtw,5,ar_dgtw_5,2746618
ridge_core_dgtw_fit504_val126,ridge,core,504,cap_spread_bp,-0.38145418368032424,3.2582474124362077,-0.11707342488000598,0.9068018687667303,-6.767501764776115,6.004593397415467,2266,2266,0,5,dgtw,5,ar_dgtw_5,2746618
lasso_core_dgtw_fit504_val126,lasso,core,504,rank_ic,0.04421202690733999,0.0030128497720507004,14.674487695165435,9.392223892604409e-49,0.038306949863290904,0.050117103951389075,2266,2266,0,5,dgtw,5,ar_dgtw_5,2746618
lasso_core_dgtw_fit504_val126,lasso,core,504,ew_spread_bp,74.24872867087285,11.302575843517596,6.569186502159768,5.0590886958954915e-11,52.09608708504594,96.40137025669976,2266,2266,0,5,dgtw,5,ar_dgtw_5,2746618
lasso_core_dgtw_fit504_val126,lasso,core,504,cap_spread_bp,-1.6899717280928843,3.3324050467861306,-0.5071327477800883,0.6120616787852455,-8.221365601693213,4.841422145507445,2266,2266,0,5,dgtw,5,ar_dgtw_5,2746618
enet_core_dgtw_fit504_val126,enet,core,504,rank_ic,0.044212202263758306,0.003012856259271997,14.674514301071037,9.388540749965387e-49,0.038307112504989124,0.05011729202252749,2266,2266,0,5,dgtw,5,ar_dgtw_5,2746618
enet_core_dgtw_fit504_val126,enet,core,504,ew_spread_bp,74.20277325349906,11.305691724656857,6.56331121179153,5.262585174665005e-11,52.04402465285909,96.36152185413903,2266,2266,0,5,dgtw,5,ar_dgtw_5,2746618
enet_core_dgtw_fit504_val126,enet,core,504,cap_spread_bp,-1.6869852614561596,3.332538630902236,-0.5062162658259818,0.612704837462666,-8.218640955112962,4.844670432200643,2266,2266,0,5,dgtw,5,ar_dgtw_5,2746618
ols_all_dgtw_fit504_val126,ols,all,504,rank_ic,0.039646305245533954,0.0026692380559571196,14.853042109546058,6.648199519449265e-50,0.03441469478969429,0.044877915701373616,2266,2266,0,5,dgtw,5,ar_dgtw_5,2746618
ols_all_dgtw_fit504_val126,ols,all,504,ew_spread_bp,66.56533001382016,11.061048536683474,6.017994568332217,1.7659111794395215e-09,44.88607325067108,88.24458677696924,2266,2266,0,5,dgtw,5,ar_dgtw_5,2746618
ols_all_dgtw_fit504_val126,ols,all,504,cap_spread_bp,2.523014308410714,3.6943176278959453,0.6829446091368345,0.49464184427561475,-4.717715189716783,9.763743806538212,2266,2266,0,5,dgtw,5,ar_dgtw_5,2746618
ridge_all_dgtw_fit504_val126,ridge,all,504,rank_ic,0.041984476225572664,0.0028174658407416242,14.901503194275232,3.2224717718112004e-50,0.03646234465004722,0.04750660780109811,2266,2266,0,5,dgtw,5,ar_dgtw_5,2746618
ridge_all_dgtw_fit504_val126,ridge,all,504,ew_spread_bp,71.02130932735946,11.453935341198902,6.200603304604088,5.624712542659295e-10,48.572008577359114,93.47061007735981,2266,2266,0,5,dgtw,5,ar_dgtw_5,2746618
ridge_all_dgtw_fit504_val126,ridge,all,504,cap_spread_bp,0.10008768860812588,3.549523673705195,0.028197498540317847,0.9775046323080216,-6.856850874126359,7.05702625134261,2266,2266,0,5,dgtw,5,ar_dgtw_5,2746618
lasso_all_dgtw_fit504_val126,lasso,all,504,rank_ic,0.04166359171782681,0.0028583056198430304,14.576325018776283,3.973377615280693e-48,0.036061415646126034,0.04726576778952759,2266,2266,0,5,dgtw,5,ar_dgtw_5,2746618
lasso_all_dgtw_fit504_val126,lasso,all,504,ew_spread_bp,69.99677607943221,11.25429171584742,6.219562976217168,4.985414976242272e-10,47.938769644863775,92.05478251400064,2266,2266,0,5,dgtw,5,ar_dgtw_5,2746618
lasso_all_dgtw_fit504_val126,lasso,all,504,cap_spread_bp,1.8542494567794687,3.5040645731900426,0.5291710292574291,0.59668681179971,-5.013590906175731,8.722089819734668,2266,2266,0,5,dgtw,5,ar_dgtw_5,2746618
enet_all_dgtw_fit504_val126,enet,all,504,rank_ic,0.04148010461585666,0.002851965166069028,14.544393847920052,6.338984912846037e-48,0.03589035560519857,0.04706985362651475,2266,2266,0,5,dgtw,5,ar_dgtw_5,2746618
enet_all_dgtw_fit504_val126,enet,all,504,ew_spread_bp,70.64696790336217,11.232115663824734,6.289729381161449,3.1801987273538433e-10,48.632425732077486,92.66151007464686,2266,2266,0,5,dgtw,5,ar_dgtw_5,2746618
enet_all_dgtw_fit504_val126,enet,all,504,cap_spread_bp,1.3341436098503183,3.5041024123301936,0.3807376191848017,0.7033979514867916,-5.533770916456783,8.20205813615742,2266,2266,0,5,dgtw,5,ar_dgtw_5,2746618
ols_textcore_dgtw_fit504_val126,ols,textcore,504,rank_ic,0.047909776413929094,0.0025812673655999175,18.56056333118142,6.699843111602642e-77,0.04285058534288467,0.05296896748497352,2266,2266,0,5,dgtw,5,ar_dgtw_5,2746618
ols_textcore_dgtw_fit504_val126,ols,textcore,504,ew_spread_bp,56.978192570742515,11.247212176498518,5.065983612348012,4.0629687064384145e-07,34.934061778325066,79.02232336315996,2266,2266,0,5,dgtw,5,ar_dgtw_5,2746618
ols_textcore_dgtw_fit504_val126,ols,textcore,504,cap_spread_bp,12.018383923312156,6.509309289406495,1.846337820031281,0.06484316955840035,-0.7396278481565872,24.7763956947809,2266,2266,0,5,dgtw,5,ar_dgtw_5,2746618
ridge_textcore_dgtw_fit504_val126,ridge,textcore,504,rank_ic,0.04966219996480044,0.0027804134656711924,17.861444198124673,2.354671189627192e-71,0.044212689709954706,0.05511171021964617,2266,2266,0,5,dgtw,5,ar_dgtw_5,2746618
ridge_textcore_dgtw_fit504_val126,ridge,textcore,504,ew_spread_bp,53.84480771161023,10.941218156293525,4.9212808795552645,8.597962971205049e-07,32.40041417827919,75.28920124494127,2266,2266,0,5,dgtw,5,ar_dgtw_5,2746618
ridge_textcore_dgtw_fit504_val126,ridge,textcore,504,cap_spread_bp,4.117339748004543,6.63305263489737,0.620730751681763,0.5347767924842486,-8.883204523952811,17.1178840199619,2266,2266,0,5,dgtw,5,ar_dgtw_5,2746618
lasso_textcore_dgtw_fit504_val126,lasso,textcore,504,rank_ic,0.04938888712053466,0.002825065557718143,17.48238620006644,1.9515851258884453e-68,0.04385186037344253,0.05492591386762678,2266,2266,0,5,dgtw,5,ar_dgtw_5,2746618
lasso_textcore_dgtw_fit504_val126,lasso,textcore,504,ew_spread_bp,63.47699613116355,11.762469881875514,5.396570343527393,6.792678776365227e-08,40.42297879345044,86.53101346887667,2266,2266,0,5,dgtw,5,ar_dgtw_5,2746618
lasso_textcore_dgtw_fit504_val126,lasso,textcore,504,cap_spread_bp,5.002485329351043,6.792692065500628,0.7364510684590198,0.4614562355340106,-8.310946477101176,18.315917135803264,2266,2266,0,5,dgtw,5,ar_dgtw_5,2746618
enet_textcore_dgtw_fit504_val126,enet,textcore,504,rank_ic,0.04953005769928945,0.002823204532984067,17.5439140595801,6.620624380741948e-69,0.04399667849365045,0.055063436904928445,2266,2266,0,5,dgtw,5,ar_dgtw_5,2746618
enet_textcore_dgtw_fit504_val126,enet,textcore,504,ew_spread_bp,63.617888005876715,11.776555707047955,5.402079316603844,6.587280909529996e-08,40.53626295813309,86.69951305362034,2266,2266,0,5,dgtw,5,ar_dgtw_5,2746618
enet_textcore_dgtw_fit504_val126,enet,textcore,504,cap_spread_bp,5.817772128611707,6.751187234002456,0.8617405986476585,0.3888302792638809,-7.4143117029196945,19.04985596014311,2266,2266,0,5,dgtw,5,ar_dgtw_5,2746618
ols_textall_dgtw_fit504_val126,ols,textall,504,rank_ic,0.04670752434626633,0.0023774440066480656,19.646109105265026,6.241818345510311e-86,0.04204781971797551,0.051367228974557144,2266,2266,0,5,dgtw,5,ar_dgtw_5,2746618
ols_textall_dgtw_fit504_val126,ols,textall,504,ew_spread_bp,67.7264762468025,11.080234238479779,6.112368636720685,9.81631039161932e-10,46.00961619911455,89.44333629449046,2266,2266,0,5,dgtw,5,ar_dgtw_5,2746618
ols_textall_dgtw_fit504_val126,ols,textall,504,cap_spread_bp,13.650204989140326,4.926579257310765,2.7707267611465287,0.005593133997177324,3.9942870778291386,23.306122900451513,2266,2266,0,5,dgtw,5,ar_dgtw_5,2746618
ridge_textall_dgtw_fit504_val126,ridge,textall,504,rank_ic,0.050308689286235525,0.002792052908794476,18.018530067167422,1.393982927629294e-72,0.044836366142068054,0.055781012430402996,2266,2266,0,5,dgtw,5,ar_dgtw_5,2746618
ridge_textall_dgtw_fit504_val126,ridge,textall,504,ew_spread_bp,72.93284533366676,12.237656905800385,5.959706657497333,2.52691120283606e-09,48.94747854314013,96.91821212419339,2266,2266,0,5,dgtw,5,ar_dgtw_5,2746618
ridge_textall_dgtw_fit504_val126,ridge,textall,504,cap_spread_bp,10.640474317950922,4.694424112992106,2.266619730523017,0.023413465727650986,1.4395721283300045,19.841376507571837,2266,2266,0,5,dgtw,5,ar_dgtw_5,2746618
lasso_textall_dgtw_fit504_val126,lasso,textall,504,rank_ic,0.048594734743572475,0.002634473105945059,18.44571297156597,5.644956209030385e-76,0.043431262337680784,0.053758207149464166,2266,2266,0,5,dgtw,5,ar_dgtw_5,2746618
lasso_textall_dgtw_fit504_val126,lasso,textall,504,ew_spread_bp,72.74659778827011,11.801646188476804,6.164105975257953,7.088246204258844e-10,49.61579630057117,95.87739927596905,2266,2266,0,5,dgtw,5,ar_dgtw_5,2746618
lasso_textall_dgtw_fit504_val126,lasso,textall,504,cap_spread_bp,12.089606703086368,4.885329303432648,2.474675902521387,0.01333571318163866,2.514537215740228,21.66467619043251,2266,2266,0,5,dgtw,5,ar_dgtw_5,2746618
enet_textall_dgtw_fit504_val126,enet,textall,504,rank_ic,0.04859632336039851,0.002636160097769639,18.434511394628167,6.94432452674098e-76,0.043429544511288436,0.05376310220950859,2266,2266,0,5,dgtw,5,ar_dgtw_5,2746618
enet_textall_dgtw_fit504_val126,enet,textall,504,ew_spread_bp,72.78725883067692,11.801639570903163,6.1675548040064925,6.935407918518889e-10,49.65647031318398,95.91804734816986,2266,2266,0,5,dgtw,5,ar_dgtw_5,2746618
enet_textall_dgtw_fit504_val126,enet,textall,504,cap_spread_bp,12.555813407791957,4.909470647999535,2.557467863242666,0.010543729984761538,2.933427754556348,22.178199061027566,2266,2266,0,5,dgtw,5,ar_dgtw_5,2746618
ols_core_dgtw_fit504_val126,ols,core,504,rank_ic,0.05190726649598171,0.004020418752949717,12.910910451280275,3.9065453127924386e-38,0.04402739053743082,0.059787142454532594,2266,2266,0,9,dgtw,10,ar_dgtw_10,2743765
ols_core_dgtw_fit504_val126,ols,core,504,ew_spread_bp,114.09446806549015,22.091394972365492,5.164656564613185,2.4088078266889266e-07,70.79612955140456,157.39280657957573,2266,2266,0,9,dgtw,10,ar_dgtw_10,2743765
ols_core_dgtw_fit504_val126,ols,core,504,cap_spread_bp,-3.8176140882042975,6.022768860150443,-0.6338636226708751,0.526169827722901,-15.62202414130852,7.986795964899924,2266,2266,0,9,dgtw,10,ar_dgtw_10,2743765
ridge_core_dgtw_fit504_val126,ridge,core,504,rank_ic,0.051592764251209,0.003995986717626024,12.911145080547152,3.8946591494793996e-38,0.04376077420196156,0.059424754300456434,2266,2266,0,9,dgtw,10,ar_dgtw_10,2743765
ridge_core_dgtw_fit504_val126,ridge,core,504,ew_spread_bp,116.20262686961937,21.745923796053294,5.343650973830286,9.109289072899078e-08,73.58139941880238,158.82385432043634,2266,2266,0,9,dgtw,10,ar_dgtw_10,2743765
ridge_core_dgtw_fit504_val126,ridge,core,504,cap_spread_bp,-3.6121366386393263,5.911224334349909,-0.6110640426297699,0.5411571833188957,-15.197923438501903,7.973650161223251,2266,2266,0,9,dgtw,10,ar_dgtw_10,2743765
lasso_core_dgtw_fit504_val126,lasso,core,504,rank_ic,0.05267506007668352,0.004028762364945878,13.07474983756982,4.590717001534429e-39,0.04477883093911919,0.060571289214247856,2266,2266,0,9,dgtw,10,ar_dgtw_10,2743765
lasso_core_dgtw_fit504_val126,lasso,core,504,ew_spread_bp,121.70062379065348,21.720144920716695,5.603122089419179,2.105248249748632e-08,79.12992200705817,164.2713255742488,2266,2266,0,9,dgtw,10,ar_dgtw_10,2743765
lasso_core_dgtw_fit504_val126,lasso,core,504,cap_spread_bp,-5.480979287555716,5.992378317821606,-0.9146584205564983,0.36037097895824066,-17.22582497222478,6.263866397113345,2266,2266,0,9,dgtw,10,ar_dgtw_10,2743765
enet_core_dgtw_fit504_val126,enet,core,504,rank_ic,0.05267544476587562,0.004028751873503752,13.074879372023597,4.582903677099768e-39,0.044779236191160005,0.06057165334059124,2266,2266,0,9,dgtw,10,ar_dgtw_10,2743765
enet_core_dgtw_fit504_val126,enet,core,504,ew_spread_bp,121.68929892919958,21.72179282885542,5.602175653178427,2.116778818536802e-08,79.11536730500254,164.26323055339662,2266,2266,0,9,dgtw,10,ar_dgtw_10,2743765
enet_core_dgtw_fit504_val126,enet,core,504,cap_spread_bp,-5.473571720279745,5.992831670431155,-0.9133531561192588,0.3610568339878154,-17.21930595973582,6.27216251917633,2266,2266,0,9,dgtw,10,ar_dgtw_10,2743765
ols_all_dgtw_fit504_val126,ols,all,504,rank_ic,0.0457235409972182,0.003612817263046402,12.655924080329257,1.03747587372285e-36,0.038642549278922675,0.05280453271551372,2266,2266,0,9,dgtw,10,ar_dgtw_10,2743765
ols_all_dgtw_fit504_val126,ols,all,504,ew_spread_bp,104.65005293181954,21.399291215965196,4.890351361438744,1.0065614252658269e-06,62.70821285384342,146.59189300979568,2266,2266,0,9,dgtw,10,ar_dgtw_10,2743765
ols_all_dgtw_fit504_val126,ols,all,504,cap_spread_bp,2.315003017386321,6.1908861783775055,0.3739372604639022,0.7084509942386303,-9.818910924620402,14.448916959393044,2266,2266,0,9,dgtw,10,ar_dgtw_10,2743765
ridge_all_dgtw_fit504_val126,ridge,all,504,rank_ic,0.04894128768706061,0.003742197220343757,13.078222446695333,4.385765372379615e-39,0.04160671591214095,0.05627585946198027,2266,2266,0,9,dgtw,10,ar_dgtw_10,2743765
ridge_all_dgtw_fit504_val126,ridge,all,504,ew_spread_bp,114.915599078546,22.23779795047301,5.167579961580759,2.3714452052859237e-07,71.33031600014027,158.50088215695172,2266,2266,0,9,dgtw,10,ar_dgtw_10,2743765
ridge_all_dgtw_fit504_val126,ridge,all,504,cap_spread_bp,-3.4950016789207856,6.122911653447803,-0.5708071382922462,0.5681303836248606,-15.49568800019907,8.505684642357501,2266,2266,0,9,dgtw,10,ar_dgtw_10,2743765
lasso_all_dgtw_fit504_val126,lasso,all,504,rank_ic,0.048563325223416234,0.0038299095741768543,12.680018753146081,7.631360719667676e-37,0.04105684039398447,0.056069810052848,2266,2266,0,9,dgtw,10,ar_dgtw_10,2743765
lasso_all_dgtw_fit504_val126,lasso,all,504,ew_spread_bp,114.18294440927197,21.936152097000495,5.2052403677892585,1.9374565683457356e-07,71.18887633975822,157.1770124787857,2266,2266,0,9,dgtw,10,ar_dgtw_10,2743765
lasso_all_dgtw_fit504_val126,lasso,all,504,cap_spread_bp,-0.1373752570935109,6.18871267385128,-0.022197711274261064,0.9822902432805395,-12.267029208508598,11.992278694321575,2266,2266,0,9,dgtw,10,ar_dgtw_10,2743765
enet_all_dgtw_fit504_val126,enet,all,504,rank_ic,0.04834290311397835,0.0038220071249320977,12.648564362589255,1.13937778078984e-36,0.04085190680045596,0.055833899427500736,2266,2266,0,9,dgtw,10,ar_dgtw_10,2743765
enet_all_dgtw_fit504_val126,enet,all,504,ew_spread_bp,114.3484339600242,21.894631191055296,5.22267002180605,1.7636150015429572e-07,71.4357453707685,157.2611225492799,2266,2266,0,9,dgtw,10,ar_dgtw_10,2743765
enet_all_dgtw_fit504_val126,enet,all,504,cap_spread_bp,-0.350630682576879,6.190795784423481,-0.05663741702788724,0.954834027891296,-12.484367455689295,11.783106090535536,2266,2266,0,9,dgtw,10,ar_dgtw_10,2743765
ols_textcore_dgtw_fit504_val126,ols,textcore,504,rank_ic,0.0572781756960375,0.003528452115284557,16.233230273388084,2.935937201658595e-59,0.050362536628905594,0.0641938147631694,2266,2266,0,9,dgtw,10,ar_dgtw_10,2743765
ols_textcore_dgtw_fit504_val126,ols,textcore,504,ew_spread_bp,86.53515734043542,22.181257628219207,3.9012737145410803,9.568788229266744e-05,43.06069125732143,130.0096234235494,2266,2266,0,9,dgtw,10,ar_dgtw_10,2743765
ols_textcore_dgtw_fit504_val126,ols,textcore,504,cap_spread_bp,20.59895479872152,11.47907518036275,1.7944786034645146,0.07273681076063974,-1.899619130617097,43.097528728060134,2266,2266,0,9,dgtw,10,ar_dgtw_10,2743765
ridge_textcore_dgtw_fit504_val126,ridge,textcore,504,rank_ic,0.059009415401776566,0.00377698873477584,15.623402542469778,5.044051384628431e-55,0.051606653511602416,0.06641217729195072,2266,2266,0,9,dgtw,10,ar_dgtw_10,2743765
ridge_textcore_dgtw_fit504_val126,ridge,textcore,504,ew_spread_bp,84.80536043242738,21.467468017533744,3.950412799644646,7.801651865155765e-05,42.72989627879576,126.88082458605899,2266,2266,0,9,dgtw,10,ar_dgtw_10,2743765
ridge_textcore_dgtw_fit504_val126,ridge,textcore,504,cap_spread_bp,11.338429017551084,12.040270356000654,0.9417088389464788,0.3463417284472874,-12.260067244335454,34.936925279437624,2266,2266,0,9,dgtw,10,ar_dgtw_10,2743765
lasso_textcore_dgtw_fit504_val126,lasso,textcore,504,rank_ic,0.0588347138466736,0.003809900402905989,15.442585796152995,8.463784103047326e-54,0.05136744627229323,0.06630198142105398,2266,2266,0,9,dgtw,10,ar_dgtw_10,2743765
lasso_textcore_dgtw_fit504_val126,lasso,textcore,504,ew_spread_bp,102.6979945578545,23.134092048776175,4.439248981171377,9.027333478121978e-06,57.35600732721876,148.03998178849025,2266,2266,0,9,dgtw,10,ar_dgtw_10,2743765
lasso_textcore_dgtw_fit504_val126,lasso,textcore,504,cap_spread_bp,7.757893413646064,12.419911177307533,0.624633566447765,0.5322115840125281,-16.584685185063165,32.10047201235529,2266,2266,0,9,dgtw,10,ar_dgtw_10,2743765
enet_textcore_dgtw_fit504_val126,enet,textcore,504,rank_ic,0.05897047900118826,0.003806972963426241,15.490122879179935,4.045166012069503e-54,0.0515089491027551,0.0664320088996214,2266,2266,0,9,dgtw,10,ar_dgtw_10,2743765
enet_textcore_dgtw_fit504_val126,enet,textcore,504,ew_spread_bp,102.64490770530045,23.120070562761097,4.439645087875639,9.010735138084176e-06,57.33040208226401,147.9594133283369,2266,2266,0,9,dgtw,10,ar_dgtw_10,2743765
enet_textcore_dgtw_fit504_val126,enet,textcore,504,cap_spread_bp,8.551476314699459,12.381485629550294,0.6906664168223935,0.4897751986268363,-15.715789594319356,32.818742223718274,2266,2266,0,9,dgtw,10,ar_dgtw_10,2743765
ols_textall_dgtw_fit504_val126,ols,textall,504,rank_ic,0.054890958425468456,0.003249223735911559,16.89356070460595,5.018101433871199e-64,0.048522596925369116,0.061259319925567796,2266,2266,0,9,dgtw,10,ar_dgtw_10,2743765
ols_textall_dgtw_fit504_val126,ols,textall,504,ew_spread_bp,103.374169935751,21.723375110398266,4.7586606321717095,1.948817712977294e-06,60.797137096716575,145.95120277478543,2266,2266,0,9,dgtw,10,ar_dgtw_10,2743765
ols_textall_dgtw_fit504_val126,ols,textall,504,cap_spread_bp,23.9596973382217,7.839212788649991,3.056390735165623,0.002240191128010287,8.595122605321915,39.324272071121484,2266,2266,0,9,dgtw,10,ar_dgtw_10,2743765
ridge_textall_dgtw_fit504_val126,ridge,textall,504,rank_ic,0.059229796929974717,0.0037884751460342554,15.634204962905981,4.257555020137267e-55,0.05180452208742246,0.06665507177252698,2266,2266,0,9,dgtw,10,ar_dgtw_10,2743765
ridge_textall_dgtw_fit504_val126,ridge,textall,504,ew_spread_bp,120.51949473903966,23.41136856450853,5.147904720177118,2.63412223467566e-07,74.63405552380976,166.40493395426955,2266,2266,0,9,dgtw,10,ar_dgtw_10,2743765
ridge_textall_dgtw_fit504_val126,ridge,textall,504,cap_spread_bp,16.1760561685303,8.565524102236541,1.8885074603090053,0.05895785733309667,-0.6120625805630979,32.9641749176237,2266,2266,0,9,dgtw,10,ar_dgtw_10,2743765
lasso_textall_dgtw_fit504_val126,lasso,textall,504,rank_ic,0.05710019922286224,0.003535039752349864,16.152632848019813,1.0881622809918832e-58,0.050171648624339114,0.06402874982138537,2266,2266,0,9,dgtw,10,ar_dgtw_10,2743765
lasso_textall_dgtw_fit504_val126,lasso,textall,504,ew_spread_bp,116.85746502287722,22.688945915031706,5.150414014846662,2.599120710741596e-07,72.38794818223789,161.32698186351655,2266,2266,0,9,dgtw,10,ar_dgtw_10,2743765
lasso_textall_dgtw_fit504_val126,lasso,textall,504,cap_spread_bp,19.431908134138315,8.323493147915931,2.3345857068439773,0.019565073946451385,3.1181613386571705,35.74565492961946,2266,2266,0,9,dgtw,10,ar_dgtw_10,2743765
enet_textall_dgtw_fit504_val126,enet,textall,504,rank_ic,0.057101074361613,0.0035371756555922468,16.143126585001976,1.2694459604164036e-58,0.05016833746966034,0.06403381125356565,2266,2266,0,9,dgtw,10,ar_dgtw_10,2743765
enet_textall_dgtw_fit504_val126,enet,textall,504,ew_spread_bp,116.9040573986048,22.683524993830133,5.153698881915506,2.553979339699762e-07,72.4451653682836,161.36294942892602,2266,2266,0,9,dgtw,10,ar_dgtw_10,2743765
enet_textall_dgtw_fit504_val126,enet,textall,504,cap_spread_bp,20.174868247373418,8.386986128431394,2.405496794489953,0.016150493645904207,3.736677496810863,36.61305899793597,2266,2266,0,9,dgtw,10,ar_dgtw_10,2743765
ols_core_dgtw_fit504_val126,ols,core,504,rank_ic,0.07642245807549143,0.0081959068017852,9.32446645914097,1.1154336940405412e-20,0.060358775923345584,0.09248614022763728,2266,2266,0,41,dgtw,42,ar_dgtw_42,2724901
ols_core_dgtw_fit504_val126,ols,core,504,ew_spread_bp,286.5772169927322,114.11556932369864,2.511289376998429,0.012029104479976611,62.91481104299905,510.2396229424653,2266,2266,0,41,dgtw,42,ar_dgtw_42,2724901
ols_core_dgtw_fit504_val126,ols,core,504,cap_spread_bp,-32.396619488899724,25.037543898165556,-1.29392162508693,0.1956924940332324,-81.4693037906448,16.676064812845354,2266,2266,0,41,dgtw,42,ar_dgtw_42,2724901
ridge_core_dgtw_fit504_val126,ridge,core,504,rank_ic,0.07590489227423888,0.008171761459327498,9.288681840755242,1.5621085345042952e-20,0.05988853412370451,0.09192125042477325,2266,2266,0,41,dgtw,42,ar_dgtw_42,2724901
ridge_core_dgtw_fit504_val126,ridge,core,504,ew_spread_bp,291.8926749347652,113.04565352091014,2.5820778229281816,0.009820743648028317,70.32726542498776,513.4580844445426,2266,2266,0,41,dgtw,42,ar_dgtw_42,2724901
ridge_core_dgtw_fit504_val126,ridge,core,504,cap_spread_bp,-33.329683773181785,25.258426150491477,-1.3195471315038074,0.18698626423785258,-82.83528933430975,16.175921787946187,2266,2266,0,41,dgtw,42,ar_dgtw_42,2724901
lasso_core_dgtw_fit504_val126,lasso,core,504,rank_ic,0.07767244592342022,0.008181283103807144,9.493919833586434,2.2250617883716888e-21,0.061637425692632156,0.09370746615420829,2266,2266,0,41,dgtw,42,ar_dgtw_42,2724901
lasso_core_dgtw_fit504_val126,lasso,core,504,ew_spread_bp,307.27896493706197,112.16738233235311,2.739468092663438,0.006153868777052962,87.43493532551551,527.1229945486084,2266,2266,0,41,dgtw,42,ar_dgtw_42,2724901
lasso_core_dgtw_fit504_val126,lasso,core,504,cap_spread_bp,-37.21707441665575,25.08046108887093,-1.4839071054068562,0.13783356660095283,-86.373874866501,11.939726033189501,2266,2266,0,41,dgtw,42,ar_dgtw_42,2724901
enet_core_dgtw_fit504_val126,enet,core,504,rank_ic,0.07767268461645979,0.008181339401296448,9.49388367926057,2.2258339600685062e-21,0.06163755404462026,0.09370781518829932,2266,2266,0,41,dgtw,42,ar_dgtw_42,2724901
enet_core_dgtw_fit504_val126,enet,core,504,ew_spread_bp,307.32760568055204,112.18029322533428,2.739586400110662,0.006151654356860011,87.45827118375422,527.1969401773499,2266,2266,0,41,dgtw,42,ar_dgtw_42,2724901
enet_core_dgtw_fit504_val126,enet,core,504,cap_spread_bp,-37.198964980830176,25.079111683003013,-1.483264856069093,0.13800405573959995,-86.35312064377379,11.955190682113432,2266,2266,0,41,dgtw,42,ar_dgtw_42,2724901
ols_all_dgtw_fit504_val126,ols,all,504,rank_ic,0.0649486259539754,0.007477821955541921,8.685500449210487,3.770785539413125e-18,0.05029236423831035,0.07960488766964044,2266,2266,0,41,dgtw,42,ar_dgtw_42,2724901
ols_all_dgtw_fit504_val126,ols,all,504,ew_spread_bp,237.48856005555476,114.09388031311096,2.0815188282124195,0.03738644255056284,13.868663785433768,461.1084563256758,2266,2266,0,41,dgtw,42,ar_dgtw_42,2724901
ols_all_dgtw_fit504_val126,ols,all,504,cap_spread_bp,-6.12558191146457,25.00923957583063,-0.24493275346861967,0.8065085003621484,-55.14279076082639,42.89162693789724,2266,2266,0,41,dgtw,42,ar_dgtw_42,2724901
ridge_all_dgtw_fit504_val126,ridge,all,504,rank_ic,0.07130298488484657,0.007673196958684227,9.292474214955295,1.5074265749982385e-20,0.05626379519954321,0.08634217457014993,2266,2266,0,41,dgtw,42,ar_dgtw_42,2724901
ridge_all_dgtw_fit504_val126,ridge,all,504,ew_spread_bp,278.0681643171235,116.65703088396873,2.3836382788937946,0.017142442847280885,49.42458524116799,506.711743393079,2266,2266,0,41,dgtw,42,ar_dgtw_42,2724901
ridge_all_dgtw_fit504_val126,ridge,all,504,cap_spread_bp,-21.43039202366106,24.643561967224983,-0.869614224281485,0.3845112617179961,-69.73088593020307,26.87010188288095,2266,2266,0,41,dgtw,42,ar_dgtw_42,2724901
lasso_all_dgtw_fit504_val126,lasso,all,504,rank_ic,0.07060477917230787,0.007972771598114454,8.855738346876231,8.313167900336802e-19,0.054978433983039685,0.08623112436157605,2266,2266,0,41,dgtw,42,ar_dgtw_42,2724901
lasso_all_dgtw_fit504_val126,lasso,all,504,ew_spread_bp,271.1920988156737,114.06554533271215,2.3775110882488386,0.017429918929284374,47.62773808663704,494.7564595447104,2266,2266,0,41,dgtw,42,ar_dgtw_42,2724901
lasso_all_dgtw_fit504_val126,lasso,all,504,cap_spread_bp,-14.982287552282465,24.615100979935214,-0.6086624452402266,0.5427482044058984,-63.22699894877208,33.26242384420715,2266,2266,0,41,dgtw,42,ar_dgtw_42,2724901
enet_all_dgtw_fit504_val126,enet,all,504,rank_ic,0.07032779855560138,0.007952561923423336,8.843414139091344,9.283734726742078e-19,0.054741063600867064,0.0859145335103357,2266,2266,0,41,dgtw,42,ar_dgtw_42,2724901
enet_all_dgtw_fit504_val126,enet,all,504,ew_spread_bp,270.7899257520149,113.96519211700893,2.3760757185754824,0.017497871726960733,47.422253711489304,494.15759779254046,2266,2266,0,41,dgtw,42,ar_dgtw_42,2724901
enet_all_dgtw_fit504_val126,enet,all,504,cap_spread_bp,-16.66656855909074,24.612696790990952,-0.6771532880212967,0.4983087018460258,-64.90656783183758,31.573430713656087,2266,2266,0,41,dgtw,42,ar_dgtw_42,2724901
ols_textcore_dgtw_fit504_val126,ols,textcore,504,rank_ic,0.08401973720391176,0.007135846587116509,11.774319441733248,5.29426462547046e-32,0.07003373489396034,0.09800573951386318,2266,2266,0,41,dgtw,42,ar_dgtw_42,2724901
ols_textcore_dgtw_fit504_val126,ols,textcore,504,ew_spread_bp,227.7580243608162,112.50363002058775,2.024450449457829,0.04292382540798185,7.254961390444976,448.2610873311874,2266,2266,0,41,dgtw,42,ar_dgtw_42,2724901
ols_textcore_dgtw_fit504_val126,ols,textcore,504,cap_spread_bp,68.22406915770402,38.197760401957225,1.7860751112049038,0.0740870973892016,-6.642165520222363,143.0903038356304,2266,2266,0,41,dgtw,42,ar_dgtw_42,2724901
ridge_textcore_dgtw_fit504_val126,ridge,textcore,504,rank_ic,0.08775188328694783,0.00762200978468144,11.512958624549364,1.1351591902164608e-30,0.07281301861916031,0.10269074795473535,2266,2266,0,41,dgtw,42,ar_dgtw_42,2724901
ridge_textcore_dgtw_fit504_val126,ridge,textcore,504,ew_spread_bp,238.31654429156714,110.58846304029163,2.1549855901762487,0.031162961852879624,21.567139626956674,455.06594895617764,2266,2266,0,41,dgtw,42,ar_dgtw_42,2724901
ridge_textcore_dgtw_fit504_val126,ridge,textcore,504,cap_spread_bp,50.643315180825184,37.482653591718396,1.351113390542194,0.1766591126579241,-22.82133590393377,124.10796626558414,2266,2266,0,41,dgtw,42,ar_dgtw_42,2724901
lasso_textcore_dgtw_fit504_val126,lasso,textcore,504,rank_ic,0.08745424137532251,0.007485617909585399,11.682968918749726,1.557584384100823e-31,0.07278269987050712,0.1021257828801379,2266,2266,0,41,dgtw,42,ar_dgtw_42,2724901
lasso_textcore_dgtw_fit504_val126,lasso,textcore,504,ew_spread_bp,281.71957615088775,117.46941089863805,2.398237753945815,0.01647416830057774,51.48376150442027,511.9553907973552,2266,2266,0,41,dgtw,42,ar_dgtw_42,2724901
lasso_textcore_dgtw_fit504_val126,lasso,textcore,504,cap_spread_bp,11.570792473089371,46.36865373021069,0.24953910761378484,0.8029437939385582,-79.31009884973241,102.45168379591115,2266,2266,0,41,dgtw,42,ar_dgtw_42,2724901
enet_textcore_dgtw_fit504_val126,enet,textcore,504,rank_ic,0.08752584173937361,0.00749246010904742,11.681856221521013,1.578111747443488e-31,0.07284088977003762,0.1022107937087096,2266,2266,0,41,dgtw,42,ar_dgtw_42,2724901
enet_textcore_dgtw_fit504_val126,enet,textcore,504,ew_spread_bp,278.74485461436046,117.55728389754684,2.37114065052142,0.0177332813762133,48.33681205481824,509.1528971739027,2266,2266,0,41,dgtw,42,ar_dgtw_42,2724901
enet_textcore_dgtw_fit504_val126,enet,textcore,504,cap_spread_bp,13.463537220724977,45.55630769711353,0.2955361815149482,0.7675843171055199,-75.8251851342424,102.75225957569235,2266,2266,0,41,dgtw,42,ar_dgtw_42,2724901
ols_textall_dgtw_fit504_val126,ols,textall,504,rank_ic,0.07880446835060288,0.006615688627786513,11.91175594625429,1.0278952869299783e-32,0.0658379569072101,0.09177097979399566,2266,2266,0,41,dgtw,42,ar_dgtw_42,2724901
ols_textall_dgtw_fit504_val126,ols,textall,504,ew_spread_bp,254.7128418044977,118.30907969605944,2.1529441566012073,0.0313230675996673,22.831306556142238,486.5943770528532,2266,2266,0,41,dgtw,42,ar_dgtw_42,2724901
ols_textall_dgtw_fit504_val126,ols,textall,504,cap_spread_bp,54.02314315549495,28.895062232702877,1.8696323517293758,0.06153488948552494,-2.610138151646211,110.65642446263611,2266,2266,0,41,dgtw,42,ar_dgtw_42,2724901
ridge_textall_dgtw_fit504_val126,ridge,textall,504,rank_ic,0.08680013272357556,0.007473917803490893,11.613739273802723,3.5092640424120233e-31,0.07215152300532071,0.10144874244183041,2266,2266,0,41,dgtw,42,ar_dgtw_42,2724901
ridge_textall_dgtw_fit504_val126,ridge,textall,504,ew_spread_bp,321.4625525254371,122.77123738276808,2.618386516079514,0.008834667212179504,80.83534891779414,562.0897561330801,2266,2266,0,41,dgtw,42,ar_dgtw_42,2724901
ridge_textall_dgtw_fit504_val126,ridge,textall,504,cap_spread_bp,10.52627916792474,33.64327415992831,0.3128791543262557,0.7543724754680251,-55.4133265075418,76.46588484339128,2266,2266,0,41,dgtw,42,ar_dgtw_42,2724901
lasso_textall_dgtw_fit504_val126,lasso,textall,504,rank_ic,0.08271813099439848,0.006947119119862906,11.906824910759676,1.0905114881084562e-32,0.06910202772315759,0.09633423426563938,2266,2266,0,41,dgtw,42,ar_dgtw_42,2724901
lasso_textall_dgtw_fit504_val126,lasso,textall,504,ew_spread_bp,303.5033533924834,120.195335639641,2.525084286984482,0.011567054300235377,67.92482442908346,539.0818823558834,2266,2266,0,41,dgtw,42,ar_dgtw_42,2724901
lasso_textall_dgtw_fit504_val126,lasso,textall,504,cap_spread_bp,19.404082961004903,31.82119379366956,0.6097848838362911,0.5420043161774926,-42.96431081965693,81.77247674166674,2266,2266,0,41,dgtw,42,ar_dgtw_42,2724901
enet_textall_dgtw_fit504_val126,enet,textall,504,rank_ic,0.08273044840208267,0.006949827761828534,11.9039566500445,1.12866130174009e-32,0.06910903629014213,0.09635186051402321,2266,2266,0,41,dgtw,42,ar_dgtw_42,2724901
enet_textall_dgtw_fit504_val126,enet,textall,504,ew_spread_bp,303.00175349507884,120.13978853930003,2.5220766340533483,0.011666428924991553,67.53209484779285,538.4714121423649,2266,2266,0,41,dgtw,42,ar_dgtw_42,2724901
enet_textall_dgtw_fit504_val126,enet,textall,504,cap_spread_bp,18.848629290381925,31.88472342203225,0.5911492171626485,0.5544204452959169,-43.64428027382199,81.34153885458583,2266,2266,0,41,dgtw,42,ar_dgtw_42,2724901
ols_core_dgtw_fit504_val126,ols,core,504,rank_ic,0.08596715523364343,0.009639069391302496,8.918615661301612,4.721528622953536e-19,0.06707492638220812,0.10485938408507874,2266,2266,0,62,dgtw,63,ar_dgtw_63,2711735
ols_core_dgtw_fit504_val126,ols,core,504,ew_spread_bp,359.97699225327597,175.13329574385762,2.0554457718865904,0.03983596834635273,16.72204010151313,703.2319444050388,2266,2266,0,62,dgtw,63,ar_dgtw_63,2711735
ols_core_dgtw_fit504_val126,ols,core,504,cap_spread_bp,-64.46204867695783,38.0801118227914,-1.6928009291815296,0.0904933657745441,-139.0976963768869,10.173599022971217,2266,2266,0,62,dgtw,63,ar_dgtw_63,2711735
ridge_core_dgtw_fit504_val126,ridge,core,504,rank_ic,0.08528756283755855,0.009626090435642247,8.860041717639257,7.998450250399809e-19,0.06642077227177426,0.10415435340334284,2266,2266,0,62,dgtw,63,ar_dgtw_63,2711735
ridge_core_dgtw_fit504_val126,ridge,core,504,ew_spread_bp,371.9197503580997,173.00226628130787,2.1497969844703935,0.03157127683250322,32.84153920292806,710.9979615132713,2266,2266,0,62,dgtw,63,ar_dgtw_63,2711735
ridge_core_dgtw_fit504_val126,ridge,core,504,cap_spread_bp,-62.749378318468864,38.24679813610141,-1.6406439591407078,0.10087134423927945,-137.7117251892013,12.212968552263568,2266,2266,0,62,dgtw,63,ar_dgtw_63,2711735
lasso_core_dgtw_fit504_val126,lasso,core,504,rank_ic,0.08736440302494054,0.009634048238390853,9.068296199390087,1.2089254012947582e-19,0.06848201545237292,0.10624679059750816,2266,2266,0,62,dgtw,63,ar_dgtw_63,2711735
lasso_core_dgtw_fit504_val126,lasso,core,504,ew_spread_bp,390.43312485301954,171.59546202260415,2.2753114811485404,0.022887251191569976,54.112199378204764,726.7540503278343,2266,2266,0,62,dgtw,63,ar_dgtw_63,2711735
lasso_core_dgtw_fit504_val126,lasso,core,504,cap_spread_bp,-68.23087522618304,38.15845679721682,-1.7880931503278095,0.07376098053615493,-143.02007625435562,6.55832580198954,2266,2266,0,62,dgtw,63,ar_dgtw_63,2711735
enet_core_dgtw_fit504_val126,enet,core,504,rank_ic,0.08736538016659848,0.00963404102337528,9.068404416653612,1.2077255202457282e-19,0.06848300673520152,0.10624775359799543,2266,2266,0,62,dgtw,63,ar_dgtw_63,2711735
enet_core_dgtw_fit504_val126,enet,core,504,ew_spread_bp,390.45578859409807,171.61107578779743,2.2752365300530433,0.022891744586786156,54.10426070184144,726.8073164863547,2266,2266,0,62,dgtw,63,ar_dgtw_63,2711735
enet_core_dgtw_fit504_val126,enet,core,504,cap_spread_bp,-68.20940258552628,38.15486125212115,-1.7876988762928419,0.07382460313736362,-142.99155647480654,6.5727513037540035,2266,2266,0,62,dgtw,63,ar_dgtw_63,2711735
ols_all_dgtw_fit504_val126,ols,all,504,rank_ic,0.07221039741961577,0.00895242038793173,8.066019499816907,7.262721506915713e-16,0.05466397588480748,0.08975681895442406,2266,2266,0,62,dgtw,63,ar_dgtw_63,2711735
ols_all_dgtw_fit504_val126,ols,all,504,ew_spread_bp,300.3488508559066,177.66751875948614,1.6905107526294543,0.09093028288683985,-47.87308713528063,648.5707888470938,2266,2266,0,62,dgtw,63,ar_dgtw_63,2711735
ols_all_dgtw_fit504_val126,ols,all,504,cap_spread_bp,-20.460856143821886,37.43880539579361,-0.5465146637964239,0.5847122107256749,-93.8395663437812,52.91785405613743,2266,2266,0,62,dgtw,63,ar_dgtw_63,2711735
ridge_all_dgtw_fit504_val126,ridge,all,504,rank_ic,0.0795063638143441,0.009297188226740517,8.551656896185921,1.2133399957272981e-17,0.061284209732442876,0.09772851789624533,2266,2266,0,62,dgtw,63,ar_dgtw_63,2711735
ridge_all_dgtw_fit504_val126,ridge,all,504,ew_spread_bp,348.4262104383127,180.77807393987624,1.9273698565579,0.05393355343635423,-5.892303678363646,702.744724554989,2266,2266,0,62,dgtw,63,ar_dgtw_63,2711735
ridge_all_dgtw_fit504_val126,ridge,all,504,cap_spread_bp,-44.53546709821543,37.215258684039576,-1.1966991141006162,0.23142385247167185,-117.47603379427449,28.405099597843623,2266,2266,0,62,dgtw,63,ar_dgtw_63,2711735
lasso_all_dgtw_fit504_val126,lasso,all,504,rank_ic,0.07902666654731119,0.009665925347120923,8.175799389020726,2.939106620422614e-16,0.06008180098970137,0.09797153210492102,2266,2266,0,62,dgtw,63,ar_dgtw_63,2711735
lasso_all_dgtw_fit504_val126,lasso,all,504,ew_spread_bp,333.0618301499755,177.58895614487864,1.8754647663915582,0.06072881228577044,-15.00612794604973,681.1297882460008,2266,2266,0,62,dgtw,63,ar_dgtw_63,2711735
lasso_all_dgtw_fit504_val126,lasso,all,504,cap_spread_bp,-36.16530693026676,37.569169196203035,-0.962632597526853,0.33573193278872016,-109.79952548391631,37.4689116233828,2266,2266,0,62,dgtw,63,ar_dgtw_63,2711735
enet_all_dgtw_fit504_val126,enet,all,504,rank_ic,0.07867823608554218,0.009653229322985502,8.15045757777657,3.6254981047121125e-16,0.05975825427798463,0.09759821789309973,2266,2266,0,62,dgtw,63,ar_dgtw_63,2711735
enet_all_dgtw_fit504_val126,enet,all,504,ew_spread_bp,331.35348807098137,177.3317043417221,1.8685518717648815,0.06168518699714213,-16.21026575589906,678.9172418978618,2266,2266,0,62,dgtw,63,ar_dgtw_63,2711735
enet_all_dgtw_fit504_val126,enet,all,504,cap_spread_bp,-39.994564274159444,37.55664372709996,-1.0649131632947366,0.28691522768135036,-113.6042333594775,33.615104811158616,2266,2266,0,62,dgtw,63,ar_dgtw_63,2711735
ols_textcore_dgtw_fit504_val126,ols,textcore,504,rank_ic,0.09419066036596623,0.008358089055361522,11.269401383746334,1.8582898032820425e-29,0.07780910683787924,0.11057221389405321,2266,2266,0,62,dgtw,63,ar_dgtw_63,2711735
ols_textcore_dgtw_fit504_val126,ols,textcore,504,ew_spread_bp,295.1051124782437,171.29466890744706,1.7227921590349855,0.08492611723003893,-40.62626932406556,630.836494280553,2266,2266,0,62,dgtw,63,ar_dgtw_63,2711735
ols_textcore_dgtw_fit504_val126,ols,textcore,504,cap_spread_bp,84.7523052535452,50.25898911928201,1.6863113790927746,0.09173584046295266,-13.753503319638,183.2581138267284,2266,2266,0,62,dgtw,63,ar_dgtw_63,2711735
ridge_textcore_dgtw_fit504_val126,ridge,textcore,504,rank_ic,0.0991291065904731,0.008829456668295274,11.227090217954737,3.0020258416106845e-29,0.08182368951755734,0.11643452366338886,2266,2266,0,62,dgtw,63,ar_dgtw_63,2711735
ridge_textcore_dgtw_fit504_val126,ridge,textcore,504,ew_spread_bp,299.88858263150956,167.7256891755003,1.7879704898259219,0.07378076902002592,-28.8477274346306,628.6248926976498,2266,2266,0,62,dgtw,63,ar_dgtw_63,2711735
ridge_textcore_dgtw_fit504_val126,ridge,textcore,504,cap_spread_bp,59.03617838079606,47.51655467429661,1.2424339008890901,0.21407651412112205,-34.094557450253646,152.16691421184578,2266,2266,0,62,dgtw,63,ar_dgtw_63,2711735
lasso_textcore_dgtw_fit504_val126,lasso,textcore,504,rank_ic,0.09868566533580875,0.008697353932456832,11.346630952608821,7.707560251698464e-30,0.08163916486739554,0.11573216580422195,2266,2266,0,62,dgtw,63,ar_dgtw_63,2711735
lasso_textcore_dgtw_fit504_val126,lasso,textcore,504,ew_spread_bp,349.98309869809344,182.2161082135002,1.9207034006456931,0.05476911065221182,-7.1539108034201035,707.120108199607,2266,2266,0,62,dgtw,63,ar_dgtw_63,2711735
lasso_textcore_dgtw_fit504_val126,lasso,textcore,504,cap_spread_bp,9.534911020918807,59.53488261584813,0.1601567115273126,0.8727576283402744,-107.15131472996329,126.22113677180091,2266,2266,0,62,dgtw,63,ar_dgtw_63,2711735
enet_textcore_dgtw_fit504_val126,enet,textcore,504,rank_ic,0.09874622503858728,0.008700165666934778,11.349924681764977,7.42266120511388e-30,0.08169421367186322,0.11579823640531134,2266,2266,0,62,dgtw,63,ar_dgtw_63,2711735
enet_textcore_dgtw_fit504_val126,enet,textcore,504,ew_spread_bp,347.29886753334955,182.4341812425259,1.9036940619787386,0.05695004024157909,-10.265557251053906,704.863292317753,2266,2266,0,62,dgtw,63,ar_dgtw_63,2711735
enet_textcore_dgtw_fit504_val126,enet,textcore,504,cap_spread_bp,12.99685930763467,59.10781848206808,0.21988392807252075,0.8259615535472784,-102.85233612194975,128.84605473721908,2266,2266,0,62,dgtw,63,ar_dgtw_63,2711735
ols_textall_dgtw_fit504_val126,ols,textall,504,rank_ic,0.08757217571727349,0.007736619008913915,11.319179038850859,1.0545483014244556e-29,0.07240868109769426,0.10273567033685273,2266,2266,0,62,dgtw,63,ar_dgtw_63,2711735
ols_textall_dgtw_fit504_val126,ols,textall,504,ew_spread_bp,320.4376107255752,183.75086072278458,1.7438699849629704,0.08118176350309332,-39.707458419318186,680.5826798704686,2266,2266,0,62,dgtw,63,ar_dgtw_63,2711735
ols_textall_dgtw_fit504_val126,ols,textall,504,cap_spread_bp,38.98955696937304,38.69748677542173,1.0075475235806997,0.3136717321234228,-36.85612340266859,114.83523734141467,2266,2266,0,62,dgtw,63,ar_dgtw_63,2711735
ridge_textall_dgtw_fit504_val126,ridge,textall,504,rank_ic,0.09731967934685352,0.00871624716269094,11.16531891883712,6.027449261707693e-29,0.08023614882762985,0.1144032098660772,2266,2266,0,62,dgtw,63,ar_dgtw_63,2711735
ridge_textall_dgtw_fit504_val126,ridge,textall,504,ew_spread_bp,393.32483932288864,189.07373723479643,2.080272200017119,0.03750057316515167,22.747123920297838,763.9025547254794,2266,2266,0,62,dgtw,63,ar_dgtw_63,2711735
ridge_textall_dgtw_fit504_val126,ridge,textall,504,cap_spread_bp,-4.830715177442696,48.10430560456477,-0.10042167986277498,0.9200095587226355,-99.11342166369792,89.45199130881252,2266,2266,0,62,dgtw,63,ar_dgtw_63,2711735
lasso_textall_dgtw_fit504_val126,lasso,textall,504,rank_ic,0.09253171007150915,0.008042100244870258,11.505913536769393,1.2317809971512892e-30,0.07676948323150269,0.1082939369115156,2266,2266,0,62,dgtw,63,ar_dgtw_63,2711735
lasso_textall_dgtw_fit504_val126,lasso,textall,504,ew_spread_bp,365.66725534743483,186.07948137376218,1.9651132550877537,0.049401130792415135,0.9581735929691604,730.3763371019005,2266,2266,0,62,dgtw,63,ar_dgtw_63,2711735
lasso_textall_dgtw_fit504_val126,lasso,textall,504,cap_spread_bp,7.275449732903112,43.78727698059106,0.1661544228047794,0.8680354261262676,-78.54603613013512,93.09693559594135,2266,2266,0,62,dgtw,63,ar_dgtw_63,2711735
enet_textall_dgtw_fit504_val126,enet,textall,504,rank_ic,0.09254901212581047,0.008044279923271131,11.504946745833315,1.2456621523617365e-30,0.07678251319464043,0.10831551105698052,2266,2266,0,62,dgtw,63,ar_dgtw_63,2711735
enet_textall_dgtw_fit504_val126,enet,textall,504,ew_spread_bp,365.8606795752037,186.0140146740941,1.9668447036972454,0.04920111706221874,1.2799101942740663,730.4414489561333,2266,2266,0,62,dgtw,63,ar_dgtw_63,2711735
enet_textall_dgtw_fit504_val126,enet,textall,504,cap_spread_bp,6.769767769992908,43.86328044467912,0.15433792688011602,0.877343294233801,-79.20068214535821,92.74021768534404,2266,2266,0,62,dgtw,63,ar_dgtw_63,2711735
