model_id,estimator,feature_set,fit_days,metric,mean,se,t,p,ci_low,ci_high,n,calendar_days,missing_days,hac_lags,target,year
ols_core_raw_fit504_val126,ols,core,504,rank_ic,0.016809607941321553,0.0037837979114251985,4.442522654437979,8.891026870049436e-06,0.009393500310150286,0.02422571557249282,252,252,0,5,raw,2014
ols_core_raw_fit504_val126,ols,core,504,ew_spread_bp,13.926051819898749,5.987546835413145,2.3258359730121163,0.02002730277049152,2.1906756667422105,25.66142797305529,252,252,0,5,raw,2014
ols_core_raw_fit504_val126,ols,core,504,cap_spread_bp,-4.984211093448352,2.8583590809124324,-1.7437316139640913,0.08120590003429817,-10.586491946919729,0.6180697600230252,252,252,0,5,raw,2014
ridge_core_raw_fit504_val126,ridge,core,504,rank_ic,0.016818001169035618,0.0037891784534943673,4.438429431457923,9.06176845300195e-06,0.009391347869191477,0.02424465446887976,252,252,0,5,raw,2014
ridge_core_raw_fit504_val126,ridge,core,504,ew_spread_bp,13.887755468693145,6.002375971225149,2.3137096935063375,0.020683651815849108,2.123314743423226,25.652196193963064,252,252,0,5,raw,2014
ridge_core_raw_fit504_val126,ridge,core,504,cap_spread_bp,-4.954225511527639,2.8478514243511204,-1.7396362286197755,0.08192291357139547,-10.535911736576928,0.6274607135216508,252,252,0,5,raw,2014
lasso_core_raw_fit504_val126,lasso,core,504,rank_ic,0.01602128474377702,0.003459898215810991,4.63056533587121,3.6466868799944274e-06,0.009240008850613086,0.02280256063694095,252,252,0,5,raw,2014
lasso_core_raw_fit504_val126,lasso,core,504,ew_spread_bp,16.640605161278472,5.983947112453076,2.780874370805857,0.00542127119790727,4.91228433547799,28.368925987078953,252,252,0,5,raw,2014
lasso_core_raw_fit504_val126,lasso,core,504,cap_spread_bp,-2.960156817677867,2.736947174181763,-1.0815542388255392,0.2794506475893124,-8.324474706662798,2.4041610713070627,252,252,0,5,raw,2014
enet_core_raw_fit504_val126,enet,core,504,rank_ic,0.016042466114389673,0.003460161565467357,4.636334405449316,3.5464205892308826e-06,0.00926067406538392,0.022824258163395426,252,252,0,5,raw,2014
enet_core_raw_fit504_val126,enet,core,504,ew_spread_bp,16.661495664372364,5.9849009376724345,2.7839217119694086,0.005370599548783247,4.931305375494393,28.391685953250335,252,252,0,5,raw,2014
enet_core_raw_fit504_val126,enet,core,504,cap_spread_bp,-2.9620429084667452,2.7370366317142114,-1.08220798879539,0.27916011950498565,-8.32653613099342,2.4024503140599287,252,252,0,5,raw,2014
ols_all_raw_fit504_val126,ols,all,504,rank_ic,0.007775893627810634,0.0031945699431535583,2.4340971605506834,0.014928987149321504,0.0015146515931354918,0.014037135662485777,252,252,0,5,raw,2014
ols_all_raw_fit504_val126,ols,all,504,ew_spread_bp,12.773867712118205,6.571432497564936,1.943848273089863,0.05191375053821127,-0.10590330994516428,25.653638734181577,252,252,0,5,raw,2014
ols_all_raw_fit504_val126,ols,all,504,cap_spread_bp,-6.1712560322403425,4.04440288862076,-1.5258756860261495,0.12704082696750033,-14.098140032906791,1.755627968426107,252,252,0,5,raw,2014
ridge_all_raw_fit504_val126,ridge,all,504,rank_ic,0.016101459019820182,0.003250645053363715,4.953311959778153,7.296086268958078e-07,0.009730311788704019,0.022472606250936347,252,252,0,5,raw,2014
ridge_all_raw_fit504_val126,ridge,all,504,ew_spread_bp,13.274676894306504,6.985854207764359,1.90022243515367,0.05740393527203966,-0.41734575415923203,26.96669954277224,252,252,0,5,raw,2014
ridge_all_raw_fit504_val126,ridge,all,504,cap_spread_bp,-5.100388035391551,3.519870115597402,-1.4490273413187857,0.14732994723822532,-11.999206692221296,1.798430621438194,252,252,0,5,raw,2014
lasso_all_raw_fit504_val126,lasso,all,504,rank_ic,0.010747803103494971,0.0033620553287383235,3.1967954279706317,0.0013896344278937652,0.004158295745136886,0.017337310461853057,252,252,0,5,raw,2014
lasso_all_raw_fit504_val126,lasso,all,504,ew_spread_bp,15.307520142844446,6.42909885935769,2.380974453451439,0.017266909362220553,2.7067179254558322,27.908322360233058,252,252,0,5,raw,2014
lasso_all_raw_fit504_val126,lasso,all,504,cap_spread_bp,-4.06400866951954,3.6311594570334216,-1.1192041323461313,0.2630530629326957,-11.180950427427064,3.0529330883879844,252,252,0,5,raw,2014
enet_all_raw_fit504_val126,enet,all,504,rank_ic,0.010743361999680902,0.0033619712500126,3.1955543937624804,0.001395624734266193,0.004154019432597101,0.017332704566764702,252,252,0,5,raw,2014
enet_all_raw_fit504_val126,enet,all,504,ew_spread_bp,15.338368426774329,6.434825737736159,2.383649387243629,0.017141925464997407,2.726341734020073,27.950395119528586,252,252,0,5,raw,2014
enet_all_raw_fit504_val126,enet,all,504,cap_spread_bp,-4.036066744567882,3.6271646369136845,-1.1127332637434753,0.2658230048687379,-11.145178798916007,3.073045309780242,252,252,0,5,raw,2014
ols_textcore_raw_fit504_val126,ols,textcore,504,rank_ic,0.020806035804023154,0.0036220394588589696,5.744287449197906,9.230886420986486e-09,0.013706968914076627,0.02790510269396968,252,252,0,5,raw,2014
ols_textcore_raw_fit504_val126,ols,textcore,504,ew_spread_bp,5.1771801020332955,5.717397009578678,0.9055134868821726,0.36519341815011275,-6.02871212205792,16.383072326124513,252,252,0,5,raw,2014
ols_textcore_raw_fit504_val126,ols,textcore,504,cap_spread_bp,3.6266194946787453,3.512204472457168,1.032576412654452,0.30180217121773667,-3.2571747776778044,10.510413767035296,252,252,0,5,raw,2014
ridge_textcore_raw_fit504_val126,ridge,textcore,504,rank_ic,0.025459208165261996,0.004821389543703087,5.280471103711722,1.288521457077827e-07,0.01600945830416594,0.03490895802635805,252,252,0,5,raw,2014
ridge_textcore_raw_fit504_val126,ridge,textcore,504,ew_spread_bp,9.105038074937902,6.410793098004969,1.4202670302636,0.15552995573497735,-3.459885509489796,21.669961659365597,252,252,0,5,raw,2014
ridge_textcore_raw_fit504_val126,ridge,textcore,504,cap_spread_bp,6.796982264623615,4.911877536007327,1.3837849610046704,0.16642430930952723,-2.8301208024220887,16.424085331669318,252,252,0,5,raw,2014
lasso_textcore_raw_fit504_val126,lasso,textcore,504,rank_ic,0.023159080101401202,0.004014598134604967,5.768716898903266,7.987735877211775e-09,0.015290612345173782,0.031027547857628623,252,252,0,5,raw,2014
lasso_textcore_raw_fit504_val126,lasso,textcore,504,ew_spread_bp,6.427184516278278,5.891079734729233,1.0910028052054002,0.27527164824159667,-5.119119593844794,17.973488626401352,252,252,0,5,raw,2014
lasso_textcore_raw_fit504_val126,lasso,textcore,504,cap_spread_bp,5.637260937791604,3.902258015886187,1.4446151215122573,0.14856602295495613,-2.0110242317280527,13.28554610731126,252,252,0,5,raw,2014
enet_textcore_raw_fit504_val126,enet,textcore,504,rank_ic,0.023166794912492638,0.004017138765028149,5.766988960942777,8.070033609682928e-09,0.015293347612137754,0.03104024221284752,252,252,0,5,raw,2014
enet_textcore_raw_fit504_val126,enet,textcore,504,ew_spread_bp,5.906225297790453,5.86608013743502,1.0068436092611899,0.31400993428797375,-5.591080502007957,17.40353109758886,252,252,0,5,raw,2014
enet_textcore_raw_fit504_val126,enet,textcore,504,cap_spread_bp,5.541496481376846,3.901434128712187,1.4203742261325896,0.1554987621951441,-2.1051738989544457,13.188166861708138,252,252,0,5,raw,2014
ols_textall_raw_fit504_val126,ols,textall,504,rank_ic,0.019366471816109895,0.003338671165406826,5.800652671869241,6.605729932159703e-09,0.012822796575690146,0.025910147056529644,252,252,0,5,raw,2014
ols_textall_raw_fit504_val126,ols,textall,504,ew_spread_bp,14.328607511492688,5.986737223117068,2.3933917553896453,0.016693406261484217,2.594818169277902,26.062396853707476,252,252,0,5,raw,2014
ols_textall_raw_fit504_val126,ols,textall,504,cap_spread_bp,-1.7049412357516556,4.069971268930918,-0.4189074376929206,0.6752837811469836,-9.681938340969038,6.272055869465727,252,252,0,5,raw,2014
ridge_textall_raw_fit504_val126,ridge,textall,504,rank_ic,0.028704215377342256,0.004784867780119396,5.998956856572953,1.9858910739386197e-09,0.019326046857522122,0.03808238389716239,252,252,0,5,raw,2014
ridge_textall_raw_fit504_val126,ridge,textall,504,ew_spread_bp,21.06065683231664,6.999569811901838,3.008850171978539,0.0026223840511255046,7.341752093715234,34.77956157091804,252,252,0,5,raw,2014
ridge_textall_raw_fit504_val126,ridge,textall,504,cap_spread_bp,0.2826315038117706,4.479809270996687,0.06309007520511907,0.9496947773946167,-8.49763332495037,9.062896332573912,252,252,0,5,raw,2014
lasso_textall_raw_fit504_val126,lasso,textall,504,rank_ic,0.0246463243709015,0.004213430424194936,5.849467509745506,4.931491961463779e-09,0.016388152488114104,0.032904496253688895,252,252,0,5,raw,2014
lasso_textall_raw_fit504_val126,lasso,textall,504,ew_spread_bp,17.30876115673981,5.8644495675993875,2.9514724199129145,0.003162627889397797,5.814651215093516,28.802871098386102,252,252,0,5,raw,2014
lasso_textall_raw_fit504_val126,lasso,textall,504,cap_spread_bp,2.07219133702297,4.648894361512349,0.4457385296122018,0.6557861293429006,-7.039474179472565,11.183856853518504,252,252,0,5,raw,2014
enet_textall_raw_fit504_val126,enet,textall,504,rank_ic,0.024477736342221425,0.004156291170343396,5.8893218350241465,3.877836142620129e-09,0.016331555339086538,0.032623917345356315,252,252,0,5,raw,2014
enet_textall_raw_fit504_val126,enet,textall,504,ew_spread_bp,16.85867628494024,5.683856718348847,2.9660628549126526,0.003016388356082592,5.71852182369048,27.998830746190002,252,252,0,5,raw,2014
enet_textall_raw_fit504_val126,enet,textall,504,cap_spread_bp,2.371925351409988,4.626684687378948,0.5126619840509818,0.6081877865688945,-6.6962100036757075,11.440060706495684,252,252,0,5,raw,2014
ols_core_raw_fit252_val126,ols,core,252,rank_ic,0.021898443118621807,0.003978045734674723,5.504824373370961,3.6953647269808195e-08,0.01410161674980617,0.029695269487437444,252,252,0,5,raw,2014
ols_core_raw_fit252_val126,ols,core,252,ew_spread_bp,17.904909499875046,6.584311098847692,2.71932921015967,0.006541446658686442,4.999896883126221,30.809922116623873,252,252,0,5,raw,2014
ols_core_raw_fit252_val126,ols,core,252,cap_spread_bp,-2.8024466109395916,2.8601490343353984,-0.9798253787816288,0.3271723223786026,-8.408235708653987,2.803342486774804,252,252,0,5,raw,2014
ridge_core_raw_fit252_val126,ridge,core,252,rank_ic,0.021898005743117923,0.0039757996937753465,5.5078241938099195,3.632959486121274e-08,0.014105581533572869,0.029690429952662977,252,252,0,5,raw,2014
ridge_core_raw_fit252_val126,ridge,core,252,ew_spread_bp,18.838825268148348,6.649884171235858,2.832955399379117,0.004611982040143901,5.805291791163082,31.872358745133614,252,252,0,5,raw,2014
ridge_core_raw_fit252_val126,ridge,core,252,cap_spread_bp,-3.0931774724820342,2.8811525124746913,-1.0735903285540513,0.2830063341832598,-8.740132630899518,2.5537776859354495,252,252,0,5,raw,2014
lasso_core_raw_fit252_val126,lasso,core,252,rank_ic,0.021720999988422102,0.003977903185973976,5.460414437689184,4.750243829814336e-08,0.013924453009925973,0.02951754696691823,252,252,0,5,raw,2014
lasso_core_raw_fit252_val126,lasso,core,252,ew_spread_bp,17.331719096597958,6.621103180376436,2.617648241454014,0.008853802174680993,4.354595325136534,30.30884286805938,252,252,0,5,raw,2014
lasso_core_raw_fit252_val126,lasso,core,252,cap_spread_bp,-3.0024452548693623,2.8806203496915823,-1.042291204806223,0.297276688807135,-8.64835739339804,2.643466883659315,252,252,0,5,raw,2014
enet_core_raw_fit252_val126,enet,core,252,rank_ic,0.021720684033162924,0.003978042402060206,5.4601439195102355,4.757487653113965e-08,0.013923864196151716,0.029517503870174135,252,252,0,5,raw,2014
enet_core_raw_fit252_val126,enet,core,252,ew_spread_bp,17.331719096597958,6.621103180376436,2.617648241454014,0.008853802174680993,4.354595325136534,30.30884286805938,252,252,0,5,raw,2014
enet_core_raw_fit252_val126,enet,core,252,cap_spread_bp,-3.0024452548693623,2.8806203496915823,-1.042291204806223,0.297276688807135,-8.64835739339804,2.643466883659315,252,252,0,5,raw,2014
ols_all_raw_fit252_val126,ols,all,252,rank_ic,0.011218999750651746,0.0037409149382798272,2.9989988908463507,0.002708682928205251,0.0038869412023954057,0.018551058298908088,252,252,0,5,raw,2014
ols_all_raw_fit252_val126,ols,all,252,ew_spread_bp,13.795635756240118,6.41696747416777,2.1498684248869915,0.03156562385675809,1.2186106169063304,26.372660895573908,252,252,0,5,raw,2014
ols_all_raw_fit252_val126,ols,all,252,cap_spread_bp,-1.9578652177668963,4.023058779164624,-0.4866608531564734,0.6264986914502773,-9.842915532617239,5.927185097083446,252,252,0,5,raw,2014
ridge_all_raw_fit252_val126,ridge,all,252,rank_ic,0.01663880146844147,0.00414721664854093,4.012040575284467,6.019615027476712e-05,0.008510406201216342,0.024767196735666602,252,252,0,5,raw,2014
ridge_all_raw_fit252_val126,ridge,all,252,ew_spread_bp,18.784086109993257,6.5628705026237935,2.8621753396602143,0.004207440717501199,5.92109628965034,31.647075930336175,252,252,0,5,raw,2014
ridge_all_raw_fit252_val126,ridge,all,252,cap_spread_bp,0.24423834757342008,3.6684437693618444,0.0665781903523377,0.9469175087909886,-6.945779319686156,7.434256014832996,252,252,0,5,raw,2014
lasso_all_raw_fit252_val126,lasso,all,252,rank_ic,0.015297727286249597,0.003833564888705445,3.9904704186226727,6.594237367645738e-05,0.007784078171989625,0.02281137640050957,252,252,0,5,raw,2014
lasso_all_raw_fit252_val126,lasso,all,252,ew_spread_bp,16.758496236016143,6.491556530869671,2.581583655063852,0.009834815253749919,4.035279231905813,29.481713240126474,252,252,0,5,raw,2014
lasso_all_raw_fit252_val126,lasso,all,252,cap_spread_bp,1.2467686717096276,3.9734469566589157,0.3137750888105416,0.7536918658016288,-6.541044257822132,9.034581601241387,252,252,0,5,raw,2014
enet_all_raw_fit252_val126,enet,all,252,rank_ic,0.015298560066972593,0.0038323698611802378,3.9919320475662974,6.553715436863594e-05,0.007787253163622561,0.022809866970322626,252,252,0,5,raw,2014
enet_all_raw_fit252_val126,enet,all,252,ew_spread_bp,16.960245265216564,6.491085838767113,2.6128517919026497,0.008979023048246193,4.237950800675055,29.682539729758073,252,252,0,5,raw,2014
enet_all_raw_fit252_val126,enet,all,252,cap_spread_bp,1.1444404277196603,3.968430010564922,0.28838619420599143,0.7730511344727442,-6.633539468155493,8.922420323594814,252,252,0,5,raw,2014
ols_textcore_raw_fit252_val126,ols,textcore,252,rank_ic,0.023554650863343723,0.003859380478167472,6.10322071031671,1.0395213724643483e-09,0.015990404123498506,0.03111889760318894,252,252,0,5,raw,2014
ols_textcore_raw_fit252_val126,ols,textcore,252,ew_spread_bp,12.82382501299839,5.589196803456823,2.2943949665660495,0.02176782202301556,1.8692005757166203,23.778449450280156,252,252,0,5,raw,2014
ols_textcore_raw_fit252_val126,ols,textcore,252,cap_spread_bp,-4.986320923902605,3.8008884911816807,-1.3118829809059667,0.18955962072429056,-12.435925475871485,2.463283628066276,252,252,0,5,raw,2014
ridge_textcore_raw_fit252_val126,ridge,textcore,252,rank_ic,0.027345003464990934,0.004523982667480342,6.044453631874963,1.4991715959420018e-09,0.018478160370046022,0.03621184655993585,252,252,0,5,raw,2014
ridge_textcore_raw_fit252_val126,ridge,textcore,252,ew_spread_bp,6.903557940201161,6.397407931457664,1.0791179824964154,0.28053513582378187,-5.635131199866748,19.44224708026907,252,252,0,5,raw,2014
ridge_textcore_raw_fit252_val126,ridge,textcore,252,cap_spread_bp,-0.8416368602290476,4.814865133483396,-0.1747996749433667,0.8612370437630242,-10.278599112274144,8.595325391816047,252,252,0,5,raw,2014
lasso_textcore_raw_fit252_val126,lasso,textcore,252,rank_ic,0.02287881955771247,0.004371648983436684,5.23345301610349,1.663723108041632e-07,0.01431054499712543,0.03144709411829951,252,252,0,5,raw,2014
lasso_textcore_raw_fit252_val126,lasso,textcore,252,ew_spread_bp,9.493568359427877,6.369000931333876,1.4905898839992187,0.13606920183789487,-2.9894440834885803,21.976580802344337,252,252,0,5,raw,2014
lasso_textcore_raw_fit252_val126,lasso,textcore,252,cap_spread_bp,-5.127230368117473,4.049676469008969,-1.2660839470398981,0.20548302921997186,-13.06445039641439,2.8099896601794425,252,252,0,5,raw,2014
enet_textcore_raw_fit252_val126,enet,textcore,252,rank_ic,0.022860819070323696,0.00436711065212181,5.234769826410629,1.6519058926629501e-07,0.01430143947566372,0.031420198664983676,252,252,0,5,raw,2014
enet_textcore_raw_fit252_val126,enet,textcore,252,ew_spread_bp,9.752536084566747,6.291798426630929,1.550039499563075,0.12113203568815122,-2.579162229615651,22.084234398749146,252,252,0,5,raw,2014
enet_textcore_raw_fit252_val126,enet,textcore,252,cap_spread_bp,-4.837790947691018,4.011019121068118,-1.206125127222713,0.22776924764943174,-12.699243966286033,3.0236620709039963,252,252,0,5,raw,2014
ols_textall_raw_fit252_val126,ols,textall,252,rank_ic,0.02243756088811999,0.003724685834398564,6.024014342606441,1.7014327882243021e-09,0.015137310798972285,0.029737810977267694,252,252,0,5,raw,2014
ols_textall_raw_fit252_val126,ols,textall,252,ew_spread_bp,18.008963925133216,6.138338170881764,2.933850078602993,0.0033478587431061036,5.978042185277486,30.039885664988944,252,252,0,5,raw,2014
ols_textall_raw_fit252_val126,ols,textall,252,cap_spread_bp,-8.829185581670531,3.7750207230379904,-2.338844268532954,0.019343494699090535,-16.228090239717346,-1.430280923623716,252,252,0,5,raw,2014
ridge_textall_raw_fit252_val126,ridge,textall,252,rank_ic,0.029460548623558347,0.004748662712309087,6.203967392165624,5.505719831007502e-10,0.020153340732704247,0.038767756514412444,252,252,0,5,raw,2014
ridge_textall_raw_fit252_val126,ridge,textall,252,ew_spread_bp,18.87633326344934,6.939583565588772,2.720095966139983,0.006526297285981119,5.274999407189295,32.47766711970938,252,252,0,5,raw,2014
ridge_textall_raw_fit252_val126,ridge,textall,252,cap_spread_bp,-3.5187315697907477,5.3351835119666875,-0.6595333716072405,0.509553323769893,-13.975499104157375,6.938035964575881,252,252,0,5,raw,2014
lasso_textall_raw_fit252_val126,lasso,textall,252,rank_ic,0.02356678504957834,0.004058675485283532,5.8065211508113475,6.378421838483964e-09,0.015611927273486991,0.03152164282566969,252,252,0,5,raw,2014
lasso_textall_raw_fit252_val126,lasso,textall,252,ew_spread_bp,15.926091447859122,5.769000044469208,2.7606329216668333,0.005768947703066786,4.619059133889504,27.23312376182874,252,252,0,5,raw,2014
lasso_textall_raw_fit252_val126,lasso,textall,252,cap_spread_bp,-4.044731760934376,4.754702549768684,-0.8506802935824349,0.394946972938916,-13.36377751568176,5.274313993813008,252,252,0,5,raw,2014
enet_textall_raw_fit252_val126,enet,textall,252,rank_ic,0.023611434261817152,0.004062943260821209,5.811411271602344,6.194836449711569e-09,0.015648211799377858,0.031574656724256446,252,252,0,5,raw,2014
enet_textall_raw_fit252_val126,enet,textall,252,ew_spread_bp,16.003532026393245,5.814103400750912,2.7525365345800923,0.0059135547715176845,4.608098758529609,27.398965294256882,252,252,0,5,raw,2014
enet_textall_raw_fit252_val126,enet,textall,252,cap_spread_bp,-4.472416545499452,4.747254260606839,-0.9421059627271249,0.3461383920183084,-13.776863921743182,4.832030830744277,252,252,0,5,raw,2014
ols_core_raw_fit756_val126,ols,core,756,rank_ic,0.010618038630117219,0.003481311882091459,3.0500107401288754,0.0022883318287138894,0.0037947927222666085,0.017441284537967828,252,252,0,5,raw,2014
ols_core_raw_fit756_val126,ols,core,756,ew_spread_bp,2.5647151295559913,5.352698488423899,0.47914432974370114,0.631835955144054,-7.926381127856838,13.05581138696882,252,252,0,5,raw,2014
ols_core_raw_fit756_val126,ols,core,756,cap_spread_bp,-4.729891148014526,3.8404974484588004,-1.2315829424421676,0.2181049160072166,-12.257127829711749,2.7973455336826953,252,252,0,5,raw,2014
ridge_core_raw_fit756_val126,ridge,core,756,rank_ic,0.011189749982923464,0.0035156684382313384,3.182822891157734,0.0014584679639317196,0.004299166462405861,0.018080333503441067,252,252,0,5,raw,2014
ridge_core_raw_fit756_val126,ridge,core,756,ew_spread_bp,3.1841005577986228,5.2651903500391235,0.6047455734957357,0.5453480620123154,-7.135482900025901,13.503684015623145,252,252,0,5,raw,2014
ridge_core_raw_fit756_val126,ridge,core,756,cap_spread_bp,-5.057894769333071,3.6489315477567157,-1.3861303516210262,0.16570710392884735,-12.209669184988229,2.0938796463220877,252,252,0,5,raw,2014
lasso_core_raw_fit756_val126,lasso,core,756,rank_ic,0.008696611219834114,0.003378705700467625,2.573947538144702,0.010054551758492914,0.002074469732557394,0.015318752707110835,252,252,0,5,raw,2014
lasso_core_raw_fit756_val126,lasso,core,756,ew_spread_bp,3.100608867076552,4.918209249628603,0.630434515837384,0.528410334229192,-6.538904130627275,12.74012186478038,252,252,0,5,raw,2014
lasso_core_raw_fit756_val126,lasso,core,756,cap_spread_bp,-3.195477473503334,3.2885211081728727,-0.9717065417526742,0.3311965614085778,-9.640860407921911,3.2499054609152433,252,252,0,5,raw,2014
enet_core_raw_fit756_val126,enet,core,756,rank_ic,0.008696794146048504,0.0033788546057774717,2.573888243423655,0.01005627499166038,0.002074360809727377,0.015319227482369632,252,252,0,5,raw,2014
enet_core_raw_fit756_val126,enet,core,756,ew_spread_bp,3.0976075381201444,4.925167023582772,0.6289345159845595,0.5293919280368518,-6.555542445946424,12.750757522186712,252,252,0,5,raw,2014
enet_core_raw_fit756_val126,enet,core,756,cap_spread_bp,-3.2063736476887432,3.2902951940573155,-0.9744942196918547,0.3298112077944365,-9.65523372654631,3.2424864311688233,252,252,0,5,raw,2014
ols_all_raw_fit756_val126,ols,all,756,rank_ic,0.005500892597515703,0.003453310931428717,1.592932900264458,0.11117524465407318,-0.0012674724555030506,0.012269257650534457,252,252,0,5,raw,2014
ols_all_raw_fit756_val126,ols,all,756,ew_spread_bp,12.778549688724015,6.23641689633341,2.0490210807165465,0.0404600536069583,0.5553971793334664,25.001702198114565,252,252,0,5,raw,2014
ols_all_raw_fit756_val126,ols,all,756,cap_spread_bp,-2.384206306881512,4.211989344092014,-0.5660523121279357,0.5713582197108025,-10.639553724568344,5.871141110805321,252,252,0,5,raw,2014
ridge_all_raw_fit756_val126,ridge,all,756,rank_ic,0.006166150693134119,0.003615357967080671,1.705543614015395,0.08809308533721284,-0.0009198207135639423,0.01325212209983218,252,252,0,5,raw,2014
ridge_all_raw_fit756_val126,ridge,all,756,ew_spread_bp,2.5684756474258115,6.127594178690174,0.4191654297796277,0.6750952351879932,-9.441388254684222,14.578339549535846,252,252,0,5,raw,2014
ridge_all_raw_fit756_val126,ridge,all,756,cap_spread_bp,-3.071400004142851,3.909446899712183,-0.7856354320527976,0.43208110032663927,-10.733775127050503,4.5909751187648,252,252,0,5,raw,2014
lasso_all_raw_fit756_val126,lasso,all,756,rank_ic,0.006365851647928934,0.003499166929005927,1.8192477744230966,0.06887363716772553,-0.000492389508816307,0.013224092804674174,252,252,0,5,raw,2014
lasso_all_raw_fit756_val126,lasso,all,756,ew_spread_bp,14.390556582547994,6.34299992457337,2.2687303726423904,0.023284727403579016,1.9585051764439108,26.822607988652077,252,252,0,5,raw,2014
lasso_all_raw_fit756_val126,lasso,all,756,cap_spread_bp,-1.7957496879907957,3.879150172602504,-0.4629234775889162,0.6434192183832825,-9.398744316914037,5.8072449409324465,252,252,0,5,raw,2014
enet_all_raw_fit756_val126,enet,all,756,rank_ic,0.00638953946821954,0.003499433349581584,1.8258783151230804,0.06786859326113272,-0.00046922386325872877,0.013248302799697808,252,252,0,5,raw,2014
enet_all_raw_fit756_val126,enet,all,756,ew_spread_bp,14.742599844866497,6.3495439258452535,2.321836027444122,0.02024176652228432,2.297722431954737,27.187477257778255,252,252,0,5,raw,2014
enet_all_raw_fit756_val126,enet,all,756,cap_spread_bp,-1.6711229991193173,3.883664740084104,-0.43029538102795345,0.6669807866447612,-9.28296601771227,5.940720019473636,252,252,0,5,raw,2014
ols_textcore_raw_fit756_val126,ols,textcore,756,rank_ic,0.022836562371790707,0.0037093858886358797,6.156426712505993,7.440458179397132e-10,0.01556629962530328,0.030106825118278134,252,252,0,5,raw,2014
ols_textcore_raw_fit756_val126,ols,textcore,756,ew_spread_bp,10.083108533292013,5.362854144447596,1.8801757910443095,0.06008412382370628,-0.4278924441666394,20.594109510750663,252,252,0,5,raw,2014
ols_textcore_raw_fit756_val126,ols,textcore,756,cap_spread_bp,3.920329675217192,3.593178434884739,1.0910478692503194,0.27525181964432166,-3.1221706471828954,10.96282999761728,252,252,0,5,raw,2014
ridge_textcore_raw_fit756_val126,ridge,textcore,756,rank_ic,0.022298051713250968,0.004277520884516508,5.212844616133613,1.8596665980739728e-07,0.013914264836480696,0.03068183859002124,252,252,0,5,raw,2014
ridge_textcore_raw_fit756_val126,ridge,textcore,756,ew_spread_bp,1.4841469061846575,5.300901798679744,0.2799800793431606,0.7794927883096432,-8.905429704811233,11.873723517180547,252,252,0,5,raw,2014
ridge_textcore_raw_fit756_val126,ridge,textcore,756,cap_spread_bp,1.6731761948621628,3.8122126880936555,0.4388989628222594,0.6607347482933528,-5.798623375208029,9.144975764932354,252,252,0,5,raw,2014
lasso_textcore_raw_fit756_val126,lasso,textcore,756,rank_ic,0.020840724783164222,0.003911411838568016,5.328184717770373,9.919921062118278e-08,0.013174498450867315,0.02850695111546113,252,252,0,5,raw,2014
lasso_textcore_raw_fit756_val126,lasso,textcore,756,ew_spread_bp,6.682112392157101,5.286017704959616,1.2641108609771767,0.2061902388647786,-3.6782919312048206,17.04251671551902,252,252,0,5,raw,2014
lasso_textcore_raw_fit756_val126,lasso,textcore,756,cap_spread_bp,1.4978349564328095,2.8979402927560387,0.5168619105703928,0.605252558356691,-4.182023646716487,7.177693559582106,252,252,0,5,raw,2014
enet_textcore_raw_fit756_val126,enet,textcore,756,rank_ic,0.020847643177337043,0.0039112248863957585,5.330208255181256,9.810020756335222e-08,0.013181783264564591,0.028513503090109495,252,252,0,5,raw,2014
enet_textcore_raw_fit756_val126,enet,textcore,756,ew_spread_bp,6.5984379031112095,5.2721140680265846,1.2515734329665373,0.2107253402440623,-3.734715792607849,16.931591598830266,252,252,0,5,raw,2014
enet_textcore_raw_fit756_val126,enet,textcore,756,cap_spread_bp,1.5560449523837818,2.8973467392697105,0.5370585892581121,0.5912271441011328,-4.122650307309414,7.234740212076977,252,252,0,5,raw,2014
ols_textall_raw_fit756_val126,ols,textall,756,rank_ic,0.020472441973681244,0.0034964856354180725,5.85514831415384,4.765845115458512e-09,0.013619456055800176,0.027325427891562313,252,252,0,5,raw,2014
ols_textall_raw_fit756_val126,ols,textall,756,ew_spread_bp,11.59775624683052,6.384805972100485,1.816461815364308,0.06929956027213406,-0.9162335067626781,24.11174600042372,252,252,0,5,raw,2014
ols_textall_raw_fit756_val126,ols,textall,756,cap_spread_bp,-1.926898686165629,3.6612623189791904,-0.5262935343848497,0.5986842746442658,-9.102840969318441,5.249043596987184,252,252,0,5,raw,2014
ridge_textall_raw_fit756_val126,ridge,textall,756,rank_ic,0.023498283297616943,0.004548087009572957,5.16663011243123,2.3835229675910185e-07,0.01458419656029947,0.03241237003493441,252,252,0,5,raw,2014
ridge_textall_raw_fit756_val126,ridge,textall,756,ew_spread_bp,9.378839966038374,5.989153200472372,1.565970956511624,0.11735541664584866,-2.3596846047802735,21.11736453685702,252,252,0,5,raw,2014
ridge_textall_raw_fit756_val126,ridge,textall,756,cap_spread_bp,-3.93858868093125,4.534617158053029,-0.8685603533115708,0.38508764772104376,-12.826274994392561,4.94909763253006,252,252,0,5,raw,2014
lasso_textall_raw_fit756_val126,lasso,textall,756,rank_ic,0.021332950152537437,0.00375518693983684,5.680928937578894,1.339651331022228e-08,0.013972918995242053,0.028692981309832822,252,252,0,5,raw,2014
lasso_textall_raw_fit756_val126,lasso,textall,756,ew_spread_bp,6.595569771120773,6.275451467117826,1.0510111990635744,0.2932534463457428,-5.704089091159209,18.895228633400755,252,252,0,5,raw,2014
lasso_textall_raw_fit756_val126,lasso,textall,756,cap_spread_bp,-2.2052096551827076,3.7251041936864326,-0.5919860332820358,0.553859941027959,-9.506279713467233,5.095860403101819,252,252,0,5,raw,2014
enet_textall_raw_fit756_val126,enet,textall,756,rank_ic,0.02134480245776624,0.003757641309529706,5.680372526146645,1.3440168896223852e-08,0.013979960824268091,0.02870964409126439,252,252,0,5,raw,2014
enet_textall_raw_fit756_val126,enet,textall,756,ew_spread_bp,6.750209444360463,6.286672360365324,1.0737332975896017,0.2829422330607736,-5.571441964558984,19.071860853279908,252,252,0,5,raw,2014
enet_textall_raw_fit756_val126,enet,textall,756,cap_spread_bp,-2.233613504492741,3.7060722689283185,-0.6026902182181766,0.54671479006969,-9.497381675694886,5.030154666709405,252,252,0,5,raw,2014
nn3_core_raw_fit504_val126,nn3,core,504,rank_ic,0.017058347610100257,0.00380247467837534,4.486117345399042,7.253280380033942e-06,0.009605634188359065,0.024511061031841447,252,252,0,5,raw,2014
nn3_core_raw_fit504_val126,nn3,core,504,ew_spread_bp,9.873637703829448,6.265771363470152,1.5758056161119105,0.11507060772340744,-2.407048503934478,22.154323911593373,252,252,0,5,raw,2014
nn3_core_raw_fit504_val126,nn3,core,504,cap_spread_bp,-2.155433477903951,3.036279197997994,-0.709893042551937,0.47777046521194444,-8.10643135298818,3.7955643971802773,252,252,0,5,raw,2014
nn3_textcore_raw_fit504_val126,nn3,textcore,504,rank_ic,0.018656472937463888,0.003340382924262117,5.585130016668691,2.3352544055331105e-08,0.012109442711337551,0.025203503163590227,252,252,0,5,raw,2014
nn3_textcore_raw_fit504_val126,nn3,textcore,504,ew_spread_bp,12.653785480132232,4.89935248016876,2.5827465019819043,0.009801731337930369,3.051231071434472,22.25633988882999,252,252,0,5,raw,2014
nn3_textcore_raw_fit504_val126,nn3,textcore,504,cap_spread_bp,3.1498457978766714,4.368675050286833,0.7210071158004445,0.47090513669033274,-5.41259996084423,11.712291556597574,252,252,0,5,raw,2014
nn3_all_raw_fit504_val126,nn3,all,504,rank_ic,0.011502336745377125,0.0030190070322654965,3.8099734854693743,0.0001389816961727516,0.0055851916930635985,0.01741948179769065,252,252,0,5,raw,2014
nn3_all_raw_fit504_val126,nn3,all,504,ew_spread_bp,13.66316012719835,6.434902629212332,2.123289335439532,0.03372961380730578,1.0509827299200758,26.275337524476623,252,252,0,5,raw,2014
nn3_all_raw_fit504_val126,nn3,all,504,cap_spread_bp,3.168859661234203,3.494743718052544,0.9067502274530331,0.36453889576238274,-3.680712161346384,10.01843148381479,252,252,0,5,raw,2014
nn3_textall_raw_fit504_val126,nn3,textall,504,rank_ic,0.01840093492327201,0.002802997480847083,6.564734734513974,5.212557116178622e-11,0.01290716081205523,0.023894709034488794,252,252,0,5,raw,2014
nn3_textall_raw_fit504_val126,nn3,textall,504,ew_spread_bp,15.627755385614336,4.970321201835498,3.1442143779044174,0.0016653339174688695,5.886104838420923,25.369405932807748,252,252,0,5,raw,2014
nn3_textall_raw_fit504_val126,nn3,textall,504,cap_spread_bp,0.1744701204169128,4.559842478236794,0.038262313062265504,0.9694785385886452,-8.762656912103068,9.111597152936895,252,252,0,5,raw,2014
nn3_core_raw_fit252_val126,nn3,core,252,rank_ic,0.019889836940905486,0.003696441767961426,5.38080624272208,7.415297407492712e-08,0.012644944204751526,0.027134729677059446,252,252,0,5,raw,2014
nn3_core_raw_fit252_val126,nn3,core,252,ew_spread_bp,8.49897649918698,5.933537262047279,1.4323625392140091,0.15204009356459594,-3.130542835352088,20.12849583372605,252,252,0,5,raw,2014
nn3_core_raw_fit252_val126,nn3,core,252,cap_spread_bp,-4.6723283514411404,2.9462517791793634,-1.5858550801596973,0.11277218764401145,-10.446875728019748,1.102219025137468,252,252,0,5,raw,2014
nn3_textcore_raw_fit252_val126,nn3,textcore,252,rank_ic,0.02090930127514493,0.00314950438554543,6.638917974239895,3.1599417220788276e-11,0.014736386110324934,0.027082216439964925,252,252,0,5,raw,2014
nn3_textcore_raw_fit252_val126,nn3,textcore,252,ew_spread_bp,15.232521923412612,6.096094247625223,2.498734649541639,0.012463759761777066,3.2843967517053763,27.18064709511985,252,252,0,5,raw,2014
nn3_textcore_raw_fit252_val126,nn3,textcore,252,cap_spread_bp,5.126756857199724,3.438902539402963,1.4908119082926363,0.13601088441634154,-1.613368266373417,11.866881980772865,252,252,0,5,raw,2014
nn3_all_raw_fit252_val126,nn3,all,252,rank_ic,0.006869376303779283,0.0025485673594010665,2.6953873824208596,0.007030683968599786,0.0018742760671788443,0.011864476540379722,252,252,0,5,raw,2014
nn3_all_raw_fit252_val126,nn3,all,252,ew_spread_bp,-1.0548223032899195,5.336178572424359,-0.1976737264267915,0.8433003473452568,-11.513540120316023,9.403895513736185,252,252,0,5,raw,2014
nn3_all_raw_fit252_val126,nn3,all,252,cap_spread_bp,-2.9241960955992132,3.4245466106241267,-0.853892917248475,0.39316432432169,-9.636184115801214,3.7877919246027867,252,252,0,5,raw,2014
nn3_textall_raw_fit252_val126,nn3,textall,252,rank_ic,0.018832769653627908,0.0029545786792230817,6.3740965119873065,1.8404466982762648e-10,0.013041901852860745,0.02462363745439507,252,252,0,5,raw,2014
nn3_textall_raw_fit252_val126,nn3,textall,252,ew_spread_bp,19.538309468784448,4.957453198386071,3.941198975947017,8.107533596240416e-05,9.821879744904848,29.254739192664047,252,252,0,5,raw,2014
nn3_textall_raw_fit252_val126,nn3,textall,252,cap_spread_bp,5.057206944209338,3.2056964140590942,1.577568893308221,0.11466468334173756,-1.2258425727156874,11.340256461134363,252,252,0,5,raw,2014
nn3_core_raw_fit756_val126,nn3,core,756,rank_ic,0.01849021837002223,0.0036376176023193165,5.083057207066793,3.7140777912160344e-07,0.011360618879947427,0.025619817860097035,252,252,0,5,raw,2014
nn3_core_raw_fit756_val126,nn3,core,756,ew_spread_bp,15.176946309387757,6.003765432568149,2.527904609173867,0.011474552348665392,3.409782289927646,26.94411032884787,252,252,0,5,raw,2014
nn3_core_raw_fit756_val126,nn3,core,756,cap_spread_bp,-4.380392912673524,3.4234361818042127,-1.279531055947705,0.20071011062388733,-11.090204532381097,2.3294187070340495,252,252,0,5,raw,2014
nn3_textcore_raw_fit756_val126,nn3,textcore,756,rank_ic,0.020284227176846237,0.0031813244447831688,6.37603222460033,1.8173470255326468e-10,0.014048945841934342,0.026519508511758133,252,252,0,5,raw,2014
nn3_textcore_raw_fit756_val126,nn3,textcore,756,ew_spread_bp,10.490645896380506,5.149726870358575,2.037126659428065,0.041637350956752965,0.397366700259532,20.58392509250148,252,252,0,5,raw,2014
nn3_textcore_raw_fit756_val126,nn3,textcore,756,cap_spread_bp,1.0751317272955871,3.677636570699168,0.2923431140155293,0.7700242976221773,-6.1329034995021745,8.28316695409335,252,252,0,5,raw,2014
nn3_all_raw_fit756_val126,nn3,all,756,rank_ic,0.011167086244845454,0.00308946333204736,3.614571543545437,0.0003008447335221875,0.005111849382475519,0.01722232310721539,252,252,0,5,raw,2014
nn3_all_raw_fit756_val126,nn3,all,756,ew_spread_bp,8.292938227591886,6.3278602005016324,1.3105438433887138,0.19001192242512033,-4.1094398645957195,20.695316319779494,252,252,0,5,raw,2014
nn3_all_raw_fit756_val126,nn3,all,756,cap_spread_bp,8.227681531708555,3.970534240007778,2.072185009464227,0.03824819085352268,0.4455774219101958,16.009785641506916,252,252,0,5,raw,2014
nn3_textall_raw_fit756_val126,nn3,textall,756,rank_ic,0.01717196207662382,0.003080199076926887,5.574952023476443,2.4759809257220808e-08,0.011134882820633601,0.02320904133261404,252,252,0,5,raw,2014
nn3_textall_raw_fit756_val126,nn3,textall,756,ew_spread_bp,6.446418067361831,5.981705743286359,1.0776889308868205,0.2811725999141925,-5.277509755595828,18.17034589031949,252,252,0,5,raw,2014
nn3_textall_raw_fit756_val126,nn3,textall,756,cap_spread_bp,-0.3285266952620278,4.395879891089888,-0.07473513913060416,0.9404254488572071,-8.944292962162063,8.287239571638008,252,252,0,5,raw,2014
ols_core_raw_fit504_val126,ols,core,504,rank_ic,0.026740035577421627,0.004990708522584114,5.357963795404352,8.416510004047363e-08,0.016958426615819658,0.036521644539023596,252,252,0,5,raw,2015
ols_core_raw_fit504_val126,ols,core,504,ew_spread_bp,19.623517451652866,7.621740662882312,2.5746766151751803,0.010033384685144794,4.685180252899098,34.56185465040663,252,252,0,5,raw,2015
ols_core_raw_fit504_val126,ols,core,504,cap_spread_bp,-3.5743657004492104,3.8308909362403902,-0.9330377084441532,0.35080049921237844,-11.082773964181303,3.934042563282883,252,252,0,5,raw,2015
ridge_core_raw_fit504_val126,ridge,core,504,rank_ic,0.027322961593404353,0.004947105554117415,5.523019732349108,3.3322229538716716e-08,0.01762681287961615,0.03701911030719256,252,252,0,5,raw,2015
ridge_core_raw_fit504_val126,ridge,core,504,ew_spread_bp,22.41194255984745,7.677002981323018,2.9193609295674756,0.003507498576560679,7.3652932072477135,37.45859191244719,252,252,0,5,raw,2015
ridge_core_raw_fit504_val126,ridge,core,504,cap_spread_bp,-3.906035379221925,3.833705015080632,-1.0188669612963877,0.30826613062201713,-11.419959136130549,3.607888377686699,252,252,0,5,raw,2015
lasso_core_raw_fit504_val126,lasso,core,504,rank_ic,0.027443619801845634,0.004978112862266183,5.512856088472147,3.530569110516236e-08,0.017686697880828314,0.037200541722862954,252,252,0,5,raw,2015
lasso_core_raw_fit504_val126,lasso,core,504,ew_spread_bp,20.72102766989375,7.828974678849234,2.646710267932492,0.008127895751271277,5.376519263473215,36.06553607631429,252,252,0,5,raw,2015
lasso_core_raw_fit504_val126,lasso,core,504,cap_spread_bp,-4.343374891714498,3.895328258051566,-1.11502153451043,0.26484119373918025,-11.978077985456713,3.2913282020277173,252,252,0,5,raw,2015
enet_core_raw_fit504_val126,enet,core,504,rank_ic,0.027448671620508597,0.004977197959557982,5.514884447743822,3.490091904929199e-08,0.017693542875848706,0.03720380036516849,252,252,0,5,raw,2015
enet_core_raw_fit504_val126,enet,core,504,ew_spread_bp,20.75000956095779,7.826060455790332,2.6513990887465364,0.008015906239785717,5.411212926775619,36.08880619513996,252,252,0,5,raw,2015
enet_core_raw_fit504_val126,enet,core,504,cap_spread_bp,-4.33872091747792,3.8954367502160445,-1.1137957553122355,0.2653668183811092,-11.973636651955118,3.296194816999278,252,252,0,5,raw,2015
ols_all_raw_fit504_val126,ols,all,504,rank_ic,0.024264719847352505,0.004305084504474299,5.636293508788048,1.7374914826156815e-08,0.015826909268181415,0.032702530426523595,252,252,0,5,raw,2015
ols_all_raw_fit504_val126,ols,all,504,ew_spread_bp,21.243634313867965,7.05837099990074,3.0097078085250417,0.002614991230985022,7.409481364540545,35.07778726319538,252,252,0,5,raw,2015
ols_all_raw_fit504_val126,ols,all,504,cap_spread_bp,-0.15296131030603988,4.278904638239051,-0.03574777267506244,0.9714834777881989,-8.539460294535969,8.23353767392389,252,252,0,5,raw,2015
ridge_all_raw_fit504_val126,ridge,all,504,rank_ic,0.026092705883236447,0.004600117713276096,5.672182215670701,1.4098989422459778e-08,0.017076640840570548,0.035108770925902345,252,252,0,5,raw,2015
ridge_all_raw_fit504_val126,ridge,all,504,ew_spread_bp,22.29388155582298,7.467663163332382,2.9853892801820647,0.002832176461346017,7.657530707015061,36.9302324046309,252,252,0,5,raw,2015
ridge_all_raw_fit504_val126,ridge,all,504,cap_spread_bp,0.8238733859257947,4.250969942183968,0.19380833012959944,0.8463259641866678,-7.507874600117097,9.155621371968687,252,252,0,5,raw,2015
lasso_all_raw_fit504_val126,lasso,all,504,rank_ic,0.024542198338346886,0.004544558223174973,5.400348534032187,6.651154797190276e-08,0.015635027895278597,0.033449368781415176,252,252,0,5,raw,2015
lasso_all_raw_fit504_val126,lasso,all,504,ew_spread_bp,21.423091512090807,7.1203212070350315,3.0087254337521077,0.0026234608837575734,7.467518387945379,35.37866463623624,252,252,0,5,raw,2015
lasso_all_raw_fit504_val126,lasso,all,504,cap_spread_bp,2.65603341996779,4.198480477316949,0.6326177850099558,0.5269832701211112,-5.572837105367964,10.884903945303545,252,252,0,5,raw,2015
enet_all_raw_fit504_val126,enet,all,504,rank_ic,0.024726595377198752,0.004527783307574677,5.461081879919655,4.7324170419762095e-08,0.015852303164550743,0.033600887589846765,252,252,0,5,raw,2015
enet_all_raw_fit504_val126,enet,all,504,ew_spread_bp,21.27516738866991,7.1066688508813325,2.9936905510985605,0.002756253368737142,7.346352390889846,35.20398238644997,252,252,0,5,raw,2015
enet_all_raw_fit504_val126,enet,all,504,cap_spread_bp,2.75076198220373,4.188837968271649,0.6566885620879527,0.5113811904648566,-5.459209572682635,10.960733537090096,252,252,0,5,raw,2015
ols_textcore_raw_fit504_val126,ols,textcore,504,rank_ic,0.027698325864263407,0.004668426470918132,5.933118158079509,2.972347774026617e-09,0.018548378116790443,0.03684827361173637,252,252,0,5,raw,2015
ols_textcore_raw_fit504_val126,ols,textcore,504,ew_spread_bp,13.044760529085726,8.41775981621919,1.549671268114744,0.12122043767773755,-3.45374554121239,29.54326659938384,252,252,0,5,raw,2015
ols_textcore_raw_fit504_val126,ols,textcore,504,cap_spread_bp,5.595970751684854,4.187542754502793,1.336337580235474,0.1814389584765591,-2.6114622308622746,13.803403734231983,252,252,0,5,raw,2015
ridge_textcore_raw_fit504_val126,ridge,textcore,504,rank_ic,0.028587872476447177,0.005438812795625458,5.256270725008398,1.4700584289616128e-07,0.017927995278365673,0.03924774967452868,252,252,0,5,raw,2015
ridge_textcore_raw_fit504_val126,ridge,textcore,504,ew_spread_bp,16.542440026091132,7.587476457178267,2.180229503109807,0.029240453700818538,1.6712594364761628,31.4136206157061,252,252,0,5,raw,2015
ridge_textcore_raw_fit504_val126,ridge,textcore,504,cap_spread_bp,2.3565384692354314,4.518158940753352,0.5215705113823431,0.6019693994767048,-6.498890331068779,11.211967269539642,252,252,0,5,raw,2015
lasso_textcore_raw_fit504_val126,lasso,textcore,504,rank_ic,0.02860512613065497,0.005418463130616602,5.2791954916190065,1.2975231479204803e-07,0.017985133543088283,0.03922511871822166,252,252,0,5,raw,2015
lasso_textcore_raw_fit504_val126,lasso,textcore,504,ew_spread_bp,17.550719281741443,8.527807533825886,2.058057620569627,0.03958460252018774,0.8365236483533671,34.26491491512952,252,252,0,5,raw,2015
lasso_textcore_raw_fit504_val126,lasso,textcore,504,cap_spread_bp,4.7205064389191564,4.544845239938084,1.0386506447870743,0.29896724290120846,-4.187226546667788,13.628239424506102,252,252,0,5,raw,2015
enet_textcore_raw_fit504_val126,enet,textcore,504,rank_ic,0.02853113711698352,0.005420149522214877,5.263902222631789,1.410294740299738e-07,0.01790783926262038,0.039154434971346665,252,252,0,5,raw,2015
enet_textcore_raw_fit504_val126,enet,textcore,504,ew_spread_bp,17.13470932095363,8.555742223079566,2.0027145365286776,0.045207937602643904,0.36576270270902356,33.90365593919823,252,252,0,5,raw,2015
enet_textcore_raw_fit504_val126,enet,textcore,504,cap_spread_bp,5.283475642061909,4.5800705188721,1.153579539941894,0.24867259054054214,-3.6932976215810847,14.260248905704902,252,252,0,5,raw,2015
ols_textall_raw_fit504_val126,ols,textall,504,rank_ic,0.028681542861278317,0.00456979208563549,6.27633431101489,3.466484170170144e-10,0.01972491495659658,0.03763817076596006,252,252,0,5,raw,2015
ols_textall_raw_fit504_val126,ols,textall,504,ew_spread_bp,20.060615340688486,8.055338885393748,2.4903502665869426,0.012761725643739782,4.272441242051716,35.84878943932526,252,252,0,5,raw,2015
ols_textall_raw_fit504_val126,ols,textall,504,cap_spread_bp,5.476587548221484,5.574905323935999,0.9823642250403095,0.32592044430692135,-5.450026103913678,16.403201200356644,252,252,0,5,raw,2015
ridge_textall_raw_fit504_val126,ridge,textall,504,rank_ic,0.03206906150115924,0.005398569519866931,5.940288697430669,2.845205728837489e-09,0.021488059674184365,0.04265006332813412,252,252,0,5,raw,2015
ridge_textall_raw_fit504_val126,ridge,textall,504,ew_spread_bp,20.480091655809208,8.973949393887866,2.2821715118828445,0.022479216309754812,2.891474044703944,38.06870926691447,252,252,0,5,raw,2015
ridge_textall_raw_fit504_val126,ridge,textall,504,cap_spread_bp,3.4232049981492456,5.443631242718155,0.6288458651067528,0.5294499698197326,-7.246116182695356,14.092526178993847,252,252,0,5,raw,2015
lasso_textall_raw_fit504_val126,lasso,textall,504,rank_ic,0.02937527357602729,0.004973482298435102,5.906379436651493,3.4970800794329657e-09,0.019627427393347,0.03912311975870758,252,252,0,5,raw,2015
lasso_textall_raw_fit504_val126,lasso,textall,504,ew_spread_bp,14.991590598992035,8.52148539410384,1.7592696467408102,0.07853171957068691,-1.7102138682356003,31.693395066219672,252,252,0,5,raw,2015
lasso_textall_raw_fit504_val126,lasso,textall,504,cap_spread_bp,2.589927549301879,4.795518603203644,0.5400724642318516,0.5891470594659785,-6.809116200169089,11.988971298772846,252,252,0,5,raw,2015
enet_textall_raw_fit504_val126,enet,textall,504,rank_ic,0.029392169130189463,0.00498196708735859,5.899711622898942,3.6413745220436213e-09,0.01962769306680271,0.039156645193576214,252,252,0,5,raw,2015
enet_textall_raw_fit504_val126,enet,textall,504,ew_spread_bp,14.67966016357352,8.765369181865257,1.6747338142863837,0.09398646982403716,-2.5001477440797046,31.859468071226743,252,252,0,5,raw,2015
enet_textall_raw_fit504_val126,enet,textall,504,cap_spread_bp,1.4527816612428903,4.793557746442898,0.30306960676982353,0.7618368158115403,-7.942418879598173,10.847982202083953,252,252,0,5,raw,2015
ols_core_raw_fit252_val126,ols,core,252,rank_ic,0.02687824253983298,0.0049983382421742,5.377435707140412,7.555417945925048e-08,0.01708167960262231,0.03667480547704365,252,252,0,5,raw,2015
ols_core_raw_fit252_val126,ols,core,252,ew_spread_bp,19.850087842039738,7.833192527655213,2.534099317993102,0.011273677391323678,4.497312603867249,35.202863080212225,252,252,0,5,raw,2015
ols_core_raw_fit252_val126,ols,core,252,cap_spread_bp,-3.777233726965258,3.8581564167535527,-0.9790255549420189,0.32756735289816585,-11.339081350524328,3.7846138965938123,252,252,0,5,raw,2015
ridge_core_raw_fit252_val126,ridge,core,252,rank_ic,0.02711390272083282,0.004917690239370651,5.513544245581187,3.516785726367528e-08,0.017475406964542188,0.03675239847712345,252,252,0,5,raw,2015
ridge_core_raw_fit252_val126,ridge,core,252,ew_spread_bp,20.993091337863078,7.838837531188727,2.6780873126068685,0.007404391399975807,5.629252096072301,36.356930579653856,252,252,0,5,raw,2015
ridge_core_raw_fit252_val126,ridge,core,252,cap_spread_bp,-3.506811997605404,3.866981450063478,-0.9068603102680615,0.3644806719920757,-11.085956368614294,4.072332373403487,252,252,0,5,raw,2015
lasso_core_raw_fit252_val126,lasso,core,252,rank_ic,0.02746853177793648,0.004962755861289809,5.534935133963546,3.1134355724397515e-08,0.0177417090257434,0.037195354530129565,252,252,0,5,raw,2015
lasso_core_raw_fit252_val126,lasso,core,252,ew_spread_bp,21.30512193540532,7.857520931309341,2.7114305035462545,0.006699358298791312,5.904663902269389,36.70557996854125,252,252,0,5,raw,2015
lasso_core_raw_fit252_val126,lasso,core,252,cap_spread_bp,-4.327781199522316,3.8891932643092777,-1.1127709284179612,0.26580682411212775,-11.950459926484267,3.2948975274396357,252,252,0,5,raw,2015
enet_core_raw_fit252_val126,enet,core,252,rank_ic,0.027479330138828445,0.004962848650135848,5.5370074882449325,3.0768340142582284e-08,0.01775232552383896,0.03720633475381793,252,252,0,5,raw,2015
enet_core_raw_fit252_val126,enet,core,252,ew_spread_bp,21.353797145657385,7.880049048027838,2.7098558670775863,0.006731245214990807,5.909184815113683,36.79840947620109,252,252,0,5,raw,2015
enet_core_raw_fit252_val126,enet,core,252,cap_spread_bp,-4.296485934727436,3.8918199127222564,-1.1039786092574162,0.2696024168466258,-11.924312797978875,3.3313409285240034,252,252,0,5,raw,2015
ols_all_raw_fit252_val126,ols,all,252,rank_ic,0.027075977175401115,0.004617090662842248,5.864294022490201,4.510476177897951e-09,0.018026645762874143,0.03612530858792809,252,252,0,5,raw,2015
ols_all_raw_fit252_val126,ols,all,252,ew_spread_bp,21.852805101760204,6.7604762191409575,3.232435762422814,0.0012273972832449055,8.602515193904413,35.103095009616,252,252,0,5,raw,2015
ols_all_raw_fit252_val126,ols,all,252,cap_spread_bp,0.6536275147992823,4.450781292394355,0.1468568037517869,0.88324504777201,-8.069743521358289,9.376998550956854,252,252,0,5,raw,2015
ridge_all_raw_fit252_val126,ridge,all,252,rank_ic,0.027505388582986085,0.00522918832181155,5.259972846695524,1.4407667569803746e-07,0.017256367803858003,0.03775440936211417,252,252,0,5,raw,2015
ridge_all_raw_fit252_val126,ridge,all,252,ew_spread_bp,22.389011483266522,7.8698264190153395,2.844918082204385,0.004442284589271507,6.9644351374146325,37.81358782911841,252,252,0,5,raw,2015
ridge_all_raw_fit252_val126,ridge,all,252,cap_spread_bp,-4.343230959213693,4.335633201390366,-1.0017523986625274,0.3164631925826551,-12.840915884114906,4.15445396568752,252,252,0,5,raw,2015
lasso_all_raw_fit252_val126,lasso,all,252,rank_ic,0.028410724078975307,0.0048493575710742524,5.858657288635787,4.6662453129251874e-09,0.018906157891513137,0.037915290266437474,252,252,0,5,raw,2015
lasso_all_raw_fit252_val126,lasso,all,252,ew_spread_bp,22.50309619341154,7.676739156700874,2.9313352628073903,0.0033750831967783988,7.456963927569442,37.54922845925364,252,252,0,5,raw,2015
lasso_all_raw_fit252_val126,lasso,all,252,cap_spread_bp,0.768344662422743,4.560623325234188,0.16847360714300794,0.8662107053332062,-8.170312802089565,9.707002126935052,252,252,0,5,raw,2015
enet_all_raw_fit252_val126,enet,all,252,rank_ic,0.02841060820600675,0.004848314217909702,5.85989416714325,4.631622546516491e-09,0.018908086953170256,0.037913129458843245,252,252,0,5,raw,2015
enet_all_raw_fit252_val126,enet,all,252,ew_spread_bp,22.633584459755596,7.494029316820894,3.020215628053772,0.002525947842654307,7.945556899699337,37.32161201981185,252,252,0,5,raw,2015
enet_all_raw_fit252_val126,enet,all,252,cap_spread_bp,0.6861231502815838,4.530192694506871,0.15145562154862618,0.8796163158022017,-8.192891373978348,9.565137674541514,252,252,0,5,raw,2015
ols_textcore_raw_fit252_val126,ols,textcore,252,rank_ic,0.026968943562874343,0.004585820532332595,5.880941779716026,4.079386491119171e-09,0.01798090047993816,0.035956986645810526,252,252,0,5,raw,2015
ols_textcore_raw_fit252_val126,ols,textcore,252,ew_spread_bp,14.707803260198537,6.913512924852076,2.1273994017322577,0.03338691182359923,1.1575669208362989,28.258039599560774,252,252,0,5,raw,2015
ols_textcore_raw_fit252_val126,ols,textcore,252,cap_spread_bp,2.7386876577969517,3.6187342417186197,0.7568081751414512,0.44916479432610534,-4.3539011255934055,9.83127644118731,252,252,0,5,raw,2015
ridge_textcore_raw_fit252_val126,ridge,textcore,252,rank_ic,0.02947246480800553,0.005722209700352081,5.150539101388075,2.5973877168652503e-07,0.018257139883329717,0.04068778973268135,252,252,0,5,raw,2015
ridge_textcore_raw_fit252_val126,ridge,textcore,252,ew_spread_bp,14.354785138905088,7.565917433400858,1.8972960338601863,0.057788878160382626,-0.4741405405643171,29.183710818374493,252,252,0,5,raw,2015
ridge_textcore_raw_fit252_val126,ridge,textcore,252,cap_spread_bp,-4.228805722240237,4.801584371331954,-0.8807104895393458,0.37847453784679863,-13.639738158781263,5.182126714300789,252,252,0,5,raw,2015
lasso_textcore_raw_fit252_val126,lasso,textcore,252,rank_ic,0.02831986785658581,0.005474940986283612,5.172634358532022,2.3081641366193876e-07,0.01758918070598773,0.03905055500718389,252,252,0,5,raw,2015
lasso_textcore_raw_fit252_val126,lasso,textcore,252,ew_spread_bp,19.829554053536885,7.623136156924809,2.601233094272341,0.009288931533749907,4.888481736719182,34.77062637035459,252,252,0,5,raw,2015
lasso_textcore_raw_fit252_val126,lasso,textcore,252,cap_spread_bp,2.3301657504881175,4.399751707896698,0.5296130111855911,0.5963802713619338,-6.293189137908003,10.953520638884237,252,252,0,5,raw,2015
enet_textcore_raw_fit252_val126,enet,textcore,252,rank_ic,0.028315586825187575,0.005478173257478312,5.168800892986301,2.356007332479367e-07,0.017578564539459614,0.039052609110915536,252,252,0,5,raw,2015
enet_textcore_raw_fit252_val126,enet,textcore,252,ew_spread_bp,19.826260587538723,7.670462484849079,2.5847542604764877,0.009744842407019252,4.792430372468919,34.860090802608525,252,252,0,5,raw,2015
enet_textcore_raw_fit252_val126,enet,textcore,252,cap_spread_bp,1.966854692883257,4.313286509706446,0.4559990829399176,0.6483906376705217,-6.487031521143851,10.420740906910364,252,252,0,5,raw,2015
ols_textall_raw_fit252_val126,ols,textall,252,rank_ic,0.02854482540803283,0.004559169580478866,6.260970315790416,3.825893556904246e-10,0.019609017230883666,0.03748063358518199,252,252,0,5,raw,2015
ols_textall_raw_fit252_val126,ols,textall,252,ew_spread_bp,24.112918151962354,7.341944453124088,3.2842686710469473,0.0010224739848238823,9.722971447345518,38.502864856579194,252,252,0,5,raw,2015
ols_textall_raw_fit252_val126,ols,textall,252,cap_spread_bp,3.6501821138623427,3.73954548741675,0.9761031457285096,0.3290133526487614,-3.6791923600237695,10.979556587748455,252,252,0,5,raw,2015
ridge_textall_raw_fit252_val126,ridge,textall,252,rank_ic,0.030864923497789142,0.005515911371854989,5.595616284786196,2.198394390476543e-08,0.020053935867038443,0.04167591112853984,252,252,0,5,raw,2015
ridge_textall_raw_fit252_val126,ridge,textall,252,ew_spread_bp,24.279794155612155,8.34875217640943,2.9081943795407077,0.003635223055441108,7.916540573999281,40.64304773722503,252,252,0,5,raw,2015
ridge_textall_raw_fit252_val126,ridge,textall,252,cap_spread_bp,-3.0656963065645204,4.4974976257350106,-0.6816448971584513,0.49546351809956657,-11.880629673559545,5.749237060430504,252,252,0,5,raw,2015
lasso_textall_raw_fit252_val126,lasso,textall,252,rank_ic,0.030841188563348554,0.005201016353489136,5.929838798268446,3.0323222790944766e-09,0.020647383827506006,0.0410349932991911,252,252,0,5,raw,2015
lasso_textall_raw_fit252_val126,lasso,textall,252,ew_spread_bp,24.308820504530434,8.057170353810093,3.017041893998831,0.002552545319675212,8.517056793758806,40.100584215302064,252,252,0,5,raw,2015
lasso_textall_raw_fit252_val126,lasso,textall,252,cap_spread_bp,2.797719195990249,4.814173454112305,0.5811421675304231,0.5611446410635422,-6.63788738939866,12.233325781379158,252,252,0,5,raw,2015
enet_textall_raw_fit252_val126,enet,textall,252,rank_ic,0.030854010109524634,0.005204516547978915,5.928314344875368,3.06060183707332e-09,0.020653345118543234,0.04105467510050603,252,252,0,5,raw,2015
enet_textall_raw_fit252_val126,enet,textall,252,ew_spread_bp,24.161945969214628,7.984518015529189,3.0260994993338053,0.0024773076710236756,8.512578224866193,39.81131371356307,252,252,0,5,raw,2015
enet_textall_raw_fit252_val126,enet,textall,252,cap_spread_bp,3.48624526294269,4.693581744901597,0.7427686258430726,0.4576217733940444,-5.713005915559105,12.685496441444485,252,252,0,5,raw,2015
ols_core_raw_fit756_val126,ols,core,756,rank_ic,0.025932609790988766,0.004915983565052432,5.275162019528065,1.3263885077690144e-07,0.01629745905489518,0.035567760527082354,252,252,0,5,raw,2015
ols_core_raw_fit756_val126,ols,core,756,ew_spread_bp,18.787139339938545,7.744550313041787,2.425852835935624,0.01527246190204623,3.6080996499182394,33.96617902995885,252,252,0,5,raw,2015
ols_core_raw_fit756_val126,ols,core,756,cap_spread_bp,-5.983059709688083,3.855149305739429,-1.5519657567556946,0.12067041736511924,-13.539013503961957,1.5728940845857906,252,252,0,5,raw,2015
ridge_core_raw_fit756_val126,ridge,core,756,rank_ic,0.02608981276254615,0.004925126813379154,5.29728751180029,1.1753555436005588e-07,0.016436741589030485,0.035742883936061814,252,252,0,5,raw,2015
ridge_core_raw_fit756_val126,ridge,core,756,ew_spread_bp,21.953440314353806,7.832427688120235,2.8028909028616367,0.005064679847669161,6.602164134123827,37.304716494583786,252,252,0,5,raw,2015
ridge_core_raw_fit756_val126,ridge,core,756,cap_spread_bp,-6.249247733567279,4.062115161255574,-1.5384220991990973,0.12394544227767586,-14.210847150682318,1.7123516835477588,252,252,0,5,raw,2015
lasso_core_raw_fit756_val126,lasso,core,756,rank_ic,0.02691422560064137,0.004878172661896061,5.5172761331043745,3.44294238586226e-08,0.017353182872957205,0.03647526832832554,252,252,0,5,raw,2015
lasso_core_raw_fit756_val126,lasso,core,756,ew_spread_bp,19.942531790282835,7.717285519113359,2.5841381326233526,0.009762268734940188,4.816930114408157,35.06813346615751,252,252,0,5,raw,2015
lasso_core_raw_fit756_val126,lasso,core,756,cap_spread_bp,-7.138793311669669,4.180603301550588,-1.707598831255261,0.08771080540421108,-15.332625216358064,1.0550385930187254,252,252,0,5,raw,2015
enet_core_raw_fit756_val126,enet,core,756,rank_ic,0.026907398487883837,0.0048771113895160305,5.51707687991804,3.446846739188906e-08,0.01734843581584232,0.03646636115992535,252,252,0,5,raw,2015
enet_core_raw_fit756_val126,enet,core,756,ew_spread_bp,19.904737545490157,7.721321091692248,2.577892734820554,0.00994048497308739,4.771226292703858,35.038248798276456,252,252,0,5,raw,2015
enet_core_raw_fit756_val126,enet,core,756,cap_spread_bp,-7.152906780006075,4.180552371744523,-1.7109956158786748,0.08708192214871581,-15.346638864108844,1.0408253040966935,252,252,0,5,raw,2015
ols_all_raw_fit756_val126,ols,all,756,rank_ic,0.022043410761712498,0.003535104848572264,6.235574814878618,4.501221611323754e-10,0.015114732576937939,0.028972088946487055,252,252,0,5,raw,2015
ols_all_raw_fit756_val126,ols,all,756,ew_spread_bp,22.92691357839392,7.0399456132718665,3.256689019752024,0.0011271985257666837,9.128873723260316,36.72495343352752,252,252,0,5,raw,2015
ols_all_raw_fit756_val126,ols,all,756,cap_spread_bp,-1.8027084893182084,4.125766600557465,-0.4369390379656063,0.6621555597071843,-9.889062435029091,6.283645456392675,252,252,0,5,raw,2015
ridge_all_raw_fit756_val126,ridge,all,756,rank_ic,0.024595539238830226,0.004801374593687268,5.1226036958599,3.01345274406636e-07,0.015185017958917545,0.03400606051874291,252,252,0,5,raw,2015
ridge_all_raw_fit756_val126,ridge,all,756,ew_spread_bp,22.289184493277144,7.70125446795598,2.894227763284519,0.0038009234486249765,7.195003100305247,37.38336588624904,252,252,0,5,raw,2015
ridge_all_raw_fit756_val126,ridge,all,756,cap_spread_bp,-3.843056694120096,4.295732151297474,-0.8946220478293431,0.3709891617645952,-12.26253699789391,4.57642360965372,252,252,0,5,raw,2015
lasso_all_raw_fit756_val126,lasso,all,756,rank_ic,0.02243030267941287,0.0035761206734615833,6.272244347308608,3.558804938172253e-10,0.015421234955059043,0.029439370403766693,252,252,0,5,raw,2015
lasso_all_raw_fit756_val126,lasso,all,756,ew_spread_bp,21.150866414834965,7.3002170726024005,2.8972928071158095,0.0037639827135968673,6.842703873209835,35.459028956460095,252,252,0,5,raw,2015
lasso_all_raw_fit756_val126,lasso,all,756,cap_spread_bp,0.18064285252989232,3.952853291132528,0.045699356698901544,0.9635498765552138,-7.566807234260484,7.928092939320269,252,252,0,5,raw,2015
enet_all_raw_fit756_val126,enet,all,756,rank_ic,0.022425551084107896,0.0035783012924050094,6.2670941465176275,3.678477742117437e-10,0.015412209425160948,0.029438892743054845,252,252,0,5,raw,2015
enet_all_raw_fit756_val126,enet,all,756,ew_spread_bp,21.274514598866535,7.286023984734895,2.9199072969618585,0.00350135523577421,6.994169998291129,35.55485919944194,252,252,0,5,raw,2015
enet_all_raw_fit756_val126,enet,all,756,cap_spread_bp,0.4685081349949347,3.9156552072987734,0.11964999730355126,0.9047604120599972,-7.206035047187381,8.14305131717725,252,252,0,5,raw,2015
ols_textcore_raw_fit756_val126,ols,textcore,756,rank_ic,0.028836610074882075,0.004858067641575209,5.935818972156575,2.9238227537633194e-09,0.019314972462935225,0.038358247686828925,252,252,0,5,raw,2015
ols_textcore_raw_fit756_val126,ols,textcore,756,ew_spread_bp,15.362388559167483,7.946130769562076,1.9333168563011365,0.05319717655521615,-0.21174156561973057,30.936518683954695,252,252,0,5,raw,2015
ols_textcore_raw_fit756_val126,ols,textcore,756,cap_spread_bp,6.551301541161597,4.586921943418509,1.428256600390084,0.15321801462156368,-2.4389002678351526,15.541503350158347,252,252,0,5,raw,2015
ridge_textcore_raw_fit756_val126,ridge,textcore,756,rank_ic,0.026667095066467247,0.005179605959078624,5.148479493836039,2.626064884729005e-07,0.016515253932564096,0.0368189362003704,252,252,0,5,raw,2015
ridge_textcore_raw_fit756_val126,ridge,textcore,756,ew_spread_bp,12.414795351255774,7.81109525190621,1.5893795877378507,0.11197472017215633,-2.8946700222922175,27.724260724803766,252,252,0,5,raw,2015
ridge_textcore_raw_fit756_val126,ridge,textcore,756,cap_spread_bp,5.258200561492375,4.663929352828997,1.127418569988182,0.25956555130311165,-3.882932996491661,14.39933411947641,252,252,0,5,raw,2015
lasso_textcore_raw_fit756_val126,lasso,textcore,756,rank_ic,0.027123741565987385,0.0050781620803143765,5.341251645183452,9.230701345786277e-08,0.017170726780914213,0.03707675635106056,252,252,0,5,raw,2015
lasso_textcore_raw_fit756_val126,lasso,textcore,756,ew_spread_bp,11.580895149059293,8.391206633261747,1.38012274696633,0.16754885466052394,-4.865567638967333,28.027357937085917,252,252,0,5,raw,2015
lasso_textcore_raw_fit756_val126,lasso,textcore,756,cap_spread_bp,9.022552191047707,4.580421858614971,1.9698081245677985,0.04886036509548726,0.04509031416234777,18.000014067933066,252,252,0,5,raw,2015
enet_textcore_raw_fit756_val126,enet,textcore,756,rank_ic,0.02712573075398841,0.005081086438119959,5.338569041156705,9.368303197071193e-08,0.017166984332938385,0.03708447717503843,252,252,0,5,raw,2015
enet_textcore_raw_fit756_val126,enet,textcore,756,ew_spread_bp,11.355916733109297,8.35367648416229,1.3593914912360976,0.17402256592707177,-5.0169883143479765,27.72882178056657,252,252,0,5,raw,2015
enet_textcore_raw_fit756_val126,enet,textcore,756,cap_spread_bp,9.126589531968618,4.5872560858092974,1.9895530925778864,0.046640187737216364,0.1357328159202158,18.117446248017018,252,252,0,5,raw,2015
ols_textall_raw_fit756_val126,ols,textall,756,rank_ic,0.029565748205512495,0.00466530646497969,6.3373646356244695,2.337283969285548e-10,0.020421915557310426,0.038709580853714565,252,252,0,5,raw,2015
ols_textall_raw_fit756_val126,ols,textall,756,ew_spread_bp,18.092533685288352,6.957011880401772,2.600618483383055,0.009305587868771115,4.457040959683599,31.728026410893104,252,252,0,5,raw,2015
ols_textall_raw_fit756_val126,ols,textall,756,cap_spread_bp,3.057119363204395,4.51445660672357,0.6771843500835292,0.49828899596632426,-5.791052995742705,11.905291722151494,252,252,0,5,raw,2015
ridge_textall_raw_fit756_val126,ridge,textall,756,rank_ic,0.030308464886115664,0.005597302811297976,5.414833877656038,6.134563353623357e-08,0.019337952965406836,0.04127897680682449,252,252,0,5,raw,2015
ridge_textall_raw_fit756_val126,ridge,textall,756,ew_spread_bp,23.028461915594956,8.572022509450752,2.6864677373637105,0.007221192161902421,6.227606522404827,39.829317308785086,252,252,0,5,raw,2015
ridge_textall_raw_fit756_val126,ridge,textall,756,cap_spread_bp,1.6359374625700092,4.973672229762351,0.3289194355793278,0.7422165834874466,-8.112280978671224,11.384155903811243,252,252,0,5,raw,2015
lasso_textall_raw_fit756_val126,lasso,textall,756,rank_ic,0.02878001936598197,0.00477053958564778,6.032864595142858,1.6107838156365416e-09,0.019429933591289687,0.038130105140674254,252,252,0,5,raw,2015
lasso_textall_raw_fit756_val126,lasso,textall,756,ew_spread_bp,14.407769396707373,7.1502398911674225,2.0150050370345003,0.04390412130358272,0.39355672919762874,28.42198206421712,252,252,0,5,raw,2015
lasso_textall_raw_fit756_val126,lasso,textall,756,cap_spread_bp,4.171448288395119,4.4154812384334114,0.9447324228412136,0.34479549974019075,-4.482735913346682,12.82563249013692,252,252,0,5,raw,2015
enet_textall_raw_fit756_val126,enet,textall,756,rank_ic,0.028791513833025913,0.004772664660125196,6.032586800739245,1.613556208870499e-09,0.01943726298889343,0.0381457646771584,252,252,0,5,raw,2015
enet_textall_raw_fit756_val126,enet,textall,756,ew_spread_bp,14.790145653718337,7.170552622721974,2.0626228453929025,0.03914847548387023,0.736120763934041,28.844170543502635,252,252,0,5,raw,2015
enet_textall_raw_fit756_val126,enet,textall,756,cap_spread_bp,3.8945159059764465,4.4440416791655135,0.8763454951907078,0.3808422393249553,-4.815645730982867,12.60467754293576,252,252,0,5,raw,2015
nn3_core_raw_fit504_val126,nn3,core,504,rank_ic,0.02670782708037065,0.004647654955529643,5.746516756497697,9.11006067880585e-09,0.017598590754963443,0.03581706340577786,252,252,0,5,raw,2015
nn3_core_raw_fit504_val126,nn3,core,504,ew_spread_bp,26.252086763830658,7.267485057483533,3.6122656677220335,0.0003035333591895411,12.008077792979929,40.49609573468139,252,252,0,5,raw,2015
nn3_core_raw_fit504_val126,nn3,core,504,cap_spread_bp,-3.542412944418196,3.7276660875010483,-0.9503031820087078,0.3419582225323433,-10.848504222311584,3.7636783334751924,252,252,0,5,raw,2015
nn3_textcore_raw_fit504_val126,nn3,textcore,504,rank_ic,0.0246559634142831,0.004212439096454244,5.853132318289629,4.824000239703056e-09,0.016399734498164335,0.032912192330401865,252,252,0,5,raw,2015
nn3_textcore_raw_fit504_val126,nn3,textcore,504,ew_spread_bp,8.908780341925073,9.076982461975383,0.9814693791956821,0.32636132742670665,-8.881778371848387,26.699339055698534,252,252,0,5,raw,2015
nn3_textcore_raw_fit504_val126,nn3,textcore,504,cap_spread_bp,2.546009793559045,4.037406165685878,0.6306053166505051,0.5282986216845594,-5.367160882145231,10.45918046926332,252,252,0,5,raw,2015
nn3_all_raw_fit504_val126,nn3,all,504,rank_ic,0.017634658207089697,0.00390601658743573,4.51474227319314,6.33938130440841e-06,0.00997900637269962,0.025290310041479774,252,252,0,5,raw,2015
nn3_all_raw_fit504_val126,nn3,all,504,ew_spread_bp,21.64734902852459,5.78762847995254,3.7402796505525013,0.00018381562938065885,10.303805651919316,32.99089240512987,252,252,0,5,raw,2015
nn3_all_raw_fit504_val126,nn3,all,504,cap_spread_bp,-4.282037843091335,3.9291702853838624,-1.0898071430042384,0.275798106795768,-11.98307009156867,3.418994405386001,252,252,0,5,raw,2015
nn3_textall_raw_fit504_val126,nn3,textall,504,rank_ic,0.02706494487256374,0.0036652150261775357,7.384272049323626,1.5328973227155813e-13,0.01988125542566074,0.034248634319466745,252,252,0,5,raw,2015
nn3_textall_raw_fit504_val126,nn3,textall,504,ew_spread_bp,23.55089492063534,7.666203129630405,3.0720415990034886,0.0021260009482899434,8.525412888391498,38.57637695287918,252,252,0,5,raw,2015
nn3_textall_raw_fit504_val126,nn3,textall,504,cap_spread_bp,-0.12788316751513001,3.8281305315624543,-0.033406166916396765,0.9733506919208541,-7.630881137495713,7.375114802465452,252,252,0,5,raw,2015
nn3_core_raw_fit252_val126,nn3,core,252,rank_ic,0.024653671675617172,0.004559639717798761,5.406934144243994,6.411270314256056e-08,0.015716942046253225,0.033590401304981116,252,252,0,5,raw,2015
nn3_core_raw_fit252_val126,nn3,core,252,ew_spread_bp,22.177949751521318,8.045536272932772,2.7565533233792725,0.005841408742249431,6.408988420262467,37.94691108278017,252,252,0,5,raw,2015
nn3_core_raw_fit252_val126,nn3,core,252,cap_spread_bp,-5.631902904020807,4.055819453955733,-1.3885980300547855,0.1649550167359275,-13.581162961570952,2.317357153529338,252,252,0,5,raw,2015
nn3_textcore_raw_fit252_val126,nn3,textcore,252,rank_ic,0.028909082283732332,0.0036154090577632226,7.996075083580659,1.2844807030056648e-15,0.021823010741136524,0.03599515382632814,252,252,0,5,raw,2015
nn3_textcore_raw_fit252_val126,nn3,textcore,252,ew_spread_bp,16.717017672233123,7.768507906102729,2.1518955601629353,0.031405581025205694,1.491021962657106,31.943013381809138,252,252,0,5,raw,2015
nn3_textcore_raw_fit252_val126,nn3,textcore,252,cap_spread_bp,13.478294185653901,5.092783659567238,2.646547563498746,0.008131806862792528,3.4966216318480186,23.459966739459784,252,252,0,5,raw,2015
nn3_all_raw_fit252_val126,nn3,all,252,rank_ic,0.018811530469539685,0.00386809877241711,4.8632497710974105,1.1547398125546593e-06,0.011230196186958554,0.026392864752120816,252,252,0,5,raw,2015
nn3_all_raw_fit252_val126,nn3,all,252,ew_spread_bp,26.702766624526625,7.3312302347021685,3.6423309280521354,0.00027018042869423996,12.333819402139246,41.071713846914,252,252,0,5,raw,2015
nn3_all_raw_fit252_val126,nn3,all,252,cap_spread_bp,-3.334094619116379,3.9244866963925737,-0.8495619623787006,0.395568667257838,-11.0259472018524,4.357757963619643,252,252,0,5,raw,2015
nn3_textall_raw_fit252_val126,nn3,textall,252,rank_ic,0.026828248825489658,0.0038232207896814682,7.017185326543711,2.263822532592592e-12,0.019334873772769195,0.03432162387821012,252,252,0,5,raw,2015
nn3_textall_raw_fit252_val126,nn3,textall,252,ew_spread_bp,17.00691559321927,6.16693488795454,2.757758254661929,0.005819922070125038,4.919945317824817,29.093885868613718,252,252,0,5,raw,2015
nn3_textall_raw_fit252_val126,nn3,textall,252,cap_spread_bp,7.394590479237372,4.394775135118906,1.6825867653948354,0.0924551154851402,-1.2190105057478346,16.008191464222577,252,252,0,5,raw,2015
nn3_core_raw_fit756_val126,nn3,core,756,rank_ic,0.024601944847373686,0.004765215488343142,5.162818954894261,2.4325838998307724e-07,0.015262294111648683,0.033941595583098685,252,252,0,5,raw,2015
nn3_core_raw_fit756_val126,nn3,core,756,ew_spread_bp,18.48428487321997,7.716544321367175,2.3954096682937247,0.016601804444602946,3.360135918233233,33.60843382820671,252,252,0,5,raw,2015
nn3_core_raw_fit756_val126,nn3,core,756,cap_spread_bp,-3.75744520119971,3.9700680464098883,-0.946443526225589,0.3439224137758038,-11.538635588336383,4.023745185936963,252,252,0,5,raw,2015
nn3_textcore_raw_fit756_val126,nn3,textcore,756,rank_ic,0.023352761673113565,0.0038952994390556313,5.995113350971335,2.0334355615908913e-09,0.015718115063565453,0.030987408282661676,252,252,0,5,raw,2015
nn3_textcore_raw_fit756_val126,nn3,textcore,756,ew_spread_bp,9.274680017812866,6.934955717421957,1.3373812891858945,0.18109820882246297,-4.317583422714302,22.86694345834003,252,252,0,5,raw,2015
nn3_textcore_raw_fit756_val126,nn3,textcore,756,cap_spread_bp,-0.42324876510234405,4.8059125226066035,-0.08806834562872667,0.9298223551243888,-9.842664222261325,8.996166692056638,252,252,0,5,raw,2015
nn3_all_raw_fit756_val126,nn3,all,756,rank_ic,0.020080081621310704,0.003916391309499279,5.127189811857181,2.940989710650955e-07,0.012404095705326457,0.02775606753729495,252,252,0,5,raw,2015
nn3_all_raw_fit756_val126,nn3,all,756,ew_spread_bp,17.90001381235862,6.786186358840974,2.6377132701401083,0.008346712261629754,4.599332956653303,31.200694668063935,252,252,0,5,raw,2015
nn3_all_raw_fit756_val126,nn3,all,756,cap_spread_bp,-0.6681196274947491,4.370995504835038,-0.15285296604759696,0.8785142275928453,-9.235113393557896,7.898874138568398,252,252,0,5,raw,2015
nn3_textall_raw_fit756_val126,nn3,textall,756,rank_ic,0.020875035513591333,0.00421838759222928,4.948581669461899,7.475622245886531e-07,0.012607147759991309,0.029142923267191357,252,252,0,5,raw,2015
nn3_textall_raw_fit756_val126,nn3,textall,756,ew_spread_bp,15.016566004244504,8.390441423899142,1.7897230009224139,0.07349845287056271,-1.428397000990783,31.46152900947979,252,252,0,5,raw,2015
nn3_textall_raw_fit756_val126,nn3,textall,756,cap_spread_bp,2.507155599369558,3.7262716839805,0.6728322065586344,0.5010540456895888,-4.79620269784364,9.810513896582755,252,252,0,5,raw,2015
ols_core_raw_fit504_val126,ols,core,504,rank_ic,0.031882938808014,0.0043422997229441785,7.342408595046646,2.0978379089127431e-13,0.02337218774096516,0.040393689875062845,252,252,0,5,raw,2016
ols_core_raw_fit504_val126,ols,core,504,ew_spread_bp,30.616371486046194,8.737423490418916,3.5040503095241746,0.0004582387784751073,13.49133612715087,47.74140684494152,252,252,0,5,raw,2016
ols_core_raw_fit504_val126,ols,core,504,cap_spread_bp,-1.1619587698327312,3.123801455746017,-0.37196946934491887,0.7099155808945485,-7.284497117948717,4.960579578283254,252,252,0,5,raw,2016
ridge_core_raw_fit504_val126,ridge,core,504,rank_ic,0.031840464256616775,0.004298996966102178,7.406486793938342,1.2968915056607075e-13,0.023414585033409548,0.040266343479824,252,252,0,5,raw,2016
ridge_core_raw_fit504_val126,ridge,core,504,ew_spread_bp,29.714443326928905,8.638485844147343,3.439774500187521,0.0005821990518861261,12.783322191441027,46.645564462416786,252,252,0,5,raw,2016
ridge_core_raw_fit504_val126,ridge,core,504,cap_spread_bp,-1.1430089908941152,3.1609635394619535,-0.3616014473512952,0.717649882931906,-7.338383684683798,5.0523657028955675,252,252,0,5,raw,2016
lasso_core_raw_fit504_val126,lasso,core,504,rank_ic,0.033511705160714236,0.004558813704572259,7.35097052268306,1.9677281654542017e-13,0.024576594487524986,0.04244681583390349,252,252,0,5,raw,2016
lasso_core_raw_fit504_val126,lasso,core,504,ew_spread_bp,32.23355832061815,8.910198976345955,3.617602525621379,0.00029734456011380696,14.769889231894425,49.69722740934188,252,252,0,5,raw,2016
lasso_core_raw_fit504_val126,lasso,core,504,cap_spread_bp,-2.4700129938061206,3.4380850449312965,-0.7184269619646593,0.4724940673184912,-9.208535857657235,4.268509870044994,252,252,0,5,raw,2016
enet_core_raw_fit504_val126,enet,core,504,rank_ic,0.03350974175214566,0.0045587064225748675,7.3507128219979885,1.971525965083877e-13,0.024574841347807488,0.04244464215648383,252,252,0,5,raw,2016
enet_core_raw_fit504_val126,enet,core,504,ew_spread_bp,32.19609030486287,8.90374132346394,3.616018158570806,0.00029916939891496324,14.745077983212553,49.64710262651319,252,252,0,5,raw,2016
enet_core_raw_fit504_val126,enet,core,504,cap_spread_bp,-2.4673672328601177,3.4404612539334596,-0.7171617555754162,0.47327429422697176,-9.210547380775212,4.275812915054976,252,252,0,5,raw,2016
ols_all_raw_fit504_val126,ols,all,504,rank_ic,0.034621655204137146,0.005450484390783028,6.352032722574833,2.1248810627428545e-10,0.023938902099904673,0.04530440830836962,252,252,0,5,raw,2016
ols_all_raw_fit504_val126,ols,all,504,ew_spread_bp,26.852383476540968,10.264153156512508,2.61613238492095,0.008893206976331605,6.735012957973339,46.9697539951086,252,252,0,5,raw,2016
ols_all_raw_fit504_val126,ols,all,504,cap_spread_bp,-0.23744593097286487,3.818098817424791,-0.06218957191187001,0.9504118668252194,-7.720782102540427,7.245890240594696,252,252,0,5,raw,2016
ridge_all_raw_fit504_val126,ridge,all,504,rank_ic,0.03623764638388316,0.005278106474502397,6.865652778878344,6.618788542808158e-12,0.025892747787290785,0.04658254498047554,252,252,0,5,raw,2016
ridge_all_raw_fit504_val126,ridge,all,504,ew_spread_bp,33.666262786379725,9.735356239772186,3.4581438991253126,0.0005439107849378717,14.585315179758954,52.7472103930005,252,252,0,5,raw,2016
ridge_all_raw_fit504_val126,ridge,all,504,cap_spread_bp,0.5492847806901726,4.134715606822403,0.13284705235441985,0.8943143417190335,-7.554608894997411,8.653178456377756,252,252,0,5,raw,2016
lasso_all_raw_fit504_val126,lasso,all,504,rank_ic,0.03521499460150092,0.005290040081137274,6.656848353014795,2.7976157255395405e-11,0.024846706565698515,0.045583282637303324,252,252,0,5,raw,2016
lasso_all_raw_fit504_val126,lasso,all,504,ew_spread_bp,31.36828346387048,9.823529970354898,3.19317837463036,0.0014071599459954405,12.114518520925056,50.62204840681591,252,252,0,5,raw,2016
lasso_all_raw_fit504_val126,lasso,all,504,cap_spread_bp,0.6768434907231474,4.694972572749617,0.14416346000648797,0.8853713941724579,-8.525133660269463,9.878820641715757,252,252,0,5,raw,2016
enet_all_raw_fit504_val126,enet,all,504,rank_ic,0.03552164462877577,0.005276920727190962,6.731509997059372,1.6791129384769805e-11,0.025179070054208573,0.04586421920334297,252,252,0,5,raw,2016
enet_all_raw_fit504_val126,enet,all,504,ew_spread_bp,32.76005753795603,9.792872115706823,3.3452961655051183,0.0008219475037342662,13.566380885964097,51.953734189947966,252,252,0,5,raw,2016
enet_all_raw_fit504_val126,enet,all,504,cap_spread_bp,0.9443779093485977,4.699746079341273,0.20094232611838547,0.8407436711861145,-8.26695514264362,10.155710961340816,252,252,0,5,raw,2016
ols_textcore_raw_fit504_val126,ols,textcore,504,rank_ic,0.03616225799293549,0.004837497258165346,7.475406406049369,7.696562060661703e-14,0.02668093759162015,0.045643578394250824,252,252,0,5,raw,2016
ols_textcore_raw_fit504_val126,ols,textcore,504,ew_spread_bp,24.143508871993507,8.328364131132515,2.898949720719092,0.0037441493026100707,7.820215124838558,40.46680261914845,252,252,0,5,raw,2016
ols_textcore_raw_fit504_val126,ols,textcore,504,cap_spread_bp,-1.4280776627286311,4.1017514310105065,-0.3481628974227749,0.7277178502302435,-9.467362741044852,6.6112074155875895,252,252,0,5,raw,2016
ridge_textcore_raw_fit504_val126,ridge,textcore,504,rank_ic,0.03757431566368227,0.005325047760775377,7.0561462266041906,1.7118368781469841e-12,0.027137413836606873,0.04801121749075767,252,252,0,5,raw,2016
ridge_textcore_raw_fit504_val126,ridge,textcore,504,ew_spread_bp,20.079155745833067,9.512625046608973,2.1107902022261262,0.0347903486542979,1.434753256045827,38.7235582356203,252,252,0,5,raw,2016
ridge_textcore_raw_fit504_val126,ridge,textcore,504,cap_spread_bp,-1.8962108715700263,3.686204874204656,-0.5144073474698438,0.6069672233288685,-9.121039664647153,5.3286179215070995,252,252,0,5,raw,2016
lasso_textcore_raw_fit504_val126,lasso,textcore,504,rank_ic,0.03792007185107458,0.005160415761991025,7.348259055089006,2.0080503725035212e-13,0.027805842812319348,0.04803430088982981,252,252,0,5,raw,2016
lasso_textcore_raw_fit504_val126,lasso,textcore,504,ew_spread_bp,31.44108494101929,9.530698126192037,3.29892779361185,0.0009705487256394703,12.76125986615952,50.12091001587906,252,252,0,5,raw,2016
lasso_textcore_raw_fit504_val126,lasso,textcore,504,cap_spread_bp,5.911377606168774,4.540704335789209,1.3018635808493644,0.19296302416044564,-2.988239356422943,14.81099456876049,252,252,0,5,raw,2016
enet_textcore_raw_fit504_val126,enet,textcore,504,rank_ic,0.03792111013236543,0.005160382823312856,7.348507161339027,2.0043272986097293e-13,0.027806945652233114,0.04803527461249775,252,252,0,5,raw,2016
enet_textcore_raw_fit504_val126,enet,textcore,504,ew_spread_bp,31.409367495181876,9.528454200048959,3.2963759740819754,0.0009794084821101287,12.733940434746504,50.08479455561725,252,252,0,5,raw,2016
enet_textcore_raw_fit504_val126,enet,textcore,504,cap_spread_bp,5.899574278397369,4.5196569599363,1.3053146136295524,0.19178573994923698,-2.9587905855535688,14.757939142348306,252,252,0,5,raw,2016
ols_textall_raw_fit504_val126,ols,textall,504,rank_ic,0.03742244117662269,0.005209623020411367,7.183329970326279,6.803363229055076e-13,0.027211767683585637,0.04763311466965974,252,252,0,5,raw,2016
ols_textall_raw_fit504_val126,ols,textall,504,ew_spread_bp,28.18674048872348,9.733398049582124,2.8958787409227136,0.0037809846857777777,9.109630864350109,47.26385011309685,252,252,0,5,raw,2016
ols_textall_raw_fit504_val126,ols,textall,504,cap_spread_bp,1.9409660525687433,4.805372882668035,0.40391580423850104,0.686274634161339,-7.477391729746024,11.359323834883511,252,252,0,5,raw,2016
ridge_textall_raw_fit504_val126,ridge,textall,504,rank_ic,0.04195055766965189,0.005822620273405872,7.204755883061117,5.814792969180603e-13,0.030538431638123614,0.053362683701180164,252,252,0,5,raw,2016
ridge_textall_raw_fit504_val126,ridge,textall,504,ew_spread_bp,28.942234500229937,11.940164403490739,2.4239393631605775,0.015353168789819668,5.539942299900911,52.34452670055896,252,252,0,5,raw,2016
ridge_textall_raw_fit504_val126,ridge,textall,504,cap_spread_bp,2.541988942812078,4.820067007699992,0.5273762665023712,0.5979323215329246,-6.905168795349653,11.98914668097381,252,252,0,5,raw,2016
lasso_textall_raw_fit504_val126,lasso,textall,504,rank_ic,0.0396895236682146,0.0054383020798029836,7.298146201847701,2.9175951771268566e-13,0.02903064745475148,0.05034839988167772,252,252,0,5,raw,2016
lasso_textall_raw_fit504_val126,lasso,textall,504,ew_spread_bp,26.493208969101712,11.727832968452987,2.2590029241008556,0.023883202985273914,3.507078734232387,49.47933920397104,252,252,0,5,raw,2016
lasso_textall_raw_fit504_val126,lasso,textall,504,cap_spread_bp,8.212808200739962,4.934253125199438,1.66444809221416,0.09602291612291482,-1.4581502152551433,17.883766616735066,252,252,0,5,raw,2016
enet_textall_raw_fit504_val126,enet,textall,504,rank_ic,0.03970254472658639,0.005438039776136719,7.300892667392696,2.858647269699007e-13,0.02904418261886216,0.05036090683431062,252,252,0,5,raw,2016
enet_textall_raw_fit504_val126,enet,textall,504,ew_spread_bp,26.49468317643118,11.70067446409981,2.2643723024448357,0.0235512260226023,3.561782631968054,49.427583720894305,252,252,0,5,raw,2016
enet_textall_raw_fit504_val126,enet,textall,504,cap_spread_bp,7.858828819282595,4.916925418436493,1.59832174590551,0.10997139022181578,-1.7781679155224666,17.495825554087656,252,252,0,5,raw,2016
ols_core_raw_fit252_val126,ols,core,252,rank_ic,0.030959831020007562,0.004257437441206081,7.271940327380832,3.543601385741205e-13,0.02261540696881128,0.039304255071203845,252,252,0,5,raw,2016
ols_core_raw_fit252_val126,ols,core,252,ew_spread_bp,26.941372951096003,8.50984296423492,3.165907181169491,0.0015460011702668035,10.262387227103986,43.62035867508802,252,252,0,5,raw,2016
ols_core_raw_fit252_val126,ols,core,252,cap_spread_bp,-0.8460698410744164,3.1467789549763547,-0.26886853292838736,0.7880308526635944,-7.01364326013666,5.321503577987827,252,252,0,5,raw,2016
ridge_core_raw_fit252_val126,ridge,core,252,rank_ic,0.030823966750646782,0.004230629836569007,7.285904922290405,3.1951826222428293e-13,0.022532084639050952,0.03911584886224261,252,252,0,5,raw,2016
ridge_core_raw_fit252_val126,ridge,core,252,ew_spread_bp,26.215711482752543,8.37478112937625,3.130316013966693,0.001746183447178802,9.801442090769413,42.62998087473567,252,252,0,5,raw,2016
ridge_core_raw_fit252_val126,ridge,core,252,cap_spread_bp,-0.9317134723725473,3.149862568411876,-0.29579495998211325,0.7673866722153467,-7.1053306627106565,5.241903717965561,252,252,0,5,raw,2016
lasso_core_raw_fit252_val126,lasso,core,252,rank_ic,0.03351205342509055,0.0045747539161067885,7.325433026485064,2.3812852938416597e-13,0.024545700511387675,0.042478406338793434,252,252,0,5,raw,2016
lasso_core_raw_fit252_val126,lasso,core,252,ew_spread_bp,30.15319217663813,8.819796115685376,3.4188083013634336,0.000628960205124925,12.86670943890853,47.43967491436773,252,252,0,5,raw,2016
lasso_core_raw_fit252_val126,lasso,core,252,cap_spread_bp,-0.817426014799901,3.296068619321428,-0.24800030254472888,0.8041341727170945,-7.277601799242562,5.6427497696427595,252,252,0,5,raw,2016
enet_core_raw_fit252_val126,enet,core,252,rank_ic,0.033671129249454784,0.004586298766845317,7.341678107162532,2.109322119667787e-13,0.0246821488440975,0.04266010965481207,252,252,0,5,raw,2016
enet_core_raw_fit252_val126,enet,core,252,ew_spread_bp,30.196159807122715,8.803125717419741,3.4301634188149963,0.0006032178325592172,12.942350449601697,47.44996916464373,252,252,0,5,raw,2016
enet_core_raw_fit252_val126,enet,core,252,cap_spread_bp,-0.8210452984726321,3.2913093792430437,-0.24945856006446326,0.8030060920740786,-7.27189314376788,5.629802546822615,252,252,0,5,raw,2016
ols_all_raw_fit252_val126,ols,all,252,rank_ic,0.03485859806956675,0.005351219830933244,6.514140545687033,7.310702302997982e-11,0.024370399927581075,0.04534679621155243,252,252,0,5,raw,2016
ols_all_raw_fit252_val126,ols,all,252,ew_spread_bp,25.777740464332222,9.62877101392963,2.6771579080072008,0.007424963208360741,6.905696061646928,44.649784867017516,252,252,0,5,raw,2016
ols_all_raw_fit252_val126,ols,all,252,cap_spread_bp,-2.0369596165246673,4.387404315514695,-0.4642744251587644,0.6424511447782894,-10.636114060549078,6.562194827499743,252,252,0,5,raw,2016
ridge_all_raw_fit252_val126,ridge,all,252,rank_ic,0.03662685923025911,0.005367357053580736,6.824002738149153,8.853819311440039e-12,0.026107032713073845,0.04714668574744437,252,252,0,5,raw,2016
ridge_all_raw_fit252_val126,ridge,all,252,ew_spread_bp,30.187415580045734,9.926365128654439,3.04113491583175,0.002356881963679564,10.732097430488732,49.64273372960274,252,252,0,5,raw,2016
ridge_all_raw_fit252_val126,ridge,all,252,cap_spread_bp,3.5911180868179278,4.470486719249236,0.8032946549992239,0.42180444658343197,-5.170874876275199,12.353111049911053,252,252,0,5,raw,2016
lasso_all_raw_fit252_val126,lasso,all,252,rank_ic,0.035856974157364316,0.005439246086791809,6.592269146350312,4.331544076837655e-11,0.025196247724201946,0.046517700590526685,252,252,0,5,raw,2016
lasso_all_raw_fit252_val126,lasso,all,252,ew_spread_bp,29.07985400492414,10.051525723460458,2.8930786036841343,0.003814858130783939,9.379225597263734,48.78048241258455,252,252,0,5,raw,2016
lasso_all_raw_fit252_val126,lasso,all,252,cap_spread_bp,3.2132119870636955,4.530616567624484,0.7092217889337882,0.47818685416672657,-5.666633313240769,12.093057287368161,252,252,0,5,raw,2016
enet_all_raw_fit252_val126,enet,all,252,rank_ic,0.03586214207464813,0.005441344568938808,6.590676554350628,4.378267932640189e-11,0.02519730269205544,0.04652698145724082,252,252,0,5,raw,2016
enet_all_raw_fit252_val126,enet,all,252,ew_spread_bp,28.96154120589731,10.067828323736482,2.876642337813403,0.004019308776722352,9.228960288841542,48.694122122953075,252,252,0,5,raw,2016
enet_all_raw_fit252_val126,enet,all,252,cap_spread_bp,3.162404308565445,4.482245023300166,0.7055402576446045,0.48047408807230974,-5.622634506986776,11.947443124117667,252,252,0,5,raw,2016
ols_textcore_raw_fit252_val126,ols,textcore,252,rank_ic,0.03128632635261945,0.0045267363365968745,6.911453202980228,4.7971379097922476e-12,0.022414086165380792,0.04015856653985811,252,252,0,5,raw,2016
ols_textcore_raw_fit252_val126,ols,textcore,252,ew_spread_bp,19.20979011910887,9.706943773229195,1.9789740795746236,0.047818924692038536,0.18452992362431075,38.23505031459343,252,252,0,5,raw,2016
ols_textcore_raw_fit252_val126,ols,textcore,252,cap_spread_bp,0.4779355336768565,4.274417073801493,0.11181303214564414,0.9109716541659996,-7.899767985877157,8.855639053230869,252,252,0,5,raw,2016
ridge_textcore_raw_fit252_val126,ridge,textcore,252,rank_ic,0.035933298823743166,0.005220718764949071,6.88282599418927,5.867668534645031e-12,0.025700878071030553,0.04616571957645578,252,252,0,5,raw,2016
ridge_textcore_raw_fit252_val126,ridge,textcore,252,ew_spread_bp,15.294858768766641,10.538750127568665,1.4512972206026893,0.14669711491568915,-5.3607119233348435,35.95042946086812,252,252,0,5,raw,2016
ridge_textcore_raw_fit252_val126,ridge,textcore,252,cap_spread_bp,0.2665188899120774,4.199428353400242,0.06346551660924976,0.9493958176254017,-7.964209438408737,8.497247218232893,252,252,0,5,raw,2016
lasso_textcore_raw_fit252_val126,lasso,textcore,252,rank_ic,0.03560809916131575,0.005293877390113154,6.726279537153134,1.7405603652151414e-11,0.02523229013812307,0.045983908184508426,252,252,0,5,raw,2016
lasso_textcore_raw_fit252_val126,lasso,textcore,252,ew_spread_bp,19.683379889973995,10.11274874986836,1.9463926551354516,0.051607591200908076,-0.137243444470446,39.50400322441844,252,252,0,5,raw,2016
lasso_textcore_raw_fit252_val126,lasso,textcore,252,cap_spread_bp,0.40188693897896277,4.217902419300278,0.0952812320029047,0.9240914495172454,-7.865049893153943,8.66882377111187,252,252,0,5,raw,2016
enet_textcore_raw_fit252_val126,enet,textcore,252,rank_ic,0.035622525108718245,0.005293418787415221,6.729587538663787,1.7014469995451363e-11,0.025247614930296727,0.04599743528713976,252,252,0,5,raw,2016
enet_textcore_raw_fit252_val126,enet,textcore,252,ew_spread_bp,19.67176427135771,10.083917550523799,1.9508057431841934,0.05108015840358854,-0.09235095074029687,39.435879493455715,252,252,0,5,raw,2016
enet_textcore_raw_fit252_val126,enet,textcore,252,cap_spread_bp,0.6296863801665094,4.179068102884053,0.15067626673323437,0.8802310958638632,-7.561136590426365,8.820509350759384,252,252,0,5,raw,2016
ols_textall_raw_fit252_val126,ols,textall,252,rank_ic,0.032681399610295134,0.004879771778110667,6.697321329020966,2.122745208918726e-11,0.02311722267242325,0.04224557654816702,252,252,0,5,raw,2016
ols_textall_raw_fit252_val126,ols,textall,252,ew_spread_bp,23.363654037583153,9.556730213083299,2.4447330328105297,0.014495939954448934,4.632807009974091,42.09450106519222,252,252,0,5,raw,2016
ols_textall_raw_fit252_val126,ols,textall,252,cap_spread_bp,-3.091646587582712,5.403221449139452,-0.5721858000240033,0.5671961065624567,-13.681766028390358,7.498472853224934,252,252,0,5,raw,2016
ridge_textall_raw_fit252_val126,ridge,textall,252,rank_ic,0.039227797105237515,0.005887470394291069,6.662928979358557,2.6842339527416014e-11,0.02768856717238119,0.05076702703809384,252,252,0,5,raw,2016
ridge_textall_raw_fit252_val126,ridge,textall,252,ew_spread_bp,30.039545308648492,11.998087520621459,2.5036944643901506,0.012290411855357519,6.523725884870959,53.55536473242603,252,252,0,5,raw,2016
ridge_textall_raw_fit252_val126,ridge,textall,252,cap_spread_bp,0.886665198085079,3.832150778192702,0.2313753423092719,0.8170232194648772,-6.6242123104997575,8.397542706669915,252,252,0,5,raw,2016
lasso_textall_raw_fit252_val126,lasso,textall,252,rank_ic,0.036899095447345945,0.005461343084579564,6.756414104715889,1.414487722658338e-11,0.026195059694353113,0.04760313120033878,252,252,0,5,raw,2016
lasso_textall_raw_fit252_val126,lasso,textall,252,ew_spread_bp,27.993480287205283,11.422989363350819,2.450626486357305,0.014260784874002588,5.604832539253557,50.38212803515701,252,252,0,5,raw,2016
lasso_textall_raw_fit252_val126,lasso,textall,252,cap_spread_bp,2.6267181647643247,4.022377418127766,0.653026280658403,0.5137393359567863,-5.256996706993306,10.510433036521956,252,252,0,5,raw,2016
enet_textall_raw_fit252_val126,enet,textall,252,rank_ic,0.036490857636890674,0.005525785747639656,6.60374095258358,4.009098307433252e-11,0.02566051658523221,0.047321198688549136,252,252,0,5,raw,2016
enet_textall_raw_fit252_val126,enet,textall,252,ew_spread_bp,26.33078431803703,11.15369580522832,2.3607228292611686,0.01823935701437063,4.469942245274044,48.19162639080001,252,252,0,5,raw,2016
enet_textall_raw_fit252_val126,enet,textall,252,cap_spread_bp,3.4717745308592747,4.0356423345028025,0.860278053180598,0.38963578776939367,-4.437939099251364,11.381488160969912,252,252,0,5,raw,2016
ols_core_raw_fit756_val126,ols,core,756,rank_ic,0.03209398030656397,0.004387656910075973,7.314605714239461,2.5813821939551125e-13,0.023494330786296765,0.040693629826831175,252,252,0,5,raw,2016
ols_core_raw_fit756_val126,ols,core,756,ew_spread_bp,31.23003915405855,8.765888302882994,3.5626781992861316,0.00036709056137405275,14.049213787906943,48.410864520210154,252,252,0,5,raw,2016
ols_core_raw_fit756_val126,ols,core,756,cap_spread_bp,-1.3862723534142294,3.1669169985265633,-0.43773561291919083,0.6615779502928694,-7.5933156125539805,4.820770905725522,252,252,0,5,raw,2016
ridge_core_raw_fit756_val126,ridge,core,756,rank_ic,0.03205747580791193,0.004346639750679039,7.375231821984754,1.640593264394258e-13,0.02353821844281085,0.040576733173013003,252,252,0,5,raw,2016
ridge_core_raw_fit756_val126,ridge,core,756,ew_spread_bp,30.717011229259978,8.64394564967404,3.5535868079432342,0.00038001575738498913,13.77518907157718,47.658833386942774,252,252,0,5,raw,2016
ridge_core_raw_fit756_val126,ridge,core,756,cap_spread_bp,-1.4357742673080793,3.1971954793124917,-0.44907303184878167,0.6533789739286826,-7.702162258294838,4.83061372367868,252,252,0,5,raw,2016
lasso_core_raw_fit756_val126,lasso,core,756,rank_ic,0.0353018922882409,0.004854875351073885,7.2714312387922,3.556984250233572e-13,0.025786511450704833,0.04481727312577696,252,252,0,5,raw,2016
lasso_core_raw_fit756_val126,lasso,core,756,ew_spread_bp,32.85421949859389,9.210795919930622,3.5669251370017716,0.00036119461273265976,14.801391226581398,50.90704777060638,252,252,0,5,raw,2016
lasso_core_raw_fit756_val126,lasso,core,756,cap_spread_bp,-2.099463785233419,3.5878324218149524,-0.5851621643385946,0.5584386828504417,-9.131486114555845,4.932558544089007,252,252,0,5,raw,2016
enet_core_raw_fit756_val126,enet,core,756,rank_ic,0.03530293257136641,0.004854857002985698,7.271672996682577,3.5506227681925734e-13,0.025787587695422373,0.04481827744731044,252,252,0,5,raw,2016
enet_core_raw_fit756_val126,enet,core,756,ew_spread_bp,32.89004556416404,9.219616876614879,3.5673982991189237,0.00036054324083759716,14.819928534741216,50.960162593586865,252,252,0,5,raw,2016
enet_core_raw_fit756_val126,enet,core,756,cap_spread_bp,-2.105804257770696,3.587895038660328,-0.5869191364519334,0.5572580168596032,-9.137949313854884,4.9263407983134915,252,252,0,5,raw,2016
ols_all_raw_fit756_val126,ols,all,756,rank_ic,0.03251396894737727,0.005014605035129317,6.48385440520318,8.940850538687993e-11,0.022685523681830598,0.042342414212923944,252,252,0,5,raw,2016
ols_all_raw_fit756_val126,ols,all,756,ew_spread_bp,28.396820973237773,9.84783633269357,2.8835593945610087,0.003932084881315747,9.095416435513371,47.698225510962175,252,252,0,5,raw,2016
ols_all_raw_fit756_val126,ols,all,756,cap_spread_bp,-0.3783294530347207,3.9796177113579225,-0.09506678291107197,0.924261781943413,-8.178236839533964,7.4215779334645235,252,252,0,5,raw,2016
ridge_all_raw_fit756_val126,ridge,all,756,rank_ic,0.0351616247284011,0.005156742174625915,6.818573342955977,9.194903101096925e-12,0.025054595788575548,0.04526865366822665,252,252,0,5,raw,2016
ridge_all_raw_fit756_val126,ridge,all,756,ew_spread_bp,31.71748826317506,9.737209763045913,3.2573487718778957,0.001124581634757666,12.632907817693276,50.80206870865685,252,252,0,5,raw,2016
ridge_all_raw_fit756_val126,ridge,all,756,cap_spread_bp,-0.08028807302506308,4.416389094002405,-0.018179574153485888,0.9854955974087517,-8.736251638985255,8.57567549293513,252,252,0,5,raw,2016
lasso_all_raw_fit756_val126,lasso,all,756,rank_ic,0.033721794833166466,0.005112079441862632,6.59649272212398,4.209981592520691e-11,0.023702303241008086,0.04374128642532485,252,252,0,5,raw,2016
lasso_all_raw_fit756_val126,lasso,all,756,ew_spread_bp,30.890070586703036,10.376089113012956,2.9770436867165007,0.00291042534999215,10.553309624819487,51.22683154858659,252,252,0,5,raw,2016
lasso_all_raw_fit756_val126,lasso,all,756,cap_spread_bp,0.08378644201224345,4.190299238800784,0.019995336188978755,0.9840470930050158,-8.129049150482896,8.296622034507383,252,252,0,5,raw,2016
enet_all_raw_fit756_val126,enet,all,756,rank_ic,0.03375024380724515,0.005115127249839013,6.598123987689136,4.163929796923673e-11,0.02372477862122127,0.04377570899326903,252,252,0,5,raw,2016
enet_all_raw_fit756_val126,enet,all,756,ew_spread_bp,30.487811967902108,10.359667410072271,2.9429334708429042,0.0032511827821338378,10.183236952347116,50.7923869834571,252,252,0,5,raw,2016
enet_all_raw_fit756_val126,enet,all,756,cap_spread_bp,0.030800924137142575,4.202284215529955,0.007329567101462277,0.9941519039348642,-8.205524791102723,8.26712663937701,252,252,0,5,raw,2016
ols_textcore_raw_fit756_val126,ols,textcore,756,rank_ic,0.03699675540906292,0.0049996568104100575,7.399858992727253,1.3632918339628445e-13,0.027197608125598807,0.046795902692527036,252,252,0,5,raw,2016
ols_textcore_raw_fit756_val126,ols,textcore,756,ew_spread_bp,28.291331049933643,7.958358172642229,3.5549205547431058,0.0003780933133774273,12.693235655484877,43.88942644438241,252,252,0,5,raw,2016
ols_textcore_raw_fit756_val126,ols,textcore,756,cap_spread_bp,1.8754597025536806,4.638096276269135,0.40435980429071483,0.685948153852163,-7.21504195576316,10.965961360870521,252,252,0,5,raw,2016
ridge_textcore_raw_fit756_val126,ridge,textcore,756,rank_ic,0.03829714562216948,0.005431034137629707,7.05153837218996,1.769504140368582e-12,0.027652514313607705,0.048941776930731255,252,252,0,5,raw,2016
ridge_textcore_raw_fit756_val126,ridge,textcore,756,ew_spread_bp,25.860786498622787,8.127465933112886,3.1819003255689924,0.0014631216273445938,9.931245984145306,41.79032701310027,252,252,0,5,raw,2016
ridge_textcore_raw_fit756_val126,ridge,textcore,756,cap_spread_bp,3.48318827585917,4.399982203085334,0.7916369010348964,0.4285724240119838,-5.140618374805285,12.106994926523626,252,252,0,5,raw,2016
lasso_textcore_raw_fit756_val126,lasso,textcore,756,rank_ic,0.03794575437854198,0.005216326560957504,7.274420789249187,3.479099450675678e-13,0.027721942187465595,0.04816956656961836,252,252,0,5,raw,2016
lasso_textcore_raw_fit756_val126,lasso,textcore,756,ew_spread_bp,30.721899073412185,8.727265443410973,3.5202205401701185,0.0004311881096143378,13.616773120805693,47.827025026018674,252,252,0,5,raw,2016
lasso_textcore_raw_fit756_val126,lasso,textcore,756,cap_spread_bp,4.197390640801791,4.69078671235652,0.8948159228269706,0.3708854971088934,-4.996382374576035,13.391163656179616,252,252,0,5,raw,2016
enet_textcore_raw_fit756_val126,enet,textcore,756,rank_ic,0.03794042400955079,0.0052170356707725105,7.272410311875974,3.531290390067944e-13,0.027715221988775907,0.048165626030325676,252,252,0,5,raw,2016
enet_textcore_raw_fit756_val126,enet,textcore,756,ew_spread_bp,30.77946437830517,8.742386567743878,3.5207164702450737,0.0004303825399103793,13.644701566600432,47.91422719000991,252,252,0,5,raw,2016
enet_textcore_raw_fit756_val126,enet,textcore,756,cap_spread_bp,4.214330011160823,4.7105756734440405,0.8946528626892013,0.37097268390568194,-5.018228655240008,13.446888677561653,252,252,0,5,raw,2016
ols_textall_raw_fit756_val126,ols,textall,756,rank_ic,0.03785806723657534,0.00522741338824752,7.242217981399627,4.41405635080318e-13,0.027612525263307704,0.04810360920984297,252,252,0,5,raw,2016
ols_textall_raw_fit756_val126,ols,textall,756,ew_spread_bp,31.963446432493146,9.159881481441298,3.489504367196652,0.00048391715107560395,14.010408626212808,49.916484238773485,252,252,0,5,raw,2016
ols_textall_raw_fit756_val126,ols,textall,756,cap_spread_bp,1.6065546841553975,4.866105968410381,0.33015201366036284,0.7412851032726242,-7.930837758884352,11.143947127195148,252,252,0,5,raw,2016
ridge_textall_raw_fit756_val126,ridge,textall,756,rank_ic,0.04107709071282587,0.005778191050549818,7.108987977979236,1.1689692801209726e-12,0.02975204435795657,0.05240213706769517,252,252,0,5,raw,2016
ridge_textall_raw_fit756_val126,ridge,textall,756,ew_spread_bp,32.51262669232094,10.787887667624371,3.0138084205209963,0.002579906629133226,11.368755394513371,53.656497990128514,252,252,0,5,raw,2016
ridge_textall_raw_fit756_val126,ridge,textall,756,cap_spread_bp,0.9961357198738785,5.086423148946142,0.19584208602075673,0.84473376797725,-8.97307046219137,10.965341901939127,252,252,0,5,raw,2016
lasso_textall_raw_fit756_val126,lasso,textall,756,rank_ic,0.03923765524586848,0.00536172086055995,7.318108545055944,2.514904109701476e-13,0.028728875464013877,0.049746435027723086,252,252,0,5,raw,2016
lasso_textall_raw_fit756_val126,lasso,textall,756,ew_spread_bp,30.598949376095884,10.375376056512067,2.9491894278752975,0.003186086232145581,10.26358597927302,50.934312772918744,252,252,0,5,raw,2016
lasso_textall_raw_fit756_val126,lasso,textall,756,cap_spread_bp,6.998400986546699,5.168538680216998,1.3540386208840125,0.1757240565617647,-3.1317486793808005,17.128550652474196,252,252,0,5,raw,2016
enet_textall_raw_fit756_val126,enet,textall,756,rank_ic,0.039240013492912916,0.005360523015326052,7.320183754593237,2.4763163068426077e-13,0.0287335814445758,0.04974644554125003,252,252,0,5,raw,2016
enet_textall_raw_fit756_val126,enet,textall,756,ew_spread_bp,30.523155533400942,10.372916540942944,2.942581810325281,0.0032548777198310188,10.192612698512974,50.85369836828891,252,252,0,5,raw,2016
enet_textall_raw_fit756_val126,enet,textall,756,cap_spread_bp,6.902605208043677,5.106887995345505,1.3516265119452033,0.17649482469590427,-3.1067113359134675,16.911921752000822,252,252,0,5,raw,2016
nn3_core_raw_fit504_val126,nn3,core,504,rank_ic,0.03318405984039948,0.004543330888938758,7.303905581957447,2.795325697536092e-13,0.024279294928231165,0.0420888247525678,252,252,0,5,raw,2016
nn3_core_raw_fit504_val126,nn3,core,504,ew_spread_bp,26.99430386999569,9.499458696170427,2.8416675868992476,0.00448782578695684,8.375706952875834,45.61290078711555,252,252,0,5,raw,2016
nn3_core_raw_fit504_val126,nn3,core,504,cap_spread_bp,-2.370411602754144,4.170313727083004,-0.5684012661589776,0.5697625308795001,-10.544076312069832,5.803253106561543,252,252,0,5,raw,2016
nn3_textcore_raw_fit504_val126,nn3,textcore,504,rank_ic,0.0330398509963053,0.004680214919930415,7.059473028814781,1.6713521245775542e-12,0.023866798313334672,0.04221290367927592,252,252,0,5,raw,2016
nn3_textcore_raw_fit504_val126,nn3,textcore,504,ew_spread_bp,26.587432766041175,8.996016339453266,2.955467371645195,0.0031219571725195493,8.955564736378921,44.21930079570343,252,252,0,5,raw,2016
nn3_textcore_raw_fit504_val126,nn3,textcore,504,cap_spread_bp,-9.200276158158882,5.222432000462628,-1.7616842416222707,0.07812266178846197,-19.4360547907751,1.035502474457335,252,252,0,5,raw,2016
nn3_all_raw_fit504_val126,nn3,all,504,rank_ic,0.03216893564550612,0.004284401423339799,7.508385061740929,5.986121083736503e-14,0.023771663160447973,0.040566208130564274,252,252,0,5,raw,2016
nn3_all_raw_fit504_val126,nn3,all,504,ew_spread_bp,29.567353103833888,8.623640397369185,3.42863938445926,0.0006066149558451729,12.665328509365605,46.46937769830217,252,252,0,5,raw,2016
nn3_all_raw_fit504_val126,nn3,all,504,cap_spread_bp,-6.545750787308582,4.087973272259047,-1.6012215225887099,0.10932786349479194,-14.558031170698666,1.4665295960815028,252,252,0,5,raw,2016
nn3_textall_raw_fit504_val126,nn3,textall,504,rank_ic,0.036745484749119865,0.004948168461029783,7.426077959656332,1.1186508061821201e-13,0.027047252776064505,0.046443716722175225,252,252,0,5,raw,2016
nn3_textall_raw_fit504_val126,nn3,textall,504,ew_spread_bp,41.92595824189566,10.711691622956545,3.914037083745287,9.07656866002232e-05,20.93142844740143,62.920488036389884,252,252,0,5,raw,2016
nn3_textall_raw_fit504_val126,nn3,textall,504,cap_spread_bp,-1.892936446264444,5.49837338748418,-0.3442720806435757,0.730641678830348,-12.669550259286932,8.883677366758043,252,252,0,5,raw,2016
nn3_core_raw_fit252_val126,nn3,core,252,rank_ic,0.03287470672697232,0.004816793178009926,6.825019367045901,8.791345445590608e-12,0.023433965577094637,0.04231544787685,252,252,0,5,raw,2016
nn3_core_raw_fit252_val126,nn3,core,252,ew_spread_bp,28.97953592659397,8.955013314674588,3.2361242700896025,0.0012116462238299646,11.428032348755128,46.53103950443281,252,252,0,5,raw,2016
nn3_core_raw_fit252_val126,nn3,core,252,cap_spread_bp,-2.1911295991051536,4.297356826055578,-0.5098784410500836,0.6101366266605537,-10.613794206891445,6.2315350086811385,252,252,0,5,raw,2016
nn3_textcore_raw_fit252_val126,nn3,textcore,252,rank_ic,0.027214528023196585,0.0037245163772896086,7.306862224888656,2.7345268142044575e-13,0.019914610063879356,0.03451444598251381,252,252,0,5,raw,2016
nn3_textcore_raw_fit252_val126,nn3,textcore,252,ew_spread_bp,17.45248650299511,8.267858318669484,2.1108835964914885,0.03478231835029669,1.2477819691230359,33.65719103686719,252,252,0,5,raw,2016
nn3_textcore_raw_fit252_val126,nn3,textcore,252,cap_spread_bp,3.5915685574982357,4.39265785813875,0.8176299346519215,0.413568529257596,-5.017882640860569,12.20101975585704,252,252,0,5,raw,2016
nn3_all_raw_fit252_val126,nn3,all,252,rank_ic,0.027597653284431874,0.003959937117360861,6.9692150320873285,3.1871424435883113e-12,0.019836319153361225,0.03535898741550252,252,252,0,5,raw,2016
nn3_all_raw_fit252_val126,nn3,all,252,ew_spread_bp,32.70301597281172,7.963612244814888,4.106555538801461,4.0160293272921466e-05,17.09462278613237,48.31140915949107,252,252,0,5,raw,2016
nn3_all_raw_fit252_val126,nn3,all,252,cap_spread_bp,-4.572429531574384,3.7993961151360964,-1.2034621800445247,0.22879751826595196,-12.01910908024253,2.874250017093761,252,252,0,5,raw,2016
nn3_textall_raw_fit252_val126,nn3,textall,252,rank_ic,0.03214825020489124,0.0037823202831246826,8.499610767582235,1.9022746193648622e-17,0.02473503867197152,0.03956146173781096,252,252,0,5,raw,2016
nn3_textall_raw_fit252_val126,nn3,textall,252,ew_spread_bp,25.52181582952866,9.361514154052683,2.72624870395352,0.00640587104969361,7.17358524682345,43.87004641223387,252,252,0,5,raw,2016
nn3_textall_raw_fit252_val126,nn3,textall,252,cap_spread_bp,-3.6672174219536986,4.000726216367737,-0.9166379361202998,0.3593323983535802,-11.508496718039662,4.174061874132266,252,252,0,5,raw,2016
nn3_core_raw_fit756_val126,nn3,core,756,rank_ic,0.03438960719289582,0.004986044473181184,6.897172172825536,5.304787570376038e-12,0.024617139600145714,0.044162074785645926,252,252,0,5,raw,2016
nn3_core_raw_fit756_val126,nn3,core,756,ew_spread_bp,33.794283992832504,9.761038232064823,3.462160805990794,0.0005358568859382557,14.663000606266927,52.92556737939808,252,252,0,5,raw,2016
nn3_core_raw_fit756_val126,nn3,core,756,cap_spread_bp,0.752822720043169,4.226990403074331,0.17809898964890805,0.8586452354915879,-7.531926232978965,9.037571673065303,252,252,0,5,raw,2016
nn3_textcore_raw_fit756_val126,nn3,textcore,756,rank_ic,0.033848064541917695,0.004897021483907067,6.911969786767643,4.779696720542206e-12,0.024250078801940952,0.04344605028189444,252,252,0,5,raw,2016
nn3_textcore_raw_fit756_val126,nn3,textcore,756,ew_spread_bp,22.8524928577526,9.50197691205702,2.40502508785884,0.016171355573304402,4.228960328189729,41.476025387315474,252,252,0,5,raw,2016
nn3_textcore_raw_fit756_val126,nn3,textcore,756,cap_spread_bp,4.306858936935156,4.335092782041745,0.993487141676979,0.3204726136349917,-4.189766785506209,12.803484659376522,252,252,0,5,raw,2016
nn3_all_raw_fit756_val126,nn3,all,756,rank_ic,0.03473559265314778,0.004287053077178823,8.10244054081229,5.386747191031753e-16,0.026333123022065676,0.04313806228422989,252,252,0,5,raw,2016
nn3_all_raw_fit756_val126,nn3,all,756,ew_spread_bp,30.78535576405563,10.44560597384109,2.947206302932672,0.003206591948922007,10.312344258630656,51.2583672694806,252,252,0,5,raw,2016
nn3_all_raw_fit756_val126,nn3,all,756,cap_spread_bp,-0.7107452343186383,3.892104901156311,-0.18261204473381024,0.8551024329348818,-8.339130664636835,6.917640195999558,252,252,0,5,raw,2016
nn3_textall_raw_fit756_val126,nn3,textall,756,rank_ic,0.03715563152158254,0.005354511728681259,6.939125993983667,3.945331508455736e-12,0.026660981378569967,0.04765028166459512,252,252,0,5,raw,2016
nn3_textall_raw_fit756_val126,nn3,textall,756,ew_spread_bp,36.176845755619674,11.911520388610217,3.037130825902958,0.0023884177017925333,12.8306947928291,59.52299671841025,252,252,0,5,raw,2016
nn3_textall_raw_fit756_val126,nn3,textall,756,cap_spread_bp,1.5936170620390293,5.9223280612155875,0.26908625215738746,0.7878633095824615,-10.013932642574446,13.201166766652506,252,252,0,5,raw,2016
ols_core_raw_fit504_val126,ols,core,504,rank_ic,0.03378798005448592,0.0038443909708599957,8.788903186641159,1.5102714162386372e-18,0.026253112209109353,0.04132284789986248,251,251,0,5,raw,2017
ols_core_raw_fit504_val126,ols,core,504,ew_spread_bp,20.831390509246027,7.058128818808449,2.9514041248063787,0.0031633273490471467,6.997712226137235,34.665068792354816,251,251,0,5,raw,2017
ols_core_raw_fit504_val126,ols,core,504,cap_spread_bp,-3.5659409818542454,3.5911853852370834,-0.9929704538544252,0.3207243533790407,-10.604534998725528,3.4726530350170375,251,251,0,5,raw,2017
ridge_core_raw_fit504_val126,ridge,core,504,rank_ic,0.03358799356733635,0.0038315564164876294,8.766148769936764,1.848816886687428e-18,0.02607828098628724,0.041097706148385454,251,251,0,5,raw,2017
ridge_core_raw_fit504_val126,ridge,core,504,ew_spread_bp,20.1147039029898,7.056673441837635,2.850451288242086,0.004365723699918928,6.28387810632773,33.94552969965187,251,251,0,5,raw,2017
ridge_core_raw_fit504_val126,ridge,core,504,cap_spread_bp,-4.341877889781499,3.5599931577724933,-1.2196309648241672,0.22260480257480209,-11.319336264224605,2.635580484661606,251,251,0,5,raw,2017
lasso_core_raw_fit504_val126,lasso,core,504,rank_ic,0.034222962926979954,0.004119405364290926,8.307743448518512,9.753912584766392e-17,0.026149076775248636,0.04229684907871127,251,251,0,5,raw,2017
lasso_core_raw_fit504_val126,lasso,core,504,ew_spread_bp,23.12927566244701,7.2285418499940315,3.199715259650341,0.0013756341867610612,8.961593975718175,37.29695734917585,251,251,0,5,raw,2017
lasso_core_raw_fit504_val126,lasso,core,504,cap_spread_bp,-4.606041419070368,3.6676864218124794,-1.2558438452309608,0.20917259144725875,-11.794574712409409,2.5824918742686727,251,251,0,5,raw,2017
enet_core_raw_fit504_val126,enet,core,504,rank_ic,0.0342228880338521,0.004119398242557118,8.307739630584546,9.754226329565464e-17,0.02614901584046256,0.042296760227241645,251,251,0,5,raw,2017
enet_core_raw_fit504_val126,enet,core,504,ew_spread_bp,23.12927566244701,7.2285418499940315,3.199715259650341,0.0013756341867610612,8.961593975718175,37.29695734917585,251,251,0,5,raw,2017
enet_core_raw_fit504_val126,enet,core,504,cap_spread_bp,-4.606041419070368,3.6676864218124794,-1.2558438452309608,0.20917259144725875,-11.794574712409409,2.5824918742686727,251,251,0,5,raw,2017
ols_all_raw_fit504_val126,ols,all,504,rank_ic,0.03353144966526001,0.004724161275030387,7.097863030733287,1.2670065722073132e-12,0.024272263709041633,0.04279063562147839,251,251,0,5,raw,2017
ols_all_raw_fit504_val126,ols,all,504,ew_spread_bp,22.324276429771594,7.041648611420569,3.170319574533262,0.0015227136565511244,8.522898759600796,36.125654099942395,251,251,0,5,raw,2017
ols_all_raw_fit504_val126,ols,all,504,cap_spread_bp,-6.603208200554212,3.835910768638973,-1.7214186144630024,0.08517488884752682,-14.121455154995955,0.9150387538875311,251,251,0,5,raw,2017
ridge_all_raw_fit504_val126,ridge,all,504,rank_ic,0.033213860149122455,0.004797888718235236,6.922599105495554,4.434313583066839e-12,0.02381017105955035,0.04261754923869456,251,251,0,5,raw,2017
ridge_all_raw_fit504_val126,ridge,all,504,ew_spread_bp,22.688592606572456,7.272365296901436,3.119836762908413,0.0018095128696873886,8.435018542226706,36.942166670918205,251,251,0,5,raw,2017
ridge_all_raw_fit504_val126,ridge,all,504,cap_spread_bp,-5.168281579192864,3.9525416990017948,-1.307584327446337,0.19101433557199987,-12.915120956629137,2.578557798243409,251,251,0,5,raw,2017
lasso_all_raw_fit504_val126,lasso,all,504,rank_ic,0.03431613586135154,0.004849318842957685,7.076485785459619,1.478559121672074e-12,0.024811645579603036,0.04382062614310005,251,251,0,5,raw,2017
lasso_all_raw_fit504_val126,lasso,all,504,ew_spread_bp,21.702490085781772,7.0931147943089625,3.0596558374036733,0.0022159147081780577,7.800240550727972,35.60473962083557,251,251,0,5,raw,2017
lasso_all_raw_fit504_val126,lasso,all,504,cap_spread_bp,-5.669323187297463,4.107482208560357,-1.3802429078042242,0.16751186688412223,-13.719840383214802,2.3811940086198753,251,251,0,5,raw,2017
enet_all_raw_fit504_val126,enet,all,504,rank_ic,0.034306869368014116,0.004851158701991798,7.071891784106822,1.5283559258139746e-12,0.024798773028822114,0.04381496570720612,251,251,0,5,raw,2017
enet_all_raw_fit504_val126,enet,all,504,ew_spread_bp,21.819633974823212,7.074692497980354,3.08418125325619,0.002041131998988079,7.9534914770860095,35.68577647256041,251,251,0,5,raw,2017
enet_all_raw_fit504_val126,enet,all,504,cap_spread_bp,-5.715121311195029,4.1043946845920205,-1.3924395070117668,0.16378934803401202,-13.759587071333023,2.3293444489429653,251,251,0,5,raw,2017
ols_textcore_raw_fit504_val126,ols,textcore,504,rank_ic,0.039358432311372406,0.004374514871655757,8.997210768762391,2.3152479003332457e-19,0.030784540713092265,0.04793232390965255,251,251,0,5,raw,2017
ols_textcore_raw_fit504_val126,ols,textcore,504,ew_spread_bp,12.793667909473205,7.399110423540868,1.7290819000036974,0.08379443810322701,-1.7083220383017999,27.29565785724821,251,251,0,5,raw,2017
ols_textcore_raw_fit504_val126,ols,textcore,504,cap_spread_bp,1.4383819879253317,5.356825897159774,0.268513857933664,0.788303809322928,-9.060803841959288,11.937567817809953,251,251,0,5,raw,2017
ridge_textcore_raw_fit504_val126,ridge,textcore,504,rank_ic,0.038217272223158114,0.004689069105797477,8.150289825310315,3.630531066690504e-16,0.02902686565477562,0.047407678791540606,251,251,0,5,raw,2017
ridge_textcore_raw_fit504_val126,ridge,textcore,504,ew_spread_bp,8.985990024334557,6.8172923957288205,1.3181171501407907,0.18746443422591164,-4.3756575433727125,22.347637592041828,251,251,0,5,raw,2017
ridge_textcore_raw_fit504_val126,ridge,textcore,504,cap_spread_bp,-4.00960026210262,4.553405622014405,-0.8805717291508927,0.37854966581385485,-12.934111288253057,4.914910764047817,251,251,0,5,raw,2017
lasso_textcore_raw_fit504_val126,lasso,textcore,504,rank_ic,0.03973508346694524,0.0047363519077369505,8.389385805990678,4.8868850263306397e-17,0.030452004309673236,0.04901816262421724,251,251,0,5,raw,2017
lasso_textcore_raw_fit504_val126,lasso,textcore,504,ew_spread_bp,15.91297573809173,7.566803792097816,2.102998329983131,0.035465915474428795,1.0823128274989031,30.743638648684556,251,251,0,5,raw,2017
lasso_textcore_raw_fit504_val126,lasso,textcore,504,cap_spread_bp,-1.6791422995541676,5.410665341969958,-0.31033933784986456,0.7563029195458422,-12.28385150221438,8.925566903106047,251,251,0,5,raw,2017
enet_textcore_raw_fit504_val126,enet,textcore,504,rank_ic,0.0397424242858912,0.0047364853648407005,8.390699268470733,4.832590680509563e-17,0.03045908355750237,0.04902576501428003,251,251,0,5,raw,2017
enet_textcore_raw_fit504_val126,enet,textcore,504,ew_spread_bp,15.889181795257088,7.605262137939732,2.08923525672995,0.036686551164907065,0.9831419119091205,30.795221678605053,251,251,0,5,raw,2017
enet_textcore_raw_fit504_val126,enet,textcore,504,cap_spread_bp,-1.5981076388938953,5.4350360160818125,-0.2940380954542398,0.7687287934225153,-12.250582485092306,9.054367207304516,251,251,0,5,raw,2017
ols_textall_raw_fit504_val126,ols,textall,504,rank_ic,0.03973157425536991,0.00432407732859445,9.188451370337713,3.985373942648934e-20,0.031256538424958624,0.0482066100857812,251,251,0,5,raw,2017
ols_textall_raw_fit504_val126,ols,textall,504,ew_spread_bp,19.257451980547152,7.585721108884688,2.5386448702934894,0.011128271927486524,4.389711810367922,34.125192150726384,251,251,0,5,raw,2017
ols_textall_raw_fit504_val126,ols,textall,504,cap_spread_bp,4.073976944541663,4.555982468569151,0.8942038237959097,0.3712128467283503,-4.855584608049762,13.003538497133087,251,251,0,5,raw,2017
ridge_textall_raw_fit504_val126,ridge,textall,504,rank_ic,0.03950229459473061,0.005016398069252535,7.874633162957226,3.4174405368117367e-15,0.02967033504687938,0.04933425414258184,251,251,0,5,raw,2017
ridge_textall_raw_fit504_val126,ridge,textall,504,ew_spread_bp,20.27410398218178,7.389715321008936,2.743556835612134,0.0060777526056017515,5.790528097000424,34.75767986736314,251,251,0,5,raw,2017
ridge_textall_raw_fit504_val126,ridge,textall,504,cap_spread_bp,-4.469275788764938,4.754330866824386,-0.9400430710347579,0.3471954681564132,-13.787593058327833,4.849041480797955,251,251,0,5,raw,2017
lasso_textall_raw_fit504_val126,lasso,textall,504,rank_ic,0.03965946256912174,0.004836879442050671,8.199390339219928,2.4160920707406914e-16,0.030179353065140236,0.04913957207310325,251,251,0,5,raw,2017
lasso_textall_raw_fit504_val126,lasso,textall,504,ew_spread_bp,23.61486490401926,7.657543687713007,3.083869432166707,0.0020432724832986603,8.606355066059736,38.623374741978786,251,251,0,5,raw,2017
lasso_textall_raw_fit504_val126,lasso,textall,504,cap_spread_bp,0.6848727092866944,3.9881540018439936,0.1717267460007892,0.8636523578983825,-7.131765499126821,8.50151091770021,251,251,0,5,raw,2017
enet_textall_raw_fit504_val126,enet,textall,504,rank_ic,0.03966489035571828,0.004837619021498025,8.199258804682719,2.418736942667877e-16,0.030183331302656255,0.04914644940878031,251,251,0,5,raw,2017
enet_textall_raw_fit504_val126,enet,textall,504,ew_spread_bp,23.53105584335835,7.667974631137526,3.068744613187064,0.0021496026659687086,8.502101731961991,38.560009954754705,251,251,0,5,raw,2017
enet_textall_raw_fit504_val126,enet,textall,504,cap_spread_bp,0.7124337450739381,4.0596221148441645,0.17549262589463602,0.8606925645527911,-7.2442793908629515,8.669146881010828,251,251,0,5,raw,2017
ols_core_raw_fit252_val126,ols,core,252,rank_ic,0.03380409885259654,0.004228566666330603,7.994221569629529,1.3039507831884165e-15,0.025516260480361957,0.04209193722483112,251,251,0,5,raw,2017
ols_core_raw_fit252_val126,ols,core,252,ew_spread_bp,21.38744986862374,6.957915817671654,3.07382992681574,0.0021132987007425014,7.750185458525737,35.024714278721746,251,251,0,5,raw,2017
ols_core_raw_fit252_val126,ols,core,252,cap_spread_bp,-4.079822659433371,4.457593123933649,-0.9152523673657073,0.3600591587621649,-12.816544640076714,4.656899321209971,251,251,0,5,raw,2017
ridge_core_raw_fit252_val126,ridge,core,252,rank_ic,0.033556329231976594,0.004245794884956669,7.903426835542729,2.713384486396242e-15,0.02523472417171714,0.041877934292236046,251,251,0,5,raw,2017
ridge_core_raw_fit252_val126,ridge,core,252,ew_spread_bp,22.983817244732855,7.3743196594997755,3.1167373135397716,0.0018286443443052433,8.53041630162762,37.43721818783809,251,251,0,5,raw,2017
ridge_core_raw_fit252_val126,ridge,core,252,cap_spread_bp,-5.291922804912914,3.902372035191767,-1.356078497178156,0.17507419368097554,-12.94043144816505,2.356585838339222,251,251,0,5,raw,2017
lasso_core_raw_fit252_val126,lasso,core,252,rank_ic,0.03442895760561988,0.0041687951240943905,8.258731019577045,1.4722928564408024e-16,0.02625826930346869,0.042599645907771065,251,251,0,5,raw,2017
lasso_core_raw_fit252_val126,lasso,core,252,ew_spread_bp,22.50762832387923,7.350747131352939,3.0619511080551343,0.0021989936721807032,8.100428686966353,36.91482796079211,251,251,0,5,raw,2017
lasso_core_raw_fit252_val126,lasso,core,252,cap_spread_bp,-5.5741634763203605,3.7710323127930003,-1.4781531989026842,0.1393667774859825,-12.965250993931424,1.8169240412907035,251,251,0,5,raw,2017
enet_core_raw_fit252_val126,enet,core,252,rank_ic,0.0344289333417389,0.004168799013660872,8.258717493675666,1.472459676114403e-16,0.026258237416177492,0.042599629267300314,251,251,0,5,raw,2017
enet_core_raw_fit252_val126,enet,core,252,ew_spread_bp,22.50762832387923,7.350747131352939,3.0619511080551343,0.0021989936721807032,8.100428686966353,36.91482796079211,251,251,0,5,raw,2017
enet_core_raw_fit252_val126,enet,core,252,cap_spread_bp,-5.5741634763203605,3.7710323127930003,-1.4781531989026842,0.1393667774859825,-12.965250993931424,1.8169240412907035,251,251,0,5,raw,2017
ols_all_raw_fit252_val126,ols,all,252,rank_ic,0.031524154325731836,0.004653397186451392,6.774438772928314,1.2489010963874454e-11,0.02240366343452709,0.04064464521693659,251,251,0,5,raw,2017
ols_all_raw_fit252_val126,ols,all,252,ew_spread_bp,21.903434354644407,6.868793232184598,3.1888329746210875,0.0014284838854482162,8.440847002310125,35.366021706978685,251,251,0,5,raw,2017
ols_all_raw_fit252_val126,ols,all,252,cap_spread_bp,-5.0100967900840105,4.029724013548113,-1.2432853399488006,0.21376270447637613,-12.908210724274507,2.8880171441064872,251,251,0,5,raw,2017
ridge_all_raw_fit252_val126,ridge,all,252,rank_ic,0.03322075340494977,0.004836670305494818,6.868517245677985,6.4872632090756506e-12,0.023741053801085585,0.04270045300881395,251,251,0,5,raw,2017
ridge_all_raw_fit252_val126,ridge,all,252,ew_spread_bp,20.334932417635777,6.926464348397814,2.9358315288722343,0.0033265493293395533,6.759311754575368,33.91055308069619,251,251,0,5,raw,2017
ridge_all_raw_fit252_val126,ridge,all,252,cap_spread_bp,-5.332882710048096,4.05279060450148,-1.3158544890340014,0.18822288648833496,-13.276206331753311,2.6104409116571183,251,251,0,5,raw,2017
lasso_all_raw_fit252_val126,lasso,all,252,rank_ic,0.033280484914507094,0.004552552586537466,7.31029115686047,2.6656415181469325e-13,0.024357645807168996,0.04220332402184519,251,251,0,5,raw,2017
lasso_all_raw_fit252_val126,lasso,all,252,ew_spread_bp,21.75369035526161,6.5126231089263795,3.3402348011579863,0.0008370758516395323,8.98918361688263,34.518197093640595,251,251,0,5,raw,2017
lasso_all_raw_fit252_val126,lasso,all,252,cap_spread_bp,-3.6013203166237853,3.793767844643896,-0.9492727188639623,0.3424819249945733,-11.036968657831968,3.834328024584398,251,251,0,5,raw,2017
enet_all_raw_fit252_val126,enet,all,252,rank_ic,0.033283409127425403,0.004556703961834962,7.304272870520721,2.787701340664937e-13,0.0243524334740179,0.042214384780832906,251,251,0,5,raw,2017
enet_all_raw_fit252_val126,enet,all,252,ew_spread_bp,21.71332296626326,6.547185523074826,3.316436183110601,0.000911734074736769,8.881075140934566,34.545570791591956,251,251,0,5,raw,2017
enet_all_raw_fit252_val126,enet,all,252,cap_spread_bp,-3.6510298052157673,3.802572709035374,-0.9601472699103103,0.3369811008940683,-11.103935363520007,3.8018757530884724,251,251,0,5,raw,2017
ols_textcore_raw_fit252_val126,ols,textcore,252,rank_ic,0.0363635360327834,0.003923403072405167,9.268366099966231,1.890191271406972e-20,0.02867380731403548,0.044053264751531325,251,251,0,5,raw,2017
ols_textcore_raw_fit252_val126,ols,textcore,252,ew_spread_bp,17.467884293865502,6.58126573128031,2.654183102019697,0.007950067455711382,4.568840487868433,30.36692809986257,251,251,0,5,raw,2017
ols_textcore_raw_fit252_val126,ols,textcore,252,cap_spread_bp,-2.0909998258217466,3.9935896956064387,-0.5235890477487377,0.6005644007610861,-9.918291798240643,5.736292146597151,251,251,0,5,raw,2017
ridge_textcore_raw_fit252_val126,ridge,textcore,252,rank_ic,0.036176052692954784,0.004533096853070874,7.980427920583232,1.4582683816980434e-15,0.027291346122504015,0.04506075926340555,251,251,0,5,raw,2017
ridge_textcore_raw_fit252_val126,ridge,textcore,252,ew_spread_bp,10.763043508729584,5.9105058571683236,1.821002088285904,0.06860653942763617,-0.8213351017333714,22.34742211919254,251,251,0,5,raw,2017
ridge_textcore_raw_fit252_val126,ridge,textcore,252,cap_spread_bp,-1.1416782901782965,4.322256141839362,-0.2641394338310659,0.7916724787677052,-9.613144660140494,7.329788079783901,251,251,0,5,raw,2017
lasso_textcore_raw_fit252_val126,lasso,textcore,252,rank_ic,0.038108676911469984,0.004702419679911358,8.104056954820404,5.31562018041867e-16,0.028892103698651354,0.04732525012428861,251,251,0,5,raw,2017
lasso_textcore_raw_fit252_val126,lasso,textcore,252,ew_spread_bp,16.026898212739784,7.316667057905274,2.190464331081399,0.028490578912955734,1.6864942923748085,30.367302133104758,251,251,0,5,raw,2017
lasso_textcore_raw_fit252_val126,lasso,textcore,252,cap_spread_bp,-3.0790372902284178,6.376717225605506,-0.4828561752534111,0.6291978608991383,-15.577173392011385,9.419098811554548,251,251,0,5,raw,2017
enet_textcore_raw_fit252_val126,enet,textcore,252,rank_ic,0.03808650995687875,0.004707489359800418,8.090620508273117,5.936153575384842e-16,0.028860000354064413,0.04731301955969308,251,251,0,5,raw,2017
enet_textcore_raw_fit252_val126,enet,textcore,252,ew_spread_bp,15.687498221731722,7.271008969189676,2.1575407606023114,0.030963554765036264,1.4365825108522543,29.93841393261119,251,251,0,5,raw,2017
enet_textcore_raw_fit252_val126,enet,textcore,252,cap_spread_bp,-2.763645612346053,6.372623737051818,-0.43367468822576444,0.6645246897968888,-15.253758623992663,9.726467399300557,251,251,0,5,raw,2017
ols_textall_raw_fit252_val126,ols,textall,252,rank_ic,0.03618744754545136,0.0038040020862552546,9.512993611703063,1.8525313313390084e-21,0.028731740459275835,0.04364315463162689,251,251,0,5,raw,2017
ols_textall_raw_fit252_val126,ols,textall,252,ew_spread_bp,19.795817416285058,6.45707110821526,3.0657580015030437,0.0021711896661239004,7.1401905985690135,32.4514442340011,251,251,0,5,raw,2017
ols_textall_raw_fit252_val126,ols,textall,252,cap_spread_bp,1.39503534645262,3.9384942022561757,0.3542052558192089,0.7231850650320318,-6.324271443289296,9.114342136194535,251,251,0,5,raw,2017
ridge_textall_raw_fit252_val126,ridge,textall,252,rank_ic,0.03761404688420356,0.0049336885493355895,7.623920016043367,2.46085880981058e-14,0.02794419501656814,0.047283898751838985,251,251,0,5,raw,2017
ridge_textall_raw_fit252_val126,ridge,textall,252,ew_spread_bp,17.67480425301169,7.535135587009056,2.345651786742089,0.018993843075493202,2.906209883847861,32.44339862217552,251,251,0,5,raw,2017
ridge_textall_raw_fit252_val126,ridge,textall,252,cap_spread_bp,-3.7235122403231378,4.447424559149854,-0.8372288705072277,0.402463932293345,-12.440304200215781,4.993279719569505,251,251,0,5,raw,2017
lasso_textall_raw_fit252_val126,lasso,textall,252,rank_ic,0.03713403261093463,0.004742291291679503,7.830398920472777,4.8632439322810156e-15,0.02783931247504487,0.046428752746824384,251,251,0,5,raw,2017
lasso_textall_raw_fit252_val126,lasso,textall,252,ew_spread_bp,17.43534083063373,7.085261296606607,2.460790096617066,0.013863144628338164,3.5484838682292157,31.322197793038246,251,251,0,5,raw,2017
lasso_textall_raw_fit252_val126,lasso,textall,252,cap_spread_bp,-6.436334415611028,4.600959552732829,-1.3989113231365058,0.16183957662809234,-15.454049433292887,2.5813806020708325,251,251,0,5,raw,2017
enet_textall_raw_fit252_val126,enet,textall,252,rank_ic,0.03715502993325357,0.004744990010848906,7.830370527293549,4.864342400028149e-15,0.027855020404987392,0.04645503946151975,251,251,0,5,raw,2017
enet_textall_raw_fit252_val126,enet,textall,252,ew_spread_bp,17.300913613917793,7.06675128299642,2.448213177609092,0.014356668489115852,3.45033561154259,31.151491616292994,251,251,0,5,raw,2017
enet_textall_raw_fit252_val126,enet,textall,252,cap_spread_bp,-6.51744924585784,4.606693891936776,-1.4147780162396968,0.15713359166440263,-15.546403361854573,2.511504870138893,251,251,0,5,raw,2017
ols_core_raw_fit756_val126,ols,core,756,rank_ic,0.033686454057055844,0.0038615796957274335,8.723490568983346,2.697545676228852e-18,0.026117896929998934,0.041255011184112754,251,251,0,5,raw,2017
ols_core_raw_fit756_val126,ols,core,756,ew_spread_bp,22.8372498751888,6.761669630998736,3.3774572141903967,0.0007315933363062096,9.58462092307304,36.08987882730456,251,251,0,5,raw,2017
ols_core_raw_fit756_val126,ols,core,756,cap_spread_bp,-4.5467518851568345,3.54683186424969,-1.2819192054142299,0.19987099002903785,-11.498414598305285,2.404910827991616,251,251,0,5,raw,2017
ridge_core_raw_fit756_val126,ridge,core,756,rank_ic,0.0336806222012869,0.0038614837798507293,8.72219698993242,2.7285509276531965e-18,0.026112253065893872,0.04124899133667992,251,251,0,5,raw,2017
ridge_core_raw_fit756_val126,ridge,core,756,ew_spread_bp,22.857476454141718,6.761949221931369,3.3803087991265772,0.0007240443202806436,9.604299513867595,36.11065339441584,251,251,0,5,raw,2017
ridge_core_raw_fit756_val126,ridge,core,756,cap_spread_bp,-4.546010692513728,3.547172732925719,-1.2815870651904127,0.19998754002618724,-11.498341495990653,2.406320110963197,251,251,0,5,raw,2017
lasso_core_raw_fit756_val126,lasso,core,756,rank_ic,0.034293973756090175,0.0041459829526604595,8.271614752801595,1.3215674396254758e-16,0.026167996488358644,0.042419951023821706,251,251,0,5,raw,2017
lasso_core_raw_fit756_val126,lasso,core,756,ew_spread_bp,23.15423657624728,7.2950799898401835,3.1739523909942116,0.0015037835461912557,8.856142531821696,37.45233062067286,251,251,0,5,raw,2017
lasso_core_raw_fit756_val126,lasso,core,756,cap_spread_bp,-5.121642890997514,3.673122962057692,-1.3943565036898078,0.16320997600926979,-12.320831607417674,2.0775458254226464,251,251,0,5,raw,2017
enet_core_raw_fit756_val126,enet,core,756,rank_ic,0.034293901918357766,0.004145987470970219,8.271588411320625,1.3218595169831845e-16,0.026167915794901835,0.042419888041813694,251,251,0,5,raw,2017
enet_core_raw_fit756_val126,enet,core,756,ew_spread_bp,23.15423657624728,7.2950799898401835,3.1739523909942116,0.0015037835461912557,8.856142531821696,37.45233062067286,251,251,0,5,raw,2017
enet_core_raw_fit756_val126,enet,core,756,cap_spread_bp,-5.121642890997514,3.673122962057692,-1.3943565036898078,0.16320997600926979,-12.320831607417674,2.0775458254226464,251,251,0,5,raw,2017
ols_all_raw_fit756_val126,ols,all,756,rank_ic,0.03361836700346138,0.00466312396484892,7.2094088119638,5.619531462474736e-13,0.024478811976911874,0.042757922030010886,251,251,0,5,raw,2017
ols_all_raw_fit756_val126,ols,all,756,ew_spread_bp,17.754759058832484,6.713873157692456,2.6444883067964837,0.008181453343562026,4.595809472985064,30.913708644679904,251,251,0,5,raw,2017
ols_all_raw_fit756_val126,ols,all,756,cap_spread_bp,-7.96863158300834,3.795555418621302,-2.0994639003065503,0.03577602686410652,-15.40778350483194,-0.5294796611847401,251,251,0,5,raw,2017
ridge_all_raw_fit756_val126,ridge,all,756,rank_ic,0.03368585816830857,0.004864649643034854,6.924621635710101,4.371422977950714e-12,0.02415132007055462,0.043220396266062514,251,251,0,5,raw,2017
ridge_all_raw_fit756_val126,ridge,all,756,ew_spread_bp,19.868181307500024,7.599318832339185,2.614468710399442,0.008936634561655298,4.973790089078243,34.762572525921804,251,251,0,5,raw,2017
ridge_all_raw_fit756_val126,ridge,all,756,cap_spread_bp,-5.375505395384609,4.095739901111894,-1.3124625892199089,0.1893641007580832,-13.403008091607562,2.651997300838344,251,251,0,5,raw,2017
lasso_all_raw_fit756_val126,lasso,all,756,rank_ic,0.033094414444192595,0.004734655428991127,6.989825329537115,2.752286873169919e-12,0.023814660324162948,0.04237416856422224,251,251,0,5,raw,2017
lasso_all_raw_fit756_val126,lasso,all,756,ew_spread_bp,21.91277093853056,7.3086610082533285,2.9981922699363803,0.0027158627527229585,7.588058587141838,36.23748328991928,251,251,0,5,raw,2017
lasso_all_raw_fit756_val126,lasso,all,756,cap_spread_bp,-7.19695450401965,4.093458650743629,-1.758159814979988,0.07872032057937829,-15.219986031681085,0.826077023641786,251,251,0,5,raw,2017
enet_all_raw_fit756_val126,enet,all,756,rank_ic,0.03313394534562924,0.00467954505866504,7.080591153679701,1.4354080931041954e-12,0.023962205566613385,0.042305685124645095,251,251,0,5,raw,2017
enet_all_raw_fit756_val126,enet,all,756,ew_spread_bp,21.63156748236758,7.394190450491736,2.9254815151439617,0.0034392360763710753,7.139220504573778,36.12391446016138,251,251,0,5,raw,2017
enet_all_raw_fit756_val126,enet,all,756,cap_spread_bp,-6.845482801413727,4.203261179674916,-1.6286122866966746,0.10339512158340315,-15.083723331191903,1.3927577283644492,251,251,0,5,raw,2017
ols_textcore_raw_fit756_val126,ols,textcore,756,rank_ic,0.04055542687699264,0.0045199168857313335,8.972604563818361,2.895841874763201e-19,0.03169655256784478,0.04941430118614049,251,251,0,5,raw,2017
ols_textcore_raw_fit756_val126,ols,textcore,756,ew_spread_bp,15.95563627585304,7.258155337128793,2.198304601478098,0.027927406721041326,1.7299132208834322,30.181359330822648,251,251,0,5,raw,2017
ols_textcore_raw_fit756_val126,ols,textcore,756,cap_spread_bp,-2.1321875006023023,4.175872455546205,-0.5105968928170752,0.6096333520501863,-10.316747117505702,6.052372116301097,251,251,0,5,raw,2017
ridge_textcore_raw_fit756_val126,ridge,textcore,756,rank_ic,0.039083008317571784,0.004706540928625704,8.30397714802916,1.0068301556004512e-16,0.029858357605701706,0.04830765902944186,251,251,0,5,raw,2017
ridge_textcore_raw_fit756_val126,ridge,textcore,756,ew_spread_bp,7.947080923212491,6.763215851226995,1.1750446973787945,0.23997683397457192,-5.308578564862824,21.202740411287806,251,251,0,5,raw,2017
ridge_textcore_raw_fit756_val126,ridge,textcore,756,cap_spread_bp,-2.7719948360323414,3.7296764708112997,-0.7432266197151846,0.4573444895431247,-10.082026392808942,4.53803672074426,251,251,0,5,raw,2017
lasso_textcore_raw_fit756_val126,lasso,textcore,756,rank_ic,0.04052628667777033,0.00487124791762792,8.31948760626924,8.834439302831896e-17,0.03097881619945387,0.050073757156086786,251,251,0,5,raw,2017
lasso_textcore_raw_fit756_val126,lasso,textcore,756,ew_spread_bp,15.500362133844005,7.634724986752028,2.0302449873100383,0.04233164305503093,0.5365761279419896,30.464148139746023,251,251,0,5,raw,2017
lasso_textcore_raw_fit756_val126,lasso,textcore,756,cap_spread_bp,7.614014548394319,6.420097602105957,1.1859655444952624,0.2356359067347057,-4.969145528965319,20.19717462575396,251,251,0,5,raw,2017
enet_textcore_raw_fit756_val126,enet,textcore,756,rank_ic,0.04052417556667769,0.004872726906524133,8.316529192805687,9.057669019374847e-17,0.030973806323391122,0.05007454480996426,251,251,0,5,raw,2017
enet_textcore_raw_fit756_val126,enet,textcore,756,ew_spread_bp,15.577117399645516,7.604481820569411,2.0484127343839353,0.040519574807386875,0.6726069102398888,30.481627889051143,251,251,0,5,raw,2017
enet_textcore_raw_fit756_val126,enet,textcore,756,cap_spread_bp,8.194719640348852,6.396447323629522,1.2811361097395766,0.2001458624245276,-4.342086742972629,20.731526023670334,251,251,0,5,raw,2017
ols_textall_raw_fit756_val126,ols,textall,756,rank_ic,0.04092358252693604,0.004449638649561286,9.197057502853838,3.678856039059813e-20,0.03220245102957848,0.04964471402429361,251,251,0,5,raw,2017
ols_textall_raw_fit756_val126,ols,textall,756,ew_spread_bp,21.25323325425913,7.455859638464896,2.8505409550111924,0.004364492923982113,6.640016889082105,35.86644961943615,251,251,0,5,raw,2017
ols_textall_raw_fit756_val126,ols,textall,756,cap_spread_bp,3.4213451335308123,4.87010287991828,0.7025200941110761,0.48235487485645423,-6.123881112113812,12.966571379175436,251,251,0,5,raw,2017
ridge_textall_raw_fit756_val126,ridge,textall,756,rank_ic,0.040002361817872804,0.005090499656912299,7.8582387808541165,3.895721340367191e-15,0.030025165827011195,0.049979557808734414,251,251,0,5,raw,2017
ridge_textall_raw_fit756_val126,ridge,textall,756,ew_spread_bp,19.431502495757115,7.7844636032272385,2.4961902946917647,0.012553523677033962,4.174234194468831,34.6887707970454,251,251,0,5,raw,2017
ridge_textall_raw_fit756_val126,ridge,textall,756,cap_spread_bp,-7.2959341514147775,5.124095093841296,-1.4238483122969043,0.1544903869164773,-17.338975988702106,2.7471076858725523,251,251,0,5,raw,2017
lasso_textall_raw_fit756_val126,lasso,textall,756,rank_ic,0.040715140303906154,0.004922933108778619,8.270504474517955,1.33393368633047e-16,0.031066368712400257,0.05036391189541205,251,251,0,5,raw,2017
lasso_textall_raw_fit756_val126,lasso,textall,756,ew_spread_bp,19.85867097328643,7.696734782670452,2.580142298523671,0.009875961071010641,4.7733480006956235,34.94399394587724,251,251,0,5,raw,2017
lasso_textall_raw_fit756_val126,lasso,textall,756,cap_spread_bp,-4.527890388059417,5.85930654219106,-0.7727689881823854,0.4396591098353525,-16.011920185133814,6.95613940901498,251,251,0,5,raw,2017
enet_textall_raw_fit756_val126,enet,textall,756,rank_ic,0.040728428775200214,0.004924339549377864,8.270840864405015,1.3301749875187502e-16,0.0310769006107734,0.050379956939627026,251,251,0,5,raw,2017
enet_textall_raw_fit756_val126,enet,textall,756,ew_spread_bp,20.36059446227604,7.643651869404961,2.6637260317640634,0.007728047381144469,5.379312087880061,35.34187683667202,251,251,0,5,raw,2017
enet_textall_raw_fit756_val126,enet,textall,756,cap_spread_bp,-5.110316965994111,5.772956303182055,-0.8852166373019837,0.37603980078557997,-16.425103404554434,6.2044694725662115,251,251,0,5,raw,2017
nn3_core_raw_fit504_val126,nn3,core,504,rank_ic,0.03270214583776338,0.004225876143278302,7.738548109077821,1.005584994356289e-14,0.02441958079381088,0.04098471088171588,251,251,0,5,raw,2017
nn3_core_raw_fit504_val126,nn3,core,504,ew_spread_bp,23.803379295370107,6.897725170972937,3.4509028274335547,0.0005587146929186829,10.284086385007765,37.322672205732445,251,251,0,5,raw,2017
nn3_core_raw_fit504_val126,nn3,core,504,cap_spread_bp,-6.775663932200467,4.163708068900248,-1.627314840540708,0.10367024758951258,-14.93638178938377,1.385053924982837,251,251,0,5,raw,2017
nn3_textcore_raw_fit504_val126,nn3,textcore,504,rank_ic,0.03819692387939845,0.0044993256819752915,8.489477441568368,2.0756830149436286e-17,0.02937840758801076,0.04701544017078614,251,251,0,5,raw,2017
nn3_textcore_raw_fit504_val126,nn3,textcore,504,ew_spread_bp,17.0702003669307,7.166650611487218,2.3818937593482463,0.01722386576307679,3.023823278633797,31.1165774552276,251,251,0,5,raw,2017
nn3_textcore_raw_fit504_val126,nn3,textcore,504,cap_spread_bp,1.4073916623309823,5.672476527900464,0.2481088560540762,0.8040501836753545,-9.710458035502743,12.525241360164706,251,251,0,5,raw,2017
nn3_all_raw_fit504_val126,nn3,all,504,rank_ic,0.033091493486641026,0.0043607515910383055,7.588483956446109,3.23670035016322e-14,0.024544577422680208,0.04163840955060184,251,251,0,5,raw,2017
nn3_all_raw_fit504_val126,nn3,all,504,ew_spread_bp,22.433800053628143,6.932124231385815,3.2362085999637884,0.0012112883023927459,8.847086223754541,36.02051388350175,251,251,0,5,raw,2017
nn3_all_raw_fit504_val126,nn3,all,504,cap_spread_bp,-3.5802461221927344,3.990211621930165,-0.897257203732187,0.3695816871709716,-11.400917191869013,4.240424947483543,251,251,0,5,raw,2017
nn3_textall_raw_fit504_val126,nn3,textall,504,rank_ic,0.03861577756726786,0.004515877765663798,8.551112224710904,1.2190801994718563e-17,0.02976481978798161,0.047466735346554115,251,251,0,5,raw,2017
nn3_textall_raw_fit504_val126,nn3,textall,504,ew_spread_bp,18.957420473471977,7.590114620255735,2.497646138686802,0.01250209222482682,4.081069179239828,33.83377176770413,251,251,0,5,raw,2017
nn3_textall_raw_fit504_val126,nn3,textall,504,cap_spread_bp,-3.631757791341488,5.010871032764352,-0.7247757460917833,0.46858961741390914,-13.452884546734644,6.189368964051668,251,251,0,5,raw,2017
nn3_core_raw_fit252_val126,nn3,core,252,rank_ic,0.03343423944410945,0.00415251179295543,8.051570016207853,8.173863317940157e-16,0.02529546588453896,0.04157301300367994,251,251,0,5,raw,2017
nn3_core_raw_fit252_val126,nn3,core,252,ew_spread_bp,22.835070727723718,7.368827406523113,3.09887441623472,0.0019425734272690337,8.392434402646723,37.277707052800714,251,251,0,5,raw,2017
nn3_core_raw_fit252_val126,nn3,core,252,cap_spread_bp,-6.956709622084124,4.27724850642989,-1.6264450409243842,0.10385501584883483,-15.339962647614446,1.4265434034461988,251,251,0,5,raw,2017
nn3_textcore_raw_fit252_val126,nn3,textcore,252,rank_ic,0.03160343888880061,0.00336117643599931,9.402493290836308,5.32851533348656e-21,0.02501565412855726,0.038191223649043954,251,251,0,5,raw,2017
nn3_textcore_raw_fit252_val126,nn3,textcore,252,ew_spread_bp,6.634653698549009,5.806235331139409,1.142677366686588,0.2531725703100598,-4.745358436248228,18.014665833346246,251,251,0,5,raw,2017
nn3_textcore_raw_fit252_val126,nn3,textcore,252,cap_spread_bp,2.608390073709209,3.0347691121972087,0.859501984261565,0.39006362573894704,-3.339648087591914,8.556428235010332,251,251,0,5,raw,2017
nn3_all_raw_fit252_val126,nn3,all,252,rank_ic,0.030548266988614972,0.00391923690914385,7.7944425654248555,6.469343081363393e-15,0.022866703799812947,0.038229830177417,251,251,0,5,raw,2017
nn3_all_raw_fit252_val126,nn3,all,252,ew_spread_bp,26.188288279888994,6.415122689824426,4.082273955793312,4.4597181392521887e-05,13.614878851427402,38.76169770835058,251,251,0,5,raw,2017
nn3_all_raw_fit252_val126,nn3,all,252,cap_spread_bp,-1.5556296939216456,3.3787176360491324,-0.4604201538843905,0.6452146713511318,-8.177794574508255,5.066535186664964,251,251,0,5,raw,2017
nn3_textall_raw_fit252_val126,nn3,textall,252,rank_ic,0.03424106079264796,0.003236433323689136,10.579875241680357,3.694498314176846e-26,0.027897768039851986,0.04058435354544393,251,251,0,5,raw,2017
nn3_textall_raw_fit252_val126,nn3,textall,252,ew_spread_bp,18.186864471019035,6.973008245831414,2.6081805484586167,0.009102492920139454,4.520019445288645,31.853709496749424,251,251,0,5,raw,2017
nn3_textall_raw_fit252_val126,nn3,textall,252,cap_spread_bp,-1.2302126452542232,3.884549005249299,-0.31669381531596147,0.7514759420932724,-8.843788791723743,6.383363501215296,251,251,0,5,raw,2017
nn3_core_raw_fit756_val126,nn3,core,756,rank_ic,0.03331774988744159,0.003984333780696227,8.362188441355837,6.156540318549287e-17,0.025508599174890678,0.04112690059999251,251,251,0,5,raw,2017
nn3_core_raw_fit756_val126,nn3,core,756,ew_spread_bp,22.799515768042117,6.8731734257534205,3.3171745212500423,0.0009093279633651709,9.328343394067629,36.2706881420166,251,251,0,5,raw,2017
nn3_core_raw_fit756_val126,nn3,core,756,cap_spread_bp,-4.570293446972048,3.988446212894829,-1.1458831843328061,0.2518434899040499,-12.387504378521086,3.24691748457699,251,251,0,5,raw,2017
nn3_textcore_raw_fit756_val126,nn3,textcore,756,rank_ic,0.04052393280982164,0.004916785676134117,8.241956326573924,1.6941741150523343e-16,0.03088720996489635,0.05016065565474693,251,251,0,5,raw,2017
nn3_textcore_raw_fit756_val126,nn3,textcore,756,ew_spread_bp,13.091368163464942,7.710573367496709,1.6978462611678833,0.08953678204297173,-2.02107793698233,28.203814263912214,251,251,0,5,raw,2017
nn3_textcore_raw_fit756_val126,nn3,textcore,756,cap_spread_bp,-1.3740790434458041,5.939459071116515,-0.23134750605958823,0.8170448430302566,-13.015204910483895,10.267046823592288,251,251,0,5,raw,2017
nn3_all_raw_fit756_val126,nn3,all,756,rank_ic,0.03280224604605132,0.004430947398365494,7.402987013150178,1.3315477651266492e-13,0.0241177487278635,0.041486743364239145,251,251,0,5,raw,2017
nn3_all_raw_fit756_val126,nn3,all,756,ew_spread_bp,24.139595256054662,7.124532438426164,3.3882357143688138,0.000703437833836051,10.17576827005205,38.10342224205728,251,251,0,5,raw,2017
nn3_all_raw_fit756_val126,nn3,all,756,cap_spread_bp,-6.985078880142248,3.6894784017309137,-1.8932429247628086,0.058325571444557495,-14.21632366927324,0.24616590898874424,251,251,0,5,raw,2017
nn3_textall_raw_fit756_val126,nn3,textall,756,rank_ic,0.04318042193708324,0.004966949283040309,8.693549999498316,3.512869686136147e-18,0.03344538022928719,0.05291546364487929,251,251,0,5,raw,2017
nn3_textall_raw_fit756_val126,nn3,textall,756,ew_spread_bp,22.63949768454627,7.743674200127135,2.9236118539406757,0.003459958898497789,7.4621751442850766,37.816820224807465,251,251,0,5,raw,2017
nn3_textall_raw_fit756_val126,nn3,textall,756,cap_spread_bp,-1.5238177345221875,5.0776117546341615,-0.3001052085424711,0.7640969063763237,-11.475753901082374,8.428118432037998,251,251,0,5,raw,2017
ols_core_raw_fit504_val126,ols,core,504,rank_ic,0.03307251745518632,0.004994211071059525,6.622170545981744,3.5396232551802795e-11,0.023284043624718444,0.042860991285654196,251,251,0,5,raw,2018
ols_core_raw_fit504_val126,ols,core,504,ew_spread_bp,33.84415971609417,7.396773426409095,4.575530135242288,4.750155811682318e-06,19.34675019852941,48.34156923365893,251,251,0,5,raw,2018
ols_core_raw_fit504_val126,ols,core,504,cap_spread_bp,-2.4583215404176393,4.45253724848065,-0.5521170072763565,0.5808681903974798,-11.185134187262783,6.268491106427504,251,251,0,5,raw,2018
ridge_core_raw_fit504_val126,ridge,core,504,rank_ic,0.03260335486574796,0.004972815714295764,6.556316730583923,5.515302637715839e-11,0.02285681516397344,0.04234989456752248,251,251,0,5,raw,2018
ridge_core_raw_fit504_val126,ridge,core,504,ew_spread_bp,32.27702205490418,7.25309061137966,4.450106000918214,8.582791641790307e-06,18.061225679994443,46.492818429813916,251,251,0,5,raw,2018
ridge_core_raw_fit504_val126,ridge,core,504,cap_spread_bp,-3.446213977467546,4.508330031852375,-0.7644103144887935,0.4446227639951804,-12.282378470318516,5.389950515383423,251,251,0,5,raw,2018
lasso_core_raw_fit504_val126,lasso,core,504,rank_ic,0.03267477992538085,0.004972790742943695,6.570712827951951,5.0074953418427165e-11,0.02292828916655703,0.04242127068420467,251,251,0,5,raw,2018
lasso_core_raw_fit504_val126,lasso,core,504,ew_spread_bp,33.42867112276306,7.207380197109378,4.638116792585759,3.5159809754484984e-06,19.302465513541485,47.55487673198464,251,251,0,5,raw,2018
lasso_core_raw_fit504_val126,lasso,core,504,cap_spread_bp,-2.8918769526329213,4.225543942968976,-0.68437980805875,0.4937353630364827,-11.173790895943487,5.390036990677643,251,251,0,5,raw,2018
enet_core_raw_fit504_val126,enet,core,504,rank_ic,0.032674740888009875,0.004972794478280412,6.570700042143864,5.0079253864561413e-11,0.02292824280806062,0.04242123896795913,251,251,0,5,raw,2018
enet_core_raw_fit504_val126,enet,core,504,ew_spread_bp,33.42867112276306,7.207380197109378,4.638116792585759,3.5159809754484984e-06,19.302465513541485,47.55487673198464,251,251,0,5,raw,2018
enet_core_raw_fit504_val126,enet,core,504,cap_spread_bp,-2.8918769526329213,4.225543942968976,-0.68437980805875,0.4937353630364827,-11.173790895943487,5.390036990677643,251,251,0,5,raw,2018
ols_all_raw_fit504_val126,ols,all,504,rank_ic,0.034632779354492965,0.004810662609834777,7.199170293857385,6.058005273504896e-13,0.02520405389744334,0.04406150481154259,251,251,0,5,raw,2018
ols_all_raw_fit504_val126,ols,all,504,ew_spread_bp,32.66337331138015,7.915137291272429,4.126696999608104,3.680107613170863e-05,17.149989287796267,48.17675733496403,251,251,0,5,raw,2018
ols_all_raw_fit504_val126,ols,all,504,cap_spread_bp,-0.002826659335572554,4.872262639295535,-0.0005801533178394612,0.9995371046507641,-9.552285955574888,9.546632636903745,251,251,0,5,raw,2018
ridge_all_raw_fit504_val126,ridge,all,504,rank_ic,0.03451275324958385,0.004913566819826449,7.023971488557646,2.1564883282870514e-12,0.024882339247092995,0.0441431672520747,251,251,0,5,raw,2018
ridge_all_raw_fit504_val126,ridge,all,504,ew_spread_bp,31.62815084997919,7.872398632802761,4.017600267114372,5.879382107081935e-05,16.19853305774342,47.05776864221496,251,251,0,5,raw,2018
ridge_all_raw_fit504_val126,ridge,all,504,cap_spread_bp,-0.4587581773265126,4.832800251216611,-0.09492595461834465,0.9243736407989017,-9.930872614187194,9.01335625953417,251,251,0,5,raw,2018
lasso_all_raw_fit504_val126,lasso,all,504,rank_ic,0.034361915611738035,0.0048744347892480475,7.049415388125206,1.7967104649716997e-12,0.024808198979822775,0.043915632243653295,251,251,0,5,raw,2018
lasso_all_raw_fit504_val126,lasso,all,504,ew_spread_bp,32.00084141900946,7.841641664126735,4.080885456090674,4.48644616680381e-05,16.631506177652327,47.370176660366596,251,251,0,5,raw,2018
lasso_all_raw_fit504_val126,lasso,all,504,cap_spread_bp,-1.4345795679001279,4.70067915544686,-0.3051855956256501,0.7602248024602206,-10.647741415454131,7.778582279653875,251,251,0,5,raw,2018
enet_all_raw_fit504_val126,enet,all,504,rank_ic,0.03436588123613645,0.004880945287350302,7.040824924876901,1.9110500632591802e-12,0.024799404262419354,0.04393235820985355,251,251,0,5,raw,2018
enet_all_raw_fit504_val126,enet,all,504,ew_spread_bp,32.17317062167051,7.881832735983566,4.081940292235299,4.466127200403793e-05,16.725062326973923,47.62127891636709,251,251,0,5,raw,2018
enet_all_raw_fit504_val126,enet,all,504,cap_spread_bp,-1.2965462931485134,4.745029287412348,-0.2732430538601736,0.7846663865241497,-10.596632802064471,8.003540215767446,251,251,0,5,raw,2018
ols_textcore_raw_fit504_val126,ols,textcore,504,rank_ic,0.04166215170350584,0.004859135279660033,8.573984733024497,9.9964685585382e-18,0.03213842155936421,0.05118588184764747,251,251,0,5,raw,2018
ols_textcore_raw_fit504_val126,ols,textcore,504,ew_spread_bp,25.681539804655834,9.919368554086455,2.589029701298464,0.00962467925559944,6.23993468926723,45.12314492004444,251,251,0,5,raw,2018
ols_textcore_raw_fit504_val126,ols,textcore,504,cap_spread_bp,5.584820735988398,6.2897126920163675,0.8879293871526596,0.37457873588441404,-6.742789613468151,17.912431085444947,251,251,0,5,raw,2018
ridge_textcore_raw_fit504_val126,ridge,textcore,504,rank_ic,0.04250666320020297,0.0052055697106341585,8.165612135280517,3.1980929961037375e-16,0.03230393404834743,0.052709392352058515,251,251,0,5,raw,2018
ridge_textcore_raw_fit504_val126,ridge,textcore,504,ew_spread_bp,28.902902944917475,10.215511848282771,2.8293151996858636,0.004664773149782761,8.880867638641043,48.92493825119391,251,251,0,5,raw,2018
ridge_textcore_raw_fit504_val126,ridge,textcore,504,cap_spread_bp,6.9262381759716245,6.802834858729385,1.0181399842572818,0.30861143589676143,-6.407073139911597,20.259549491854848,251,251,0,5,raw,2018
lasso_textcore_raw_fit504_val126,lasso,textcore,504,rank_ic,0.04182260598346548,0.005013309819282226,8.342314257660098,7.285054162047316e-17,0.03199669929433131,0.05164851267259965,251,251,0,5,raw,2018
lasso_textcore_raw_fit504_val126,lasso,textcore,504,ew_spread_bp,26.27010859856829,9.872890019660606,2.660832699063264,0.00779476768828153,6.919599736708555,45.62061746042802,251,251,0,5,raw,2018
lasso_textcore_raw_fit504_val126,lasso,textcore,504,cap_spread_bp,7.1702382745810045,7.2823937524580264,0.9845990917699051,0.3248210359785455,-7.102991201476225,21.443467750638234,251,251,0,5,raw,2018
enet_textcore_raw_fit504_val126,enet,textcore,504,rank_ic,0.04182916079198985,0.005015867111871217,8.339367821964702,7.468875005610591e-17,0.03199824190148333,0.051660079682496376,251,251,0,5,raw,2018
enet_textcore_raw_fit504_val126,enet,textcore,504,ew_spread_bp,26.233818148039223,9.883859313986386,2.6542079682292163,0.007949481586373632,6.861809864365139,45.60582643171331,251,251,0,5,raw,2018
enet_textcore_raw_fit504_val126,enet,textcore,504,cap_spread_bp,7.289470719206545,7.283048146141472,1.0008818523420684,0.3168839311344448,-6.9850413449019495,21.56398278331504,251,251,0,5,raw,2018
ols_textall_raw_fit504_val126,ols,textall,504,rank_ic,0.042677816780947356,0.0045069912114770565,9.469247837064396,2.81865967009099e-21,0.03384427632781378,0.05151135723408093,251,251,0,5,raw,2018
ols_textall_raw_fit504_val126,ols,textall,504,ew_spread_bp,32.66239529730961,8.898899548736962,3.6703858851789652,0.00024218457381213645,15.220872679745423,50.10391791487379,251,251,0,5,raw,2018
ols_textall_raw_fit504_val126,ols,textall,504,cap_spread_bp,6.412209065663732,5.143868770921913,1.246573221679312,0.2125540255770354,-3.669588466543531,16.494006597870996,251,251,0,5,raw,2018
ridge_textall_raw_fit504_val126,ridge,textall,504,rank_ic,0.04252895038057981,0.004724770267331152,9.001273707346376,2.231139495505674e-19,0.03326857082138507,0.051789329939774545,251,251,0,5,raw,2018
ridge_textall_raw_fit504_val126,ridge,textall,504,ew_spread_bp,34.24980095274506,8.652025634948489,3.958587549070406,7.539430481908209e-05,17.292142314928732,51.20745959056139,251,251,0,5,raw,2018
ridge_textall_raw_fit504_val126,ridge,textall,504,cap_spread_bp,2.043000959448167,5.77527988757846,0.3537492553118122,0.7235268058519537,-9.276339620844148,13.36234153974048,251,251,0,5,raw,2018
lasso_textall_raw_fit504_val126,lasso,textall,504,rank_ic,0.04306183005336237,0.004737604188452425,9.089368453008914,9.961599469875625e-20,0.03377629647098951,0.052347363635735236,251,251,0,5,raw,2018
lasso_textall_raw_fit504_val126,lasso,textall,504,ew_spread_bp,36.98105641783354,8.29225283584845,4.45971163083207,8.207000033923591e-06,20.72853950887045,53.23357332679663,251,251,0,5,raw,2018
lasso_textall_raw_fit504_val126,lasso,textall,504,cap_spread_bp,2.3658425861087156,5.938629645034311,0.39838190416318625,0.6903486947909343,-9.273657635680419,14.00534280789785,251,251,0,5,raw,2018
enet_textall_raw_fit504_val126,enet,textall,504,rank_ic,0.04308260924394943,0.004710383242555031,9.146306579627762,5.891332865358543e-20,0.033850427735160574,0.05231479075273829,251,251,0,5,raw,2018
enet_textall_raw_fit504_val126,enet,textall,504,ew_spread_bp,36.4103768975375,8.507191502849718,4.2799526595047075,1.8693307161532495e-05,19.736587942366878,53.084165852708125,251,251,0,5,raw,2018
enet_textall_raw_fit504_val126,enet,textall,504,cap_spread_bp,2.376006322651076,5.951484350389856,0.39922919775390725,0.6897243311557801,-9.2886886586668,14.040701303968952,251,251,0,5,raw,2018
ols_core_raw_fit252_val126,ols,core,252,rank_ic,0.03227437058787272,0.004839010088739055,6.669622504606671,2.564622295481901e-11,0.022790085093118202,0.04175865608262724,251,251,0,5,raw,2018
ols_core_raw_fit252_val126,ols,core,252,ew_spread_bp,35.964595797007924,7.086736506075311,5.074916467710663,3.8766626585221174e-07,22.074847477175098,49.85434411684075,251,251,0,5,raw,2018
ols_core_raw_fit252_val126,ols,core,252,cap_spread_bp,-1.397171179451077,4.026423988481328,-0.3470005104897204,0.7285909352579489,-9.288817183362598,6.494474824460443,251,251,0,5,raw,2018
ridge_core_raw_fit252_val126,ridge,core,252,rank_ic,0.031805881812233316,0.00481451652909154,6.606246259629069,3.941869835339537e-11,0.02236960281224111,0.04124216081222552,251,251,0,5,raw,2018
ridge_core_raw_fit252_val126,ridge,core,252,ew_spread_bp,35.022184593658345,7.007011991534569,4.998162502928487,5.787920019785275e-07,21.28869345101031,48.75567573630638,251,251,0,5,raw,2018
ridge_core_raw_fit252_val126,ridge,core,252,cap_spread_bp,-2.4966354438688136,4.092211523937235,-0.6100944267579621,0.5417992583106703,-10.517222647905562,5.523951760167936,251,251,0,5,raw,2018
lasso_core_raw_fit252_val126,lasso,core,252,rank_ic,0.032770533941637016,0.004937185528186366,6.637492910596576,3.1906330163824604e-11,0.023093828121399373,0.04244723976187466,251,251,0,5,raw,2018
lasso_core_raw_fit252_val126,lasso,core,252,ew_spread_bp,33.97172998488348,7.176839302492684,4.733522453691321,2.2065654058691303e-06,19.905383429166257,48.038076540600706,251,251,0,5,raw,2018
lasso_core_raw_fit252_val126,lasso,core,252,cap_spread_bp,-2.828470485913514,4.1729142345672114,-0.6778165873823346,0.49788799253176874,-11.007232096239775,5.350291124412748,251,251,0,5,raw,2018
enet_core_raw_fit252_val126,enet,core,252,rank_ic,0.0327705461010459,0.004937183496845015,6.63749810433157,3.1905206320592e-11,0.023093844262164147,0.04244724793992765,251,251,0,5,raw,2018
enet_core_raw_fit252_val126,enet,core,252,ew_spread_bp,33.97172998488348,7.176839302492684,4.733522453691321,2.2065654058691303e-06,19.905383429166257,48.038076540600706,251,251,0,5,raw,2018
enet_core_raw_fit252_val126,enet,core,252,cap_spread_bp,-2.828470485913514,4.1729142345672114,-0.6778165873823346,0.49788799253176874,-11.007232096239775,5.350291124412748,251,251,0,5,raw,2018
ols_all_raw_fit252_val126,ols,all,252,rank_ic,0.032867880082738325,0.004014880065959752,8.186516045998326,2.688968293627186e-16,0.024998859751209416,0.04073690041426724,251,251,0,5,raw,2018
ols_all_raw_fit252_val126,ols,all,252,ew_spread_bp,33.449483287244796,7.494443543781234,4.463237742981016,8.073039303841723e-06,18.760643857264846,48.138322717224746,251,251,0,5,raw,2018
ols_all_raw_fit252_val126,ols,all,252,cap_spread_bp,0.4251943263141754,4.932211949419304,0.08620763476399992,0.9313013616406434,-9.241763458665751,10.092152111294102,251,251,0,5,raw,2018
ridge_all_raw_fit252_val126,ridge,all,252,rank_ic,0.03197476109983271,0.004299494111888338,7.436865888807879,1.0310212665206608e-13,0.023547907488789543,0.040401614710875874,251,251,0,5,raw,2018
ridge_all_raw_fit252_val126,ridge,all,252,ew_spread_bp,31.943144237858473,7.710932215712309,4.142578788692889,3.43422330980959e-05,16.82999480783271,47.05629366788423,251,251,0,5,raw,2018
ridge_all_raw_fit252_val126,ridge,all,252,cap_spread_bp,-0.4925844832196194,4.706170515521097,-0.10466779339912577,0.9166394186939255,-9.71650919874527,8.73134023230603,251,251,0,5,raw,2018
lasso_all_raw_fit252_val126,lasso,all,252,rank_ic,0.0314215153232322,0.004454506474232601,7.053871288546132,1.7400734728374923e-12,0.022690843064835806,0.0401521875816286,251,251,0,5,raw,2018
lasso_all_raw_fit252_val126,lasso,all,252,ew_spread_bp,28.839248458429896,7.67999836193654,3.7551112772839152,0.00017326448118383392,13.786728267707668,43.89176864915213,251,251,0,5,raw,2018
lasso_all_raw_fit252_val126,lasso,all,252,cap_spread_bp,0.47282979542901593,4.657530065528978,0.10151942956385712,0.9191381346763213,-8.65576138992026,9.601420980778292,251,251,0,5,raw,2018
enet_all_raw_fit252_val126,enet,all,252,rank_ic,0.031375141222431326,0.0044542007481573435,7.043944131932288,1.8687309700196534e-12,0.02264506817613157,0.04010521426873108,251,251,0,5,raw,2018
enet_all_raw_fit252_val126,enet,all,252,ew_spread_bp,28.890203617244268,7.687508567989744,3.758071078781113,0.00017122824666661727,13.822963693141283,43.95744354134725,251,251,0,5,raw,2018
enet_all_raw_fit252_val126,enet,all,252,cap_spread_bp,0.4945699736993146,4.654620340087841,0.10625355830632176,0.9153811780273329,-8.628318254580432,9.617458201979062,251,251,0,5,raw,2018
ols_textcore_raw_fit252_val126,ols,textcore,252,rank_ic,0.03910223145181604,0.004327946943364094,9.034822275668205,1.6426914106732752e-19,0.0306196113158222,0.047584851587809875,251,251,0,5,raw,2018
ols_textcore_raw_fit252_val126,ols,textcore,252,ew_spread_bp,24.42003341373624,8.39460359246331,2.9090156723612997,0.003625686837470522,7.966912708017595,40.87315411945488,251,251,0,5,raw,2018
ols_textcore_raw_fit252_val126,ols,textcore,252,cap_spread_bp,3.9367086652949834,5.427990057160922,0.7252608468030348,0.4682920206588923,-6.701956355181933,14.575373685771899,251,251,0,5,raw,2018
ridge_textcore_raw_fit252_val126,ridge,textcore,252,rank_ic,0.04057163214267418,0.004736194600080211,8.566293315309947,1.0686945493233552e-17,0.03128886130274389,0.049854402982604476,251,251,0,5,raw,2018
ridge_textcore_raw_fit252_val126,ridge,textcore,252,ew_spread_bp,25.97235820564625,9.12037190337585,2.847730167235038,0.004403224079874771,8.096757749418561,43.84795866187393,251,251,0,5,raw,2018
ridge_textcore_raw_fit252_val126,ridge,textcore,252,cap_spread_bp,-3.2747612236531647,6.12630115474565,-0.5345413392086379,0.592967056408271,-15.282090845400782,8.732568398094452,251,251,0,5,raw,2018
lasso_textcore_raw_fit252_val126,lasso,textcore,252,rank_ic,0.0399970012732603,0.004667960829338019,8.56840979081918,1.0492383717269306e-17,0.030847966166514064,0.04914603638000654,251,251,0,5,raw,2018
lasso_textcore_raw_fit252_val126,lasso,textcore,252,ew_spread_bp,27.381950752010876,8.742606057440561,3.1320124196499677,0.0017361253096168116,10.246757748405663,44.51714375561609,251,251,0,5,raw,2018
lasso_textcore_raw_fit252_val126,lasso,textcore,252,cap_spread_bp,7.3161548193091575,5.6619784496322465,1.2921551864586047,0.19630340748533404,-3.7811190232119776,18.41342866183029,251,251,0,5,raw,2018
enet_textcore_raw_fit252_val126,enet,textcore,252,rank_ic,0.0400103897836807,0.004670529975101674,8.56656310889209,1.0661947482243962e-17,0.03085631924376666,0.049164460323594734,251,251,0,5,raw,2018
enet_textcore_raw_fit252_val126,enet,textcore,252,ew_spread_bp,27.36632118758535,8.742503160959949,3.130261514778847,0.001746507464136466,10.23132985737627,44.50131251779443,251,251,0,5,raw,2018
enet_textcore_raw_fit252_val126,enet,textcore,252,cap_spread_bp,7.737820030648699,5.636043379046679,1.3729170466316618,0.16977813651661755,-3.3086220075882213,18.784262068885617,251,251,0,5,raw,2018
ols_textall_raw_fit252_val126,ols,textall,252,rank_ic,0.039969836748097474,0.003872977442872526,10.320183202113483,5.711407461520528e-25,0.032378940447131285,0.047560733049063664,251,251,0,5,raw,2018
ols_textall_raw_fit252_val126,ols,textall,252,ew_spread_bp,34.47830157523063,7.7370305382329905,4.456270581440009,8.339775920884038e-06,19.31400037300742,49.642602777453845,251,251,0,5,raw,2018
ols_textall_raw_fit252_val126,ols,textall,252,cap_spread_bp,5.588555158458915,5.469837767365768,1.0217040058850446,0.30692101456157395,-5.132129866854969,16.3092401837728,251,251,0,5,raw,2018
ridge_textall_raw_fit252_val126,ridge,textall,252,rank_ic,0.04041540772764279,0.0041349716523707385,9.774047109723492,1.455201936876503e-22,0.032311012211902065,0.04851980324338351,251,251,0,5,raw,2018
ridge_textall_raw_fit252_val126,ridge,textall,252,ew_spread_bp,33.14257673448497,8.563125585838986,3.870383121473019,0.00010866444537776677,16.359158991147105,49.92599447782283,251,251,0,5,raw,2018
ridge_textall_raw_fit252_val126,ridge,textall,252,cap_spread_bp,5.3673877173550135,5.193507599791534,1.0334802855724057,0.3013791917502572,-4.811700131671454,15.546475566381481,251,251,0,5,raw,2018
lasso_textall_raw_fit252_val126,lasso,textall,252,rank_ic,0.04066163149321785,0.004145485883419047,9.808652745834852,1.0333899713043611e-22,0.03253662846329731,0.048786634523138396,251,251,0,5,raw,2018
lasso_textall_raw_fit252_val126,lasso,textall,252,ew_spread_bp,33.12651796047835,8.275525674805078,4.002950297324601,6.255744818142762e-05,16.90678568472387,49.346250236232834,251,251,0,5,raw,2018
lasso_textall_raw_fit252_val126,lasso,textall,252,cap_spread_bp,7.117420862111612,5.512164724572462,1.2912206397575787,0.19662718009236346,-3.686223474902559,17.921065199125785,251,251,0,5,raw,2018
enet_textall_raw_fit252_val126,enet,textall,252,rank_ic,0.04060211112392552,0.004112728191336717,9.87230598157498,5.488802038297945e-23,0.032541311990702995,0.04866291025714804,251,251,0,5,raw,2018
enet_textall_raw_fit252_val126,enet,textall,252,ew_spread_bp,32.534153969243484,8.292847654236002,3.9231582835873002,8.739569199796198e-05,16.28047123766345,48.78783670082352,251,251,0,5,raw,2018
enet_textall_raw_fit252_val126,enet,textall,252,cap_spread_bp,7.184818045380562,5.593054431871573,1.284596481743223,0.19893332876733527,-3.7773672046598543,18.14700329542098,251,251,0,5,raw,2018
ols_core_raw_fit756_val126,ols,core,756,rank_ic,0.03165570866828096,0.004705765482384796,6.7270051571372464,1.7319060491051375e-11,0.022432577803115007,0.04087883953344692,251,251,0,5,raw,2018
ols_core_raw_fit756_val126,ols,core,756,ew_spread_bp,34.51031585551558,7.104941290229661,4.85722744858882,1.1904082681795748e-06,20.584886814393897,48.43574489663726,251,251,0,5,raw,2018
ols_core_raw_fit756_val126,ols,core,756,cap_spread_bp,-2.403485543764513,3.9017313104134534,-0.6160048841266375,0.5378912962884005,-10.050738389527151,5.243767301998126,251,251,0,5,raw,2018
ridge_core_raw_fit756_val126,ridge,core,756,rank_ic,0.03165586250003182,0.004705875600450703,6.726880433685921,1.7333905945543216e-11,0.022432515807422643,0.040879209192641,251,251,0,5,raw,2018
ridge_core_raw_fit756_val126,ridge,core,756,ew_spread_bp,34.46721401588615,7.102950677580809,4.852520534131784,1.2190215752756587e-06,20.54568650386339,48.388741527908905,251,251,0,5,raw,2018
ridge_core_raw_fit756_val126,ridge,core,756,cap_spread_bp,-2.4039879513565126,3.901774129955804,-0.6161268877406143,0.5378107774860985,-10.051324721879993,5.243348819166967,251,251,0,5,raw,2018
lasso_core_raw_fit756_val126,lasso,core,756,rank_ic,0.032679598444316095,0.004913610668132287,6.650831873241992,2.91441047827304e-11,0.02304909850072502,0.04231009838790717,251,251,0,5,raw,2018
lasso_core_raw_fit756_val126,lasso,core,756,ew_spread_bp,33.84677180899098,7.135905541026235,4.743164215725224,2.104055709398139e-06,19.86065395149975,47.83288966648221,251,251,0,5,raw,2018
lasso_core_raw_fit756_val126,lasso,core,756,cap_spread_bp,-2.287559679582436,4.048647762978331,-0.5650182020032349,0.5720613836798712,-10.222763481108622,5.647644121943751,251,251,0,5,raw,2018
enet_core_raw_fit756_val126,enet,core,756,rank_ic,0.03267931641515392,0.004913602074022328,6.650786108204785,2.915316927463458e-11,0.023048833315708842,0.042309799514599,251,251,0,5,raw,2018
enet_core_raw_fit756_val126,enet,core,756,ew_spread_bp,33.842479690074335,7.136096937117269,4.742435534199105,2.11164035469106e-06,19.855986703137894,47.828972677010775,251,251,0,5,raw,2018
enet_core_raw_fit756_val126,enet,core,756,cap_spread_bp,-2.2875954196151334,4.048649688153983,-0.565026760973776,0.572055562148414,-10.222802994416261,5.647612155185994,251,251,0,5,raw,2018
ols_all_raw_fit756_val126,ols,all,756,rank_ic,0.03464011625634645,0.005049369754000541,6.8602851333875075,6.872323830474914e-12,0.024743533393879517,0.04453669911881338,251,251,0,5,raw,2018
ols_all_raw_fit756_val126,ols,all,756,ew_spread_bp,32.70669656538718,7.959771868708844,4.108999240790118,3.973773823272915e-05,17.105830377562764,48.3075627532116,251,251,0,5,raw,2018
ols_all_raw_fit756_val126,ols,all,756,cap_spread_bp,1.0867875780857112,4.843925360801619,0.22436092572364888,0.8224764724241015,-8.407131672885649,10.580706829057073,251,251,0,5,raw,2018
ridge_all_raw_fit756_val126,ridge,all,756,rank_ic,0.034634274734376816,0.005105589517966414,6.783599545654788,1.1721795942300103e-11,0.02462750315931743,0.0446410463094362,251,251,0,5,raw,2018
ridge_all_raw_fit756_val126,ridge,all,756,ew_spread_bp,33.14566677133022,8.097586134671694,4.09327745578517,4.25318277401574e-05,17.27468958566279,49.01664395699765,251,251,0,5,raw,2018
ridge_all_raw_fit756_val126,ridge,all,756,cap_spread_bp,-0.07677891118914859,4.8102389523218925,-0.015961558656475385,0.9872650595336174,-9.504674014771739,9.351116192393443,251,251,0,5,raw,2018
lasso_all_raw_fit756_val126,lasso,all,756,rank_ic,0.0342828558248885,0.005039880562219918,6.802315134584839,1.0295108403737843e-11,0.024404871436553982,0.044160840213223015,251,251,0,5,raw,2018
lasso_all_raw_fit756_val126,lasso,all,756,ew_spread_bp,33.21527871559118,8.072530747163514,4.114605413830378,3.878422894478205e-05,17.39340918705848,49.037148244123884,251,251,0,5,raw,2018
lasso_all_raw_fit756_val126,lasso,all,756,cap_spread_bp,-1.317222990974304,4.703683893876376,-0.28004071291635224,0.7794462696046804,-10.536274017633124,7.901828035684515,251,251,0,5,raw,2018
enet_all_raw_fit756_val126,enet,all,756,rank_ic,0.03426769415471137,0.0050417613568720316,6.796770360422504,1.0699042934484665e-11,0.024386023476596394,0.044149364832826346,251,251,0,5,raw,2018
enet_all_raw_fit756_val126,enet,all,756,ew_spread_bp,33.16303998949286,8.06201052990599,4.113494998111788,3.897134891092491e-05,17.36178970789444,48.96429027109127,251,251,0,5,raw,2018
enet_all_raw_fit756_val126,enet,all,756,cap_spread_bp,-1.1847439610370527,4.698152240313875,-0.2521723223166353,0.8009078704839743,-10.392953145938417,8.02346522386431,251,251,0,5,raw,2018
ols_textcore_raw_fit756_val126,ols,textcore,756,rank_ic,0.04318315323881767,0.005161821005122998,8.365875762828527,5.967004485936685e-17,0.03306616997413425,0.053300136503501086,251,251,0,5,raw,2018
ols_textcore_raw_fit756_val126,ols,textcore,756,ew_spread_bp,27.866990107234773,10.135205175019786,2.7495240230477496,0.005968188790088486,8.002352988272019,47.73162722619753,251,251,0,5,raw,2018
ols_textcore_raw_fit756_val126,ols,textcore,756,cap_spread_bp,9.151454637021205,6.329100200922362,1.4459329677996773,0.14819600398417734,-3.253353811331843,21.556263085374255,251,251,0,5,raw,2018
ridge_textcore_raw_fit756_val126,ridge,textcore,756,rank_ic,0.0436909174818966,0.005319971742840777,8.2126220953509,2.1640982135824967e-16,0.033263964467157896,0.05411787049663531,251,251,0,5,raw,2018
ridge_textcore_raw_fit756_val126,ridge,textcore,756,ew_spread_bp,27.72528308793228,10.242138961226376,2.7069817342736484,0.00678979930264652,7.651059599274102,47.79950657659046,251,251,0,5,raw,2018
ridge_textcore_raw_fit756_val126,ridge,textcore,756,cap_spread_bp,8.235964480507999,6.376656254719566,1.2915804383233453,0.19650248203050213,-4.26205212053442,20.733981081550418,251,251,0,5,raw,2018
lasso_textcore_raw_fit756_val126,lasso,textcore,756,rank_ic,0.04317609953160473,0.005271477895264413,8.190511349842064,2.6011863867120076e-16,0.03284419271158747,0.053508006351621985,251,251,0,5,raw,2018
lasso_textcore_raw_fit756_val126,lasso,textcore,756,ew_spread_bp,26.3686305921551,10.460155017001188,2.5208642270881656,0.011706701281847877,5.867103486126815,46.870157698183384,251,251,0,5,raw,2018
lasso_textcore_raw_fit756_val126,lasso,textcore,756,cap_spread_bp,7.374423648795533,7.485656670316546,0.985140512526831,0.3245550559835433,-7.297193825656919,22.046041123247985,251,251,0,5,raw,2018
enet_textcore_raw_fit756_val126,enet,textcore,756,rank_ic,0.04317992792876613,0.005272861182942512,8.189088699784364,2.632115095951791e-16,0.032845309914719546,0.05351454594281272,251,251,0,5,raw,2018
enet_textcore_raw_fit756_val126,enet,textcore,756,ew_spread_bp,26.432354992028994,10.468256135732885,2.525000788030342,0.011569802985872575,5.9149499850521,46.94975999900589,251,251,0,5,raw,2018
enet_textcore_raw_fit756_val126,enet,textcore,756,cap_spread_bp,7.70584825887414,7.494015505881298,1.0282669221629708,0.30382428617153434,-6.982152232237916,22.393848749986198,251,251,0,5,raw,2018
ols_textall_raw_fit756_val126,ols,textall,756,rank_ic,0.0448558497355053,0.004932894272127935,9.09321125914899,9.615617041579391e-20,0.03518755462259062,0.05452414484841998,251,251,0,5,raw,2018
ols_textall_raw_fit756_val126,ols,textall,756,ew_spread_bp,33.610762145066744,9.141004141345551,3.676922318965196,0.00023606488856824838,15.694723245497983,51.526801044635505,251,251,0,5,raw,2018
ols_textall_raw_fit756_val126,ols,textall,756,cap_spread_bp,2.734768404201586,4.6834518736223885,0.5839215343716974,0.5592731042798096,-6.444628591424933,11.914165399828104,251,251,0,5,raw,2018
ridge_textall_raw_fit756_val126,ridge,textall,756,rank_ic,0.044746163709987574,0.0050560006771311,8.850110308010809,8.743283496379958e-19,0.03483658447700049,0.05465574294297466,251,251,0,5,raw,2018
ridge_textall_raw_fit756_val126,ridge,textall,756,ew_spread_bp,34.476465552514085,8.820199430694053,3.908807938348528,9.275266491214697e-05,17.189192331893054,51.76373877313512,251,251,0,5,raw,2018
ridge_textall_raw_fit756_val126,ridge,textall,756,cap_spread_bp,4.240835104264331,5.249629939976597,0.8078350574713533,0.4191855406828108,-6.048250510252965,14.529920718781627,251,251,0,5,raw,2018
lasso_textall_raw_fit756_val126,lasso,textall,756,rank_ic,0.044917055667823676,0.005011907962505223,8.962067141666283,3.186477280912677e-19,0.03509389656748391,0.05474021476816344,251,251,0,5,raw,2018
lasso_textall_raw_fit756_val126,lasso,textall,756,ew_spread_bp,33.63035176459571,9.270087731510548,3.6278353278449167,0.00028580744689358676,15.461313677308425,51.79938985188299,251,251,0,5,raw,2018
lasso_textall_raw_fit756_val126,lasso,textall,756,cap_spread_bp,2.7709652550239103,5.115358184613211,0.5416952547641456,0.5880284592313575,-7.254952554840175,12.796883064887995,251,251,0,5,raw,2018
enet_textall_raw_fit756_val126,enet,textall,756,rank_ic,0.04491191914993894,0.005012780249517014,8.959482944473027,3.262044130409181e-19,0.03508705039847188,0.054736787901405994,251,251,0,5,raw,2018
enet_textall_raw_fit756_val126,enet,textall,756,ew_spread_bp,33.75628716310749,9.269383406305018,3.641697153248243,0.0002708465852341824,15.588629527856448,51.92394479835853,251,251,0,5,raw,2018
enet_textall_raw_fit756_val126,enet,textall,756,cap_spread_bp,2.849830591634692,5.119080039677758,0.5567075665052673,0.5777272463704681,-7.183381920111584,12.883043103380968,251,251,0,5,raw,2018
nn3_core_raw_fit504_val126,nn3,core,504,rank_ic,0.03157705940111234,0.004537570366826308,6.9590236290259755,3.4263904786653263e-12,0.022683584904816576,0.04047053389740811,251,251,0,5,raw,2018
nn3_core_raw_fit504_val126,nn3,core,504,ew_spread_bp,33.437129101157474,7.128864148378603,4.690386631755699,2.7268928441536005e-06,19.464812119656607,47.40944608265834,251,251,0,5,raw,2018
nn3_core_raw_fit504_val126,nn3,core,504,cap_spread_bp,-3.6923605783859483,4.507722054743181,-0.8191189548833693,0.4127185483642768,-12.527333457999472,5.142612301227576,251,251,0,5,raw,2018
nn3_textcore_raw_fit504_val126,nn3,textcore,504,rank_ic,0.0431118889901777,0.0046211850902099175,9.329184646057822,1.0668845084657712e-20,0.03405453264747278,0.05216924533288261,251,251,0,5,raw,2018
nn3_textcore_raw_fit504_val126,nn3,textcore,504,ew_spread_bp,36.205625633198146,9.09976417073484,3.978743289813675,6.928049490233643e-05,18.370415590749868,54.04083567564642,251,251,0,5,raw,2018
nn3_textcore_raw_fit504_val126,nn3,textcore,504,cap_spread_bp,7.0794011037296345,6.887453704818232,1.0278691381659848,0.30401138853161835,-6.419760102901065,20.578562310360333,251,251,0,5,raw,2018
nn3_all_raw_fit504_val126,nn3,all,504,rank_ic,0.03499400812953524,0.004535250477058924,7.716003406327536,1.2003410491370623e-14,0.02610508053363165,0.043882935725438825,251,251,0,5,raw,2018
nn3_all_raw_fit504_val126,nn3,all,504,ew_spread_bp,35.43063223486901,6.993343556522149,5.066336573987647,4.055446048806654e-07,21.723930732570345,49.13733373716767,251,251,0,5,raw,2018
nn3_all_raw_fit504_val126,nn3,all,504,cap_spread_bp,0.9522936188279696,4.325464454915858,0.22015985306403224,0.8257466621251806,-7.5254609292152885,9.430048166871227,251,251,0,5,raw,2018
nn3_textall_raw_fit504_val126,nn3,textall,504,rank_ic,0.044346760437660955,0.005048180980970652,8.784700985330772,1.5678102133394702e-18,0.0344525075275184,0.05424101334780351,251,251,0,5,raw,2018
nn3_textall_raw_fit504_val126,nn3,textall,504,ew_spread_bp,38.54456529955053,10.102845330807941,3.815218786138544,0.00013606232756896783,18.743352309788314,58.34577828931274,251,251,0,5,raw,2018
nn3_textall_raw_fit504_val126,nn3,textall,504,cap_spread_bp,7.6543981681098865,6.092875014835745,1.2562867528829882,0.20901202306296274,-4.287417423272122,19.596213759491896,251,251,0,5,raw,2018
nn3_core_raw_fit252_val126,nn3,core,252,rank_ic,0.02891357940816876,0.004271626359025343,6.768751987654176,1.2989799193375891e-11,0.020541345589067124,0.0372858132272704,251,251,0,5,raw,2018
nn3_core_raw_fit252_val126,nn3,core,252,ew_spread_bp,33.62889131233563,6.860621082282841,4.901726958683129,9.499781303650604e-07,20.182321079485057,47.07546154518621,251,251,0,5,raw,2018
nn3_core_raw_fit252_val126,nn3,core,252,cap_spread_bp,-2.5237409052746242,4.40658780182182,-0.5727199862513194,0.5668343027897942,-11.160494291558916,6.113012481009668,251,251,0,5,raw,2018
nn3_textcore_raw_fit252_val126,nn3,textcore,252,rank_ic,0.03647553718650093,0.0038543219781038865,9.463541809354723,2.976853878427732e-21,0.02892120492459613,0.04402986944840572,251,251,0,5,raw,2018
nn3_textcore_raw_fit252_val126,nn3,textcore,252,ew_spread_bp,21.994064036295903,8.865673055629655,2.480811541130517,0.013108365796756874,4.61766414855461,39.370463924037196,251,251,0,5,raw,2018
nn3_textcore_raw_fit252_val126,nn3,textcore,252,cap_spread_bp,5.574853382167747,5.712496699469718,0.9759048758286814,0.32911160566654873,-5.62143441059683,16.771141174932325,251,251,0,5,raw,2018
nn3_all_raw_fit252_val126,nn3,all,252,rank_ic,0.028303140204872658,0.00315784302875069,8.96280782394367,3.165139038318203e-19,0.022113881599690424,0.03449239881005489,251,251,0,5,raw,2018
nn3_all_raw_fit252_val126,nn3,all,252,ew_spread_bp,35.13950111949734,6.687401783529165,5.254582012111893,1.4836102501414587e-07,22.032434473631255,48.24656776536342,251,251,0,5,raw,2018
nn3_all_raw_fit252_val126,nn3,all,252,cap_spread_bp,0.6660492294300082,4.300913572825317,0.1548622677838358,0.876929900663658,-7.7635864739271,9.095684932787117,251,251,0,5,raw,2018
nn3_textall_raw_fit252_val126,nn3,textall,252,rank_ic,0.03980625949838945,0.00373395743607327,10.660608799079077,1.5557568476512293e-26,0.032487837403880324,0.04712468159289858,251,251,0,5,raw,2018
nn3_textall_raw_fit252_val126,nn3,textall,252,ew_spread_bp,35.8468850075454,7.816565398583965,4.586014851745418,4.517864777711481e-06,20.52669834351886,51.16707167157195,251,251,0,5,raw,2018
nn3_textall_raw_fit252_val126,nn3,textall,252,cap_spread_bp,1.887584724295701,5.132974993388771,0.36773698035289365,0.71306936341715,-8.172861396291012,11.948030844882414,251,251,0,5,raw,2018
nn3_core_raw_fit756_val126,nn3,core,756,rank_ic,0.031441784898289936,0.004534401137517546,6.934054563047195,4.089468030800768e-12,0.02255452197729809,0.04032904781928178,251,251,0,5,raw,2018
nn3_core_raw_fit756_val126,nn3,core,756,ew_spread_bp,31.830643901160954,7.372956388742268,4.317215811796068,1.5800965046158597e-05,17.37991491964161,46.2813728826803,251,251,0,5,raw,2018
nn3_core_raw_fit756_val126,nn3,core,756,cap_spread_bp,-1.566017435888274,4.220382911368209,-0.37106051009494434,0.7105924630490161,-9.837815943138262,6.705781071361715,251,251,0,5,raw,2018
nn3_textcore_raw_fit756_val126,nn3,textcore,756,rank_ic,0.04667177639666818,0.005633455231926001,8.284751449193951,1.1835600147724992e-16,0.03563040703357448,0.057713145759761886,251,251,0,5,raw,2018
nn3_textcore_raw_fit756_val126,nn3,textcore,756,ew_spread_bp,32.46774751577026,9.363453527441424,3.4674970533700207,0.0005253295015876298,14.115715831070546,50.81977920046998,251,251,0,5,raw,2018
nn3_textcore_raw_fit756_val126,nn3,textcore,756,cap_spread_bp,13.966555795829832,7.740864330876086,1.8042630898621037,0.0711900731237455,-1.2052595018980412,29.138371093557705,251,251,0,5,raw,2018
nn3_all_raw_fit756_val126,nn3,all,756,rank_ic,0.0352843177042827,0.004693792497436476,7.517229984826406,5.594894903935112e-14,0.02608465345840289,0.0444839819501625,251,251,0,5,raw,2018
nn3_all_raw_fit756_val126,nn3,all,756,ew_spread_bp,32.79445500171233,7.760162400437575,4.22600112078365,2.378808061343833e-05,17.58481618267279,48.00409382075187,251,251,0,5,raw,2018
nn3_all_raw_fit756_val126,nn3,all,756,cap_spread_bp,-0.47678290298674314,4.6876115742043165,-0.1017112649884335,0.9189858603538671,-9.66433276194031,8.710766955966823,251,251,0,5,raw,2018
nn3_textall_raw_fit756_val126,nn3,textall,756,rank_ic,0.04750933152070375,0.005882511441620477,8.07636874015432,6.672391191286593e-16,0.035979820956482826,0.05903884208492468,251,251,0,5,raw,2018
nn3_textall_raw_fit756_val126,nn3,textall,756,ew_spread_bp,35.37617889748167,10.049237745685103,3.5202848009712318,0.00043108364751536876,15.680034843858387,55.07232295110496,251,251,0,5,raw,2018
nn3_textall_raw_fit756_val126,nn3,textall,756,cap_spread_bp,8.605740764531607,6.033990591802567,1.4262105042428923,0.15380758845517292,-3.220663478454952,20.432145007518166,251,251,0,5,raw,2018
ols_core_raw_fit504_val126,ols,core,504,rank_ic,0.0348877216001458,0.003503067504127434,9.95919192508848,2.2992388871903573e-23,0.02802183545664341,0.04175360774364818,252,252,0,5,raw,2019
ols_core_raw_fit504_val126,ols,core,504,ew_spread_bp,33.478268135217036,7.801034893724247,4.291516265636695,1.7745720128168184e-05,18.188520701377264,48.76801556905681,252,252,0,5,raw,2019
ols_core_raw_fit504_val126,ols,core,504,cap_spread_bp,-6.20901528378847,3.2720836837877085,-1.897572276208113,0.05775244938401325,-12.622181458413525,0.20415089083658522,252,252,0,5,raw,2019
ridge_core_raw_fit504_val126,ridge,core,504,rank_ic,0.03405998368803084,0.003475801610505052,9.79917368847808,1.135103921233574e-22,0.027247537714034625,0.04087242966202706,252,252,0,5,raw,2019
ridge_core_raw_fit504_val126,ridge,core,504,ew_spread_bp,33.86598640462006,7.746081684581553,4.372015140510297,1.23104986046849e-05,18.683945281534864,49.04802752770526,252,252,0,5,raw,2019
ridge_core_raw_fit504_val126,ridge,core,504,cap_spread_bp,-5.9898130822758215,3.1125615945598106,-1.9243998553297454,0.0543044825771353,-12.090321707275614,0.11069554272396953,252,252,0,5,raw,2019
lasso_core_raw_fit504_val126,lasso,core,504,rank_ic,0.0345583889549389,0.0034839427784391763,9.919333109834035,3.430404765036188e-23,0.027729986584999707,0.041386791324878096,252,252,0,5,raw,2019
lasso_core_raw_fit504_val126,lasso,core,504,ew_spread_bp,33.88479457350106,7.656721069257776,4.425496797780799,9.622058421929302e-06,18.877897038086807,48.891692108915315,252,252,0,5,raw,2019
lasso_core_raw_fit504_val126,lasso,core,504,cap_spread_bp,-6.55683222707405,3.1290648191192725,-2.095460658727926,0.03613006216097298,-12.689686577839163,-0.42397787630893724,252,252,0,5,raw,2019
enet_core_raw_fit504_val126,enet,core,504,rank_ic,0.034558312845371766,0.0034839451930571,9.919304389242548,3.431391930729477e-23,0.027729905742868405,0.04138671994787513,252,252,0,5,raw,2019
enet_core_raw_fit504_val126,enet,core,504,ew_spread_bp,33.88479457350106,7.656721069257776,4.425496797780799,9.622058421929302e-06,18.877897038086807,48.891692108915315,252,252,0,5,raw,2019
enet_core_raw_fit504_val126,enet,core,504,cap_spread_bp,-6.55683222707405,3.1290648191192725,-2.095460658727926,0.03613006216097298,-12.689686577839163,-0.42397787630893724,252,252,0,5,raw,2019
ols_all_raw_fit504_val126,ols,all,504,rank_ic,0.03318327215748325,0.003068056704318522,10.815729745403754,2.899756063406747e-27,0.027169991514492293,0.0391965528004742,252,252,0,5,raw,2019
ols_all_raw_fit504_val126,ols,all,504,ew_spread_bp,33.670017970379206,7.354180521663695,4.578350758618885,4.6865635490128545e-06,19.256089012112376,48.083946928646036,252,252,0,5,raw,2019
ols_all_raw_fit504_val126,ols,all,504,cap_spread_bp,-7.820825439093271,3.247476112608775,-2.4082780497531098,0.016027968742905574,-14.18576166046061,-1.4558892177259315,252,252,0,5,raw,2019
ridge_all_raw_fit504_val126,ridge,all,504,rank_ic,0.03498656465422779,0.003395530662137591,10.303710416857985,6.779481970361245e-25,0.028331446848036665,0.04164168246041891,252,252,0,5,raw,2019
ridge_all_raw_fit504_val126,ridge,all,504,ew_spread_bp,33.580149372434036,7.784056160097278,4.313965454742349,1.603520137536122e-05,18.323679645006223,48.83661909986185,252,252,0,5,raw,2019
ridge_all_raw_fit504_val126,ridge,all,504,cap_spread_bp,-6.7626840351589825,3.369091754709074,-2.0072721455883737,0.04472069334734219,-13.36598253499962,-0.15938553531834376,252,252,0,5,raw,2019
lasso_all_raw_fit504_val126,lasso,all,504,rank_ic,0.03310642750455986,0.003447816010424582,9.602144489282932,7.829811598600838e-22,0.026348832298807103,0.03986402271031261,252,252,0,5,raw,2019
lasso_all_raw_fit504_val126,lasso,all,504,ew_spread_bp,29.911921880971025,7.573012164458064,3.9498050751000697,7.821486318176964e-05,15.069090784149498,44.75475297779255,252,252,0,5,raw,2019
lasso_all_raw_fit504_val126,lasso,all,504,cap_spread_bp,-8.432039502259196,3.278441649142256,-2.57196570952095,0.010112290704379665,-14.857667059994117,-2.006411944524274,252,252,0,5,raw,2019
enet_all_raw_fit504_val126,enet,all,504,rank_ic,0.033126469964221784,0.003447415402608332,9.6090740730456,7.320429606144429e-22,0.026369659935360803,0.03988327999308276,252,252,0,5,raw,2019
enet_all_raw_fit504_val126,enet,all,504,ew_spread_bp,29.918389575493023,7.580835818735948,3.9465819193115976,7.92748062881947e-05,15.060224398059352,44.77655475292669,252,252,0,5,raw,2019
enet_all_raw_fit504_val126,enet,all,504,cap_spread_bp,-8.36634952909115,3.293204667013846,-2.5404887867711663,0.011069764325747179,-14.820912070157508,-1.9117869880247893,252,252,0,5,raw,2019
ols_textcore_raw_fit504_val126,ols,textcore,504,rank_ic,0.04367874497282302,0.004265642025180289,10.239664912101226,1.3169167856212767e-24,0.035318240232529156,0.05203924971311689,252,252,0,5,raw,2019
ols_textcore_raw_fit504_val126,ols,textcore,504,ew_spread_bp,27.950440870760506,9.484609430286142,2.9469258672380847,0.0032095013692562285,9.360947979970707,46.5399337615503,252,252,0,5,raw,2019
ols_textcore_raw_fit504_val126,ols,textcore,504,cap_spread_bp,1.8704421987868607,6.298968651282652,0.29694419869925603,0.7665091114945513,-10.475309497473976,14.216193895047699,252,252,0,5,raw,2019
ridge_textcore_raw_fit504_val126,ridge,textcore,504,rank_ic,0.04439545275336706,0.004578961641107582,9.695528426097159,3.150027993858267e-22,0.035420852850205777,0.05337005265652834,252,252,0,5,raw,2019
ridge_textcore_raw_fit504_val126,ridge,textcore,504,ew_spread_bp,24.620355728433022,9.811110295820269,2.5094362397415706,0.012092404395049862,5.390932900275178,43.84977855659086,252,252,0,5,raw,2019
ridge_textcore_raw_fit504_val126,ridge,textcore,504,cap_spread_bp,-7.870534034834541,6.283569609817966,-1.2525577853927123,0.2103666861079191,-20.186104164428155,4.445036094759073,252,252,0,5,raw,2019
lasso_textcore_raw_fit504_val126,lasso,textcore,504,rank_ic,0.043803579141280045,0.004330847966068616,10.114319293697884,4.773234676367387e-24,0.03531527310526701,0.05229188517729308,252,252,0,5,raw,2019
lasso_textcore_raw_fit504_val126,lasso,textcore,504,ew_spread_bp,29.92302155516967,9.717835018086179,3.0791860017667476,0.002075670460494284,10.876414912018614,48.96962819832072,252,252,0,5,raw,2019
lasso_textcore_raw_fit504_val126,lasso,textcore,504,cap_spread_bp,-3.1245480841875755,6.26905608425364,-0.49840806051100556,0.6181964566039179,-15.411672226386408,9.162576058011258,252,252,0,5,raw,2019
enet_textcore_raw_fit504_val126,enet,textcore,504,rank_ic,0.04373461794520265,0.004324351643601846,10.11356650653302,4.810066418701153e-24,0.035259044467256445,0.05221019142314885,252,252,0,5,raw,2019
enet_textcore_raw_fit504_val126,enet,textcore,504,ew_spread_bp,28.994109474339215,9.651047416093745,3.004244847661785,0.002662409687599198,10.078404125707127,47.9098148229713,252,252,0,5,raw,2019
enet_textcore_raw_fit504_val126,enet,textcore,504,cap_spread_bp,-3.766546313608358,6.052664425201041,-0.6222955791049413,0.533747527620872,-15.629550597509226,8.096457970292509,252,252,0,5,raw,2019
ols_textall_raw_fit504_val126,ols,textall,504,rank_ic,0.04196978564549198,0.0038380842410342224,10.935087144982171,7.833068725779469e-28,0.03444727876343416,0.0494922925275498,252,252,0,5,raw,2019
ols_textall_raw_fit504_val126,ols,textall,504,ew_spread_bp,33.26857136327144,9.261317398912073,3.5922072347050213,0.00032788893046933556,15.116722812009606,51.42041991453328,252,252,0,5,raw,2019
ols_textall_raw_fit504_val126,ols,textall,504,cap_spread_bp,-4.850919150723521,5.066929493593686,-0.9573685911471089,0.3383812458712415,-14.781918470370918,5.080080168923877,252,252,0,5,raw,2019
ridge_textall_raw_fit504_val126,ridge,textall,504,rank_ic,0.042831646176855045,0.004052928533710782,10.568073387082212,4.190140538471711e-26,0.034888052218867184,0.05077524013484291,252,252,0,5,raw,2019
ridge_textall_raw_fit504_val126,ridge,textall,504,ew_spread_bp,34.20360593537235,9.188732312521456,3.722342187372594,0.00019738327578042498,16.194021539250855,52.21319033149385,252,252,0,5,raw,2019
ridge_textall_raw_fit504_val126,ridge,textall,504,cap_spread_bp,-0.6783818758993321,4.846588992127316,-0.13997099341439503,0.8886829086389963,-10.177521748337151,8.820757996538488,252,252,0,5,raw,2019
lasso_textall_raw_fit504_val126,lasso,textall,504,rank_ic,0.04218466358569755,0.003994668051533674,10.560242563709789,4.5548330043990647e-26,0.034355258074498754,0.050014069096896346,252,252,0,5,raw,2019
lasso_textall_raw_fit504_val126,lasso,textall,504,ew_spread_bp,36.98950508528352,9.179507429412027,4.029574066988124,5.587800791802227e-05,18.998001127818092,54.981009042748944,252,252,0,5,raw,2019
lasso_textall_raw_fit504_val126,lasso,textall,504,cap_spread_bp,-2.9182264323021085,4.388602038789175,-0.6649558120123495,0.5060787563659139,-11.519728370807947,5.683275506203729,252,252,0,5,raw,2019
enet_textall_raw_fit504_val126,enet,textall,504,rank_ic,0.04219425621331218,0.003995877514851517,10.559446844025716,4.593607224094119e-26,0.034362480197569795,0.050026032229054565,252,252,0,5,raw,2019
enet_textall_raw_fit504_val126,enet,textall,504,ew_spread_bp,36.97914661257668,9.168565165443955,4.033253398465222,5.500990477308634e-05,19.009089098398004,54.94920412675535,252,252,0,5,raw,2019
enet_textall_raw_fit504_val126,enet,textall,504,cap_spread_bp,-3.0331450894849206,4.357244139511366,-0.6961154785843757,0.48635651373725075,-11.573186674775416,5.5068964958055755,252,252,0,5,raw,2019
ols_core_raw_fit252_val126,ols,core,252,rank_ic,0.03494719074197624,0.0035443164658682824,9.86006500224153,6.200923445713108e-23,0.02800045811906212,0.04189392336489036,252,252,0,5,raw,2019
ols_core_raw_fit252_val126,ols,core,252,ew_spread_bp,34.32707397832914,7.807494397818219,4.396682498795227,1.0991794617840711e-05,19.02466614910719,49.62948180755109,252,252,0,5,raw,2019
ols_core_raw_fit252_val126,ols,core,252,cap_spread_bp,-6.494482711085393,3.2751366084696674,-1.9829654415911493,0.04737128985621912,-12.9136325081346,-0.07533291403618492,252,252,0,5,raw,2019
ridge_core_raw_fit252_val126,ridge,core,252,rank_ic,0.034681947715623815,0.0035419013257924573,9.791901164232504,1.219804009498209e-22,0.02773994868027593,0.041623946750971696,252,252,0,5,raw,2019
ridge_core_raw_fit252_val126,ridge,core,252,ew_spread_bp,34.837637341366396,7.734819397808356,4.504001392875129,6.668576880451298e-06,19.677669894740227,49.997604787992564,252,252,0,5,raw,2019
ridge_core_raw_fit252_val126,ridge,core,252,cap_spread_bp,-5.308156016103273,3.1411700603186845,-1.6898658506775461,0.09105362214126902,-11.464736203643405,0.8484241714368581,252,252,0,5,raw,2019
lasso_core_raw_fit252_val126,lasso,core,252,rank_ic,0.03456165447545448,0.0035425327730620676,9.756198937174641,1.7353785267023208e-22,0.02761841782620002,0.04150489112470893,252,252,0,5,raw,2019
lasso_core_raw_fit252_val126,lasso,core,252,ew_spread_bp,34.463771504158395,7.846823020198568,4.392066880499908,1.1227814686114063e-05,19.084280991509388,49.8432620168074,252,252,0,5,raw,2019
lasso_core_raw_fit252_val126,lasso,core,252,cap_spread_bp,-5.972019788379586,3.123556206118091,-1.9119296706370215,0.055885215396623375,-12.094077456057613,0.15003787929844137,252,252,0,5,raw,2019
enet_core_raw_fit252_val126,enet,core,252,rank_ic,0.03456334819670238,0.0035426119997756145,9.756458849823685,1.7309383483297348e-22,0.027619956265942755,0.041506740127462,252,252,0,5,raw,2019
enet_core_raw_fit252_val126,enet,core,252,ew_spread_bp,34.463771504158395,7.846823020198568,4.392066880499908,1.1227814686114063e-05,19.084280991509388,49.8432620168074,252,252,0,5,raw,2019
enet_core_raw_fit252_val126,enet,core,252,cap_spread_bp,-5.972019788379586,3.123556206118091,-1.9119296706370215,0.055885215396623375,-12.094077456057613,0.15003787929844137,252,252,0,5,raw,2019
ols_all_raw_fit252_val126,ols,all,252,rank_ic,0.0329045102470512,0.003003558173164249,10.955176610541987,6.2755835017493495e-28,0.02701764440217835,0.03879137609192404,252,252,0,5,raw,2019
ols_all_raw_fit252_val126,ols,all,252,ew_spread_bp,34.26610415286552,7.288201420593932,4.701585778905806,2.581487746139327e-06,19.98149185642776,48.55071644930329,252,252,0,5,raw,2019
ols_all_raw_fit252_val126,ols,all,252,cap_spread_bp,-8.372643014162316,3.2969549482505287,-2.5395078627341,0.011100855007227593,-14.83455597138447,-1.910730056940162,252,252,0,5,raw,2019
ridge_all_raw_fit252_val126,ridge,all,252,rank_ic,0.03495781112045429,0.003388283061566409,10.317264078961937,5.887697029779751e-25,0.028316898350357018,0.04159872389055156,252,252,0,5,raw,2019
ridge_all_raw_fit252_val126,ridge,all,252,ew_spread_bp,34.33332187281283,8.65888132305712,3.965099022825162,7.336548431520548e-05,17.362226333214345,51.30441741241132,252,252,0,5,raw,2019
ridge_all_raw_fit252_val126,ridge,all,252,cap_spread_bp,-6.800901644364234,3.4689960143076304,-1.9604812505734779,0.04993956734301204,-13.600008894920183,-0.001794393808284056,252,252,0,5,raw,2019
lasso_all_raw_fit252_val126,lasso,all,252,rank_ic,0.03426977239795533,0.0033852424027873084,10.123284633838516,4.355486052920902e-24,0.027634819209554372,0.04090472558635629,252,252,0,5,raw,2019
lasso_all_raw_fit252_val126,lasso,all,252,ew_spread_bp,34.08487039206027,7.905036680583011,4.311791553830772,1.619370625568944e-05,18.591283201649507,49.57845758247103,252,252,0,5,raw,2019
lasso_all_raw_fit252_val126,lasso,all,252,cap_spread_bp,-7.094967640870602,3.2214540130143754,-2.2024115856403945,0.027636248237773588,-13.408901484230805,-0.7810337975103998,252,252,0,5,raw,2019
enet_all_raw_fit252_val126,enet,all,252,rank_ic,0.034260757277793694,0.003384642370232283,10.122415762183591,4.3943336470587896e-24,0.027626980131590137,0.04089453442399725,252,252,0,5,raw,2019
enet_all_raw_fit252_val126,enet,all,252,ew_spread_bp,33.627630255457525,7.847253837760071,4.285273670343794,1.825143739410316e-05,18.247295355904065,49.007965155010986,252,252,0,5,raw,2019
enet_all_raw_fit252_val126,enet,all,252,cap_spread_bp,-7.3104538411265985,3.1903384427825547,-2.2914352104758375,0.02193825507143924,-13.563402287474005,-1.0575053947791915,252,252,0,5,raw,2019
ols_textcore_raw_fit252_val126,ols,textcore,252,rank_ic,0.04215680743146199,0.0039076229842369735,10.788350770153377,3.907384917995475e-27,0.0344980071171966,0.04981560774572738,252,252,0,5,raw,2019
ols_textcore_raw_fit252_val126,ols,textcore,252,ew_spread_bp,28.507351283221123,9.062050584037884,3.1457947645353763,0.0016563619275292098,10.746058512426707,46.26864405401554,252,252,0,5,raw,2019
ols_textcore_raw_fit252_val126,ols,textcore,252,cap_spread_bp,-0.17333019996371038,4.942293273773807,-0.0350708042526501,0.9720232819162062,-9.860047017594928,9.513386617667509,252,252,0,5,raw,2019
ridge_textcore_raw_fit252_val126,ridge,textcore,252,rank_ic,0.04233548544334783,0.0043488347189883664,9.734903296852814,2.140211623163959e-22,0.03381192601941327,0.05085904486728239,252,252,0,5,raw,2019
ridge_textcore_raw_fit252_val126,ridge,textcore,252,ew_spread_bp,21.814695879542306,9.409730386396616,2.3183125322144407,0.02043234180883015,3.371963217972773,40.257428541111835,252,252,0,5,raw,2019
ridge_textcore_raw_fit252_val126,ridge,textcore,252,cap_spread_bp,0.7359961540559135,5.425770940018519,0.13564821703538435,0.8920993860246074,-9.898319476744419,11.370311784856245,252,252,0,5,raw,2019
lasso_textcore_raw_fit252_val126,lasso,textcore,252,rank_ic,0.043695592181693735,0.003986294025224568,10.961457410114686,5.854879953653141e-28,0.03588259946046638,0.05150858490292109,252,252,0,5,raw,2019
lasso_textcore_raw_fit252_val126,lasso,textcore,252,ew_spread_bp,27.68642451221189,9.365006654141267,2.9563699775876584,0.003112834458263302,9.331348755117052,46.041500269306724,252,252,0,5,raw,2019
lasso_textcore_raw_fit252_val126,lasso,textcore,252,cap_spread_bp,-7.289360344717737,5.391540567371933,-1.3519995358712253,0.17637546375864854,-17.856585677953376,3.2778649885179014,252,252,0,5,raw,2019
enet_textcore_raw_fit252_val126,enet,textcore,252,rank_ic,0.04372475081122511,0.003991961182861326,10.953200396574104,6.414055843290302e-28,0.035900650665134995,0.05154885095731522,252,252,0,5,raw,2019
enet_textcore_raw_fit252_val126,enet,textcore,252,ew_spread_bp,27.736579195841745,9.401480585771337,2.9502352254834894,0.0031753207735782823,9.310015846377397,46.163142545306094,252,252,0,5,raw,2019
enet_textcore_raw_fit252_val126,enet,textcore,252,cap_spread_bp,-6.831157380081042,5.41302792801867,-1.2619845068084563,0.20695436140393741,-17.440497166307107,3.7781824061450235,252,252,0,5,raw,2019
ols_textall_raw_fit252_val126,ols,textall,252,rank_ic,0.04122325554798283,0.0036194012972260705,11.389523339005423,4.71562250435831e-30,0.034129359359822184,0.04831715173614348,252,252,0,5,raw,2019
ols_textall_raw_fit252_val126,ols,textall,252,ew_spread_bp,31.305756780464865,8.663772620599438,3.61340932540527,0.00030219706692091367,14.325074473845763,48.28643908708396,252,252,0,5,raw,2019
ols_textall_raw_fit252_val126,ols,textall,252,cap_spread_bp,0.9718641207481342,4.553601560745411,0.2134275710738827,0.8309934772745302,-7.953030938258249,9.896759179754518,252,252,0,5,raw,2019
ridge_textall_raw_fit252_val126,ridge,textall,252,rank_ic,0.04269258468066737,0.004005086007684175,10.659592477853707,1.5728511047967223e-26,0.034842760350621074,0.05054240901071366,252,252,0,5,raw,2019
ridge_textall_raw_fit252_val126,ridge,textall,252,ew_spread_bp,31.258421547125952,9.08401430820074,3.4410361417976754,0.0005794911232631934,13.454080668005968,49.06276242624594,252,252,0,5,raw,2019
ridge_textall_raw_fit252_val126,ridge,textall,252,cap_spread_bp,-2.593102846024124,4.379877039877346,-0.5920492338973838,0.5538176201621641,-11.177504100897625,5.991298408849378,252,252,0,5,raw,2019
lasso_textall_raw_fit252_val126,lasso,textall,252,rank_ic,0.04242332658807026,0.0037052662561340498,11.449467772481574,2.3659366943415093e-30,0.03516113817291596,0.049685515003224566,252,252,0,5,raw,2019
lasso_textall_raw_fit252_val126,lasso,textall,252,ew_spread_bp,30.02997132234218,9.192327082063974,3.266851914020392,0.0010875055043536258,12.013341307384625,48.046601337299734,252,252,0,5,raw,2019
lasso_textall_raw_fit252_val126,lasso,textall,252,cap_spread_bp,-7.173773362574824,4.717842890986281,-1.520562156972362,0.12836974948776525,-16.420575513626265,2.0730287884766163,252,252,0,5,raw,2019
enet_textall_raw_fit252_val126,enet,textall,252,rank_ic,0.0424153735407937,0.003704044525837411,11.451097103430318,2.321880703499084e-30,0.03515557967301963,0.04967516740856777,252,252,0,5,raw,2019
enet_textall_raw_fit252_val126,enet,textall,252,ew_spread_bp,29.977629114005307,9.232016984209059,3.2471375610855855,0.0011657203206256513,11.883208320293466,48.072049907717144,252,252,0,5,raw,2019
enet_textall_raw_fit252_val126,enet,textall,252,cap_spread_bp,-5.743932447276543,4.625041669328777,-1.2419201507670197,0.21426602449662102,-14.808847546157956,3.3209826516048695,252,252,0,5,raw,2019
ols_core_raw_fit756_val126,ols,core,756,rank_ic,0.03508320630678362,0.0033873767236886816,10.357042977073947,3.8879618100844415e-25,0.028444069926284517,0.04172234268728272,252,252,0,5,raw,2019
ols_core_raw_fit756_val126,ols,core,756,ew_spread_bp,35.22265594892213,7.63540479246767,4.613069890370357,3.967648141570247e-06,20.257537548300974,50.18777434954329,252,252,0,5,raw,2019
ols_core_raw_fit756_val126,ols,core,756,cap_spread_bp,-5.386563997623687,3.2268820957003195,-1.6692782189969229,0.0950622547458385,-11.711136687553445,0.9380086923060711,252,252,0,5,raw,2019
ridge_core_raw_fit756_val126,ridge,core,756,rank_ic,0.034343295417159886,0.0033402171254652974,10.281755385101144,8.516219680086415e-25,0.027796590150703994,0.04089000068361578,252,252,0,5,raw,2019
ridge_core_raw_fit756_val126,ridge,core,756,ew_spread_bp,35.99767743571331,7.568139917851852,4.756476205044967,1.9700144761069965e-06,21.164395766763754,50.83095910466286,252,252,0,5,raw,2019
ridge_core_raw_fit756_val126,ridge,core,756,cap_spread_bp,-5.403212450028221,3.066071349037909,-1.7622592023906016,0.07802551352398991,-11.41260186817266,0.6061769681162179,252,252,0,5,raw,2019
lasso_core_raw_fit756_val126,lasso,core,756,rank_ic,0.03465079059240637,0.003426603085172684,10.11228605447314,4.8733630435279536e-24,0.027934771956154073,0.041366809228658666,252,252,0,5,raw,2019
lasso_core_raw_fit756_val126,lasso,core,756,ew_spread_bp,34.94799710694408,7.514296153695304,4.650867678373005,3.305413692061354e-06,20.220247276533428,49.67574693735473,252,252,0,5,raw,2019
lasso_core_raw_fit756_val126,lasso,core,756,cap_spread_bp,-5.937457952058377,3.0919667044590864,-1.9202852163626665,0.054821882701251774,-11.997601334195188,0.12268543007843302,252,252,0,5,raw,2019
enet_core_raw_fit756_val126,enet,core,756,rank_ic,0.034649435704652336,0.003426776987706502,10.111377492307358,4.9187757293029746e-24,0.027933076225696934,0.04136579518360774,252,252,0,5,raw,2019
enet_core_raw_fit756_val126,enet,core,756,ew_spread_bp,34.94628638566273,7.5184820397300935,4.64805079017217,3.3508641654903418e-06,20.210332369380502,49.68224040194496,252,252,0,5,raw,2019
enet_core_raw_fit756_val126,enet,core,756,cap_spread_bp,-5.830775019765768,3.0772367464118564,-1.8948087197270778,0.05811774757450424,-11.862048214636221,0.20049817510468593,252,252,0,5,raw,2019
ols_all_raw_fit756_val126,ols,all,756,rank_ic,0.0346797274569856,0.0032502485711266987,10.669869303246513,1.4082432463008926e-26,0.028309357316774503,0.0410500975971967,252,252,0,5,raw,2019
ols_all_raw_fit756_val126,ols,all,756,ew_spread_bp,33.95222554806441,7.6089857739244895,4.462122358595614,8.115186267857581e-06,19.038887472294782,48.86556362383404,252,252,0,5,raw,2019
ols_all_raw_fit756_val126,ols,all,756,cap_spread_bp,-6.71078407086316,3.307803170030365,-2.0287736984064733,0.04248134539809628,-13.193959152070097,-0.22760898965622367,252,252,0,5,raw,2019
ridge_all_raw_fit756_val126,ridge,all,756,rank_ic,0.03595376721873031,0.0036185419270227245,9.935981935218992,2.903014944380854e-23,0.028861555365217603,0.043045979072243015,252,252,0,5,raw,2019
ridge_all_raw_fit756_val126,ridge,all,756,ew_spread_bp,33.042046244550704,8.319141949177887,3.9718094061150118,7.132877944312973e-05,16.7368276418857,49.34726484721571,252,252,0,5,raw,2019
ridge_all_raw_fit756_val126,ridge,all,756,cap_spread_bp,-5.3262672049746635,3.369455402353304,-1.5807501714534278,0.11393517179919917,-11.930278441101056,1.2777440311517285,252,252,0,5,raw,2019
lasso_all_raw_fit756_val126,lasso,all,756,rank_ic,0.03505534054111844,0.0035380850334715487,9.907998312500235,3.842675386994909e-23,0.02812082130127401,0.04198985978096287,252,252,0,5,raw,2019
lasso_all_raw_fit756_val126,lasso,all,756,ew_spread_bp,33.407635503295374,8.0363306494994,4.157075780023612,3.223470898253597e-05,17.65671686242117,49.15855414416958,252,252,0,5,raw,2019
lasso_all_raw_fit756_val126,lasso,all,756,cap_spread_bp,-5.980300756766436,3.36900989798707,-1.7750914772733588,0.0758827840042648,-12.583438820380055,0.6228373068471829,252,252,0,5,raw,2019
enet_all_raw_fit756_val126,enet,all,756,rank_ic,0.035014542617354615,0.0035280962628374594,9.924486184284067,3.2577625048384917e-23,0.028099601008202833,0.04192948422650639,252,252,0,5,raw,2019
enet_all_raw_fit756_val126,enet,all,756,ew_spread_bp,33.881861559364616,7.992307276680044,4.239309173988483,2.2420869058673365e-05,18.21722714369433,49.5464959750349,252,252,0,5,raw,2019
enet_all_raw_fit756_val126,enet,all,756,cap_spread_bp,-6.281700275793019,3.4236308400898974,-1.8348065457980496,0.06653435840074548,-12.991893418729827,0.4284928671437882,252,252,0,5,raw,2019
ols_textcore_raw_fit756_val126,ols,textcore,756,rank_ic,0.04355661612544401,0.0042114562864158855,10.342412021688677,4.529900075121805e-25,0.03530231348160407,0.051810918769283947,252,252,0,5,raw,2019
ols_textcore_raw_fit756_val126,ols,textcore,756,ew_spread_bp,31.7516352393699,10.055593379993915,3.1576093065319544,0.0015906858878737024,12.043034371402435,51.460236107337366,252,252,0,5,raw,2019
ols_textcore_raw_fit756_val126,ols,textcore,756,cap_spread_bp,0.6855005497989151,7.664986595917515,0.08943271344584253,0.9287380260556807,-14.337597120181684,15.708598219779514,252,252,0,5,raw,2019
ridge_textcore_raw_fit756_val126,ridge,textcore,756,rank_ic,0.0442731724213237,0.004497464306943335,9.844029746489216,7.273764716483429e-23,0.035458304357960366,0.05308804048468703,252,252,0,5,raw,2019
ridge_textcore_raw_fit756_val126,ridge,textcore,756,ew_spread_bp,24.539167855773815,10.404884593948758,2.3584276821335655,0.01835253528418407,4.145968788338585,44.932366923209045,252,252,0,5,raw,2019
ridge_textcore_raw_fit756_val126,ridge,textcore,756,cap_spread_bp,-6.624450647832693,5.836492941280842,-1.1350053387332513,0.2563730814985451,-18.06376660876539,4.8148653131000065,252,252,0,5,raw,2019
lasso_textcore_raw_fit756_val126,lasso,textcore,756,rank_ic,0.04383183582858054,0.004294865064847686,10.205637468644197,1.8708852258594663e-24,0.03541405498301979,0.05224961667414128,252,252,0,5,raw,2019
lasso_textcore_raw_fit756_val126,lasso,textcore,756,ew_spread_bp,29.873467962165453,10.19166970230741,2.9311652393328695,0.003376931062210112,9.898162403314874,49.84877352101603,252,252,0,5,raw,2019
lasso_textcore_raw_fit756_val126,lasso,textcore,756,cap_spread_bp,1.7117030238794568,7.20821870369559,0.23746546743953284,0.8122957060833395,-12.416146028051896,15.83955207581081,252,252,0,5,raw,2019
enet_textcore_raw_fit756_val126,enet,textcore,756,rank_ic,0.04384278556452001,0.004297217798493249,10.202597964639537,1.9303851914205816e-24,0.03542039344574874,0.05226517768329128,252,252,0,5,raw,2019
enet_textcore_raw_fit756_val126,enet,textcore,756,ew_spread_bp,29.75665516458313,10.16967206192378,2.9260191462805256,0.0034332980670574343,9.824464188629332,49.688846140536924,252,252,0,5,raw,2019
enet_textcore_raw_fit756_val126,enet,textcore,756,cap_spread_bp,1.6601008558044532,7.199426964328185,0.23058791540353735,0.8176349567482062,-12.450516703605322,15.770718415214228,252,252,0,5,raw,2019
ols_textall_raw_fit756_val126,ols,textall,756,rank_ic,0.04238080460526564,0.00378189308488835,11.206240804270863,3.7999145963685675e-29,0.034968430365503386,0.04979317884502789,252,252,0,5,raw,2019
ols_textall_raw_fit756_val126,ols,textall,756,ew_spread_bp,36.64638568790157,9.032159461343166,4.0573227083450885,4.96384723003785e-05,18.94367844104627,54.34909293475687,252,252,0,5,raw,2019
ols_textall_raw_fit756_val126,ols,textall,756,cap_spread_bp,-3.7286796647095466,4.604570991471706,-0.8097778645644882,0.4180678568587939,-12.75347297225198,5.2961136428328865,252,252,0,5,raw,2019
ridge_textall_raw_fit756_val126,ridge,textall,756,rank_ic,0.04297076693381705,0.004032122722224683,10.657107904222809,1.6154290626299855e-26,0.035067951617011074,0.05087358225062303,252,252,0,5,raw,2019
ridge_textall_raw_fit756_val126,ridge,textall,756,ew_spread_bp,33.72526627850242,9.346483491908256,3.608337435967245,0.00030816551513041695,15.406495252264076,52.044037304740755,252,252,0,5,raw,2019
ridge_textall_raw_fit756_val126,ridge,textall,756,cap_spread_bp,-5.940275683159266,4.190560946196333,-1.4175371172088798,0.15632595037657057,-14.15362421272417,2.273072846405638,252,252,0,5,raw,2019
lasso_textall_raw_fit756_val126,lasso,textall,756,rank_ic,0.04308111496114482,0.0039565483412917005,10.888560241141919,1.3068997742572332e-27,0.0353264227091214,0.050835807213168244,252,252,0,5,raw,2019
lasso_textall_raw_fit756_val126,lasso,textall,756,ew_spread_bp,34.37634274472112,9.252446799712255,3.7153785899952654,0.00020289967183800492,16.24188024841222,52.51080524103003,252,252,0,5,raw,2019
lasso_textall_raw_fit756_val126,lasso,textall,756,cap_spread_bp,-10.383428399082998,4.070225769810503,-2.5510693967146736,0.010739293964799517,-18.3609243168584,-2.4059324813075955,252,252,0,5,raw,2019
enet_textall_raw_fit756_val126,enet,textall,756,rank_ic,0.043090077549737225,0.003956665051660945,10.890504247168634,1.279299678805811e-27,0.03533515654959346,0.05084499854988099,252,252,0,5,raw,2019
enet_textall_raw_fit756_val126,enet,textall,756,ew_spread_bp,34.681822163381376,9.289363965797934,3.733498040455162,0.00018883866370717636,16.47500335113326,52.88864097562949,252,252,0,5,raw,2019
enet_textall_raw_fit756_val126,enet,textall,756,cap_spread_bp,-10.33527211893958,4.055518556646529,-2.5484465117293706,0.010820387848546725,-18.28394242860064,-2.3866018092785195,252,252,0,5,raw,2019
nn3_core_raw_fit504_val126,nn3,core,504,rank_ic,0.03258101628323999,0.0034143693927390483,9.542323203964498,1.3966781300495455e-21,0.025888975243555563,0.03927305732292442,252,252,0,5,raw,2019
nn3_core_raw_fit504_val126,nn3,core,504,ew_spread_bp,31.854532309683503,7.913454407942039,4.0253637245592655,5.688731727979758e-05,16.34444667681737,47.364617942549636,252,252,0,5,raw,2019
nn3_core_raw_fit504_val126,nn3,core,504,cap_spread_bp,-9.509729774368617,3.5284031869371555,-2.695193624576554,0.00703477387613463,-16.425272943701792,-2.5941866050354445,252,252,0,5,raw,2019
nn3_textcore_raw_fit504_val126,nn3,textcore,504,rank_ic,0.04608821205191193,0.004382356678914624,10.516764250080753,7.231451204473007e-26,0.037498950793830706,0.05467747330999315,252,252,0,5,raw,2019
nn3_textcore_raw_fit504_val126,nn3,textcore,504,ew_spread_bp,28.4474373902303,10.381176871071222,2.740290214060753,0.006138495542019392,8.100704605790494,48.7941701746701,252,252,0,5,raw,2019
nn3_textcore_raw_fit504_val126,nn3,textcore,504,cap_spread_bp,-3.2662208962989583,6.444059490641882,-0.5068576572022949,0.6122546974696428,-15.896345412190573,9.363903619592655,252,252,0,5,raw,2019
nn3_all_raw_fit504_val126,nn3,all,504,rank_ic,0.03836473895286512,0.003633984253037378,10.557211116365977,4.704310717571897e-26,0.03124226069652617,0.045487217209204074,252,252,0,5,raw,2019
nn3_all_raw_fit504_val126,nn3,all,504,ew_spread_bp,34.97951277728203,8.724757666029584,4.009224567173603,6.091846264964567e-05,17.87930197802431,52.079723576539756,252,252,0,5,raw,2019
nn3_all_raw_fit504_val126,nn3,all,504,cap_spread_bp,-8.014690116454924,3.3284088761679222,-2.407964410214658,0.016041744758747513,-14.538251639567488,-1.49112859334236,252,252,0,5,raw,2019
nn3_textall_raw_fit504_val126,nn3,textall,504,rank_ic,0.04901696065661719,0.004593160152864042,10.671729054788761,1.380335545354342e-26,0.04001453218177918,0.0580193891314552,252,252,0,5,raw,2019
nn3_textall_raw_fit504_val126,nn3,textall,504,ew_spread_bp,32.261432262834724,9.962655540768598,3.2382362444246287,0.0012027117175261817,12.734986212549856,51.78787831311959,252,252,0,5,raw,2019
nn3_textall_raw_fit504_val126,nn3,textall,504,cap_spread_bp,-4.402687715434791,6.208228099986736,-0.7091697734888635,0.4782191284268237,-16.570591199218324,7.765215768348742,252,252,0,5,raw,2019
nn3_core_raw_fit252_val126,nn3,core,252,rank_ic,0.03362345046816982,0.0032782788701039697,10.256433879007817,1.1072035363294819e-24,0.027198141951487377,0.040048758984852266,252,252,0,5,raw,2019
nn3_core_raw_fit252_val126,nn3,core,252,ew_spread_bp,35.06992952910129,7.648529420548595,4.58518593585875,4.535826046404027e-06,20.07908733013103,50.06077172807154,252,252,0,5,raw,2019
nn3_core_raw_fit252_val126,nn3,core,252,cap_spread_bp,-9.88177292942523,3.251243772682174,-3.039382347289535,0.0023706377719992827,-16.25409362884242,-3.509452230008039,252,252,0,5,raw,2019
nn3_textcore_raw_fit252_val126,nn3,textcore,252,rank_ic,0.03765939937951457,0.003718675712899147,10.127099614758992,4.18890361185278e-24,0.030370928912048428,0.04494786984698071,252,252,0,5,raw,2019
nn3_textcore_raw_fit252_val126,nn3,textcore,252,ew_spread_bp,18.832750497643506,8.540924559269957,2.205001386788183,0.027453997218939,2.0928459668007555,35.57265502848625,252,252,0,5,raw,2019
nn3_textcore_raw_fit252_val126,nn3,textcore,252,cap_spread_bp,3.2908572913261955,4.826379919189593,0.6818479577709601,0.4953350957974054,-6.168673525992743,12.750388108645135,252,252,0,5,raw,2019
nn3_all_raw_fit252_val126,nn3,all,252,rank_ic,0.03514325152053647,0.003059866153861273,11.48522508940101,1.565272603635522e-30,0.029146024061455278,0.04114047897961766,252,252,0,5,raw,2019
nn3_all_raw_fit252_val126,nn3,all,252,ew_spread_bp,35.933206182600095,7.752665239148245,4.63494876589666,3.570258952689379e-06,20.73826152967393,51.128150835526256,252,252,0,5,raw,2019
nn3_all_raw_fit252_val126,nn3,all,252,cap_spread_bp,-8.754538212858954,3.149756079269487,-2.7794337061457046,0.005445376717574376,-14.927946688313236,-2.5811297374046713,252,252,0,5,raw,2019
nn3_textall_raw_fit252_val126,nn3,textall,252,rank_ic,0.041188693976286765,0.0031509979770758096,13.071634534818303,4.78266900350846e-39,0.03501285142585961,0.04736453652671392,252,252,0,5,raw,2019
nn3_textall_raw_fit252_val126,nn3,textall,252,ew_spread_bp,28.825347486060778,8.719080636741372,3.306007672941287,0.0009463549616201297,11.736263459747125,45.914431512374435,252,252,0,5,raw,2019
nn3_textall_raw_fit252_val126,nn3,textall,252,cap_spread_bp,-8.58504478206571,6.118388938113357,-1.4031544690771098,0.16057078148624593,-20.576866744176158,3.4067771800447364,252,252,0,5,raw,2019
nn3_core_raw_fit756_val126,nn3,core,756,rank_ic,0.034956904832965,0.003364693668994616,10.38932760955034,2.773010632539687e-25,0.02836222642272562,0.04155158324320438,252,252,0,5,raw,2019
nn3_core_raw_fit756_val126,nn3,core,756,ew_spread_bp,38.157241337811044,8.207233586490617,4.649220828881872,3.3319132968390024e-06,22.071359095581936,54.24312358004015,252,252,0,5,raw,2019
nn3_core_raw_fit756_val126,nn3,core,756,cap_spread_bp,-6.552423865686553,3.1653258130680135,-2.0700630054053017,0.038446444681548626,-12.756348458634822,-0.34849927273828296,252,252,0,5,raw,2019
nn3_textcore_raw_fit756_val126,nn3,textcore,756,rank_ic,0.045834488269305064,0.004544086805251122,10.086622512655124,6.331046632360576e-24,0.03692824178838919,0.05474073475022094,252,252,0,5,raw,2019
nn3_textcore_raw_fit756_val126,nn3,textcore,756,ew_spread_bp,29.847898081913108,10.369222929820172,2.8785086678072553,0.0039956030055435625,9.524594591798671,50.17120157202754,252,252,0,5,raw,2019
nn3_textcore_raw_fit756_val126,nn3,textcore,756,cap_spread_bp,5.572907330146222,7.032434136838114,0.7924578064590142,0.4280937848307548,-8.210410301706503,19.356224961998947,252,252,0,5,raw,2019
nn3_all_raw_fit756_val126,nn3,all,756,rank_ic,0.03935635213836006,0.003835212114030983,10.261844969245972,1.0468718288876493e-24,0.031839474521787606,0.04687322975493251,252,252,0,5,raw,2019
nn3_all_raw_fit756_val126,nn3,all,756,ew_spread_bp,41.12894516098827,8.704452229595251,4.725046915778264,2.300622357077972e-06,24.06853228583221,58.18935803614434,252,252,0,5,raw,2019
nn3_all_raw_fit756_val126,nn3,all,756,cap_spread_bp,-5.54512498218079,3.8638390233863897,-1.4351335416973114,0.1512490471025768,-13.11811031007853,2.027860345716949,252,252,0,5,raw,2019
nn3_textall_raw_fit756_val126,nn3,textall,756,rank_ic,0.04787119004355963,0.004881600399864134,9.80645405652048,1.056147805006984e-22,0.0383034290729096,0.057438951014209656,252,252,0,5,raw,2019
nn3_textall_raw_fit756_val126,nn3,textall,756,ew_spread_bp,30.912426468035825,9.56394675481817,3.23218303703569,0.0012284833906513093,12.167435278533485,49.65741765753816,252,252,0,5,raw,2019
nn3_textall_raw_fit756_val126,nn3,textall,756,cap_spread_bp,-5.443727158143315,6.232091260967532,-0.8734992685742823,0.38239100473488763,-17.658401578006487,6.770947261719857,252,252,0,5,raw,2019
ols_core_raw_fit504_val126,ols,core,504,rank_ic,0.04007511932182075,0.005462105469177842,7.336936195751063,2.1853872506354674e-13,0.029369589322472925,0.050780649321168575,253,253,0,5,raw,2020
ols_core_raw_fit504_val126,ols,core,504,ew_spread_bp,8.081563382011192,14.518648458418648,0.5566333123332214,0.5777779887588174,-20.374464700687334,36.53759146470972,253,253,0,5,raw,2020
ols_core_raw_fit504_val126,ols,core,504,cap_spread_bp,-9.265388263279668,8.014131446698778,-1.156131306917397,0.24762745219560767,-24.972797266179153,6.442020739619817,253,253,0,5,raw,2020
ridge_core_raw_fit504_val126,ridge,core,504,rank_ic,0.039588746358498544,0.005395600274056314,7.337227434888621,2.180638793793378e-13,0.029013564146373724,0.050163928570623365,253,253,0,5,raw,2020
ridge_core_raw_fit504_val126,ridge,core,504,ew_spread_bp,11.800943842020503,13.604123932609976,0.8674534207772738,0.38569362266766916,-14.862649107114455,38.46453679115546,253,253,0,5,raw,2020
ridge_core_raw_fit504_val126,ridge,core,504,cap_spread_bp,-8.246590281212129,7.43844828010773,-1.1086438959676002,0.26758383370785777,-22.825681011087187,6.33250044866293,253,253,0,5,raw,2020
lasso_core_raw_fit504_val126,lasso,core,504,rank_ic,0.04000407832796367,0.0054296514991895315,7.367706441920805,1.735885034296696e-13,0.029362156940948278,0.05064599971497906,253,253,0,5,raw,2020
lasso_core_raw_fit504_val126,lasso,core,504,ew_spread_bp,10.147272242028562,14.028626217517596,0.7233261535871294,0.4694795284349451,-17.348329896880294,37.642874380937414,253,253,0,5,raw,2020
lasso_core_raw_fit504_val126,lasso,core,504,cap_spread_bp,-9.317992414474174,7.608316258167776,-1.2247114996660404,0.22068393977932665,-24.230018263473564,5.594033434525215,253,253,0,5,raw,2020
enet_core_raw_fit504_val126,enet,core,504,rank_ic,0.04000458524516065,0.00542965988977847,7.36778841718442,1.7348182742747319e-13,0.029362647412893128,0.050646523077428174,253,253,0,5,raw,2020
enet_core_raw_fit504_val126,enet,core,504,ew_spread_bp,10.147272242028562,14.028626217517596,0.7233261535871294,0.4694795284349451,-17.348329896880294,37.642874380937414,253,253,0,5,raw,2020
enet_core_raw_fit504_val126,enet,core,504,cap_spread_bp,-9.317992414474174,7.608316258167776,-1.2247114996660404,0.22068393977932665,-24.230018263473564,5.594033434525215,253,253,0,5,raw,2020
ols_all_raw_fit504_val126,ols,all,504,rank_ic,0.04016125695923576,0.004746133314607469,8.461889773645625,2.6307912143486843e-17,0.030859006596779412,0.04946350732169211,253,253,0,5,raw,2020
ols_all_raw_fit504_val126,ols,all,504,ew_spread_bp,9.116987533761153,14.786969591200297,0.6165555070314513,0.5375279493280634,-19.864940305480395,38.0989153730027,253,253,0,5,raw,2020
ols_all_raw_fit504_val126,ols,all,504,cap_spread_bp,-3.3433900406179053,8.021202411785573,-0.41681905891134896,0.6768107608171798,-19.06465788042345,12.377877799187639,253,253,0,5,raw,2020
ridge_all_raw_fit504_val126,ridge,all,504,rank_ic,0.04021160969725639,0.004835787791751414,8.315420657177482,9.142739417919977e-17,0.03073363978854514,0.049689579605967635,253,253,0,5,raw,2020
ridge_all_raw_fit504_val126,ridge,all,504,ew_spread_bp,5.624288193313876,14.173593127557833,0.39681456513511215,0.69150420926619,-22.1554438682239,33.40402025485165,253,253,0,5,raw,2020
ridge_all_raw_fit504_val126,ridge,all,504,cap_spread_bp,-1.1132060966901909,7.6785626215310385,-0.14497584399047686,0.8847299439770284,-16.16291228792649,13.936500094546105,253,253,0,5,raw,2020
lasso_all_raw_fit504_val126,lasso,all,504,rank_ic,0.03972643818196918,0.004829201909597056,8.226294722326886,1.9309356151563626e-16,0.030261376365086898,0.04919149999885146,253,253,0,5,raw,2020
lasso_all_raw_fit504_val126,lasso,all,504,ew_spread_bp,7.713818387122408,14.424003634159337,0.5347903801725564,0.5927948158229368,-20.556709248704745,35.98434602294956,253,253,0,5,raw,2020
lasso_all_raw_fit504_val126,lasso,all,504,cap_spread_bp,-4.35874723578668,7.870591379978368,-0.5538017444120774,0.5797145343413885,-19.784822877575685,11.067328406002325,253,253,0,5,raw,2020
enet_all_raw_fit504_val126,enet,all,504,rank_ic,0.03971809960245152,0.004833022605727397,8.218066175685458,2.068108459788041e-16,0.030245549358757895,0.04919064984614514,253,253,0,5,raw,2020
enet_all_raw_fit504_val126,enet,all,504,ew_spread_bp,7.738354007113171,14.38951715974072,0.5377771832931054,0.5907308859717066,-20.464581380899734,35.94128939512608,253,253,0,5,raw,2020
enet_all_raw_fit504_val126,enet,all,504,cap_spread_bp,-4.114639767068888,7.811650413021602,-0.5267311706896156,0.5983802863411949,-19.425193236408667,11.19591370227089,253,253,0,5,raw,2020
ols_textcore_raw_fit504_val126,ols,textcore,504,rank_ic,0.045848019629254534,0.004889826155824988,9.376206467920795,6.838909491936477e-21,0.03626413647317561,0.055431902785333456,253,253,0,5,raw,2020
ols_textcore_raw_fit504_val126,ols,textcore,504,ew_spread_bp,1.332540813366818,12.384125873263015,0.10760071619134111,0.9143124288525248,-22.939899878239334,25.604981504972972,253,253,0,5,raw,2020
ols_textcore_raw_fit504_val126,ols,textcore,504,cap_spread_bp,-5.226564973776534,7.810295164863238,-0.6691891744744392,0.5033748109734733,-20.534462205535803,10.081332257982737,253,253,0,5,raw,2020
ridge_textcore_raw_fit504_val126,ridge,textcore,504,rank_ic,0.04662796579832955,0.005133653722195075,9.08280307195946,1.0581395404849383e-19,0.03656618939372721,0.05668974220293189,253,253,0,5,raw,2020
ridge_textcore_raw_fit504_val126,ridge,textcore,504,ew_spread_bp,0.3628408311556751,12.732243011782701,0.028497793422564595,0.9772651279095775,-24.591896914350205,25.317578576661557,253,253,0,5,raw,2020
ridge_textcore_raw_fit504_val126,ridge,textcore,504,cap_spread_bp,-3.3937973855273342,8.5021505172281,-0.39916929001085144,0.6897684697429425,-20.057706190433006,13.270111419378336,253,253,0,5,raw,2020
lasso_textcore_raw_fit504_val126,lasso,textcore,504,rank_ic,0.046634904218669185,0.005167193146006882,9.025190833965212,1.7938244394506826e-19,0.03650739175133348,0.05676241668600489,253,253,0,5,raw,2020
lasso_textcore_raw_fit504_val126,lasso,textcore,504,ew_spread_bp,2.2135695903471744,12.521557038068854,0.17678069776924193,0.8596806511994823,-22.328231234631815,26.755370415326162,253,253,0,5,raw,2020
lasso_textcore_raw_fit504_val126,lasso,textcore,504,cap_spread_bp,-2.802806308957879,8.171310174630966,-0.3430057419261361,0.7315941404901299,-18.818279957740273,13.212667339824513,253,253,0,5,raw,2020
enet_textcore_raw_fit504_val126,enet,textcore,504,rank_ic,0.046644944762240216,0.005169661407374235,9.022823950462945,1.8330200040906001e-19,0.036512594591520064,0.05677729493296037,253,253,0,5,raw,2020
enet_textcore_raw_fit504_val126,enet,textcore,504,ew_spread_bp,2.334848429700098,12.537515294150781,0.18622895963998481,0.8522652146738561,-22.238230002455534,26.90792686185573,253,253,0,5,raw,2020
enet_textcore_raw_fit504_val126,enet,textcore,504,cap_spread_bp,-2.869425574890181,8.243427284043502,-0.3480864785990679,0.7277752386362724,-19.02624616079028,13.287395011009918,253,253,0,5,raw,2020
ols_textall_raw_fit504_val126,ols,textall,504,rank_ic,0.046613970318499384,0.004646921315536763,10.031151197384764,1.1121230528270506e-23,0.03750617190105584,0.05572176873594293,253,253,0,5,raw,2020
ols_textall_raw_fit504_val126,ols,textall,504,ew_spread_bp,9.469441775807406,15.212769460579965,0.62246665870702,0.5336350607749334,-20.347038472040154,39.28592202365496,253,253,0,5,raw,2020
ols_textall_raw_fit504_val126,ols,textall,504,cap_spread_bp,5.361483905454413,8.973704238870651,0.5974660812009512,0.5501962462429231,-12.226653210646482,22.94962102155531,253,253,0,5,raw,2020
ridge_textall_raw_fit504_val126,ridge,textall,504,rank_ic,0.047409270597094065,0.0049227355404828175,9.630675913263504,5.93378665439342e-22,0.037760886232332425,0.057057654961855706,253,253,0,5,raw,2020
ridge_textall_raw_fit504_val126,ridge,textall,504,ew_spread_bp,6.5437080985637355,15.057343067857637,0.4345858408800123,0.663863074326333,-22.968142017301084,36.05555821442855,253,253,0,5,raw,2020
ridge_textall_raw_fit504_val126,ridge,textall,504,cap_spread_bp,7.605374092582449,8.55653058629545,0.8888385328468972,0.37408986375026343,-9.165117689172028,24.375865874336924,253,253,0,5,raw,2020
lasso_textall_raw_fit504_val126,lasso,textall,504,rank_ic,0.04718961531070262,0.0048387713587729475,9.752396179072475,1.8016462939052629e-22,0.0377057977180837,0.05667343290332154,253,253,0,5,raw,2020
lasso_textall_raw_fit504_val126,lasso,textall,504,ew_spread_bp,7.574718471735985,15.185776669081317,0.49880349466473667,0.6179178253975581,-22.188856876932025,37.338293820404,253,253,0,5,raw,2020
lasso_textall_raw_fit504_val126,lasso,textall,504,cap_spread_bp,3.9505316741138885,8.839393870503532,0.44692336736985433,0.6549303914977708,-13.374361957237143,21.27542530546492,253,253,0,5,raw,2020
enet_textall_raw_fit504_val126,enet,textall,504,rank_ic,0.047193373054889236,0.00484128447197563,9.748109892751371,1.8793463724459347e-22,0.03770462985090399,0.05668211625887448,253,253,0,5,raw,2020
enet_textall_raw_fit504_val126,enet,textall,504,ew_spread_bp,7.5519157509937695,15.169597751479891,0.497832300810813,0.6186022471646615,-22.179949501866602,37.283781003854145,253,253,0,5,raw,2020
enet_textall_raw_fit504_val126,enet,textall,504,cap_spread_bp,4.541107806836263,8.839885680789598,0.513706621422127,0.6074571218888414,-12.784749754962686,21.86696536863521,253,253,0,5,raw,2020
ols_core_raw_fit252_val126,ols,core,252,rank_ic,0.03978714673688545,0.0054746859235249214,7.2674756675846295,3.662672838035706e-13,0.029056959500108198,0.050517333973662704,253,253,0,5,raw,2020
ols_core_raw_fit252_val126,ols,core,252,ew_spread_bp,5.80487876799817,14.361223600078812,0.4042050266501187,0.6860619576644389,-22.342602262082956,33.9523597980793,253,253,0,5,raw,2020
ols_core_raw_fit252_val126,ols,core,252,cap_spread_bp,-10.85436018600011,8.180142494700483,-1.3269157833169924,0.18453654269584174,-26.887144864018687,5.1784244920184666,253,253,0,5,raw,2020
ridge_core_raw_fit252_val126,ridge,core,252,rank_ic,0.039570249406511646,0.005382069599900968,7.352236657667852,1.9491729729901427e-13,0.02902158682841785,0.05011891198460544,253,253,0,5,raw,2020
ridge_core_raw_fit252_val126,ridge,core,252,ew_spread_bp,13.480164474306434,13.386450090601228,1.0070006897325978,0.3139344427348705,-12.756795584114915,39.71712453272778,253,253,0,5,raw,2020
ridge_core_raw_fit252_val126,ridge,core,252,cap_spread_bp,-8.717878728201296,7.410797076552917,-1.1763753126885452,0.2394449324219624,-23.242774094979737,5.807016638577144,253,253,0,5,raw,2020
lasso_core_raw_fit252_val126,lasso,core,252,rank_ic,0.03990344993102003,0.005429094307985181,7.3499275693792105,1.98314288819085e-13,0.02926262061869767,0.0505442792433424,253,253,0,5,raw,2020
lasso_core_raw_fit252_val126,lasso,core,252,ew_spread_bp,10.581172930054233,13.8890695679618,0.7618345403396957,0.4461587626234145,-16.640903201922182,37.803249062030645,253,253,0,5,raw,2020
lasso_core_raw_fit252_val126,lasso,core,252,cap_spread_bp,-10.116797536323027,7.526240106056668,-1.3442033995409783,0.1788826226654907,-24.867957083195012,4.6343620105489585,253,253,0,5,raw,2020
enet_core_raw_fit252_val126,enet,core,252,rank_ic,0.03990573932933373,0.005429208543369311,7.3501946021341515,1.9791849149704644e-13,0.02926468611977271,0.05054679253889475,253,253,0,5,raw,2020
enet_core_raw_fit252_val126,enet,core,252,ew_spread_bp,10.63051902140879,13.88977965210597,0.7653482839662608,0.44406417951516175,-16.59294884991619,37.85398689273377,253,253,0,5,raw,2020
enet_core_raw_fit252_val126,enet,core,252,cap_spread_bp,-10.10810170027258,7.526002665961317,-1.3430903693390395,0.1792427136378112,-24.858795873109194,4.642592472564033,253,253,0,5,raw,2020
ols_all_raw_fit252_val126,ols,all,252,rank_ic,0.03965622332833023,0.00473252001162558,8.379515190831418,5.3146156574521593e-17,0.030380654549429013,0.04893179210723145,253,253,0,5,raw,2020
ols_all_raw_fit252_val126,ols,all,252,ew_spread_bp,8.277860473176045,14.967701685592322,0.553048199854503,0.580230405572129,-21.058295761924366,37.61401670827645,253,253,0,5,raw,2020
ols_all_raw_fit252_val126,ols,all,252,cap_spread_bp,-2.1743670235656958,8.991804728975016,-0.24181653061916014,0.8089223294065061,-19.797980448373668,15.449246401242275,253,253,0,5,raw,2020
ridge_all_raw_fit252_val126,ridge,all,252,rank_ic,0.03976936181835826,0.0048685569581355375,8.168613854235021,3.119529074894576e-16,0.030227165523730726,0.04931155811298579,253,253,0,5,raw,2020
ridge_all_raw_fit252_val126,ridge,all,252,ew_spread_bp,8.792970668813664,14.267437453256298,0.6162964230697797,0.5376988991964055,-19.170692891246553,36.75663422887388,253,253,0,5,raw,2020
ridge_all_raw_fit252_val126,ridge,all,252,cap_spread_bp,-0.5776977938905901,8.472010667912786,-0.06818898329278368,0.9456351966184247,-17.182533579638775,16.027137991857597,253,253,0,5,raw,2020
lasso_all_raw_fit252_val126,lasso,all,252,rank_ic,0.03948309305374784,0.004781400258196864,8.25764230594606,1.4857801337523405e-16,0.030111720752011475,0.04885446535548421,253,253,0,5,raw,2020
lasso_all_raw_fit252_val126,lasso,all,252,ew_spread_bp,9.920514443309473,14.380398482964162,0.6898636678991809,0.4902799256376873,-18.264548666634717,38.10557755325366,253,253,0,5,raw,2020
lasso_all_raw_fit252_val126,lasso,all,252,cap_spread_bp,-2.5845343754922045,8.575821155796065,-0.30137456560010206,0.7631288869613345,-19.392834978709153,14.223766227724745,253,253,0,5,raw,2020
enet_all_raw_fit252_val126,enet,all,252,rank_ic,0.03948185422397686,0.004784665342314948,8.251748324967384,1.5609388126463638e-16,0.030104082474962553,0.04885962597299117,253,253,0,5,raw,2020
enet_all_raw_fit252_val126,enet,all,252,ew_spread_bp,10.246476692440531,14.408738100168765,0.7111293592268512,0.47700407814824775,-17.99413104656033,38.48708443144139,253,253,0,5,raw,2020
enet_all_raw_fit252_val126,enet,all,252,cap_spread_bp,-2.019864088034142,8.565803885171828,-0.23580554903092132,0.8135835620661229,-18.808531201604197,14.768803025535911,253,253,0,5,raw,2020
ols_textcore_raw_fit252_val126,ols,textcore,252,rank_ic,0.04554730921749203,0.004773623273169184,9.541454490867984,1.4084290870209722e-21,0.03619117952631822,0.05490343890866584,253,253,0,5,raw,2020
ols_textcore_raw_fit252_val126,ols,textcore,252,ew_spread_bp,1.9158611240351064,11.831141065547962,0.1619337571431765,0.8713580192807409,-21.27274926045174,25.104471508521954,253,253,0,5,raw,2020
ols_textcore_raw_fit252_val126,ols,textcore,252,cap_spread_bp,-0.6107640154378492,7.330015331148583,-0.0833237023178429,0.9335941541005841,-14.97733007061551,13.75580203973981,253,253,0,5,raw,2020
ridge_textcore_raw_fit252_val126,ridge,textcore,252,rank_ic,0.04647164127549936,0.005049550746754519,9.203123922532697,3.476915601424056e-20,0.036574703673753164,0.056368578877245556,253,253,0,5,raw,2020
ridge_textcore_raw_fit252_val126,ridge,textcore,252,ew_spread_bp,3.4468239217016405,12.3882205412009,0.27823398124356524,0.7808327510450932,-20.83364217159142,27.7272900149947,253,253,0,5,raw,2020
ridge_textcore_raw_fit252_val126,ridge,textcore,252,cap_spread_bp,4.670693569230755,9.314650489283643,0.5014351933660113,0.6160648766578045,-13.585685918343577,22.927073056805085,253,253,0,5,raw,2020
lasso_textcore_raw_fit252_val126,lasso,textcore,252,rank_ic,0.046912148347430724,0.005065590682468006,9.260943350554069,2.026339089563513e-20,0.03698377304937176,0.056840523645489686,253,253,0,5,raw,2020
lasso_textcore_raw_fit252_val126,lasso,textcore,252,ew_spread_bp,7.899271962751143,12.728370493636056,0.6206035538249479,0.5348605008223573,-17.047875786657837,32.84641971216013,253,253,0,5,raw,2020
lasso_textcore_raw_fit252_val126,lasso,textcore,252,cap_spread_bp,2.172862548280727,9.682876013803035,0.22440259951519465,0.8224440481452092,-16.805225705539986,21.150950802101438,253,253,0,5,raw,2020
enet_textcore_raw_fit252_val126,enet,textcore,252,rank_ic,0.04690848522813219,0.0050674476739271624,9.256826759057411,2.105979339472397e-20,0.036976470293693685,0.0568405001625707,253,253,0,5,raw,2020
enet_textcore_raw_fit252_val126,enet,textcore,252,ew_spread_bp,7.646764419941034,12.746385915147956,0.5999162798651443,0.5485620321188431,-17.335692906797576,32.62922174667965,253,253,0,5,raw,2020
enet_textcore_raw_fit252_val126,enet,textcore,252,cap_spread_bp,2.211025279533829,9.766155621843728,0.22639668720703995,0.8208929042759805,-16.930288006693253,21.35233856576091,253,253,0,5,raw,2020
ols_textall_raw_fit252_val126,ols,textall,252,rank_ic,0.04628828638305142,0.004521343331916218,10.237728698084448,1.34353366275698e-24,0.037426616290755305,0.05514995647534754,253,253,0,5,raw,2020
ols_textall_raw_fit252_val126,ols,textall,252,ew_spread_bp,7.477404865573405,14.087651597536219,0.5307772423106435,0.5955731521819163,-20.13388489234574,35.08869462349255,253,253,0,5,raw,2020
ols_textall_raw_fit252_val126,ols,textall,252,cap_spread_bp,1.9332814606288873,8.47765730937178,0.22804430399559866,0.819611798187375,-14.68262153901254,18.549184460270315,253,253,0,5,raw,2020
ridge_textall_raw_fit252_val126,ridge,textall,252,rank_ic,0.04735465564906214,0.004896007959784348,9.672095314801723,3.9618217246344697e-22,0.037758656379863385,0.056950654918260894,253,253,0,5,raw,2020
ridge_textall_raw_fit252_val126,ridge,textall,252,ew_spread_bp,8.673920108330925,14.707052862255297,0.5897796240735614,0.5553384049500226,-20.151373820416175,37.499214037078026,253,253,0,5,raw,2020
ridge_textall_raw_fit252_val126,ridge,textall,252,cap_spread_bp,5.078585026187202,8.298041263280716,0.6120221465588773,0.5405231050478512,-11.185276992070253,21.342447044444658,253,253,0,5,raw,2020
lasso_textall_raw_fit252_val126,lasso,textall,252,rank_ic,0.04747327835976115,0.004695576399960909,10.11021317002879,4.977585303335425e-24,0.03827011772918153,0.05667643899034078,253,253,0,5,raw,2020
lasso_textall_raw_fit252_val126,lasso,textall,252,ew_spread_bp,8.523963265018962,14.335143677795818,0.5946200091612623,0.5520975019871146,-19.572402056667897,36.62032858670582,253,253,0,5,raw,2020
lasso_textall_raw_fit252_val126,lasso,textall,252,cap_spread_bp,4.49454560585649,8.510310234137446,0.5281294667528686,0.5974094801078558,-12.18535595031554,21.17444716202852,253,253,0,5,raw,2020
enet_textall_raw_fit252_val126,enet,textall,252,rank_ic,0.04747620727298408,0.004697567257483831,10.106551896058189,5.167091142999137e-24,0.038269144633361174,0.056683269912606984,253,253,0,5,raw,2020
enet_textall_raw_fit252_val126,enet,textall,252,ew_spread_bp,8.46548898410013,14.323027494952504,0.5910404757013421,0.5544933013212849,-19.607129055583727,36.53810702378399,253,253,0,5,raw,2020
enet_textall_raw_fit252_val126,enet,textall,252,cap_spread_bp,4.358119251775967,8.425220816958207,0.517270626664643,0.6049672556777429,-12.155010111259251,20.871248614811186,253,253,0,5,raw,2020
ols_core_raw_fit756_val126,ols,core,756,rank_ic,0.040030202516442404,0.005450300212700843,7.344586711601677,2.063958515549563e-13,0.029347810394617757,0.05071259463826705,253,253,0,5,raw,2020
ols_core_raw_fit756_val126,ols,core,756,ew_spread_bp,8.480532904918366,14.101692519056092,0.6013840461673899,0.5475842222112224,-19.158276553489486,36.11934236332622,253,253,0,5,raw,2020
ols_core_raw_fit756_val126,ols,core,756,cap_spread_bp,-9.093374003738607,7.921937536935357,-1.1478724694989737,0.25102121484185924,-24.62008626390785,6.433338256430638,253,253,0,5,raw,2020
ridge_core_raw_fit756_val126,ridge,core,756,rank_ic,0.03941709202073039,0.005377223113371706,7.330380605318514,2.2950001199774283e-13,0.028877928381685507,0.049956255659775274,253,253,0,5,raw,2020
ridge_core_raw_fit756_val126,ridge,core,756,ew_spread_bp,12.89959068834704,13.502810540906445,0.9553263484863418,0.3394126869588082,-13.5654316618974,39.36461303859148,253,253,0,5,raw,2020
ridge_core_raw_fit756_val126,ridge,core,756,cap_spread_bp,-8.211723486501935,7.355502137599882,-1.116405560474956,0.2642485744389367,-22.628242764405087,6.2047957914012155,253,253,0,5,raw,2020
lasso_core_raw_fit756_val126,lasso,core,756,rank_ic,0.03998874646541923,0.005428694937117873,7.366180440901602,1.7558612587972326e-13,0.029348699905613264,0.050628793025225195,253,253,0,5,raw,2020
lasso_core_raw_fit756_val126,lasso,core,756,ew_spread_bp,10.296108885727472,13.970710999685952,0.736978159948976,0.4611356309400364,-17.085981512074568,37.678199283529516,253,253,0,5,raw,2020
lasso_core_raw_fit756_val126,lasso,core,756,cap_spread_bp,-9.362350867765793,7.605693848624043,-1.2309660438750831,0.218335564489597,-24.26923688850675,5.544535152975165,253,253,0,5,raw,2020
enet_core_raw_fit756_val126,enet,core,756,rank_ic,0.03998877299050111,0.00542868893446077,7.36619347199218,1.7556897220002833e-13,0.02934873819568688,0.05062880778531534,253,253,0,5,raw,2020
enet_core_raw_fit756_val126,enet,core,756,ew_spread_bp,10.296108885727472,13.970710999685952,0.736978159948976,0.4611356309400364,-17.085981512074568,37.678199283529516,253,253,0,5,raw,2020
enet_core_raw_fit756_val126,enet,core,756,cap_spread_bp,-9.362350867765793,7.605693848624043,-1.2309660438750831,0.218335564489597,-24.26923688850675,5.544535152975165,253,253,0,5,raw,2020
ols_all_raw_fit756_val126,ols,all,756,rank_ic,0.03958121554745865,0.0047435011372858275,8.34430400708337,7.163449948460355e-17,0.030284124157753643,0.04887830693716366,253,253,0,5,raw,2020
ols_all_raw_fit756_val126,ols,all,756,ew_spread_bp,9.06613229782285,14.939172170566955,0.6068697913318702,0.5439373272004426,-20.214107115331448,38.34637171097715,253,253,0,5,raw,2020
ols_all_raw_fit756_val126,ols,all,756,cap_spread_bp,-6.070470649145567,7.944599515513762,-0.7641002717999186,0.4448074903493142,-21.6415995711469,9.50065827285577,253,253,0,5,raw,2020
ridge_all_raw_fit756_val126,ridge,all,756,rank_ic,0.039657568325759104,0.004858605833368459,8.162334975476826,3.286093675982977e-16,0.030134875877280712,0.0491802607742375,253,253,0,5,raw,2020
ridge_all_raw_fit756_val126,ridge,all,756,ew_spread_bp,6.362998563427706,14.855221883839675,0.42833413147128585,0.6684078728341426,-22.752701311249314,35.47869843810473,253,253,0,5,raw,2020
ridge_all_raw_fit756_val126,ridge,all,756,cap_spread_bp,-4.256348746939082,7.94558725590392,-0.5356871191335075,0.5921748073337658,-19.829413604531204,11.316716110653038,253,253,0,5,raw,2020
lasso_all_raw_fit756_val126,lasso,all,756,rank_ic,0.0392360843722255,0.004819874379908932,8.14047862653359,3.9371833836973963e-16,0.029789304177596666,0.048682864566854334,253,253,0,5,raw,2020
lasso_all_raw_fit756_val126,lasso,all,756,ew_spread_bp,8.964152765024151,14.934120718497539,0.6002464379386642,0.5483420092750828,-20.306185984004458,38.23449151405276,253,253,0,5,raw,2020
lasso_all_raw_fit756_val126,lasso,all,756,cap_spread_bp,-6.990606579296092,7.865752212125927,-0.8887397404305845,0.3741429679717835,-22.40719762637917,8.425984467786986,253,253,0,5,raw,2020
enet_all_raw_fit756_val126,enet,all,756,rank_ic,0.03924265242494885,0.004820806302830037,8.140267407531308,3.9440582628809567e-16,0.029794045694958284,0.048691259154939416,253,253,0,5,raw,2020
enet_all_raw_fit756_val126,enet,all,756,ew_spread_bp,9.001408942927224,14.951255761979532,0.6020503619379892,0.5471406145495381,-20.302513874199622,38.305331760054074,253,253,0,5,raw,2020
enet_all_raw_fit756_val126,enet,all,756,cap_spread_bp,-6.987536531348891,7.869410951274391,-0.8879364128540412,0.37457495646168437,-22.411298575391783,8.436225512694001,253,253,0,5,raw,2020
ols_textcore_raw_fit756_val126,ols,textcore,756,rank_ic,0.0477062449787859,0.005008918322655317,9.524260909388511,1.662204723274905e-21,0.037888945464878705,0.0575235444926931,253,253,0,5,raw,2020
ols_textcore_raw_fit756_val126,ols,textcore,756,ew_spread_bp,5.281989590033087,13.757729333827719,0.38392887822306904,0.7010311618569849,-21.682664413319472,32.24664359338565,253,253,0,5,raw,2020
ols_textcore_raw_fit756_val126,ols,textcore,756,cap_spread_bp,-3.1922352194407746,8.256983753588894,-0.3866103306856176,0.6990447087909621,-19.375625997407358,12.991155558525808,253,253,0,5,raw,2020
ridge_textcore_raw_fit756_val126,ridge,textcore,756,rank_ic,0.04815086718674209,0.005219328812460673,9.225490272194822,2.822666173468761e-20,0.03792117069084696,0.058380563682637214,253,253,0,5,raw,2020
ridge_textcore_raw_fit756_val126,ridge,textcore,756,ew_spread_bp,5.599392494566247,13.566018198754263,0.4127513624506583,0.679788789453279,-20.989514588607044,32.18829957773954,253,253,0,5,raw,2020
ridge_textcore_raw_fit756_val126,ridge,textcore,756,cap_spread_bp,5.4147030691569995,8.51456224310259,0.6359344044426124,0.5248191771726116,-11.273532271448655,22.102938409762654,253,253,0,5,raw,2020
lasso_textcore_raw_fit756_val126,lasso,textcore,756,rank_ic,0.048199956963450516,0.005161920025343666,9.337602428321524,9.854015678431137e-21,0.038082779622700846,0.058317134304200186,253,253,0,5,raw,2020
lasso_textcore_raw_fit756_val126,lasso,textcore,756,ew_spread_bp,6.25577656062744,13.48711720388223,0.46383348391357726,0.6427670515804897,-20.178487414252288,32.690040535507165,253,253,0,5,raw,2020
lasso_textcore_raw_fit756_val126,lasso,textcore,756,cap_spread_bp,1.8911270267804396,9.140613466247894,0.20689279048539871,0.8360935870674733,-16.024146163667258,19.806400217228134,253,253,0,5,raw,2020
enet_textcore_raw_fit756_val126,enet,textcore,756,rank_ic,0.048204847902123864,0.0051646157187126155,9.333675635820567,1.0226165239404795e-20,0.03808238709945769,0.05832730870479004,253,253,0,5,raw,2020
enet_textcore_raw_fit756_val126,enet,textcore,756,ew_spread_bp,6.500923217457957,13.499437300587212,0.48156994048745816,0.6301114841800355,-19.957487703249587,32.9593341381655,253,253,0,5,raw,2020
enet_textcore_raw_fit756_val126,enet,textcore,756,cap_spread_bp,1.3957905516769242,9.179560544051638,0.15205418004257268,0.879144202920905,-16.59581750856919,19.38739861192304,253,253,0,5,raw,2020
ols_textall_raw_fit756_val126,ols,textall,756,rank_ic,0.047668681624208245,0.004694628016414475,10.15387831741677,3.1845091072628553e-24,0.03846737979122316,0.05686998345719333,253,253,0,5,raw,2020
ols_textall_raw_fit756_val126,ols,textall,756,ew_spread_bp,6.5693191363626395,15.255907254338478,0.43060822452853176,0.6667532600039225,-23.33170963362412,36.470347906349396,253,253,0,5,raw,2020
ols_textall_raw_fit756_val126,ols,textall,756,cap_spread_bp,-4.574337159797563,8.849891335968932,-0.516880601822298,0.6052395096855351,-21.91980544538973,12.771131125794607,253,253,0,5,raw,2020
ridge_textall_raw_fit756_val126,ridge,textall,756,rank_ic,0.04815463938875642,0.004875231554210032,9.877405586442809,5.2165998727920704e-23,0.038599361126211526,0.05770991765130132,253,253,0,5,raw,2020
ridge_textall_raw_fit756_val126,ridge,textall,756,ew_spread_bp,6.148401307268524,15.491864064604993,0.39687937369112813,0.6914564151509127,-24.215094312747553,36.5118969272846,253,253,0,5,raw,2020
ridge_textall_raw_fit756_val126,ridge,textall,756,cap_spread_bp,-1.8835259573257832,8.563343526031122,-0.21995216606693185,0.8259084083262479,-18.667370855591017,14.90031894093945,253,253,0,5,raw,2020
lasso_textall_raw_fit756_val126,lasso,textall,756,rank_ic,0.04799522147941869,0.004839540550220789,9.917309501049445,3.500651658488796e-23,0.03850989629926479,0.05748054665957259,253,253,0,5,raw,2020
lasso_textall_raw_fit756_val126,lasso,textall,756,ew_spread_bp,6.655821898621076,15.292789592390507,0.4352261474867166,0.6633982850395298,-23.31749492561329,36.629138722855444,253,253,0,5,raw,2020
lasso_textall_raw_fit756_val126,lasso,textall,756,cap_spread_bp,-6.393510700119224,8.33246090191986,-0.7673016141781249,0.4429022089407889,-22.724833970470286,9.93781257023184,253,253,0,5,raw,2020
enet_textall_raw_fit756_val126,enet,textall,756,rank_ic,0.04800151955056998,0.004842348829936559,9.912858663509141,3.6602072209392337e-23,0.038510690243314646,0.05749234885782531,253,253,0,5,raw,2020
enet_textall_raw_fit756_val126,enet,textall,756,ew_spread_bp,6.617455188898716,15.292371990327377,0.43272915366460757,0.6652115474744799,-23.355043150332044,36.58995352812948,253,253,0,5,raw,2020
enet_textall_raw_fit756_val126,enet,textall,756,cap_spread_bp,-6.321437224238957,8.337362703846164,-0.7582058558304982,0.44832775616299037,-22.66236784982492,10.01949340134701,253,253,0,5,raw,2020
nn3_core_raw_fit504_val126,nn3,core,504,rank_ic,0.03934149763139686,0.004598149264653806,8.555941829426208,1.1691024605803886e-17,0.030329290677136068,0.04835370458565766,253,253,0,5,raw,2020
nn3_core_raw_fit504_val126,nn3,core,504,ew_spread_bp,19.682562198801328,13.842216546152,1.4219227197592776,0.15504868678727915,-7.447683697861013,46.812808095463666,253,253,0,5,raw,2020
nn3_core_raw_fit504_val126,nn3,core,504,cap_spread_bp,-12.03995198659716,7.166778192493779,-1.679967157237734,0.0929637059406187,-26.086579129072035,2.006675155877714,253,253,0,5,raw,2020
nn3_textcore_raw_fit504_val126,nn3,textcore,504,rank_ic,0.04964274831666791,0.0053482394574390175,9.282072859998518,1.6621293950562444e-20,0.03916039159939139,0.06012510503394442,253,253,0,5,raw,2020
nn3_textcore_raw_fit504_val126,nn3,textcore,504,ew_spread_bp,8.751496690313088,14.741164324568953,0.5936774394222751,0.5527278752850568,-20.14065447602877,37.643647856654944,253,253,0,5,raw,2020
nn3_textcore_raw_fit504_val126,nn3,textcore,504,cap_spread_bp,10.301531318967802,11.002803760759221,0.936264205284433,0.34913717295663427,-11.263567781082132,31.86663041901774,253,253,0,5,raw,2020
nn3_all_raw_fit504_val126,nn3,all,504,rank_ic,0.04282750448597443,0.005117421026699961,8.368962464202859,5.812776132379079e-17,0.03279754357991452,0.05285746539203434,253,253,0,5,raw,2020
nn3_all_raw_fit504_val126,nn3,all,504,ew_spread_bp,18.290189374502162,14.514946994027012,1.2600934321033819,0.20763565931217876,-10.1585839712987,46.73896272030302,253,253,0,5,raw,2020
nn3_all_raw_fit504_val126,nn3,all,504,cap_spread_bp,-7.250923247546417,7.744204352649237,-0.9363031910522776,0.3491171056547585,-22.429284867657245,7.92743837256441,253,253,0,5,raw,2020
nn3_textall_raw_fit504_val126,nn3,textall,504,rank_ic,0.051001985497491756,0.0052459329281014455,9.722195498208528,2.4249554419193467e-22,0.040720145893100176,0.061283825101883335,253,253,0,5,raw,2020
nn3_textall_raw_fit504_val126,nn3,textall,504,ew_spread_bp,8.124264351565307,16.425900341447345,0.494600854911156,0.6208818986120932,-24.069908731315664,40.31843743444628,253,253,0,5,raw,2020
nn3_textall_raw_fit504_val126,nn3,textall,504,cap_spread_bp,14.101948042078257,11.053590119659269,1.2757798949860966,0.2020333365557947,-7.562690492321694,35.76658657647821,253,253,0,5,raw,2020
nn3_core_raw_fit252_val126,nn3,core,252,rank_ic,0.03900001350430151,0.004701901399194897,8.29451964070949,1.0902486455276409e-16,0.029784456103021023,0.048215570905582,253,253,0,5,raw,2020
nn3_core_raw_fit252_val126,nn3,core,252,ew_spread_bp,13.510261208363584,13.903073597403328,0.9717463634003125,0.3311767453396026,-13.739262316956665,40.75978473368383,253,253,0,5,raw,2020
nn3_core_raw_fit252_val126,nn3,core,252,cap_spread_bp,-8.404680245413441,7.6883380485487764,-1.0931725676396187,0.2743180390921036,-23.473545921538005,6.664185430711122,253,253,0,5,raw,2020
nn3_textcore_raw_fit252_val126,nn3,textcore,252,rank_ic,0.04077164746154061,0.00429019064541962,9.503458198313416,2.030332688279403e-21,0.03236302830970751,0.04918026661337371,253,253,0,5,raw,2020
nn3_textcore_raw_fit252_val126,nn3,textcore,252,ew_spread_bp,-6.390833799205056,13.276640528042392,-0.4813592554311153,0.63026118951984,-32.412571069852994,19.63090347144288,253,253,0,5,raw,2020
nn3_textcore_raw_fit252_val126,nn3,textcore,252,cap_spread_bp,7.717073517509281,8.035105286541988,0.9604197135331407,0.3368440204195138,-8.031443456100407,23.465590491118967,253,253,0,5,raw,2020
nn3_all_raw_fit252_val126,nn3,all,252,rank_ic,0.03930401384536309,0.004110530853256024,9.56178538697251,1.1574250239365627e-21,0.031247521415640585,0.0473605062750856,253,253,0,5,raw,2020
nn3_all_raw_fit252_val126,nn3,all,252,ew_spread_bp,18.698665398509938,14.791045203041866,1.2641882396968436,0.20616247088895812,-10.291250493156053,47.68858129017593,253,253,0,5,raw,2020
nn3_all_raw_fit252_val126,nn3,all,252,cap_spread_bp,-0.25484273275249286,6.763410152512267,-0.03767962122744125,0.9699431243614695,-13.510883044349091,13.001197578844105,253,253,0,5,raw,2020
nn3_textall_raw_fit252_val126,nn3,textall,252,rank_ic,0.04503096151388963,0.004376981644440659,10.288131221908333,7.970830620612952e-25,0.03645223512979304,0.053609687897986216,253,253,0,5,raw,2020
nn3_textall_raw_fit252_val126,nn3,textall,252,ew_spread_bp,3.3185238831429573,14.563779055942435,0.2278614548048163,0.8197539490785628,-25.225958545302962,31.86300631158888,253,253,0,5,raw,2020
nn3_textall_raw_fit252_val126,nn3,textall,252,cap_spread_bp,7.729787235758201,10.95466730808264,0.7056158821048779,0.480427044783311,-13.740966150702118,29.200540622218522,253,253,0,5,raw,2020
nn3_core_raw_fit756_val126,nn3,core,756,rank_ic,0.04010985065572411,0.004694855261651191,8.543362557596161,1.3037155395382129e-17,0.030908103430259404,0.049311597881188815,253,253,0,5,raw,2020
nn3_core_raw_fit756_val126,nn3,core,756,ew_spread_bp,20.806314344205603,12.82808698351679,1.6219343048531154,0.10481741532190011,-4.336274134034369,45.948902822445575,253,253,0,5,raw,2020
nn3_core_raw_fit756_val126,nn3,core,756,cap_spread_bp,-8.84874837271098,6.71741093727659,-1.3172855517305138,0.1877429263802356,-22.014631879128544,4.317135133706584,253,253,0,5,raw,2020
nn3_textcore_raw_fit756_val126,nn3,textcore,756,rank_ic,0.05127521328950757,0.005111145530331382,10.03203939023492,1.1021623203993262e-23,0.041257552130315185,0.061292874448699956,253,253,0,5,raw,2020
nn3_textcore_raw_fit756_val126,nn3,textcore,756,ew_spread_bp,6.942003842282046,15.545593943126228,0.4465576463452901,0.6551944817521718,-23.526800404529368,37.41080808909346,253,253,0,5,raw,2020
nn3_textcore_raw_fit756_val126,nn3,textcore,756,cap_spread_bp,7.97779284328617,14.034001229757017,0.5684617460607345,0.5697214738293674,-19.52834412602841,35.48392981260075,253,253,0,5,raw,2020
nn3_all_raw_fit756_val126,nn3,all,756,rank_ic,0.04440280774079667,0.004780631629679519,9.288062996766248,1.5712158564363996e-20,0.03503294192327179,0.05377267355832155,253,253,0,5,raw,2020
nn3_all_raw_fit756_val126,nn3,all,756,ew_spread_bp,23.150506973930632,14.31426440098452,1.6173032944912185,0.10581282850828902,-4.904935717182838,51.2059496650441,253,253,0,5,raw,2020
nn3_all_raw_fit756_val126,nn3,all,756,cap_spread_bp,-4.084518236577783,8.227397261161846,-0.4964532654645366,0.619574652397284,-20.20992055495848,12.040884081802915,253,253,0,5,raw,2020
nn3_textall_raw_fit756_val126,nn3,textall,756,rank_ic,0.053705614360977406,0.00548710081467884,9.787612106070043,1.2726590491316244e-22,0.04295109438466649,0.06446013433728832,253,253,0,5,raw,2020
nn3_textall_raw_fit756_val126,nn3,textall,756,ew_spread_bp,14.530255565046602,16.167061242740512,0.8987567589979357,0.36878223699323487,-17.15660220657817,46.217113336671375,253,253,0,5,raw,2020
nn3_textall_raw_fit756_val126,nn3,textall,756,cap_spread_bp,11.732326630780808,10.992684172549865,1.0672849730439744,0.28584317163983963,-9.812938440840412,33.27759170240203,253,253,0,5,raw,2020
ols_core_raw_fit504_val126,ols,core,504,rank_ic,0.049205287743752046,0.010165694249911794,4.840327333686924,1.296254394730158e-06,0.02928089313607901,0.06912968235142508,252,252,0,5,raw,2021
ols_core_raw_fit504_val126,ols,core,504,ew_spread_bp,25.729069381698345,15.664643875182325,1.6424930937920144,0.1004878562399391,-4.973068444304957,56.43120720770165,252,252,0,5,raw,2021
ols_core_raw_fit504_val126,ols,core,504,cap_spread_bp,-2.057000278215835,5.827615312903642,-0.35297461616266557,0.7241074706226502,-13.47891640726109,9.364915850829421,252,252,0,5,raw,2021
ridge_core_raw_fit504_val126,ridge,core,504,rank_ic,0.04955213905977048,0.010215332803695857,4.850761107052994,1.2298860799004944e-06,0.02953045467443603,0.06957382344510493,252,252,0,5,raw,2021
ridge_core_raw_fit504_val126,ridge,core,504,ew_spread_bp,25.970438589870724,15.72325190628313,1.6517218413000647,0.0985912680874754,-4.846568866294959,56.78744604603641,252,252,0,5,raw,2021
ridge_core_raw_fit504_val126,ridge,core,504,cap_spread_bp,-2.0487396714430055,5.788432087706738,-0.3539368935145744,0.7233861773267565,-13.393858090304208,9.296378747418197,252,252,0,5,raw,2021
lasso_core_raw_fit504_val126,lasso,core,504,rank_ic,0.049671498982899256,0.010208282119378319,4.865803903343164,1.1399250044708552e-06,0.02966363368489354,0.06967936428090497,252,252,0,5,raw,2021
lasso_core_raw_fit504_val126,lasso,core,504,ew_spread_bp,25.107285324445883,15.476085367153418,1.6223279161882764,0.10473315442074126,-5.225284616842156,55.439855265733925,252,252,0,5,raw,2021
lasso_core_raw_fit504_val126,lasso,core,504,cap_spread_bp,-1.7051363082821056,5.826030957259983,-0.2926754630710101,0.7697702266642947,-13.123947157327086,9.713674540762876,252,252,0,5,raw,2021
enet_core_raw_fit504_val126,enet,core,504,rank_ic,0.049671475022270414,0.01020829083418869,4.865797402236541,1.1399624798297645e-06,0.029663592643550236,0.0696793574009906,252,252,0,5,raw,2021
enet_core_raw_fit504_val126,enet,core,504,ew_spread_bp,25.107181088473386,15.476065132947326,1.6223233020014998,0.1047341418742094,-5.225349194499458,55.43971137144623,252,252,0,5,raw,2021
enet_core_raw_fit504_val126,enet,core,504,cap_spread_bp,-1.704936499251636,5.826084923507407,-0.29263845646541553,0.7697985158902975,-13.12385312019795,9.713980121694679,252,252,0,5,raw,2021
ols_all_raw_fit504_val126,ols,all,504,rank_ic,0.04511795188517654,0.0081788903772525,5.516390341978496,3.4603323238514184e-08,0.029087621312260423,0.06114828245809266,252,252,0,5,raw,2021
ols_all_raw_fit504_val126,ols,all,504,ew_spread_bp,33.80897365649741,14.346840550098053,2.3565448809749503,0.0184458384894434,5.6896828863664055,61.92826442662841,252,252,0,5,raw,2021
ols_all_raw_fit504_val126,ols,all,504,cap_spread_bp,1.4795019476437636,5.992608058654658,0.24688782132297707,0.8049950418095849,-10.265794020783858,13.224797916071385,252,252,0,5,raw,2021
ridge_all_raw_fit504_val126,ridge,all,504,rank_ic,0.045164930135867344,0.008793853028202141,5.135965997046131,2.8069841192352894e-07,0.027929294915252655,0.06240056535648203,252,252,0,5,raw,2021
ridge_all_raw_fit504_val126,ridge,all,504,ew_spread_bp,24.197736723131285,14.684480298200494,1.6478442703959084,0.09938463185625639,-4.583315793029676,52.97878923929225,252,252,0,5,raw,2021
ridge_all_raw_fit504_val126,ridge,all,504,cap_spread_bp,0.5403611911978854,6.028276030000148,0.08963776517676682,0.9285750729181996,-11.274842716468504,12.355565098864274,252,252,0,5,raw,2021
lasso_all_raw_fit504_val126,lasso,all,504,rank_ic,0.045889949058814536,0.008874150599672342,5.171193405316889,2.326036664425646e-07,0.02849693349007222,0.06328296462755685,252,252,0,5,raw,2021
lasso_all_raw_fit504_val126,lasso,all,504,ew_spread_bp,25.196848327925828,14.045946114224126,1.7938875831517924,0.07283111372083492,-2.3327001847437785,52.726396840595434,252,252,0,5,raw,2021
lasso_all_raw_fit504_val126,lasso,all,504,cap_spread_bp,-0.4947108612437409,6.091504456214663,-0.08121324786014528,0.9352723640501046,-12.433840207089727,11.444418484602245,252,252,0,5,raw,2021
enet_all_raw_fit504_val126,enet,all,504,rank_ic,0.045902172352731696,0.008885814189142173,5.1657812526420885,2.3943668733167357e-07,0.02848629656869805,0.06331804813676534,252,252,0,5,raw,2021
enet_all_raw_fit504_val126,enet,all,504,ew_spread_bp,25.202106768408598,14.058201871274624,1.792697743223087,0.07302126758455804,-2.351462586683258,52.75567612350045,252,252,0,5,raw,2021
enet_all_raw_fit504_val126,enet,all,504,cap_spread_bp,-0.5487700617258277,6.043264970613752,-0.09080688409234103,0.927646039939408,-12.393351753161289,11.295811629709634,252,252,0,5,raw,2021
ols_textcore_raw_fit504_val126,ols,textcore,504,rank_ic,0.047851973534052725,0.009491532635521018,5.0415433809890695,4.61792138343958e-07,0.02924891141034499,0.06645503565776045,252,252,0,5,raw,2021
ols_textcore_raw_fit504_val126,ols,textcore,504,ew_spread_bp,25.13722468678638,16.168569593729725,1.5546968790940392,0.12001827824637445,-6.552589398453296,56.82703877202606,252,252,0,5,raw,2021
ols_textcore_raw_fit504_val126,ols,textcore,504,cap_spread_bp,7.259323784840941,11.549109575513402,0.6285613395020747,0.529636277179905,-15.376515036672,29.895162606353882,252,252,0,5,raw,2021
ridge_textcore_raw_fit504_val126,ridge,textcore,504,rank_ic,0.04874115132696602,0.010166403085811253,4.794335903815543,1.6321459976999587e-06,0.028815367426459095,0.06866693522747294,252,252,0,5,raw,2021
ridge_textcore_raw_fit504_val126,ridge,textcore,504,ew_spread_bp,22.43229047135138,15.957759347237948,1.4057293372602513,0.15980451193142653,-8.844343123192402,53.70892406589516,252,252,0,5,raw,2021
ridge_textcore_raw_fit504_val126,ridge,textcore,504,cap_spread_bp,8.730660133226527,9.991522066525242,0.8738068209324182,0.382223465230888,-10.852363267900161,28.313683534353217,252,252,0,5,raw,2021
lasso_textcore_raw_fit504_val126,lasso,textcore,504,rank_ic,0.04984667866683616,0.010227119198681885,4.873970636155352,1.093772545146083e-06,0.029801893371821528,0.0698914639618508,252,252,0,5,raw,2021
lasso_textcore_raw_fit504_val126,lasso,textcore,504,ew_spread_bp,24.52758516453695,16.41446958112348,1.4942660829408398,0.13510608638190086,-7.644184039793338,56.69935436886724,252,252,0,5,raw,2021
lasso_textcore_raw_fit504_val126,lasso,textcore,504,cap_spread_bp,2.7683074954632714,9.783817629514555,0.2829475773456978,0.7772170226702785,-16.4076226896933,21.944237680619846,252,252,0,5,raw,2021
enet_textcore_raw_fit504_val126,enet,textcore,504,rank_ic,0.04984727221247538,0.010246163795509659,4.864969290684261,1.1447457999462894e-06,0.02976516019357823,0.06992938423137254,252,252,0,5,raw,2021
enet_textcore_raw_fit504_val126,enet,textcore,504,ew_spread_bp,24.556431707069034,16.404535770336178,1.496929388972633,0.13441163217853386,-7.595867585888907,56.70873100002697,252,252,0,5,raw,2021
enet_textcore_raw_fit504_val126,enet,textcore,504,cap_spread_bp,2.674077507253777,9.854276097304538,0.2713621458186282,0.7861125133370513,-16.63994873717704,21.988103751684594,252,252,0,5,raw,2021
ols_textall_raw_fit504_val126,ols,textall,504,rank_ic,0.04726534746234355,0.008548263514457626,5.529233789108625,3.2163247361008305e-08,0.030511058843648818,0.06401963608103828,252,252,0,5,raw,2021
ols_textall_raw_fit504_val126,ols,textall,504,ew_spread_bp,28.60601454082713,14.905632832088694,1.9191412309073113,0.05496646267721093,-0.6084889768444768,57.820518058498735,252,252,0,5,raw,2021
ols_textall_raw_fit504_val126,ols,textall,504,cap_spread_bp,7.507386851832157,7.6105728372403485,0.986441758378124,0.3239163820834182,-7.409061810877741,22.423835514542056,252,252,0,5,raw,2021
ridge_textall_raw_fit504_val126,ridge,textall,504,rank_ic,0.04850934024428513,0.009957440074376777,4.871667806378565,1.1066011746560208e-06,0.02899311632029081,0.06802556416827946,252,252,0,5,raw,2021
ridge_textall_raw_fit504_val126,ridge,textall,504,ew_spread_bp,26.707810003903106,16.73463701948642,1.5959599226922914,0.11049774145482168,-6.091475848640997,59.50709585644721,252,252,0,5,raw,2021
ridge_textall_raw_fit504_val126,ridge,textall,504,cap_spread_bp,6.981122811287924,7.888074505559143,0.885022422945924,0.3761445378260969,-8.479219126976592,22.441464749552438,252,252,0,5,raw,2021
lasso_textall_raw_fit504_val126,lasso,textall,504,rank_ic,0.047064915914166575,0.008978826425324828,5.241766984315426,1.5904613916994865e-07,0.029466739497093396,0.06466309233123975,252,252,0,5,raw,2021
lasso_textall_raw_fit504_val126,lasso,textall,504,ew_spread_bp,27.249596550660744,15.417172199874399,1.767483439724617,0.07714729999470654,-2.967505704545232,57.46669880586672,252,252,0,5,raw,2021
lasso_textall_raw_fit504_val126,lasso,textall,504,cap_spread_bp,4.865681482508909,7.216582236647557,0.6742362690471115,0.500161114512311,-9.278559792791814,19.00992275780963,252,252,0,5,raw,2021
enet_textall_raw_fit504_val126,enet,textall,504,rank_ic,0.04707373994935957,0.008984358124701237,5.239521766161225,1.6099325792795723e-07,0.02946472160073533,0.06468275829798381,252,252,0,5,raw,2021
enet_textall_raw_fit504_val126,enet,textall,504,ew_spread_bp,27.31688598936916,15.418254595764036,1.7717236292669674,0.07644044527238343,-2.9023377227975224,57.536109701535835,252,252,0,5,raw,2021
enet_textall_raw_fit504_val126,enet,textall,504,cap_spread_bp,5.29734643863961,7.254379442406194,0.7302273724025857,0.4652512136596094,-8.92097599866429,19.515668875943508,252,252,0,5,raw,2021
ols_core_raw_fit252_val126,ols,core,252,rank_ic,0.04951496691735037,0.009996894403664984,4.95303490443968,7.306486238052374e-07,0.02992141392891698,0.06910851990578376,252,252,0,5,raw,2021
ols_core_raw_fit252_val126,ols,core,252,ew_spread_bp,25.662931485712516,14.518556633217253,1.7675952323661333,0.07712859563312158,-2.792916622898403,54.118779594323435,252,252,0,5,raw,2021
ols_core_raw_fit252_val126,ols,core,252,cap_spread_bp,-1.598059303263573,5.687889682081014,-0.2809582099136098,0.7787424529079499,-12.74611822817934,9.549999621652193,252,252,0,5,raw,2021
ridge_core_raw_fit252_val126,ridge,core,252,rank_ic,0.04972617961750163,0.01001957713813777,4.9629020199093645,6.944762096822134e-07,0.030088169286430693,0.06936418994857256,252,252,0,5,raw,2021
ridge_core_raw_fit252_val126,ridge,core,252,ew_spread_bp,26.013351667033266,14.535573150384181,1.7896337074500377,0.07351281597504582,-2.475848202367139,54.50255153643367,252,252,0,5,raw,2021
ridge_core_raw_fit252_val126,ridge,core,252,cap_spread_bp,-1.4930226623125997,5.654332693432404,-0.2640493128476096,0.7917419205513584,-12.57531109804747,9.589265773422271,252,252,0,5,raw,2021
lasso_core_raw_fit252_val126,lasso,core,252,rank_ic,0.049832363104075475,0.010144118591175635,4.912438932587463,8.995040369967788e-07,0.029950256010468038,0.06971447019768291,252,252,0,5,raw,2021
lasso_core_raw_fit252_val126,lasso,core,252,ew_spread_bp,25.77244801195964,14.913310673604725,1.7281506820329742,0.08396121299566633,-3.457103798562393,55.00199982248167,252,252,0,5,raw,2021
lasso_core_raw_fit252_val126,lasso,core,252,cap_spread_bp,-2.1477545313915813,5.658732623447564,-0.3795469187733187,0.7042817698044674,-13.238666671490662,8.943157608707502,252,252,0,5,raw,2021
enet_core_raw_fit252_val126,enet,core,252,rank_ic,0.049820277029002026,0.010142911445816161,4.911832001604662,9.022934800132732e-07,0.029940535896823262,0.0697000181611808,252,252,0,5,raw,2021
enet_core_raw_fit252_val126,enet,core,252,ew_spread_bp,25.749186382635777,14.913992495631055,1.7265119578261028,0.0842553499295306,-3.4817017745017296,54.980074539773284,252,252,0,5,raw,2021
enet_core_raw_fit252_val126,enet,core,252,cap_spread_bp,-2.148039584393259,5.658262620879088,-0.37962882395506975,0.7042209614353673,-13.238030536385487,8.941951367598968,252,252,0,5,raw,2021
ols_all_raw_fit252_val126,ols,all,252,rank_ic,0.03918378579470739,0.0062382209630402,6.281243647325239,3.3587527368070713e-10,0.026957097379545825,0.05141047420986895,252,252,0,5,raw,2021
ols_all_raw_fit252_val126,ols,all,252,ew_spread_bp,34.62984781234871,12.352256554649834,2.8035240086810522,0.005054746869779435,10.419869837436217,58.8398257872612,252,252,0,5,raw,2021
ols_all_raw_fit252_val126,ols,all,252,cap_spread_bp,-0.03489406854117219,5.475280463422508,-0.006373019386729366,0.9949151006465046,-10.766246582105065,10.69645844502272,252,252,0,5,raw,2021
ridge_all_raw_fit252_val126,ridge,all,252,rank_ic,0.04408939760815496,0.008021011616178882,5.496737782952949,3.868813111883486e-08,0.02836850372086694,0.05981029149544298,252,252,0,5,raw,2021
ridge_all_raw_fit252_val126,ridge,all,252,ew_spread_bp,27.23033235756417,12.864219302295576,2.116749700675968,0.03428109629939152,2.01692583583986,52.443738879288475,252,252,0,5,raw,2021
ridge_all_raw_fit252_val126,ridge,all,252,cap_spread_bp,-0.5869169509094926,5.851922549981558,-0.10029472295585017,0.9201103468410402,-12.05647438919114,10.882640487372155,252,252,0,5,raw,2021
lasso_all_raw_fit252_val126,lasso,all,252,rank_ic,0.04093302006681191,0.00714900731160368,5.725692852540912,1.030124488437657e-08,0.02692122321085518,0.05494481692276864,252,252,0,5,raw,2021
lasso_all_raw_fit252_val126,lasso,all,252,ew_spread_bp,30.884597084762706,12.484881146029752,2.4737597998347103,0.013369955432971703,6.4146796872812395,55.35451448224417,252,252,0,5,raw,2021
lasso_all_raw_fit252_val126,lasso,all,252,cap_spread_bp,0.5082389589965588,5.667073243816643,0.08968279341564882,0.9285392897010746,-10.599020496634637,11.615498414627755,252,252,0,5,raw,2021
enet_all_raw_fit252_val126,enet,all,252,rank_ic,0.041046837898153644,0.007180050890491952,5.716789271300173,1.0855559949600134e-08,0.026974196745624672,0.05511947905068262,252,252,0,5,raw,2021
enet_all_raw_fit252_val126,enet,all,252,ew_spread_bp,30.52840975057538,12.461068003088116,2.4499031497950092,0.014289464430131932,6.105165255618225,54.95165424553254,252,252,0,5,raw,2021
enet_all_raw_fit252_val126,enet,all,252,cap_spread_bp,0.7018636657151439,5.581604911064445,0.12574585211573036,0.8999331051664086,-10.237880935903059,11.641608267333348,252,252,0,5,raw,2021
ols_textcore_raw_fit252_val126,ols,textcore,252,rank_ic,0.04441647853101358,0.008358354727979378,5.314021715581244,1.0723183138364073e-07,0.02803440429416392,0.060798552767863244,252,252,0,5,raw,2021
ols_textcore_raw_fit252_val126,ols,textcore,252,ew_spread_bp,23.955034732040893,14.090000521030804,1.700144346785899,0.08910377748416592,-3.660858831330078,51.57092829541186,252,252,0,5,raw,2021
ols_textcore_raw_fit252_val126,ols,textcore,252,cap_spread_bp,8.175933282237091,7.299617465966174,1.1200495533302481,0.26269264609984955,-6.131054051976143,22.482920616450325,252,252,0,5,raw,2021
ridge_textcore_raw_fit252_val126,ridge,textcore,252,rank_ic,0.04775598659519727,0.009263924149001141,5.155049396679963,2.535640784516679e-07,0.02959902890764416,0.06591294428275038,252,252,0,5,raw,2021
ridge_textcore_raw_fit252_val126,ridge,textcore,252,ew_spread_bp,19.18867815211843,14.938179295660092,1.2845392850314237,0.1989533270766286,-10.089615261977261,48.46697156621413,252,252,0,5,raw,2021
ridge_textcore_raw_fit252_val126,ridge,textcore,252,cap_spread_bp,9.157124956453222,7.630280901457482,1.2001032563170897,0.23009924105411284,-5.797950802327259,24.112200715233705,252,252,0,5,raw,2021
lasso_textcore_raw_fit252_val126,lasso,textcore,252,rank_ic,0.050539792428765586,0.010014832404716711,5.046494078619102,4.4999083244462657e-07,0.03091108160431617,0.070168503253215,252,252,0,5,raw,2021
lasso_textcore_raw_fit252_val126,lasso,textcore,252,ew_spread_bp,27.60251977324452,16.074663509411526,1.7171444837450918,0.08595277613071915,-3.903241768802303,59.10828131529134,252,252,0,5,raw,2021
lasso_textcore_raw_fit252_val126,lasso,textcore,252,cap_spread_bp,-3.809768906103684,9.218318333235361,-0.4132824196760589,0.679399708687566,-21.877340837270292,14.257803025062923,252,252,0,5,raw,2021
enet_textcore_raw_fit252_val126,enet,textcore,252,rank_ic,0.05063429923989203,0.010046477359096967,5.040005310323351,4.655189289127657e-07,0.030943565444564898,0.07032503303521917,252,252,0,5,raw,2021
enet_textcore_raw_fit252_val126,enet,textcore,252,ew_spread_bp,27.576588753210622,16.109726501517645,1.7117974504789215,0.08693400208695141,-3.997894990554407,59.15107249697565,252,252,0,5,raw,2021
enet_textcore_raw_fit252_val126,enet,textcore,252,cap_spread_bp,-5.02577929460573,9.113056699175308,-0.5514921568589101,0.5812963417569349,-22.8870422140608,12.835483624849338,252,252,0,5,raw,2021
ols_textall_raw_fit252_val126,ols,textall,252,rank_ic,0.04041900318091442,0.006533762390113473,6.186175861257858,6.164123905358089e-10,0.027613064212749668,0.05322494214907916,252,252,0,5,raw,2021
ols_textall_raw_fit252_val126,ols,textall,252,ew_spread_bp,31.15010823916046,13.064155059675855,2.3843951711281473,0.017107221168374823,5.544834833749064,56.755381644571855,252,252,0,5,raw,2021
ols_textall_raw_fit252_val126,ols,textall,252,cap_spread_bp,-0.8595679711375772,6.977493124915401,-0.12319151817838575,0.9019554419223622,-14.535203198347599,12.816067256072444,252,252,0,5,raw,2021
ridge_textall_raw_fit252_val126,ridge,textall,252,rank_ic,0.04815811770538269,0.009178419893084407,5.246885440670241,1.5469202003408917e-07,0.030168745279951278,0.0661474901308141,252,252,0,5,raw,2021
ridge_textall_raw_fit252_val126,ridge,textall,252,ew_spread_bp,25.222551133663593,15.843199587635095,1.5920111966113626,0.11138218878203837,-5.829549457981027,56.27465172530822,252,252,0,5,raw,2021
ridge_textall_raw_fit252_val126,ridge,textall,252,cap_spread_bp,1.468837113792195,7.540912830675583,0.1947824019152073,0.8455632996526918,-13.311080444887939,16.24875467247233,252,252,0,5,raw,2021
lasso_textall_raw_fit252_val126,lasso,textall,252,rank_ic,0.039151560402052886,0.007034716559987427,5.565478021494424,2.6143473481997282e-08,0.025363769303030026,0.052939351501075746,252,252,0,5,raw,2021
lasso_textall_raw_fit252_val126,lasso,textall,252,ew_spread_bp,28.80223307709304,13.620934056302183,2.114556384902746,0.03446777429329578,2.1056928909456936,55.49877326324038,252,252,0,5,raw,2021
lasso_textall_raw_fit252_val126,lasso,textall,252,cap_spread_bp,-0.3030376819925606,7.1734362796920035,-0.042244423756918316,0.9663038491121334,-14.36271443558188,13.75663907159676,252,252,0,5,raw,2021
enet_textall_raw_fit252_val126,enet,textall,252,rank_ic,0.03935926667081771,0.007100031360342721,5.543534200519056,2.9642674287473243e-08,0.02544346091544105,0.05327507242619437,252,252,0,5,raw,2021
enet_textall_raw_fit252_val126,enet,textall,252,ew_spread_bp,29.088750942249778,13.556707603526707,2.14570910526111,0.031896194290883445,2.5180922903971243,55.65940959410243,252,252,0,5,raw,2021
enet_textall_raw_fit252_val126,enet,textall,252,cap_spread_bp,2.1013646738029306,7.111472910579727,0.29548937333034536,0.7676200689842185,-11.836866107965568,16.03959545557143,252,252,0,5,raw,2021
ols_core_raw_fit756_val126,ols,core,756,rank_ic,0.04942742264759513,0.010145656655134741,4.871781524617216,1.1059642875530054e-06,0.029542301004021925,0.06931254429116833,252,252,0,5,raw,2021
ols_core_raw_fit756_val126,ols,core,756,ew_spread_bp,25.338585559426075,15.694924584893513,1.6144445564150502,0.10643103374390783,-5.422901367037468,56.10007248588962,252,252,0,5,raw,2021
ols_core_raw_fit756_val126,ols,core,756,cap_spread_bp,-2.035828870661161,5.79759337922568,-0.3511506822737996,0.7254753068802384,-13.398903090951363,9.32724534962904,252,252,0,5,raw,2021
ridge_core_raw_fit756_val126,ridge,core,756,rank_ic,0.0493276095145732,0.010162977824218624,4.853657104025584,1.2120523801730508e-06,0.029408539003425455,0.06924668002572094,252,252,0,5,raw,2021
ridge_core_raw_fit756_val126,ridge,core,756,ew_spread_bp,24.35013841035204,15.68543539341779,1.552404367466286,0.12056549909358102,-6.392750042576683,55.09302686328077,252,252,0,5,raw,2021
ridge_core_raw_fit756_val126,ridge,core,756,cap_spread_bp,-2.191178861338307,5.803581796082232,-0.37755629856332606,0.7057602343783724,-13.56599016299176,9.183632440315147,252,252,0,5,raw,2021
lasso_core_raw_fit756_val126,lasso,core,756,rank_ic,0.04974874003520638,0.01020133193793117,4.876690645682041,1.078804207031877e-06,0.02975449684252309,0.06974298322788966,252,252,0,5,raw,2021
lasso_core_raw_fit756_val126,lasso,core,756,ew_spread_bp,24.5694693408191,15.48921159487462,1.5862311125602506,0.11268689249220686,-5.788827534055365,54.927766215693566,252,252,0,5,raw,2021
lasso_core_raw_fit756_val126,lasso,core,756,cap_spread_bp,-2.3028403155101023,5.7454906221761,-0.40080829766247245,0.688561269289659,-13.563795008487887,8.95811437746768,252,252,0,5,raw,2021
enet_core_raw_fit756_val126,enet,core,756,rank_ic,0.049748755272253614,0.01020132311965375,4.876696354849131,1.0787729975298068e-06,0.029754529363076473,0.06974298118143075,252,252,0,5,raw,2021
enet_core_raw_fit756_val126,enet,core,756,ew_spread_bp,24.5694693408191,15.48921159487462,1.5862311125602506,0.11268689249220686,-5.788827534055365,54.927766215693566,252,252,0,5,raw,2021
enet_core_raw_fit756_val126,enet,core,756,cap_spread_bp,-2.3028403155101023,5.7454906221761,-0.40080829766247245,0.688561269289659,-13.563795008487887,8.95811437746768,252,252,0,5,raw,2021
ols_all_raw_fit756_val126,ols,all,756,rank_ic,0.04769060845189809,0.0087833201857718,5.429678919043923,5.645552917215411e-08,0.030475617223101707,0.06490559968069448,252,252,0,5,raw,2021
ols_all_raw_fit756_val126,ols,all,756,ew_spread_bp,33.40711809011883,14.732749654757695,2.2675412854334738,0.02335717982299374,4.531459373548831,62.28277680668883,252,252,0,5,raw,2021
ols_all_raw_fit756_val126,ols,all,756,cap_spread_bp,2.346216720421981,6.198109438403056,0.37853747884556294,0.7050313572974123,-9.801854551085789,14.494287991929749,252,252,0,5,raw,2021
ridge_all_raw_fit756_val126,ridge,all,756,rank_ic,0.04714775516930978,0.009165367577711957,5.144120491573318,2.687769939912335e-07,0.02918396481192323,0.06511154552669633,252,252,0,5,raw,2021
ridge_all_raw_fit756_val126,ridge,all,756,ew_spread_bp,26.94705227391154,15.593903993338653,1.7280504154330234,0.08397918608375539,-3.616437931407546,57.51054247923063,252,252,0,5,raw,2021
ridge_all_raw_fit756_val126,ridge,all,756,cap_spread_bp,0.44996501671903616,5.901982978874395,0.07623963307411162,0.9392284517949181,-11.117709059243202,12.017639092681273,252,252,0,5,raw,2021
lasso_all_raw_fit756_val126,lasso,all,756,rank_ic,0.04841155129104951,0.009323897041694345,5.192201401899235,2.0782201127692597e-07,0.030137048893769038,0.06668605368832997,252,252,0,5,raw,2021
lasso_all_raw_fit756_val126,lasso,all,756,ew_spread_bp,28.821751398623487,14.932206227401743,1.9301736769301623,0.05358532194657989,-0.44483501680863924,58.08833781405561,252,252,0,5,raw,2021
lasso_all_raw_fit756_val126,lasso,all,756,cap_spread_bp,-0.6903538722665664,5.496365942859119,-0.1256018757563758,0.900047078077872,-11.463033166122976,10.082325421589843,252,252,0,5,raw,2021
enet_all_raw_fit756_val126,enet,all,756,rank_ic,0.04844866777168943,0.009338708530043972,5.187940882384655,2.1263207675305684e-07,0.030145135390686254,0.0667522001526926,252,252,0,5,raw,2021
enet_all_raw_fit756_val126,enet,all,756,ew_spread_bp,28.37638978029087,15.048557270243892,1.885655167515668,0.05934143802644652,-1.1182404886755464,57.87102004925729,252,252,0,5,raw,2021
enet_all_raw_fit756_val126,enet,all,756,cap_spread_bp,-0.765849801076331,5.521695671847824,-0.13869829968735692,0.8896885617664082,-11.588174451488763,10.0564748493361,252,252,0,5,raw,2021
ols_textcore_raw_fit756_val126,ols,textcore,756,rank_ic,0.050753458398021305,0.009889920082804569,5.131837059660922,2.869278419992261e-07,0.03136957122574496,0.07013734557029765,252,252,0,5,raw,2021
ols_textcore_raw_fit756_val126,ols,textcore,756,ew_spread_bp,26.389906642462165,16.704910830025412,1.5797693810510463,0.1141596900517006,-6.351116949340742,59.13093023426507,252,252,0,5,raw,2021
ols_textcore_raw_fit756_val126,ols,textcore,756,cap_spread_bp,5.7497378151192065,12.346808583769976,0.4656861549370178,0.6414401639337822,-18.449562333079935,29.94903796331835,252,252,0,5,raw,2021
ridge_textcore_raw_fit756_val126,ridge,textcore,756,rank_ic,0.051506303071534816,0.0104997750647189,4.905467284209268,9.32051758435656e-07,0.03092712209891406,0.07208548404415557,252,252,0,5,raw,2021
ridge_textcore_raw_fit756_val126,ridge,textcore,756,ew_spread_bp,23.477435579200804,16.858854269736113,1.3925878475232998,0.1637444599727952,-9.565311610091289,56.5201827684929,252,252,0,5,raw,2021
ridge_textcore_raw_fit756_val126,ridge,textcore,756,cap_spread_bp,8.137550052508645,11.6640259038232,0.6976622068235757,0.48538846858398055,-14.723520633727079,30.99862073874437,252,252,0,5,raw,2021
lasso_textcore_raw_fit756_val126,lasso,textcore,756,rank_ic,0.05101323262001554,0.010421243915695752,4.895119338218632,9.824609058766101e-07,0.030587969871144698,0.07143849536888638,252,252,0,5,raw,2021
lasso_textcore_raw_fit756_val126,lasso,textcore,756,ew_spread_bp,24.71380923604634,17.367174372094922,1.4230184315852659,0.15473081219863297,-9.325227046486734,58.75284551857942,252,252,0,5,raw,2021
lasso_textcore_raw_fit756_val126,lasso,textcore,756,cap_spread_bp,4.724072074307112,9.838624708359704,0.4801557346011127,0.6311166597387268,-14.559278011483801,24.007422160098027,252,252,0,5,raw,2021
enet_textcore_raw_fit756_val126,enet,textcore,756,rank_ic,0.05105055022635713,0.010442406423782077,4.888772583117619,1.0146662925260055e-06,0.030583809723814553,0.0715172907288997,252,252,0,5,raw,2021
enet_textcore_raw_fit756_val126,enet,textcore,756,ew_spread_bp,24.76151431687621,17.4066184923556,1.4225344415832764,0.1548711604035332,-9.354831020769666,58.877859654522084,252,252,0,5,raw,2021
enet_textcore_raw_fit756_val126,enet,textcore,756,cap_spread_bp,4.85793560511264,9.827559001335315,0.4943176229674704,0.6210818811048102,-14.403726093446998,24.11959730367228,252,252,0,5,raw,2021
ols_textall_raw_fit756_val126,ols,textall,756,rank_ic,0.050947949121185665,0.0092095744118936,5.5320633552175345,3.164855419856471e-08,0.03289751496093256,0.06899838328143877,252,252,0,5,raw,2021
ols_textall_raw_fit756_val126,ols,textall,756,ew_spread_bp,31.342183038529996,16.0010987843709,1.9587519245330531,0.05014184624655883,-0.019394291904607286,62.703760368964595,252,252,0,5,raw,2021
ols_textall_raw_fit756_val126,ols,textall,756,cap_spread_bp,14.157037460052512,7.659325417835425,1.8483399891962526,0.06455317417881727,-0.8549645047771222,29.169039424882147,252,252,0,5,raw,2021
ridge_textall_raw_fit756_val126,ridge,textall,756,rank_ic,0.05135472670869881,0.009977421091228362,5.14709424801638,2.645524262741642e-07,0.031799340711300896,0.07091011270609673,252,252,0,5,raw,2021
ridge_textall_raw_fit756_val126,ridge,textall,756,ew_spread_bp,27.766620159290202,16.886541136102974,1.6443047712077585,0.1001132642906102,-5.330392290925712,60.86363260950611,252,252,0,5,raw,2021
ridge_textall_raw_fit756_val126,ridge,textall,756,cap_spread_bp,11.930539935858109,8.185168798341582,1.457580195325402,0.1449562918029865,-4.112096116272385,27.973175987988604,252,252,0,5,raw,2021
lasso_textall_raw_fit756_val126,lasso,textall,756,rank_ic,0.050695852630882596,0.009516427663510494,5.32719360913857,9.974183024271393e-08,0.03204399714892137,0.06934770811284383,252,252,0,5,raw,2021
lasso_textall_raw_fit756_val126,lasso,textall,756,ew_spread_bp,30.405589190473503,16.526419041536048,1.8398171505911092,0.0657950866191316,-1.985596924354109,62.79677530530111,252,252,0,5,raw,2021
lasso_textall_raw_fit756_val126,lasso,textall,756,cap_spread_bp,12.787145212717874,7.2501161094040745,1.7637159212018354,0.07777981922940531,-1.4228212454477696,26.99711167088352,252,252,0,5,raw,2021
enet_textall_raw_fit756_val126,enet,textall,756,rank_ic,0.05069668958181943,0.009522585944830774,5.323836390191841,1.0160129742516568e-07,0.03203276409026379,0.06936061507337507,252,252,0,5,raw,2021
enet_textall_raw_fit756_val126,enet,textall,756,ew_spread_bp,30.495408300516267,16.50639953769411,1.8474900132446674,0.06467615419240468,-1.8565403077927911,62.847356908825326,252,252,0,5,raw,2021
enet_textall_raw_fit756_val126,enet,textall,756,cap_spread_bp,12.684028454381574,7.27447532408405,1.743634817536295,0.08122278803176214,-1.5736811872485017,26.941738096011647,252,252,0,5,raw,2021
nn3_core_raw_fit504_val126,nn3,core,504,rank_ic,0.047832500788683306,0.009655943812191429,4.953684665013358,7.282118335388358e-07,0.028907198680045713,0.0667578028973209,252,252,0,5,raw,2021
nn3_core_raw_fit504_val126,nn3,core,504,ew_spread_bp,26.10814766146305,16.224118963423717,1.6092182090332467,0.10756863615510483,-5.690541187740749,57.90683651066685,252,252,0,5,raw,2021
nn3_core_raw_fit504_val126,nn3,core,504,cap_spread_bp,-0.6814268837985764,7.519844249207068,-0.09061715392182886,0.9277968011530094,-15.420050781595073,14.057197013997921,252,252,0,5,raw,2021
nn3_textcore_raw_fit504_val126,nn3,textcore,504,rank_ic,0.052979005362456595,0.010637110799125125,4.9805822617560755,6.339324816748098e-07,0.032130651296609275,0.07382735942830392,252,252,0,5,raw,2021
nn3_textcore_raw_fit504_val126,nn3,textcore,504,ew_spread_bp,24.731497857034746,17.219686780172868,1.4362338974429631,0.1509357964612168,-9.018468057164561,58.481463771234054,252,252,0,5,raw,2021
nn3_textcore_raw_fit504_val126,nn3,textcore,504,cap_spread_bp,13.458367108154345,11.78751213646295,1.1417478898301914,0.2535588283804142,-9.644732146641825,36.56146636295051,252,252,0,5,raw,2021
nn3_all_raw_fit504_val126,nn3,all,504,rank_ic,0.04862070457435171,0.00966137692921902,5.03248190506961,4.84170319165945e-07,0.02968475375201625,0.06755665539668718,252,252,0,5,raw,2021
nn3_all_raw_fit504_val126,nn3,all,504,ew_spread_bp,34.77023417868314,15.116517841556304,2.3001483901998565,0.02143981456826406,5.1424036375756295,64.39806471979065,252,252,0,5,raw,2021
nn3_all_raw_fit504_val126,nn3,all,504,cap_spread_bp,5.486797808234089,6.393425843199782,0.8581937044080981,0.3907855117761073,-7.044086582265111,18.01768219873329,252,252,0,5,raw,2021
nn3_textall_raw_fit504_val126,nn3,textall,504,rank_ic,0.054039107716140816,0.010275604084306923,5.2589713726583005,1.4486343716753172e-07,0.033899293791506566,0.07417892164077507,252,252,0,5,raw,2021
nn3_textall_raw_fit504_val126,nn3,textall,504,ew_spread_bp,31.033741509023532,16.252685084890494,1.9094531978518692,0.056203653783659685,-0.8209359094331496,62.88841892748022,252,252,0,5,raw,2021
nn3_textall_raw_fit504_val126,nn3,textall,504,cap_spread_bp,16.88183212017937,8.08458087787217,2.0881518009654205,0.03678414355078052,1.0363447694487036,32.72731947091004,252,252,0,5,raw,2021
nn3_core_raw_fit252_val126,nn3,core,252,rank_ic,0.04814493005683298,0.009608629970750196,5.010592582229915,5.426268508509742e-07,0.029312361373390442,0.06697749874027552,252,252,0,5,raw,2021
nn3_core_raw_fit252_val126,nn3,core,252,ew_spread_bp,27.27445575764188,15.217438177506379,1.7923158576032565,0.07308238454944012,-2.551175007235461,57.10008652251922,252,252,0,5,raw,2021
nn3_core_raw_fit252_val126,nn3,core,252,cap_spread_bp,-3.887954990189817,7.148096616390333,-0.5439147228752998,0.5865001570219064,-17.89796691632749,10.122056935947858,252,252,0,5,raw,2021
nn3_textcore_raw_fit252_val126,nn3,textcore,252,rank_ic,0.04975559899433727,0.008930053179293216,5.571702429466972,2.5226202708091627e-08,0.03225301638289516,0.06725818160577937,252,252,0,5,raw,2021
nn3_textcore_raw_fit252_val126,nn3,textcore,252,ew_spread_bp,23.406701092746996,15.468405615840066,1.5131941632548025,0.13023034640588046,-6.9108168125566465,53.72421899805064,252,252,0,5,raw,2021
nn3_textcore_raw_fit252_val126,nn3,textcore,252,cap_spread_bp,20.743780707794212,8.191601845662289,2.532322871475827,0.011330960193592782,4.68853611460429,36.799025300984134,252,252,0,5,raw,2021
nn3_all_raw_fit252_val126,nn3,all,252,rank_ic,0.04429977063461232,0.00740828746600937,5.979758593044355,2.234685464858997e-09,0.029779794014114458,0.05881974725511019,252,252,0,5,raw,2021
nn3_all_raw_fit252_val126,nn3,all,252,ew_spread_bp,36.996101321558,12.261308588039777,3.0173044790378767,0.0025503350453436545,12.964378085668375,61.02782455744763,252,252,0,5,raw,2021
nn3_all_raw_fit252_val126,nn3,all,252,cap_spread_bp,0.9005216827671743,5.413534080065392,0.1663463588570032,0.8678843851290294,-9.709810143241167,11.510853508775515,252,252,0,5,raw,2021
nn3_textall_raw_fit252_val126,nn3,textall,252,rank_ic,0.047991430652859796,0.007423421410312186,6.464866804704484,1.0138807418871638e-10,0.03344179204658437,0.06254106925913522,252,252,0,5,raw,2021
nn3_textall_raw_fit252_val126,nn3,textall,252,ew_spread_bp,29.584320663538936,13.968791750023122,2.1178868718899735,0.034184649694432245,2.2059919259533842,56.96264940112449,252,252,0,5,raw,2021
nn3_textall_raw_fit252_val126,nn3,textall,252,cap_spread_bp,17.1876459408532,7.053688384798613,2.4366891480341346,0.014822415198852083,3.362670748479415,31.012621133226986,252,252,0,5,raw,2021
nn3_core_raw_fit756_val126,nn3,core,756,rank_ic,0.04971609872203782,0.009733863319424023,5.107540253090347,3.2637958357994865e-07,0.030638077185531236,0.0687941202585444,252,252,0,5,raw,2021
nn3_core_raw_fit756_val126,nn3,core,756,ew_spread_bp,27.313333827515407,15.804686009336645,1.7281794659748386,0.08395605396326182,-3.663281537748489,58.289949192779304,252,252,0,5,raw,2021
nn3_core_raw_fit756_val126,nn3,core,756,cap_spread_bp,-0.03014373604697983,6.569533663865322,-0.004588413362242235,0.9963389886658962,-12.906193112446477,12.845905640352516,252,252,0,5,raw,2021
nn3_textcore_raw_fit756_val126,nn3,textcore,756,rank_ic,0.05243026720163723,0.010584960966492281,4.953279220170043,7.297314489025475e-07,0.03168412492955008,0.07317640947372439,252,252,0,5,raw,2021
nn3_textcore_raw_fit756_val126,nn3,textcore,756,ew_spread_bp,21.256816578754524,17.452631441442644,1.2179720089818973,0.2232346098395116,-12.94971248192443,55.46334563943348,252,252,0,5,raw,2021
nn3_textcore_raw_fit756_val126,nn3,textcore,756,cap_spread_bp,5.776761597425333,11.68162203250449,0.49451707830910013,0.6209410481109611,-17.118796867293057,28.67232006214372,252,252,0,5,raw,2021
nn3_all_raw_fit756_val126,nn3,all,756,rank_ic,0.05260795439079556,0.01044092073019298,5.0386317213063645,4.6887168461698103e-07,0.032144125794179676,0.07307178298741145,252,252,0,5,raw,2021
nn3_all_raw_fit756_val126,nn3,all,756,ew_spread_bp,35.91396814557107,15.983543988651851,2.2469339822926386,0.024644246545886768,4.5867975825017595,67.24113870864038,252,252,0,5,raw,2021
nn3_all_raw_fit756_val126,nn3,all,756,cap_spread_bp,-1.0634164235256365,6.5566914841886055,-0.16218796112186373,0.8711578399148415,-13.914295590275776,11.787462743224504,252,252,0,5,raw,2021
nn3_textall_raw_fit756_val126,nn3,textall,756,rank_ic,0.056592845302470066,0.01099945925716951,5.145057041379787,2.6743953602378085e-07,0.03503430130900213,0.078151389295938,252,252,0,5,raw,2021
nn3_textall_raw_fit756_val126,nn3,textall,756,ew_spread_bp,34.36778371791979,17.463102426637562,1.9680227990586863,0.049065414514234226,0.1407319033761496,68.59483553246343,252,252,0,5,raw,2021
nn3_textall_raw_fit756_val126,nn3,textall,756,cap_spread_bp,18.17946896794196,9.910891833419186,1.8342919359326897,0.06661067055990401,-1.2455220802317868,37.60446001611571,252,252,0,5,raw,2021
ols_core_raw_fit504_val126,ols,core,504,rank_ic,0.046472783143631444,0.006881841591407864,6.752957406292782,1.448614795031188e-11,0.03298462147716222,0.05996094481010067,251,251,0,5,raw,2022
ols_core_raw_fit504_val126,ols,core,504,ew_spread_bp,56.90113445742831,9.64412961055996,5.900079815924882,3.6332576734550152e-09,37.99898775849449,75.80328115636213,251,251,0,5,raw,2022
ols_core_raw_fit504_val126,ols,core,504,cap_spread_bp,14.245636989876955,6.5719341649463825,2.167647549767136,0.030185512982537768,1.36488271781373,27.126391261940178,251,251,0,5,raw,2022
ridge_core_raw_fit504_val126,ridge,core,504,rank_ic,0.04647309315743227,0.00688183483126804,6.753009087965743,1.448098666132611e-11,0.03298494474059363,0.05996124157427091,251,251,0,5,raw,2022
ridge_core_raw_fit504_val126,ridge,core,504,ew_spread_bp,56.9149723694442,9.64077518928394,5.903568048418679,3.5572279826513403e-09,38.01940021540035,75.81054452348805,251,251,0,5,raw,2022
ridge_core_raw_fit504_val126,ridge,core,504,cap_spread_bp,14.252558490842793,6.57164210032302,2.168797124563772,0.030098089649940034,1.3723766549225171,27.13274032676307,251,251,0,5,raw,2022
lasso_core_raw_fit504_val126,lasso,core,504,rank_ic,0.046850876963696685,0.007060897595032068,6.635257958798354,3.2393551703806636e-11,0.033011771978908346,0.060689981948485024,251,251,0,5,raw,2022
lasso_core_raw_fit504_val126,lasso,core,504,ew_spread_bp,55.009828237857505,9.838751022223216,5.591139374662943,2.2558441037911928e-08,35.72623058144336,74.29342589427165,251,251,0,5,raw,2022
lasso_core_raw_fit504_val126,lasso,core,504,cap_spread_bp,13.321271216308268,6.529620041161372,2.040129614331881,0.04133741782856295,0.5234511029010349,26.119091329715502,251,251,0,5,raw,2022
enet_core_raw_fit504_val126,enet,core,504,rank_ic,0.046850876963696685,0.007060897595032068,6.635257958798354,3.2393551703806636e-11,0.033011771978908346,0.060689981948485024,251,251,0,5,raw,2022
enet_core_raw_fit504_val126,enet,core,504,ew_spread_bp,55.009828237857505,9.838751022223216,5.591139374662943,2.2558441037911928e-08,35.72623058144336,74.29342589427165,251,251,0,5,raw,2022
enet_core_raw_fit504_val126,enet,core,504,cap_spread_bp,13.321271216308268,6.529620041161372,2.040129614331881,0.04133741782856295,0.5234511029010349,26.119091329715502,251,251,0,5,raw,2022
ols_all_raw_fit504_val126,ols,all,504,rank_ic,0.04213139079684821,0.005496648189647748,7.664924030647884,1.7893708379214353e-14,0.03135815830945134,0.052904623284245084,251,251,0,5,raw,2022
ols_all_raw_fit504_val126,ols,all,504,ew_spread_bp,54.79405727646654,9.556276388358896,5.733829270908766,9.818816998929039e-09,36.0640997289726,73.52401482396047,251,251,0,5,raw,2022
ols_all_raw_fit504_val126,ols,all,504,cap_spread_bp,13.378507159282655,6.854911750459848,1.9516673075164221,0.050977716435515776,-0.05687298881906422,26.813887307384377,251,251,0,5,raw,2022
ridge_all_raw_fit504_val126,ridge,all,504,rank_ic,0.04408121439496159,0.0060822603359148774,7.247505361562432,4.2451765216836345e-13,0.03216020319197194,0.05600222559795125,251,251,0,5,raw,2022
ridge_all_raw_fit504_val126,ridge,all,504,ew_spread_bp,46.32356931548408,9.242794550296479,5.01185751380768,5.390711556359745e-07,28.208024880399897,64.43911375056825,251,251,0,5,raw,2022
ridge_all_raw_fit504_val126,ridge,all,504,cap_spread_bp,9.143231341726082,6.495175297621076,1.4076958546561298,0.15922114983849112,-3.587078314885453,21.873540998337617,251,251,0,5,raw,2022
lasso_all_raw_fit504_val126,lasso,all,504,rank_ic,0.04263476318920205,0.006103854302213481,6.9848920171212345,2.850751591629459e-12,0.030671428589983764,0.054598097788420334,251,251,0,5,raw,2022
lasso_all_raw_fit504_val126,lasso,all,504,ew_spread_bp,48.485962197373965,8.812080551131576,5.502215046269384,3.75049094751115e-08,31.214601688290205,65.75732270645773,251,251,0,5,raw,2022
lasso_all_raw_fit504_val126,lasso,all,504,cap_spread_bp,10.649462889547618,7.072872835516094,1.5056771325043266,0.13215007704224677,-3.2131131352956164,24.51203891439085,251,251,0,5,raw,2022
enet_all_raw_fit504_val126,enet,all,504,rank_ic,0.04267115648320964,0.006111195149456013,6.982456858215042,2.9006205760490958e-12,0.030693434087779983,0.0546488788786393,251,251,0,5,raw,2022
enet_all_raw_fit504_val126,enet,all,504,ew_spread_bp,48.610917233318766,8.80843742297284,5.51867657100442,3.415621669370054e-08,31.346697124217194,65.87513734242035,251,251,0,5,raw,2022
enet_all_raw_fit504_val126,enet,all,504,cap_spread_bp,10.700155062062498,7.1029245376646895,1.506443579024776,0.13195334065328096,-3.2213212166661087,24.621631340791104,251,251,0,5,raw,2022
ols_textcore_raw_fit504_val126,ols,textcore,504,rank_ic,0.0498649143908782,0.006783503223580537,7.350908925279172,1.968635287659564e-13,0.03656949238364899,0.0631603363981074,251,251,0,5,raw,2022
ols_textcore_raw_fit504_val126,ols,textcore,504,ew_spread_bp,54.346563330013666,11.01653312759178,4.93318203654273,8.090069172281103e-07,32.754555165441374,75.93857149458596,251,251,0,5,raw,2022
ols_textcore_raw_fit504_val126,ols,textcore,504,cap_spread_bp,10.569972229788604,11.485401818514985,0.9202962505629827,0.3574179678985048,-11.941001682471608,33.080946142048816,251,251,0,5,raw,2022
ridge_textcore_raw_fit504_val126,ridge,textcore,504,rank_ic,0.051854133218195785,0.007486807903807971,6.926067008053128,4.327015679835834e-12,0.03718025936756234,0.06652800706882922,251,251,0,5,raw,2022
ridge_textcore_raw_fit504_val126,ridge,textcore,504,ew_spread_bp,49.37865002183572,11.12878102727978,4.437022338816329,9.121183104309421e-06,27.566640016534684,71.19066002713674,251,251,0,5,raw,2022
ridge_textcore_raw_fit504_val126,ridge,textcore,504,cap_spread_bp,10.044934568518414,10.178203085979801,0.9869064788415393,0.32368848780965853,-9.903976907336432,29.99384604437326,251,251,0,5,raw,2022
lasso_textcore_raw_fit504_val126,lasso,textcore,504,rank_ic,0.051584457218103265,0.007318426755553797,7.0485719050145486,1.8076333495591801e-12,0.037240604353723505,0.06592831008248302,251,251,0,5,raw,2022
lasso_textcore_raw_fit504_val126,lasso,textcore,504,ew_spread_bp,55.98380547357357,11.419501153953899,4.902473822526799,9.463722958236227e-07,33.60199449041034,78.3656164567368,251,251,0,5,raw,2022
lasso_textcore_raw_fit504_val126,lasso,textcore,504,cap_spread_bp,10.478172177685865,9.123537718989825,1.1484768847808335,0.25077175009201647,-7.403633163126907,28.35997751849864,251,251,0,5,raw,2022
enet_textcore_raw_fit504_val126,enet,textcore,504,rank_ic,0.05163683886620518,0.007332502597771471,7.042184871765187,1.8924849620947317e-12,0.03726539785802671,0.06600827987438365,251,251,0,5,raw,2022
enet_textcore_raw_fit504_val126,enet,textcore,504,ew_spread_bp,55.994713115522885,11.451821999325425,4.889589893976808,1.0104627085743224e-06,33.549554439481575,78.4398717915642,251,251,0,5,raw,2022
enet_textcore_raw_fit504_val126,enet,textcore,504,cap_spread_bp,9.785781065461002,9.257188316058768,1.0571007882042613,0.2904655915353651,-8.357974632119173,27.929536763041177,251,251,0,5,raw,2022
ols_textall_raw_fit504_val126,ols,textall,504,rank_ic,0.04699000210093866,0.005838820071104725,8.047859247022146,8.425476545220316e-16,0.0355461250493638,0.058433879152513524,251,251,0,5,raw,2022
ols_textall_raw_fit504_val126,ols,textall,504,ew_spread_bp,53.56933545997315,10.75301299538857,4.981797704787148,6.299627341722792e-07,32.49381726372039,74.64485365622592,251,251,0,5,raw,2022
ols_textall_raw_fit504_val126,ols,textall,504,cap_spread_bp,24.393794515442668,12.45451574861339,1.958630508629653,0.050156074005027806,-0.016607796726486157,48.80419682761182,251,251,0,5,raw,2022
ridge_textall_raw_fit504_val126,ridge,textall,504,rank_ic,0.049294256662090544,0.0070788808149746685,6.9635664097936845,3.3176465623154654e-12,0.035419905213888644,0.06316860811029244,251,251,0,5,raw,2022
ridge_textall_raw_fit504_val126,ridge,textall,504,ew_spread_bp,50.39553493421355,11.332171887423213,4.4471205903736815,8.702898679893506e-06,28.184886168246766,72.60618370018034,251,251,0,5,raw,2022
ridge_textall_raw_fit504_val126,ridge,textall,504,cap_spread_bp,17.002187362052098,9.53690851390443,1.7827776514017712,0.07462250512315394,-1.6898098490539937,35.69418457315819,251,251,0,5,raw,2022
lasso_textall_raw_fit504_val126,lasso,textall,504,rank_ic,0.04763365531217531,0.00608173153538145,7.832252218806251,4.7920697231158395e-15,0.03571368053918618,0.05955363008516444,251,251,0,5,raw,2022
lasso_textall_raw_fit504_val126,lasso,textall,504,ew_spread_bp,56.18280508552995,11.03232176735029,5.092564037771332,3.5325334172013895e-07,34.5598517556661,77.8057584153938,251,251,0,5,raw,2022
lasso_textall_raw_fit504_val126,lasso,textall,504,cap_spread_bp,18.723543276251448,9.949098196894733,1.8819337095391575,0.0598450168113557,-0.77633086831462,38.22341742081751,251,251,0,5,raw,2022
enet_textall_raw_fit504_val126,enet,textall,504,rank_ic,0.0476327493342288,0.0060814288798477795,7.832493033351245,4.782897070214632e-15,0.03571336775518539,0.05955213091327221,251,251,0,5,raw,2022
enet_textall_raw_fit504_val126,enet,textall,504,ew_spread_bp,56.16863194977729,11.006441689276429,5.103250763096521,3.3386812931477306e-07,34.5964026408553,77.74086125869928,251,251,0,5,raw,2022
enet_textall_raw_fit504_val126,enet,textall,504,cap_spread_bp,19.58504184838177,9.898588144590335,1.97856922242847,0.0478645277294043,0.18416558718955756,38.98591810957399,251,251,0,5,raw,2022
ols_core_raw_fit252_val126,ols,core,252,rank_ic,0.04634718020712231,0.006908957815996878,6.708273728319902,1.9694024905548032e-11,0.03280587171706192,0.0598884886971827,251,251,0,5,raw,2022
ols_core_raw_fit252_val126,ols,core,252,ew_spread_bp,56.99619500171187,9.664010381848943,5.897778742949489,3.6842754506295248e-09,38.05508270706677,75.93730729635698,251,251,0,5,raw,2022
ols_core_raw_fit252_val126,ols,core,252,cap_spread_bp,14.089799896347678,6.579758392743519,2.1413856034420053,0.03224295494215882,1.193710419595229,26.98588937310013,251,251,0,5,raw,2022
ridge_core_raw_fit252_val126,ridge,core,252,rank_ic,0.04648966517835127,0.006883921700944147,6.753369256360818,1.4445067732780995e-11,0.03299742657210704,0.0599819037845955,251,251,0,5,raw,2022
ridge_core_raw_fit252_val126,ridge,core,252,ew_spread_bp,57.117108904389966,9.63001476483738,5.931154863120762,3.0081132241979695e-09,38.24262679471974,75.99159101406019,251,251,0,5,raw,2022
ridge_core_raw_fit252_val126,ridge,core,252,cap_spread_bp,14.315369357589669,6.591799810764202,2.17169358423372,0.02987878278434608,1.3956791351938875,27.23505957998545,251,251,0,5,raw,2022
lasso_core_raw_fit252_val126,lasso,core,252,rank_ic,0.046705405959368985,0.0070375712937262285,6.636580151025308,3.2104439985081605e-11,0.03291201968503262,0.06049879223370535,251,251,0,5,raw,2022
lasso_core_raw_fit252_val126,lasso,core,252,ew_spread_bp,54.85056902831675,9.817406227517557,5.587073383453782,2.3092816021258288e-08,35.608806400783095,74.0923316558504,251,251,0,5,raw,2022
lasso_core_raw_fit252_val126,lasso,core,252,cap_spread_bp,13.488578280607651,6.510193053236438,2.071916788074667,0.03827320205825173,0.7288343638613828,26.24832219735392,251,251,0,5,raw,2022
enet_core_raw_fit252_val126,enet,core,252,rank_ic,0.04670541126841282,0.007037572102478915,6.636580142740037,3.210444178881004e-11,0.032912023408950324,0.06049879912787532,251,251,0,5,raw,2022
enet_core_raw_fit252_val126,enet,core,252,ew_spread_bp,54.85056902831675,9.817406227517557,5.587073383453782,2.3092816021258288e-08,35.608806400783095,74.0923316558504,251,251,0,5,raw,2022
enet_core_raw_fit252_val126,enet,core,252,cap_spread_bp,13.488578280607651,6.510193053236438,2.071916788074667,0.03827320205825173,0.7288343638613828,26.24832219735392,251,251,0,5,raw,2022
ols_all_raw_fit252_val126,ols,all,252,rank_ic,0.04414175267649396,0.0060210385499638785,7.33125229313783,2.2801195297361405e-13,0.032340733969037486,0.05594277138395043,251,251,0,5,raw,2022
ols_all_raw_fit252_val126,ols,all,252,ew_spread_bp,53.67203130660565,10.23249973137548,5.245251181588931,1.5606955457187714e-07,33.61670036129394,73.72736225191737,251,251,0,5,raw,2022
ols_all_raw_fit252_val126,ols,all,252,cap_spread_bp,12.41438201491276,7.58565077356207,1.6365612371953706,0.10172218055677316,-2.4532203005672972,27.281984330392817,251,251,0,5,raw,2022
ridge_all_raw_fit252_val126,ridge,all,252,rank_ic,0.04650525490387832,0.006635346092214869,7.008715786271058,2.405154604875147e-12,0.03350021553817859,0.05951029426957805,251,251,0,5,raw,2022
ridge_all_raw_fit252_val126,ridge,all,252,ew_spread_bp,52.027373799091556,10.234900074607149,5.083329922113436,3.708746741553328e-07,31.967338267495233,72.08740933068788,251,251,0,5,raw,2022
ridge_all_raw_fit252_val126,ridge,all,252,cap_spread_bp,9.999161174340609,7.034519408518433,1.421441976865136,0.15518831048229853,-3.788243514903524,23.78656586358474,251,251,0,5,raw,2022
lasso_all_raw_fit252_val126,lasso,all,252,rank_ic,0.04608910352258653,0.006561271589603611,7.024416363988818,2.1496289347029774e-12,0.03322924751417758,0.05894895953099548,251,251,0,5,raw,2022
lasso_all_raw_fit252_val126,lasso,all,252,ew_spread_bp,49.559562823804,9.584957754498765,5.170556208298663,2.3339825576484207e-07,30.773390831648513,68.34573481595949,251,251,0,5,raw,2022
lasso_all_raw_fit252_val126,lasso,all,252,cap_spread_bp,9.560767866302983,7.129958964437282,1.340928876868725,0.17994354557396974,-4.413694915242591,23.535230647848557,251,251,0,5,raw,2022
enet_all_raw_fit252_val126,enet,all,252,rank_ic,0.046081419299437085,0.0065845245956587155,6.998442883761011,2.5882283209882136e-12,0.03317598823662784,0.05898685036224633,251,251,0,5,raw,2022
enet_all_raw_fit252_val126,enet,all,252,ew_spread_bp,48.80900517890254,9.67523744029352,5.044734610401645,4.541512769366482e-07,29.845888254053737,67.77212210375134,251,251,0,5,raw,2022
enet_all_raw_fit252_val126,enet,all,252,cap_spread_bp,9.420744934136952,7.158120166387617,1.3160920346621088,0.18814315412566218,-4.608912788992637,23.45040265726654,251,251,0,5,raw,2022
ols_textcore_raw_fit252_val126,ols,textcore,252,rank_ic,0.051517850517329655,0.007420392110404974,6.942739649174419,3.845677826627966e-12,0.03697414922977074,0.06606155180488857,251,251,0,5,raw,2022
ols_textcore_raw_fit252_val126,ols,textcore,252,ew_spread_bp,52.12826752709997,11.680242931715648,4.462943778810868,8.084126958696251e-06,29.235412050258766,75.02112300394117,251,251,0,5,raw,2022
ols_textcore_raw_fit252_val126,ols,textcore,252,cap_spread_bp,12.737776637246668,11.656755731779663,1.092737716251515,0.2745089749432782,-10.109044773622315,35.58459804811565,251,251,0,5,raw,2022
ridge_textcore_raw_fit252_val126,ridge,textcore,252,rank_ic,0.05298368115045534,0.00803788853830488,6.591741213872211,4.3469783741322803e-11,0.03722970910363048,0.0687376531972802,251,251,0,5,raw,2022
ridge_textcore_raw_fit252_val126,ridge,textcore,252,ew_spread_bp,50.07632243156982,11.721182557889618,4.272292679023505,1.934734052074857e-05,27.103226761887104,73.04941810125254,251,251,0,5,raw,2022
ridge_textcore_raw_fit252_val126,ridge,textcore,252,cap_spread_bp,21.73615943673664,12.726321761098601,1.707968715923796,0.08764214743569525,-3.206972870684975,46.67929174415825,251,251,0,5,raw,2022
lasso_textcore_raw_fit252_val126,lasso,textcore,252,rank_ic,0.0527502478428688,0.007838476410313003,6.729655749613005,1.700649607834085e-11,0.03738711638498851,0.0681133793007491,251,251,0,5,raw,2022
lasso_textcore_raw_fit252_val126,lasso,textcore,252,ew_spread_bp,55.227263281442596,12.170878076218116,4.53765643987155,5.688283078036513e-06,31.37278059182695,79.08174597105824,251,251,0,5,raw,2022
lasso_textcore_raw_fit252_val126,lasso,textcore,252,cap_spread_bp,19.944137523156357,12.080364858967256,1.65095489714053,0.09874778490741085,-3.732942520522755,43.62121756683547,251,251,0,5,raw,2022
enet_textcore_raw_fit252_val126,enet,textcore,252,rank_ic,0.05278035000564888,0.007847253182398319,6.7259649687405485,1.744325301256803e-11,0.037400016390580854,0.06816068362071691,251,251,0,5,raw,2022
enet_textcore_raw_fit252_val126,enet,textcore,252,ew_spread_bp,54.59194387305743,12.209604196602537,4.471229615145777,7.777114220365439e-06,30.661559382227356,78.52232836388751,251,251,0,5,raw,2022
enet_textcore_raw_fit252_val126,enet,textcore,252,cap_spread_bp,18.46610836353016,11.923341279159043,1.548736040610303,0.12144518629859258,-4.903211119001302,41.83542784606162,251,251,0,5,raw,2022
ols_textall_raw_fit252_val126,ols,textall,252,rank_ic,0.0495060494235306,0.0068215720016471405,7.257278734517036,3.9495530367542824e-13,0.0361360139823554,0.0628760848647058,251,251,0,5,raw,2022
ols_textall_raw_fit252_val126,ols,textall,252,ew_spread_bp,57.8034198834162,10.835538006718899,5.3346146585036625,9.574767081987612e-08,36.566155637132226,79.04068412970017,251,251,0,5,raw,2022
ols_textall_raw_fit252_val126,ols,textall,252,cap_spread_bp,16.467999029340216,11.204490277828844,1.4697678003190084,0.14162465277832506,-5.492398380333501,38.42839643901394,251,251,0,5,raw,2022
ridge_textall_raw_fit252_val126,ridge,textall,252,rank_ic,0.0517004301157159,0.007900015202514855,6.544345648759995,5.975644518628197e-11,0.03621668484146788,0.06718417538996392,251,251,0,5,raw,2022
ridge_textall_raw_fit252_val126,ridge,textall,252,ew_spread_bp,52.92715801429059,11.893813112110164,4.4499739078967595,8.588072256559383e-06,29.615712675704412,76.23860335287677,251,251,0,5,raw,2022
ridge_textall_raw_fit252_val126,ridge,textall,252,cap_spread_bp,24.86867327744999,11.011021066145736,2.258525628827531,0.02391290859711967,3.287468554792518,46.44987800010746,251,251,0,5,raw,2022
lasso_textall_raw_fit252_val126,lasso,textall,252,rank_ic,0.04980165866598096,0.007140826878483727,6.974214543142064,3.0758439281236854e-12,0.03580589516431727,0.06379742216764464,251,251,0,5,raw,2022
lasso_textall_raw_fit252_val126,lasso,textall,252,ew_spread_bp,52.264392303508046,11.363129341738727,4.599471741603077,4.235636412993437e-06,29.993068042029808,74.53571656498629,251,251,0,5,raw,2022
lasso_textall_raw_fit252_val126,lasso,textall,252,cap_spread_bp,15.859164329934956,10.632680612857067,1.4915490182934688,0.13581741175374545,-4.980506730382164,36.69883539025207,251,251,0,5,raw,2022
enet_textall_raw_fit252_val126,enet,textall,252,rank_ic,0.04982179009280961,0.007148102690610396,6.969932057391189,3.1709408608565807e-12,0.03581176626141938,0.06383181392419984,251,251,0,5,raw,2022
enet_textall_raw_fit252_val126,enet,textall,252,ew_spread_bp,52.39478410273052,11.346831471218014,4.6175696039580165,3.882604726173778e-06,30.155403080497578,74.63416512496346,251,251,0,5,raw,2022
enet_textall_raw_fit252_val126,enet,textall,252,cap_spread_bp,16.268578780266655,10.684400137527428,1.5226478389858873,0.12784683435211344,-4.672460685701903,37.20961824623521,251,251,0,5,raw,2022
ols_core_raw_fit756_val126,ols,core,756,rank_ic,0.04654324086434718,0.006992549476305388,6.656118919438659,2.8115279993940997e-11,0.0328380957306742,0.060248385998020154,251,251,0,5,raw,2022
ols_core_raw_fit756_val126,ols,core,756,ew_spread_bp,55.97282986653377,10.261638930347429,5.454570195507619,4.909143992262762e-08,35.86038714069869,76.08527259236885,251,251,0,5,raw,2022
ols_core_raw_fit756_val126,ols,core,756,cap_spread_bp,12.016632055330227,6.6104467281179,1.8178245055991178,0.06909095989900536,-0.9396054535014944,24.972869564161947,251,251,0,5,raw,2022
ridge_core_raw_fit756_val126,ridge,core,756,rank_ic,0.04629751730635322,0.006914795655022334,6.695428124868237,2.1504112218092552e-11,0.032744766862055394,0.05985026775065104,251,251,0,5,raw,2022
ridge_core_raw_fit756_val126,ridge,core,756,ew_spread_bp,55.81656374729337,9.761340352974164,5.718124942778656,1.0770593786163851e-08,36.68468821462651,74.94843927996024,251,251,0,5,raw,2022
ridge_core_raw_fit756_val126,ridge,core,756,cap_spread_bp,12.774710721705022,6.489313219200928,1.9685766875771264,0.04900172179995154,0.0558905276715258,25.493530915738518,251,251,0,5,raw,2022
lasso_core_raw_fit756_val126,lasso,core,756,rank_ic,0.046850876963696685,0.007060897595032068,6.635257958798354,3.2393551703806636e-11,0.033011771978908346,0.060689981948485024,251,251,0,5,raw,2022
lasso_core_raw_fit756_val126,lasso,core,756,ew_spread_bp,55.009828237857505,9.838751022223216,5.591139374662943,2.2558441037911928e-08,35.72623058144336,74.29342589427165,251,251,0,5,raw,2022
lasso_core_raw_fit756_val126,lasso,core,756,cap_spread_bp,13.321271216308268,6.529620041161372,2.040129614331881,0.04133741782856295,0.5234511029010349,26.119091329715502,251,251,0,5,raw,2022
enet_core_raw_fit756_val126,enet,core,756,rank_ic,0.046850876963696685,0.007060897595032068,6.635257958798354,3.2393551703806636e-11,0.033011771978908346,0.060689981948485024,251,251,0,5,raw,2022
enet_core_raw_fit756_val126,enet,core,756,ew_spread_bp,55.009828237857505,9.838751022223216,5.591139374662943,2.2558441037911928e-08,35.72623058144336,74.29342589427165,251,251,0,5,raw,2022
enet_core_raw_fit756_val126,enet,core,756,cap_spread_bp,13.321271216308268,6.529620041161372,2.040129614331881,0.04133741782856295,0.5234511029010349,26.119091329715502,251,251,0,5,raw,2022
ols_all_raw_fit756_val126,ols,all,756,rank_ic,0.044960422647684836,0.006099954962612085,7.3706155083532225,1.6984203353071246e-13,0.03300473061364878,0.05691611468172089,251,251,0,5,raw,2022
ols_all_raw_fit756_val126,ols,all,756,ew_spread_bp,55.87152547567902,9.663888896435369,5.781474318924325,7.404878640640925e-09,36.93065128806917,74.81239966328887,251,251,0,5,raw,2022
ols_all_raw_fit756_val126,ols,all,756,cap_spread_bp,14.49734360639468,7.202277129657421,2.012883334730033,0.04412690417979686,0.38113982558961546,28.613547387199745,251,251,0,5,raw,2022
ridge_all_raw_fit756_val126,ridge,all,756,rank_ic,0.045254089670653794,0.00626492662781472,7.223402979651328,5.070247679212112e-13,0.032975059114350974,0.05753312022695661,251,251,0,5,raw,2022
ridge_all_raw_fit756_val126,ridge,all,756,ew_spread_bp,57.78295799367403,9.932727173722517,5.817431303916359,5.9758808002521595e-09,38.31517046491558,77.25074552243248,251,251,0,5,raw,2022
ridge_all_raw_fit756_val126,ridge,all,756,cap_spread_bp,14.207676112044304,7.130022874675528,1.9926550533950236,0.04629923228389424,0.23308806873352594,28.18226415535508,251,251,0,5,raw,2022
lasso_all_raw_fit756_val126,lasso,all,756,rank_ic,0.04501118339603307,0.006135994924100563,7.335596582591857,2.2073598770456936e-13,0.032984854335475385,0.05703751245659076,251,251,0,5,raw,2022
lasso_all_raw_fit756_val126,lasso,all,756,ew_spread_bp,57.3119003312231,9.718558885802077,5.89716037168335,3.698103999101411e-09,38.26387493341932,76.35992572902688,251,251,0,5,raw,2022
lasso_all_raw_fit756_val126,lasso,all,756,cap_spread_bp,15.066509114582878,7.335372922866834,2.0539527128355646,0.03998026868419306,0.6894423725935752,29.44357585657218,251,251,0,5,raw,2022
enet_all_raw_fit756_val126,enet,all,756,rank_ic,0.04499024065581329,0.006229675573288683,7.221923537835644,5.125729316872981e-13,0.032780300896798564,0.05720018041482802,251,251,0,5,raw,2022
enet_all_raw_fit756_val126,enet,all,756,ew_spread_bp,56.64517471163282,9.423699083516489,6.010927790628843,1.8446456169037384e-09,38.17506390679739,75.11528551646825,251,251,0,5,raw,2022
enet_all_raw_fit756_val126,enet,all,756,cap_spread_bp,14.451827319559357,7.236330919040997,1.9971208449757576,0.045812057030438384,0.2688793380253731,28.63477530109334,251,251,0,5,raw,2022
ols_textcore_raw_fit756_val126,ols,textcore,756,rank_ic,0.04998026785878176,0.006801572508173883,7.34834007852115,2.006833791183431e-13,0.036649430704523187,0.06331110501304034,251,251,0,5,raw,2022
ols_textcore_raw_fit756_val126,ols,textcore,756,ew_spread_bp,57.122230851540586,11.071207199740307,5.1595304668203195,2.4756993566423526e-07,35.423063474669036,78.82139822841214,251,251,0,5,raw,2022
ols_textcore_raw_fit756_val126,ols,textcore,756,cap_spread_bp,18.178062122789033,11.792067750434281,1.5415500069629067,0.12318298208667348,-4.933965971318411,41.29009021689647,251,251,0,5,raw,2022
ridge_textcore_raw_fit756_val126,ridge,textcore,756,rank_ic,0.051527175069262264,0.007460573680060319,6.90659690245773,4.96417886712372e-12,0.036904719352336586,0.06614963078618794,251,251,0,5,raw,2022
ridge_textcore_raw_fit756_val126,ridge,textcore,756,ew_spread_bp,48.329989148057884,11.600396246253355,4.166236059709365,3.09670045943585e-05,25.59363029900767,71.0663479971081,251,251,0,5,raw,2022
ridge_textcore_raw_fit756_val126,ridge,textcore,756,cap_spread_bp,14.742923188186042,10.333532342850011,1.4267070251526315,0.1536643598557581,-5.5104280368797856,34.99627441325187,251,251,0,5,raw,2022
lasso_textcore_raw_fit756_val126,lasso,textcore,756,rank_ic,0.05147790517632986,0.00746592084199983,6.895051027964144,5.3845471504259646e-12,0.03684496921458323,0.06611084113807648,251,251,0,5,raw,2022
lasso_textcore_raw_fit756_val126,lasso,textcore,756,ew_spread_bp,56.605410145281695,11.835182738093202,4.782808292692365,1.7286297267357151e-06,33.408878228168874,79.80194206239452,251,251,0,5,raw,2022
lasso_textcore_raw_fit756_val126,lasso,textcore,756,cap_spread_bp,15.309373981867184,11.153379536907204,1.3726219870136709,0.1698698929871728,-6.550848216376965,37.169596180111334,251,251,0,5,raw,2022
enet_textcore_raw_fit756_val126,enet,textcore,756,rank_ic,0.051548814388084306,0.0074740285401281685,6.897058809893214,5.3090208114925615e-12,0.03689998763000862,0.06619764114616,251,251,0,5,raw,2022
enet_textcore_raw_fit756_val126,enet,textcore,756,ew_spread_bp,56.9305154014725,11.873986271644057,4.794557960491053,1.630339236367816e-06,33.65792995612711,80.20310084681788,251,251,0,5,raw,2022
enet_textcore_raw_fit756_val126,enet,textcore,756,cap_spread_bp,16.26296465767984,11.309864600408817,1.4379451242141295,0.15044962495816946,-5.90396262914593,38.42989194450561,251,251,0,5,raw,2022
ols_textall_raw_fit756_val126,ols,textall,756,rank_ic,0.0488360758627847,0.0060844799547779575,8.026335237481588,1.0042755569773799e-15,0.036910714286764006,0.06076143743880539,251,251,0,5,raw,2022
ols_textall_raw_fit756_val126,ols,textall,756,ew_spread_bp,57.63781929650362,11.147526709580532,5.1704580574781565,2.335208834102045e-07,35.78906842902748,79.48657016397976,251,251,0,5,raw,2022
ols_textall_raw_fit756_val126,ols,textall,756,cap_spread_bp,15.19269403187573,10.676006514776157,1.4230690109497628,0.1547161506898723,-5.731894235800523,36.11728229955198,251,251,0,5,raw,2022
ridge_textall_raw_fit756_val126,ridge,textall,756,rank_ic,0.049969531636370454,0.007327084819319249,6.819838021339169,9.114321723534392e-12,0.035608709278834555,0.06433035399390635,251,251,0,5,raw,2022
ridge_textall_raw_fit756_val126,ridge,textall,756,ew_spread_bp,50.913325326992975,11.954949847611203,4.258765279317863,2.055591738853987e-05,27.48205418869241,74.34459646529353,251,251,0,5,raw,2022
ridge_textall_raw_fit756_val126,ridge,textall,756,cap_spread_bp,29.37220017862957,11.146919498145836,2.6350060376335636,0.0084135786569575,7.524639423696435,51.2197609335627,251,251,0,5,raw,2022
lasso_textall_raw_fit756_val126,lasso,textall,756,rank_ic,0.05004484610044075,0.006350010499796374,7.881065094623944,3.246021382487678e-15,0.03759905421938867,0.06249063798149283,251,251,0,5,raw,2022
lasso_textall_raw_fit756_val126,lasso,textall,756,ew_spread_bp,52.96866556668185,11.2980523544852,4.6883005941863845,2.7548316780643243e-06,30.824889856442898,75.1124412769208,251,251,0,5,raw,2022
lasso_textall_raw_fit756_val126,lasso,textall,756,cap_spread_bp,26.41467928410468,11.86195622368093,2.2268400579131318,0.025957965130540765,3.1656722994993096,49.66368626871005,251,251,0,5,raw,2022
enet_textall_raw_fit756_val126,enet,textall,756,rank_ic,0.05004213540579283,0.00635041057046909,7.8801417405199885,3.27009916738633e-15,0.03759555940063096,0.0624887114109547,251,251,0,5,raw,2022
enet_textall_raw_fit756_val126,enet,textall,756,ew_spread_bp,52.967566975016155,11.29401386144021,4.689879756200489,2.733656442057112e-06,30.8317065656972,75.1034273843351,251,251,0,5,raw,2022
enet_textall_raw_fit756_val126,enet,textall,756,cap_spread_bp,25.005689468850726,11.855588772888494,2.1091900156012535,0.034928183393811256,1.7691624584718646,48.24221647922958,251,251,0,5,raw,2022
nn3_core_raw_fit504_val126,nn3,core,504,rank_ic,0.045973094863800155,0.006746708789673962,6.814151358387269,9.48218315818159e-12,0.03274978862185937,0.05919640110574094,251,251,0,5,raw,2022
nn3_core_raw_fit504_val126,nn3,core,504,ew_spread_bp,54.16763294907894,9.997572189755031,5.418078701605875,6.0242898638895e-08,34.57275152431984,73.76251437383804,251,251,0,5,raw,2022
nn3_core_raw_fit504_val126,nn3,core,504,cap_spread_bp,14.136988442870454,7.12178313955617,1.985034950636179,0.04714058309686762,0.1785499836357669,28.09542690210514,251,251,0,5,raw,2022
nn3_textcore_raw_fit504_val126,nn3,textcore,504,rank_ic,0.05340811127450637,0.007298195981948079,7.317988090017056,2.517161976746416e-13,0.039103909997773204,0.06771231255123954,251,251,0,5,raw,2022
nn3_textcore_raw_fit504_val126,nn3,textcore,504,ew_spread_bp,59.19205732998693,11.623392112219012,5.09249423563382,3.5338346175102686e-07,36.410627411850726,81.97348724812313,251,251,0,5,raw,2022
nn3_textcore_raw_fit504_val126,nn3,textcore,504,cap_spread_bp,15.484660647906056,9.39472336737876,1.6482295478410092,0.0993055756127369,-2.9286587968731705,33.89798009268528,251,251,0,5,raw,2022
nn3_all_raw_fit504_val126,nn3,all,504,rank_ic,0.05309302951781249,0.007718771454060545,6.878430049886023,6.051575214681314e-12,0.037964515462957954,0.06822154357266702,251,251,0,5,raw,2022
nn3_all_raw_fit504_val126,nn3,all,504,ew_spread_bp,58.46663554072177,11.41437054588976,5.122195333125506,3.019988033500745e-07,36.09488036458304,80.83839071686049,251,251,0,5,raw,2022
nn3_all_raw_fit504_val126,nn3,all,504,cap_spread_bp,21.270261915893002,7.52371241356726,2.8270966175603744,0.00469721532694605,6.524056555264247,36.01646727652176,251,251,0,5,raw,2022
nn3_textall_raw_fit504_val126,nn3,textall,504,rank_ic,0.056242115729962135,0.007750918865329537,7.2561868737315125,3.981549178036391e-13,0.04105059390682418,0.07143363755310009,251,251,0,5,raw,2022
nn3_textall_raw_fit504_val126,nn3,textall,504,ew_spread_bp,57.85493797297334,11.95213404880869,4.8405529704329195,1.2947833690065408e-06,34.429185698913415,81.28069024703326,251,251,0,5,raw,2022
nn3_textall_raw_fit504_val126,nn3,textall,504,cap_spread_bp,14.889643247147061,11.999725099334372,1.2408320293914896,0.21466780637695027,-8.629385771929629,38.40867226622375,251,251,0,5,raw,2022
nn3_core_raw_fit252_val126,nn3,core,252,rank_ic,0.04488013620189355,0.006406685778707527,7.005203275467583,2.4662749422965007e-12,0.032323262815361846,0.05743700958842526,251,251,0,5,raw,2022
nn3_core_raw_fit252_val126,nn3,core,252,ew_spread_bp,52.388040466635374,9.370699471045068,5.590622197255548,2.262573910561498e-08,34.0218069934385,70.75427393983225,251,251,0,5,raw,2022
nn3_core_raw_fit252_val126,nn3,core,252,cap_spread_bp,11.915447856415016,7.266994312462731,1.639666599983475,0.10107450716378044,-2.3275992718693495,26.15849498469938,251,251,0,5,raw,2022
nn3_textcore_raw_fit252_val126,nn3,textcore,252,rank_ic,0.05325137768144386,0.007562589993678765,7.0414206939625625,1.9028951292344146e-12,0.038428973663990486,0.06807378169889723,251,251,0,5,raw,2022
nn3_textcore_raw_fit252_val126,nn3,textcore,252,ew_spread_bp,55.68341581745996,12.030152307326837,4.628654267622744,3.6804963599297933e-06,32.10475056656793,79.26208106835199,251,251,0,5,raw,2022
nn3_textcore_raw_fit252_val126,nn3,textcore,252,cap_spread_bp,8.74196085022237,12.766424123061393,0.6847619009015067,0.4934941806012789,-16.279770642341305,33.763692342786044,251,251,0,5,raw,2022
nn3_all_raw_fit252_val126,nn3,all,252,rank_ic,0.04938972120443595,0.0071311480896018,6.925914394689544,4.3316835766992305e-12,0.035412927780394815,0.06336651462847709,251,251,0,5,raw,2022
nn3_all_raw_fit252_val126,nn3,all,252,ew_spread_bp,51.757089650416845,10.948566623930224,4.72729366575636,2.275320808507736e-06,30.298293385176315,73.21588591565737,251,251,0,5,raw,2022
nn3_all_raw_fit252_val126,nn3,all,252,cap_spread_bp,14.7944844841709,8.339199553023702,1.7740892744084271,0.07604838461955252,-1.5500462996480753,31.139015267989876,251,251,0,5,raw,2022
nn3_textall_raw_fit252_val126,nn3,textall,252,rank_ic,0.05378147260030467,0.007870424524779708,6.833363617296108,8.294635298943385e-12,0.038355723988695675,0.06920722121191367,251,251,0,5,raw,2022
nn3_textall_raw_fit252_val126,nn3,textall,252,ew_spread_bp,60.728975846941395,12.187680194497588,4.982816654014183,6.266532254777523e-07,36.841561610634,84.61639008324879,251,251,0,5,raw,2022
nn3_textall_raw_fit252_val126,nn3,textall,252,cap_spread_bp,20.183795144145666,12.619838545193087,1.599370314593581,0.10973834424408287,-4.550633895143136,44.91822418343447,251,251,0,5,raw,2022
nn3_core_raw_fit756_val126,nn3,core,756,rank_ic,0.04560773398465195,0.00684443589007561,6.66347595581732,2.6742581529938533e-11,0.0321928861456104,0.05902258182369349,251,251,0,5,raw,2022
nn3_core_raw_fit756_val126,nn3,core,756,ew_spread_bp,51.05191992430017,9.984534932264111,5.113099435340805,3.1691536605464266e-07,31.482591054680444,70.6212487939199,251,251,0,5,raw,2022
nn3_core_raw_fit756_val126,nn3,core,756,cap_spread_bp,13.056795523353586,7.19168718779978,1.8155399675202186,0.06944096968095313,-1.038652352812127,27.1522433995193,251,251,0,5,raw,2022
nn3_textcore_raw_fit756_val126,nn3,textcore,756,rank_ic,0.054084028897502044,0.007503536067687377,7.207805547894298,5.686074782997033e-13,0.03937736844813748,0.06879068934686661,251,251,0,5,raw,2022
nn3_textcore_raw_fit756_val126,nn3,textcore,756,ew_spread_bp,57.31736108748525,12.369209944388894,4.633874058665033,3.588853788609807e-06,33.07415507926834,81.56056709570217,251,251,0,5,raw,2022
nn3_textcore_raw_fit756_val126,nn3,textcore,756,cap_spread_bp,19.521763654563994,11.892130301623954,1.6415699424263928,0.10067916107837063,-3.786383436076406,42.829910745204394,251,251,0,5,raw,2022
nn3_all_raw_fit756_val126,nn3,all,756,rank_ic,0.05555551442708977,0.008044053449470085,6.906407916863055,4.970793323276739e-12,0.03978945937641321,0.07132156947776633,251,251,0,5,raw,2022
nn3_all_raw_fit756_val126,nn3,all,756,ew_spread_bp,61.31155641396298,12.316639468221608,4.977945207550654,6.426284098708656e-07,37.171386645684066,85.4517261822419,251,251,0,5,raw,2022
nn3_all_raw_fit756_val126,nn3,all,756,cap_spread_bp,18.879618596635577,8.28091543036803,2.279895110074383,0.022613910155416347,2.6493225940922365,35.10991459917892,251,251,0,5,raw,2022
nn3_textall_raw_fit756_val126,nn3,textall,756,rank_ic,0.05581844883485213,0.007895259831866812,7.069868506360989,1.550805776188968e-12,0.04034402391580742,0.07129287375389684,251,251,0,5,raw,2022
nn3_textall_raw_fit756_val126,nn3,textall,756,ew_spread_bp,59.731683633661554,12.149533772250901,4.916376607807501,8.816072213550614e-07,35.919035011096724,83.54433225622638,251,251,0,5,raw,2022
nn3_textall_raw_fit756_val126,nn3,textall,756,cap_spread_bp,19.954255174767116,12.030045713922664,1.6587015252713107,0.09717595190043081,-3.624201156891747,43.53271150642598,251,251,0,5,raw,2022
ols_core_dgtw_fit504_val126,ols,core,504,rank_ic,0.024203339033954045,0.003653601420767458,6.624515442866783,3.483890964188581e-11,0.017042411835385456,0.031364266232522635,252,252,0,5,dgtw,2014
ols_core_dgtw_fit504_val126,ols,core,504,ew_spread_bp,18.490968160816514,5.9865807394320845,3.0887361192710907,0.0020100989168522743,6.757485520988464,30.224450800644565,252,252,0,5,dgtw,2014
ols_core_dgtw_fit504_val126,ols,core,504,cap_spread_bp,-2.6282635177281986,2.7984780117665373,-0.9391760473647992,0.3476403647402184,-8.11317963231787,2.8566525968614718,252,252,0,5,dgtw,2014
ridge_core_dgtw_fit504_val126,ridge,core,504,rank_ic,0.024400189213092446,0.003667278305336156,6.653487186284281,2.8622874565796675e-11,0.017212455813348494,0.0315879226128364,252,252,0,5,dgtw,2014
ridge_core_dgtw_fit504_val126,ridge,core,504,ew_spread_bp,18.855349130780848,6.099988154024308,3.091046843810922,0.0019945216550675358,6.8995920427722375,30.811106218789458,252,252,0,5,dgtw,2014
ridge_core_dgtw_fit504_val126,ridge,core,504,cap_spread_bp,-2.579139460326888,2.810556072505319,-0.9176616277318576,0.35879604275095356,-8.087728138967659,2.929449218313883,252,252,0,5,dgtw,2014
lasso_core_dgtw_fit504_val126,lasso,core,504,rank_ic,0.023985743565007985,0.003668652959422837,6.538024672898331,6.233664282501266e-11,0.01679531589276294,0.03117617123725303,252,252,0,5,dgtw,2014
lasso_core_dgtw_fit504_val126,lasso,core,504,ew_spread_bp,19.13912220537281,6.55829305649221,2.9183084745544483,0.0035193600047511565,6.285104014588969,31.993140396156655,252,252,0,5,dgtw,2014
lasso_core_dgtw_fit504_val126,lasso,core,504,cap_spread_bp,-2.05229402602639,2.8355129777562746,-0.7237822722470341,0.46919941453990477,-7.6097973401246115,3.5052092880718315,252,252,0,5,dgtw,2014
enet_core_dgtw_fit504_val126,enet,core,504,rank_ic,0.023985181807672278,0.0036691178193362576,6.537043231828187,6.274691592752669e-11,0.016793843026739072,0.031176520588605483,252,252,0,5,dgtw,2014
enet_core_dgtw_fit504_val126,enet,core,504,ew_spread_bp,19.150347969426555,6.5598235828234,2.9193388705712864,0.003507746813208456,6.293330002156191,32.00736593669692,252,252,0,5,dgtw,2014
enet_core_dgtw_fit504_val126,enet,core,504,cap_spread_bp,-2.051425434838895,2.8356361990724213,-0.7234445079767098,0.46940683515798565,-7.609170258278892,3.5063193886011015,252,252,0,5,dgtw,2014
ols_all_dgtw_fit504_val126,ols,all,504,rank_ic,0.007410772943068419,0.003180196509290433,2.33028774209991,0.019790948190565878,0.0011777023210991708,0.013643843565037667,252,252,0,5,dgtw,2014
ols_all_dgtw_fit504_val126,ols,all,504,ew_spread_bp,15.747536786597879,6.363559627040639,2.474642764355025,0.013336950473390194,3.2751891041250865,28.21988446907067,252,252,0,5,dgtw,2014
ols_all_dgtw_fit504_val126,ols,all,504,cap_spread_bp,-4.0852473585955975,2.977069007494554,-1.3722380463171278,0.16998934499493668,-9.920195392775327,1.7497006755841324,252,252,0,5,dgtw,2014
ridge_all_dgtw_fit504_val126,ridge,all,504,rank_ic,0.017114092290654255,0.0031129710601774763,5.497671504109181,3.848389665507082e-08,0.011012781127790933,0.023215403453517577,252,252,0,5,dgtw,2014
ridge_all_dgtw_fit504_val126,ridge,all,504,ew_spread_bp,12.70111268744322,7.479396047256679,1.6981468299304436,0.08948005284264857,-1.95823419129111,27.360459566177553,252,252,0,5,dgtw,2014
ridge_all_dgtw_fit504_val126,ridge,all,504,cap_spread_bp,-0.16051509493238592,3.165830342856418,-0.05070236795682448,0.9595626897214868,-6.365428548095056,6.044398358230285,252,252,0,5,dgtw,2014
lasso_all_dgtw_fit504_val126,lasso,all,504,rank_ic,0.010483772419917974,0.003228055931775513,3.2477046995129455,0.0011633994550932253,0.004156899053557083,0.016810645786278867,252,252,0,5,dgtw,2014
lasso_all_dgtw_fit504_val126,lasso,all,504,ew_spread_bp,14.515883745388502,7.000050694431547,2.0736826601749767,0.038108792654296286,0.7960364943480744,28.235730996428927,252,252,0,5,dgtw,2014
lasso_all_dgtw_fit504_val126,lasso,all,504,cap_spread_bp,-1.2226229074577712,2.7336157520955475,-0.447254851571779,0.6546910612327758,-6.5804113291364175,4.1351655142208745,252,252,0,5,dgtw,2014
enet_all_dgtw_fit504_val126,enet,all,504,rank_ic,0.010934501562607534,0.003182855889354689,3.4354372119638947,0.0005915985351315132,0.004696218651491141,0.017172784473723928,252,252,0,5,dgtw,2014
enet_all_dgtw_fit504_val126,enet,all,504,ew_spread_bp,16.88673318464189,7.03143183021064,2.4016066133341174,0.016323251731726784,3.1053800376804794,30.668086331603302,252,252,0,5,dgtw,2014
enet_all_dgtw_fit504_val126,enet,all,504,cap_spread_bp,-0.933380461276841,2.4416634054912625,-0.38227237185014246,0.7022593454144584,-5.718952798409134,3.8521918758554516,252,252,0,5,dgtw,2014
ols_textcore_dgtw_fit504_val126,ols,textcore,504,rank_ic,0.018124274184060877,0.0030289927275813327,5.983597787814172,2.1826189774085627e-09,0.012187557528567722,0.02406099083955403,252,252,0,5,dgtw,2014
ols_textcore_dgtw_fit504_val126,ols,textcore,504,ew_spread_bp,1.086440304377132,5.112470284633247,0.21250789616180038,0.8317108182148529,-8.93381732553527,11.106697934289535,252,252,0,5,dgtw,2014
ols_textcore_dgtw_fit504_val126,ols,textcore,504,cap_spread_bp,4.329679749462395,2.8236334913612793,1.5333717221830543,0.12518429202828293,-1.2045401991468028,9.863899698071592,252,252,0,5,dgtw,2014
ridge_textcore_dgtw_fit504_val126,ridge,textcore,504,rank_ic,0.02372037901686649,0.0034711844498944598,6.833511546062526,8.286082395712119e-12,0.016916982511377868,0.030523775522355114,252,252,0,5,dgtw,2014
ridge_textcore_dgtw_fit504_val126,ridge,textcore,504,ew_spread_bp,3.9386728440870744,5.13952276006251,0.7663499176797438,0.4434681239654943,-6.134606663359339,14.011952351533488,252,252,0,5,dgtw,2014
ridge_textcore_dgtw_fit504_val126,ridge,textcore,504,cap_spread_bp,3.739189354507084,3.309849580093878,1.1297157964504925,0.25859599887343443,-2.747996616721938,10.226375325736106,252,252,0,5,dgtw,2014
lasso_textcore_dgtw_fit504_val126,lasso,textcore,504,rank_ic,0.018978024401791634,0.003174794750564949,5.97771695269892,2.2628645887456598e-09,0.012755541032377509,0.02520050777120576,252,252,0,5,dgtw,2014
lasso_textcore_dgtw_fit504_val126,lasso,textcore,504,ew_spread_bp,1.589765570867491,5.358324773121719,0.2966907826942535,0.7667025947087609,-8.912358001919834,12.091889143654818,252,252,0,5,dgtw,2014
lasso_textcore_dgtw_fit504_val126,lasso,textcore,504,cap_spread_bp,1.344725951956781,3.148269276194055,0.4271318092531211,0.6692833254244548,-4.825768443017552,7.5152203469311125,252,252,0,5,dgtw,2014
enet_textcore_dgtw_fit504_val126,enet,textcore,504,rank_ic,0.019491180043200756,0.0031104939800262526,6.266265155425972,3.6981041868797977e-10,0.01339472386822065,0.02558763621818086,252,252,0,5,dgtw,2014
enet_textcore_dgtw_fit504_val126,enet,textcore,504,ew_spread_bp,-0.041482888764205327,5.401622581664489,-0.007679708853598309,0.9938725391051367,-10.628468606904871,10.54550282937646,252,252,0,5,dgtw,2014
enet_textcore_dgtw_fit504_val126,enet,textcore,504,cap_spread_bp,1.6411855167492275,2.86484215485022,0.5728711838349195,0.5667319169174467,-3.9738019281493244,7.2561729616477795,252,252,0,5,dgtw,2014
ols_textall_dgtw_fit504_val126,ols,textall,504,rank_ic,0.016589158517444313,0.002654611550844776,6.249184937120142,4.126001380909482e-10,0.011386215484844534,0.02179210155004409,252,252,0,5,dgtw,2014
ols_textall_dgtw_fit504_val126,ols,textall,504,ew_spread_bp,4.829638943790486,5.273531783196335,0.9158262702008783,0.35975802256993394,-5.506293422601618,15.165571310182589,252,252,0,5,dgtw,2014
ols_textall_dgtw_fit504_val126,ols,textall,504,cap_spread_bp,1.3055104309188328,3.1077589840937505,0.42008097719313037,0.6744262988105422,-4.785585250535704,7.39660611237337,252,252,0,5,dgtw,2014
ridge_textall_dgtw_fit504_val126,ridge,textall,504,rank_ic,0.026720468108871086,0.0035376165382804193,7.553240386494657,4.2456033394719527e-14,0.019786867102728204,0.03365406911501397,252,252,0,5,dgtw,2014
ridge_textall_dgtw_fit504_val126,ridge,textall,504,ew_spread_bp,10.997473550775757,6.306335134215468,1.7438771198676368,0.08118051909492092,-1.3627161867261286,23.357663288277642,252,252,0,5,dgtw,2014
ridge_textall_dgtw_fit504_val126,ridge,textall,504,cap_spread_bp,-1.7077260903163243,3.772141860941533,-0.4527205373686749,0.6507499891254964,-9.100988282337626,5.685536101704978,252,252,0,5,dgtw,2014
lasso_textall_dgtw_fit504_val126,lasso,textall,504,rank_ic,0.021448973545994003,0.0030903707391106926,6.940582653900714,3.904860292636257e-12,0.015391958198460618,0.027505988893527386,252,252,0,5,dgtw,2014
lasso_textall_dgtw_fit504_val126,lasso,textall,504,ew_spread_bp,8.867640940586023,5.0998543003031775,1.738802800711161,0.08206945580222265,-1.1278898144099223,18.86317169558197,252,252,0,5,dgtw,2014
lasso_textall_dgtw_fit504_val126,lasso,textall,504,cap_spread_bp,1.1269345490119755,3.374371343112942,0.33396874096623586,0.7384031468139916,-5.48671175395344,7.740580851977391,252,252,0,5,dgtw,2014
enet_textall_dgtw_fit504_val126,enet,textall,504,rank_ic,0.021445744721065873,0.0030918208662807875,6.936283067027548,4.025506184006146e-12,0.015385887176506099,0.027505602265625647,252,252,0,5,dgtw,2014
enet_textall_dgtw_fit504_val126,enet,textall,504,ew_spread_bp,8.96982926612462,5.118675404811562,1.7523731349897609,0.07970966780112845,-1.0625901758570233,19.002248708106265,252,252,0,5,dgtw,2014
enet_textall_dgtw_fit504_val126,enet,textall,504,cap_spread_bp,1.140661207201782,3.4049914417781353,0.33499679124189297,0.7376275067333864,-5.532999386350475,7.8143218007540405,252,252,0,5,dgtw,2014
ols_core_dgtw_fit252_val126,ols,core,252,rank_ic,0.021139389636945526,0.003875252126178705,5.454971431185454,4.898071974844268e-08,0.013544035038622995,0.028734744235268055,252,252,0,5,dgtw,2014
ols_core_dgtw_fit252_val126,ols,core,252,ew_spread_bp,11.129556231911554,6.1107396021691756,1.8213108324826688,0.06855962072739444,-0.8472733072426486,23.106385771065757,252,252,0,5,dgtw,2014
ols_core_dgtw_fit252_val126,ols,core,252,cap_spread_bp,-2.485761839996494,2.9099107518931207,-0.8542398897901987,0.39297208528479144,-8.18908211193288,3.2175584319398913,252,252,0,5,dgtw,2014
ridge_core_dgtw_fit252_val126,ridge,core,252,rank_ic,0.02500070853886988,0.003678732412893914,6.796011705347931,1.075550433675311e-11,0.017790525500837675,0.03221089157690208,252,252,0,5,dgtw,2014
ridge_core_dgtw_fit252_val126,ridge,core,252,ew_spread_bp,15.354022280573826,6.427690380664848,2.3887308459598957,0.016906683244371057,2.7559806306961736,27.95206393045148,252,252,0,5,dgtw,2014
ridge_core_dgtw_fit252_val126,ridge,core,252,cap_spread_bp,-3.1762948991262654,2.3140078090452474,-1.3726379343710144,0.16986493279108106,-7.711666864799389,1.359077066546858,252,252,0,5,dgtw,2014
lasso_core_dgtw_fit252_val126,lasso,core,252,rank_ic,0.023562544106759467,0.0037278256809644477,6.320720474425044,2.603465893585145e-10,0.01625614003142565,0.030868948182093285,252,252,0,5,dgtw,2014
lasso_core_dgtw_fit252_val126,lasso,core,252,ew_spread_bp,19.91832622158023,6.149820864604568,3.2388465713238257,0.0012001411459347181,7.864898815582302,31.97175362757816,252,252,0,5,dgtw,2014
lasso_core_dgtw_fit252_val126,lasso,core,252,cap_spread_bp,-2.444361969332651,2.334426795637093,-1.0470930054011631,0.29505668500305526,-7.0197544133265986,2.1310304746612965,252,252,0,5,dgtw,2014
enet_core_dgtw_fit252_val126,enet,core,252,rank_ic,0.023554780476598862,0.0037275931687793993,6.3190319892961595,2.632067937007299e-10,0.016248832116773703,0.03086072883642402,252,252,0,5,dgtw,2014
enet_core_dgtw_fit252_val126,enet,core,252,ew_spread_bp,19.91832622158023,6.149820864604568,3.2388465713238257,0.0012001411459347181,7.864898815582302,31.97175362757816,252,252,0,5,dgtw,2014
enet_core_dgtw_fit252_val126,enet,core,252,cap_spread_bp,-2.444361969332651,2.334426795637093,-1.0470930054011631,0.29505668500305526,-7.0197544133265986,2.1310304746612965,252,252,0,5,dgtw,2014
ols_all_dgtw_fit252_val126,ols,all,252,rank_ic,0.009936868882636226,0.0036363914752480853,2.732618022639684,0.006283315536832233,0.002809672557461503,0.01706406520781095,252,252,0,5,dgtw,2014
ols_all_dgtw_fit252_val126,ols,all,252,ew_spread_bp,15.390629722774992,6.778314486007232,2.2705688493129874,0.023173091003205817,2.1053774543146897,28.675881991235293,252,252,0,5,dgtw,2014
ols_all_dgtw_fit252_val126,ols,all,252,cap_spread_bp,-1.4223122786905833,3.013670634301786,-0.47195345851724363,0.6369600092386205,-7.328998183188064,4.484373625806898,252,252,0,5,dgtw,2014
ridge_all_dgtw_fit252_val126,ridge,all,252,rank_ic,0.014763059951747825,0.0034211478020876956,4.3152359400371205,1.5943252773044168e-05,0.008057733473867578,0.02146838642962807,252,252,0,5,dgtw,2014
ridge_all_dgtw_fit252_val126,ridge,all,252,ew_spread_bp,13.69978700578416,6.34590830184243,2.158837845451793,0.030862749259566887,1.2620352849792624,26.137538726589057,252,252,0,5,dgtw,2014
ridge_all_dgtw_fit252_val126,ridge,all,252,cap_spread_bp,2.118605750475285,2.7782480528818096,0.7625689679788334,0.44572049735859254,-3.3266603732915936,7.563871874242164,252,252,0,5,dgtw,2014
lasso_all_dgtw_fit252_val126,lasso,all,252,rank_ic,0.012986661800073697,0.0034297868553161835,3.7864340694945278,0.00015282462025361661,0.006264403089005088,0.019708920511142307,252,252,0,5,dgtw,2014
lasso_all_dgtw_fit252_val126,lasso,all,252,ew_spread_bp,18.06215838458462,6.482671696043511,2.7862213654299777,0.005332644136129713,5.356355336742151,30.76796143242709,252,252,0,5,dgtw,2014
lasso_all_dgtw_fit252_val126,lasso,all,252,cap_spread_bp,0.679833452458855,2.8893170123706184,0.23529209482661342,0.8139820303296328,-4.983123831706427,6.342790736624137,252,252,0,5,dgtw,2014
enet_all_dgtw_fit252_val126,enet,all,252,rank_ic,0.012966332769574686,0.003428950199926254,3.781429304471541,0.00015593050551513936,0.00624571387293781,0.019686951666211563,252,252,0,5,dgtw,2014
enet_all_dgtw_fit252_val126,enet,all,252,ew_spread_bp,18.2699010045119,6.473154855901457,2.8224106191211487,0.004766410618332254,5.5827506205944815,30.95705138842932,252,252,0,5,dgtw,2014
enet_all_dgtw_fit252_val126,enet,all,252,cap_spread_bp,0.5400452324509368,2.865440412093572,0.18846849167467575,0.8505094128993462,-5.076114775098075,6.156205239999949,252,252,0,5,dgtw,2014
ols_textcore_dgtw_fit252_val126,ols,textcore,252,rank_ic,0.024051474979066203,0.0031382567693683003,7.663960200397345,1.8028578293732964e-14,0.017900604736865312,0.030202345221267093,252,252,0,5,dgtw,2014
ols_textcore_dgtw_fit252_val126,ols,textcore,252,ew_spread_bp,11.374358139067862,4.648719717033201,2.4467721935120115,0.014414191233038264,2.263034919461557,20.485681358674167,252,252,0,5,dgtw,2014
ols_textcore_dgtw_fit252_val126,ols,textcore,252,cap_spread_bp,-0.5486566390247967,3.2817517769499425,-0.167184076162737,0.8672252134601622,-6.980771928047009,5.883458649997415,252,252,0,5,dgtw,2014
ridge_textcore_dgtw_fit252_val126,ridge,textcore,252,rank_ic,0.026519232300601846,0.0036928226913205573,7.181290442926341,6.905647078489539e-13,0.01928143282432128,0.03375703177688241,252,252,0,5,dgtw,2014
ridge_textcore_dgtw_fit252_val126,ridge,textcore,252,ew_spread_bp,0.8562346397332301,5.009113644947959,0.17093535911224583,0.8642745932616083,-8.961447698832925,10.673916978299387,252,252,0,5,dgtw,2014
ridge_textcore_dgtw_fit252_val126,ridge,textcore,252,cap_spread_bp,1.7922061857815177,4.551224966317171,0.39378545315718866,0.6937394451785879,-7.128030833739657,10.712443205302693,252,252,0,5,dgtw,2014
lasso_textcore_dgtw_fit252_val126,lasso,textcore,252,rank_ic,0.024324396844890246,0.003585805083168581,6.7835245588408,1.1727884612628891e-11,0.017296348026299174,0.03135244566348132,252,252,0,5,dgtw,2014
lasso_textcore_dgtw_fit252_val126,lasso,textcore,252,ew_spread_bp,8.61347389178169,4.539698117087091,1.897367108918808,0.05777950348838496,-0.2841709183933059,17.511118701956683,252,252,0,5,dgtw,2014
lasso_textcore_dgtw_fit252_val126,lasso,textcore,252,cap_spread_bp,-2.09658422404414,3.592257435899045,-0.5836397478343369,0.5594627122358722,-9.13727942160247,4.94411097351419,252,252,0,5,dgtw,2014
enet_textcore_dgtw_fit252_val126,enet,textcore,252,rank_ic,0.02435409789200831,0.0035867930114964943,6.789936808159221,1.1218267140108079e-11,0.017324112769475222,0.031384083014541396,252,252,0,5,dgtw,2014
enet_textcore_dgtw_fit252_val126,enet,textcore,252,ew_spread_bp,8.608669916750245,4.532659354778097,1.8992536705136303,0.0575311311325908,-0.27517917280338544,17.492519006303873,252,252,0,5,dgtw,2014
enet_textcore_dgtw_fit252_val126,enet,textcore,252,cap_spread_bp,-2.5748696924831935,3.547205234496914,-0.725886866494878,0.4679081284695985,-9.527264197869101,4.377524812902715,252,252,0,5,dgtw,2014
ols_textall_dgtw_fit252_val126,ols,textall,252,rank_ic,0.021357775800211417,0.003069631233492499,6.957765990643582,3.4571081894301377e-12,0.015341409136746857,0.027374142463675977,252,252,0,5,dgtw,2014
ols_textall_dgtw_fit252_val126,ols,textall,252,ew_spread_bp,13.157005169699252,5.02227618629583,2.6197295173850597,0.008799953359885954,3.3135247241462498,23.000485615252252,252,252,0,5,dgtw,2014
ols_textall_dgtw_fit252_val126,ols,textall,252,cap_spread_bp,-2.2009956181435757,3.5263081667414653,-0.6241642857258947,0.5325196989157421,-9.112432623346312,4.710441387059159,252,252,0,5,dgtw,2014
ridge_textall_dgtw_fit252_val126,ridge,textall,252,rank_ic,0.03044766729190929,0.003579447817158416,8.50624700993141,1.7965400271492084e-17,0.02343207848573828,0.037463256098080294,252,252,0,5,dgtw,2014
ridge_textall_dgtw_fit252_val126,ridge,textall,252,ew_spread_bp,11.369033485504588,6.765608144681668,1.6804156023197405,0.09287648247881167,-1.8913148115823368,24.629381782591512,252,252,0,5,dgtw,2014
ridge_textall_dgtw_fit252_val126,ridge,textall,252,cap_spread_bp,2.105644455392372,4.53639826934994,0.46416657673535977,0.6425284054510187,-6.785532772063341,10.996821682848086,252,252,0,5,dgtw,2014
lasso_textall_dgtw_fit252_val126,lasso,textall,252,rank_ic,0.024722960724005674,0.0032633157493532593,7.576024700921263,3.5630400011551094e-14,0.018326979385090945,0.0311189420629204,252,252,0,5,dgtw,2014
lasso_textall_dgtw_fit252_val126,lasso,textall,252,ew_spread_bp,20.71854403956435,5.566900928285684,3.7217375172409586,0.000197856636095245,9.807618714621814,31.629469364506885,252,252,0,5,dgtw,2014
lasso_textall_dgtw_fit252_val126,lasso,textall,252,cap_spread_bp,-2.9153678901547306,3.894638461100266,-0.7485593128280041,0.4541228630692621,-10.548719006715752,4.717983226406291,252,252,0,5,dgtw,2014
enet_textall_dgtw_fit252_val126,enet,textall,252,rank_ic,0.02478919226636319,0.003265678738657414,7.590823914465795,3.178776893768301e-14,0.018388579553516467,0.031189804979209913,252,252,0,5,dgtw,2014
enet_textall_dgtw_fit252_val126,enet,textall,252,ew_spread_bp,20.86105233141241,5.56414286233911,3.749194233061556,0.00017740364956627425,9.955532716392147,31.76657194643267,252,252,0,5,dgtw,2014
enet_textall_dgtw_fit252_val126,enet,textall,252,cap_spread_bp,-3.0552525915348507,3.890012101702625,-0.7854095338668979,0.4322134927284631,-10.679536210296957,4.569031027227256,252,252,0,5,dgtw,2014
ols_core_dgtw_fit756_val126,ols,core,756,rank_ic,0.021548998709099716,0.0033550143913408464,6.422922883644491,1.3368222545824165e-10,0.014973291334458086,0.028124706083741347,252,252,0,5,dgtw,2014
ols_core_dgtw_fit756_val126,ols,core,756,ew_spread_bp,12.18937370000956,4.697788024162106,2.5947049201275205,0.009467215919541552,2.9818783656482495,21.39686903437087,252,252,0,5,dgtw,2014
ols_core_dgtw_fit756_val126,ols,core,756,cap_spread_bp,-2.3092520954092803,3.2298916529482495,-0.714962711922981,0.47463208446090266,-8.639723409154392,4.021219218335832,252,252,0,5,dgtw,2014
ridge_core_dgtw_fit756_val126,ridge,core,756,rank_ic,0.02255866126052199,0.0033912846692950808,6.6519515346999984,2.8923195398322463e-11,0.015911865447380803,0.029205457073663177,252,252,0,5,dgtw,2014
ridge_core_dgtw_fit756_val126,ridge,core,756,ew_spread_bp,14.818944603536785,4.73502235944433,3.1296461724155056,0.0017501697300426023,5.538471313034028,24.09941789403954,252,252,0,5,dgtw,2014
ridge_core_dgtw_fit756_val126,ridge,core,756,cap_spread_bp,-1.6767631188060599,3.10122015897513,-0.5406785177612753,0.5887291879047851,-7.755042938526895,4.401516700914776,252,252,0,5,dgtw,2014
lasso_core_dgtw_fit756_val126,lasso,core,756,rank_ic,0.02350130644980573,0.0034444043693563665,6.823039321076366,8.913424524693583e-12,0.016750397937674855,0.030252214961936606,252,252,0,5,dgtw,2014
lasso_core_dgtw_fit756_val126,lasso,core,756,ew_spread_bp,17.184875807950167,5.166512449934128,3.326204276962358,0.0008803738263521833,7.058697480401477,27.311054135498857,252,252,0,5,dgtw,2014
lasso_core_dgtw_fit756_val126,lasso,core,756,cap_spread_bp,-1.1414247961026833,2.930654408165911,-0.3894777879378211,0.6969227387483126,-6.885401887241416,4.60255229503605,252,252,0,5,dgtw,2014
enet_core_dgtw_fit756_val126,enet,core,756,rank_ic,0.0235005800349236,0.0034440162897794667,6.823597235780912,8.878859407419283e-12,0.01675043214478658,0.030250727925060616,252,252,0,5,dgtw,2014
enet_core_dgtw_fit756_val126,enet,core,756,ew_spread_bp,17.184875807950167,5.166512449934128,3.326204276962358,0.0008803738263521833,7.058697480401477,27.311054135498857,252,252,0,5,dgtw,2014
enet_core_dgtw_fit756_val126,enet,core,756,cap_spread_bp,-1.1414247961026833,2.930654408165911,-0.3894777879378211,0.6969227387483126,-6.885401887241416,4.60255229503605,252,252,0,5,dgtw,2014
ols_all_dgtw_fit756_val126,ols,all,756,rank_ic,0.00569673890028544,0.0034561537528700788,1.6482886201329214,0.09929345882843109,-0.0010771979803728612,0.01247067578094374,252,252,0,5,dgtw,2014
ols_all_dgtw_fit756_val126,ols,all,756,ew_spread_bp,12.586458977290992,6.120819216975677,2.0563356849983903,0.03975017090019844,0.5898737561380099,24.58304419844397,252,252,0,5,dgtw,2014
ols_all_dgtw_fit756_val126,ols,all,756,cap_spread_bp,0.15045469619654356,2.8748416214284673,0.05233495128047603,0.9582618043705629,-5.4841313430599845,5.785040735453072,252,252,0,5,dgtw,2014
ridge_all_dgtw_fit756_val126,ridge,all,756,rank_ic,0.01260954139309667,0.0033822418449096195,3.728160779535747,0.0001928823139198373,0.005980469190069508,0.019238613596123832,252,252,0,5,dgtw,2014
ridge_all_dgtw_fit756_val126,ridge,all,756,ew_spread_bp,15.732214672667242,5.969267609054127,2.6355351616008593,0.008400472188323117,4.032665144839635,27.431764200494847,252,252,0,5,dgtw,2014
ridge_all_dgtw_fit756_val126,ridge,all,756,cap_spread_bp,-1.066160879466771,2.5353041057641184,-0.4205258363455533,0.6741013593517454,-6.03526561662097,3.9029438576874287,252,252,0,5,dgtw,2014
lasso_all_dgtw_fit756_val126,lasso,all,756,rank_ic,0.007180583764013558,0.0030821120712070642,2.3297607608413107,0.01981879914337215,0.001139755108131562,0.013221412419895554,252,252,0,5,dgtw,2014
lasso_all_dgtw_fit756_val126,lasso,all,756,ew_spread_bp,14.81760848551236,6.3815551305507405,2.3219431913351776,0.020235994731895444,2.309990264276106,27.325226706748616,252,252,0,5,dgtw,2014
lasso_all_dgtw_fit756_val126,lasso,all,756,cap_spread_bp,0.7268670704225577,2.997114255326135,0.24252230929496635,0.808375472423165,-5.147368927568251,6.601103068413367,252,252,0,5,dgtw,2014
enet_all_dgtw_fit756_val126,enet,all,756,rank_ic,0.0072543984854841126,0.003091804574342296,2.3463315067470925,0.018959236237694313,0.0011945728725370206,0.013314224098431204,252,252,0,5,dgtw,2014
enet_all_dgtw_fit756_val126,enet,all,756,ew_spread_bp,15.211383617596564,6.360877457128547,2.3913970549062187,0.016784390211725553,2.74429289155189,27.678474343641238,252,252,0,5,dgtw,2014
enet_all_dgtw_fit756_val126,enet,all,756,cap_spread_bp,0.5507080942110434,3.0099765568100065,0.182960924717197,0.8548286785855785,-5.348737551446449,6.4501537398685365,252,252,0,5,dgtw,2014
ols_textcore_dgtw_fit756_val126,ols,textcore,756,rank_ic,0.021447929896754463,0.0030562146970204563,7.01780863682919,2.25374923856063e-12,0.015457859161572374,0.027438000631936552,252,252,0,5,dgtw,2014
ols_textcore_dgtw_fit756_val126,ols,textcore,756,ew_spread_bp,4.75247833934812,4.334793553814232,1.0963563270888328,0.2729228682868128,-3.7435609065441637,13.248517585240403,252,252,0,5,dgtw,2014
ols_textcore_dgtw_fit756_val126,ols,textcore,756,cap_spread_bp,3.0445369320137425,2.6326313689959955,1.1564615418127586,0.2474924214977995,-2.115325735788786,8.20439959981627,252,252,0,5,dgtw,2014
ridge_textcore_dgtw_fit756_val126,ridge,textcore,756,rank_ic,0.02051438824755187,0.0035935924473588132,5.708601781659841,1.1390805218910207e-08,0.013471076475613446,0.027557700019490292,252,252,0,5,dgtw,2014
ridge_textcore_dgtw_fit756_val126,ridge,textcore,756,ew_spread_bp,3.049953156899986,4.66996877661755,0.6530992609995696,0.5136922886669919,-6.103017454196988,12.20292376799696,252,252,0,5,dgtw,2014
ridge_textcore_dgtw_fit756_val126,ridge,textcore,756,cap_spread_bp,5.1008653386943354,3.220730182324511,1.5837605294253077,0.11324822455597962,-1.211649822582828,11.413380499971499,252,252,0,5,dgtw,2014
lasso_textcore_dgtw_fit756_val126,lasso,textcore,756,rank_ic,0.02025020107105568,0.003345381285344733,6.053181788206527,1.4201245051816066e-09,0.013693374237225692,0.02680702790488567,252,252,0,5,dgtw,2014
lasso_textcore_dgtw_fit756_val126,lasso,textcore,756,ew_spread_bp,4.871330695655866,4.464403049346523,1.0911493970888015,0.27520715002713936,-3.8787384935341134,13.621399884845845,252,252,0,5,dgtw,2014
lasso_textcore_dgtw_fit756_val126,lasso,textcore,756,cap_spread_bp,3.4319675221534314,2.8612926669995824,1.1994465165118087,0.23035436938365594,-2.1760630543943082,9.03999809870117,252,252,0,5,dgtw,2014
enet_textcore_dgtw_fit756_val126,enet,textcore,756,rank_ic,0.020244147100833405,0.0033450039248338333,6.052054812413727,1.4300978895435578e-09,0.013688059880013965,0.026800234321652842,252,252,0,5,dgtw,2014
enet_textcore_dgtw_fit756_val126,enet,textcore,756,ew_spread_bp,4.7113634828850515,4.47008686506997,1.0539758230875689,0.29189398627913854,-4.049845780417645,13.472572746187748,252,252,0,5,dgtw,2014
enet_textcore_dgtw_fit756_val126,enet,textcore,756,cap_spread_bp,3.423356764642316,2.857223417621179,1.1981410846382043,0.23086209673466285,-2.17669822967964,9.023411758964272,252,252,0,5,dgtw,2014
ols_textall_dgtw_fit756_val126,ols,textall,756,rank_ic,0.019566054828584117,0.0028373810548797153,6.895814996344782,5.355685786698968e-12,0.014004890150603608,0.025127219506564626,252,252,0,5,dgtw,2014
ols_textall_dgtw_fit756_val126,ols,textall,756,ew_spread_bp,7.654823846759296,5.245973017686035,1.4591809414482635,0.14451531293633968,-2.627094331774236,17.93674202529283,252,252,0,5,dgtw,2014
ols_textall_dgtw_fit756_val126,ols,textall,756,cap_spread_bp,4.059297775394619,2.811585858013037,1.4437751434214947,0.14880223613392826,-1.4513092457530803,9.569904796542318,252,252,0,5,dgtw,2014
ridge_textall_dgtw_fit756_val126,ridge,textall,756,rank_ic,0.023256300065061755,0.0034633731242241224,6.714927682033023,1.8815951473829836e-11,0.01646821347655851,0.030044386653565,252,252,0,5,dgtw,2014
ridge_textall_dgtw_fit756_val126,ridge,textall,756,ew_spread_bp,9.358633588055818,5.783660330573037,1.6181160464395008,0.10563759097980652,-1.9771323586803575,20.694399534791994,252,252,0,5,dgtw,2014
ridge_textall_dgtw_fit756_val126,ridge,textall,756,cap_spread_bp,0.7750162738782058,3.768147410413957,0.20567567811607054,0.8370442584157209,-6.610416938971019,8.160449486727432,252,252,0,5,dgtw,2014
lasso_textall_dgtw_fit756_val126,lasso,textall,756,rank_ic,0.017842365881754804,0.003159121371863018,5.647888694834376,1.624302806376614e-08,0.011650601770112522,0.024034129993397085,252,252,0,5,dgtw,2014
lasso_textall_dgtw_fit756_val126,lasso,textall,756,ew_spread_bp,9.096489294794912,5.2112704445328255,1.745541589448326,0.08089063960091926,-1.1174130901874637,19.31039167977729,252,252,0,5,dgtw,2014
lasso_textall_dgtw_fit756_val126,lasso,textall,756,cap_spread_bp,1.1946619131125333,3.19587094096483,0.3738141918684195,0.7085425601452826,-5.069130030416667,7.458453856641733,252,252,0,5,dgtw,2014
enet_textall_dgtw_fit756_val126,enet,textall,756,rank_ic,0.01784417263389228,0.0031579104730286994,5.650626509616731,1.598641009177168e-08,0.011654781840354185,0.024033563427430377,252,252,0,5,dgtw,2014
enet_textall_dgtw_fit756_val126,enet,textall,756,ew_spread_bp,9.039611954887766,5.170566950965238,1.748282546307665,0.08041511398108238,-1.0945130486571806,19.173736958432713,252,252,0,5,dgtw,2014
enet_textall_dgtw_fit756_val126,enet,textall,756,cap_spread_bp,1.2414317984321328,3.1367102106656355,0.3957751003618185,0.6922709471729342,-4.906407244411559,7.389270841275824,252,252,0,5,dgtw,2014
nn3_core_dgtw_fit504_val126,nn3,core,504,rank_ic,0.018166230291669905,0.003747241794254245,4.847893808060295,1.2477915989507334e-06,0.010821771333568334,0.025510689249771477,252,252,0,5,dgtw,2014
nn3_core_dgtw_fit504_val126,nn3,core,504,ew_spread_bp,7.132815391206601,6.188780509401367,1.1525397257781484,0.24909935519091775,-4.996971515443527,19.26260229785673,252,252,0,5,dgtw,2014
nn3_core_dgtw_fit504_val126,nn3,core,504,cap_spread_bp,0.19815477108508572,2.6383564140507487,0.07510538380250631,0.9401308642710533,-4.972928778834628,5.369238321004801,252,252,0,5,dgtw,2014
nn3_textcore_dgtw_fit504_val126,nn3,textcore,504,rank_ic,0.016870308587455595,0.002769295159402221,6.091914229575013,1.115684598170864e-09,0.011442589812466134,0.022298027362445058,252,252,0,5,dgtw,2014
nn3_textcore_dgtw_fit504_val126,nn3,textcore,504,ew_spread_bp,8.358766771567261,4.34860506693112,1.9221719707616898,0.05458412246032292,-0.16434254260612668,16.88187608574065,252,252,0,5,dgtw,2014
nn3_textcore_dgtw_fit504_val126,nn3,textcore,504,cap_spread_bp,-2.0717526417373455,3.1809349962813545,-0.6513030427089238,0.5148508846401167,-8.30627067161185,4.16276538813716,252,252,0,5,dgtw,2014
nn3_all_dgtw_fit504_val126,nn3,all,504,rank_ic,0.011593951177844555,0.0029039318663033257,3.992501102515029,6.538002891766573e-05,0.005902349306331853,0.017285553049357257,252,252,0,5,dgtw,2014
nn3_all_dgtw_fit504_val126,nn3,all,504,ew_spread_bp,9.448443478563075,5.809876256434328,1.626272757203581,0.10389164446042616,-1.9387047386826044,20.835591695808752,252,252,0,5,dgtw,2014
nn3_all_dgtw_fit504_val126,nn3,all,504,cap_spread_bp,1.8845404466882234,3.0290947132732935,0.6221464249467973,0.5338455905639317,-4.052376097088113,7.8214569904645606,252,252,0,5,dgtw,2014
nn3_textall_dgtw_fit504_val126,nn3,textall,504,rank_ic,0.01781135700663422,0.0023735078106579596,7.504233576419847,6.178904251642817e-14,0.013159367180720107,0.022463346832548334,252,252,0,5,dgtw,2014
nn3_textall_dgtw_fit504_val126,nn3,textall,504,ew_spread_bp,9.175753114782992,5.060421238374873,1.8132389938608622,0.06979496801309286,-0.7424902590333371,19.093996488599323,252,252,0,5,dgtw,2014
nn3_textall_dgtw_fit504_val126,nn3,textall,504,cap_spread_bp,-1.4675262223046892,2.779233056888721,-0.528032803390568,0.5974765683134585,-6.9147229184497405,3.9796704738403625,252,252,0,5,dgtw,2014
nn3_core_dgtw_fit252_val126,nn3,core,252,rank_ic,0.02165522056979439,0.003311589592452111,6.539222317630094,6.18395431512295e-11,0.01516462423701058,0.028145816902578204,252,252,0,5,dgtw,2014
nn3_core_dgtw_fit252_val126,nn3,core,252,ew_spread_bp,10.3088489693796,5.25411862064713,1.9620510524579473,0.04975654080052464,0.010965702409958311,20.60673223634924,252,252,0,5,dgtw,2014
nn3_core_dgtw_fit252_val126,nn3,core,252,cap_spread_bp,-3.8008787473114896,2.5143036662310707,-1.5117023446133653,0.13060960190788282,-8.728823379321405,1.127065884698426,252,252,0,5,dgtw,2014
nn3_textcore_dgtw_fit252_val126,nn3,textcore,252,rank_ic,0.018261214599637837,0.0029613968044132936,6.166419364140468,6.985367626590732e-10,0.012456983519055775,0.0240654456802199,252,252,0,5,dgtw,2014
nn3_textcore_dgtw_fit252_val126,nn3,textcore,252,ew_spread_bp,14.53365852878588,5.300037896798082,2.742180114894295,0.0061032864571915835,4.145775134364223,24.921541923207535,252,252,0,5,dgtw,2014
nn3_textcore_dgtw_fit252_val126,nn3,textcore,252,cap_spread_bp,0.8335684968724197,3.503744388606679,0.2379079077751736,0.8119525220719824,-6.033644315830982,7.700781309575822,252,252,0,5,dgtw,2014
nn3_all_dgtw_fit252_val126,nn3,all,252,rank_ic,0.004976561779617241,0.0024461482515717495,2.034448147784828,0.041906431559511674,0.0001821993056909891,0.009770924253543494,252,252,0,5,dgtw,2014
nn3_all_dgtw_fit252_val126,nn3,all,252,ew_spread_bp,1.6614457065383135,5.258457078130284,0.31595688276095296,0.7520352354583723,-8.64494078084677,11.967832193923396,252,252,0,5,dgtw,2014
nn3_all_dgtw_fit252_val126,nn3,all,252,cap_spread_bp,0.07553099530822366,3.267200414840391,0.023117955961668026,0.9815561827274351,-6.328064148053266,6.479126138669714,252,252,0,5,dgtw,2014
nn3_textall_dgtw_fit252_val126,nn3,textall,252,rank_ic,0.016934447726670132,0.0025343665961273134,6.681925082404074,2.3582358534690658e-11,0.011967180474639228,0.021901714978701036,252,252,0,5,dgtw,2014
nn3_textall_dgtw_fit252_val126,nn3,textall,252,ew_spread_bp,11.385716496214206,5.414292929288328,2.1028999806463706,0.03547451353682375,0.7738973530592137,21.997535639369197,252,252,0,5,dgtw,2014
nn3_textall_dgtw_fit252_val126,nn3,textall,252,cap_spread_bp,0.16431709171568415,3.7225313052718527,0.04414122494630955,0.9647918320373996,-7.131710197940024,7.460344381371393,252,252,0,5,dgtw,2014
nn3_core_dgtw_fit756_val126,nn3,core,756,rank_ic,0.023525261039924018,0.0033457097302338735,7.031471029101961,2.043673039372333e-12,0.016967790465940408,0.030082731613907628,252,252,0,5,dgtw,2014
nn3_core_dgtw_fit756_val126,nn3,core,756,ew_spread_bp,17.67771454256272,6.279145741790127,2.8153056593209387,0.004873086067011779,5.370815034976028,29.98461405014941,252,252,0,5,dgtw,2014
nn3_core_dgtw_fit756_val126,nn3,core,756,cap_spread_bp,1.8982090219326038,2.563501304994373,0.7404751533515488,0.4590117321518311,-3.126161210177796,6.922579254043003,252,252,0,5,dgtw,2014
nn3_textcore_dgtw_fit756_val126,nn3,textcore,756,rank_ic,0.01601467002883443,0.0027254736028338505,5.875921899292272,4.204965534022973e-09,0.01067283992646546,0.0213565001312034,252,252,0,5,dgtw,2014
nn3_textcore_dgtw_fit756_val126,nn3,textcore,756,ew_spread_bp,3.484715861741834,5.004219423327544,0.6963555285960423,0.4862062061176431,-6.32337397871595,13.292805702199619,252,252,0,5,dgtw,2014
nn3_textcore_dgtw_fit756_val126,nn3,textcore,756,cap_spread_bp,2.239864460656342,2.885084600863117,0.7763600623656763,0.43753641866498283,-3.414797449386484,7.894526370699168,252,252,0,5,dgtw,2014
nn3_all_dgtw_fit756_val126,nn3,all,756,rank_ic,0.013032501994734278,0.0027610114019777886,4.720191298521526,2.356229449201487e-06,0.00762101908595337,0.018443984903515186,252,252,0,5,dgtw,2014
nn3_all_dgtw_fit756_val126,nn3,all,756,ew_spread_bp,8.162939370838663,6.228844480822172,1.310506209614211,0.19002464493212556,-4.0453714768738855,20.37125021855121,252,252,0,5,dgtw,2014
nn3_all_dgtw_fit756_val126,nn3,all,756,cap_spread_bp,4.714417308001697,2.9437800771060996,1.6014842089142178,0.10926971477906375,-1.0552856215328017,10.484120237536196,252,252,0,5,dgtw,2014
nn3_textall_dgtw_fit756_val126,nn3,textall,756,rank_ic,0.012801527533894283,0.0030935588529605092,4.138123159235627,3.5015840739972815e-05,0.006738263598036644,0.018864791469751924,252,252,0,5,dgtw,2014
nn3_textall_dgtw_fit756_val126,nn3,textall,756,ew_spread_bp,10.1401029398022,4.321082413061528,2.3466580755671913,0.01894262913507089,1.670937035972175,18.609268843632222,252,252,0,5,dgtw,2014
nn3_textall_dgtw_fit756_val126,nn3,textall,756,cap_spread_bp,1.1877053407880986,3.6729643626084054,0.32336424302920097,0.7464194060303326,-6.011172526423492,8.386583207999688,252,252,0,5,dgtw,2014
ols_core_dgtw_fit504_val126,ols,core,504,rank_ic,0.023240838953884648,0.0042910933627051066,5.416064622568271,6.092508891535885e-08,0.014830450508683769,0.031651227399085526,252,252,0,5,dgtw,2015
ols_core_dgtw_fit504_val126,ols,core,504,ew_spread_bp,12.13835131651752,7.150047491791174,1.697660236586305,0.08957190673736398,-1.8754842551441282,26.152186888179166,252,252,0,5,dgtw,2015
ols_core_dgtw_fit504_val126,ols,core,504,cap_spread_bp,-2.9934303886411833,2.828582694254094,-1.0582792557990106,0.2899281474174804,-8.537350596672479,2.550489819390113,252,252,0,5,dgtw,2015
ridge_core_dgtw_fit504_val126,ridge,core,504,rank_ic,0.024354488537767685,0.004239398736944523,5.744797800105206,9.20308928170036e-09,0.016045419697251824,0.032663557378283546,252,252,0,5,dgtw,2015
ridge_core_dgtw_fit504_val126,ridge,core,504,ew_spread_bp,18.492736696755184,7.312922430783544,2.5287751746019516,0.011446132140959901,4.1596721106843315,32.825801282826035,252,252,0,5,dgtw,2015
ridge_core_dgtw_fit504_val126,ridge,core,504,cap_spread_bp,-2.274112690487456,2.5700090892517364,-0.8848656216813492,0.37622911165422757,-7.3112379453614444,2.7630125643865333,252,252,0,5,dgtw,2015
lasso_core_dgtw_fit504_val126,lasso,core,504,rank_ic,0.02425650076193815,0.004298140706363224,5.643486897957384,1.666402135610276e-08,0.015832299776980682,0.032680701746895614,252,252,0,5,dgtw,2015
lasso_core_dgtw_fit504_val126,lasso,core,504,ew_spread_bp,15.377465560738049,6.993404070809963,2.1988527196537437,0.027888396427639465,1.6706454526147194,29.084285668861376,252,252,0,5,dgtw,2015
lasso_core_dgtw_fit504_val126,lasso,core,504,cap_spread_bp,-2.0695732946348744,2.6644499591745605,-0.7767356588960007,0.4373147439931869,-7.29179925322623,3.152652663956481,252,252,0,5,dgtw,2015
enet_core_dgtw_fit504_val126,enet,core,504,rank_ic,0.02425559035597582,0.0042984520298948265,5.642866359164487,1.6724216193499764e-08,0.015830779188108872,0.032680401523842766,252,252,0,5,dgtw,2015
enet_core_dgtw_fit504_val126,enet,core,504,ew_spread_bp,15.34056388584766,6.997749504644842,2.192213921870906,0.028364063675682206,1.6252268839107646,29.055900887784553,252,252,0,5,dgtw,2015
enet_core_dgtw_fit504_val126,enet,core,504,cap_spread_bp,-2.070789526166004,2.664398596691366,-0.777207107351542,0.43703658964900716,-7.292914816140142,3.151335763808134,252,252,0,5,dgtw,2015
ols_all_dgtw_fit504_val126,ols,all,504,rank_ic,0.01960031390926159,0.003585011738101243,5.467294207422221,4.569572513733146e-08,0.012573820018429814,0.02662680780009337,252,252,0,5,dgtw,2015
ols_all_dgtw_fit504_val126,ols,all,504,ew_spread_bp,18.41425748462898,6.281443085575242,2.931532966829809,0.003372935648725123,6.102855265963356,30.725659703294603,252,252,0,5,dgtw,2015
ols_all_dgtw_fit504_val126,ols,all,504,cap_spread_bp,3.1422589465308963,3.1703874418443987,0.9911277420096206,0.321623208200979,-3.0715862565222,9.356104149583992,252,252,0,5,dgtw,2015
ridge_all_dgtw_fit504_val126,ridge,all,504,rank_ic,0.02068625460483054,0.003571724218066791,5.791671848625271,6.968920291525298e-09,0.013685803774710145,0.027686705434950935,252,252,0,5,dgtw,2015
ridge_all_dgtw_fit504_val126,ridge,all,504,ew_spread_bp,19.729924028420026,6.9807541558753545,2.82633130860429,0.004708453682377845,6.047897297976025,33.41195075886402,252,252,0,5,dgtw,2015
ridge_all_dgtw_fit504_val126,ridge,all,504,cap_spread_bp,-0.3068266305412331,2.963504730641096,-0.1035350567754475,0.917538327703019,-6.115189170611855,5.501535909529388,252,252,0,5,dgtw,2015
lasso_all_dgtw_fit504_val126,lasso,all,504,rank_ic,0.01965730763778642,0.0038761599045209366,5.071335580056755,3.950334776158556e-07,0.012060173826607169,0.02725444144896567,252,252,0,5,dgtw,2015
lasso_all_dgtw_fit504_val126,lasso,all,504,ew_spread_bp,13.343369688569055,6.314845577996895,2.1130159912479836,0.03459939919826924,0.9664997877631212,25.72023958937499,252,252,0,5,dgtw,2015
lasso_all_dgtw_fit504_val126,lasso,all,504,cap_spread_bp,-0.612329024226713,2.820689108851827,-0.21708490393539473,0.8281421783673767,-6.140778089160674,4.916120040707248,252,252,0,5,dgtw,2015
enet_all_dgtw_fit504_val126,enet,all,504,rank_ic,0.019687379116303055,0.003876903322152587,5.078119695120992,3.8118853191991357e-07,0.012088788233340298,0.027285969999265813,252,252,0,5,dgtw,2015
enet_all_dgtw_fit504_val126,enet,all,504,ew_spread_bp,13.425026164621245,6.304477296611429,2.129443177126994,0.03321761141049056,1.0684777219124015,25.78157460733009,252,252,0,5,dgtw,2015
enet_all_dgtw_fit504_val126,enet,all,504,cap_spread_bp,-0.4408097363521998,2.842290039656324,-0.15508963905932005,0.8767506501888402,-6.011595847695517,5.129976374991118,252,252,0,5,dgtw,2015
ols_textcore_dgtw_fit504_val126,ols,textcore,504,rank_ic,0.0218781589844168,0.0027029695600146674,8.094119633481215,5.767998041469979e-16,0.016580435995479974,0.027175881973353626,252,252,0,5,dgtw,2015
ols_textcore_dgtw_fit504_val126,ols,textcore,504,ew_spread_bp,7.576094278267525,6.590369579830875,1.1495704734759271,0.2503208251482998,-5.3407927430093585,20.492981299544407,252,252,0,5,dgtw,2015
ols_textcore_dgtw_fit504_val126,ols,textcore,504,cap_spread_bp,7.601782921029041,4.200975881216544,1.809527865898547,0.07036903502426964,-0.6319785060768011,15.835544348134881,252,252,0,5,dgtw,2015
ridge_textcore_dgtw_fit504_val126,ridge,textcore,504,rank_ic,0.021434706323486097,0.0031179774335341882,6.874554668983004,6.2183808207043675e-12,0.015323582849150457,0.027545829797821737,252,252,0,5,dgtw,2015
ridge_textcore_dgtw_fit504_val126,ridge,textcore,504,ew_spread_bp,8.736013177721318,5.628189361170907,1.5521889220699299,0.12061702597854866,-2.2950352683451545,19.76706162378779,252,252,0,5,dgtw,2015
ridge_textcore_dgtw_fit504_val126,ridge,textcore,504,cap_spread_bp,0.9247061538403974,3.893669196537791,0.2374896549153781,0.8122769438530206,-6.706745239086682,8.556157546767476,252,252,0,5,dgtw,2015
lasso_textcore_dgtw_fit504_val126,lasso,textcore,504,rank_ic,0.02396174432040222,0.0036725834402552655,6.524492829150463,6.823201436482228e-11,0.016763613047283688,0.03115987559352075,252,252,0,5,dgtw,2015
lasso_textcore_dgtw_fit504_val126,lasso,textcore,504,ew_spread_bp,11.544622323910618,7.031941192399051,1.6417404537440392,0.10064380414781718,-2.237729154595165,25.3269738024164,252,252,0,5,dgtw,2015
lasso_textcore_dgtw_fit504_val126,lasso,textcore,504,cap_spread_bp,4.299871701438641,4.390932561871945,0.979261612618691,0.3274507325540803,-4.306197978374564,12.905941381251846,252,252,0,5,dgtw,2015
enet_textcore_dgtw_fit504_val126,enet,textcore,504,rank_ic,0.023919357341665497,0.0036377429865506257,6.575329106564031,4.854567114121307e-11,0.016789512103013098,0.031049202580317896,252,252,0,5,dgtw,2015
enet_textcore_dgtw_fit504_val126,enet,textcore,504,ew_spread_bp,11.452826371318427,6.884097327112821,1.6636642143642852,0.09617955146728245,-2.039756455891153,24.945409198528004,252,252,0,5,dgtw,2015
enet_textcore_dgtw_fit504_val126,enet,textcore,504,cap_spread_bp,4.982632254783379,4.337235858403123,1.1488036199668137,0.2506369663681861,-3.5181938201424092,13.483458329709167,252,252,0,5,dgtw,2015
ols_textall_dgtw_fit504_val126,ols,textall,504,rank_ic,0.022405174704752867,0.0026902572510316873,8.32826477696908,8.203587420340715e-17,0.01713236738358303,0.027677982025922705,252,252,0,5,dgtw,2015
ols_textall_dgtw_fit504_val126,ols,textall,504,ew_spread_bp,13.796677459959984,5.379489299728917,2.564681643786377,0.01032705094167404,3.2530721772727116,24.340282742647254,252,252,0,5,dgtw,2015
ols_textall_dgtw_fit504_val126,ols,textall,504,cap_spread_bp,6.653354032959064,4.527864756202126,1.4694241968790058,0.1417177682780594,-2.2210978160653356,15.527805881983465,252,252,0,5,dgtw,2015
ridge_textall_dgtw_fit504_val126,ridge,textall,504,rank_ic,0.025592785749161698,0.0034209746721535336,7.481138623294985,7.368140623538537e-14,0.01888779859971705,0.032297772898606344,252,252,0,5,dgtw,2015
ridge_textall_dgtw_fit504_val126,ridge,textall,504,ew_spread_bp,14.395783746750816,6.245181711897234,2.3051024631239265,0.021160835585284588,2.155452514524036,26.636114978977595,252,252,0,5,dgtw,2015
ridge_textall_dgtw_fit504_val126,ridge,textall,504,cap_spread_bp,2.83862058559407,4.112057117733301,0.6903164290574857,0.48999521844801786,-5.2208632675347815,10.898104438722921,252,252,0,5,dgtw,2015
lasso_textall_dgtw_fit504_val126,lasso,textall,504,rank_ic,0.02372832315575439,0.003127229671690471,7.587649660195149,3.257602581664894e-14,0.01759906562785605,0.029857580683652733,252,252,0,5,dgtw,2015
lasso_textall_dgtw_fit504_val126,lasso,textall,504,ew_spread_bp,16.274677734279493,6.630386695862102,2.454559361437578,0.01410573732085646,3.2793586068162437,29.26999686174274,252,252,0,5,dgtw,2015
lasso_textall_dgtw_fit504_val126,lasso,textall,504,cap_spread_bp,7.078078409122442,4.135723423160902,1.7114486837982796,0.08699831658345786,-1.0277905502916322,15.183947368536517,252,252,0,5,dgtw,2015
enet_textall_dgtw_fit504_val126,enet,textall,504,rank_ic,0.023735296207391957,0.0031288108582370948,7.586043798366717,3.298209764052758e-14,0.017602939610809394,0.02986765280397452,252,252,0,5,dgtw,2015
enet_textall_dgtw_fit504_val126,enet,textall,504,ew_spread_bp,16.189512350706902,6.5319026582785975,2.4785293348161206,0.013192526235321423,3.3872183899594113,28.991806311454393,252,252,0,5,dgtw,2015
enet_textall_dgtw_fit504_val126,enet,textall,504,cap_spread_bp,7.013115145254444,4.14573060087176,1.6916475816783014,0.09071318843900252,-1.1123675220598024,15.13859781256869,252,252,0,5,dgtw,2015
ols_core_dgtw_fit252_val126,ols,core,252,rank_ic,0.02338505138347053,0.0042326546469857226,5.524913637857072,3.296477219757109e-08,0.015089200716382417,0.031680902050558644,252,252,0,5,dgtw,2015
ols_core_dgtw_fit252_val126,ols,core,252,ew_spread_bp,14.77577147515026,7.3794706920415925,2.002280663718229,0.04525455443938715,0.3122746937798695,29.23926825652065,252,252,0,5,dgtw,2015
ols_core_dgtw_fit252_val126,ols,core,252,cap_spread_bp,-3.556460673595852,2.5950711476464843,-1.3704675021420005,0.1705410131894095,-8.642706660301986,1.5297853131102825,252,252,0,5,dgtw,2015
ridge_core_dgtw_fit252_val126,ridge,core,252,rank_ic,0.024091746991728984,0.004249336086662388,5.669532016388867,1.4318809245681547e-08,0.01576320130366433,0.03242029267979364,252,252,0,5,dgtw,2015
ridge_core_dgtw_fit252_val126,ridge,core,252,ew_spread_bp,17.341911497267496,7.236485202706897,2.396455048478582,0.01655452390236318,3.1586611253049455,31.525161869230047,252,252,0,5,dgtw,2015
ridge_core_dgtw_fit252_val126,ridge,core,252,cap_spread_bp,-2.360203191343035,2.547761747606898,-0.9263830079715907,0.35424697143922756,-7.353724457841382,2.6333180751553122,252,252,0,5,dgtw,2015
lasso_core_dgtw_fit252_val126,lasso,core,252,rank_ic,0.024125650841554616,0.004249547661688389,5.67722796923973,1.3689498124388212e-08,0.01579669047405897,0.03245461120905026,252,252,0,5,dgtw,2015
lasso_core_dgtw_fit252_val126,lasso,core,252,ew_spread_bp,16.180416610043295,6.8902354581733976,2.3483111293170125,0.018858760911887956,2.675803267022598,29.685029953063992,252,252,0,5,dgtw,2015
lasso_core_dgtw_fit252_val126,lasso,core,252,cap_spread_bp,-2.5597391044305833,2.578861214017674,-0.9925850567362251,0.3209122100136569,-7.614214205032464,2.4947359961712983,252,252,0,5,dgtw,2015
enet_core_dgtw_fit252_val126,enet,core,252,rank_ic,0.02412557260455877,0.004249622676298133,5.677109344111152,1.3698991227875775e-08,0.015796465211129714,0.032454679997987824,252,252,0,5,dgtw,2015
enet_core_dgtw_fit252_val126,enet,core,252,ew_spread_bp,16.180416610043295,6.8902354581733976,2.3483111293170125,0.018858760911887956,2.675803267022598,29.685029953063992,252,252,0,5,dgtw,2015
enet_core_dgtw_fit252_val126,enet,core,252,cap_spread_bp,-2.5597391044305833,2.578861214017674,-0.9925850567362251,0.3209122100136569,-7.614214205032464,2.4947359961712983,252,252,0,5,dgtw,2015
ols_all_dgtw_fit252_val126,ols,all,252,rank_ic,0.02422426252257089,0.003941111601488703,6.146555838058606,7.918345573730221e-10,0.016499825724600056,0.03194869932054172,252,252,0,5,dgtw,2015
ols_all_dgtw_fit252_val126,ols,all,252,ew_spread_bp,17.447985063182678,6.570131117432685,2.6556524902353202,0.007915513696380893,4.5707646993087145,30.32520542705664,252,252,0,5,dgtw,2015
ols_all_dgtw_fit252_val126,ols,all,252,cap_spread_bp,0.17148084901102048,3.2582860313527897,0.05262915758805383,0.9580273847620103,-6.2146424237703926,6.5576041217924335,252,252,0,5,dgtw,2015
ridge_all_dgtw_fit252_val126,ridge,all,252,rank_ic,0.024157550419508397,0.004037862315160752,5.982757343856251,2.1939149201393344e-09,0.0162434857072618,0.032071615131754994,252,252,0,5,dgtw,2015
ridge_all_dgtw_fit252_val126,ridge,all,252,ew_spread_bp,17.424516074435115,6.7861525524639745,2.5676575850197283,0.010238823935172026,4.123901478011165,30.725130670859066,252,252,0,5,dgtw,2015
ridge_all_dgtw_fit252_val126,ridge,all,252,cap_spread_bp,-2.874907557082484,3.1730010840675757,-0.9060531279103896,0.36490773277989086,-9.09387540476148,3.3440602905965124,252,252,0,5,dgtw,2015
lasso_all_dgtw_fit252_val126,lasso,all,252,rank_ic,0.025614852111158045,0.004135149191054108,6.194420304489294,5.849993087333738e-10,0.017510108625992053,0.03371959559632404,252,252,0,5,dgtw,2015
lasso_all_dgtw_fit252_val126,lasso,all,252,ew_spread_bp,18.98907111985133,6.830382727073114,2.7800888879309307,0.005434402100526228,5.601766974163551,32.37637526553911,252,252,0,5,dgtw,2015
lasso_all_dgtw_fit252_val126,lasso,all,252,cap_spread_bp,-1.3721546114247223,3.0373682179330337,-0.4517577432078651,0.6514435147147046,-7.325286926360074,4.580977703510629,252,252,0,5,dgtw,2015
enet_all_dgtw_fit252_val126,enet,all,252,rank_ic,0.025615951763396753,0.004139924541777187,6.187540740150867,6.11100566621767e-10,0.01750184876279998,0.03373005476399353,252,252,0,5,dgtw,2015
enet_all_dgtw_fit252_val126,enet,all,252,ew_spread_bp,19.194283058223224,6.843184536785853,2.8048758520310937,0.005033596340508475,5.7818878265615385,32.60667828988491,252,252,0,5,dgtw,2015
enet_all_dgtw_fit252_val126,enet,all,252,cap_spread_bp,-1.3601565584616535,3.0429699420094556,-0.44698323821215946,0.6548871623651782,-7.324268050838124,4.6039549339148165,252,252,0,5,dgtw,2015
ols_textcore_dgtw_fit252_val126,ols,textcore,252,rank_ic,0.020422089439502012,0.00262146329581492,7.790339644314383,6.682930574301508e-15,0.015284115792911099,0.025560063086092925,252,252,0,5,dgtw,2015
ols_textcore_dgtw_fit252_val126,ols,textcore,252,ew_spread_bp,16.466449091781026,5.224062928942778,3.152038808826798,0.0016213472251536013,6.227473898082355,26.705424285479697,252,252,0,5,dgtw,2015
ols_textcore_dgtw_fit252_val126,ols,textcore,252,cap_spread_bp,5.245073092558562,3.329328691783002,1.5754146190202671,0.11516077216727662,-1.2802912360319754,11.7704374211491,252,252,0,5,dgtw,2015
ridge_textcore_dgtw_fit252_val126,ridge,textcore,252,rank_ic,0.022724391987898426,0.00345065905481897,6.585522251513951,4.5328919699243123e-11,0.01596122451752622,0.029487559458270633,252,252,0,5,dgtw,2015
ridge_textcore_dgtw_fit252_val126,ridge,textcore,252,ew_spread_bp,5.364162044161422,5.459236682533724,0.9825846278699578,0.32581191312053015,-5.335745236684603,16.06406932500745,252,252,0,5,dgtw,2015
ridge_textcore_dgtw_fit252_val126,ridge,textcore,252,cap_spread_bp,0.3773638227969225,4.367745432300307,0.08639785185424163,0.931150154518881,-8.183259918151007,8.937987563744853,252,252,0,5,dgtw,2015
lasso_textcore_dgtw_fit252_val126,lasso,textcore,252,rank_ic,0.02277527716955176,0.003796501720246531,5.999016686359573,1.985159603367811e-09,0.015334270530624201,0.03021628380847932,252,252,0,5,dgtw,2015
lasso_textcore_dgtw_fit252_val126,lasso,textcore,252,ew_spread_bp,10.756328825066529,6.651666835244299,1.6170877302623465,0.10585934499947144,-2.2806986091718198,23.79335625930488,252,252,0,5,dgtw,2015
lasso_textcore_dgtw_fit252_val126,lasso,textcore,252,cap_spread_bp,2.560077181086977,3.6832571737692765,0.6950579501531552,0.4870189855303988,-4.658974225299592,9.779128587473547,252,252,0,5,dgtw,2015
enet_textcore_dgtw_fit252_val126,enet,textcore,252,rank_ic,0.0227810980099214,0.003798148094368009,5.997948853995924,1.9982543239450584e-09,0.015336864537010664,0.030225331482832136,252,252,0,5,dgtw,2015
enet_textcore_dgtw_fit252_val126,enet,textcore,252,ew_spread_bp,10.739416548782362,6.618857162173677,1.6225484680584141,0.10468596410422568,-2.233305107893033,23.712138205457755,252,252,0,5,dgtw,2015
enet_textcore_dgtw_fit252_val126,enet,textcore,252,cap_spread_bp,2.588683001518955,3.662013055588594,0.7069016309399466,0.4796276103847129,-4.588730698350165,9.766096701388074,252,252,0,5,dgtw,2015
ols_textall_dgtw_fit252_val126,ols,textall,252,rank_ic,0.022225096509509403,0.0026899584534474667,8.262245270377907,1.4295757740724593e-16,0.016952874820843303,0.027497318198175504,252,252,0,5,dgtw,2015
ols_textall_dgtw_fit252_val126,ols,textall,252,ew_spread_bp,15.305497619608811,6.40607663729467,2.389215503683457,0.016884395093290004,2.7498181283077994,27.86117711090982,252,252,0,5,dgtw,2015
ols_textall_dgtw_fit252_val126,ols,textall,252,cap_spread_bp,-0.040604029647939216,3.7996860668829506,-0.010686153785659583,0.9914738451528204,-7.487851873297173,7.406643814001295,252,252,0,5,dgtw,2015
ridge_textall_dgtw_fit252_val126,ridge,textall,252,rank_ic,0.02502021573130938,0.0039205677316154165,6.3817838242014355,1.750369407757629e-10,0.017336044178393267,0.03270438728422549,252,252,0,5,dgtw,2015
ridge_textall_dgtw_fit252_val126,ridge,textall,252,ew_spread_bp,13.79089658530865,6.3823249782168565,2.160795107171377,0.0307111702021151,1.2817694903732253,26.300023680244074,252,252,0,5,dgtw,2015
ridge_textall_dgtw_fit252_val126,ridge,textall,252,cap_spread_bp,-1.6458077984051303,3.1249792389064592,-0.5266619943948992,0.5984283325025759,-7.77065455909718,4.47903896228692,252,252,0,5,dgtw,2015
lasso_textall_dgtw_fit252_val126,lasso,textall,252,rank_ic,0.024765328725156882,0.0035928169564284364,6.893011535376328,5.46234433295778e-12,0.017723536887512333,0.03180712056280143,252,252,0,5,dgtw,2015
lasso_textall_dgtw_fit252_val126,lasso,textall,252,ew_spread_bp,14.79802018776964,7.0872956327235395,2.0879642891491725,0.03680105612388379,0.9071759998434867,28.688864375695793,252,252,0,5,dgtw,2015
lasso_textall_dgtw_fit252_val126,lasso,textall,252,cap_spread_bp,-0.8978207941375788,2.918684304122806,-0.307611478524538,0.7583779848750877,-6.618336912460629,4.822695324185471,252,252,0,5,dgtw,2015
enet_textall_dgtw_fit252_val126,enet,textall,252,rank_ic,0.024776308043723168,0.0035942459181036515,6.893325779109548,5.45028599325165e-12,0.01773171549265991,0.03182090059478643,252,252,0,5,dgtw,2015
enet_textall_dgtw_fit252_val126,enet,textall,252,ew_spread_bp,14.745351229736832,7.114798746161897,2.0724902777736705,0.0382197419932642,0.8006019300087797,28.690100529464885,252,252,0,5,dgtw,2015
enet_textall_dgtw_fit252_val126,enet,textall,252,cap_spread_bp,-0.8335296159942195,2.967992050520583,-0.2808395716046541,0.7788334507686592,-6.650687141415747,4.983627909427308,252,252,0,5,dgtw,2015
ols_core_dgtw_fit756_val126,ols,core,756,rank_ic,0.023186968396216364,0.00424850694964898,5.4576745833338265,4.824107395161428e-08,0.014860047786836238,0.03151388900559649,252,252,0,5,dgtw,2015
ols_core_dgtw_fit756_val126,ols,core,756,ew_spread_bp,14.486929555998183,7.45528459414706,1.9431759274986597,0.05199490558952295,-0.12515974302636934,29.099018855022734,252,252,0,5,dgtw,2015
ols_core_dgtw_fit756_val126,ols,core,756,cap_spread_bp,-4.193394236731272,2.6281050712918814,-1.5955961131607084,0.11057899588788002,-9.34438552405043,0.9575970505878866,252,252,0,5,dgtw,2015
ridge_core_dgtw_fit756_val126,ridge,core,756,rank_ic,0.023698363834280787,0.004213241029736965,5.624734893403497,1.8579308309942212e-08,0.015440563157809884,0.031956164510751686,252,252,0,5,dgtw,2015
ridge_core_dgtw_fit756_val126,ridge,core,756,ew_spread_bp,13.592783787438972,7.377250643111243,1.8425270395457816,0.06539809507792016,-0.8663617779840163,28.05192935286196,252,252,0,5,dgtw,2015
ridge_core_dgtw_fit756_val126,ridge,core,756,cap_spread_bp,-3.662931158414257,2.619474381548217,-1.398345860610904,0.1620092324345469,-8.797006604674095,1.47114428784558,252,252,0,5,dgtw,2015
lasso_core_dgtw_fit756_val126,lasso,core,756,rank_ic,0.024038538524030213,0.00423985163384099,5.669665026050236,1.4307697893554848e-08,0.01572858202190857,0.032348495026151856,252,252,0,5,dgtw,2015
lasso_core_dgtw_fit756_val126,lasso,core,756,ew_spread_bp,16.95454928075138,6.917344554036239,2.451019917875636,0.014245207047639489,3.39680308618607,30.51229547531669,252,252,0,5,dgtw,2015
lasso_core_dgtw_fit756_val126,lasso,core,756,cap_spread_bp,-2.740380191083955,2.5356168117189455,-1.080754859495586,0.27980617297719035,-7.710097820647367,2.2293374384794573,252,252,0,5,dgtw,2015
enet_core_dgtw_fit756_val126,enet,core,756,rank_ic,0.024011195120133444,0.0042412876257124305,5.661298463836242,1.5023187129621506e-08,0.015698424125661685,0.0323239661146052,252,252,0,5,dgtw,2015
enet_core_dgtw_fit756_val126,enet,core,756,ew_spread_bp,17.182257314234803,6.91655177016741,2.484223047146934,0.01298344571174071,3.6260649474999216,30.738449680969687,252,252,0,5,dgtw,2015
enet_core_dgtw_fit756_val126,enet,core,756,cap_spread_bp,-2.5823441041469217,2.5497058420501317,-1.0128007951186035,0.3111553208533181,-7.579675725736552,2.414987517442708,252,252,0,5,dgtw,2015
ols_all_dgtw_fit756_val126,ols,all,756,rank_ic,0.02016181361843004,0.003234512943932959,6.233338362812232,4.5659845626714144e-10,0.013822284740792818,0.02650134249606726,252,252,0,5,dgtw,2015
ols_all_dgtw_fit756_val126,ols,all,756,ew_spread_bp,18.417175518681297,5.014477699416101,3.6728003637997713,0.00023990690539920886,8.588979826546472,28.245371210816124,252,252,0,5,dgtw,2015
ols_all_dgtw_fit756_val126,ols,all,756,cap_spread_bp,-0.7453214919303123,3.0007847878867273,-0.24837552327609522,0.8038438699242376,-6.626751601543963,5.136108617683338,252,252,0,5,dgtw,2015
ridge_all_dgtw_fit756_val126,ridge,all,756,rank_ic,0.01947196435883218,0.0034194775319785387,5.694426758688348,1.2378710905718568e-08,0.012769911550210334,0.026174017167454027,252,252,0,5,dgtw,2015
ridge_all_dgtw_fit756_val126,ridge,all,756,ew_spread_bp,14.843111917585363,6.486261209075445,2.2883925637803766,0.02211467030858389,2.130273553478265,27.55595028169246,252,252,0,5,dgtw,2015
ridge_all_dgtw_fit756_val126,ridge,all,756,cap_spread_bp,0.1595144721652185,2.694937376758051,0.05919041887240839,0.9528004408960412,-5.122465726871412,5.441494671201849,252,252,0,5,dgtw,2015
lasso_all_dgtw_fit756_val126,lasso,all,756,rank_ic,0.020947625663931584,0.003316093765420333,6.316958188085601,2.667617179133881e-10,0.014448201314349917,0.027447050013513254,252,252,0,5,dgtw,2015
lasso_all_dgtw_fit756_val126,lasso,all,756,ew_spread_bp,18.423050576269116,6.0582403232256885,3.0409903855480973,0.002358013602304473,6.54911773305847,30.296983419479762,252,252,0,5,dgtw,2015
lasso_all_dgtw_fit756_val126,lasso,all,756,cap_spread_bp,-0.6023901053871697,2.5878654214648416,-0.23277489640330346,0.8159362072761585,-5.674513128294827,4.469732917520488,252,252,0,5,dgtw,2015
enet_all_dgtw_fit756_val126,enet,all,756,rank_ic,0.02094365588509474,0.0033183534803407967,6.311460189269473,2.7641491123495727e-10,0.014439802575653636,0.02744750919453584,252,252,0,5,dgtw,2015
enet_all_dgtw_fit756_val126,enet,all,756,ew_spread_bp,18.564382826128494,6.074522706141259,3.056105594495541,0.0022423227109988854,6.65853709882084,30.470228553436147,252,252,0,5,dgtw,2015
enet_all_dgtw_fit756_val126,enet,all,756,cap_spread_bp,-0.6216420101921145,2.6087937589649504,-0.2382871424986671,0.8116583929790576,-5.734783820856284,4.491499800472055,252,252,0,5,dgtw,2015
ols_textcore_dgtw_fit756_val126,ols,textcore,756,rank_ic,0.021241214640485208,0.0030229192180170846,7.026722551460903,2.1144121399268523e-12,0.015316401844997739,0.027166027435972677,252,252,0,5,dgtw,2015
ols_textcore_dgtw_fit756_val126,ols,textcore,756,ew_spread_bp,8.876238949142266,4.906606970350099,1.809038099603263,0.07044508453180687,-0.7405339990371171,18.49301189732165,252,252,0,5,dgtw,2015
ols_textcore_dgtw_fit756_val126,ols,textcore,756,cap_spread_bp,6.7066640072899375,3.411095366417748,1.966132073971628,0.049283356287621725,0.021039941279692442,13.392288073300183,252,252,0,5,dgtw,2015
ridge_textcore_dgtw_fit756_val126,ridge,textcore,756,rank_ic,0.021880868283223737,0.003314179862645455,6.602196980871739,4.051087297550006e-11,0.015385195114150742,0.028376541452296733,252,252,0,5,dgtw,2015
ridge_textcore_dgtw_fit756_val126,ridge,textcore,756,ew_spread_bp,4.570663269540952,4.551886035641301,1.0041251546617436,0.3153182921185945,-4.350869422046803,13.492195961128708,252,252,0,5,dgtw,2015
ridge_textcore_dgtw_fit756_val126,ridge,textcore,756,cap_spread_bp,-2.0713437793665923,3.875173105853087,-0.5345164519845632,0.5929842700580286,-9.666543500696864,5.523855941963681,252,252,0,5,dgtw,2015
lasso_textcore_dgtw_fit756_val126,lasso,textcore,756,rank_ic,0.020654970086215425,0.0033449652041978163,6.174943183353342,6.618726822736796e-10,0.014098958756448038,0.027210981415982813,252,252,0,5,dgtw,2015
lasso_textcore_dgtw_fit756_val126,lasso,textcore,756,ew_spread_bp,2.8908213190404917,5.566262832227289,0.5193468950663539,0.6035188567261729,-8.018853360608912,13.800495998689897,252,252,0,5,dgtw,2015
lasso_textcore_dgtw_fit756_val126,lasso,textcore,756,cap_spread_bp,10.414606542856074,3.8224431674180064,2.724594215455912,0.00643805588824222,2.922755601765573,17.906457483946575,252,252,0,5,dgtw,2015
enet_textcore_dgtw_fit756_val126,enet,textcore,756,rank_ic,0.020660098620842025,0.0033456200040192095,6.175267542644511,6.605152320957937e-10,0.014102803907007624,0.027217393334676425,252,252,0,5,dgtw,2015
enet_textcore_dgtw_fit756_val126,enet,textcore,756,ew_spread_bp,2.7983810510022695,5.556291573220622,0.5036418651046833,0.6145130675932298,-8.091750320113546,13.688512422118086,252,252,0,5,dgtw,2015
enet_textcore_dgtw_fit756_val126,enet,textcore,756,cap_spread_bp,10.330958989830041,3.8302069085636443,2.6972326133953497,0.0069918410621278865,2.823891395708798,17.838026583951283,252,252,0,5,dgtw,2015
ols_textall_dgtw_fit756_val126,ols,textall,756,rank_ic,0.022128320355519204,0.0029861599954115314,7.410292947973685,1.2602072969825264e-13,0.01627555431243831,0.0279810863986001,252,252,0,5,dgtw,2015
ols_textall_dgtw_fit756_val126,ols,textall,756,ew_spread_bp,12.164293587810851,5.108468566863937,2.38120161230207,0.017256264598492672,2.15187918060259,22.176707995019115,252,252,0,5,dgtw,2015
ols_textall_dgtw_fit756_val126,ols,textall,756,cap_spread_bp,0.996951980626404,4.111510051753122,0.24247830312400914,0.8084095668972593,-7.061459642884127,9.055363604136936,252,252,0,5,dgtw,2015
ridge_textall_dgtw_fit756_val126,ridge,textall,756,rank_ic,0.025756580832963994,0.0038337470166133255,6.71838301310684,1.8375217942041507e-11,0.018242574754563996,0.03327058691136399,252,252,0,5,dgtw,2015
ridge_textall_dgtw_fit756_val126,ridge,textall,756,ew_spread_bp,13.644488860082289,6.928011658486656,1.969466786818712,0.04889951293599708,0.06583552497483502,27.223142195189745,252,252,0,5,dgtw,2015
ridge_textall_dgtw_fit756_val126,ridge,textall,756,cap_spread_bp,0.009931643354561748,3.4335090114598588,0.002892563648854096,0.9976920713418176,-6.719622359700486,6.739485646409609,252,252,0,5,dgtw,2015
lasso_textall_dgtw_fit756_val126,lasso,textall,756,rank_ic,0.02162930899298524,0.003098817345737924,6.97985927525994,2.954758805888439e-12,0.015555738600670903,0.027702879385299577,252,252,0,5,dgtw,2015
lasso_textall_dgtw_fit756_val126,lasso,textall,756,ew_spread_bp,10.946536184810773,6.191140408612197,1.7680969033723697,0.07704470505161709,-1.1878760392997272,23.080948408921273,252,252,0,5,dgtw,2015
lasso_textall_dgtw_fit756_val126,lasso,textall,756,cap_spread_bp,4.733408597437496,3.9731723458391457,1.1913423796967926,0.2335192031355412,-3.0538661047777502,12.520683299652742,252,252,0,5,dgtw,2015
enet_textall_dgtw_fit756_val126,enet,textall,756,rank_ic,0.021643071610063933,0.0030978057673000893,6.986581224208605,2.8166536636452774e-12,0.015571483875055291,0.027714659345072577,252,252,0,5,dgtw,2015
enet_textall_dgtw_fit756_val126,enet,textall,756,ew_spread_bp,11.415087336571018,6.204113426533092,1.839922411436288,0.06577962918977535,-0.7447515354352294,23.574926208577267,252,252,0,5,dgtw,2015
enet_textall_dgtw_fit756_val126,enet,textall,756,cap_spread_bp,4.568391997937147,3.9929931593727317,1.144102134814277,0.2525812824484285,-3.257730784948211,12.394514780822504,252,252,0,5,dgtw,2015
nn3_core_dgtw_fit504_val126,nn3,core,504,rank_ic,0.024148057188410284,0.004126803308442902,5.8515163877586565,4.871112765508079e-09,0.016059671332581456,0.032236443044239116,252,252,0,5,dgtw,2015
nn3_core_dgtw_fit504_val126,nn3,core,504,ew_spread_bp,17.038168312235793,7.049133873115554,2.417058410142708,0.015646506119927236,3.2221197987279684,30.85421682574362,252,252,0,5,dgtw,2015
nn3_core_dgtw_fit504_val126,nn3,core,504,cap_spread_bp,-1.0789989201004948,2.477346334041517,-0.43554625579550166,0.6631659716039988,-5.934508512054202,3.776510671853212,252,252,0,5,dgtw,2015
nn3_textcore_dgtw_fit504_val126,nn3,textcore,504,rank_ic,0.020805619155591742,0.002436124290725931,8.540458807786017,1.3368994254842318e-17,0.01603090328390573,0.025580335027277752,252,252,0,5,dgtw,2015
nn3_textcore_dgtw_fit504_val126,nn3,textcore,504,ew_spread_bp,10.85836104835386,5.770324972539311,1.8817590170446654,0.059868742610724335,-0.45126807691526594,22.167990173622986,252,252,0,5,dgtw,2015
nn3_textcore_dgtw_fit504_val126,nn3,textcore,504,cap_spread_bp,3.5221995077934545,3.1548674315515703,1.1164334426759825,0.2642366450987822,-2.6612270340460076,9.705626049632917,252,252,0,5,dgtw,2015
nn3_all_dgtw_fit504_val126,nn3,all,504,rank_ic,0.018358327106970433,0.0031813266922458582,5.7706513297477064,7.89657140380729e-09,0.01212304136711261,0.024593612846828254,252,252,0,5,dgtw,2015
nn3_all_dgtw_fit504_val126,nn3,all,504,ew_spread_bp,14.221418709209903,6.886188749710739,2.0652089604437998,0.038903233067280274,0.7247367690319511,27.718100649387857,252,252,0,5,dgtw,2015
nn3_all_dgtw_fit504_val126,nn3,all,504,cap_spread_bp,0.4069922242436686,3.392869796107763,0.11995515557672225,0.904518672031743,-6.2429103803613035,7.056894828848641,252,252,0,5,dgtw,2015
nn3_textall_dgtw_fit504_val126,nn3,textall,504,rank_ic,0.02117165956550516,0.003003808074274932,7.048273072711424,1.8115187553600633e-12,0.015284303923455677,0.02705901520755464,252,252,0,5,dgtw,2015
nn3_textall_dgtw_fit504_val126,nn3,textall,504,ew_spread_bp,16.037859780725157,6.754755704321699,2.3743064120681847,0.017581953170863775,2.7987818758881406,29.276937685562174,252,252,0,5,dgtw,2015
nn3_textall_dgtw_fit504_val126,nn3,textall,504,cap_spread_bp,-4.704864881886549,4.083785008727587,-1.1520843707079664,0.24928640493835852,-12.708936419597212,3.299206655824112,252,252,0,5,dgtw,2015
nn3_core_dgtw_fit252_val126,nn3,core,252,rank_ic,0.02362329397049905,0.004171032137441712,5.6636566662822005,1.4818075318998737e-08,0.015448221202754173,0.031798366738243926,252,252,0,5,dgtw,2015
nn3_core_dgtw_fit252_val126,nn3,core,252,ew_spread_bp,14.805779255526462,7.354344100520458,2.013201864525033,0.04409339717803468,0.39152968859174564,29.220028822461177,252,252,0,5,dgtw,2015
nn3_core_dgtw_fit252_val126,nn3,core,252,cap_spread_bp,-1.9449127683776732,2.6743602415825585,-0.7272441229633173,0.46707642119901605,-7.186562523565326,3.2967369868099796,252,252,0,5,dgtw,2015
nn3_textcore_dgtw_fit252_val126,nn3,textcore,252,rank_ic,0.021544600259098858,0.0023394159799177638,9.209392619373405,3.27975464019022e-20,0.016959429193602563,0.026129771324595152,252,252,0,5,dgtw,2015
nn3_textcore_dgtw_fit252_val126,nn3,textcore,252,ew_spread_bp,13.029028235484002,5.930010178383936,2.1971342111649985,0.028010862437101693,1.4064218578955465,24.65163461307246,252,252,0,5,dgtw,2015
nn3_textcore_dgtw_fit252_val126,nn3,textcore,252,cap_spread_bp,3.306614076745415,2.885642564347044,1.1458848429807618,0.25184280351703814,-2.3491414216305966,8.962369575121427,252,252,0,5,dgtw,2015
nn3_all_dgtw_fit252_val126,nn3,all,252,rank_ic,0.014627484819300974,0.003279163222931657,4.460737031023306,8.167826457102886e-06,0.008200443002926638,0.021054526635675308,252,252,0,5,dgtw,2015
nn3_all_dgtw_fit252_val126,nn3,all,252,ew_spread_bp,18.304570183085232,5.200475412706986,3.51978785215662,0.0004318921010493371,8.111825671693467,28.497314694476998,252,252,0,5,dgtw,2015
nn3_all_dgtw_fit252_val126,nn3,all,252,cap_spread_bp,-1.9185217953624596,2.8606489576492895,-0.6706596383426879,0.5024373806540148,-7.525290724767113,3.688247134042194,252,252,0,5,dgtw,2015
nn3_textall_dgtw_fit252_val126,nn3,textall,252,rank_ic,0.02388799676300616,0.0026359543691975764,9.062371125293046,1.2764505530683588e-19,0.018721621134487915,0.029054372391524405,252,252,0,5,dgtw,2015
nn3_textall_dgtw_fit252_val126,nn3,textall,252,ew_spread_bp,13.762247051547833,5.7959318586396416,2.3744666754550074,0.017574322532153776,2.4024293517658393,25.122064751329827,252,252,0,5,dgtw,2015
nn3_textall_dgtw_fit252_val126,nn3,textall,252,cap_spread_bp,1.6945009357483871,3.721337151268353,0.45534732997004745,0.6488593809346663,-5.599185855068468,8.988187726565242,252,252,0,5,dgtw,2015
nn3_core_dgtw_fit756_val126,nn3,core,756,rank_ic,0.02176886301493044,0.004053779532980566,5.3700165087480105,7.872943469087521e-08,0.01382360112902293,0.029714124900837954,252,252,0,5,dgtw,2015
nn3_core_dgtw_fit756_val126,nn3,core,756,ew_spread_bp,17.551458118533798,7.170284958733762,2.447804824988894,0.014372948950702437,3.4979578405263556,31.604958396541242,252,252,0,5,dgtw,2015
nn3_core_dgtw_fit756_val126,nn3,core,756,cap_spread_bp,-1.721181822327662,2.620686594549448,-0.6567675150120612,0.5113304149338022,-6.857633162411503,3.415269517756179,252,252,0,5,dgtw,2015
nn3_textcore_dgtw_fit756_val126,nn3,textcore,756,rank_ic,0.01876776450060496,0.002396298236806812,7.83198193460842,4.802385505422636e-15,0.014071106260246775,0.023464422740963144,252,252,0,5,dgtw,2015
nn3_textcore_dgtw_fit756_val126,nn3,textcore,756,ew_spread_bp,5.625225352715576,6.274221122307119,0.8965615401592831,0.369952928229063,-6.672022078046854,17.922472783478007,252,252,0,5,dgtw,2015
nn3_textcore_dgtw_fit756_val126,nn3,textcore,756,cap_spread_bp,8.487073819071211,3.264415212708769,2.5998757100597962,0.009325753045912127,2.0889375715773646,14.885210066565058,252,252,0,5,dgtw,2015
nn3_all_dgtw_fit756_val126,nn3,all,756,rank_ic,0.017392744560025642,0.0032949234866601024,5.278648997599574,1.3013982138840035e-07,0.010934813194356699,0.023850675925694585,252,252,0,5,dgtw,2015
nn3_all_dgtw_fit756_val126,nn3,all,756,ew_spread_bp,18.10620873547303,4.8763616591984995,3.7130569881580615,0.00020477075464046444,8.54871550785199,27.66370196309407,252,252,0,5,dgtw,2015
nn3_all_dgtw_fit756_val126,nn3,all,756,cap_spread_bp,0.6218957936556893,2.536707898118942,0.2451586144848789,0.8063336195288247,-4.349960325955738,5.593751913267116,252,252,0,5,dgtw,2015
nn3_textall_dgtw_fit756_val126,nn3,textall,756,rank_ic,0.01758551707740693,0.002356174997071649,7.463586999803891,8.41982377913571e-14,0.01296749894187273,0.02220353521294113,252,252,0,5,dgtw,2015
nn3_textall_dgtw_fit756_val126,nn3,textall,756,ew_spread_bp,12.974268997994056,5.667339333628485,2.2893051278945293,0.02206162997580523,1.866488015914996,24.082049980073116,252,252,0,5,dgtw,2015
nn3_textall_dgtw_fit756_val126,nn3,textall,756,cap_spread_bp,1.3218637332243692,3.9275199190578793,0.33656448865100946,0.7364452298258974,-6.375933856692743,9.01966132314148,252,252,0,5,dgtw,2015
ols_core_dgtw_fit504_val126,ols,core,504,rank_ic,0.0313426921420528,0.003361523139248978,9.323955493894143,1.1208207690815985e-20,0.02475422785592678,0.03793115642817882,252,252,0,5,dgtw,2016
ols_core_dgtw_fit504_val126,ols,core,504,ew_spread_bp,28.58306211183389,7.107741788656614,4.021398492197644,5.785363805066567e-05,14.652144194656623,42.51398002901116,252,252,0,5,dgtw,2016
ols_core_dgtw_fit504_val126,ols,core,504,cap_spread_bp,-0.6292920095084998,2.291036043143812,-0.2746757351948819,0.7835653748718043,-5.119640141353526,3.861056122336526,252,252,0,5,dgtw,2016
ridge_core_dgtw_fit504_val126,ridge,core,504,rank_ic,0.03132806900369447,0.003360824069293064,9.32154387072222,1.1465956534383449e-20,0.024740974869504717,0.03791516313788422,252,252,0,5,dgtw,2016
ridge_core_dgtw_fit504_val126,ridge,core,504,ew_spread_bp,28.79995092019921,7.0776163607845755,4.069159650948733,4.718300914888259e-05,14.928077756669994,42.671824083728424,252,252,0,5,dgtw,2016
ridge_core_dgtw_fit504_val126,ridge,core,504,cap_spread_bp,-0.5500639260702056,2.2819630445855834,-0.24104856885186768,0.8095174736105479,-5.022629307509318,3.922501455368907,252,252,0,5,dgtw,2016
lasso_core_dgtw_fit504_val126,lasso,core,504,rank_ic,0.034154372802250775,0.0035332467658913008,9.666568758221153,4.1816336570098185e-22,0.0272293363926112,0.04107940921189035,252,252,0,5,dgtw,2016
lasso_core_dgtw_fit504_val126,lasso,core,504,ew_spread_bp,31.75506142207744,7.084800082494917,4.482139376174871,7.389845240429976e-06,17.869108422721,45.64101442143388,252,252,0,5,dgtw,2016
lasso_core_dgtw_fit504_val126,lasso,core,504,cap_spread_bp,-1.3406224335598123,2.3634473909912552,-0.5672317643582245,0.5705567297821781,-5.972894199257828,3.291649332138203,252,252,0,5,dgtw,2016
enet_core_dgtw_fit504_val126,enet,core,504,rank_ic,0.03415390079274669,0.0035332478245844955,9.666432270927142,4.18721227410343e-22,0.02722886230810658,0.041078939277386796,252,252,0,5,dgtw,2016
enet_core_dgtw_fit504_val126,enet,core,504,ew_spread_bp,31.727114126288903,7.081891746264819,4.480033762592126,7.463123298641214e-06,17.846861361198386,45.60736689137942,252,252,0,5,dgtw,2016
enet_core_dgtw_fit504_val126,enet,core,504,cap_spread_bp,-1.3495771254952256,2.3623553482095336,-0.5712845556948456,0.5678067690812394,-5.97970852667149,3.2805542756810384,252,252,0,5,dgtw,2016
ols_all_dgtw_fit504_val126,ols,all,504,rank_ic,0.03145717548369963,0.003832469510342501,8.208069339836277,2.2477340208813235e-16,0.023945673271580474,0.03896867769581879,252,252,0,5,dgtw,2016
ols_all_dgtw_fit504_val126,ols,all,504,ew_spread_bp,22.973868495008908,8.140853768994344,2.822046574833258,0.0047718246665067274,7.018088304372837,38.92964868564498,252,252,0,5,dgtw,2016
ols_all_dgtw_fit504_val126,ols,all,504,cap_spread_bp,-1.2275510766933126,2.482033296904491,-0.4945747819838973,0.6209003068375141,-6.092246947055326,3.637144793668701,252,252,0,5,dgtw,2016
ridge_all_dgtw_fit504_val126,ridge,all,504,rank_ic,0.03376999233201458,0.003815298984828412,8.85120470670881,8.657958692570014e-19,0.026292143731498664,0.0412478409325305,252,252,0,5,dgtw,2016
ridge_all_dgtw_fit504_val126,ridge,all,504,ew_spread_bp,32.364407701667794,8.082261247754888,4.004375348626359,6.218156805070206e-05,16.523466742424453,48.205348660911135,252,252,0,5,dgtw,2016
ridge_all_dgtw_fit504_val126,ridge,all,504,cap_spread_bp,-0.7198482381481592,2.565077711411012,-0.280634085644205,0.7789910696183457,-5.747308170060169,4.307611693763851,252,252,0,5,dgtw,2016
lasso_all_dgtw_fit504_val126,lasso,all,504,rank_ic,0.033376199805833756,0.003664826250226517,9.10717112544444,8.455795554174224e-20,0.026193272345792808,0.040559127265874705,252,252,0,5,dgtw,2016
lasso_all_dgtw_fit504_val126,lasso,all,504,ew_spread_bp,30.300894848218356,8.29442672669273,3.6531632440257087,0.0002590294354357806,14.044117191494152,46.55767250494256,252,252,0,5,dgtw,2016
lasso_all_dgtw_fit504_val126,lasso,all,504,cap_spread_bp,1.4598498086176632,2.65503311599935,0.5498424105599821,0.5824274669207694,-3.7439194765022186,6.663619093737545,252,252,0,5,dgtw,2016
enet_all_dgtw_fit504_val126,enet,all,504,rank_ic,0.03304194043207769,0.003604005258868273,9.168116597713706,4.813551986412511e-20,0.025978219924602922,0.040105660939552465,252,252,0,5,dgtw,2016
enet_all_dgtw_fit504_val126,enet,all,504,ew_spread_bp,29.91741807379851,8.332840489003836,3.5903025040834593,0.0003302944130697606,13.585350826433856,46.249485321163164,252,252,0,5,dgtw,2016
enet_all_dgtw_fit504_val126,enet,all,504,cap_spread_bp,1.3091382371008267,2.7007791799561502,0.4847261289692265,0.6278706292900421,-3.9842916858088486,6.602568160010502,252,252,0,5,dgtw,2016
ols_textcore_dgtw_fit504_val126,ols,textcore,504,rank_ic,0.03473396799580654,0.002291644036979731,15.156790249843567,6.832788939448502e-52,0.03024242821794029,0.039225507773672785,252,252,0,5,dgtw,2016
ols_textcore_dgtw_fit504_val126,ols,textcore,504,ew_spread_bp,23.1441644314745,4.943314302901867,4.681912379693967,2.8421096616710767e-06,13.455446433525116,32.83288242942388,252,252,0,5,dgtw,2016
ols_textcore_dgtw_fit504_val126,ols,textcore,504,cap_spread_bp,-2.164301114337005,3.5162988561562276,-0.6155054512922908,0.538220970375269,-9.056120231282598,4.72751800260859,252,252,0,5,dgtw,2016
ridge_textcore_dgtw_fit504_val126,ridge,textcore,504,rank_ic,0.037669244866072184,0.002696826584595408,13.967989295731272,2.4443045484225965e-44,0.032383561887715025,0.04295492784442934,252,252,0,5,dgtw,2016
ridge_textcore_dgtw_fit504_val126,ridge,textcore,504,ew_spread_bp,23.105363403822075,5.314100955408659,4.347934598477204,1.374255679742994e-05,12.689916921011212,33.52080988663294,252,252,0,5,dgtw,2016
ridge_textcore_dgtw_fit504_val126,ridge,textcore,504,cap_spread_bp,0.37691367062492986,3.539153570157885,0.106498252520903,0.9151870418116199,-6.559699862640876,7.313527203890736,252,252,0,5,dgtw,2016
lasso_textcore_dgtw_fit504_val126,lasso,textcore,504,rank_ic,0.03888278992393823,0.002757524689079439,14.10061352412359,3.764823115557434e-45,0.03347814084686252,0.044287439001013944,252,252,0,5,dgtw,2016
lasso_textcore_dgtw_fit504_val126,lasso,textcore,504,ew_spread_bp,26.102167993473493,5.246018024883036,4.975615384786151,6.504067714399219e-07,15.820161602454792,36.3841743844922,252,252,0,5,dgtw,2016
lasso_textcore_dgtw_fit504_val126,lasso,textcore,504,cap_spread_bp,2.4399372842659215,4.1398542326644385,0.5893775836391131,0.5556080104676119,-5.67402791300208,10.553902481533923,252,252,0,5,dgtw,2016
enet_textcore_dgtw_fit504_val126,enet,textcore,504,rank_ic,0.03888484233347793,0.0027572139690147128,14.102946949515632,3.642359115497657e-45,0.03348080225653836,0.0442888824104175,252,252,0,5,dgtw,2016
enet_textcore_dgtw_fit504_val126,enet,textcore,504,ew_spread_bp,26.465897632436693,5.213168616739319,5.076739230619846,3.8396726816240354e-07,16.248274898293136,36.683520366580254,252,252,0,5,dgtw,2016
enet_textcore_dgtw_fit504_val126,enet,textcore,504,cap_spread_bp,2.4443669015492295,4.124649939957259,0.5926240861968903,0.5534327560115867,-5.639798429602295,10.528532232700755,252,252,0,5,dgtw,2016
ols_textall_dgtw_fit504_val126,ols,textall,504,rank_ic,0.034716674141387134,0.002511158204578199,13.824964941712432,1.802002410523358e-43,0.029794894500931597,0.03963845378184267,252,252,0,5,dgtw,2016
ols_textall_dgtw_fit504_val126,ols,textall,504,ew_spread_bp,28.74834127952451,5.690274592499837,5.052188749804227,4.367757497792758e-07,17.5956080160815,39.90107454296752,252,252,0,5,dgtw,2016
ols_textall_dgtw_fit504_val126,ols,textall,504,cap_spread_bp,3.1053709840172035,3.902142409598257,0.7958118023521635,0.42614143074215993,-4.542687601341724,10.75342956937613,252,252,0,5,dgtw,2016
ridge_textall_dgtw_fit504_val126,ridge,textall,504,rank_ic,0.041288578858453245,0.0030033865719936233,13.74734083300047,5.283607886817244e-43,0.03540204934569453,0.04717510837121196,252,252,0,5,dgtw,2016
ridge_textall_dgtw_fit504_val126,ridge,textall,504,ew_spread_bp,31.692278468987396,6.375122389897805,4.9712423590812715,6.652522581801118e-07,19.197268187752783,44.18728875022201,252,252,0,5,dgtw,2016
ridge_textall_dgtw_fit504_val126,ridge,textall,504,cap_spread_bp,1.5472511278520353,3.417403547674697,0.452756341552004,0.6507242042695858,-5.15073674622978,8.24523900193385,252,252,0,5,dgtw,2016
lasso_textall_dgtw_fit504_val126,lasso,textall,504,rank_ic,0.03947590782716611,0.0028206392883639297,13.9953761510794,1.663472192946381e-44,0.03394755640859412,0.0450042592457381,252,252,0,5,dgtw,2016
lasso_textall_dgtw_fit504_val126,lasso,textall,504,ew_spread_bp,32.113902985971556,6.607627692280755,4.860125975845772,1.1731107992235048e-06,19.163190685851767,45.064615286091346,252,252,0,5,dgtw,2016
lasso_textall_dgtw_fit504_val126,lasso,textall,504,cap_spread_bp,5.118566056758398,3.743105502321754,1.367465077749874,0.1714795762025345,-2.217785918125947,12.454918031642745,252,252,0,5,dgtw,2016
enet_textall_dgtw_fit504_val126,enet,textall,504,rank_ic,0.039463796377558966,0.002822254871745815,13.983073170548593,1.9776058643935174e-44,0.03393227847374446,0.044995314281373475,252,252,0,5,dgtw,2016
enet_textall_dgtw_fit504_val126,enet,textall,504,ew_spread_bp,32.12177219883337,6.584103762842332,4.878685597288722,1.067951418306859e-06,19.21716595318775,45.02637844447899,252,252,0,5,dgtw,2016
enet_textall_dgtw_fit504_val126,enet,textall,504,cap_spread_bp,4.972264501126941,3.769770530170795,1.3189833336889247,0.187174684326325,-2.4163499679882827,12.360878970242165,252,252,0,5,dgtw,2016
ols_core_dgtw_fit252_val126,ols,core,252,rank_ic,0.030637497042050633,0.0033696856189195127,9.092093597703196,9.715000846683672e-20,0.024033034589745827,0.03724195949435544,252,252,0,5,dgtw,2016
ols_core_dgtw_fit252_val126,ols,core,252,ew_spread_bp,26.858963709983115,7.082324805154481,3.792393662944588,0.00014920214618185313,12.977862165065677,40.74006525490056,252,252,0,5,dgtw,2016
ols_core_dgtw_fit252_val126,ols,core,252,cap_spread_bp,0.08921747529383955,2.320429702139425,0.03844868698740646,0.9693299430544065,-4.458741169556439,4.637176120144118,252,252,0,5,dgtw,2016
ridge_core_dgtw_fit252_val126,ridge,core,252,rank_ic,0.0306245506088073,0.0033733947482198112,9.0782588147943,1.10325561794572e-19,0.024012818396659905,0.037236282820954696,252,252,0,5,dgtw,2016
ridge_core_dgtw_fit252_val126,ridge,core,252,ew_spread_bp,26.69817950114362,7.03009394622995,3.7976988224262826,0.00014604562198264792,12.919448558599855,40.47691044368739,252,252,0,5,dgtw,2016
ridge_core_dgtw_fit252_val126,ridge,core,252,cap_spread_bp,0.13592734358139247,2.31318613152998,0.05876195682164489,0.953141710132506,-4.397834163754901,4.6696888509176855,252,252,0,5,dgtw,2016
lasso_core_dgtw_fit252_val126,lasso,core,252,rank_ic,0.0331436351808245,0.003516044462314324,9.426398197197074,4.2441278326427775e-21,0.026252314666646924,0.040034955695002074,252,252,0,5,dgtw,2016
lasso_core_dgtw_fit252_val126,lasso,core,252,ew_spread_bp,29.315460980104785,7.067437979023517,4.147961548034016,3.3544872126207565e-05,15.463537078248144,43.167384881961425,252,252,0,5,dgtw,2016
lasso_core_dgtw_fit252_val126,lasso,core,252,cap_spread_bp,-0.4643115874117908,2.400096730243134,-0.19345536434473423,0.8466023597725513,-5.168414738100679,4.239791563277097,252,252,0,5,dgtw,2016
enet_core_dgtw_fit252_val126,enet,core,252,rank_ic,0.0331338573418436,0.003517915592476054,9.41860498663148,4.571207091461471e-21,0.026238869479938646,0.040028845203748546,252,252,0,5,dgtw,2016
enet_core_dgtw_fit252_val126,enet,core,252,ew_spread_bp,29.418695168354233,7.102803736907802,4.141842610051004,3.445267419967205e-05,15.497455654758431,43.339934681950034,252,252,0,5,dgtw,2016
enet_core_dgtw_fit252_val126,enet,core,252,cap_spread_bp,-0.40119759794371873,2.3906614332172675,-0.1678186598776562,0.8667259422308695,-5.08680790627847,4.284412710391034,252,252,0,5,dgtw,2016
ols_all_dgtw_fit252_val126,ols,all,252,rank_ic,0.0306127142401707,0.0037336051323754284,8.199237239824019,2.419170837051671e-16,0.02329498264822096,0.03793044583212044,252,252,0,5,dgtw,2016
ols_all_dgtw_fit252_val126,ols,all,252,ew_spread_bp,20.211027404214185,7.613362810982046,2.6546780845726135,0.007938412513233442,5.289110493452748,35.132944314975624,252,252,0,5,dgtw,2016
ols_all_dgtw_fit252_val126,ols,all,252,cap_spread_bp,-3.1682100645887856,2.5382911869715956,-1.2481665148783574,0.2119700838124795,-8.143169373328538,1.8067492441509665,252,252,0,5,dgtw,2016
ridge_all_dgtw_fit252_val126,ridge,all,252,rank_ic,0.03417359821621061,0.003877108910671472,8.814196093937461,1.2054690236724358e-18,0.026574604387155205,0.04177259204526602,252,252,0,5,dgtw,2016
ridge_all_dgtw_fit252_val126,ridge,all,252,ew_spread_bp,29.91964311301371,8.007889957540787,3.7362705121639803,0.00018676974308865296,14.224467204073784,45.614819021953636,252,252,0,5,dgtw,2016
ridge_all_dgtw_fit252_val126,ridge,all,252,cap_spread_bp,-0.38865823723632675,2.734383242705601,-0.14213744114806653,0.8869714446353656,-5.74795091286915,4.970634438396496,252,252,0,5,dgtw,2016
lasso_all_dgtw_fit252_val126,lasso,all,252,rank_ic,0.03314021831308934,0.003766781715296831,8.798019322040224,1.3925206615391547e-18,0.02575746181348354,0.04052297481269514,252,252,0,5,dgtw,2016
lasso_all_dgtw_fit252_val126,lasso,all,252,ew_spread_bp,23.545061507657117,8.10067216132172,2.906556522565834,0.003654308718297007,7.668035820900307,39.422087194413926,252,252,0,5,dgtw,2016
lasso_all_dgtw_fit252_val126,lasso,all,252,cap_spread_bp,-0.2885515305768143,3.620465000088943,-0.07970012983683741,0.9364757561886758,-7.384532538038946,6.807429476885317,252,252,0,5,dgtw,2016
enet_all_dgtw_fit252_val126,enet,all,252,rank_ic,0.033129941264458666,0.003765832668892892,8.797507530837386,1.3988841832816682e-18,0.02574904486162425,0.04051083766729308,252,252,0,5,dgtw,2016
enet_all_dgtw_fit252_val126,enet,all,252,ew_spread_bp,23.535145136634355,8.098659875655414,2.906054272927431,0.003660179574458076,7.662063457310111,39.4082268159586,252,252,0,5,dgtw,2016
enet_all_dgtw_fit252_val126,enet,all,252,cap_spread_bp,-0.1717009366877039,3.618369876030385,-0.04745256636838695,0.9621525342705405,-7.2635755764519185,6.920173703076511,252,252,0,5,dgtw,2016
ols_textcore_dgtw_fit252_val126,ols,textcore,252,rank_ic,0.0301387517651973,0.002632124324401653,11.45035266221651,2.341907934151656e-30,0.024979882886538237,0.03529762064385636,252,252,0,5,dgtw,2016
ols_textcore_dgtw_fit252_val126,ols,textcore,252,ew_spread_bp,23.29820746154272,5.623808647535491,4.142780973131552,3.431196040768538e-05,12.275745056428246,34.3206698666572,252,252,0,5,dgtw,2016
ols_textcore_dgtw_fit252_val126,ols,textcore,252,cap_spread_bp,0.5591487185631322,3.526773123408171,0.15854400013766326,0.874028151978732,-6.353199584960719,7.471497022086983,252,252,0,5,dgtw,2016
ridge_textcore_dgtw_fit252_val126,ridge,textcore,252,rank_ic,0.03672006003944456,0.0027886026661089456,13.167906810718788,1.3426878704615116e-39,0.03125449924667865,0.04218562083221047,252,252,0,5,dgtw,2016
ridge_textcore_dgtw_fit252_val126,ridge,textcore,252,ew_spread_bp,20.01843487086797,6.855498342395636,2.920055387814824,0.003499691793538874,6.581905023698484,33.45496471803746,252,252,0,5,dgtw,2016
ridge_textcore_dgtw_fit252_val126,ridge,textcore,252,cap_spread_bp,0.897487798869527,2.98967003316662,0.3001962721347277,0.7640274484292026,-4.962157791795717,6.757133389534771,252,252,0,5,dgtw,2016
lasso_textcore_dgtw_fit252_val126,lasso,textcore,252,rank_ic,0.03532003392531658,0.003267616195823203,10.809113374595235,3.11667735482593e-27,0.028915623866203322,0.041724443984429836,252,252,0,5,dgtw,2016
lasso_textcore_dgtw_fit252_val126,lasso,textcore,252,ew_spread_bp,21.71605565252053,6.779396289775145,3.2032432866143594,0.001358891312740258,8.428683087636777,35.003428217404284,252,252,0,5,dgtw,2016
lasso_textcore_dgtw_fit252_val126,lasso,textcore,252,cap_spread_bp,-0.7324427868945091,3.6036636201241183,-0.20324948832745998,0.8389400338915884,-7.795493694735012,6.3306081209459935,252,252,0,5,dgtw,2016
enet_textcore_dgtw_fit252_val126,enet,textcore,252,rank_ic,0.03532056612195941,0.0032669085667002477,10.811617589173936,3.0327450439814758e-27,0.02891754299044156,0.041723589253477265,252,252,0,5,dgtw,2016
enet_textcore_dgtw_fit252_val126,enet,textcore,252,ew_spread_bp,22.43119128403488,6.816911232733549,3.2905212519600435,0.001000019476517808,9.070290782070582,35.792091785999176,252,252,0,5,dgtw,2016
enet_textcore_dgtw_fit252_val126,enet,textcore,252,cap_spread_bp,-0.4971458432232857,3.5989513954782897,-0.13813630377112013,0.8901326945336815,-7.550960960470902,6.556669274024331,252,252,0,5,dgtw,2016
ols_textall_dgtw_fit252_val126,ols,textall,252,rank_ic,0.029933004169127666,0.002715517641660134,11.022945942206473,2.9620342534283368e-28,0.024610687392090658,0.035255320946164674,252,252,0,5,dgtw,2016
ols_textall_dgtw_fit252_val126,ols,textall,252,ew_spread_bp,28.252802596961295,5.553017486490473,5.087828854437332,3.6218599072721543e-07,17.36908831791883,39.13651687600376,252,252,0,5,dgtw,2016
ols_textall_dgtw_fit252_val126,ols,textall,252,cap_spread_bp,0.5581332394249505,3.794267446508868,0.14709907704015246,0.8830538183695721,-6.878494303445187,7.994760782295089,252,252,0,5,dgtw,2016
ridge_textall_dgtw_fit252_val126,ridge,textall,252,rank_ic,0.03887455765929255,0.0033017736030356046,11.773841072432047,5.32438126228625e-32,0.032403200312237715,0.04534591500634738,252,252,0,5,dgtw,2016
ridge_textall_dgtw_fit252_val126,ridge,textall,252,ew_spread_bp,29.11617795061546,7.369768319710691,3.950758923145965,7.790376613175426e-05,14.671697469578234,43.56065843165268,252,252,0,5,dgtw,2016
ridge_textall_dgtw_fit252_val126,ridge,textall,252,cap_spread_bp,0.5489236252146865,3.338582525410503,0.1644181687997041,0.8694019615748662,-5.994577884004679,7.092425134434052,252,252,0,5,dgtw,2016
lasso_textall_dgtw_fit252_val126,lasso,textall,252,rank_ic,0.03420524563305018,0.003089714546635341,11.070681487485388,1.7407176578639278e-28,0.028149516399135408,0.04026097486696495,252,252,0,5,dgtw,2016
lasso_textall_dgtw_fit252_val126,lasso,textall,252,ew_spread_bp,25.394452880827508,6.850606339963239,3.706891276570386,0.0002098189643455462,11.967511182237802,38.821394579417216,252,252,0,5,dgtw,2016
lasso_textall_dgtw_fit252_val126,lasso,textall,252,cap_spread_bp,0.9370257187663911,3.3445693888289756,0.2801633363912564,0.779352194019633,-5.618209827133541,7.492261264666324,252,252,0,5,dgtw,2016
enet_textall_dgtw_fit252_val126,enet,textall,252,rank_ic,0.035179995674887596,0.003160107771113282,11.132530351170255,8.712655506068959e-29,0.02898629825624042,0.04137369309353477,252,252,0,5,dgtw,2016
enet_textall_dgtw_fit252_val126,enet,textall,252,ew_spread_bp,27.3956820187246,6.826018697686518,4.013420301355104,5.984521472145662e-05,14.016931213462021,40.774432823987176,252,252,0,5,dgtw,2016
enet_textall_dgtw_fit252_val126,enet,textall,252,cap_spread_bp,0.3326013129751295,3.2542980307831035,0.10220370409500984,0.9185949877113249,-6.045705622319374,6.710908248269633,252,252,0,5,dgtw,2016
ols_core_dgtw_fit756_val126,ols,core,756,rank_ic,0.03157455585750253,0.0033975490817183453,9.293333252314158,1.4953055643538652e-20,0.024915482021627442,0.038233629693377624,252,252,0,5,dgtw,2016
ols_core_dgtw_fit756_val126,ols,core,756,ew_spread_bp,28.32647512111046,7.294164680789429,3.8834433222646623,0.0001029875467251863,14.030175049459078,42.622775192761836,252,252,0,5,dgtw,2016
ols_core_dgtw_fit756_val126,ols,core,756,cap_spread_bp,-0.48878123802907164,2.307032417650067,-0.2118657866658597,0.8322117429430546,-5.010481687789571,4.032919211731428,252,252,0,5,dgtw,2016
ridge_core_dgtw_fit756_val126,ridge,core,756,rank_ic,0.03156986424344749,0.0033957544817028655,9.296863013375507,1.4465040974801452e-20,0.024914307758969394,0.038225420727925584,252,252,0,5,dgtw,2016
ridge_core_dgtw_fit756_val126,ridge,core,756,ew_spread_bp,28.28424135230745,7.309073406633962,3.8697437799209564,0.00010894979279052406,13.958720714945404,42.609761989669494,252,252,0,5,dgtw,2016
ridge_core_dgtw_fit756_val126,ridge,core,756,cap_spread_bp,-0.518330022215035,2.3106326857742654,-0.2243238509548517,0.8225053186897875,-5.0470868678336505,4.010426823403581,252,252,0,5,dgtw,2016
lasso_core_dgtw_fit756_val126,lasso,core,756,rank_ic,0.03407538899151801,0.003532483363635504,9.646298505550174,5.096207873701845e-22,0.027151848822805517,0.040998929160230506,252,252,0,5,dgtw,2016
lasso_core_dgtw_fit756_val126,lasso,core,756,ew_spread_bp,31.602566482084747,7.031959850209896,4.494133521132298,6.985379041816148e-06,17.820178434941678,45.38495452922781,252,252,0,5,dgtw,2016
lasso_core_dgtw_fit756_val126,lasso,core,756,cap_spread_bp,-1.2257531123461438,2.3680757721668235,-0.5176156636341759,0.60472645091096,-5.867096338454997,3.4155901137627085,252,252,0,5,dgtw,2016
enet_core_dgtw_fit756_val126,enet,core,756,rank_ic,0.03407548508060685,0.0035324728198596186,9.64635449961113,5.093427004448656e-22,0.027151965577315352,0.04099900458389835,252,252,0,5,dgtw,2016
enet_core_dgtw_fit756_val126,enet,core,756,ew_spread_bp,31.602566482084747,7.031959850209896,4.494133521132298,6.985379041816148e-06,17.820178434941678,45.38495452922781,252,252,0,5,dgtw,2016
enet_core_dgtw_fit756_val126,enet,core,756,cap_spread_bp,-1.2257531123461438,2.3680757721668235,-0.5176156636341759,0.60472645091096,-5.867096338454997,3.4155901137627085,252,252,0,5,dgtw,2016
ols_all_dgtw_fit756_val126,ols,all,756,rank_ic,0.030348284117088106,0.0035771017208824953,8.484042804799238,2.1750168873743886e-17,0.023337293575122167,0.037359274659054045,252,252,0,5,dgtw,2016
ols_all_dgtw_fit756_val126,ols,all,756,ew_spread_bp,25.87277773498635,8.178495044781307,3.1635132861632966,0.0015587723672111627,9.843221999475691,41.90233347049701,252,252,0,5,dgtw,2016
ols_all_dgtw_fit756_val126,ols,all,756,cap_spread_bp,-0.49524718574711923,3.022814303743887,-0.16383645701746682,0.8698598908961023,-6.419854353037657,5.429359981543419,252,252,0,5,dgtw,2016
ridge_all_dgtw_fit756_val126,ridge,all,756,rank_ic,0.03247702436095573,0.0037844089082659464,8.581795770012873,9.340336567711721e-18,0.02505971919798193,0.03989432952392953,252,252,0,5,dgtw,2016
ridge_all_dgtw_fit756_val126,ridge,all,756,ew_spread_bp,27.367773518822077,7.531670818475392,3.633692201694236,0.00027939414298085906,12.605969971198997,42.12957706644516,252,252,0,5,dgtw,2016
ridge_all_dgtw_fit756_val126,ridge,all,756,cap_spread_bp,-1.3157204676720282,2.889269422665069,-0.45538171599739724,0.6488346468924262,-6.978584477728398,4.347143542384342,252,252,0,5,dgtw,2016
lasso_all_dgtw_fit756_val126,lasso,all,756,rank_ic,0.032752797970321615,0.0036276798411357183,9.028580085520362,1.7391365382053288e-19,0.025642676134253622,0.039862919806389605,252,252,0,5,dgtw,2016
lasso_all_dgtw_fit756_val126,lasso,all,756,ew_spread_bp,28.423315594398535,7.500454293323424,3.7895458705347655,0.00015092294164009858,13.722695311795801,43.123935877001266,252,252,0,5,dgtw,2016
lasso_all_dgtw_fit756_val126,lasso,all,756,cap_spread_bp,-0.2534318638012338,2.733558436902586,-0.09271133932238126,0.926132888337373,-5.611107949765908,5.10424422216344,252,252,0,5,dgtw,2016
enet_all_dgtw_fit756_val126,enet,all,756,rank_ic,0.032783297866785265,0.0036241026790545753,9.045907572171076,1.4842698903653298e-19,0.025680187139563174,0.039886408594007355,252,252,0,5,dgtw,2016
enet_all_dgtw_fit756_val126,enet,all,756,ew_spread_bp,28.24127851453424,7.497863444697003,3.7665768018899284,0.00016550118781611547,13.545736201928687,42.9368208271398,252,252,0,5,dgtw,2016
enet_all_dgtw_fit756_val126,enet,all,756,cap_spread_bp,-0.33250119491526914,2.7236372001663725,-0.12207984047763719,0.9028357874162014,-5.670732014194869,5.0057296243643306,252,252,0,5,dgtw,2016
ols_textcore_dgtw_fit756_val126,ols,textcore,756,rank_ic,0.03635197412166167,0.0027730478805509627,13.109032258916164,2.923044166841049e-39,0.030916900148376652,0.04178704809494668,252,252,0,5,dgtw,2016
ols_textcore_dgtw_fit756_val126,ols,textcore,756,ew_spread_bp,25.13213378113737,5.788849972355845,4.341472641570211,1.4153090379611306e-05,13.786196323414227,36.47807123886051,252,252,0,5,dgtw,2016
ols_textcore_dgtw_fit756_val126,ols,textcore,756,cap_spread_bp,-0.2667617253779155,4.538015522987134,-0.058783784239310057,0.9531243244261852,-9.161108711716395,8.627585260960565,252,252,0,5,dgtw,2016
ridge_textcore_dgtw_fit756_val126,ridge,textcore,756,rank_ic,0.03657586734360125,0.002826514523973006,12.940272209247123,2.66682909371713e-38,0.031036000674834783,0.04211573401236772,252,252,0,5,dgtw,2016
ridge_textcore_dgtw_fit756_val126,ridge,textcore,756,ew_spread_bp,20.02120279152537,5.824053131460177,3.4376751618860584,0.0005867310996523883,8.606268409815701,31.436137173235036,252,252,0,5,dgtw,2016
ridge_textcore_dgtw_fit756_val126,ridge,textcore,756,cap_spread_bp,-1.8387278923320909,3.7498563096077446,-0.4903462267663349,0.6238889209947918,-9.188311206363549,5.510855421699366,252,252,0,5,dgtw,2016
lasso_textcore_dgtw_fit756_val126,lasso,textcore,756,rank_ic,0.040035549064848665,0.0027917992978084777,14.340410894248736,1.2232902804776924e-46,0.03456372298907984,0.04550737514061749,252,252,0,5,dgtw,2016
lasso_textcore_dgtw_fit756_val126,lasso,textcore,756,ew_spread_bp,30.516406456132668,6.567807399281314,4.64636135028441,3.3784101444817607e-06,17.643740496145615,43.38907241611972,252,252,0,5,dgtw,2016
lasso_textcore_dgtw_fit756_val126,lasso,textcore,756,cap_spread_bp,5.020079519949925,4.817625367239747,1.0420236397140556,0.29740071905536114,-4.42229269084653,14.46245173074638,252,252,0,5,dgtw,2016
enet_textcore_dgtw_fit756_val126,enet,textcore,756,rank_ic,0.04004905375727072,0.002788863052928327,14.360351511422877,9.176055610659098e-47,0.034582982615716774,0.045515124898824665,252,252,0,5,dgtw,2016
enet_textcore_dgtw_fit756_val126,enet,textcore,756,ew_spread_bp,30.64435279178994,6.6429346871393555,4.613074527304484,3.9675595926648665e-06,17.624440053344955,43.66426553023493,252,252,0,5,dgtw,2016
enet_textcore_dgtw_fit756_val126,enet,textcore,756,cap_spread_bp,5.5035571899535505,4.730968928039745,1.163304446439035,0.24470600228420947,-3.768971520982417,14.776085900889518,252,252,0,5,dgtw,2016
ols_textall_dgtw_fit756_val126,ols,textall,756,rank_ic,0.03621726869497182,0.002858714705842136,12.669074189515086,8.774384502231695e-37,0.03061429082944622,0.04182024656049742,252,252,0,5,dgtw,2016
ols_textall_dgtw_fit756_val126,ols,textall,756,ew_spread_bp,28.29492605065801,6.367344764761443,4.443755929041185,8.840188574450182e-06,15.815159634575918,40.7746924667401,252,252,0,5,dgtw,2016
ols_textall_dgtw_fit756_val126,ols,textall,756,cap_spread_bp,3.9200969696699093,4.769241421635639,0.8219539803303748,0.4111030889168943,-5.427444450312549,13.267638389652369,252,252,0,5,dgtw,2016
ridge_textall_dgtw_fit756_val126,ridge,textall,756,rank_ic,0.040586007920529965,0.0030883699258365625,13.141562991206834,1.9025584794820292e-39,0.03453291409495367,0.04663910174610626,252,252,0,5,dgtw,2016
ridge_textall_dgtw_fit756_val126,ridge,textall,756,ew_spread_bp,28.977710960949626,7.544479717829478,3.840915748301119,0.00012257618282893724,14.19080243191094,43.76461948998831,252,252,0,5,dgtw,2016
ridge_textall_dgtw_fit756_val126,ridge,textall,756,cap_spread_bp,-0.8960930407704427,3.683014847458007,-0.24330421621539766,0.8077697384493074,-8.114669496314418,6.322483414773532,252,252,0,5,dgtw,2016
lasso_textall_dgtw_fit756_val126,lasso,textall,756,rank_ic,0.039644118936701,0.00285849554267947,13.868875548268221,9.779790099647087e-44,0.03404157062308096,0.04524666725032104,252,252,0,5,dgtw,2016
lasso_textall_dgtw_fit756_val126,lasso,textall,756,ew_spread_bp,31.69866135522985,7.447484045503101,4.256291273879259,2.0784589358798397e-05,17.10186085060711,46.29546185985259,252,252,0,5,dgtw,2016
lasso_textall_dgtw_fit756_val126,lasso,textall,756,cap_spread_bp,8.350697263181386,4.174396852547371,2.0004560079345315,0.045451045727105725,0.16902977501118066,16.532364751351594,252,252,0,5,dgtw,2016
enet_textall_dgtw_fit756_val126,enet,textall,756,rank_ic,0.03965092436543063,0.0028577299706562817,13.874972363580152,8.982770999789654e-44,0.03404987654540361,0.045251972185457644,252,252,0,5,dgtw,2016
enet_textall_dgtw_fit756_val126,enet,textall,756,ew_spread_bp,31.694845954220295,7.452242049684873,4.253061795753205,2.1086735551691693e-05,17.08871993276299,46.3009719756776,252,252,0,5,dgtw,2016
enet_textall_dgtw_fit756_val126,enet,textall,756,cap_spread_bp,8.185201598131208,4.176690166645632,1.959733969135871,0.05002689259390008,-0.0009607030768279401,16.371363899339244,252,252,0,5,dgtw,2016
nn3_core_dgtw_fit504_val126,nn3,core,504,rank_ic,0.03236028338115144,0.0034767485644055865,9.30762831469926,1.3071853559085567e-20,0.025545981411615154,0.03917458535068773,252,252,0,5,dgtw,2016
nn3_core_dgtw_fit504_val126,nn3,core,504,ew_spread_bp,24.501344762928664,6.94966645228497,3.525542546703505,0.000422616285075352,10.880248811883872,38.122440713973454,252,252,0,5,dgtw,2016
nn3_core_dgtw_fit504_val126,nn3,core,504,cap_spread_bp,0.20316023257253668,2.946231464443741,0.06895596460235824,0.9450246711782578,-5.5713473278558965,5.97766779300097,252,252,0,5,dgtw,2016
nn3_textcore_dgtw_fit504_val126,nn3,textcore,504,rank_ic,0.03429324340286671,0.002387041916110833,14.366418608492689,8.406750277957101e-47,0.029614727217702,0.038971759588031424,252,252,0,5,dgtw,2016
nn3_textcore_dgtw_fit504_val126,nn3,textcore,504,ew_spread_bp,24.607336698042506,4.811336236460847,5.114449601664781,3.146570848603528e-07,15.177290957066756,34.03738243901826,252,252,0,5,dgtw,2016
nn3_textcore_dgtw_fit504_val126,nn3,textcore,504,cap_spread_bp,1.0983965131064288,3.8840123609877217,0.2827994380602593,0.7773305851178917,-6.514127829937889,8.710920856150747,252,252,0,5,dgtw,2016
nn3_all_dgtw_fit504_val126,nn3,all,504,rank_ic,0.029982885014743214,0.003064966552499312,9.78245096681196,1.3392735381317843e-22,0.02397566095802467,0.03599010907146176,252,252,0,5,dgtw,2016
nn3_all_dgtw_fit504_val126,nn3,all,504,ew_spread_bp,28.77609742922323,7.172946909291213,4.011753856974624,6.026932167055102e-05,14.71737982399456,42.8348150344519,252,252,0,5,dgtw,2016
nn3_all_dgtw_fit504_val126,nn3,all,504,cap_spread_bp,-1.2907087456356536,3.0542883135152685,-0.4225890332370554,0.6725951293594579,-7.277003838527161,4.695586347255855,252,252,0,5,dgtw,2016
nn3_textall_dgtw_fit504_val126,nn3,textall,504,rank_ic,0.03219103392771336,0.002998032885581248,10.737385197651784,6.79414319940213e-27,0.02631499744750742,0.0380670704079193,252,252,0,5,dgtw,2016
nn3_textall_dgtw_fit504_val126,nn3,textall,504,ew_spread_bp,33.17438759695372,6.886397115910406,4.817379398627369,1.454559526214465e-06,19.677297266528825,46.67147792737862,252,252,0,5,dgtw,2016
nn3_textall_dgtw_fit504_val126,nn3,textall,504,cap_spread_bp,-5.038365211591864,4.583481394716506,-1.0992441722136614,0.271661576255776,-14.02182366904563,3.9450932458619024,252,252,0,5,dgtw,2016
nn3_core_dgtw_fit252_val126,nn3,core,252,rank_ic,0.03138252027579303,0.0037265038981410094,8.421437662106943,3.718921895313523e-17,0.024078706847188533,0.03868633370439753,252,252,0,5,dgtw,2016
nn3_core_dgtw_fit252_val126,nn3,core,252,ew_spread_bp,24.696649209767145,7.565348901693173,3.264442860558603,0.0010967958313429064,9.868837831968872,39.524460587565414,252,252,0,5,dgtw,2016
nn3_core_dgtw_fit252_val126,nn3,core,252,cap_spread_bp,1.732199971007028,2.4872064426618214,0.6964439868341682,0.4861508242140209,-3.142635078726129,6.607035020740185,252,252,0,5,dgtw,2016
nn3_textcore_dgtw_fit252_val126,nn3,textcore,252,rank_ic,0.026856353619069975,0.0026398795366731516,10.173325428672813,2.608479323997589e-24,0.021682284803666314,0.03203042243447364,252,252,0,5,dgtw,2016
nn3_textcore_dgtw_fit252_val126,nn3,textcore,252,ew_spread_bp,17.199859150561434,5.432812501497138,3.165921729458105,0.001545923852008916,6.551742312868084,27.84797598825478,252,252,0,5,dgtw,2016
nn3_textcore_dgtw_fit252_val126,nn3,textcore,252,cap_spread_bp,-0.8742344249963961,3.0327585945444513,-0.28826376968118506,0.7731448381764041,-6.818332044107833,5.069863194115041,252,252,0,5,dgtw,2016
nn3_all_dgtw_fit252_val126,nn3,all,252,rank_ic,0.02582331848688471,0.002941722687833881,8.778298033897801,1.6596699274538347e-18,0.02005764796622594,0.031588989007543485,252,252,0,5,dgtw,2016
nn3_all_dgtw_fit252_val126,nn3,all,252,ew_spread_bp,28.92608029635401,7.419743791438252,3.8985281849936952,9.677913755446572e-05,14.383649690620365,43.46851090208765,252,252,0,5,dgtw,2016
nn3_all_dgtw_fit252_val126,nn3,all,252,cap_spread_bp,-2.6395460417394823,2.904894335619251,-0.908654751869588,0.36353239568479545,-8.333034318447623,3.053942234968658,252,252,0,5,dgtw,2016
nn3_textall_dgtw_fit252_val126,nn3,textall,252,rank_ic,0.027934554346127554,0.002541780189660999,10.99015346006502,4.262008190047245e-28,0.02295275671777461,0.0329163519744805,252,252,0,5,dgtw,2016
nn3_textall_dgtw_fit252_val126,nn3,textall,252,ew_spread_bp,21.612153570360107,6.309984768448526,3.4250722249641843,0.0006146360022570969,9.244810681204683,33.97949645951553,252,252,0,5,dgtw,2016
nn3_textall_dgtw_fit252_val126,nn3,textall,252,cap_spread_bp,3.1521146770926842,3.4992456825576057,0.9007983328534958,0.3676955541354071,-3.7062808337775017,10.01051018796287,252,252,0,5,dgtw,2016
nn3_core_dgtw_fit756_val126,nn3,core,756,rank_ic,0.031768422905442344,0.0034756133562013317,9.140378876942632,6.223390996111559e-20,0.024956345903101352,0.03858049990778334,252,252,0,5,dgtw,2016
nn3_core_dgtw_fit756_val126,nn3,core,756,ew_spread_bp,27.8908967669827,6.449680867526424,4.324384002844376,1.5295866049586455e-05,15.249754554853856,40.53203897911154,252,252,0,5,dgtw,2016
nn3_core_dgtw_fit756_val126,nn3,core,756,cap_spread_bp,0.5193590479889462,2.497627051030765,0.20794099254114334,0.8352750412540332,-4.375900018844337,5.414618114822229,252,252,0,5,dgtw,2016
nn3_textcore_dgtw_fit756_val126,nn3,textcore,756,rank_ic,0.032033236542049086,0.003027104333923448,10.582138244482184,3.606326662859748e-26,0.02610022107011402,0.03796625201398415,252,252,0,5,dgtw,2016
nn3_textcore_dgtw_fit756_val126,nn3,textcore,756,ew_spread_bp,23.974542741226045,6.105924405864406,3.9264394950909987,8.621256617075341e-05,12.007150813407682,35.94193466904441,252,252,0,5,dgtw,2016
nn3_textcore_dgtw_fit756_val126,nn3,textcore,756,cap_spread_bp,-1.1771170956012678,3.5417697496355074,-0.3323528006648111,0.7396228743690163,-8.118858246420306,5.764624055217771,252,252,0,5,dgtw,2016
nn3_all_dgtw_fit756_val126,nn3,all,756,rank_ic,0.03202044002115064,0.003442382618681994,9.301824802209378,1.3805561366167543e-20,0.025273494067527255,0.03876738597477403,252,252,0,5,dgtw,2016
nn3_all_dgtw_fit756_val126,nn3,all,756,ew_spread_bp,30.381154157761294,8.297628264766242,3.6614262760802507,0.00025081503922844703,14.118101601717875,46.644206713804714,252,252,0,5,dgtw,2016
nn3_all_dgtw_fit756_val126,nn3,all,756,cap_spread_bp,-1.6945132888519432,3.0676469517760068,-0.5523821076838418,0.5806865865760893,-7.706990831616996,4.31796425391311,252,252,0,5,dgtw,2016
nn3_textall_dgtw_fit756_val126,nn3,textall,756,rank_ic,0.036241775369145364,0.0029391885932356656,12.3305375682776,6.20315042500506e-35,0.030481071582632514,0.04200247915565822,252,252,0,5,dgtw,2016
nn3_textall_dgtw_fit756_val126,nn3,textall,756,ew_spread_bp,31.51809911300276,6.478520426546718,4.865015009268563,1.1444812183300913e-06,18.820432403864125,44.21576582214139,252,252,0,5,dgtw,2016
nn3_textall_dgtw_fit756_val126,nn3,textall,756,cap_spread_bp,4.812850406161423,4.997496404541379,0.9630522999051759,0.3355212777952208,-4.982062559608091,14.607763371930936,252,252,0,5,dgtw,2016
ols_core_dgtw_fit504_val126,ols,core,504,rank_ic,0.03197757207743117,0.0034781768530069805,9.193774045671562,3.7929485132493877e-20,0.025160470713676622,0.038794673441185715,251,251,0,5,dgtw,2017
ols_core_dgtw_fit504_val126,ols,core,504,ew_spread_bp,22.414419270044654,6.012388435976779,3.728039116022813,0.00019297543107818293,10.630354474465063,34.19848406562424,251,251,0,5,dgtw,2017
ols_core_dgtw_fit504_val126,ols,core,504,cap_spread_bp,-2.953677277981762,2.925495863152995,-1.0096330386871215,0.31267113459391194,-8.687543806682552,2.780189250719027,251,251,0,5,dgtw,2017
ridge_core_dgtw_fit504_val126,ridge,core,504,rank_ic,0.031703035160611584,0.0035028773047272284,9.050569689617012,1.422243668784308e-19,0.02483752180108348,0.03856854852013969,251,251,0,5,dgtw,2017
ridge_core_dgtw_fit504_val126,ridge,core,504,ew_spread_bp,22.997632958087664,5.922244538130609,3.8832629774094065,0.00010306399535294933,11.390246955712625,34.6050189604627,251,251,0,5,dgtw,2017
ridge_core_dgtw_fit504_val126,ridge,core,504,cap_spread_bp,-3.1143155968805782,2.3663768091818236,-1.3160691842468466,0.18815082280068673,-7.752328916727764,1.5236977229666078,251,251,0,5,dgtw,2017
lasso_core_dgtw_fit504_val126,lasso,core,504,rank_ic,0.033025892063346635,0.003621845004608235,9.118527165388446,7.61521625447564e-20,0.02592720629672819,0.040124577829965084,251,251,0,5,dgtw,2017
lasso_core_dgtw_fit504_val126,lasso,core,504,ew_spread_bp,24.52750181383617,6.041782789857835,4.059646410163864,4.9147083458600927e-05,12.685825143300885,36.36917848437146,251,251,0,5,dgtw,2017
lasso_core_dgtw_fit504_val126,lasso,core,504,cap_spread_bp,-3.105136047375224,2.4683948609792536,-1.2579575887398196,0.20840709476698704,-7.9431010745183155,1.7328289797678669,251,251,0,5,dgtw,2017
enet_core_dgtw_fit504_val126,enet,core,504,rank_ic,0.033025892063346635,0.003621845004608235,9.118527165388446,7.61521625447564e-20,0.02592720629672819,0.040124577829965084,251,251,0,5,dgtw,2017
enet_core_dgtw_fit504_val126,enet,core,504,ew_spread_bp,24.52750181383617,6.041782789857835,4.059646410163864,4.9147083458600927e-05,12.685825143300885,36.36917848437146,251,251,0,5,dgtw,2017
enet_core_dgtw_fit504_val126,enet,core,504,cap_spread_bp,-3.105136047375224,2.4683948609792536,-1.2579575887398196,0.20840709476698704,-7.9431010745183155,1.7328289797678669,251,251,0,5,dgtw,2017
ols_all_dgtw_fit504_val126,ols,all,504,rank_ic,0.031368042281549866,0.0038423577189288407,8.16374855652288,3.247846244896143e-16,0.023837159536729862,0.038898925026369865,251,251,0,5,dgtw,2017
ols_all_dgtw_fit504_val126,ols,all,504,ew_spread_bp,21.694631247627846,6.202393541145472,3.4977837352160717,0.0004691413882422745,9.53816328903887,33.85109920621682,251,251,0,5,dgtw,2017
ols_all_dgtw_fit504_val126,ols,all,504,cap_spread_bp,-3.0370531645707146,2.666888657642713,-1.1388001354564212,0.2547865253051915,-8.264058884328803,2.1899525551873733,251,251,0,5,dgtw,2017
ridge_all_dgtw_fit504_val126,ridge,all,504,rank_ic,0.03203203406390863,0.003965925650217976,8.076811541373218,6.648217082305467e-16,0.0242589626241178,0.03980510550369946,251,251,0,5,dgtw,2017
ridge_all_dgtw_fit504_val126,ridge,all,504,ew_spread_bp,20.127022716681367,6.281573005809602,3.2041373550966616,0.001354678310586175,7.815365859035534,32.438679574327196,251,251,0,5,dgtw,2017
ridge_all_dgtw_fit504_val126,ridge,all,504,cap_spread_bp,-1.9316769186205742,2.7416516469143044,-0.704566869680418,0.4810798221634618,-7.3052154047275355,3.4418615674863875,251,251,0,5,dgtw,2017
lasso_all_dgtw_fit504_val126,lasso,all,504,rank_ic,0.03214072795106107,0.003981525464733698,8.07246575106629,6.889250033667289e-16,0.02433708143665392,0.039944374465468224,251,251,0,5,dgtw,2017
lasso_all_dgtw_fit504_val126,lasso,all,504,ew_spread_bp,19.821135772482947,6.1976380113077205,3.1981757786303215,0.001382999517682616,7.67398848110337,31.968283063862522,251,251,0,5,dgtw,2017
lasso_all_dgtw_fit504_val126,lasso,all,504,cap_spread_bp,-2.301065502190207,2.467134482181314,-0.9326875039887257,0.3509813386346897,-7.136560232282458,2.534429227902044,251,251,0,5,dgtw,2017
enet_all_dgtw_fit504_val126,enet,all,504,rank_ic,0.032144284322171195,0.003982617550458507,8.071145148865856,6.964186529381481e-16,0.024338497359075388,0.039950071285267,251,251,0,5,dgtw,2017
enet_all_dgtw_fit504_val126,enet,all,504,ew_spread_bp,19.94855319091249,6.267472602214735,3.1828704259294693,0.0014582285559863962,7.664532616480079,32.2325737653449,251,251,0,5,dgtw,2017
enet_all_dgtw_fit504_val126,enet,all,504,cap_spread_bp,-2.327102821747524,2.4853012001374033,-0.9363463960098143,0.3490948674480102,-7.1982036647510075,2.5439980212559594,251,251,0,5,dgtw,2017
ols_textcore_dgtw_fit504_val126,ols,textcore,504,rank_ic,0.034418551773496286,0.0030560577320319308,11.262402346899338,2.011979171236007e-29,0.028428788684038545,0.04040831486295403,251,251,0,5,dgtw,2017
ols_textcore_dgtw_fit504_val126,ols,textcore,504,ew_spread_bp,12.801054121214026,6.2798802451334055,2.0384232854016933,0.041507619549673254,0.4927150135279845,25.109393228900068,251,251,0,5,dgtw,2017
ols_textcore_dgtw_fit504_val126,ols,textcore,504,cap_spread_bp,0.03662631984491338,3.6817817317391013,0.009947987825886902,0.992062785017275,-7.179533273301236,7.252785912991063,251,251,0,5,dgtw,2017
ridge_textcore_dgtw_fit504_val126,ridge,textcore,504,rank_ic,0.033411825382306116,0.003404164100697866,9.814986702743434,9.705078464017291e-23,0.026739786347474117,0.04008386441713811,251,251,0,5,dgtw,2017
ridge_textcore_dgtw_fit504_val126,ridge,textcore,504,ew_spread_bp,8.222737447455692,5.5329714572841375,1.4861340802021465,0.13724365944289185,-2.621687336309316,19.0671622312207,251,251,0,5,dgtw,2017
ridge_textcore_dgtw_fit504_val126,ridge,textcore,504,cap_spread_bp,-0.2863357843328058,4.001219162560686,-0.07156213461438031,0.942950374981246,-8.128581237203266,7.5559096685376534,251,251,0,5,dgtw,2017
lasso_textcore_dgtw_fit504_val126,lasso,textcore,504,rank_ic,0.035363922237983035,0.0034618197444254736,10.215414102634641,1.691553212804046e-24,0.028578880217939452,0.04214896425802662,251,251,0,5,dgtw,2017
lasso_textcore_dgtw_fit504_val126,lasso,textcore,504,ew_spread_bp,15.462417246911407,6.270415089782638,2.4659320037850008,0.013665727334208615,3.1726295028209464,27.752204991001868,251,251,0,5,dgtw,2017
lasso_textcore_dgtw_fit504_val126,lasso,textcore,504,cap_spread_bp,2.599720470733959,4.535696955644676,0.5731689079224321,0.566530334194034,-6.290082207117574,11.48952314858549,251,251,0,5,dgtw,2017
enet_textcore_dgtw_fit504_val126,enet,textcore,504,rank_ic,0.035350932129295964,0.0034637656373621537,10.205924947109766,1.865352620264885e-24,0.028562076229178716,0.04213978802941321,251,251,0,5,dgtw,2017
enet_textcore_dgtw_fit504_val126,enet,textcore,504,ew_spread_bp,15.304385622749393,6.269850911222171,2.4409488900855116,0.014648727792131446,3.015703648318297,27.59306759718049,251,251,0,5,dgtw,2017
enet_textcore_dgtw_fit504_val126,enet,textcore,504,cap_spread_bp,2.923831318888268,4.488789996334543,0.6513629110018092,0.514812246558723,-5.874035408091116,11.721698045867653,251,251,0,5,dgtw,2017
ols_textall_dgtw_fit504_val126,ols,textall,504,rank_ic,0.03446676671396237,0.0030558951219667512,11.278779322694758,1.670477746652049e-29,0.0284773223343759,0.04045621109354884,251,251,0,5,dgtw,2017
ols_textall_dgtw_fit504_val126,ols,textall,504,ew_spread_bp,20.524059067942442,6.232399157652076,3.2931233300009692,0.0009908100270234895,8.308781181666602,32.73933695421828,251,251,0,5,dgtw,2017
ols_textall_dgtw_fit504_val126,ols,textall,504,cap_spread_bp,4.773655583797445,3.6507686260380363,1.3075754923910397,0.19101733389580722,-2.3817194391258836,11.929030606720772,251,251,0,5,dgtw,2017
ridge_textall_dgtw_fit504_val126,ridge,textall,504,rank_ic,0.03551777179677167,0.0036540374197816822,9.720144518633242,2.4743006882475405e-22,0.02835599005583791,0.04267955353770544,251,251,0,5,dgtw,2017
ridge_textall_dgtw_fit504_val126,ridge,textall,504,ew_spread_bp,21.419284557296674,5.902243838542615,3.6290070595567827,0.0002845134611315052,9.851099205779706,32.987469908813644,251,251,0,5,dgtw,2017
ridge_textall_dgtw_fit504_val126,ridge,textall,504,cap_spread_bp,-1.6127341014292944,3.416218458517785,-0.47208166603286283,0.6368684982989643,-8.308399243445093,5.082931040586505,251,251,0,5,dgtw,2017
lasso_textall_dgtw_fit504_val126,lasso,textall,504,rank_ic,0.034886182186676454,0.0033558946687283256,10.39549378940911,2.5993705078520047e-25,0.02830874950005896,0.04146361487329395,251,251,0,5,dgtw,2017
lasso_textall_dgtw_fit504_val126,lasso,textall,504,ew_spread_bp,20.556295885180415,6.002712128961219,3.42450136597467,0.0006159287483647978,8.791196302854672,32.32139546750616,251,251,0,5,dgtw,2017
lasso_textall_dgtw_fit504_val126,lasso,textall,504,cap_spread_bp,-2.2796140005518164,3.6887805410762224,-0.6179858018570891,0.5365846978385678,-9.509491007933386,4.950263006829752,251,251,0,5,dgtw,2017
enet_textall_dgtw_fit504_val126,enet,textall,504,rank_ic,0.03490159698462268,0.0033583060718177793,10.392619445115434,2.678928873676029e-25,0.02831943803479765,0.04148375593444771,251,251,0,5,dgtw,2017
enet_textall_dgtw_fit504_val126,enet,textall,504,ew_spread_bp,20.768023880489984,6.006402169436814,3.457647905457733,0.000544913037354555,8.995691951730581,32.54035580924939,251,251,0,5,dgtw,2017
enet_textall_dgtw_fit504_val126,enet,textall,504,cap_spread_bp,-2.1453945660675617,3.6930663261890913,-0.5809250028502504,0.5612910003687545,-9.383671557915832,5.092882425780708,251,251,0,5,dgtw,2017
ols_core_dgtw_fit252_val126,ols,core,252,rank_ic,0.03230474152385919,0.003711947655736971,8.702908693750262,3.2348417329648503e-18,0.025029457806116845,0.039580025241601535,251,251,0,5,dgtw,2017
ols_core_dgtw_fit252_val126,ols,core,252,ew_spread_bp,22.399648869561496,6.200728185563319,3.6124223154488346,0.0003033499996563151,10.246444947934993,34.552852791188,251,251,0,5,dgtw,2017
ols_core_dgtw_fit252_val126,ols,core,252,cap_spread_bp,-3.018917485184262,3.15212947202752,-0.957739049735932,0.3381943604600246,-9.196977724965457,3.159142754596933,251,251,0,5,dgtw,2017
ridge_core_dgtw_fit252_val126,ridge,core,252,rank_ic,0.03264930397989236,0.0036725787574232727,8.890021463501444,6.109710602158047e-19,0.025451181884955883,0.039847426074828836,251,251,0,5,dgtw,2017
ridge_core_dgtw_fit252_val126,ridge,core,252,ew_spread_bp,23.223932022969173,6.417348644074876,3.6189294537412704,0.00029582426113224927,10.646159804345466,35.80170424159288,251,251,0,5,dgtw,2017
ridge_core_dgtw_fit252_val126,ridge,core,252,cap_spread_bp,-3.820655730703336,2.5478744653862746,-1.499546301282979,0.13373196646706956,-8.814397919989679,1.1730864585830072,251,251,0,5,dgtw,2017
lasso_core_dgtw_fit252_val126,lasso,core,252,rank_ic,0.03294174819633683,0.0036269736922824713,9.082433728822123,1.0617373249093306e-19,0.025833010386588924,0.04005048600608473,251,251,0,5,dgtw,2017
lasso_core_dgtw_fit252_val126,lasso,core,252,ew_spread_bp,23.66298848869754,6.156840184955012,3.843365716479198,0.00012135841479797872,11.595803467616792,35.73017350977829,251,251,0,5,dgtw,2017
lasso_core_dgtw_fit252_val126,lasso,core,252,cap_spread_bp,-3.694244775960466,2.6576779736884566,-1.3900272390162496,0.16452060606864427,-8.903197886895232,1.5147083349742987,251,251,0,5,dgtw,2017
enet_core_dgtw_fit252_val126,enet,core,252,rank_ic,0.03294174819633683,0.0036269736922824713,9.082433728822123,1.0617373249093306e-19,0.025833010386588924,0.04005048600608473,251,251,0,5,dgtw,2017
enet_core_dgtw_fit252_val126,enet,core,252,ew_spread_bp,23.66298848869754,6.156840184955012,3.843365716479198,0.00012135841479797872,11.595803467616792,35.73017350977829,251,251,0,5,dgtw,2017
enet_core_dgtw_fit252_val126,enet,core,252,cap_spread_bp,-3.694244775960466,2.6576779736884566,-1.3900272390162496,0.16452060606864427,-8.903197886895232,1.5147083349742987,251,251,0,5,dgtw,2017
ols_all_dgtw_fit252_val126,ols,all,252,rank_ic,0.02938276092386307,0.003813488358679626,7.704956239603284,1.3088813559383464e-14,0.02190846108538824,0.0368570607623379,251,251,0,5,dgtw,2017
ols_all_dgtw_fit252_val126,ols,all,252,ew_spread_bp,20.130634914530745,5.9311038484811505,3.3940789823947934,0.0006885982971420602,8.505884982940781,31.75538484612071,251,251,0,5,dgtw,2017
ols_all_dgtw_fit252_val126,ols,all,252,cap_spread_bp,-5.616372570096084,2.6499937698462572,-2.1193908581988574,0.03405744875234191,-10.810264918250272,-0.4224802219418953,251,251,0,5,dgtw,2017
ridge_all_dgtw_fit252_val126,ridge,all,252,rank_ic,0.0317989361593338,0.003928649905966755,8.094112970218653,5.768313750191205e-16,0.024098923835772293,0.03949894848289531,251,251,0,5,dgtw,2017
ridge_all_dgtw_fit252_val126,ridge,all,252,ew_spread_bp,19.262200806501703,6.033569403218757,3.192505052850773,0.001410444769947642,7.436622077970112,31.08777953503329,251,251,0,5,dgtw,2017
ridge_all_dgtw_fit252_val126,ridge,all,252,cap_spread_bp,-1.1336951200113399,2.784705267906359,-0.40711494070023874,0.6839235704941933,-6.591617152666766,4.324226912644086,251,251,0,5,dgtw,2017
lasso_all_dgtw_fit252_val126,lasso,all,252,rank_ic,0.030046221052335904,0.0037139799852008264,8.090033110588024,5.964851474514116e-16,0.022766954042039683,0.037325488062632126,251,251,0,5,dgtw,2017
lasso_all_dgtw_fit252_val126,lasso,all,252,ew_spread_bp,21.931988221999756,5.606702947420614,3.9117442867362278,9.163190585381654e-05,10.943052373040784,32.920924070958726,251,251,0,5,dgtw,2017
lasso_all_dgtw_fit252_val126,lasso,all,252,cap_spread_bp,-4.72979978945632,2.7351550603327857,-1.7292620290715242,0.08376220917485135,-10.090605199841058,0.6310056209284189,251,251,0,5,dgtw,2017
enet_all_dgtw_fit252_val126,enet,all,252,rank_ic,0.030056869819273423,0.003714619591413081,8.09150683659628,5.893108460866023e-16,0.022776349203836893,0.037337390434709954,251,251,0,5,dgtw,2017
enet_all_dgtw_fit252_val126,enet,all,252,ew_spread_bp,22.016501510482748,5.589700009082067,3.9387626303219565,8.190290923872303e-05,11.060890808298682,32.972112212666815,251,251,0,5,dgtw,2017
enet_all_dgtw_fit252_val126,enet,all,252,cap_spread_bp,-4.5546849813908485,2.724164406749044,-1.6719567182166903,0.09453285715261438,-9.893949106584897,0.7845791438031995,251,251,0,5,dgtw,2017
ols_textcore_dgtw_fit252_val126,ols,textcore,252,rank_ic,0.03319413468364169,0.003195717322994479,10.387068482182846,2.8394645014152525e-25,0.026930643825801757,0.03945762554148163,251,251,0,5,dgtw,2017
ols_textcore_dgtw_fit252_val126,ols,textcore,252,ew_spread_bp,13.374025092849937,5.123178423577856,2.610493718372191,0.009041163238771141,3.3327798962646504,23.415270289435224,251,251,0,5,dgtw,2017
ols_textcore_dgtw_fit252_val126,ols,textcore,252,cap_spread_bp,-2.7449014579655255,3.1784841139479605,-0.8635882261988447,0.38781413424094535,-8.974615846736233,3.484812930805182,251,251,0,5,dgtw,2017
ridge_textcore_dgtw_fit252_val126,ridge,textcore,252,rank_ic,0.03101360034769919,0.0035514825533306403,8.732578544871103,2.4893126825901388e-18,0.024052822451448783,0.0379743782439496,251,251,0,5,dgtw,2017
ridge_textcore_dgtw_fit252_val126,ridge,textcore,252,ew_spread_bp,11.384025767630396,4.891352162657679,2.327378072374362,0.019945151775613817,1.7971516931192415,20.97089984214155,251,251,0,5,dgtw,2017
ridge_textcore_dgtw_fit252_val126,ridge,textcore,252,cap_spread_bp,1.4207482272295604,3.70942362183496,0.3830105083891042,0.7017119725565305,-5.849588474969087,8.691084929428207,251,251,0,5,dgtw,2017
lasso_textcore_dgtw_fit252_val126,lasso,textcore,252,rank_ic,0.03425378938494777,0.00374956617171435,9.13540068804453,6.516500715384924e-20,0.026904774730737914,0.04160280403915762,251,251,0,5,dgtw,2017
lasso_textcore_dgtw_fit252_val126,lasso,textcore,252,ew_spread_bp,17.33002386420281,6.029762399187966,2.8740807210805954,0.004052053850976258,5.51190672646057,29.148141001945053,251,251,0,5,dgtw,2017
lasso_textcore_dgtw_fit252_val126,lasso,textcore,252,cap_spread_bp,-2.922389529257461,4.592390357423849,-0.6363547742698439,0.5245452113020751,-11.92330923275723,6.078530174242309,251,251,0,5,dgtw,2017
enet_textcore_dgtw_fit252_val126,enet,textcore,252,rank_ic,0.03424317616826081,0.0037499132518720927,9.131724887546499,6.741645400589841e-20,0.02689348124944203,0.04159287108707958,251,251,0,5,dgtw,2017
enet_textcore_dgtw_fit252_val126,enet,textcore,252,ew_spread_bp,17.198438551068964,6.001822857101112,2.8655358481166227,0.00416304135227899,5.435081909561498,28.96179519257643,251,251,0,5,dgtw,2017
enet_textcore_dgtw_fit252_val126,enet,textcore,252,cap_spread_bp,-3.5922797471711116,4.581835507632776,-0.7840263451594486,0.4330246518708504,-12.572512325218149,5.387952830875925,251,251,0,5,dgtw,2017
ols_textall_dgtw_fit252_val126,ols,textall,252,rank_ic,0.03306182467450231,0.003201056908442269,10.328408903730235,5.24229020849139e-25,0.026787868421492333,0.03933578092751229,251,251,0,5,dgtw,2017
ols_textall_dgtw_fit252_val126,ols,textall,252,ew_spread_bp,18.029052359268693,5.635292412645823,3.199310885591451,0.001377565320185873,6.984082188131051,29.074022530406335,251,251,0,5,dgtw,2017
ols_textall_dgtw_fit252_val126,ols,textall,252,cap_spread_bp,5.392879582541168,3.5461365329219254,1.5207760706544409,0.12831604138111843,-1.5574203062475416,12.343179471329877,251,251,0,5,dgtw,2017
ridge_textall_dgtw_fit252_val126,ridge,textall,252,rank_ic,0.03458080263780952,0.00397939613088122,8.689962371288669,3.625595542931819e-18,0.02678132954106429,0.04238027573455475,251,251,0,5,dgtw,2017
ridge_textall_dgtw_fit252_val126,ridge,textall,252,ew_spread_bp,19.822943872415767,5.805436035199578,3.414548666495522,0.0006388777907729794,8.444498328873589,31.201389415957944,251,251,0,5,dgtw,2017
ridge_textall_dgtw_fit252_val126,ridge,textall,252,cap_spread_bp,-2.221086224363003,3.0707641522569205,-0.7233008183746611,0.4694950901334791,-8.239673367803238,3.797500919077232,251,251,0,5,dgtw,2017
lasso_textall_dgtw_fit252_val126,lasso,textall,252,rank_ic,0.03236482285153632,0.0037125403460075094,8.71770266048197,2.8390334651538832e-18,0.025088377482209732,0.03964126822086291,251,251,0,5,dgtw,2017
lasso_textall_dgtw_fit252_val126,lasso,textall,252,ew_spread_bp,17.244655878703018,5.76013724057288,2.9937925362674056,0.002755332288535203,5.9549943411722435,28.53431741623379,251,251,0,5,dgtw,2017
lasso_textall_dgtw_fit252_val126,lasso,textall,252,cap_spread_bp,-4.697036265123262,3.2926901810366482,-1.426504167374921,0.15372286484381764,-11.150590432203764,1.7565179019572392,251,251,0,5,dgtw,2017
enet_textall_dgtw_fit252_val126,enet,textall,252,rank_ic,0.03238651494572168,0.0037135266129861167,8.721228718939777,2.751989016237082e-18,0.02510813652863788,0.03966489336280548,251,251,0,5,dgtw,2017
enet_textall_dgtw_fit252_val126,enet,textall,252,ew_spread_bp,17.2634004777967,5.771960602101779,2.9909075386811326,0.0027814969937866424,5.950565577493089,28.576235378100314,251,251,0,5,dgtw,2017
enet_textall_dgtw_fit252_val126,enet,textall,252,cap_spread_bp,-4.648938323744742,3.2578752166794387,-1.4269847721433397,0.1535842839797429,-11.034256414562067,1.7363797670725827,251,251,0,5,dgtw,2017
ols_core_dgtw_fit756_val126,ols,core,756,rank_ic,0.032542818691523805,0.0034369736912420045,9.468451496864366,2.8402277003488613e-21,0.02580647404087779,0.03927916334216982,251,251,0,5,dgtw,2017
ols_core_dgtw_fit756_val126,ols,core,756,ew_spread_bp,23.76518793627652,5.880733678001412,4.0411943879004575,5.317965284372805e-05,12.239161724721985,35.291214147831056,251,251,0,5,dgtw,2017
ols_core_dgtw_fit756_val126,ols,core,756,cap_spread_bp,-2.7673401861819715,2.330664350424385,-1.187361099713081,0.23508521709609898,-7.3353583730652065,1.800678000701263,251,251,0,5,dgtw,2017
ridge_core_dgtw_fit756_val126,ridge,core,756,rank_ic,0.03254177075867027,0.003437021193535688,9.468015739872211,2.8520987404262167e-21,0.02580533300523945,0.03927820851210109,251,251,0,5,dgtw,2017
ridge_core_dgtw_fit756_val126,ridge,core,756,ew_spread_bp,23.793397923047046,5.880636774772458,4.046058077437999,5.208731543051811e-05,12.267561638331246,35.31923420776285,251,251,0,5,dgtw,2017
ridge_core_dgtw_fit756_val126,ridge,core,756,cap_spread_bp,-2.7649644337220023,2.3308156133032676,-1.1862647641198234,0.2355177571010102,-7.333279090400044,1.8033502229560394,251,251,0,5,dgtw,2017
lasso_core_dgtw_fit756_val126,lasso,core,756,rank_ic,0.032832120659160934,0.0036112803702065405,9.091545738190126,9.764087280684745e-20,0.02575414119547964,0.039910100122842226,251,251,0,5,dgtw,2017
lasso_core_dgtw_fit756_val126,lasso,core,756,ew_spread_bp,24.511344030422254,6.02286955552051,4.069711921281006,4.7071305656178004e-05,12.706736618019292,36.31595144282522,251,251,0,5,dgtw,2017
lasso_core_dgtw_fit756_val126,lasso,core,756,cap_spread_bp,-3.368581390628796,2.4687445419981153,-1.3644916812261119,0.17241287059921706,-8.207231779974933,1.4700689987173412,251,251,0,5,dgtw,2017
enet_core_dgtw_fit756_val126,enet,core,756,rank_ic,0.03283210240140096,0.0036112818361678125,9.09153699181824,9.764872911738142e-20,0.025754120064488375,0.03991008473831355,251,251,0,5,dgtw,2017
enet_core_dgtw_fit756_val126,enet,core,756,ew_spread_bp,24.511344030422254,6.02286955552051,4.069711921281006,4.7071305656178004e-05,12.706736618019292,36.31595144282522,251,251,0,5,dgtw,2017
enet_core_dgtw_fit756_val126,enet,core,756,cap_spread_bp,-3.368581390628796,2.4687445419981153,-1.3644916812261119,0.17241287059921706,-8.207231779974933,1.4700689987173412,251,251,0,5,dgtw,2017
ols_all_dgtw_fit756_val126,ols,all,756,rank_ic,0.03125476308699848,0.0037665094332674735,8.298071102900373,1.0581534374894623e-16,0.023872540250363866,0.0386369859236331,251,251,0,5,dgtw,2017
ols_all_dgtw_fit756_val126,ols,all,756,ew_spread_bp,19.122623955689495,6.178343259379208,3.0951054599726,0.001967429293307346,7.0132936831804376,31.231954228198553,251,251,0,5,dgtw,2017
ols_all_dgtw_fit756_val126,ols,all,756,cap_spread_bp,-5.886625676222295,2.405865510684343,-2.446780857067882,0.01441384478546935,-10.602035428810673,-1.171215923633917,251,251,0,5,dgtw,2017
ridge_all_dgtw_fit756_val126,ridge,all,756,rank_ic,0.03187257498899565,0.003922644749429025,8.125276955970834,4.463420576180159e-16,0.024184332555969617,0.03956081742202169,251,251,0,5,dgtw,2017
ridge_all_dgtw_fit756_val126,ridge,all,756,ew_spread_bp,20.42457253127001,6.360998268820704,3.2109067898011894,0.0013231684566045927,7.957245018659796,32.89190004388022,251,251,0,5,dgtw,2017
ridge_all_dgtw_fit756_val126,ridge,all,756,cap_spread_bp,-2.0924116240920174,2.6648374946704174,-0.7851929538956008,0.43234044605184263,-7.315397138297984,3.130573890113949,251,251,0,5,dgtw,2017
lasso_all_dgtw_fit756_val126,lasso,all,756,rank_ic,0.031546643476823205,0.003861091730400813,8.170394717234135,3.0738209183117414e-16,0.023979042744232175,0.039114244209414235,251,251,0,5,dgtw,2017
lasso_all_dgtw_fit756_val126,lasso,all,756,ew_spread_bp,20.748643124939772,6.133075736750867,3.3830730314659094,0.0007167956830210817,8.728035566451615,32.76925068342793,251,251,0,5,dgtw,2017
lasso_all_dgtw_fit756_val126,lasso,all,756,cap_spread_bp,-3.121561513851878,2.7659035038086697,-1.1285865575402267,0.25907228397402626,-8.542632766030014,2.2995097383262584,251,251,0,5,dgtw,2017
enet_all_dgtw_fit756_val126,enet,all,756,rank_ic,0.031561363608343995,0.0038623741044547994,8.171493168396513,3.0459575702226207e-16,0.02399124946879244,0.03913147774789555,251,251,0,5,dgtw,2017
enet_all_dgtw_fit756_val126,enet,all,756,ew_spread_bp,20.611943930240674,6.140885779960808,3.3565099024480185,0.0007893289426158373,8.576028968343332,32.64785889213802,251,251,0,5,dgtw,2017
enet_all_dgtw_fit756_val126,enet,all,756,cap_spread_bp,-3.1131794176900502,2.764420435032976,-1.1261598916855473,0.26009784700365923,-8.531343908481233,2.3049850731011317,251,251,0,5,dgtw,2017
ols_textcore_dgtw_fit756_val126,ols,textcore,756,rank_ic,0.03638035777040326,0.003161027447234993,11.50902938290707,1.1880802303622328e-30,0.030184857819680083,0.04257585772112643,251,251,0,5,dgtw,2017
ols_textcore_dgtw_fit756_val126,ols,textcore,756,ew_spread_bp,11.340107567738517,6.16115666780293,1.8405809459447493,0.06568299211209684,-0.7355376042640369,23.415752739741073,251,251,0,5,dgtw,2017
ols_textcore_dgtw_fit756_val126,ols,textcore,756,cap_spread_bp,-3.2644934779223367,3.4364941089343235,-0.9499488066734021,0.3421382655060041,-9.999898164517676,3.470911208673003,251,251,0,5,dgtw,2017
ridge_textcore_dgtw_fit756_val126,ridge,textcore,756,rank_ic,0.034976112317474696,0.0032429324887625448,10.78533470513938,4.037707758930804e-27,0.028620081435205266,0.041332143199744126,251,251,0,5,dgtw,2017
ridge_textcore_dgtw_fit756_val126,ridge,textcore,756,ew_spread_bp,8.616049703703725,5.4732465164463155,1.574211882803696,0.11543847310457446,-2.1113163470403666,19.34341575444782,251,251,0,5,dgtw,2017
ridge_textcore_dgtw_fit756_val126,ridge,textcore,756,cap_spread_bp,-1.8074727502123566,3.190725923425305,-0.5664769690628897,0.5710695848442587,-8.061180644664262,4.446235144239548,251,251,0,5,dgtw,2017
lasso_textcore_dgtw_fit756_val126,lasso,textcore,756,rank_ic,0.03678311694710632,0.0034461873893795888,10.673568436952676,1.353272988948782e-26,0.030028713779946217,0.043537520114266426,251,251,0,5,dgtw,2017
lasso_textcore_dgtw_fit756_val126,lasso,textcore,756,ew_spread_bp,14.187999942805385,6.270511477820075,2.2626543293941634,0.02365700621714289,1.8980232816330087,26.477976603977762,251,251,0,5,dgtw,2017
lasso_textcore_dgtw_fit756_val126,lasso,textcore,756,cap_spread_bp,2.6445663017096543,5.498583092141391,0.4809541398927452,0.6305490929363631,-8.132458524888358,13.421591128307666,251,251,0,5,dgtw,2017
enet_textcore_dgtw_fit756_val126,enet,textcore,756,rank_ic,0.03677110544455689,0.0034465103063786805,10.669083268517205,1.420206114789023e-26,0.03001606937170857,0.04352614151740521,251,251,0,5,dgtw,2017
enet_textcore_dgtw_fit756_val126,enet,textcore,756,ew_spread_bp,13.622279187577758,6.249227032191964,2.1798342606860994,0.029269749334279626,1.3740192732673808,25.870539101888134,251,251,0,5,dgtw,2017
enet_textcore_dgtw_fit756_val126,enet,textcore,756,cap_spread_bp,2.249641321596752,5.452427147750507,0.41259447593442494,0.6799037491834752,-8.436919516322694,12.936202159516197,251,251,0,5,dgtw,2017
ols_textall_dgtw_fit756_val126,ols,textall,756,rank_ic,0.03620954128489396,0.003122482132842644,11.596396630756548,4.2979659851697e-31,0.030089588762152564,0.04232949380763536,251,251,0,5,dgtw,2017
ols_textall_dgtw_fit756_val126,ols,textall,756,ew_spread_bp,20.664707661182142,5.927383545696004,3.486311878060804,0.0004897296933150406,9.04724938906265,32.282165933301634,251,251,0,5,dgtw,2017
ols_textall_dgtw_fit756_val126,ols,textall,756,cap_spread_bp,-2.8236310544768615,3.6146361698095006,-0.7811660487604961,0.43470483932485937,-9.90818776451929,4.260925655565567,251,251,0,5,dgtw,2017
ridge_textall_dgtw_fit756_val126,ridge,textall,756,rank_ic,0.03558745079346134,0.0036517709685591035,9.745258150048564,1.9328697284730263e-22,0.028430111215296545,0.04274479037162613,251,251,0,5,dgtw,2017
ridge_textall_dgtw_fit756_val126,ridge,textall,756,ew_spread_bp,20.19803324905886,5.912749385338211,3.4160137581923786,0.0006354503637773315,8.609257404184625,31.786809093933094,251,251,0,5,dgtw,2017
ridge_textall_dgtw_fit756_val126,ridge,textall,756,cap_spread_bp,-4.754357836709587,3.6971465923293176,-1.2859532934327587,0.19845936266288056,-12.000632003240039,2.4919163298208655,251,251,0,5,dgtw,2017
lasso_textall_dgtw_fit756_val126,lasso,textall,756,rank_ic,0.035918511430768026,0.003431678760777318,10.466746433641136,1.2279102749607562e-25,0.029192544653133437,0.042644478208402614,251,251,0,5,dgtw,2017
lasso_textall_dgtw_fit756_val126,lasso,textall,756,ew_spread_bp,21.228145213120097,6.060252647361699,3.502848222402356,0.0004603116721459931,9.35026828707765,33.10602213916255,251,251,0,5,dgtw,2017
lasso_textall_dgtw_fit756_val126,lasso,textall,756,cap_spread_bp,-0.9375160961332348,3.495382965604416,-0.2682155590270553,0.7885333992660245,-7.788340820892698,5.913308628626227,251,251,0,5,dgtw,2017
enet_textall_dgtw_fit756_val126,enet,textall,756,rank_ic,0.03592914063439258,0.0034338158848888503,10.463327632825479,1.2730462056072444e-25,0.029198985170468896,0.04265929609831626,251,251,0,5,dgtw,2017
enet_textall_dgtw_fit756_val126,enet,textall,756,ew_spread_bp,21.054074714784967,6.077791739792169,3.464099399283614,0.0005320098875795257,9.14182179925728,32.966327630312655,251,251,0,5,dgtw,2017
enet_textall_dgtw_fit756_val126,enet,textall,756,cap_spread_bp,-1.1676847141597444,3.5392915999315893,-0.3299204604057813,0.7414600631324074,-8.104568780810805,5.7691993524913165,251,251,0,5,dgtw,2017
nn3_core_dgtw_fit504_val126,nn3,core,504,rank_ic,0.03243697889964113,0.003560301762704203,9.110738656883917,8.182296474772928e-20,0.025458915670646422,0.039415042128635835,251,251,0,5,dgtw,2017
nn3_core_dgtw_fit504_val126,nn3,core,504,ew_spread_bp,25.412293143427252,5.910738108677227,4.299343445130969,1.7130483375640347e-05,13.827459328371493,36.99712695848301,251,251,0,5,dgtw,2017
nn3_core_dgtw_fit504_val126,nn3,core,504,cap_spread_bp,-5.09063836377005,2.9161795261507835,-1.7456532830437388,0.08087121747726733,-10.806245207478666,0.6249684799385662,251,251,0,5,dgtw,2017
nn3_textcore_dgtw_fit504_val126,nn3,textcore,504,rank_ic,0.03421997291755783,0.002933760239418623,11.664202294983426,1.9421483956877012e-31,0.028469908509021723,0.039970037326093937,251,251,0,5,dgtw,2017
nn3_textcore_dgtw_fit504_val126,nn3,textcore,504,ew_spread_bp,16.512493945815123,6.188942360535442,2.668063941120067,0.007628973762935586,4.382389816771349,28.642598074858896,251,251,0,5,dgtw,2017
nn3_textcore_dgtw_fit504_val126,nn3,textcore,504,cap_spread_bp,0.7217299372981509,3.707985243409409,0.1946420737733402,0.8456731628322375,-6.545787594990276,7.989247469586578,251,251,0,5,dgtw,2017
nn3_all_dgtw_fit504_val126,nn3,all,504,rank_ic,0.030106798535083634,0.0034764183170943133,8.660292228654384,4.7055637631620766e-18,0.023293143838383434,0.036920453231783834,251,251,0,5,dgtw,2017
nn3_all_dgtw_fit504_val126,nn3,all,504,ew_spread_bp,26.964790358035756,5.750189281195671,4.689374390894626,2.740415913181551e-06,15.69462646260398,38.234954253467535,251,251,0,5,dgtw,2017
nn3_all_dgtw_fit504_val126,nn3,all,504,cap_spread_bp,-2.3529615595904416,3.2328739705822294,-0.7278234725514776,0.46672165392728304,-8.689278108488613,3.98335498930773,251,251,0,5,dgtw,2017
nn3_textall_dgtw_fit504_val126,nn3,textall,504,rank_ic,0.03518720234966274,0.003160133736272235,11.134719377785053,8.50123341662538e-29,0.02899345404023916,0.04138095065908631,251,251,0,5,dgtw,2017
nn3_textall_dgtw_fit504_val126,nn3,textall,504,ew_spread_bp,24.880313380190444,6.1312168347476454,4.057973164345686,4.950045425122084e-05,12.863349202679391,36.8972775577015,251,251,0,5,dgtw,2017
nn3_textall_dgtw_fit504_val126,nn3,textall,504,cap_spread_bp,2.340830547911458,4.417628967390036,0.5298839185433981,0.5961924166535185,-6.317563125233883,10.9992242210568,251,251,0,5,dgtw,2017
nn3_core_dgtw_fit252_val126,nn3,core,252,rank_ic,0.03239509486385783,0.0036062669216415785,8.982999752306613,2.634831267150136e-19,0.02532694157880221,0.03946324814891346,251,251,0,5,dgtw,2017
nn3_core_dgtw_fit252_val126,nn3,core,252,ew_spread_bp,23.386137545323784,6.305887256046083,3.7086196748762297,0.00020839216270535042,11.026825632903355,35.745449457744215,251,251,0,5,dgtw,2017
nn3_core_dgtw_fit252_val126,nn3,core,252,cap_spread_bp,-4.42113325551189,2.810742984615823,-1.5729411332556178,0.11573244948753822,-9.930088275157523,1.087821764133742,251,251,0,5,dgtw,2017
nn3_textcore_dgtw_fit252_val126,nn3,textcore,252,rank_ic,0.030145697158486723,0.0027912193467090384,10.800189241318398,3.434948749532338e-27,0.02467500776598559,0.03561638655098785,251,251,0,5,dgtw,2017
nn3_textcore_dgtw_fit252_val126,nn3,textcore,252,ew_spread_bp,8.665272403143934,5.223090430471816,1.6590316630533957,0.09710941214763316,-1.5717967285766328,18.9023415348645,251,251,0,5,dgtw,2017
nn3_textcore_dgtw_fit252_val126,nn3,textcore,252,cap_spread_bp,2.557835188845124,3.276525687913475,0.78065470332814,0.43500560861414994,-3.864037153885612,8.97970753157586,251,251,0,5,dgtw,2017
nn3_all_dgtw_fit252_val126,nn3,all,252,rank_ic,0.02891213548386402,0.003191082128127826,9.060291876858232,1.3010194732633886e-19,0.022657729441024052,0.03516654152670399,251,251,0,5,dgtw,2017
nn3_all_dgtw_fit252_val126,nn3,all,252,ew_spread_bp,23.80456103359992,5.229255130010428,4.552189641118629,5.309044600446131e-06,13.555409312808163,34.05371275439168,251,251,0,5,dgtw,2017
nn3_all_dgtw_fit252_val126,nn3,all,252,cap_spread_bp,-1.5279773482175436,2.145751227118324,-0.7120943606634069,0.4764063461448822,-5.733572473152084,2.677617776716997,251,251,0,5,dgtw,2017
nn3_textall_dgtw_fit252_val126,nn3,textall,252,rank_ic,0.029407546389720183,0.002836026916068529,10.36927619519447,3.4210613680959012e-25,0.02384903577503967,0.0349660570044007,251,251,0,5,dgtw,2017
nn3_textall_dgtw_fit252_val126,nn3,textall,252,ew_spread_bp,20.623386194732763,5.383124201987163,3.831118402789166,0.00012756209694344078,10.072656634532006,31.17411575493352,251,251,0,5,dgtw,2017
nn3_textall_dgtw_fit252_val126,nn3,textall,252,cap_spread_bp,4.377662504069256,2.950959317118509,1.4834709779543365,0.13794932168256263,-1.4061114773259344,10.161436485464446,251,251,0,5,dgtw,2017
nn3_core_dgtw_fit756_val126,nn3,core,756,rank_ic,0.030287407570876283,0.0036676237357170047,8.258046559117718,1.4807579777599354e-16,0.023098997140026705,0.037475818001725864,251,251,0,5,dgtw,2017
nn3_core_dgtw_fit756_val126,nn3,core,756,ew_spread_bp,22.87352674646769,6.473256475678154,3.53354248088423,0.00041003019030082585,10.186177191447827,35.56087630148755,251,251,0,5,dgtw,2017
nn3_core_dgtw_fit756_val126,nn3,core,756,cap_spread_bp,-4.630819809877882,2.5718848519313866,-1.8005548756976093,0.07177306692136881,-9.671621492047528,0.4099818722917652,251,251,0,5,dgtw,2017
nn3_textcore_dgtw_fit756_val126,nn3,textcore,756,rank_ic,0.03600472092535821,0.003312900205167618,10.868036673485168,1.6368526438447634e-27,0.029511555838854325,0.0424978860118621,251,251,0,5,dgtw,2017
nn3_textcore_dgtw_fit756_val126,nn3,textcore,756,ew_spread_bp,14.696694796688364,5.673313107187216,2.590495979865788,0.009583774093965993,3.577205433582394,25.816184159794332,251,251,0,5,dgtw,2017
nn3_textcore_dgtw_fit756_val126,nn3,textcore,756,cap_spread_bp,-2.0634130480692834,4.443492620848184,-0.46436738487829743,0.6423845532097061,-10.772498550501219,6.645672454362653,251,251,0,5,dgtw,2017
nn3_all_dgtw_fit756_val126,nn3,all,756,rank_ic,0.03209410182114544,0.003646446459751382,8.801473482578885,1.3503135213767674e-18,0.02494719808847915,0.039241005553811735,251,251,0,5,dgtw,2017
nn3_all_dgtw_fit756_val126,nn3,all,756,ew_spread_bp,25.3703776420407,6.018386616045968,4.215478210455818,2.4924945822515496e-05,13.574556629552713,37.166198654528685,251,251,0,5,dgtw,2017
nn3_all_dgtw_fit756_val126,nn3,all,756,cap_spread_bp,-2.513141561107788,3.0868030997396123,-0.8141567440177134,0.4155551621093686,-8.563164463964029,3.536881341748453,251,251,0,5,dgtw,2017
nn3_textall_dgtw_fit756_val126,nn3,textall,756,rank_ic,0.03839530076465252,0.003471626833040865,11.059743057413039,1.9666007468796887e-28,0.03159103720412958,0.04519956432517547,251,251,0,5,dgtw,2017
nn3_textall_dgtw_fit756_val126,nn3,textall,756,ew_spread_bp,21.166646118904094,6.066182407438316,3.489286127128271,0.0004843124412211892,9.277147076674513,33.05614516113367,251,251,0,5,dgtw,2017
nn3_textall_dgtw_fit756_val126,nn3,textall,756,cap_spread_bp,1.6413370212471483,4.352517713192911,0.3771005954259747,0.7060988487267538,-6.8894409386835935,10.17211498117789,251,251,0,5,dgtw,2017
ols_core_dgtw_fit504_val126,ols,core,504,rank_ic,0.032568149998097255,0.0038607886622443917,8.435621021318587,3.2944871861475846e-17,0.02500114326817767,0.04013515672801684,251,251,0,5,dgtw,2018
ols_core_dgtw_fit504_val126,ols,core,504,ew_spread_bp,31.520359591567892,6.201793989047672,5.082458341446467,3.725810415097765e-07,19.365066733497464,43.67565244963832,251,251,0,5,dgtw,2018
ols_core_dgtw_fit504_val126,ols,core,504,cap_spread_bp,-0.7559719656195812,2.3995190351676814,-0.3150514559542775,0.75272258545449,-5.458942854766536,3.9469989235273735,251,251,0,5,dgtw,2018
ridge_core_dgtw_fit504_val126,ridge,core,504,rank_ic,0.032055922111585616,0.0038596185154364374,8.305463864726226,9.943022928979249e-17,0.02449120882726625,0.039620635395904984,251,251,0,5,dgtw,2018
ridge_core_dgtw_fit504_val126,ridge,core,504,ew_spread_bp,30.784381889839953,6.079620132050086,5.0635370666586805,4.1154831845484424e-07,18.868545391337136,42.70021838834277,251,251,0,5,dgtw,2018
ridge_core_dgtw_fit504_val126,ridge,core,504,cap_spread_bp,-1.5795822198648786,2.4432206476035048,-0.6465164009702734,0.5179449789965523,-6.368206695452375,3.2090422557226175,251,251,0,5,dgtw,2018
lasso_core_dgtw_fit504_val126,lasso,core,504,rank_ic,0.032175149950569346,0.003867651200060034,8.319041269820278,8.867767145303521e-17,0.024594692893688562,0.03975560700745013,251,251,0,5,dgtw,2018
lasso_core_dgtw_fit504_val126,lasso,core,504,ew_spread_bp,31.191390789817813,5.937816857475082,5.253006540703788,1.496362203116409e-07,19.55348360237185,42.82929797726378,251,251,0,5,dgtw,2018
lasso_core_dgtw_fit504_val126,lasso,core,504,cap_spread_bp,-1.1593407985601045,2.20000371693306,-0.5269721999271422,0.598212893977463,-5.471268849603154,3.1525872524829452,251,251,0,5,dgtw,2018
enet_core_dgtw_fit504_val126,enet,core,504,rank_ic,0.0321743392258354,0.003867480713703881,8.319198363893605,8.856022850490258e-17,0.02459421631607253,0.03975446213559827,251,251,0,5,dgtw,2018
enet_core_dgtw_fit504_val126,enet,core,504,ew_spread_bp,31.165933431267803,5.935755718622497,5.250541785857124,1.516524965251399e-07,19.53206600174004,42.799800860795564,251,251,0,5,dgtw,2018
enet_core_dgtw_fit504_val126,enet,core,504,cap_spread_bp,-1.1391390085733677,2.1984221044525882,-0.5181620973816653,0.6043451772979894,-5.447967156117194,3.1696891389704582,251,251,0,5,dgtw,2018
ols_all_dgtw_fit504_val126,ols,all,504,rank_ic,0.03342272735262658,0.0034120721725821217,9.795433877746373,1.177906157114354e-22,0.026735188781714287,0.040110265923538876,251,251,0,5,dgtw,2018
ols_all_dgtw_fit504_val126,ols,all,504,ew_spread_bp,29.608493844084734,6.477891119692602,4.570699521959511,4.860988569874174e-06,16.91206055371539,42.304927134454076,251,251,0,5,dgtw,2018
ols_all_dgtw_fit504_val126,ols,all,504,cap_spread_bp,1.2697417902240493,2.469765345401405,0.514114343934841,0.6071720494049779,-3.570909337027831,6.11039291747593,251,251,0,5,dgtw,2018
ridge_all_dgtw_fit504_val126,ridge,all,504,rank_ic,0.033302875820887305,0.0035557350495294595,9.365961005810703,7.536132259795333e-21,0.026333763185242817,0.04027198845653179,251,251,0,5,dgtw,2018
ridge_all_dgtw_fit504_val126,ridge,all,504,ew_spread_bp,31.131894981171815,6.558463707138516,4.746827362524932,2.0663217195981265e-06,18.277542321267276,43.98624764107635,251,251,0,5,dgtw,2018
ridge_all_dgtw_fit504_val126,ridge,all,504,cap_spread_bp,1.2314346383505235,2.4695267364141955,0.4986520778222439,0.6180245103929396,-3.608748823880039,6.0716181005810865,251,251,0,5,dgtw,2018
lasso_all_dgtw_fit504_val126,lasso,all,504,rank_ic,0.032443368905806715,0.003489119887934369,9.298439133031298,1.4252249516476516e-20,0.02560481958771292,0.03928191822390051,251,251,0,5,dgtw,2018
lasso_all_dgtw_fit504_val126,lasso,all,504,ew_spread_bp,31.511515214135198,6.595351124541112,4.777837391686662,1.771905785977687e-06,18.584864544638876,44.43816588363152,251,251,0,5,dgtw,2018
lasso_all_dgtw_fit504_val126,lasso,all,504,cap_spread_bp,1.6897025775717296,2.4282803640228328,0.6958432817751194,0.4865269805046374,-3.069639480278835,6.449044635422294,251,251,0,5,dgtw,2018
enet_all_dgtw_fit504_val126,enet,all,504,rank_ic,0.032279022316175326,0.0034789536530894657,9.27837089393534,1.7208954339216843e-20,0.02546039845223592,0.039097646180114735,251,251,0,5,dgtw,2018
enet_all_dgtw_fit504_val126,enet,all,504,ew_spread_bp,31.00326372994318,6.539515081115303,4.740911725928099,2.127586219240891e-06,18.186049694600655,43.8204777652857,251,251,0,5,dgtw,2018
enet_all_dgtw_fit504_val126,enet,all,504,cap_spread_bp,1.8772028917627777,2.4079132182873995,0.7795974030567084,0.4356278849874694,-2.8422202939784587,6.596626077504014,251,251,0,5,dgtw,2018
ols_textcore_dgtw_fit504_val126,ols,textcore,504,rank_ic,0.03803710243874779,0.003448813670947848,11.029039567769383,2.7680527309413155e-28,0.03127755185430064,0.044796653023194945,251,251,0,5,dgtw,2018
ols_textcore_dgtw_fit504_val126,ols,textcore,504,ew_spread_bp,19.748008110652105,7.651334532844794,2.5809887184882663,0.009851780117145333,4.751667992608709,34.7443482286955,251,251,0,5,dgtw,2018
ols_textcore_dgtw_fit504_val126,ols,textcore,504,cap_spread_bp,8.517608117949969,4.7480252537122,1.7939264563284611,0.07282490805997911,-0.7883503770125948,17.823566612912533,251,251,0,5,dgtw,2018
ridge_textcore_dgtw_fit504_val126,ridge,textcore,504,rank_ic,0.03860668177120431,0.003550401883515222,10.873890629243407,1.5351182187058968e-27,0.031648021948871306,0.04556534159353732,251,251,0,5,dgtw,2018
ridge_textcore_dgtw_fit504_val126,ridge,textcore,504,ew_spread_bp,23.331655154700815,7.653288568422583,3.0485790449568397,0.002299264155294059,8.331485197300443,38.331825112101185,251,251,0,5,dgtw,2018
ridge_textcore_dgtw_fit504_val126,ridge,textcore,504,cap_spread_bp,4.169911985815805,5.814642837570721,0.7171398316801755,0.47328782048946894,-7.226578558786592,15.566402530418202,251,251,0,5,dgtw,2018
lasso_textcore_dgtw_fit504_val126,lasso,textcore,504,rank_ic,0.0386846813360074,0.003602270008014587,10.738973272391842,6.678293465320189e-27,0.03162436185771,0.045745000814304805,251,251,0,5,dgtw,2018
lasso_textcore_dgtw_fit504_val126,lasso,textcore,504,ew_spread_bp,24.37962244855338,7.663969570852351,3.1810698389610117,0.001467322520038337,9.358518111071879,39.40072678603488,251,251,0,5,dgtw,2018
lasso_textcore_dgtw_fit504_val126,lasso,textcore,504,cap_spread_bp,6.274992826468196,5.105105776620117,1.2291601978563929,0.21901174870423756,-3.730830632974614,16.28081628591101,251,251,0,5,dgtw,2018
enet_textcore_dgtw_fit504_val126,enet,textcore,504,rank_ic,0.038692523541782264,0.0036038353807754772,10.736484731845982,6.86071497600701e-27,0.031629135989251135,0.045755911094313394,251,251,0,5,dgtw,2018
enet_textcore_dgtw_fit504_val126,enet,textcore,504,ew_spread_bp,24.531009981736574,7.6816848315492745,3.193441350390453,0.0014058789260463697,9.475184371312364,39.58683559216078,251,251,0,5,dgtw,2018
enet_textcore_dgtw_fit504_val126,enet,textcore,504,cap_spread_bp,6.09429967686628,5.095889370166718,1.1959246432123578,0.23172596745185114,-3.893459957860987,16.082059311593547,251,251,0,5,dgtw,2018
ols_textall_dgtw_fit504_val126,ols,textall,504,rank_ic,0.038434290979715714,0.003134074554626515,12.263362057861414,1.4246396454688303e-34,0.032291617727784334,0.044576964231647094,251,251,0,5,dgtw,2018
ols_textall_dgtw_fit504_val126,ols,textall,504,ew_spread_bp,30.90145299873313,7.1556811625356085,4.318450235111262,1.5712864104086507e-05,16.87657563531163,44.92633036215463,251,251,0,5,dgtw,2018
ols_textall_dgtw_fit504_val126,ols,textall,504,cap_spread_bp,6.4006050771039185,3.1581610921007326,2.026687331787243,0.042694398845963606,0.2107230792107977,12.59048707499704,251,251,0,5,dgtw,2018
ridge_textall_dgtw_fit504_val126,ridge,textall,504,rank_ic,0.038944755112414686,0.0034266898550924852,11.36512399992604,6.237582877195415e-30,0.03222856641024464,0.045660943814584735,251,251,0,5,dgtw,2018
ridge_textall_dgtw_fit504_val126,ridge,textall,504,ew_spread_bp,30.248726052807598,6.904386772166465,4.381088002594056,1.1808816124033667e-05,16.71637664402657,43.78107546158863,251,251,0,5,dgtw,2018
ridge_textall_dgtw_fit504_val126,ridge,textall,504,cap_spread_bp,4.52822613129359,3.035471027883052,1.491770499437641,0.13575932011804065,-1.4211877594719704,10.477640022059152,251,251,0,5,dgtw,2018
lasso_textall_dgtw_fit504_val126,lasso,textall,504,rank_ic,0.0391991469307452,0.0032978994485293556,11.886095238053853,1.397905822687909e-32,0.03273538278699316,0.04566291107449724,251,251,0,5,dgtw,2018
lasso_textall_dgtw_fit504_val126,lasso,textall,504,ew_spread_bp,31.364581045836164,6.823242182352865,4.596726923595828,4.29179511040521e-06,17.99127211063007,44.73788998104226,251,251,0,5,dgtw,2018
lasso_textall_dgtw_fit504_val126,lasso,textall,504,cap_spread_bp,4.374991525059926,3.0329932585430317,1.4424666170084248,0.14917078256160102,-1.5695660270371965,10.319549077157049,251,251,0,5,dgtw,2018
enet_textall_dgtw_fit504_val126,enet,textall,504,rank_ic,0.03918930814215813,0.0032990534594489434,11.878955168160296,1.522585687238743e-32,0.03272328217856593,0.04565533410575033,251,251,0,5,dgtw,2018
enet_textall_dgtw_fit504_val126,enet,textall,504,ew_spread_bp,31.343431736337713,6.831847243098334,4.587841416975689,4.4785262488752424e-06,17.95325719198572,44.733606280689706,251,251,0,5,dgtw,2018
enet_textall_dgtw_fit504_val126,enet,textall,504,cap_spread_bp,4.372304199582583,3.0128661344170116,1.451210908322889,0.14672114030953437,-1.5328049141151734,10.27741331328034,251,251,0,5,dgtw,2018
ols_core_dgtw_fit252_val126,ols,core,252,rank_ic,0.03184595397748817,0.0038428932485463723,8.286973360380058,1.1616664252775265e-16,0.02431402161390515,0.03937788634107119,251,251,0,5,dgtw,2018
ols_core_dgtw_fit252_val126,ols,core,252,ew_spread_bp,32.670948827542794,6.149297985153853,5.312955870152937,1.0786116563140254e-07,20.618546246436523,44.723351408649066,251,251,0,5,dgtw,2018
ols_core_dgtw_fit252_val126,ols,core,252,cap_spread_bp,-0.24705180242746333,2.1013457619399407,-0.11756837304080203,0.9064096657631415,-4.365613814895625,3.871510210040699,251,251,0,5,dgtw,2018
ridge_core_dgtw_fit252_val126,ridge,core,252,rank_ic,0.03134944104138531,0.0038395399324834116,8.164895167819889,3.217144825393708e-16,0.023824081056514474,0.03887480102625615,251,251,0,5,dgtw,2018
ridge_core_dgtw_fit252_val126,ridge,core,252,ew_spread_bp,31.554428476169544,6.030131967118114,5.232792358149643,1.66968268327006e-07,19.73558699859437,43.37326995374472,251,251,0,5,dgtw,2018
ridge_core_dgtw_fit252_val126,ridge,core,252,cap_spread_bp,-0.8748321303555439,2.148665668429614,-0.40715135128255137,0.6838968297232249,-5.086139455295269,3.3364751945841817,251,251,0,5,dgtw,2018
lasso_core_dgtw_fit252_val126,lasso,core,252,rank_ic,0.032299783266442235,0.0038829631580587992,8.318333693021643,8.920855990691926e-17,0.02468931532335108,0.03991025120953339,251,251,0,5,dgtw,2018
lasso_core_dgtw_fit252_val126,lasso,core,252,ew_spread_bp,31.065382318298212,6.004148676359864,5.173986187352747,2.2915177191269693e-07,19.29746715480904,42.83329748178738,251,251,0,5,dgtw,2018
lasso_core_dgtw_fit252_val126,lasso,core,252,cap_spread_bp,-0.8754094017966251,2.1555742689448056,-0.40611423805181834,0.6846586646403674,-5.1002573349297,3.34943853133645,251,251,0,5,dgtw,2018
enet_core_dgtw_fit252_val126,enet,core,252,rank_ic,0.03229976527367193,0.0038829609033023257,8.318333889533136,8.920841203190345e-17,0.02468930174982226,0.03991022879752161,251,251,0,5,dgtw,2018
enet_core_dgtw_fit252_val126,enet,core,252,ew_spread_bp,31.065382318298212,6.004148676359864,5.173986187352747,2.2915177191269693e-07,19.29746715480904,42.83329748178738,251,251,0,5,dgtw,2018
enet_core_dgtw_fit252_val126,enet,core,252,cap_spread_bp,-0.8754094017966251,2.1555742689448056,-0.40611423805181834,0.6846586646403674,-5.1002573349297,3.34943853133645,251,251,0,5,dgtw,2018
ols_all_dgtw_fit252_val126,ols,all,252,rank_ic,0.032123794029258794,0.0029458197368632693,10.904874329976636,1.0924411668497975e-27,0.02635009344005953,0.03789749461845806,251,251,0,5,dgtw,2018
ols_all_dgtw_fit252_val126,ols,all,252,ew_spread_bp,30.510487773984106,6.187519864441416,4.930972092602481,8.182142390270737e-07,18.383171686052773,42.637803861915444,251,251,0,5,dgtw,2018
ols_all_dgtw_fit252_val126,ols,all,252,cap_spread_bp,0.8782686396065326,2.804690351512317,0.31314281775632075,0.7541721598706477,-4.618823437144593,6.375360716357658,251,251,0,5,dgtw,2018
ridge_all_dgtw_fit252_val126,ridge,all,252,rank_ic,0.030625302633802642,0.0032094091570181215,9.542349116451318,1.3963291094745434e-21,0.02433497627439407,0.036915628993211214,251,251,0,5,dgtw,2018
ridge_all_dgtw_fit252_val126,ridge,all,252,ew_spread_bp,30.446387525297055,6.596801111601468,4.615325975456877,3.924787957911528e-06,17.516894933384386,43.375880117209725,251,251,0,5,dgtw,2018
ridge_all_dgtw_fit252_val126,ridge,all,252,cap_spread_bp,3.997510237785595,2.6815835231297913,1.4907274762487834,0.13603305926062656,-1.2582968890848267,9.253317364656017,251,251,0,5,dgtw,2018
lasso_all_dgtw_fit252_val126,lasso,all,252,rank_ic,0.030969376179433964,0.0031400309852560424,9.862761330970969,6.036597613527965e-23,0.0248150285379923,0.03712372382087563,251,251,0,5,dgtw,2018
lasso_all_dgtw_fit252_val126,lasso,all,252,ew_spread_bp,29.79035506985421,5.731210054639345,5.197917156384676,2.0153390201039807e-07,18.55738977492726,41.02332036478116,251,251,0,5,dgtw,2018
lasso_all_dgtw_fit252_val126,lasso,all,252,cap_spread_bp,1.3428104758223491,2.667638863545822,0.5033704127542539,0.6147038695564166,-3.885665620486822,6.57128657213152,251,251,0,5,dgtw,2018
enet_all_dgtw_fit252_val126,enet,all,252,rank_ic,0.03097749382430078,0.003140772407033878,9.86301769428613,6.021200013730929e-23,0.024821693022877202,0.03713329462572436,251,251,0,5,dgtw,2018
enet_all_dgtw_fit252_val126,enet,all,252,ew_spread_bp,29.846667099912175,5.729042536354854,5.209712951250374,1.891330157706592e-07,18.61795006275866,41.07538413706569,251,251,0,5,dgtw,2018
enet_all_dgtw_fit252_val126,enet,all,252,cap_spread_bp,1.4197308442657905,2.670208974649789,0.5316927842518375,0.5949387903667628,-3.813782577243422,6.653244265775003,251,251,0,5,dgtw,2018
ols_textcore_dgtw_fit252_val126,ols,textcore,252,rank_ic,0.03501441625366185,0.003175454726808523,11.026583360819298,2.84467800673719e-28,0.028790639354579668,0.04123819315274403,251,251,0,5,dgtw,2018
ols_textcore_dgtw_fit252_val126,ols,textcore,252,ew_spread_bp,17.361564378608396,7.189045247548624,2.4150027967244294,0.01573508886992917,3.2712946101842544,31.451834147032535,251,251,0,5,dgtw,2018
ols_textcore_dgtw_fit252_val126,ols,textcore,252,cap_spread_bp,4.161983732212695,4.503273830269514,0.9242128924599744,0.35537548447439926,-4.664270787637292,12.988238252062683,251,251,0,5,dgtw,2018
ridge_textcore_dgtw_fit252_val126,ridge,textcore,252,rank_ic,0.036357856064201985,0.003383712312033641,10.74496077426588,6.258852188094732e-27,0.02972590179857129,0.04298981032983268,251,251,0,5,dgtw,2018
ridge_textcore_dgtw_fit252_val126,ridge,textcore,252,ew_spread_bp,19.80167711102173,7.188937209034547,2.754465164355085,0.005878814788498118,5.711619094194122,33.89173512784934,251,251,0,5,dgtw,2018
ridge_textcore_dgtw_fit252_val126,ridge,textcore,252,cap_spread_bp,3.6993969940111766,5.173706203589552,0.7150380884489557,0.4745855081640241,-6.4408808316157975,13.839674819638152,251,251,0,5,dgtw,2018
lasso_textcore_dgtw_fit252_val126,lasso,textcore,252,rank_ic,0.037418264719773484,0.003501947089770442,10.684988596508552,1.1966376128738774e-26,0.03055457454805856,0.04428195489148841,251,251,0,5,dgtw,2018
lasso_textcore_dgtw_fit252_val126,lasso,textcore,252,ew_spread_bp,28.10678458740413,7.283650285859835,3.85888716293387,0.00011390450989971221,13.831092351133986,42.38247682367428,251,251,0,5,dgtw,2018
lasso_textcore_dgtw_fit252_val126,lasso,textcore,252,cap_spread_bp,5.182082392926442,4.843719780157348,1.0698559429790346,0.28468415663701996,-4.311433927386228,14.675598713239111,251,251,0,5,dgtw,2018
enet_textcore_dgtw_fit252_val126,enet,textcore,252,rank_ic,0.03743232617758142,0.0035023218750318175,10.68786008631527,1.1601687674904049e-26,0.030567901440252263,0.044296750914910574,251,251,0,5,dgtw,2018
enet_textcore_dgtw_fit252_val126,enet,textcore,252,ew_spread_bp,28.240098636746147,7.259088584678461,3.8903091355506625,0.00010011659746694575,14.012546450190529,42.46765082330177,251,251,0,5,dgtw,2018
enet_textcore_dgtw_fit252_val126,enet,textcore,252,cap_spread_bp,5.311728730380654,4.906988307251924,1.0824824511056148,0.27903820902455034,-4.305791624392281,14.92924908515359,251,251,0,5,dgtw,2018
ols_textall_dgtw_fit252_val126,ols,textall,252,rank_ic,0.03571969718874035,0.0028630851487852597,12.475946516608277,1.0099885649465987e-35,0.03010815341244974,0.04133124096503096,251,251,0,5,dgtw,2018
ols_textall_dgtw_fit252_val126,ols,textall,252,ew_spread_bp,28.788406561237533,7.012307668122589,4.105411217495122,4.035962731792043e-05,15.044536083203209,42.53227703927186,251,251,0,5,dgtw,2018
ols_textall_dgtw_fit252_val126,ols,textall,252,cap_spread_bp,-0.3759822682955111,4.30231571003885,-0.08739067368259593,0.9303609823406088,-8.808366110092527,8.056401573501505,251,251,0,5,dgtw,2018
ridge_textall_dgtw_fit252_val126,ridge,textall,252,rank_ic,0.03685789500694175,0.0031864869942626922,11.566937217476433,6.060777164868106e-31,0.03061249526098158,0.043103294752901915,251,251,0,5,dgtw,2018
ridge_textall_dgtw_fit252_val126,ridge,textall,252,ew_spread_bp,32.159826118216124,7.00280361614392,4.592421533009499,4.381322663158498e-06,18.434583239767186,45.88506899666506,251,251,0,5,dgtw,2018
ridge_textall_dgtw_fit252_val126,ridge,textall,252,cap_spread_bp,2.710506473353231,3.3089686916879,0.8191393530443486,0.4127069116268801,-3.7749529883256754,9.195965935032138,251,251,0,5,dgtw,2018
lasso_textall_dgtw_fit252_val126,lasso,textall,252,rank_ic,0.03666219405304332,0.003122182308479328,11.742489845476,7.718025102080492e-32,0.030542829175255713,0.04278155893083093,251,251,0,5,dgtw,2018
lasso_textall_dgtw_fit252_val126,lasso,textall,252,ew_spread_bp,30.78815895169067,6.723996034636168,4.578848469436464,4.675427403834338e-06,17.60936889161364,43.966949011767696,251,251,0,5,dgtw,2018
lasso_textall_dgtw_fit252_val126,lasso,textall,252,cap_spread_bp,3.092145250367602,3.524681513709975,0.877283589549883,0.38033262342322716,-3.81610357347807,10.000394074213274,251,251,0,5,dgtw,2018
enet_textall_dgtw_fit252_val126,enet,textall,252,rank_ic,0.03666952865166535,0.0031233918780202803,11.740290710785814,7.921369346899707e-32,0.030547793061140683,0.04279126424219003,251,251,0,5,dgtw,2018
enet_textall_dgtw_fit252_val126,enet,textall,252,ew_spread_bp,31.07566021176904,6.760530912118526,4.596630148686201,4.29378807826487e-06,17.82526310764701,44.32605731589107,251,251,0,5,dgtw,2018
enet_textall_dgtw_fit252_val126,enet,textall,252,cap_spread_bp,3.4750392022076326,3.4889945847389914,0.9960001707677048,0.3192500622081994,-3.3632645261360725,10.313342930551338,251,251,0,5,dgtw,2018
ols_core_dgtw_fit756_val126,ols,core,756,rank_ic,0.031891635592095735,0.0038449768885135695,8.294363403683482,1.0916824180446086e-16,0.02435561936922026,0.03942765181497121,251,251,0,5,dgtw,2018
ols_core_dgtw_fit756_val126,ols,core,756,ew_spread_bp,32.39542812912577,6.179309735735995,5.242564220689169,1.5836024659530607e-07,20.2842035977655,44.50665266048604,251,251,0,5,dgtw,2018
ols_core_dgtw_fit756_val126,ols,core,756,cap_spread_bp,-0.6060194500069682,2.308306054958572,-0.2625386043177211,0.7929062268646143,-5.130216183021504,3.9181772830075667,251,251,0,5,dgtw,2018
ridge_core_dgtw_fit756_val126,ridge,core,756,rank_ic,0.031411059463914565,0.00381075891738813,8.24273068563558,1.683241626443922e-16,0.02394210923206898,0.038880009695760144,251,251,0,5,dgtw,2018
ridge_core_dgtw_fit756_val126,ridge,core,756,ew_spread_bp,32.540488741182784,5.9514287153939485,5.467676804565205,4.5597230402621456e-08,20.875902802453165,44.2050746799124,251,251,0,5,dgtw,2018
ridge_core_dgtw_fit756_val126,ridge,core,756,cap_spread_bp,-0.6211275691047226,2.048296970266791,-0.30324097439045694,0.7617062250914517,-4.635715860470143,3.393460722260698,251,251,0,5,dgtw,2018
lasso_core_dgtw_fit756_val126,lasso,core,756,rank_ic,0.03234643307802358,0.003863079140987117,8.373225579261167,5.606214237127696e-17,0.024774937092260904,0.03991792906378626,251,251,0,5,dgtw,2018
lasso_core_dgtw_fit756_val126,lasso,core,756,ew_spread_bp,31.99797613055755,5.985511158898131,5.345905350621389,8.996621461243217e-08,20.266589830054613,43.72936243106049,251,251,0,5,dgtw,2018
lasso_core_dgtw_fit756_val126,lasso,core,756,cap_spread_bp,-0.6596732403339115,2.0689303299263466,-0.31884748886512565,0.7498421652904022,-4.714702173512123,3.3953556928442996,251,251,0,5,dgtw,2018
enet_core_dgtw_fit756_val126,enet,core,756,rank_ic,0.03234643307802358,0.003863079140987117,8.373225579261167,5.606214237127696e-17,0.024774937092260904,0.03991792906378626,251,251,0,5,dgtw,2018
enet_core_dgtw_fit756_val126,enet,core,756,ew_spread_bp,31.99797613055755,5.985511158898131,5.345905350621389,8.996621461243217e-08,20.266589830054613,43.72936243106049,251,251,0,5,dgtw,2018
enet_core_dgtw_fit756_val126,enet,core,756,cap_spread_bp,-0.6596732403339115,2.0689303299263466,-0.31884748886512565,0.7498421652904022,-4.714702173512123,3.3953556928442996,251,251,0,5,dgtw,2018
ols_all_dgtw_fit756_val126,ols,all,756,rank_ic,0.03370697813665548,0.0037453562795119752,8.999672026141006,2.263929767467342e-19,0.026366214719541075,0.04104774155376988,251,251,0,5,dgtw,2018
ols_all_dgtw_fit756_val126,ols,all,756,ew_spread_bp,31.153481241366542,7.003032295217972,4.448570266145956,8.644377057510288e-06,17.427790160168446,44.87917232256464,251,251,0,5,dgtw,2018
ols_all_dgtw_fit756_val126,ols,all,756,cap_spread_bp,0.9015345199678039,2.619434860294393,0.34417138354281585,0.730717401785656,-4.232463466057915,6.0355325059935225,251,251,0,5,dgtw,2018
ridge_all_dgtw_fit756_val126,ridge,all,756,rank_ic,0.03358757506430026,0.0038568405389094017,8.708572398950622,3.0772576213747703e-18,0.02602830651392378,0.04114684361467674,251,251,0,5,dgtw,2018
ridge_all_dgtw_fit756_val126,ridge,all,756,ew_spread_bp,32.40426078000712,7.110008107330906,4.557556094288572,5.175227134016378e-06,18.46890095985075,46.33962060016349,251,251,0,5,dgtw,2018
ridge_all_dgtw_fit756_val126,ridge,all,756,cap_spread_bp,1.4685157438098222,2.574653506202767,0.5703741261773378,0.5684239745871589,-3.5777124010173735,6.5147438886370175,251,251,0,5,dgtw,2018
lasso_all_dgtw_fit756_val126,lasso,all,756,rank_ic,0.03267928472635526,0.0038650777302618256,8.455013587564128,2.790548538094241e-17,0.02510387157759426,0.04025469787511625,251,251,0,5,dgtw,2018
lasso_all_dgtw_fit756_val126,lasso,all,756,ew_spread_bp,31.219320604787782,6.958898142593414,4.486244799834517,7.248944985735614e-06,17.58013087322201,44.858510336353554,251,251,0,5,dgtw,2018
lasso_all_dgtw_fit756_val126,lasso,all,756,cap_spread_bp,1.732668566825316,2.566358602482839,0.6751467098748536,0.49958255973315235,-3.2973018654555935,6.762638999106225,251,251,0,5,dgtw,2018
enet_all_dgtw_fit756_val126,enet,all,756,rank_ic,0.03267720871004642,0.0038647614750930573,8.455168299683903,2.786850935414238e-17,0.02510241541002613,0.0402520020100667,251,251,0,5,dgtw,2018
enet_all_dgtw_fit756_val126,enet,all,756,ew_spread_bp,31.352859184242224,6.955077467718237,4.50790941290956,6.5469515443916745e-06,17.72115783782844,44.98456053065601,251,251,0,5,dgtw,2018
enet_all_dgtw_fit756_val126,enet,all,756,cap_spread_bp,1.8368574523210184,2.559717146405379,0.7176017299022763,0.47300289070124657,-3.180095965243165,6.853810869885201,251,251,0,5,dgtw,2018
ols_textcore_dgtw_fit756_val126,ols,textcore,756,rank_ic,0.04002107176628971,0.0036959741775072926,10.828287710949718,2.5283901973215283e-27,0.03277709549058537,0.04726504804199405,251,251,0,5,dgtw,2018
ols_textcore_dgtw_fit756_val126,ols,textcore,756,ew_spread_bp,22.7600693948374,8.98641769305286,2.532718839948042,0.011318169570483459,5.147014366420276,40.373124423254524,251,251,0,5,dgtw,2018
ols_textcore_dgtw_fit756_val126,ols,textcore,756,cap_spread_bp,12.319117754045267,4.651214060138539,2.6485811219959925,0.008083044746784226,3.2029057117874142,21.435329796303122,251,251,0,5,dgtw,2018
ridge_textcore_dgtw_fit756_val126,ridge,textcore,756,rank_ic,0.04020239763193806,0.0037805691724733426,10.6339537243903,2.0714054772522532e-26,0.03279261821282791,0.047612177051048206,251,251,0,5,dgtw,2018
ridge_textcore_dgtw_fit756_val126,ridge,textcore,756,ew_spread_bp,21.903311931355063,8.823540846065756,2.4823721353453383,0.013051089774313697,4.6094896569481065,39.19713420576202,251,251,0,5,dgtw,2018
ridge_textcore_dgtw_fit756_val126,ridge,textcore,756,cap_spread_bp,12.025499590353386,4.689381773642282,2.564410442746503,0.010335124714219742,2.8344802042559536,21.216518976450818,251,251,0,5,dgtw,2018
lasso_textcore_dgtw_fit756_val126,lasso,textcore,756,rank_ic,0.040570024924093354,0.0037917548661030977,10.699537907045244,1.0228702738456455e-26,0.03313832194832679,0.04800172789985992,251,251,0,5,dgtw,2018
lasso_textcore_dgtw_fit756_val126,lasso,textcore,756,ew_spread_bp,22.798525063396617,8.89212360051165,2.5639010530718216,0.010350304651657996,5.370283060315149,40.22676706647809,251,251,0,5,dgtw,2018
lasso_textcore_dgtw_fit756_val126,lasso,textcore,756,cap_spread_bp,10.248153656067833,5.1174129973967935,2.002604374765341,0.04521976993793402,0.21820848715295327,20.278098824982713,251,251,0,5,dgtw,2018
enet_textcore_dgtw_fit756_val126,enet,textcore,756,rank_ic,0.040570486744360056,0.0037892721631015143,10.7066700406004,9.470735688892996e-27,0.0331436497770609,0.04799732371165921,251,251,0,5,dgtw,2018
enet_textcore_dgtw_fit756_val126,enet,textcore,756,ew_spread_bp,22.96183575427293,8.8876254985906,2.5835737293289665,0.00977825647278326,5.542409868955513,40.38126163959035,251,251,0,5,dgtw,2018
enet_textcore_dgtw_fit756_val126,enet,textcore,756,cap_spread_bp,10.670738660140332,5.156923613067893,2.0692062672986204,0.038526734856768836,0.5633541075030912,20.778123212777572,251,251,0,5,dgtw,2018
ols_textall_dgtw_fit756_val126,ols,textall,756,rank_ic,0.04117952606511704,0.0034612050994116653,11.897453309576113,1.2201399764158134e-32,0.034395688727163795,0.04796336340307028,251,251,0,5,dgtw,2018
ols_textall_dgtw_fit756_val126,ols,textall,756,ew_spread_bp,32.88440228117644,7.257362436647424,4.531178175024088,5.86556406229091e-06,18.660233282593644,47.10857127975924,251,251,0,5,dgtw,2018
ols_textall_dgtw_fit756_val126,ols,textall,756,cap_spread_bp,5.905051484516265,3.273589135463367,1.803846249532601,0.07125541318107996,-0.5110653211735467,12.321168290206076,251,251,0,5,dgtw,2018
ridge_textall_dgtw_fit756_val126,ridge,textall,756,rank_ic,0.04133546329756306,0.0035548539457297794,11.627893558669754,2.9734455219144373e-31,0.03436807759363259,0.04830284900149353,251,251,0,5,dgtw,2018
ridge_textall_dgtw_fit756_val126,ridge,textall,756,ew_spread_bp,32.249291604729635,7.377841046764173,4.3711014374420225,1.2362134096785088e-05,17.788988869410563,46.70959434004871,251,251,0,5,dgtw,2018
ridge_textall_dgtw_fit756_val126,ridge,textall,756,cap_spread_bp,5.860040894196822,3.176452656572931,1.8448381033071053,0.06506109280684182,-0.36569191128269996,12.085773699676345,251,251,0,5,dgtw,2018
lasso_textall_dgtw_fit756_val126,lasso,textall,756,rank_ic,0.041648741012730625,0.003515573866458128,11.84692530858153,2.232319611067927e-32,0.03475834284948247,0.04853913917597878,251,251,0,5,dgtw,2018
lasso_textall_dgtw_fit756_val126,lasso,textall,756,ew_spread_bp,33.40178144411267,7.487058991204301,4.4612686347673565,8.147587903467923e-06,18.727415471225452,48.07614741699989,251,251,0,5,dgtw,2018
lasso_textall_dgtw_fit756_val126,lasso,textall,756,cap_spread_bp,5.95116454746987,3.1586473424847696,1.8840864149108678,0.05955328750647567,-0.23967048366343224,12.141999578603173,251,251,0,5,dgtw,2018
enet_textall_dgtw_fit756_val126,enet,textall,756,rank_ic,0.04164626882051935,0.003515487188639402,11.846514177352951,2.243295549326572e-32,0.03475604054267415,0.048536497098364544,251,251,0,5,dgtw,2018
enet_textall_dgtw_fit756_val126,enet,textall,756,ew_spread_bp,33.27726420745401,7.4904866493946685,4.442603767292377,8.887674654653888e-06,18.596180147962357,47.95834826694566,251,251,0,5,dgtw,2018
enet_textall_dgtw_fit756_val126,enet,textall,756,cap_spread_bp,5.968441475389636,3.1696929079172813,1.8829715208314413,0.05970422756223184,-0.24404246618026892,12.180925416959543,251,251,0,5,dgtw,2018
nn3_core_dgtw_fit504_val126,nn3,core,504,rank_ic,0.028736682900101125,0.0036086407661254367,7.963298306069802,1.6751296248560376e-15,0.02166387696535224,0.03580948883485001,251,251,0,5,dgtw,2018
nn3_core_dgtw_fit504_val126,nn3,core,504,ew_spread_bp,31.601510879416455,6.467769914107811,4.885998002261292,1.0290624127281703e-06,18.924914787473426,44.278106971359485,251,251,0,5,dgtw,2018
nn3_core_dgtw_fit504_val126,nn3,core,504,cap_spread_bp,-0.11424357128113197,2.3691494043958317,-0.04822134520902694,0.9615398389573213,-4.757691077891482,4.529203935329218,251,251,0,5,dgtw,2018
nn3_textcore_dgtw_fit504_val126,nn3,textcore,504,rank_ic,0.03855950910002048,0.0031938321406490148,12.073116996118914,1.4647898061221522e-33,0.032299713131681944,0.04481930506835901,251,251,0,5,dgtw,2018
nn3_textcore_dgtw_fit504_val126,nn3,textcore,504,ew_spread_bp,27.779798715514296,8.576286523027347,3.2391406981244715,0.0011989041574705106,10.97058600928445,44.589011421744146,251,251,0,5,dgtw,2018
nn3_textcore_dgtw_fit504_val126,nn3,textcore,504,cap_spread_bp,2.2007554767513806,4.656582980950864,0.47261167378617,0.6364902523717013,-6.925979456934478,11.327490410437239,251,251,0,5,dgtw,2018
nn3_all_dgtw_fit504_val126,nn3,all,504,rank_ic,0.03136549952274779,0.0032673649238853858,9.599631584907117,8.023068101771288e-22,0.024961581947582977,0.0377694170979126,251,251,0,5,dgtw,2018
nn3_all_dgtw_fit504_val126,nn3,all,504,ew_spread_bp,30.528341921335798,6.5833316468042185,4.637217682350141,3.531304536188521e-06,17.625248995316767,43.43143484735483,251,251,0,5,dgtw,2018
nn3_all_dgtw_fit504_val126,nn3,all,504,cap_spread_bp,0.8008636396265275,2.636382829543359,0.3037736517822956,0.7613003415541987,-4.366351755738257,5.9680790349913115,251,251,0,5,dgtw,2018
nn3_textall_dgtw_fit504_val126,nn3,textall,504,rank_ic,0.03835778094196337,0.003464697902720664,11.07103188183963,1.7339241870633522e-28,0.031567097835319406,0.04514846404860733,251,251,0,5,dgtw,2018
nn3_textall_dgtw_fit504_val126,nn3,textall,504,ew_spread_bp,31.095746985617314,7.869677593243252,3.951336839048591,7.771584867413507e-05,15.671462332918686,46.52003163831594,251,251,0,5,dgtw,2018
nn3_textall_dgtw_fit504_val126,nn3,textall,504,cap_spread_bp,0.5668268800519028,4.624092672901375,0.12258121109329949,0.9024387335964225,-8.496228220010345,9.629881980114149,251,251,0,5,dgtw,2018
nn3_core_dgtw_fit252_val126,nn3,core,252,rank_ic,0.029032708675262323,0.003579420761061644,8.11100751023507,5.020175221917974e-16,0.02201717289806655,0.03604824445245809,251,251,0,5,dgtw,2018
nn3_core_dgtw_fit252_val126,nn3,core,252,ew_spread_bp,30.898344521416025,6.502461627428852,4.751791904634981,2.016218192145894e-06,18.15375392080177,43.64293512203028,251,251,0,5,dgtw,2018
nn3_core_dgtw_fit252_val126,nn3,core,252,cap_spread_bp,0.608636627777341,2.360685970633625,0.25782193622897603,0.7965443340178591,-4.018222853473544,5.235496109028226,251,251,0,5,dgtw,2018
nn3_textcore_dgtw_fit252_val126,nn3,textcore,252,rank_ic,0.03323646734963514,0.0029603470739301904,11.227219822407521,2.997626726672148e-29,0.027434293702993433,0.039038640996276845,251,251,0,5,dgtw,2018
nn3_textcore_dgtw_fit252_val126,nn3,textcore,252,ew_spread_bp,15.157113187413044,7.4047035642717445,2.0469574583035657,0.04066226170603117,0.6441608852450553,29.670065489581035,251,251,0,5,dgtw,2018
nn3_textcore_dgtw_fit252_val126,nn3,textcore,252,cap_spread_bp,1.2638262650532275,3.3219201057204746,0.38045053006448587,0.7036110118265633,-5.247017501678392,7.774670031784846,251,251,0,5,dgtw,2018
nn3_all_dgtw_fit252_val126,nn3,all,252,rank_ic,0.028790988666768623,0.002758982443669468,10.435364941458774,1.7095558044609823e-25,0.023383482443198156,0.03419849489033909,251,251,0,5,dgtw,2018
nn3_all_dgtw_fit252_val126,nn3,all,252,ew_spread_bp,27.481404159222976,6.291945531596659,4.367711707168772,1.255550716570941e-05,15.149417524605798,39.813390793840156,251,251,0,5,dgtw,2018
nn3_all_dgtw_fit252_val126,nn3,all,252,cap_spread_bp,3.050431837348224,2.6918617652493997,1.1332052324260429,0.2571280773755449,-2.2255202739010125,8.32638394859746,251,251,0,5,dgtw,2018
nn3_textall_dgtw_fit252_val126,nn3,textall,252,rank_ic,0.03693269395898795,0.002663676085100152,13.865309737013053,1.0278147002863896e-43,0.031711984765711,0.042153403152264894,251,251,0,5,dgtw,2018
nn3_textall_dgtw_fit252_val126,nn3,textall,252,ew_spread_bp,34.42474783018276,7.141200274890317,4.820582885936705,1.4313936791824888e-06,20.428252485010205,48.421243175355315,251,251,0,5,dgtw,2018
nn3_textall_dgtw_fit252_val126,nn3,textall,252,cap_spread_bp,4.869667343838089,4.4710370672747075,1.0891583475075872,0.2760840633486452,-3.8934042815639236,13.632738969240101,251,251,0,5,dgtw,2018
nn3_core_dgtw_fit756_val126,nn3,core,756,rank_ic,0.029353515750907777,0.003676624691108783,7.983821634526273,1.4187098244639812e-15,0.02214746377166386,0.03655956773015169,251,251,0,5,dgtw,2018
nn3_core_dgtw_fit756_val126,nn3,core,756,ew_spread_bp,31.62307733429239,6.2324845935311775,5.073911833992278,3.897196798540519e-07,19.407631996770526,43.83852267181425,251,251,0,5,dgtw,2018
nn3_core_dgtw_fit756_val126,nn3,core,756,cap_spread_bp,-0.18342030365423678,2.362113912600702,-0.0776509137327293,0.9381057413093975,-4.8130784997326055,4.446237892424132,251,251,0,5,dgtw,2018
nn3_textcore_dgtw_fit756_val126,nn3,textcore,756,rank_ic,0.03935074739137596,0.0034482111571392192,11.411930881872962,3.6454592229665844e-30,0.0325923777122939,0.04610911707045801,251,251,0,5,dgtw,2018
nn3_textcore_dgtw_fit756_val126,nn3,textcore,756,ew_spread_bp,29.35679748730446,8.45234417915388,3.473213686648905,0.0005142657315320943,12.79050731122609,45.92308766338283,251,251,0,5,dgtw,2018
nn3_textcore_dgtw_fit756_val126,nn3,textcore,756,cap_spread_bp,5.29980572802481,5.8128416776761265,0.9117409387526242,0.36190510767593986,-6.093154608053783,16.692766064103402,251,251,0,5,dgtw,2018
nn3_all_dgtw_fit756_val126,nn3,all,756,rank_ic,0.03463166971753514,0.0037612877649155782,9.207397009229481,3.341289677430922e-20,0.027259681162809447,0.04200365827226083,251,251,0,5,dgtw,2018
nn3_all_dgtw_fit756_val126,nn3,all,756,ew_spread_bp,33.803086177151314,6.844481427082099,4.938735905309054,7.863061547936603e-07,20.388149087217087,47.21802326708554,251,251,0,5,dgtw,2018
nn3_all_dgtw_fit756_val126,nn3,all,756,cap_spread_bp,0.23091313934632632,2.707887715961367,0.08527426672281589,0.9320433491800639,-5.07644925811638,5.538275536809033,251,251,0,5,dgtw,2018
nn3_textall_dgtw_fit756_val126,nn3,textall,756,rank_ic,0.04159411477978654,0.004014778316685597,10.360251923977858,3.759704831698789e-25,0.03372529387317043,0.049462935686402656,251,251,0,5,dgtw,2018
nn3_textall_dgtw_fit756_val126,nn3,textall,756,ew_spread_bp,25.16041779016933,8.628393078524853,2.9160027320487885,0.003545473962102309,8.249078111805936,42.071757468532724,251,251,0,5,dgtw,2018
nn3_textall_dgtw_fit756_val126,nn3,textall,756,cap_spread_bp,10.259077106675349,5.577836629215282,1.839257366008342,0.06587734062172723,-0.6732817982348998,21.191436011585598,251,251,0,5,dgtw,2018
ols_core_dgtw_fit504_val126,ols,core,504,rank_ic,0.03229521957809098,0.002725881198282963,11.847625493889385,2.2137494323362714e-32,0.026952590603321485,0.03763784855286047,252,252,0,5,dgtw,2019
ols_core_dgtw_fit504_val126,ols,core,504,ew_spread_bp,29.39692337094303,7.1785685923354405,4.095095420879607,4.219945472574628e-05,15.327187469415172,43.466659272470885,252,252,0,5,dgtw,2019
ols_core_dgtw_fit504_val126,ols,core,504,cap_spread_bp,-3.186646530377917,1.8760802748500092,-1.6985661930871727,0.08940095081502568,-6.863696301189941,0.490403240434107,252,252,0,5,dgtw,2019
ridge_core_dgtw_fit504_val126,ridge,core,504,rank_ic,0.032029962569393944,0.0027131483832381342,11.805459210146951,3.657885108974356e-32,0.026712289453534124,0.03734763568525376,252,252,0,5,dgtw,2019
ridge_core_dgtw_fit504_val126,ridge,core,504,ew_spread_bp,30.82295149962373,7.112322530217509,4.3337392769617695,1.4659778112468164e-05,16.883055493964623,44.762847505282835,252,252,0,5,dgtw,2019
ridge_core_dgtw_fit504_val126,ridge,core,504,cap_spread_bp,-2.9642473357465366,1.7500902862694052,-1.6937682352750494,0.09030933235545009,-6.394361266527964,0.4658665950348908,252,252,0,5,dgtw,2019
lasso_core_dgtw_fit504_val126,lasso,core,504,rank_ic,0.032251132667574615,0.0026829059837072365,12.02097012099173,2.7571522312268363e-33,0.026992733565601425,0.037509531769547806,252,252,0,5,dgtw,2019
lasso_core_dgtw_fit504_val126,lasso,core,504,ew_spread_bp,30.15513951377341,6.847969516188993,4.40351544242201,1.0651069851720096e-05,16.733365894814803,43.57691313273202,252,252,0,5,dgtw,2019
lasso_core_dgtw_fit504_val126,lasso,core,504,cap_spread_bp,-3.7816744294652804,1.7451890630813616,-2.1669138945829944,0.03024142028509835,-7.20218213931795,-0.36116671961261115,252,252,0,5,dgtw,2019
enet_core_dgtw_fit504_val126,enet,core,504,rank_ic,0.032251178540009647,0.002682911527532475,12.02096237950555,2.7574105761500644e-33,0.026992768572338656,0.03750958850768064,252,252,0,5,dgtw,2019
enet_core_dgtw_fit504_val126,enet,core,504,ew_spread_bp,30.15513951377341,6.847969516188993,4.40351544242201,1.0651069851720096e-05,16.733365894814803,43.57691313273202,252,252,0,5,dgtw,2019
enet_core_dgtw_fit504_val126,enet,core,504,cap_spread_bp,-3.7816744294652804,1.7451890630813616,-2.1669138945829944,0.03024142028509835,-7.20218213931795,-0.36116671961261115,252,252,0,5,dgtw,2019
ols_all_dgtw_fit504_val126,ols,all,504,rank_ic,0.03095597386479637,0.0025442238347699515,12.167158188577936,4.649909456992453e-34,0.02596938678003888,0.035942560949553864,252,252,0,5,dgtw,2019
ols_all_dgtw_fit504_val126,ols,all,504,ew_spread_bp,27.643879109510006,6.652439401685906,4.155449969601273,3.2464798138480816e-05,14.605337472870445,40.68242074614957,252,252,0,5,dgtw,2019
ols_all_dgtw_fit504_val126,ols,all,504,cap_spread_bp,-1.0367165081136476,2.257595399328025,-0.4592127129698382,0.6460814221233581,-5.461522182459898,3.3880891662326036,252,252,0,5,dgtw,2019
ridge_all_dgtw_fit504_val126,ridge,all,504,rank_ic,0.0319611979126061,0.00270282824430286,11.825093947414274,2.8957857136897716e-32,0.02666375189737487,0.03725864392783733,252,252,0,5,dgtw,2019
ridge_all_dgtw_fit504_val126,ridge,all,504,ew_spread_bp,28.373636662272293,6.9535711436741225,4.080440981478224,4.495034165670785e-05,14.744887656734019,42.00238566781057,252,252,0,5,dgtw,2019
ridge_all_dgtw_fit504_val126,ridge,all,504,cap_spread_bp,-2.6964135267866967,2.132705593485038,-1.26431586948694,0.20611667584716997,-6.876439679644492,1.483612626071099,252,252,0,5,dgtw,2019
lasso_all_dgtw_fit504_val126,lasso,all,504,rank_ic,0.030974900969261664,0.0028322162774223193,10.936629810436935,7.70096143206949e-28,0.025423859069085814,0.036525942869437514,252,252,0,5,dgtw,2019
lasso_all_dgtw_fit504_val126,lasso,all,504,ew_spread_bp,27.157975894652918,7.021406571283721,3.867882541615538,0.00010978452052634003,13.396271894123958,40.91967989518188,252,252,0,5,dgtw,2019
lasso_all_dgtw_fit504_val126,lasso,all,504,cap_spread_bp,-2.0307310559716343,2.0531953089633417,-0.9890588815912259,0.32263433382951145,-6.054919914766373,1.9934578028231038,252,252,0,5,dgtw,2019
enet_all_dgtw_fit504_val126,enet,all,504,rank_ic,0.031013303194130877,0.002830859273357287,10.955437978148002,6.257493032789786e-28,0.025464920973049365,0.03656168541521239,252,252,0,5,dgtw,2019
enet_all_dgtw_fit504_val126,enet,all,504,ew_spread_bp,26.8001996982702,7.028046421289299,3.81332138289344,0.00013711162839054845,13.025481830867559,40.57491756567285,252,252,0,5,dgtw,2019
enet_all_dgtw_fit504_val126,enet,all,504,cap_spread_bp,-2.270594461228532,2.0556802388732067,-1.1045465234773708,0.2693561338841969,-6.299653693150712,1.7584647706936485,252,252,0,5,dgtw,2019
ols_textcore_dgtw_fit504_val126,ols,textcore,504,rank_ic,0.03725481106415271,0.0027767716279281677,13.416591659700023,4.834410375585122e-41,0.03181243868012085,0.04269718344818457,252,252,0,5,dgtw,2019
ols_textcore_dgtw_fit504_val126,ols,textcore,504,ew_spread_bp,23.85973369999722,8.27931425962468,2.8818490217665484,0.003953491162595032,7.632575934443945,40.086891465550494,252,252,0,5,dgtw,2019
ols_textcore_dgtw_fit504_val126,ols,textcore,504,cap_spread_bp,-2.781456922972108,4.9908639123358665,-0.5573097106689705,0.5773158421580333,-12.563370442891076,7.00045659694686,252,252,0,5,dgtw,2019
ridge_textcore_dgtw_fit504_val126,ridge,textcore,504,rank_ic,0.03802687032447076,0.0028279797609313466,13.446655753981515,3.221140263577424e-41,0.03248413184403713,0.04356960880490439,252,252,0,5,dgtw,2019
ridge_textcore_dgtw_fit504_val126,ridge,textcore,504,ew_spread_bp,21.373692076864053,9.222085215555394,2.317663692893651,0.020467605694995963,3.29873719201618,39.44864696171193,252,252,0,5,dgtw,2019
ridge_textcore_dgtw_fit504_val126,ridge,textcore,504,cap_spread_bp,-4.976888219392121,5.882058005568193,-0.8461134206226457,0.39748947461225903,-16.50551006528128,6.551733626497038,252,252,0,5,dgtw,2019
lasso_textcore_dgtw_fit504_val126,lasso,textcore,504,rank_ic,0.03796070322430654,0.0027415733669603655,13.846320394625911,1.3389748607319072e-43,0.03258731816409001,0.043334088284523065,252,252,0,5,dgtw,2019
lasso_textcore_dgtw_fit504_val126,lasso,textcore,504,ew_spread_bp,27.625495643264774,8.28401312220851,3.334796219624993,0.0008536192943100266,11.389128276278889,43.86186301025066,252,252,0,5,dgtw,2019
lasso_textcore_dgtw_fit504_val126,lasso,textcore,504,cap_spread_bp,-5.717449908014758,5.501326184213324,-1.0392857497564179,0.2986718602960914,-16.499851096280036,5.064951280250521,252,252,0,5,dgtw,2019
enet_textcore_dgtw_fit504_val126,enet,textcore,504,rank_ic,0.03796934113617374,0.002741227166649697,13.85122021192411,1.2506927973568766e-43,0.03259663461609756,0.043342047656249924,252,252,0,5,dgtw,2019
enet_textcore_dgtw_fit504_val126,enet,textcore,504,ew_spread_bp,27.683197038424094,8.2816202045927,3.342727190395902,0.0008295941465537399,11.451519703783166,43.91487437306502,252,252,0,5,dgtw,2019
enet_textcore_dgtw_fit504_val126,enet,textcore,504,cap_spread_bp,-5.93513541107555,5.519302062014342,-1.0753416545043097,0.2822217934059863,-16.752768672421315,4.882497850270215,252,252,0,5,dgtw,2019
ols_textall_dgtw_fit504_val126,ols,textall,504,rank_ic,0.03565780480240708,0.002559171636413849,13.93333854401971,3.973393641814891e-44,0.0306419205647795,0.040673689040034655,252,252,0,5,dgtw,2019
ols_textall_dgtw_fit504_val126,ols,textall,504,ew_spread_bp,31.795480040900152,7.920216241302353,4.014471205355864,5.95792162952792e-05,16.27214145817834,47.318818623621965,252,252,0,5,dgtw,2019
ols_textall_dgtw_fit504_val126,ols,textall,504,cap_spread_bp,-3.9606164902004477,4.084888416812309,-0.9695776447404557,0.33225706047085857,-11.966850668017415,4.04561768761652,252,252,0,5,dgtw,2019
ridge_textall_dgtw_fit504_val126,ridge,textall,504,rank_ic,0.03595094219060456,0.0027752500078413404,12.954127407990933,2.2265346464969233e-38,0.03051155212714103,0.04139033225406809,252,252,0,5,dgtw,2019
ridge_textall_dgtw_fit504_val126,ridge,textall,504,ew_spread_bp,28.389731144640574,7.951464263241197,3.5703777574507107,0.00035646678108295,12.805147564330513,43.97431472495064,252,252,0,5,dgtw,2019
ridge_textall_dgtw_fit504_val126,ridge,textall,504,cap_spread_bp,-0.9373127680630461,2.646987541863318,-0.3541054701765748,0.7232598427496659,-6.125313017641358,4.250687481515265,252,252,0,5,dgtw,2019
lasso_textall_dgtw_fit504_val126,lasso,textall,504,rank_ic,0.03559804235868803,0.0025652744850637936,13.876894096891457,8.745204340936369e-44,0.03057019675750346,0.0406258879598726,252,252,0,5,dgtw,2019
lasso_textall_dgtw_fit504_val126,lasso,textall,504,ew_spread_bp,29.509614997774886,8.420589908072388,3.5044593454771533,0.00045753542040094704,13.005562049371559,46.01366794617822,252,252,0,5,dgtw,2019
lasso_textall_dgtw_fit504_val126,lasso,textall,504,cap_spread_bp,-3.800888512503523,2.7759443702236273,-1.3692235886547421,0.17092939465742285,-9.241639501228555,1.639862476221508,252,252,0,5,dgtw,2019
enet_textall_dgtw_fit504_val126,enet,textall,504,rank_ic,0.03560654990266887,0.002564434958554926,13.884754528043624,7.836839766972334e-44,0.03058034974320575,0.04063275006213199,252,252,0,5,dgtw,2019
enet_textall_dgtw_fit504_val126,enet,textall,504,ew_spread_bp,29.744951581555792,8.430187949065566,3.5283853410234864,0.00041810303319437094,13.2220868184837,46.26781634462789,252,252,0,5,dgtw,2019
enet_textall_dgtw_fit504_val126,enet,textall,504,cap_spread_bp,-3.7749208212795224,2.7730694932512594,-1.3612788393750825,0.17342558753752435,-9.21003715467873,1.6601955121196843,252,252,0,5,dgtw,2019
ols_core_dgtw_fit252_val126,ols,core,252,rank_ic,0.032272590069086844,0.002767738638150065,11.660273706572811,2.033875318579802e-31,0.02684792201969278,0.03769725811848091,252,252,0,5,dgtw,2019
ols_core_dgtw_fit252_val126,ols,core,252,ew_spread_bp,30.976072989397103,6.98075771695237,4.4373511079139,9.107267557720263e-06,17.294039279370406,44.6581066994238,252,252,0,5,dgtw,2019
ols_core_dgtw_fit252_val126,ols,core,252,cap_spread_bp,-2.9481579661787114,1.85712814867774,-1.5874822468647496,0.11240346465513387,-6.588062252262628,0.6917463199052056,252,252,0,5,dgtw,2019
ridge_core_dgtw_fit252_val126,ridge,core,252,rank_ic,0.031794892950044416,0.0027418251437618985,11.596251140370132,4.305276674369868e-31,0.02642101441636474,0.03716877148372409,252,252,0,5,dgtw,2019
ridge_core_dgtw_fit252_val126,ridge,core,252,ew_spread_bp,32.46829779281801,6.9579097402694625,4.666386746138014,3.065424799100312e-06,18.831045294209417,46.105550291426596,252,252,0,5,dgtw,2019
ridge_core_dgtw_fit252_val126,ridge,core,252,cap_spread_bp,-3.5394518762130844,1.803299113092902,-1.9627647185731965,0.049673519136958624,-7.073853191228194,-0.005050561197974979,252,252,0,5,dgtw,2019
lasso_core_dgtw_fit252_val126,lasso,core,252,rank_ic,0.03215276402583683,0.002739245010915387,11.73781969035774,8.156205751533527e-32,0.026783942459611645,0.03752158559206202,252,252,0,5,dgtw,2019
lasso_core_dgtw_fit252_val126,lasso,core,252,ew_spread_bp,30.957142939378247,6.798063201666199,4.553818053911396,5.268092415670505e-06,17.633183899485445,44.28110197927105,252,252,0,5,dgtw,2019
lasso_core_dgtw_fit252_val126,lasso,core,252,cap_spread_bp,-3.389000810440898,1.7358484151327016,-1.9523598840177625,0.05089549230087775,-6.791201186721926,0.013199565840129601,252,252,0,5,dgtw,2019
enet_core_dgtw_fit252_val126,enet,core,252,rank_ic,0.03215493011794917,0.0027391853997674803,11.738865912719412,8.055944637376622e-32,0.02678622538742696,0.037523634848471384,252,252,0,5,dgtw,2019
enet_core_dgtw_fit252_val126,enet,core,252,ew_spread_bp,30.948390994188507,6.794935512407918,4.554626153210002,5.247882367306621e-06,17.63056211259677,44.266219875780244,252,252,0,5,dgtw,2019
enet_core_dgtw_fit252_val126,enet,core,252,cap_spread_bp,-3.389019962400964,1.7358592284792622,-1.9523587551336117,0.05089562623393971,-6.791241532451803,0.01320160764987488,252,252,0,5,dgtw,2019
ols_all_dgtw_fit252_val126,ols,all,252,rank_ic,0.03049058253364574,0.002483270907280898,12.278395580702853,1.1832146138511866e-34,0.025623460991519076,0.035357704075772406,252,252,0,5,dgtw,2019
ols_all_dgtw_fit252_val126,ols,all,252,ew_spread_bp,30.39607371493122,6.850542116228542,4.437031872692915,9.12077928567642e-06,16.96925789254847,43.82288953731397,252,252,0,5,dgtw,2019
ols_all_dgtw_fit252_val126,ols,all,252,cap_spread_bp,-2.490070027720829,2.2846055407076715,-1.0899343380518607,0.27574206928798817,-6.967814606388522,1.9876745509468638,252,252,0,5,dgtw,2019
ridge_all_dgtw_fit252_val126,ridge,all,252,rank_ic,0.03153215252885081,0.0026995669478870493,11.680448433972353,1.604468307983491e-31,0.026241098537137478,0.036823206520564145,252,252,0,5,dgtw,2019
ridge_all_dgtw_fit252_val126,ridge,all,252,ew_spread_bp,28.393383573218767,7.516875422724212,3.7772853714434236,0.00015854703242238684,13.660578468405017,43.12618867803252,252,252,0,5,dgtw,2019
ridge_all_dgtw_fit252_val126,ridge,all,252,cap_spread_bp,-3.6267412966717014,2.076879283529095,-1.7462455932966094,0.08076828537903487,-7.697349892626079,0.443867299282676,252,252,0,5,dgtw,2019
lasso_all_dgtw_fit252_val126,lasso,all,252,rank_ic,0.03148861787815732,0.0027779370072845587,11.335252669727574,8.77784038433367e-30,0.026043961392558605,0.03693327436375604,252,252,0,5,dgtw,2019
lasso_all_dgtw_fit252_val126,lasso,all,252,ew_spread_bp,31.60389533149499,7.215859965323353,4.379782241253454,1.1879796315322233e-05,17.461069681976774,45.746720981013205,252,252,0,5,dgtw,2019
lasso_all_dgtw_fit252_val126,lasso,all,252,cap_spread_bp,-0.8327593249152035,2.2016902784771477,-0.37823636369562463,0.70525501417088,-5.147992975842375,3.4824743260119684,252,252,0,5,dgtw,2019
enet_all_dgtw_fit252_val126,enet,all,252,rank_ic,0.0314962886113511,0.0027765186343430203,11.343805952450865,7.960543040441406e-30,0.026054412085634443,0.036938165137067755,252,252,0,5,dgtw,2019
enet_all_dgtw_fit252_val126,enet,all,252,ew_spread_bp,31.826191441820495,7.185107541745954,4.429466261556727,9.446658946864968e-06,17.7436394349513,45.90874344868969,252,252,0,5,dgtw,2019
enet_all_dgtw_fit252_val126,enet,all,252,cap_spread_bp,-0.6125333284978948,2.1806478090014902,-0.28089512023418917,0.7787908435257921,-4.886524497106994,3.661457840111205,252,252,0,5,dgtw,2019
ols_textcore_dgtw_fit252_val126,ols,textcore,252,rank_ic,0.03551842545919435,0.0026305507557583484,13.50227718717973,1.5161627370933122e-41,0.030362640718403364,0.04067421019998533,252,252,0,5,dgtw,2019
ols_textcore_dgtw_fit252_val126,ols,textcore,252,ew_spread_bp,23.46021094007685,8.28994703976426,2.829959085087712,0.004655395714023444,7.212213308394464,39.70820857175923,252,252,0,5,dgtw,2019
ols_textcore_dgtw_fit252_val126,ols,textcore,252,cap_spread_bp,-3.5433663842955707,4.229365516613457,-0.8378009350047426,0.4021425135465879,-11.832770474313586,4.746037705722445,252,252,0,5,dgtw,2019
ridge_textcore_dgtw_fit252_val126,ridge,textcore,252,rank_ic,0.03599370487365407,0.0027632244845093887,13.02597927726627,8.707670207588745e-39,0.03057788440281641,0.04140952534449172,252,252,0,5,dgtw,2019
ridge_textcore_dgtw_fit252_val126,ridge,textcore,252,ew_spread_bp,14.918586004298987,8.152555822887802,1.8299274888024648,0.06726078234111661,-1.0601297905134075,30.897301799111382,252,252,0,5,dgtw,2019
ridge_textcore_dgtw_fit252_val126,ridge,textcore,252,cap_spread_bp,0.8191245110097166,3.6901093471299813,0.22197838436598058,0.8243307103508337,-6.413356908379659,8.051605930399091,252,252,0,5,dgtw,2019
lasso_textcore_dgtw_fit252_val126,lasso,textcore,252,rank_ic,0.037482802703247234,0.0026536190952951917,14.125163166674305,2.6578354190977328e-45,0.0322818048477809,0.04268380055871357,252,252,0,5,dgtw,2019
lasso_textcore_dgtw_fit252_val126,lasso,textcore,252,ew_spread_bp,19.415563490318743,8.46770457369972,2.2928957099687373,0.021854009875042758,2.8191674941421994,36.011959486495286,252,252,0,5,dgtw,2019
lasso_textcore_dgtw_fit252_val126,lasso,textcore,252,cap_spread_bp,-1.6687321644913127,4.402240601103333,-0.37906428014704113,0.7046401306610517,-10.296965193933804,6.9595008649511785,252,252,0,5,dgtw,2019
enet_textcore_dgtw_fit252_val126,enet,textcore,252,rank_ic,0.03751275116510971,0.002657290016815482,14.116920218616293,2.9876558236472297e-45,0.03230455843567353,0.042720943894545886,252,252,0,5,dgtw,2019
enet_textcore_dgtw_fit252_val126,enet,textcore,252,ew_spread_bp,19.58485953220291,8.44060582308292,2.3203144350898692,0.02032387379720125,3.0415761112613247,36.12814295314449,252,252,0,5,dgtw,2019
enet_textcore_dgtw_fit252_val126,enet,textcore,252,cap_spread_bp,-1.7274031142554498,4.402356606646179,-0.3923814603404941,0.6947763824792705,-10.355863510383926,6.901057281873026,252,252,0,5,dgtw,2019
ols_textall_dgtw_fit252_val126,ols,textall,252,rank_ic,0.03474578843923164,0.0024765451697466804,14.029943351602869,1.0223320430104381e-44,0.029891849100441507,0.039599727778021766,252,252,0,5,dgtw,2019
ols_textall_dgtw_fit252_val126,ols,textall,252,ew_spread_bp,28.970333859016755,7.57895067311888,3.82247293966025,0.00013211998127671411,14.11586349909815,43.824804218935355,252,252,0,5,dgtw,2019
ols_textall_dgtw_fit252_val126,ols,textall,252,cap_spread_bp,0.9292299309901398,3.950001371588125,0.23524800210804397,0.8140162509126774,-6.812630496206401,8.67109035818668,252,252,0,5,dgtw,2019
ridge_textall_dgtw_fit252_val126,ridge,textall,252,rank_ic,0.03665687748464477,0.0027697272545112446,13.234832933437472,5.521938652403397e-40,0.031228311818803728,0.04208544315048582,252,252,0,5,dgtw,2019
ridge_textall_dgtw_fit252_val126,ridge,textall,252,ew_spread_bp,29.643376954480924,7.782338667421816,3.809057690919197,0.00013949740996195033,14.390273450840727,44.89648045812112,252,252,0,5,dgtw,2019
ridge_textall_dgtw_fit252_val126,ridge,textall,252,cap_spread_bp,0.2352260914744216,2.7766225251679097,0.08471662580789474,0.9324866780014338,-5.206854056517341,5.677306239466184,252,252,0,5,dgtw,2019
lasso_textall_dgtw_fit252_val126,lasso,textall,252,rank_ic,0.035268454978792024,0.0024972413029330214,14.122966385895133,2.7420163016619805e-45,0.030373951964337426,0.04016295799324662,252,252,0,5,dgtw,2019
lasso_textall_dgtw_fit252_val126,lasso,textall,252,ew_spread_bp,26.770061834411468,7.744296311666051,3.4567455527347137,0.0005467408315756714,11.591519977939631,41.9486036908833,252,252,0,5,dgtw,2019
lasso_textall_dgtw_fit252_val126,lasso,textall,252,cap_spread_bp,0.8869227600639634,3.134948763656892,0.2829145950791793,0.777242306212686,-5.257463910081915,7.031309430209841,252,252,0,5,dgtw,2019
enet_textall_dgtw_fit252_val126,enet,textall,252,rank_ic,0.03528303180481643,0.0024963936305530134,14.133601116824016,2.3577261611956798e-45,0.03039019019769733,0.04017587341193552,252,252,0,5,dgtw,2019
enet_textall_dgtw_fit252_val126,enet,textall,252,ew_spread_bp,27.006730958588996,7.7140709658269415,3.500969990842429,0.00046356804046211324,11.88742969138208,42.12603222579591,252,252,0,5,dgtw,2019
enet_textall_dgtw_fit252_val126,enet,textall,252,cap_spread_bp,1.0275742990389274,3.1414878664432395,0.3270979684547808,0.7435937883158501,-5.129628777059398,7.184777375137252,252,252,0,5,dgtw,2019
ols_core_dgtw_fit756_val126,ols,core,756,rank_ic,0.03232585711311629,0.002726055788034795,11.858105492558497,1.953451144313427e-32,0.026982885948721134,0.03766882827751144,252,252,0,5,dgtw,2019
ols_core_dgtw_fit756_val126,ols,core,756,ew_spread_bp,29.500832137318202,7.224994581871531,4.083163219435444,4.4426796038238234e-05,15.340102968352975,43.66156130628343,252,252,0,5,dgtw,2019
ols_core_dgtw_fit756_val126,ols,core,756,cap_spread_bp,-3.183054367556326,1.8966967788432039,-1.678209402294484,0.09330622689252614,-6.900511743682138,0.5344030085694853,252,252,0,5,dgtw,2019
ridge_core_dgtw_fit756_val126,ridge,core,756,rank_ic,0.03211021421234308,0.002715279029899491,11.825751187542473,2.8732090038458013e-32,0.02678836510576322,0.03743206331892294,252,252,0,5,dgtw,2019
ridge_core_dgtw_fit756_val126,ridge,core,756,ew_spread_bp,30.235836510561725,7.227626920467392,4.1833698450786185,2.872195571219433e-05,16.069948052753496,44.401724968369955,252,252,0,5,dgtw,2019
ridge_core_dgtw_fit756_val126,ridge,core,756,cap_spread_bp,-3.066106721328912,1.7703349839895655,-1.7319359042542561,0.08328497517877677,-6.535899530519753,0.4036860878619293,252,252,0,5,dgtw,2019
lasso_core_dgtw_fit756_val126,lasso,core,756,rank_ic,0.03225276863584392,0.0026840039342018234,12.01666220561459,2.904693919895532e-33,0.026992217590444532,0.03751331968124331,252,252,0,5,dgtw,2019
lasso_core_dgtw_fit756_val126,lasso,core,756,ew_spread_bp,30.053572228891873,6.87887359309756,4.3689670731918095,1.2483558487610339e-05,16.57122773221702,43.53591672556672,252,252,0,5,dgtw,2019
lasso_core_dgtw_fit756_val126,lasso,core,756,cap_spread_bp,-3.7701298159774277,1.7596954072486435,-2.1424900016487407,0.032154072385427904,-7.219069437945312,-0.3211901940095432,252,252,0,5,dgtw,2019
enet_core_dgtw_fit756_val126,enet,core,756,rank_ic,0.0322526869650964,0.002684001560009515,12.016642406490279,2.9053898074629656e-33,0.02699214057302843,0.037513233357164374,252,252,0,5,dgtw,2019
enet_core_dgtw_fit756_val126,enet,core,756,ew_spread_bp,30.053572228891873,6.87887359309756,4.3689670731918095,1.2483558487610339e-05,16.57122773221702,43.53591672556672,252,252,0,5,dgtw,2019
enet_core_dgtw_fit756_val126,enet,core,756,cap_spread_bp,-3.7701298159774277,1.7596954072486435,-2.1424900016487407,0.032154072385427904,-7.219069437945312,-0.3211901940095432,252,252,0,5,dgtw,2019
ols_all_dgtw_fit756_val126,ols,all,756,rank_ic,0.03239888912591825,0.002644671369752122,12.250629509765862,1.6669691512695983e-34,0.027215428490259878,0.03758234976157662,252,252,0,5,dgtw,2019
ols_all_dgtw_fit756_val126,ols,all,756,ew_spread_bp,30.539517874350633,6.675115920654704,4.575129216835425,4.7592615169545715e-06,17.456531077237486,43.62250467146378,252,252,0,5,dgtw,2019
ols_all_dgtw_fit756_val126,ols,all,756,cap_spread_bp,-0.7970888324748088,2.275239805461297,-0.3503317894498606,0.726089710534049,-5.256476907370869,3.662299242421252,252,252,0,5,dgtw,2019
ridge_all_dgtw_fit756_val126,ridge,all,756,rank_ic,0.033345814851022566,0.0028529911485285307,11.688019035117277,1.467700639118949e-31,0.027754054951695084,0.03893757475035005,252,252,0,5,dgtw,2019
ridge_all_dgtw_fit756_val126,ridge,all,756,ew_spread_bp,27.71444173528066,7.188181494914482,3.8555567572811236,0.00011546653610739987,13.625864890910988,41.80301857965033,252,252,0,5,dgtw,2019
ridge_all_dgtw_fit756_val126,ridge,all,756,cap_spread_bp,-1.9067477550844543,2.0959109734142407,-0.9097465394621989,0.36295619422459957,-6.014657777778654,2.2011622676097446,252,252,0,5,dgtw,2019
lasso_all_dgtw_fit756_val126,lasso,all,756,rank_ic,0.03241832318657791,0.0029080527168204753,11.14777699835598,7.34176463785469e-29,0.026718644596465925,0.0381180017766899,252,252,0,5,dgtw,2019
lasso_all_dgtw_fit756_val126,lasso,all,756,ew_spread_bp,28.01221852606278,6.772278912171259,4.136306092727328,3.529413314676012e-05,14.738795764947017,41.28564128717855,252,252,0,5,dgtw,2019
lasso_all_dgtw_fit756_val126,lasso,all,756,cap_spread_bp,-1.9358119984424802,2.0786403929970083,-0.9312875882544568,0.35170482056295294,-6.0098723055268,2.13824830864184,252,252,0,5,dgtw,2019
enet_all_dgtw_fit756_val126,enet,all,756,rank_ic,0.03244520781823982,0.0029061697885347567,11.164250604434974,6.100346803542365e-29,0.026749219699753312,0.038141195936726324,252,252,0,5,dgtw,2019
enet_all_dgtw_fit756_val126,enet,all,756,ew_spread_bp,27.853504550839137,6.778549069393837,4.109065858444822,3.9726278271703e-05,14.567792507389717,41.139216594288555,252,252,0,5,dgtw,2019
enet_all_dgtw_fit756_val126,enet,all,756,cap_spread_bp,-2.0470728553388104,2.092933844027393,-0.9780877026670213,0.32803094939508215,-6.149147811657471,2.0550021009798503,252,252,0,5,dgtw,2019
ols_textcore_dgtw_fit756_val126,ols,textcore,756,rank_ic,0.03787479240846086,0.002828338871754087,13.39117910753444,6.809110385274464e-41,0.0323313500837482,0.04341823473317352,252,252,0,5,dgtw,2019
ols_textcore_dgtw_fit756_val126,ols,textcore,756,ew_spread_bp,28.416826557905132,8.86030042942758,3.207208015602356,0.001340300421090889,11.0509568240223,45.782696291787964,252,252,0,5,dgtw,2019
ols_textcore_dgtw_fit756_val126,ols,textcore,756,cap_spread_bp,-3.1792790282242507,6.271412747337434,-0.506947821218438,0.6121914304695948,-15.471022145191016,9.112464088742515,252,252,0,5,dgtw,2019
ridge_textcore_dgtw_fit756_val126,ridge,textcore,756,rank_ic,0.038929108270898266,0.0029011078237617307,13.41870438321755,4.698557918157778e-41,0.0332430414210579,0.044615175120738634,252,252,0,5,dgtw,2019
ridge_textcore_dgtw_fit756_val126,ridge,textcore,756,ew_spread_bp,26.477615490593347,9.07677465315529,2.9170731347163206,0.003533329145899979,8.687464074622937,44.26776690656376,252,252,0,5,dgtw,2019
ridge_textcore_dgtw_fit756_val126,ridge,textcore,756,cap_spread_bp,-6.526315181852239,6.7569157177527615,-0.9658719235916093,0.33410827303404445,-19.76962663522026,6.716996271515781,252,252,0,5,dgtw,2019
lasso_textcore_dgtw_fit756_val126,lasso,textcore,756,rank_ic,0.03835408876492581,0.0027749224007183313,13.821679753998621,1.8861655077049677e-43,0.03291534079962446,0.043792836730227165,252,252,0,5,dgtw,2019
lasso_textcore_dgtw_fit756_val126,lasso,textcore,756,ew_spread_bp,27.577677002652013,8.903546896245386,3.0973810015288943,0.001952387646950216,10.127045751347676,45.028308253956354,252,252,0,5,dgtw,2019
lasso_textcore_dgtw_fit756_val126,lasso,textcore,756,cap_spread_bp,-7.86559267601334,6.43050842987494,-1.2231680841084458,0.22126621750381625,-20.469157600849435,4.7379722488227545,252,252,0,5,dgtw,2019
enet_textcore_dgtw_fit756_val126,enet,textcore,756,rank_ic,0.03837371164527775,0.002775244835328379,13.827144602446294,1.748234370090879e-43,0.03293433171975334,0.04381309157080217,252,252,0,5,dgtw,2019
enet_textcore_dgtw_fit756_val126,enet,textcore,756,ew_spread_bp,27.947672960662086,8.890621342577536,3.143500536550756,0.0016694010968164176,10.522375329026975,45.37297059229719,252,252,0,5,dgtw,2019
enet_textcore_dgtw_fit756_val126,enet,textcore,756,cap_spread_bp,-7.547716834638184,6.427928212296929,-1.1742067716622981,0.24031221433872796,-20.1462246259491,5.050790956672731,252,252,0,5,dgtw,2019
ols_textall_dgtw_fit756_val126,ols,textall,756,rank_ic,0.036638592488091454,0.0025373948177481367,14.439452714184672,2.921526994102834e-47,0.03166539003074653,0.041611794945436376,252,252,0,5,dgtw,2019
ols_textall_dgtw_fit756_val126,ols,textall,756,ew_spread_bp,33.090986856637464,7.804849867333783,4.239797999848226,2.2372101607890706e-05,17.793762211921027,48.3882115013539,252,252,0,5,dgtw,2019
ols_textall_dgtw_fit756_val126,ols,textall,756,cap_spread_bp,-2.959900848292917,3.445908334608067,-0.8589609939898684,0.3903620363909698,-9.713757078151126,3.7939553815652918,252,252,0,5,dgtw,2019
ridge_textall_dgtw_fit756_val126,ridge,textall,756,rank_ic,0.037411844802733636,0.0027230911941645204,13.738741061226953,5.9501444059179604e-43,0.032074684135553005,0.04274900546991427,252,252,0,5,dgtw,2019
ridge_textall_dgtw_fit756_val126,ridge,textall,756,ew_spread_bp,31.092046218471413,7.982069945413187,3.895236001576024,9.810316250955003e-05,15.447476603381972,46.736615833560855,252,252,0,5,dgtw,2019
ridge_textall_dgtw_fit756_val126,ridge,textall,756,cap_spread_bp,-2.0228632030950253,2.7441096604266138,-0.7371655849863304,0.4610216592438172,-7.401219307159626,3.3554929009695753,252,252,0,5,dgtw,2019
lasso_textall_dgtw_fit756_val126,lasso,textall,756,rank_ic,0.037146844210163524,0.0026184916312703924,14.186352083982522,1.1129967004111113e-45,0.03201469491905402,0.04227899350127303,252,252,0,5,dgtw,2019
lasso_textall_dgtw_fit756_val126,lasso,textall,756,ew_spread_bp,27.883016753465093,8.38140677249868,3.326770494537465,0.0008785870232785354,11.455761339587585,44.3102721673426,252,252,0,5,dgtw,2019
lasso_textall_dgtw_fit756_val126,lasso,textall,756,cap_spread_bp,-2.3637543943056816,2.6657476332482894,-0.8867134926142201,0.3752331722115828,-7.588523747345218,2.861014958733855,252,252,0,5,dgtw,2019
enet_textall_dgtw_fit756_val126,enet,textall,756,rank_ic,0.03686437125435316,0.002596222437059516,14.199234521717552,9.261856793945582e-46,0.0317758687818617,0.041952873726844614,252,252,0,5,dgtw,2019
enet_textall_dgtw_fit756_val126,enet,textall,756,ew_spread_bp,27.723124214733897,8.469267611068716,3.2733791737200266,0.001062698141291016,11.123664721607632,44.32258370786016,252,252,0,5,dgtw,2019
enet_textall_dgtw_fit756_val126,enet,textall,756,cap_spread_bp,-1.742488402643096,2.5666149533952303,-0.6789052640475176,0.4971978901148225,-6.772961273479696,3.2879844681935047,252,252,0,5,dgtw,2019
nn3_core_dgtw_fit504_val126,nn3,core,504,rank_ic,0.03158627274065631,0.002566217081553072,12.308496022300783,8.152827609232344e-35,0.026556579684300804,0.03661596579701182,252,252,0,5,dgtw,2019
nn3_core_dgtw_fit504_val126,nn3,core,504,ew_spread_bp,33.75029332927574,6.836470329642888,4.936800966272712,7.941444401845361e-07,20.351057701799007,47.14952895675248,252,252,0,5,dgtw,2019
nn3_core_dgtw_fit504_val126,nn3,core,504,cap_spread_bp,-4.145731597848402,2.038799287743176,-2.0334182098118494,0.04201028914154182,-8.141704773530941,-0.149758422165863,252,252,0,5,dgtw,2019
nn3_textcore_dgtw_fit504_val126,nn3,textcore,504,rank_ic,0.03869574241059268,0.0029433200572356088,13.146970651549207,1.771298759630502e-39,0.03292694110343652,0.04446454371774885,252,252,0,5,dgtw,2019
nn3_textcore_dgtw_fit504_val126,nn3,textcore,504,ew_spread_bp,25.190966098002228,9.094923548142665,2.7697831614149897,0.005609362265548444,7.365243501497364,43.016688694507096,252,252,0,5,dgtw,2019
nn3_textcore_dgtw_fit504_val126,nn3,textcore,504,cap_spread_bp,0.5765413675390505,6.009148697984936,0.09594393424352832,0.9235651010248982,-11.201173658257183,12.354256393335284,252,252,0,5,dgtw,2019
nn3_all_dgtw_fit504_val126,nn3,all,504,rank_ic,0.036249761349026396,0.0031218861075466052,11.611493853474999,3.6026588410680426e-31,0.030130977014399114,0.04236854568365368,252,252,0,5,dgtw,2019
nn3_all_dgtw_fit504_val126,nn3,all,504,ew_spread_bp,34.9361450784789,7.570008425346241,4.615073473564988,3.9295627406496145e-06,20.099201202135504,49.7730889548223,252,252,0,5,dgtw,2019
nn3_all_dgtw_fit504_val126,nn3,all,504,cap_spread_bp,-4.676229946966784,2.786785860478308,-1.6780011745015038,0.0933468697295777,-10.13822986612973,0.7857699721961628,252,252,0,5,dgtw,2019
nn3_textall_dgtw_fit504_val126,nn3,textall,504,rank_ic,0.04057757317969001,0.0028956288377909,14.01338895721421,1.2909462027544026e-44,0.03490224494502427,0.04625290141435575,252,252,0,5,dgtw,2019
nn3_textall_dgtw_fit504_val126,nn3,textall,504,ew_spread_bp,27.437729340449046,9.070884997434868,3.0248128322879286,0.00248787035248879,9.659121437572004,45.21633724332609,252,252,0,5,dgtw,2019
nn3_textall_dgtw_fit504_val126,nn3,textall,504,cap_spread_bp,-3.8786274976108466,5.473586274972188,-0.7086080866845483,0.4785677166293486,-14.60665946282909,6.849404467607396,252,252,0,5,dgtw,2019
nn3_core_dgtw_fit252_val126,nn3,core,252,rank_ic,0.031253407858335185,0.0025792099428525108,12.11743462177029,8.539029459882458e-34,0.026198249261776652,0.03630856645489372,252,252,0,5,dgtw,2019
nn3_core_dgtw_fit252_val126,nn3,core,252,ew_spread_bp,31.95765093797226,7.465431939794789,4.280750423511424,1.8626415618371175e-05,17.32567320693948,46.58962866900504,252,252,0,5,dgtw,2019
nn3_core_dgtw_fit252_val126,nn3,core,252,cap_spread_bp,-4.876160800437362,2.1180273204316755,-2.3022180844407383,0.021322876620420594,-9.027418066755324,-0.7249035341194014,252,252,0,5,dgtw,2019
nn3_textcore_dgtw_fit252_val126,nn3,textcore,252,rank_ic,0.02805280513824485,0.0026348091283649455,10.646997096011,1.8008064738882554e-26,0.022888674140512183,0.033216936135977516,252,252,0,5,dgtw,2019
nn3_textcore_dgtw_fit252_val126,nn3,textcore,252,ew_spread_bp,16.074701060053616,6.863413721044694,2.3420853985189827,0.01917632656483076,2.622657355807979,29.526744764299252,252,252,0,5,dgtw,2019
nn3_textcore_dgtw_fit252_val126,nn3,textcore,252,cap_spread_bp,1.3633824657437787,3.3206948603955815,0.41057143852758704,0.6813868103229037,-5.145059864278824,7.871824795766381,252,252,0,5,dgtw,2019
nn3_all_dgtw_fit252_val126,nn3,all,252,rank_ic,0.03131218488635842,0.0027379585880221353,11.436325232726738,2.7530086147369124e-30,0.02594588466267289,0.03667848511004394,252,252,0,5,dgtw,2019
nn3_all_dgtw_fit252_val126,nn3,all,252,ew_spread_bp,28.396420246725178,7.641909329802796,3.7158802887102516,0.00020249744638269442,13.418553187191076,43.374287306259276,252,252,0,5,dgtw,2019
nn3_all_dgtw_fit252_val126,nn3,all,252,cap_spread_bp,-3.604069391628102,2.018906178243696,-1.7851594246758828,0.07423546132766079,-7.561052789151149,0.35291400589494515,252,252,0,5,dgtw,2019
nn3_textall_dgtw_fit252_val126,nn3,textall,252,rank_ic,0.03333568532680356,0.0023774236325068737,14.021769141603407,1.1471879015205258e-44,0.0286760206310957,0.03799535002251142,252,252,0,5,dgtw,2019
nn3_textall_dgtw_fit252_val126,nn3,textall,252,ew_spread_bp,27.201113479892722,7.470803980367132,3.6409887813113255,0.00027159297218784176,12.558606742814664,41.84362021697078,252,252,0,5,dgtw,2019
nn3_textall_dgtw_fit252_val126,nn3,textall,252,cap_spread_bp,-1.985961460495228,4.512551764988826,-0.44009721415354125,0.6598666995550048,-10.830400398245981,6.8584774772555255,252,252,0,5,dgtw,2019
nn3_core_dgtw_fit756_val126,nn3,core,756,rank_ic,0.031469222487068994,0.0028162760894141345,11.174054491800726,5.462902728869185e-29,0.025949422781295986,0.036989022192842,252,252,0,5,dgtw,2019
nn3_core_dgtw_fit756_val126,nn3,core,756,ew_spread_bp,33.57210599207556,7.1300753843931,4.708520482905548,2.495212955033127e-06,19.5974150316095,47.54679695254161,252,252,0,5,dgtw,2019
nn3_core_dgtw_fit756_val126,nn3,core,756,cap_spread_bp,-4.01901725745586,1.902896806515304,-2.1120521321467347,0.034681978067213584,-7.74862646452214,-0.2894080503895804,252,252,0,5,dgtw,2019
nn3_textcore_dgtw_fit756_val126,nn3,textcore,756,rank_ic,0.04041032705674529,0.0029629905905954137,13.638358213154104,2.3683253598898008e-42,0.034602972212647215,0.04621768190084337,252,252,0,5,dgtw,2019
nn3_textcore_dgtw_fit756_val126,nn3,textcore,756,ew_spread_bp,25.80113988167218,8.498311026022314,3.0360314893944946,0.0023971432788169713,9.144756341248812,42.45752342209555,252,252,0,5,dgtw,2019
nn3_textcore_dgtw_fit756_val126,nn3,textcore,756,cap_spread_bp,-1.2162896832593806,7.271751087347499,-0.16726228230991938,0.8671636803686051,-15.468659919000457,13.036080552481694,252,252,0,5,dgtw,2019
nn3_all_dgtw_fit756_val126,nn3,all,756,rank_ic,0.03329097065323044,0.00300845266074672,11.065811700346774,1.8379127488616022e-28,0.027394511788973168,0.03918742951748771,252,252,0,5,dgtw,2019
nn3_all_dgtw_fit756_val126,nn3,all,756,ew_spread_bp,30.96232003694385,7.4386335722533286,4.162366614271157,3.1496612952528765e-05,16.3828661411368,45.5417739327509,252,252,0,5,dgtw,2019
nn3_all_dgtw_fit756_val126,nn3,all,756,cap_spread_bp,-1.7918898417154805,2.493661484763719,-0.7185778232787146,0.472401081520882,-6.679376541487047,3.0955968580560853,252,252,0,5,dgtw,2019
nn3_textall_dgtw_fit756_val126,nn3,textall,756,rank_ic,0.04002854407075044,0.0031638680713778323,12.651774084030759,1.0937674736692773e-36,0.03382747659901369,0.04622961154248719,252,252,0,5,dgtw,2019
nn3_textall_dgtw_fit756_val126,nn3,textall,756,ew_spread_bp,28.904431598972916,9.301411177757753,3.10753186227176,0.001886566477872979,10.674000685169432,47.1348625127764,252,252,0,5,dgtw,2019
nn3_textall_dgtw_fit756_val126,nn3,textall,756,cap_spread_bp,-3.5810889116352542,4.508844567102688,-0.7942364963661643,0.4270577654683181,-12.418261875045614,5.256084051775106,252,252,0,5,dgtw,2019
ols_core_dgtw_fit504_val126,ols,core,504,rank_ic,0.03981239725248868,0.0047038344933926545,8.463817616970166,2.5876438316487598e-17,0.03059305105620187,0.04903174344877549,253,253,0,5,dgtw,2020
ols_core_dgtw_fit504_val126,ols,core,504,ew_spread_bp,14.47106356301081,12.025546228075536,1.2033601874338007,0.22883696730845138,-9.098573938438735,38.04070106446036,253,253,0,5,dgtw,2020
ols_core_dgtw_fit504_val126,ols,core,504,cap_spread_bp,-2.685067907473732,3.209647129464018,-0.8365617150948658,0.4028389730847217,-8.975860684305577,3.605724869358112,253,253,0,5,dgtw,2020
ridge_core_dgtw_fit504_val126,ridge,core,504,rank_ic,0.03916212302240088,0.004622120087873139,8.472761909658923,2.3964207321747408e-17,0.030102934117950418,0.04822131192685134,253,253,0,5,dgtw,2020
ridge_core_dgtw_fit504_val126,ridge,core,504,ew_spread_bp,16.071712209462472,11.789212549059759,1.363255785115543,0.17280191150861213,-7.034719792782301,39.17814421170725,253,253,0,5,dgtw,2020
ridge_core_dgtw_fit504_val126,ridge,core,504,cap_spread_bp,-1.2718501903612183,3.073668815852478,-0.41378894948006045,0.6790286775743215,-7.296130369835951,4.752429989113515,253,253,0,5,dgtw,2020
lasso_core_dgtw_fit504_val126,lasso,core,504,rank_ic,0.03993633825174473,0.004660432953659763,8.569233513033026,1.041760986969228e-17,0.030802057510207967,0.049070618993281495,253,253,0,5,dgtw,2020
lasso_core_dgtw_fit504_val126,lasso,core,504,ew_spread_bp,17.5807599353547,11.993942087821596,1.4658033035865534,0.1427018808156881,-5.926934589434772,41.08845446014417,253,253,0,5,dgtw,2020
lasso_core_dgtw_fit504_val126,lasso,core,504,cap_spread_bp,-3.6365168700829824,2.9451808126496,-1.2347346738319367,0.21692926682656355,-9.408965190834607,2.1359314506686427,253,253,0,5,dgtw,2020
enet_core_dgtw_fit504_val126,enet,core,504,rank_ic,0.03993342521261153,0.0046606168422207725,8.56827037375236,1.0505091684521367e-17,0.030798784056118016,0.04906806636910504,253,253,0,5,dgtw,2020
enet_core_dgtw_fit504_val126,enet,core,504,ew_spread_bp,17.530542515991314,12.003459019134864,1.4604575637777126,0.14416436226958695,-5.995804851415503,41.05688988339813,253,253,0,5,dgtw,2020
enet_core_dgtw_fit504_val126,enet,core,504,cap_spread_bp,-3.6403899995142073,2.9457125237550583,-1.235826636223689,0.2165230117453918,-9.41388045488271,2.1331004558542954,253,253,0,5,dgtw,2020
ols_all_dgtw_fit504_val126,ols,all,504,rank_ic,0.03873806461468615,0.0041994712695455775,9.2245099747707,2.8486039634055676e-20,0.030507252172266124,0.04696887705710618,253,253,0,5,dgtw,2020
ols_all_dgtw_fit504_val126,ols,all,504,ew_spread_bp,10.818352803829999,12.540107039698658,0.8627001962249572,0.3883023244834598,-13.759805356256564,35.39651096391656,253,253,0,5,dgtw,2020
ols_all_dgtw_fit504_val126,ols,all,504,cap_spread_bp,3.6485922868348615,3.5856519163473375,1.0175533966921253,0.308890244256561,-3.379156330302947,10.676340903972669,253,253,0,5,dgtw,2020
ridge_all_dgtw_fit504_val126,ridge,all,504,rank_ic,0.03859832757820813,0.00443175899362128,8.709482540400659,3.052651188226167e-18,0.029912239562548945,0.04728441559386731,253,253,0,5,dgtw,2020
ridge_all_dgtw_fit504_val126,ridge,all,504,ew_spread_bp,7.414965846942915,12.276758796055171,0.6039839969264142,0.5458542818076713,-16.647039240210535,31.476970934096368,253,253,0,5,dgtw,2020
ridge_all_dgtw_fit504_val126,ridge,all,504,cap_spread_bp,2.267068113151011,3.606571071390747,0.6285937718334762,0.5296150388070981,-4.80168129445889,9.33581752076091,253,253,0,5,dgtw,2020
lasso_all_dgtw_fit504_val126,lasso,all,504,rank_ic,0.03885577985507004,0.004271569338879968,9.096371092798009,9.340044578302891e-20,0.03048365779339974,0.047227901916740346,253,253,0,5,dgtw,2020
lasso_all_dgtw_fit504_val126,lasso,all,504,ew_spread_bp,9.928207367515483,12.529021141550933,0.7924168420938986,0.42811766223866443,-14.628222831465258,34.484637566496225,253,253,0,5,dgtw,2020
lasso_all_dgtw_fit504_val126,lasso,all,504,cap_spread_bp,5.402523551036446,3.4685525750953996,1.557572916676304,0.1193345230090675,-1.395714574634198,12.20076167670709,253,253,0,5,dgtw,2020
enet_all_dgtw_fit504_val126,enet,all,504,rank_ic,0.03884412573025326,0.004272450415681265,9.091767475564572,9.744190873927975e-20,0.030470276789784798,0.047217974670721724,253,253,0,5,dgtw,2020
enet_all_dgtw_fit504_val126,enet,all,504,ew_spread_bp,10.023085907446365,12.53900467709627,0.79935259341234,0.4240859907326092,-14.552911661641616,34.59908347653435,253,253,0,5,dgtw,2020
enet_all_dgtw_fit504_val126,enet,all,504,cap_spread_bp,5.006317922649475,3.6042704516860438,1.3889961893141418,0.16483390881919457,-2.0579223531970836,12.070558198496034,253,253,0,5,dgtw,2020
ols_textcore_dgtw_fit504_val126,ols,textcore,504,rank_ic,0.04642535441003051,0.00437250583331126,10.617562601368332,2.4692435698293797e-26,0.037855400454549146,0.05499530836551188,253,253,0,5,dgtw,2020
ols_textcore_dgtw_fit504_val126,ols,textcore,504,ew_spread_bp,14.091280084699521,11.550367506545578,1.219985431347878,0.2224703977214142,-8.547024236331518,36.72958440573056,253,253,0,5,dgtw,2020
ols_textcore_dgtw_fit504_val126,ols,textcore,504,cap_spread_bp,-7.340976961291795,6.173752206115886,-1.1890624560570515,0.23441509083515455,-19.441308934753636,4.759355012170045,253,253,0,5,dgtw,2020
ridge_textcore_dgtw_fit504_val126,ridge,textcore,504,rank_ic,0.04744996122051295,0.00458900693516115,10.33991926596351,4.6492904732196755e-25,0.03845567290279256,0.056444249538233335,253,253,0,5,dgtw,2020
ridge_textcore_dgtw_fit504_val126,ridge,textcore,504,ew_spread_bp,12.495294813125758,10.654745905874128,1.172744514370531,0.24089827467638247,-8.387623426813127,33.37821305306464,253,253,0,5,dgtw,2020
ridge_textcore_dgtw_fit504_val126,ridge,textcore,504,cap_spread_bp,0.7831863676162227,7.074955722905501,0.11069841258237421,0.9118555048202085,-13.083472041494101,14.649844776726546,253,253,0,5,dgtw,2020
lasso_textcore_dgtw_fit504_val126,lasso,textcore,504,rank_ic,0.0471559520625303,0.00456835504411407,10.322304551019228,5.586587755780176e-25,0.03820214070747484,0.056109763417585765,253,253,0,5,dgtw,2020
lasso_textcore_dgtw_fit504_val126,lasso,textcore,504,ew_spread_bp,14.780269951178289,11.477306269147963,1.2877821332440165,0.19782181340275817,-7.714836975887495,37.275376878244074,253,253,0,5,dgtw,2020
lasso_textcore_dgtw_fit504_val126,lasso,textcore,504,cap_spread_bp,-8.392638251412569,8.86251806459112,-0.9469812292901397,0.34364834393532295,-25.762854470346788,8.977577967521649,253,253,0,5,dgtw,2020
enet_textcore_dgtw_fit504_val126,enet,textcore,504,rank_ic,0.047166956959148555,0.004570211299265937,10.320519965176329,5.691409459047009e-25,0.03820950741084931,0.0561244065074478,253,253,0,5,dgtw,2020
enet_textcore_dgtw_fit504_val126,enet,textcore,504,ew_spread_bp,14.617389160900133,11.48817684421145,1.2723854584694525,0.2032361981571441,-7.899023701781326,37.133802023581595,253,253,0,5,dgtw,2020
enet_textcore_dgtw_fit504_val126,enet,textcore,504,cap_spread_bp,-7.967185141138814,8.663264717565461,-0.9196515864261553,0.35775485979683264,-24.94687197610368,9.012501693826053,253,253,0,5,dgtw,2020
ols_textall_dgtw_fit504_val126,ols,textall,504,rank_ic,0.045949368307727174,0.004205233362472403,10.926710683354786,8.590617308027184e-28,0.037707262370694994,0.054191474244759355,253,253,0,5,dgtw,2020
ols_textall_dgtw_fit504_val126,ols,textall,504,ew_spread_bp,16.072713120499174,13.399757733207654,1.1994778891164075,0.23034217727505502,-10.190329438149902,42.33575567914825,253,253,0,5,dgtw,2020
ols_textall_dgtw_fit504_val126,ols,textall,504,cap_spread_bp,-6.09590322962712,7.185601221097754,-0.8483497820236454,0.39624320090374643,-20.179422830245752,7.987616370991511,253,253,0,5,dgtw,2020
ridge_textall_dgtw_fit504_val126,ridge,textall,504,rank_ic,0.04670841302856203,0.004387032566646746,10.646926440362371,1.802173429958319e-26,0.03810998719893009,0.05530683885819397,253,253,0,5,dgtw,2020
ridge_textall_dgtw_fit504_val126,ridge,textall,504,ew_spread_bp,14.449779318396276,13.573386427396624,1.0645670036499317,0.28707191825547074,-12.1535692275459,41.05312786433845,253,253,0,5,dgtw,2020
ridge_textall_dgtw_fit504_val126,ridge,textall,504,cap_spread_bp,-2.1017957677592225,6.098686209472504,-0.3446309082921343,0.7303718662928658,-14.05500109133643,9.851409555817986,253,253,0,5,dgtw,2020
lasso_textall_dgtw_fit504_val126,lasso,textall,504,rank_ic,0.0465289844459955,0.004343651913494489,10.711950536700053,8.945684971156914e-27,0.03801558313416781,0.05504238575782319,253,253,0,5,dgtw,2020
lasso_textall_dgtw_fit504_val126,lasso,textall,504,ew_spread_bp,16.62879589209755,13.455359359041525,1.2358492588994725,0.21651460096983977,-9.743223850667786,43.00081563486289,253,253,0,5,dgtw,2020
lasso_textall_dgtw_fit504_val126,lasso,textall,504,cap_spread_bp,-7.657483519684112,6.70094767387986,-1.1427463535542601,0.25314391812771997,-20.791099622776088,5.476132583407864,253,253,0,5,dgtw,2020
enet_textall_dgtw_fit504_val126,enet,textall,504,rank_ic,0.046528118737362345,0.004345091879375992,10.70820135201476,9.315405644965936e-27,0.03801189514426794,0.05504434233045675,253,253,0,5,dgtw,2020
enet_textall_dgtw_fit504_val126,enet,textall,504,ew_spread_bp,16.485674172056594,13.43957065413487,1.226651847466909,0.21995347321552627,-9.855400277729167,42.826748621842356,253,253,0,5,dgtw,2020
enet_textall_dgtw_fit504_val126,enet,textall,504,cap_spread_bp,-7.83663733448267,6.689265212720192,-1.171524387997153,0.24138806079432595,-20.94735623445091,5.274081565485571,253,253,0,5,dgtw,2020
ols_core_dgtw_fit252_val126,ols,core,252,rank_ic,0.03901434233185781,0.004697105207503072,8.306039700694164,9.894914019278331e-17,0.029808185293556257,0.04822049937015937,253,253,0,5,dgtw,2020
ols_core_dgtw_fit252_val126,ols,core,252,ew_spread_bp,14.556678242768216,12.045579834428224,1.208466378775961,0.2268679206227553,-9.052224405613051,38.16558089114948,253,253,0,5,dgtw,2020
ols_core_dgtw_fit252_val126,ols,core,252,cap_spread_bp,-3.057178281003542,3.245816727951346,-0.941882594502843,0.34625275228234753,-9.418862168205823,3.3045056061987386,253,253,0,5,dgtw,2020
ridge_core_dgtw_fit252_val126,ridge,core,252,rank_ic,0.038531283108064376,0.004599322602892099,8.37759958038941,5.401805707318254e-17,0.029516776453114846,0.04754578976301391,253,253,0,5,dgtw,2020
ridge_core_dgtw_fit252_val126,ridge,core,252,ew_spread_bp,17.43999678592099,11.855253397350848,1.4710775216173866,0.14127015326479353,-5.795872900482792,40.67586647232477,253,253,0,5,dgtw,2020
ridge_core_dgtw_fit252_val126,ridge,core,252,cap_spread_bp,-1.5648355096163487,2.99832061368027,-0.5219039960158234,0.6017371759114946,-7.44143592653371,4.311764907301013,253,253,0,5,dgtw,2020
lasso_core_dgtw_fit252_val126,lasso,core,252,rank_ic,0.039802876066568134,0.004658824775147826,8.543544345967632,1.3016653242148741e-17,0.03067174729699548,0.048934004836140785,253,253,0,5,dgtw,2020
lasso_core_dgtw_fit252_val126,lasso,core,252,ew_spread_bp,17.869088657935205,11.812146799244358,1.5127723149426417,0.13033750343447165,-5.282293648683812,41.02047096455422,253,253,0,5,dgtw,2020
lasso_core_dgtw_fit252_val126,lasso,core,252,cap_spread_bp,-3.455998609921292,2.8801946884474234,-1.199918402663348,0.23017103212473322,-9.101076467741803,2.1890792478992194,253,253,0,5,dgtw,2020
enet_core_dgtw_fit252_val126,enet,core,252,rank_ic,0.039802876066568134,0.004658824775147826,8.543544345967632,1.3016653242148741e-17,0.03067174729699548,0.048934004836140785,253,253,0,5,dgtw,2020
enet_core_dgtw_fit252_val126,enet,core,252,ew_spread_bp,17.869088657935205,11.812146799244358,1.5127723149426417,0.13033750343447165,-5.282293648683812,41.02047096455422,253,253,0,5,dgtw,2020
enet_core_dgtw_fit252_val126,enet,core,252,cap_spread_bp,-3.455998609921292,2.8801946884474234,-1.199918402663348,0.23017103212473322,-9.101076467741803,2.1890792478992194,253,253,0,5,dgtw,2020
ols_all_dgtw_fit252_val126,ols,all,252,rank_ic,0.03765130300470005,0.004172288349016889,9.024137321087068,1.811167257175062e-19,0.029473768107510866,0.045828837901889234,253,253,0,5,dgtw,2020
ols_all_dgtw_fit252_val126,ols,all,252,ew_spread_bp,15.244631455962121,12.597020798379189,1.2101775253021405,0.22621078014020612,-9.445075621363088,39.93433853328733,253,253,0,5,dgtw,2020
ols_all_dgtw_fit252_val126,ols,all,252,cap_spread_bp,4.057932117525805,3.9888435184326982,1.0173204586176028,0.3090010072074585,-3.7600575185683143,11.875921753619924,253,253,0,5,dgtw,2020
ridge_all_dgtw_fit252_val126,ridge,all,252,rank_ic,0.038098251960915014,0.004555158387243322,8.363760098355485,6.075038650979973e-17,0.029170305578042545,0.04702619834378748,253,253,0,5,dgtw,2020
ridge_all_dgtw_fit252_val126,ridge,all,252,ew_spread_bp,6.781510024749712,12.74204032353053,0.532215395067178,0.5945768215340753,-18.192430098927225,31.755450148426647,253,253,0,5,dgtw,2020
ridge_all_dgtw_fit252_val126,ridge,all,252,cap_spread_bp,1.2070617833475077,3.74016176674342,0.32272983326026117,0.746899856434917,-6.123520575823294,8.537644142518308,253,253,0,5,dgtw,2020
lasso_all_dgtw_fit252_val126,lasso,all,252,rank_ic,0.03710008697964258,0.004381626047547594,8.467196099586724,2.5137069092015762e-17,0.028512257732726712,0.04568791622655845,253,253,0,5,dgtw,2020
lasso_all_dgtw_fit252_val126,lasso,all,252,ew_spread_bp,12.431863480853288,12.682499038875855,0.9802376836572753,0.32696880715496635,-12.42537786930724,37.289104831013816,253,253,0,5,dgtw,2020
lasso_all_dgtw_fit252_val126,lasso,all,252,cap_spread_bp,4.2381126962930855,3.715786710641167,1.1405694207786727,0.2540491485512917,-3.044695430796157,11.520920823382328,253,253,0,5,dgtw,2020
enet_all_dgtw_fit252_val126,enet,all,252,rank_ic,0.037149564172125,0.004378321147844358,8.484887909699218,2.1592677337740425e-17,0.02856821240959999,0.04573091593465001,253,253,0,5,dgtw,2020
enet_all_dgtw_fit252_val126,enet,all,252,ew_spread_bp,13.245338859626143,12.69534162742007,1.0433227595087444,0.29679883358056436,-11.637073501549311,38.1277512208016,253,253,0,5,dgtw,2020
enet_all_dgtw_fit252_val126,enet,all,252,cap_spread_bp,3.6830180292908166,3.7109161852251162,0.9924821379568272,0.320962388546571,-3.5902440433971794,10.956280101978813,253,253,0,5,dgtw,2020
ols_textcore_dgtw_fit252_val126,ols,textcore,252,rank_ic,0.04544288046787454,0.0042585494107097045,10.670976448832915,1.3915625888451376e-26,0.03709627699649925,0.05378948393924984,253,253,0,5,dgtw,2020
ols_textcore_dgtw_fit252_val126,ols,textcore,252,ew_spread_bp,14.473277796977667,10.551687252428467,1.3716553050458018,0.17017076832104516,-6.207649193912525,35.15420478786786,253,253,0,5,dgtw,2020
ols_textcore_dgtw_fit252_val126,ols,textcore,252,cap_spread_bp,1.1758421650961044,6.71881388675101,0.17500740233551873,0.861073817129123,-11.992791071763452,14.344475401955663,253,253,0,5,dgtw,2020
ridge_textcore_dgtw_fit252_val126,ridge,textcore,252,rank_ic,0.04715041907945914,0.004332954947803348,10.881816138744462,1.4073072073557194e-27,0.038657983435129946,0.05564285472378833,253,253,0,5,dgtw,2020
ridge_textcore_dgtw_fit252_val126,ridge,textcore,252,ew_spread_bp,10.752295707293856,10.819409312824442,0.9937969251749229,0.3203217434052291,-10.453356879839307,31.95794829442702,253,253,0,5,dgtw,2020
ridge_textcore_dgtw_fit252_val126,ridge,textcore,252,cap_spread_bp,-1.113266084987863,8.665279911452412,-0.12847433624348614,0.8977736066107753,-18.09690262739302,15.870370457417295,253,253,0,5,dgtw,2020
lasso_textcore_dgtw_fit252_val126,lasso,textcore,252,rank_ic,0.04691858923651866,0.004362475037269851,10.75503901699837,5.611026935073179e-27,0.03836829528001472,0.0554688831930226,253,253,0,5,dgtw,2020
lasso_textcore_dgtw_fit252_val126,lasso,textcore,252,ew_spread_bp,13.750458844966204,11.624780185400407,1.1828575358556408,0.23686561341979806,-9.033691646613448,36.534609336545856,253,253,0,5,dgtw,2020
lasso_textcore_dgtw_fit252_val126,lasso,textcore,252,cap_spread_bp,0.9632131961679161,7.2670480141421745,0.13254531885484133,0.8945529799389392,-13.279939185474069,15.2063655778099,253,253,0,5,dgtw,2020
enet_textcore_dgtw_fit252_val126,enet,textcore,252,rank_ic,0.04692940630475039,0.00436343281385223,10.75515730545168,5.603832492390731e-27,0.03837723514063975,0.05548157746886103,253,253,0,5,dgtw,2020
enet_textcore_dgtw_fit252_val126,enet,textcore,252,ew_spread_bp,13.955356136508117,11.618753669862803,1.2011061197300437,0.22971003945556046,-8.81698260166556,36.727694874681795,253,253,0,5,dgtw,2020
enet_textcore_dgtw_fit252_val126,enet,textcore,252,cap_spread_bp,0.7762940412110841,7.3409078813371895,0.10574905090209055,0.9157814615147551,-13.61162102003604,15.164209102458209,253,253,0,5,dgtw,2020
ols_textall_dgtw_fit252_val126,ols,textall,252,rank_ic,0.044800540251916585,0.0041681403816526226,10.748328067144815,6.034551789882867e-27,0.03663113522137041,0.05296994528246276,253,253,0,5,dgtw,2020
ols_textall_dgtw_fit252_val126,ols,textall,252,ew_spread_bp,17.470771283740778,12.562833381957848,1.3906712564405639,0.16432513762940482,-7.15192968867413,42.093472256155685,253,253,0,5,dgtw,2020
ols_textall_dgtw_fit252_val126,ols,textall,252,cap_spread_bp,0.5228554984375371,5.586414693258392,0.09359410769639281,0.9254315904456314,-10.426316103054285,11.472027099929358,253,253,0,5,dgtw,2020
ridge_textall_dgtw_fit252_val126,ridge,textall,252,rank_ic,0.04649274017536921,0.00428350686855252,10.853896492310284,1.9110102858550267e-27,0.03809722098547633,0.05488825936526209,253,253,0,5,dgtw,2020
ridge_textall_dgtw_fit252_val126,ridge,textall,252,ew_spread_bp,15.978800125862474,12.273940266222256,1.301847636478723,0.1929684757131257,-8.077680744329111,40.035280996054055,253,253,0,5,dgtw,2020
ridge_textall_dgtw_fit252_val126,ridge,textall,252,cap_spread_bp,0.41295914410077716,5.279407454395889,0.07822073739675604,0.9376524664980718,-9.934489326227453,10.760407614429006,253,253,0,5,dgtw,2020
lasso_textall_dgtw_fit252_val126,lasso,textall,252,rank_ic,0.04535676698220404,0.004300693632455947,10.54638410881239,5.278975697446353e-26,0.03692756235404964,0.05378597161035844,253,253,0,5,dgtw,2020
lasso_textall_dgtw_fit252_val126,lasso,textall,252,ew_spread_bp,16.123719395034847,12.755901329129905,1.2640203917393162,0.20622270792275155,-8.877387800406375,41.12482659047607,253,253,0,5,dgtw,2020
lasso_textall_dgtw_fit252_val126,lasso,textall,252,cap_spread_bp,-1.4006606489359401,4.894429238330039,-0.2861744609497798,0.7747445033344411,-10.993565680942625,8.192244383070745,253,253,0,5,dgtw,2020
enet_textall_dgtw_fit252_val126,enet,textall,252,rank_ic,0.04535589995505382,0.004302373552073761,10.54206460831187,5.527195046979424e-26,0.03692340274495159,0.05378839716515605,253,253,0,5,dgtw,2020
enet_textall_dgtw_fit252_val126,enet,textall,252,ew_spread_bp,15.998945206002105,12.757301336500316,1.2541010660481164,0.20980527294818396,-9.004905953463211,41.00279636546742,253,253,0,5,dgtw,2020
enet_textall_dgtw_fit252_val126,enet,textall,252,cap_spread_bp,-1.1327339984919327,4.9039736974279196,-0.23098288620227292,0.81732809739016,-10.744345826582379,8.478877829598513,253,253,0,5,dgtw,2020
ols_core_dgtw_fit756_val126,ols,core,756,rank_ic,0.03974749056384715,0.004694249931956098,8.467271904988735,2.512072071232108e-17,0.0305469297627836,0.048948051364910705,253,253,0,5,dgtw,2020
ols_core_dgtw_fit756_val126,ols,core,756,ew_spread_bp,14.349045950912288,11.996379407630906,1.1961147162272017,0.2316517955499514,-9.163425632922237,37.86151753474681,253,253,0,5,dgtw,2020
ols_core_dgtw_fit756_val126,ols,core,756,cap_spread_bp,-2.757194399838639,3.206923227322623,-0.8597631450443386,0.3899196188962586,-9.042648426575937,3.5282596268986595,253,253,0,5,dgtw,2020
ridge_core_dgtw_fit756_val126,ridge,core,756,rank_ic,0.03898164339996754,0.004618943464259695,8.439515162200703,3.186566668029638e-17,0.029928680563391867,0.048034606236543216,253,253,0,5,dgtw,2020
ridge_core_dgtw_fit756_val126,ridge,core,756,ew_spread_bp,15.746357966157996,11.745113337571793,1.3406731389970077,0.18002659932154652,-7.273641169823749,38.76635710213974,253,253,0,5,dgtw,2020
ridge_core_dgtw_fit756_val126,ridge,core,756,cap_spread_bp,-1.6429190945933432,3.1735078758128865,-0.5176981305497826,0.6046689027887635,-7.862880235840811,4.5770420466541255,253,253,0,5,dgtw,2020
lasso_core_dgtw_fit756_val126,lasso,core,756,rank_ic,0.03989184571657634,0.004663099193016225,8.55479243853982,1.1808100575141396e-17,0.030752339241926753,0.04903135219122593,253,253,0,5,dgtw,2020
lasso_core_dgtw_fit756_val126,lasso,core,756,ew_spread_bp,17.015291837951725,12.00992679949611,1.4167689880229428,0.15655047945289827,-6.52373214602305,40.5543158219265,253,253,0,5,dgtw,2020
lasso_core_dgtw_fit756_val126,lasso,core,756,cap_spread_bp,-3.629397604977082,2.9388514446261094,-1.2349714415179724,0.21684113294460328,-9.389440592357765,2.130645382403601,253,253,0,5,dgtw,2020
enet_core_dgtw_fit756_val126,enet,core,756,rank_ic,0.039891857798511336,0.0046631062772273,8.554782033025242,1.1809165738985184e-17,0.03075233743906318,0.04903137815795949,253,253,0,5,dgtw,2020
enet_core_dgtw_fit756_val126,enet,core,756,ew_spread_bp,17.015291837951725,12.00992679949611,1.4167689880229428,0.15655047945289827,-6.52373214602305,40.5543158219265,253,253,0,5,dgtw,2020
enet_core_dgtw_fit756_val126,enet,core,756,cap_spread_bp,-3.629397604977082,2.9388514446261094,-1.2349714415179724,0.21684113294460328,-9.389440592357765,2.130645382403601,253,253,0,5,dgtw,2020
ols_all_dgtw_fit756_val126,ols,all,756,rank_ic,0.03889350546425138,0.004189209651153175,9.284210794641195,1.629099737269997e-20,0.030682805424303558,0.047104205504199206,253,253,0,5,dgtw,2020
ols_all_dgtw_fit756_val126,ols,all,756,ew_spread_bp,10.723866856566389,12.790688803034003,0.8384119902927076,0.4017993576461587,-14.34542253483999,35.79315624797277,253,253,0,5,dgtw,2020
ols_all_dgtw_fit756_val126,ols,all,756,cap_spread_bp,1.4579564363368482,3.6374696072329593,0.40081611498217373,0.6885555133910066,-5.671352988698809,8.587265861372504,253,253,0,5,dgtw,2020
ridge_all_dgtw_fit756_val126,ridge,all,756,rank_ic,0.03829359348181744,0.004340254680534986,8.822890890148713,1.11542018530748e-18,0.02978685062423747,0.04680033633939741,253,253,0,5,dgtw,2020
ridge_all_dgtw_fit756_val126,ridge,all,756,ew_spread_bp,6.826396537993466,12.750531766902462,0.5353813207785788,0.5923862039587247,-18.16418650886922,31.81697958485615,253,253,0,5,dgtw,2020
ridge_all_dgtw_fit756_val126,ridge,all,756,cap_spread_bp,1.0866348801723347,3.5806463059808658,0.30347450915699054,0.7615282708147828,-5.931302920926548,8.104572681271218,253,253,0,5,dgtw,2020
lasso_all_dgtw_fit756_val126,lasso,all,756,rank_ic,0.038733583871363615,0.004213309036665533,9.193150451175514,3.8150088843491207e-20,0.03047564990376202,0.04699151783896521,253,253,0,5,dgtw,2020
lasso_all_dgtw_fit756_val126,lasso,all,756,ew_spread_bp,10.814843241868507,12.923004224938262,0.8368675776642156,0.402667006733069,-14.513779611069443,36.143466094806456,253,253,0,5,dgtw,2020
lasso_all_dgtw_fit756_val126,lasso,all,756,cap_spread_bp,1.1574569535759844,3.737187269880224,0.30971339405559967,0.7567789163024485,-6.167295498870826,8.482209406022795,253,253,0,5,dgtw,2020
enet_all_dgtw_fit756_val126,enet,all,756,rank_ic,0.03872580848339957,0.004214822397226505,9.18800481578594,4.0019498411964774e-20,0.03046490838360285,0.04698670858319629,253,253,0,5,dgtw,2020
enet_all_dgtw_fit756_val126,enet,all,756,ew_spread_bp,10.79302914036493,12.920435393357783,0.8353456220146789,0.40352313729794087,-14.530558895192932,36.11661717592279,253,253,0,5,dgtw,2020
enet_all_dgtw_fit756_val126,enet,all,756,cap_spread_bp,1.2072942148820767,3.7576797957939223,0.3212871453904708,0.7479927969519496,-6.157622850307836,8.57221128007199,253,253,0,5,dgtw,2020
ols_textcore_dgtw_fit756_val126,ols,textcore,756,rank_ic,0.04779572095327663,0.004468143082699528,10.696998746154698,1.0512823030019357e-26,0.039038321433413785,0.05655312047313948,253,253,0,5,dgtw,2020
ols_textcore_dgtw_fit756_val126,ols,textcore,756,ew_spread_bp,21.358159350294546,11.817675217213342,1.8073063405215912,0.07071452797858468,-1.8040584564351647,44.52037715702426,253,253,0,5,dgtw,2020
ols_textcore_dgtw_fit756_val126,ols,textcore,756,cap_spread_bp,-3.001356850445951,6.996994095350242,-0.4289494616610384,0.6679600038438647,-16.71521327737184,10.71249957647994,253,253,0,5,dgtw,2020
ridge_textcore_dgtw_fit756_val126,ridge,textcore,756,rank_ic,0.04858474029957012,0.0046126706797264385,10.532887273550497,6.093619900588707e-26,0.03954407189476241,0.05762540870437783,253,253,0,5,dgtw,2020
ridge_textcore_dgtw_fit756_val126,ridge,textcore,756,ew_spread_bp,16.48265343203933,11.071263818027752,1.4887779482952985,0.13654585100979424,-5.216624914636473,38.18193177871514,253,253,0,5,dgtw,2020
ridge_textcore_dgtw_fit756_val126,ridge,textcore,756,cap_spread_bp,-1.9519649689520588,7.279623910591628,-0.26814090850380473,0.7885908579642485,-16.219765654708276,12.315835716804159,253,253,0,5,dgtw,2020
lasso_textcore_dgtw_fit756_val126,lasso,textcore,756,rank_ic,0.04798952802220565,0.004538228547369187,10.574506665166785,3.9123104160679384e-26,0.039094763515750516,0.056884292528660785,253,253,0,5,dgtw,2020
lasso_textcore_dgtw_fit756_val126,lasso,textcore,756,ew_spread_bp,20.58403879077452,11.750057332295246,1.7518245408215087,0.07980398300945435,-2.445650396804947,43.61372797835399,253,253,0,5,dgtw,2020
lasso_textcore_dgtw_fit756_val126,lasso,textcore,756,cap_spread_bp,3.801664812914715,7.60353129312257,0.49998673857676346,0.617084415257542,-11.100982676928787,18.70431230275822,253,253,0,5,dgtw,2020
enet_textcore_dgtw_fit756_val126,enet,textcore,756,rank_ic,0.047975124744295876,0.004537351865819718,10.573375431977588,3.9598052373630355e-26,0.039082078502103615,0.05686817098648814,253,253,0,5,dgtw,2020
enet_textcore_dgtw_fit756_val126,enet,textcore,756,ew_spread_bp,20.14879978659987,11.719100232418693,1.7193128642130728,0.08555741880361006,-2.8202146001557438,43.117814173355484,253,253,0,5,dgtw,2020
enet_textcore_dgtw_fit756_val126,enet,textcore,756,cap_spread_bp,3.394867572895578,7.782756912869896,0.4362037271499103,0.6626889239810683,-11.859055676759555,18.648790822550712,253,253,0,5,dgtw,2020
ols_textall_dgtw_fit756_val126,ols,textall,756,rank_ic,0.04686318676522972,0.0042725749024595285,10.96837102569055,5.424077547294074e-28,0.03848909383515931,0.05523727969530013,253,253,0,5,dgtw,2020
ols_textall_dgtw_fit756_val126,ols,textall,756,ew_spread_bp,16.795115760733783,13.12683454381761,1.2794490327939598,0.2007389765776707,-8.933007176165003,42.523238697632564,253,253,0,5,dgtw,2020
ols_textall_dgtw_fit756_val126,ols,textall,756,cap_spread_bp,-3.242820727952754,5.813761752846001,-0.5577835600788597,0.5769921900862881,-14.637584378227372,8.151942922321863,253,253,0,5,dgtw,2020
ridge_textall_dgtw_fit756_val126,ridge,textall,756,rank_ic,0.04734091551173202,0.00440955419000098,10.735986785031777,6.8978056736906e-27,0.03869834811145241,0.055983482912011634,253,253,0,5,dgtw,2020
ridge_textall_dgtw_fit756_val126,ridge,textall,756,ew_spread_bp,14.390474678887385,13.493517290158072,1.0664732085372237,0.2862097834080146,-12.056333234590943,40.83728259236571,253,253,0,5,dgtw,2020
ridge_textall_dgtw_fit756_val126,ridge,textall,756,cap_spread_bp,-1.8300315208098905,5.870710593727029,-0.31172231906054365,0.7552515643928587,-13.336412848172627,9.676349806552844,253,253,0,5,dgtw,2020
lasso_textall_dgtw_fit756_val126,lasso,textall,756,rank_ic,0.047053613821337374,0.0042944939456678165,10.956730738624964,6.168772873115079e-28,0.038636560356003144,0.055470667286671604,253,253,0,5,dgtw,2020
lasso_textall_dgtw_fit756_val126,lasso,textall,756,ew_spread_bp,15.319731989846163,13.242975956170735,1.1568194370018272,0.24734613892023827,-10.636023932378363,41.27548791207069,253,253,0,5,dgtw,2020
lasso_textall_dgtw_fit756_val126,lasso,textall,756,cap_spread_bp,-5.409472936315848,5.7755741918014705,-0.9366121456797647,0.3489581020944178,-16.72939034228576,5.910444469654064,253,253,0,5,dgtw,2020
enet_textall_dgtw_fit756_val126,enet,textall,756,rank_ic,0.04705353595760089,0.004295166579503107,10.954996758948601,6.288061987569904e-28,0.0386351641541747,0.055471907761027076,253,253,0,5,dgtw,2020
enet_textall_dgtw_fit756_val126,enet,textall,756,ew_spread_bp,15.405033929533902,13.233130391261172,1.1641262100543497,0.2443728683027404,-10.531425040060428,41.341492899128234,253,253,0,5,dgtw,2020
enet_textall_dgtw_fit756_val126,enet,textall,756,cap_spread_bp,-5.282259963512872,5.787060192553089,-0.9127708694494305,0.36136306213761404,-16.624689517282356,6.060169590256613,253,253,0,5,dgtw,2020
nn3_core_dgtw_fit504_val126,nn3,core,504,rank_ic,0.03780521744121842,0.004252158528829479,8.890829724456514,6.065426594582965e-19,0.029471139868157817,0.04613929501427902,253,253,0,5,dgtw,2020
nn3_core_dgtw_fit504_val126,nn3,core,504,ew_spread_bp,17.472364755394118,12.090335242596836,1.445151387848638,0.14841536745328704,-6.2242568811110175,41.16898639189925,253,253,0,5,dgtw,2020
nn3_core_dgtw_fit504_val126,nn3,core,504,cap_spread_bp,-4.839076742152093,3.569784436697616,-1.3555655328669343,0.1752374445778998,-11.835725670651026,2.1575721863468393,253,253,0,5,dgtw,2020
nn3_textcore_dgtw_fit504_val126,nn3,textcore,504,rank_ic,0.04937942379771486,0.004453963961132055,11.086624011471388,1.4568248456449088e-28,0.04064981484545667,0.05810903274997305,253,253,0,5,dgtw,2020
nn3_textcore_dgtw_fit504_val126,nn3,textcore,504,ew_spread_bp,14.72994362506122,13.22550250346066,1.1137530404766773,0.26538514781614464,-11.191564959165996,40.651452209288436,253,253,0,5,dgtw,2020
nn3_textcore_dgtw_fit504_val126,nn3,textcore,504,cap_spread_bp,-6.564333304219399,8.066992827080359,-0.8137274254395478,0.41580111918610474,-22.375348708839855,9.246682100401056,253,253,0,5,dgtw,2020
nn3_all_dgtw_fit504_val126,nn3,all,504,rank_ic,0.040434320351400335,0.004366219994308594,9.260715310750907,2.03067181014779e-20,0.03187668641397681,0.04899195428882386,253,253,0,5,dgtw,2020
nn3_all_dgtw_fit504_val126,nn3,all,504,ew_spread_bp,22.61404026733156,12.902892016257722,1.7526334591375121,0.07966494415639518,-2.6751633809429762,47.9032439156061,253,253,0,5,dgtw,2020
nn3_all_dgtw_fit504_val126,nn3,all,504,cap_spread_bp,-1.242748999235671,4.396289755075628,-0.2826813218580249,0.7774211355077884,-9.859318584786317,7.3738205863149755,253,253,0,5,dgtw,2020
nn3_textall_dgtw_fit504_val126,nn3,textall,504,rank_ic,0.04903817343254069,0.004716300560024951,10.397592945662744,2.5427521023872676e-25,0.039794394194625694,0.05828195267045568,253,253,0,5,dgtw,2020
nn3_textall_dgtw_fit504_val126,nn3,textall,504,ew_spread_bp,18.371004058846683,13.308792410113572,1.3803659635479966,0.16747399435839105,-7.713749742695942,44.45575786038931,253,253,0,5,dgtw,2020
nn3_textall_dgtw_fit504_val126,nn3,textall,504,cap_spread_bp,11.23130517743381,7.221977072466589,1.5551565817416642,0.11990878203453187,-2.9235097817747207,25.38612013664234,253,253,0,5,dgtw,2020
nn3_core_dgtw_fit252_val126,nn3,core,252,rank_ic,0.038771834966635145,0.0043076881190921516,9.000613297604827,2.244602426883812e-19,0.03032892139658344,0.04721474853668685,253,253,0,5,dgtw,2020
nn3_core_dgtw_fit252_val126,nn3,core,252,ew_spread_bp,21.84181121444702,12.49118766311398,1.748577621561566,0.08036405736187881,-2.6404667293874233,46.32408915828147,253,253,0,5,dgtw,2020
nn3_core_dgtw_fit252_val126,nn3,core,252,cap_spread_bp,-1.586456957240228,3.8557175190117055,-0.41145570167361933,0.6807384171648739,-9.143524429063302,5.970610514582846,253,253,0,5,dgtw,2020
nn3_textcore_dgtw_fit252_val126,nn3,textcore,252,rank_ic,0.04006012754773294,0.003794096973300412,10.558540762042096,4.638157764815387e-26,0.03262383412621171,0.047496420969254174,253,253,0,5,dgtw,2020
nn3_textcore_dgtw_fit252_val126,nn3,textcore,252,ew_spread_bp,4.1342230541606915,11.152554923037878,0.37069739469478963,0.7108629310334952,-17.724382930598424,25.99282903891981,253,253,0,5,dgtw,2020
nn3_textcore_dgtw_fit252_val126,nn3,textcore,252,cap_spread_bp,3.0750531500756497,4.93021434851523,0.6237159142992889,0.5328141697561233,-6.5879894090768065,12.738095709228107,253,253,0,5,dgtw,2020
nn3_all_dgtw_fit252_val126,nn3,all,252,rank_ic,0.035343925744136875,0.0038820644318189714,9.104415025789823,8.67325647875698e-20,0.027735219272107745,0.042952632216166006,253,253,0,5,dgtw,2020
nn3_all_dgtw_fit252_val126,nn3,all,252,ew_spread_bp,19.159996131982627,12.539688967075229,1.527948275454836,0.12652538082414053,-5.417342620819092,43.737334884784346,253,253,0,5,dgtw,2020
nn3_all_dgtw_fit252_val126,nn3,all,252,cap_spread_bp,4.369510008524638,4.239687736945087,1.0306207154003975,0.30271871782494375,-3.9401252615838596,12.679145278633136,253,253,0,5,dgtw,2020
nn3_textall_dgtw_fit252_val126,nn3,textall,252,rank_ic,0.041833276169378424,0.0035931558095369147,11.64248877222218,2.5059471546791867e-31,0.034790820191845206,0.04887573214691164,253,253,0,5,dgtw,2020
nn3_textall_dgtw_fit252_val126,nn3,textall,252,ew_spread_bp,13.43867196536584,12.24494563403379,1.0974872708306838,0.2724284421974017,-10.560980469991366,37.43832440072305,253,253,0,5,dgtw,2020
nn3_textall_dgtw_fit252_val126,nn3,textall,252,cap_spread_bp,1.6554311629193472,6.763210386668303,0.2447700231509206,0.8066345060292728,-11.600217614817739,14.911079940656434,253,253,0,5,dgtw,2020
nn3_core_dgtw_fit756_val126,nn3,core,756,rank_ic,0.03796766199546847,0.0042937248914521175,8.842593076015168,9.3522335000432e-19,0.02955211584869917,0.04638320814223777,253,253,0,5,dgtw,2020
nn3_core_dgtw_fit756_val126,nn3,core,756,ew_spread_bp,21.57283268819528,12.341062495599486,1.7480531109770827,0.08045483118648045,-2.6152053341377126,45.76087071052827,253,253,0,5,dgtw,2020
nn3_core_dgtw_fit756_val126,nn3,core,756,cap_spread_bp,-2.9560677023957735,2.782194963046581,-1.062494807753802,0.28801111390831835,-8.40906962793582,2.4969342231442724,253,253,0,5,dgtw,2020
nn3_textcore_dgtw_fit756_val126,nn3,textcore,756,rank_ic,0.051320795664974564,0.004364076391407822,11.759829815540607,6.286087107472463e-32,0.04276736311203371,0.059874228217915416,253,253,0,5,dgtw,2020
nn3_textcore_dgtw_fit756_val126,nn3,textcore,756,ew_spread_bp,18.541174114146376,13.024237512084046,1.423589987278998,0.15456519598337853,-6.985862335633911,44.06821056392666,253,253,0,5,dgtw,2020
nn3_textcore_dgtw_fit756_val126,nn3,textcore,756,cap_spread_bp,-4.205726423501015,8.137380354074217,-0.5168403393354097,0.6052676177482146,-20.154698845990275,11.743245998988243,253,253,0,5,dgtw,2020
nn3_all_dgtw_fit756_val126,nn3,all,756,rank_ic,0.042040563904028896,0.004460554001229395,9.424964677580832,4.3025035808157175e-21,0.03329803871052325,0.05078308909753454,253,253,0,5,dgtw,2020
nn3_all_dgtw_fit756_val126,nn3,all,756,ew_spread_bp,22.350543036985428,12.942781856850013,1.726873193428376,0.0841904396879965,-3.0168432621990426,47.7179293361699,253,253,0,5,dgtw,2020
nn3_all_dgtw_fit756_val126,nn3,all,756,cap_spread_bp,-0.0481533522827296,4.822634658436213,-0.009984864227377281,0.9920333633671269,-9.500343593412333,9.404036888846873,253,253,0,5,dgtw,2020
nn3_textall_dgtw_fit756_val126,nn3,textall,756,rank_ic,0.051955397567439186,0.00486188051853502,10.68627609612553,1.1801474894990939e-26,0.04242628685397362,0.06148450828090475,253,253,0,5,dgtw,2020
nn3_textall_dgtw_fit756_val126,nn3,textall,756,ew_spread_bp,18.34308968196414,14.153644516108482,1.2959976252821375,0.19497630303277624,-9.397543819591323,46.08372318351961,253,253,0,5,dgtw,2020
nn3_textall_dgtw_fit756_val126,nn3,textall,756,cap_spread_bp,11.995890803970111,8.628543594195973,1.3902567302365139,0.16445093214998063,-4.915743879687787,28.907525487628007,253,253,0,5,dgtw,2020
ols_core_dgtw_fit504_val126,ols,core,504,rank_ic,0.046635964404459745,0.008241083398657634,5.658960375532195,1.522927088412788e-08,0.030483737749499838,0.06278819105941966,252,252,0,5,dgtw,2021
ols_core_dgtw_fit504_val126,ols,core,504,ew_spread_bp,19.816154993402794,12.672129424132953,1.563758886147791,0.11787420292454112,-5.0207622853280895,44.65307227213368,252,252,0,5,dgtw,2021
ols_core_dgtw_fit504_val126,ols,core,504,cap_spread_bp,-0.7276059444589186,2.476209713937256,-0.29383857932695084,0.7688812536630654,-5.58088780194417,4.125675913026333,252,252,0,5,dgtw,2021
ridge_core_dgtw_fit504_val126,ridge,core,504,rank_ic,0.04686387553775835,0.008270695246755807,5.666255875664235,1.459515246277485e-08,0.030653610727010356,0.06307414034850635,252,252,0,5,dgtw,2021
ridge_core_dgtw_fit504_val126,ridge,core,504,ew_spread_bp,20.323782628333174,12.710886586878178,1.5989272258407223,0.10983677372485041,-4.589097293521309,45.23666255018766,252,252,0,5,dgtw,2021
ridge_core_dgtw_fit504_val126,ridge,core,504,cap_spread_bp,-1.0322314990427721,2.4744688682128047,-0.4171527523756262,0.6765666816030423,-5.882101361605458,3.8176383635199143,252,252,0,5,dgtw,2021
lasso_core_dgtw_fit504_val126,lasso,core,504,rank_ic,0.04693318053417177,0.008283591908166424,5.665800664069706,1.4633957251128133e-08,0.030697638731538152,0.06316872233680539,252,252,0,5,dgtw,2021
lasso_core_dgtw_fit504_val126,lasso,core,504,ew_spread_bp,20.795659374277253,12.696577872829312,1.63789483926846,0.10144363271363975,-4.089175983376368,45.68049473193088,252,252,0,5,dgtw,2021
lasso_core_dgtw_fit504_val126,lasso,core,504,cap_spread_bp,-1.0131841765451464,2.4616379138941014,-0.41158944247099905,0.6806403711594278,-5.837905830755895,3.8115374776656026,252,252,0,5,dgtw,2021
enet_core_dgtw_fit504_val126,enet,core,504,rank_ic,0.04693318152705037,0.008283587619420602,5.665803717343081,1.4633696639442378e-08,0.03069764813020411,0.06316871492389664,252,252,0,5,dgtw,2021
enet_core_dgtw_fit504_val126,enet,core,504,ew_spread_bp,20.795659374277253,12.696577872829312,1.63789483926846,0.10144363271363975,-4.089175983376368,45.68049473193088,252,252,0,5,dgtw,2021
enet_core_dgtw_fit504_val126,enet,core,504,cap_spread_bp,-1.0131841765451464,2.4616379138941014,-0.41158944247099905,0.6806403711594278,-5.837905830755895,3.8115374776656026,252,252,0,5,dgtw,2021
ols_all_dgtw_fit504_val126,ols,all,504,rank_ic,0.043043983761174937,0.00698165822435152,6.165295174581968,7.035178135155715e-10,0.029360185089078093,0.056727782433271784,252,252,0,5,dgtw,2021
ols_all_dgtw_fit504_val126,ols,all,504,ew_spread_bp,25.965940886463244,12.476872870592167,2.081125708002094,0.03742240131755645,1.511719420417716,50.42016235250877,252,252,0,5,dgtw,2021
ols_all_dgtw_fit504_val126,ols,all,504,cap_spread_bp,1.2673330981216924,3.3876591464583643,0.37410289622751114,0.7083277640178789,-5.372356820834401,7.907023017077787,252,252,0,5,dgtw,2021
ridge_all_dgtw_fit504_val126,ridge,all,504,rank_ic,0.04384978469895089,0.007555738331476499,5.803507582611323,6.494181456621364e-09,0.029040809692648193,0.058658759705253596,252,252,0,5,dgtw,2021
ridge_all_dgtw_fit504_val126,ridge,all,504,ew_spread_bp,20.34225114958357,12.964463380330253,1.569077759164867,0.11662982142106015,-5.0676301547521305,45.75213245391927,252,252,0,5,dgtw,2021
ridge_all_dgtw_fit504_val126,ridge,all,504,cap_spread_bp,-1.978244851527075,3.286686422512637,-0.601896438302358,0.5472430752450281,-8.420031868128639,4.463542165074489,252,252,0,5,dgtw,2021
lasso_all_dgtw_fit504_val126,lasso,all,504,rank_ic,0.044528264173824716,0.007703014003379372,5.780628745357314,7.442195937322122e-09,0.02943063415479345,0.05962589419285598,252,252,0,5,dgtw,2021
lasso_all_dgtw_fit504_val126,lasso,all,504,ew_spread_bp,21.93565429667127,12.77922611116052,1.7165088171899656,0.08606895557714186,-3.111168631497204,46.98247722483974,252,252,0,5,dgtw,2021
lasso_all_dgtw_fit504_val126,lasso,all,504,cap_spread_bp,-0.051054906636951426,2.9007205104473295,-0.01760076727594762,0.9859573445746833,-5.736362636330359,5.634252823056457,252,252,0,5,dgtw,2021
enet_all_dgtw_fit504_val126,enet,all,504,rank_ic,0.04454087589724709,0.0077035953894037034,5.781829606278786,7.3892532596494065e-09,0.029442106382547018,0.05963964541194716,252,252,0,5,dgtw,2021
enet_all_dgtw_fit504_val126,enet,all,504,ew_spread_bp,22.441750620761148,12.820741494117028,1.7504253268860348,0.08004494891005558,-2.6864409628064685,47.56994220432877,252,252,0,5,dgtw,2021
enet_all_dgtw_fit504_val126,enet,all,504,cap_spread_bp,0.014420666603058237,2.9020300735421456,0.004969165114631887,0.9960351961918488,-5.673453759591672,5.7022950927977885,252,252,0,5,dgtw,2021
ols_textcore_dgtw_fit504_val126,ols,textcore,504,rank_ic,0.04652679301414243,0.007017882755339919,6.629747836516663,3.362608093121444e-11,0.032771995565951464,0.06028159046233339,252,252,0,5,dgtw,2021
ols_textcore_dgtw_fit504_val126,ols,textcore,504,ew_spread_bp,22.932999961115645,12.122120266425233,1.8918307570857404,0.058513533888613446,-0.8259191773408965,46.69191909957219,252,252,0,5,dgtw,2021
ols_textcore_dgtw_fit504_val126,ols,textcore,504,cap_spread_bp,5.2649554038844,9.225309921037873,0.5707076996814952,0.5681977985953803,-12.816319787569881,23.34623059533868,252,252,0,5,dgtw,2021
ridge_textcore_dgtw_fit504_val126,ridge,textcore,504,rank_ic,0.04799139367634797,0.007564316901389295,6.344445149770716,2.232284996090612e-10,0.033165604981977334,0.06281718237071861,252,252,0,5,dgtw,2021
ridge_textcore_dgtw_fit504_val126,ridge,textcore,504,ew_spread_bp,19.236008457938187,11.975964241641837,1.606217926991826,0.10822603580303548,-4.236450135819354,42.70846705169573,252,252,0,5,dgtw,2021
ridge_textcore_dgtw_fit504_val126,ridge,textcore,504,cap_spread_bp,-4.061166935094064,9.339727990063633,-0.43482711053412537,0.6636879249848149,-22.366697421019452,14.244363550831324,252,252,0,5,dgtw,2021
lasso_textcore_dgtw_fit504_val126,lasso,textcore,504,rank_ic,0.04774925830196775,0.007447319233974,6.4116035316627675,1.4399691734013568e-10,0.03315278082200629,0.062345735781929215,252,252,0,5,dgtw,2021
lasso_textcore_dgtw_fit504_val126,lasso,textcore,504,ew_spread_bp,21.75016293133594,12.520559804655255,1.737155787814618,0.08235967643098464,-2.789683352068213,46.290009214740095,252,252,0,5,dgtw,2021
lasso_textcore_dgtw_fit504_val126,lasso,textcore,504,cap_spread_bp,-6.299376086641121,9.045779177502432,-0.6963884440500346,0.48618559802285766,-24.02877748664824,11.430025313365999,252,252,0,5,dgtw,2021
enet_textcore_dgtw_fit504_val126,enet,textcore,504,rank_ic,0.0477809358216963,0.007457495533425026,6.4071021709015765,1.4831143733867967e-10,0.033164513161314926,0.06239735848207767,252,252,0,5,dgtw,2021
enet_textcore_dgtw_fit504_val126,enet,textcore,504,ew_spread_bp,21.689669980359593,12.466222713605362,1.7398750590816867,0.08188095898580311,-2.743677561562098,46.12301752228129,252,252,0,5,dgtw,2021
enet_textcore_dgtw_fit504_val126,enet,textcore,504,cap_spread_bp,-6.8604668256102626,9.063632929522159,-0.7569224039583817,0.44909635211767385,-24.624860936564957,10.90392728534443,252,252,0,5,dgtw,2021
ols_textall_dgtw_fit504_val126,ols,textall,504,rank_ic,0.04497952106137721,0.006465026439789424,6.957360728573024,3.467064084080001e-12,0.03230830208029073,0.05765074004246369,252,252,0,5,dgtw,2021
ols_textall_dgtw_fit504_val126,ols,textall,504,ew_spread_bp,23.80411063130155,11.974239567822783,1.9879434093892723,0.04681794907023749,0.33503233611443406,47.27318892648867,252,252,0,5,dgtw,2021
ols_textall_dgtw_fit504_val126,ols,textall,504,cap_spread_bp,7.586013822521028,5.028191227948573,1.5086963638843163,0.13137639518540767,-2.2690598916384053,17.44108753668046,252,252,0,5,dgtw,2021
ridge_textall_dgtw_fit504_val126,ridge,textall,504,rank_ic,0.046656424915802595,0.007383171131340858,6.31929344259007,2.627619061571877e-10,0.03218567540667867,0.061127174424926524,252,252,0,5,dgtw,2021
ridge_textall_dgtw_fit504_val126,ridge,textall,504,ew_spread_bp,20.312599571677627,12.926381028681414,1.571406531078379,0.1160882499129938,-5.022641694979761,45.647840838335014,252,252,0,5,dgtw,2021
ridge_textall_dgtw_fit504_val126,ridge,textall,504,cap_spread_bp,4.852334017494213,4.513508275544351,1.0750692634786403,0.28234371935518077,-3.9939796464962,13.698647681484626,252,252,0,5,dgtw,2021
lasso_textall_dgtw_fit504_val126,lasso,textall,504,rank_ic,0.04486603258549683,0.006785481028564703,6.612063668975743,3.789989154864292e-11,0.03156673415173021,0.05816533101926345,252,252,0,5,dgtw,2021
lasso_textall_dgtw_fit504_val126,lasso,textall,504,ew_spread_bp,24.44870146686938,12.299162528648727,1.9878346521497254,0.04682997993592093,0.3427858707132927,48.55461706302547,252,252,0,5,dgtw,2021
lasso_textall_dgtw_fit504_val126,lasso,textall,504,cap_spread_bp,5.782095646606348,4.475300305364306,1.292001709846299,0.19635655245639783,-2.9893317719087973,14.553523065121492,252,252,0,5,dgtw,2021
enet_textall_dgtw_fit504_val126,enet,textall,504,rank_ic,0.044876619118153944,0.006787488500466737,6.611667793627648,3.8001404858656244e-11,0.03157338611175936,0.05817985212454853,252,252,0,5,dgtw,2021
enet_textall_dgtw_fit504_val126,enet,textall,504,ew_spread_bp,24.494764073268612,12.355339980729537,1.9825244883162079,0.047420569386640764,0.27874269429091214,48.71078545224631,252,252,0,5,dgtw,2021
enet_textall_dgtw_fit504_val126,enet,textall,504,cap_spread_bp,6.114268671207493,4.473490892381274,1.3667779410528365,0.1716949190296494,-2.65361236302775,14.882149705442735,252,252,0,5,dgtw,2021
ols_core_dgtw_fit252_val126,ols,core,252,rank_ic,0.04655897714074843,0.00810322395902831,5.745734953909815,9.152257340549943e-09,0.030676950022390872,0.06244100425910598,252,252,0,5,dgtw,2021
ols_core_dgtw_fit252_val126,ols,core,252,ew_spread_bp,19.86744042970951,11.824819780165583,1.6801474186553147,0.09292863683638394,-3.308780463091871,43.04366132251089,252,252,0,5,dgtw,2021
ols_core_dgtw_fit252_val126,ols,core,252,cap_spread_bp,-0.24141730874031686,2.4306491487848167,-0.09932215386207074,0.9208824891466307,-5.005402099411497,4.522567481930863,252,252,0,5,dgtw,2021
ridge_core_dgtw_fit252_val126,ridge,core,252,rank_ic,0.0464558885616634,0.008099689490626444,5.735514752192113,9.721662948280034e-09,0.03058078887407799,0.062330988249248806,252,252,0,5,dgtw,2021
ridge_core_dgtw_fit252_val126,ridge,core,252,ew_spread_bp,19.84494555471148,11.826492194095032,1.6780077498059875,0.09334558611492416,-3.334553209158866,43.02444431858183,252,252,0,5,dgtw,2021
ridge_core_dgtw_fit252_val126,ridge,core,252,cap_spread_bp,-0.43989617383609514,2.4165681023200993,-0.1820334272449262,0.8555564929867506,-5.176282620571794,4.296490272899604,252,252,0,5,dgtw,2021
lasso_core_dgtw_fit252_val126,lasso,core,252,rank_ic,0.04690678259085776,0.008234970112547818,5.6960477026364424,1.226165834947504e-08,0.030766537756500283,0.06304702742521523,252,252,0,5,dgtw,2021
lasso_core_dgtw_fit252_val126,lasso,core,252,ew_spread_bp,20.779298031950358,12.108377811710461,1.7161091564101945,0.08614206567742337,-2.9526863902060576,44.51128245410678,252,252,0,5,dgtw,2021
lasso_core_dgtw_fit252_val126,lasso,core,252,cap_spread_bp,-0.6049774575729232,2.4268498184320855,-0.24928508265244897,0.8031402694860656,-5.361515697587381,4.151560782441534,252,252,0,5,dgtw,2021
enet_core_dgtw_fit252_val126,enet,core,252,rank_ic,0.04690675509336163,0.008234974097228415,5.696041607362031,1.2262096483962814e-08,0.030766502449173692,0.06304700773754957,252,252,0,5,dgtw,2021
enet_core_dgtw_fit252_val126,enet,core,252,ew_spread_bp,20.779298031950358,12.108377811710461,1.7161091564101945,0.08614206567742337,-2.9526863902060576,44.51128245410678,252,252,0,5,dgtw,2021
enet_core_dgtw_fit252_val126,enet,core,252,cap_spread_bp,-0.6049774575729232,2.4268498184320855,-0.24928508265244897,0.8031402694860656,-5.361515697587381,4.151560782441534,252,252,0,5,dgtw,2021
ols_all_dgtw_fit252_val126,ols,all,252,rank_ic,0.037478710769103356,0.005821794876738842,6.437655665068291,1.2133286436383964e-10,0.026068202485315422,0.048889219052891286,252,252,0,5,dgtw,2021
ols_all_dgtw_fit252_val126,ols,all,252,ew_spread_bp,27.704278454561308,11.110751322032135,2.493465801869306,0.012650276967125696,5.9276060221975335,49.480950886925086,252,252,0,5,dgtw,2021
ols_all_dgtw_fit252_val126,ols,all,252,cap_spread_bp,1.1259998971549334,3.041382702172418,0.3702263106680547,0.7112138741419125,-4.835000662306116,7.087000456615983,252,252,0,5,dgtw,2021
ridge_all_dgtw_fit252_val126,ridge,all,252,rank_ic,0.042379996782061495,0.007033528088447483,6.025425113702229,1.6866569995419913e-09,0.028594535044453577,0.05616545851966941,252,252,0,5,dgtw,2021
ridge_all_dgtw_fit252_val126,ridge,all,252,ew_spread_bp,22.31802716840096,11.384190399982467,1.9604404339930341,0.04994433375430746,0.005423991288690644,44.630630345513225,252,252,0,5,dgtw,2021
ridge_all_dgtw_fit252_val126,ridge,all,252,cap_spread_bp,-1.925174443542462,2.7426553381924177,-0.7019381607064317,0.48271772930392054,-7.300680128406123,3.4503312413211984,252,252,0,5,dgtw,2021
lasso_all_dgtw_fit252_val126,lasso,all,252,rank_ic,0.041428860025063484,0.006956909106787527,5.95506702605088,2.5996526519775583e-09,0.027793568732041217,0.05506415131808575,252,252,0,5,dgtw,2021
lasso_all_dgtw_fit252_val126,lasso,all,252,ew_spread_bp,22.279385739466406,11.927065983464075,1.8679686831912388,0.06176643620229506,-1.097234029355981,45.65600550828879,252,252,0,5,dgtw,2021
lasso_all_dgtw_fit252_val126,lasso,all,252,cap_spread_bp,-3.0742898999055597,2.8064069598721897,-1.0954540606062244,0.2733177611394342,-8.574746467217595,2.4261666674064766,252,252,0,5,dgtw,2021
enet_all_dgtw_fit252_val126,enet,all,252,rank_ic,0.04151233926440694,0.006970836496984674,5.9551445916661,2.598419959426518e-09,0.02784975078819963,0.055174927740614256,252,252,0,5,dgtw,2021
enet_all_dgtw_fit252_val126,enet,all,252,ew_spread_bp,23.07215657405232,11.941011497914882,1.9321777370435609,0.053337572049710034,-0.33179590083953414,46.47610904894417,252,252,0,5,dgtw,2021
enet_all_dgtw_fit252_val126,enet,all,252,cap_spread_bp,-2.76929231792771,2.641843146934523,-1.0482425200531202,0.2945268848463093,-7.947209738723333,2.408625102867913,252,252,0,5,dgtw,2021
ols_textcore_dgtw_fit252_val126,ols,textcore,252,rank_ic,0.044784176569655346,0.006508361306080865,6.881021883006523,5.9424721003179845e-12,0.032028022811362786,0.057540330327947906,252,252,0,5,dgtw,2021
ols_textcore_dgtw_fit252_val126,ols,textcore,252,ew_spread_bp,19.989170422731735,10.986962136023212,1.8193537190041613,0.06885748269141512,-1.5448796633790245,41.5232205088425,252,252,0,5,dgtw,2021
ols_textcore_dgtw_fit252_val126,ols,textcore,252,cap_spread_bp,9.104986340437861,6.581516366803516,1.383417716069577,0.1665368214739511,-3.794548702157938,22.004521383033662,252,252,0,5,dgtw,2021
ridge_textcore_dgtw_fit252_val126,ridge,textcore,252,rank_ic,0.04631312135918264,0.006972814268266238,6.641955396683499,3.095486495237875e-11,0.0326466565224938,0.05997958619587148,252,252,0,5,dgtw,2021
ridge_textcore_dgtw_fit252_val126,ridge,textcore,252,ew_spread_bp,12.928140233664754,11.549748512429511,1.1193438731373118,0.26299346560618464,-9.708950881192154,35.565231348521664,252,252,0,5,dgtw,2021
ridge_textcore_dgtw_fit252_val126,ridge,textcore,252,cap_spread_bp,5.268031044495061,6.588999996522877,0.7995190540711924,0.4239895027153524,-7.646171642824319,18.182233731814442,252,252,0,5,dgtw,2021
lasso_textcore_dgtw_fit252_val126,lasso,textcore,252,rank_ic,0.04622844969080846,0.007038336379134056,6.568093253948181,5.096362289171238e-11,0.03243356387662766,0.060023335504989256,252,252,0,5,dgtw,2021
lasso_textcore_dgtw_fit252_val126,lasso,textcore,252,ew_spread_bp,19.741633856090193,12.124075059265596,1.6283002010122842,0.1034612468924964,-4.021116605930697,43.50438431811108,252,252,0,5,dgtw,2021
lasso_textcore_dgtw_fit252_val126,lasso,textcore,252,cap_spread_bp,2.9886553002729537,6.704787225077247,0.4457494622789496,0.6557782312600801,-10.1524861848827,16.129796785428606,252,252,0,5,dgtw,2021
enet_textcore_dgtw_fit252_val126,enet,textcore,252,rank_ic,0.046223143507932454,0.007081363680878013,6.52743533463053,6.690537717552942e-11,0.03234392573198156,0.06010236128388335,252,252,0,5,dgtw,2021
enet_textcore_dgtw_fit252_val126,enet,textcore,252,ew_spread_bp,19.94132650807368,12.128405538888213,1.644183684667726,0.10013826601016461,-3.829911538043323,43.71256455419068,252,252,0,5,dgtw,2021
enet_textcore_dgtw_fit252_val126,enet,textcore,252,cap_spread_bp,4.145836304491702,6.689010337190323,0.6197981607893784,0.5353906797135946,-8.964383048617455,17.25605565760086,252,252,0,5,dgtw,2021
ols_textall_dgtw_fit252_val126,ols,textall,252,rank_ic,0.04077242965025116,0.005446672120598821,7.4857507019843395,7.113931982342968e-14,0.030097148458279065,0.05144771084222325,252,252,0,5,dgtw,2021
ols_textall_dgtw_fit252_val126,ols,textall,252,ew_spread_bp,26.009334737572967,10.819822741680227,2.403859597198349,0.016223002716016184,4.802871844772298,47.215797630373636,252,252,0,5,dgtw,2021
ols_textall_dgtw_fit252_val126,ols,textall,252,cap_spread_bp,6.046923115545803,4.875233925769592,1.2403349680479692,0.21485152371870386,-3.508359795170418,15.602206026262024,252,252,0,5,dgtw,2021
ridge_textall_dgtw_fit252_val126,ridge,textall,252,rank_ic,0.04392814160375182,0.006788524387016244,6.470941120542919,9.739438349364637e-11,0.030622878297028137,0.05723340491047551,252,252,0,5,dgtw,2021
ridge_textall_dgtw_fit252_val126,ridge,textall,252,ew_spread_bp,20.36376034985423,12.188029384374122,1.6708000701050119,0.09476117470223701,-3.5243382860349364,44.2518589857434,252,252,0,5,dgtw,2021
ridge_textall_dgtw_fit252_val126,ridge,textall,252,cap_spread_bp,4.7197855828359145,4.948783937630539,0.9537263380901878,0.3402221845307525,-4.979652702190256,14.419223867862085,252,252,0,5,dgtw,2021
lasso_textall_dgtw_fit252_val126,lasso,textall,252,rank_ic,0.04042371546657106,0.005917079389628313,6.831700709885238,8.391377978576328e-12,0.02882645296923532,0.0520209779639068,252,252,0,5,dgtw,2021
lasso_textall_dgtw_fit252_val126,lasso,textall,252,ew_spread_bp,21.66310508436633,11.591762276690861,1.8688362103428648,0.06164560534622109,-1.0563314952977798,44.38254166403044,252,252,0,5,dgtw,2021
lasso_textall_dgtw_fit252_val126,lasso,textall,252,cap_spread_bp,6.157460200850215,4.590057522499732,1.3414777855543911,0.17976537745934396,-2.838887230216409,15.15380763191684,252,252,0,5,dgtw,2021
enet_textall_dgtw_fit252_val126,enet,textall,252,rank_ic,0.04044287472919801,0.005923932489761128,6.827031671798947,8.668956265435194e-12,0.028832180402419506,0.052053569055976516,252,252,0,5,dgtw,2021
enet_textall_dgtw_fit252_val126,enet,textall,252,ew_spread_bp,21.608594508090395,11.546426745809903,1.8714529597593441,0.06128232417124594,-1.0219860638270326,44.239175080007826,252,252,0,5,dgtw,2021
enet_textall_dgtw_fit252_val126,enet,textall,252,cap_spread_bp,5.877166326460791,4.599791569742262,1.2777027474725564,0.20135425612434144,-3.138259486625002,14.892592139546583,252,252,0,5,dgtw,2021
ols_core_dgtw_fit756_val126,ols,core,756,rank_ic,0.046716416290016625,0.008234376558802891,5.673339803737155,1.4004005648554573e-08,0.030577334799622092,0.06285549778041116,252,252,0,5,dgtw,2021
ols_core_dgtw_fit756_val126,ols,core,756,ew_spread_bp,20.05398326781042,12.67169059851402,1.5825815120645468,0.1135168801177334,-4.782073928511863,44.8900404641327,252,252,0,5,dgtw,2021
ols_core_dgtw_fit756_val126,ols,core,756,cap_spread_bp,-0.6190671731431387,2.4402732335379653,-0.25368764638113933,0.7997368786753906,-5.401914823314652,4.163780477028373,252,252,0,5,dgtw,2021
ridge_core_dgtw_fit756_val126,ridge,core,756,rank_ic,0.04671751946578403,0.00823557184498132,5.672650344766677,1.4060502813332017e-08,0.030576095257528555,0.0628589436740395,252,252,0,5,dgtw,2021
ridge_core_dgtw_fit756_val126,ridge,core,756,ew_spread_bp,19.918287076221336,12.6568905485464,1.5737109363333226,0.11555429233917057,-4.888762555195015,44.72533670763769,252,252,0,5,dgtw,2021
ridge_core_dgtw_fit756_val126,ridge,core,756,cap_spread_bp,-0.6493649994425055,2.438486429608244,-0.26629838557142577,0.790009416354026,-5.4287105782643295,4.129980579379318,252,252,0,5,dgtw,2021
lasso_core_dgtw_fit756_val126,lasso,core,756,rank_ic,0.046859912217984356,0.008265720060883624,5.669186939894373,1.4347675320655735e-08,0.030659398592362233,0.06306042584360648,252,252,0,5,dgtw,2021
lasso_core_dgtw_fit756_val126,lasso,core,756,ew_spread_bp,20.38805107689335,12.664487583809507,1.60985992855785,0.1074284386753561,-4.43388847002797,45.209990623814676,252,252,0,5,dgtw,2021
lasso_core_dgtw_fit756_val126,lasso,core,756,cap_spread_bp,-0.8819046485915725,2.438617500725858,-0.3616412366142178,0.7176201450787931,-5.661507122083334,3.8976978249001886,252,252,0,5,dgtw,2021
enet_core_dgtw_fit756_val126,enet,core,756,rank_ic,0.04685725104490813,0.008266044921702945,5.668642196932889,1.4393358832946806e-08,0.030656100703780144,0.0630584013860361,252,252,0,5,dgtw,2021
enet_core_dgtw_fit756_val126,enet,core,756,ew_spread_bp,20.320087935373753,12.662490083567203,1.604746602071912,0.1085495816154164,-4.497936583013544,45.13811245376105,252,252,0,5,dgtw,2021
enet_core_dgtw_fit756_val126,enet,core,756,cap_spread_bp,-0.883589623565562,2.4398401929537408,-0.36215061384650077,0.7172394825718598,-5.665588529788151,3.8984092826570262,252,252,0,5,dgtw,2021
ols_all_dgtw_fit756_val126,ols,all,756,rank_ic,0.0444903093136136,0.007391487231925115,6.0191282102811785,1.7535893654610354e-09,0.030003260546852716,0.05897735808037448,252,252,0,5,dgtw,2021
ols_all_dgtw_fit756_val126,ols,all,756,ew_spread_bp,26.525207091422985,12.911658765964019,2.0543609130490013,0.03994077320016853,1.2188209294626304,51.83159325338334,252,252,0,5,dgtw,2021
ols_all_dgtw_fit756_val126,ols,all,756,cap_spread_bp,0.590474996932025,3.1109796795453275,0.18980355314256614,0.8494630715058422,-5.506933131612775,6.687883125476826,252,252,0,5,dgtw,2021
ridge_all_dgtw_fit756_val126,ridge,all,756,rank_ic,0.04484312100997504,0.00794033722553213,5.647508378583988,1.6278990435248482e-08,0.02928034602282937,0.060405895997120714,252,252,0,5,dgtw,2021
ridge_all_dgtw_fit756_val126,ridge,all,756,ew_spread_bp,19.582722062544033,13.542701032369486,1.445998255129299,0.1481776912191918,-6.960484214293569,46.12592833938163,252,252,0,5,dgtw,2021
ridge_all_dgtw_fit756_val126,ridge,all,756,cap_spread_bp,-1.8108659267642955,2.9651883058819455,-0.6107085756314838,0.5413925277289231,-7.622528213672246,4.000796360143656,252,252,0,5,dgtw,2021
lasso_all_dgtw_fit756_val126,lasso,all,756,rank_ic,0.04509039664270497,0.007939785657653863,5.679044572096016,1.3544918379900289e-08,0.029528702708735734,0.06065209057667421,252,252,0,5,dgtw,2021
lasso_all_dgtw_fit756_val126,lasso,all,756,ew_spread_bp,21.047969774346324,13.030086760723265,1.6153361186965733,0.10623792594128076,-4.4905309921034515,46.5864705407961,252,252,0,5,dgtw,2021
lasso_all_dgtw_fit756_val126,lasso,all,756,cap_spread_bp,-0.5156837419241662,2.8195871974663587,-0.18289334778777275,0.8548817025580819,-6.041973100228455,5.010605616380122,252,252,0,5,dgtw,2021
enet_all_dgtw_fit756_val126,enet,all,756,rank_ic,0.045089671034574536,0.007941681463698884,5.677597526503381,1.3659964857100354e-08,0.029524261389035383,0.06065508068011369,252,252,0,5,dgtw,2021
enet_all_dgtw_fit756_val126,enet,all,756,ew_spread_bp,20.425271824903884,13.045919543418849,1.5656444727353562,0.11743187238589074,-5.144260625404286,45.994804275212054,252,252,0,5,dgtw,2021
enet_all_dgtw_fit756_val126,enet,all,756,cap_spread_bp,-0.9041215184133551,2.794814673435583,-0.3234996320174408,0.7463168861671333,-6.38185762181117,4.57361458498446,252,252,0,5,dgtw,2021
ols_textcore_dgtw_fit756_val126,ols,textcore,756,rank_ic,0.048640114015174936,0.0073088944725303905,6.654920822565302,2.8345260450802892e-11,0.034314944082211495,0.06296528394813838,252,252,0,5,dgtw,2021
ols_textcore_dgtw_fit756_val126,ols,textcore,756,ew_spread_bp,22.30059318309153,12.664594387605492,1.760861224652922,0.07826189421997806,-2.521555695423338,47.122742061606395,252,252,0,5,dgtw,2021
ols_textcore_dgtw_fit756_val126,ols,textcore,756,cap_spread_bp,13.829381252331391,10.21068613538819,1.3544027373832919,0.17560792476821563,-6.183195830471931,33.84195833513471,252,252,0,5,dgtw,2021
ridge_textcore_dgtw_fit756_val126,ridge,textcore,756,rank_ic,0.04961619300145086,0.007767641625518105,6.387549193625606,1.6856539125498427e-10,0.03439189517062122,0.06484049083228051,252,252,0,5,dgtw,2021
ridge_textcore_dgtw_fit756_val126,ridge,textcore,756,ew_spread_bp,17.80097795227456,12.94525963551562,1.375096247852547,0.16910160748176406,-7.571264703856162,43.17322060840529,252,252,0,5,dgtw,2021
ridge_textcore_dgtw_fit756_val126,ridge,textcore,756,cap_spread_bp,10.512627460698688,10.331393236961931,1.0175420893949103,0.3088956203136971,-9.736531193867386,30.761786115264762,252,252,0,5,dgtw,2021
lasso_textcore_dgtw_fit756_val126,lasso,textcore,756,rank_ic,0.04926584736495156,0.007547418397350141,6.527509775030961,6.687214480795657e-11,0.034473179129890265,0.06405851560001286,252,252,0,5,dgtw,2021
lasso_textcore_dgtw_fit756_val126,lasso,textcore,756,ew_spread_bp,18.66062949031871,13.07403241322767,1.4273048207711947,0.15349205167342916,-6.964003172316815,44.28526215295423,252,252,0,5,dgtw,2021
lasso_textcore_dgtw_fit756_val126,lasso,textcore,756,cap_spread_bp,4.87403602460149,9.324363792322124,0.5227204915165229,0.6011687761429119,-13.40138118709919,23.149453236302172,252,252,0,5,dgtw,2021
enet_textcore_dgtw_fit756_val126,enet,textcore,756,rank_ic,0.049294012681053226,0.007552237205865648,6.527074208258145,6.706682390564882e-11,0.034491899754853145,0.06409612560725331,252,252,0,5,dgtw,2021
enet_textcore_dgtw_fit756_val126,enet,textcore,756,ew_spread_bp,18.661969095182513,13.065794446755085,1.428307262235956,0.15320343846487555,-6.946517449860895,44.27045564022592,252,252,0,5,dgtw,2021
enet_textcore_dgtw_fit756_val126,enet,textcore,756,cap_spread_bp,4.489011967657561,9.31525015143342,0.48189923992183903,0.6298775260874215,-13.768542836133225,22.746566771448347,252,252,0,5,dgtw,2021
ols_textall_dgtw_fit756_val126,ols,textall,756,rank_ic,0.047196814302839694,0.006911070131061289,6.829161534726314,8.541235750555414e-12,0.03365136575132906,0.06074226285435033,252,252,0,5,dgtw,2021
ols_textall_dgtw_fit756_val126,ols,textall,756,ew_spread_bp,25.29233899429232,12.659618410523713,1.9978753050934974,0.0457301805434071,0.4799428516456352,50.104735136939,252,252,0,5,dgtw,2021
ols_textall_dgtw_fit756_val126,ols,textall,756,cap_spread_bp,7.557988536189761,5.403758868818043,1.398653922143441,0.16191678804940168,-3.033184227832505,18.14916130021203,252,252,0,5,dgtw,2021
ridge_textall_dgtw_fit756_val126,ridge,textall,756,rank_ic,0.04787812832132392,0.007547412720359732,6.3436478294302034,2.2438744893911422e-10,0.03308547121295937,0.06267078542968847,252,252,0,5,dgtw,2021
ridge_textall_dgtw_fit756_val126,ridge,textall,756,ew_spread_bp,21.96579029601276,13.498267551936083,1.6273044086211021,0.10367246205406876,-4.490327959467606,48.421908551493125,252,252,0,5,dgtw,2021
ridge_textall_dgtw_fit756_val126,ridge,textall,756,cap_spread_bp,1.5379638439884227,6.0522516299220905,0.25411432604434203,0.7994072359844041,-10.324231376032714,13.40015906400956,252,252,0,5,dgtw,2021
lasso_textall_dgtw_fit756_val126,lasso,textall,756,rank_ic,0.0470888134896129,0.007101012013899794,6.631282047888307,3.327836485904581e-11,0.03317108568858307,0.06100654129064273,252,252,0,5,dgtw,2021
lasso_textall_dgtw_fit756_val126,lasso,textall,756,ew_spread_bp,25.61507803893122,12.8350712433838,1.9957098447844797,0.04596551486989959,0.4588006628932426,50.77135541496919,252,252,0,5,dgtw,2021
lasso_textall_dgtw_fit756_val126,lasso,textall,756,cap_spread_bp,7.356815297126126,5.1340905584514545,1.4329344629528875,0.15187656732623667,-2.705817290805859,17.419447885058112,252,252,0,5,dgtw,2021
enet_textall_dgtw_fit756_val126,enet,textall,756,rank_ic,0.04692370630299459,0.00713947976225722,6.572426544446031,4.9501810414798056e-11,0.032930583100617854,0.06091682950537133,252,252,0,5,dgtw,2021
enet_textall_dgtw_fit756_val126,enet,textall,756,ew_spread_bp,25.512600821567222,12.869069495718376,1.9824743995714245,0.04742616987025039,0.2896880954161709,50.73551354771827,252,252,0,5,dgtw,2021
enet_textall_dgtw_fit756_val126,enet,textall,756,cap_spread_bp,6.685753134267843,5.284470088457299,1.265170021280151,0.20581038650175432,-3.671617916487657,17.043124185023345,252,252,0,5,dgtw,2021
nn3_core_dgtw_fit504_val126,nn3,core,504,rank_ic,0.04467942523274935,0.007786211784954698,5.738275103058901,9.564566378923627e-09,0.029418730558236815,0.059940119907261884,252,252,0,5,dgtw,2021
nn3_core_dgtw_fit504_val126,nn3,core,504,ew_spread_bp,22.658854827456445,12.679241345797008,1.7870828553135427,0.07392409806344796,-2.1920015615968573,47.50971121650974,252,252,0,5,dgtw,2021
nn3_core_dgtw_fit504_val126,nn3,core,504,cap_spread_bp,1.4164904995912906,4.139197821384894,0.3422137720195651,0.7321900216767248,-6.696188155209757,9.529169154392338,252,252,0,5,dgtw,2021
nn3_textcore_dgtw_fit504_val126,nn3,textcore,504,rank_ic,0.05140920651728698,0.007595098298807074,6.768734846441893,1.2991338014163778e-11,0.036523087392583684,0.06629532564199028,252,252,0,5,dgtw,2021
nn3_textcore_dgtw_fit504_val126,nn3,textcore,504,ew_spread_bp,22.48195107117681,12.959616824955251,1.7347697370099087,0.0827815985158789,-2.9184311591748084,47.882333301528426,252,252,0,5,dgtw,2021
nn3_textcore_dgtw_fit504_val126,nn3,textcore,504,cap_spread_bp,11.620140183733634,7.217454217761391,1.610005388761275,0.10739667988339173,-2.525810143145401,25.76609051061267,252,252,0,5,dgtw,2021
nn3_all_dgtw_fit504_val126,nn3,all,504,rank_ic,0.04708960840108263,0.008034654581355804,5.86081304731541,4.60606317854453e-09,0.03134197479340551,0.06283724200875976,252,252,0,5,dgtw,2021
nn3_all_dgtw_fit504_val126,nn3,all,504,ew_spread_bp,30.07914055234808,12.65853655027561,2.3761941542676333,0.0174922560049666,5.268864816823985,54.88941628787217,252,252,0,5,dgtw,2021
nn3_all_dgtw_fit504_val126,nn3,all,504,cap_spread_bp,4.518800791274486,3.3503799156556795,1.3487428008265572,0.17741959275193253,-2.0478231779369898,11.08542476048596,252,252,0,5,dgtw,2021
nn3_textall_dgtw_fit504_val126,nn3,textall,504,rank_ic,0.05256960615448839,0.007626124876183409,6.893357636807741,5.449064989107455e-12,0.03762267605556393,0.06751653625341285,252,252,0,5,dgtw,2021
nn3_textall_dgtw_fit504_val126,nn3,textall,504,ew_spread_bp,28.466715028519285,12.30285461253342,2.313830076437633,0.020677044874170086,4.353563080921301,52.57986697611727,252,252,0,5,dgtw,2021
nn3_textall_dgtw_fit504_val126,nn3,textall,504,cap_spread_bp,24.474822306424304,7.2359211219024635,3.382405901626164,0.0007185388967512028,10.292677512522813,38.656967100325794,252,252,0,5,dgtw,2021
nn3_core_dgtw_fit252_val126,nn3,core,252,rank_ic,0.04625284724227102,0.007896837243632557,5.857135688033332,4.709183641752185e-09,0.03077533065297666,0.06173036383156538,252,252,0,5,dgtw,2021
nn3_core_dgtw_fit252_val126,nn3,core,252,ew_spread_bp,22.505069231989832,12.656107045301622,1.7781983947697788,0.07537127650055388,-2.300444761284986,47.31058322526465,252,252,0,5,dgtw,2021
nn3_core_dgtw_fit252_val126,nn3,core,252,cap_spread_bp,2.5226785959840754,4.0219034305505925,0.6272349994337693,0.5305052042058375,-5.360107277193176,10.405464469161327,252,252,0,5,dgtw,2021
nn3_textcore_dgtw_fit252_val126,nn3,textcore,252,rank_ic,0.047068006094068,0.006328487547012219,7.437481032302823,1.026233129244698e-13,0.03466439842531382,0.05947161376282218,252,252,0,5,dgtw,2021
nn3_textcore_dgtw_fit252_val126,nn3,textcore,252,ew_spread_bp,12.988975244435247,12.069052723308088,1.0762216010002656,0.28182816131150945,-10.665933420763663,36.643883909634155,252,252,0,5,dgtw,2021
nn3_textcore_dgtw_fit252_val126,nn3,textcore,252,cap_spread_bp,12.70099659545601,6.489611910676309,1.9571272936307818,0.050332504225078706,-0.018409023111720657,25.42040221402374,252,252,0,5,dgtw,2021
nn3_all_dgtw_fit252_val126,nn3,all,252,rank_ic,0.03982821471120179,0.006012416610746636,6.624327169879173,3.488333847694175e-11,0.028044094694088008,0.05161233472831558,252,252,0,5,dgtw,2021
nn3_all_dgtw_fit252_val126,nn3,all,252,ew_spread_bp,30.321930409573387,10.274640010955215,2.95114285047875,0.0031660045504303606,10.18400603398694,50.459854785159834,252,252,0,5,dgtw,2021
nn3_all_dgtw_fit252_val126,nn3,all,252,cap_spread_bp,2.4628262084487074,3.8412768054652613,0.6411478092244399,0.5214266546373489,-5.065937984912276,9.991590401809692,252,252,0,5,dgtw,2021
nn3_textall_dgtw_fit252_val126,nn3,textall,252,rank_ic,0.04460342252081242,0.005622226161588758,7.933409514107513,2.1320992145706465e-15,0.03358406173115958,0.05562278331046525,252,252,0,5,dgtw,2021
nn3_textall_dgtw_fit252_val126,nn3,textall,252,ew_spread_bp,25.243617939839975,11.344804475772868,2.22512587094369,0.026072789441513304,3.008209755676347,47.4790261240036,252,252,0,5,dgtw,2021
nn3_textall_dgtw_fit252_val126,nn3,textall,252,cap_spread_bp,16.86162760608772,6.335331546440234,2.6615225237205014,0.007778813632568166,4.444605944944415,29.278649267231025,252,252,0,5,dgtw,2021
nn3_core_dgtw_fit756_val126,nn3,core,756,rank_ic,0.04686202246734893,0.00782932999651545,5.9854447938975,2.157993098271546e-09,0.03151681765109954,0.062207227283598315,252,252,0,5,dgtw,2021
nn3_core_dgtw_fit756_val126,nn3,core,756,ew_spread_bp,20.621101950463476,12.947711780298318,1.5926444996899956,0.11123996470946368,-4.755946821126212,45.99815072205317,252,252,0,5,dgtw,2021
nn3_core_dgtw_fit756_val126,nn3,core,756,cap_spread_bp,0.8753615442169462,3.7171227014218124,0.2354943902933625,0.8138250323413486,-6.410065076686039,8.160788165119932,252,252,0,5,dgtw,2021
nn3_textcore_dgtw_fit756_val126,nn3,textcore,756,rank_ic,0.05106271496095296,0.007369413014100333,6.92900708146655,4.2380459243371676e-12,0.03661893086611554,0.06550649905579038,252,252,0,5,dgtw,2021
nn3_textcore_dgtw_fit756_val126,nn3,textcore,756,ew_spread_bp,18.812030727220858,13.375789259031983,1.4064239771509603,0.1595982645245433,-7.404034485279524,45.02809593972124,252,252,0,5,dgtw,2021
nn3_textcore_dgtw_fit756_val126,nn3,textcore,756,cap_spread_bp,8.635545332643376,8.477207171442448,1.018678104474588,0.30835581073888085,-7.979475412868483,25.250566078155238,252,252,0,5,dgtw,2021
nn3_all_dgtw_fit756_val126,nn3,all,756,rank_ic,0.04857997497720458,0.008703799669496757,5.58146749947123,2.3849762525613804e-08,0.031520841096339305,0.06563910885806985,252,252,0,5,dgtw,2021
nn3_all_dgtw_fit756_val126,nn3,all,756,ew_spread_bp,27.34925231555279,13.295877787377435,2.056972300205486,0.03968889042488589,1.2898107094469147,53.40869392165867,252,252,0,5,dgtw,2021
nn3_all_dgtw_fit756_val126,nn3,all,756,cap_spread_bp,-0.5079801784651429,3.528170969842416,-0.14397833404536844,0.8855175782888755,-7.423068210656031,6.407107853725745,252,252,0,5,dgtw,2021
nn3_textall_dgtw_fit756_val126,nn3,textall,756,rank_ic,0.05464107004901341,0.008064610902705095,6.775413061860837,1.2405132107488308e-11,0.03883472313038237,0.07044741696764445,252,252,0,5,dgtw,2021
nn3_textall_dgtw_fit756_val126,nn3,textall,756,ew_spread_bp,27.8420418909396,13.336896780166136,2.0875952142288963,0.036834364076309155,1.702204536285766,53.98187924559343,252,252,0,5,dgtw,2021
nn3_textall_dgtw_fit756_val126,nn3,textall,756,cap_spread_bp,19.54280573178802,7.171919723984749,2.724905810982775,0.006431983309707937,5.486101372765468,33.599510090810575,252,252,0,5,dgtw,2021
ols_core_dgtw_fit504_val126,ols,core,504,rank_ic,0.034774637272825384,0.005261524959400328,6.609231646938486,3.8631981771391946e-11,0.024462237848642168,0.0450870366970086,251,251,0,5,dgtw,2022
ols_core_dgtw_fit504_val126,ols,core,504,ew_spread_bp,35.13420643265306,8.797613282746806,3.993606595729268,6.507580255801725e-05,17.891201248558126,52.37721161674799,251,251,0,5,dgtw,2022
ols_core_dgtw_fit504_val126,ols,core,504,cap_spread_bp,4.607033007362885,3.4929503083598563,1.3189517744746146,0.18718523549410226,-2.2390237968105096,11.45308981153628,251,251,0,5,dgtw,2022
ridge_core_dgtw_fit504_val126,ridge,core,504,rank_ic,0.03524218253087151,0.005115339661196003,6.889509761827162,5.598498308880975e-12,0.025216301026238022,0.045268064035505,251,251,0,5,dgtw,2022
ridge_core_dgtw_fit504_val126,ridge,core,504,ew_spread_bp,37.88923739088264,7.75180074587869,4.887798155935158,1.0196999542608607e-06,22.695987113629684,53.0824876681356,251,251,0,5,dgtw,2022
ridge_core_dgtw_fit504_val126,ridge,core,504,cap_spread_bp,8.428388757237954,3.021890746297583,2.789111011893599,0.005285294503729911,2.5055917292798258,14.351185785196083,251,251,0,5,dgtw,2022
lasso_core_dgtw_fit504_val126,lasso,core,504,rank_ic,0.03543631994207709,0.005234149610741261,6.770215331513727,1.2859086284124639e-11,0.025177575215329876,0.04569506466882431,251,251,0,5,dgtw,2022
lasso_core_dgtw_fit504_val126,lasso,core,504,ew_spread_bp,37.52446308224552,8.149345113471334,4.6045985977714246,4.1326218782862505e-06,21.552040162254222,53.49688600223681,251,251,0,5,dgtw,2022
lasso_core_dgtw_fit504_val126,lasso,core,504,cap_spread_bp,7.326599945495198,3.0184049183532946,2.4273085101823453,0.01521131454321296,1.4106350147641784,13.242564876226218,251,251,0,5,dgtw,2022
enet_core_dgtw_fit504_val126,enet,core,504,rank_ic,0.03543631994207709,0.005234149610741261,6.770215331513727,1.2859086284124639e-11,0.025177575215329876,0.04569506466882431,251,251,0,5,dgtw,2022
enet_core_dgtw_fit504_val126,enet,core,504,ew_spread_bp,37.52446308224552,8.149345113471334,4.6045985977714246,4.1326218782862505e-06,21.552040162254222,53.49688600223681,251,251,0,5,dgtw,2022
enet_core_dgtw_fit504_val126,enet,core,504,cap_spread_bp,7.326599945495198,3.0184049183532946,2.4273085101823453,0.01521131454321296,1.4106350147641784,13.242564876226218,251,251,0,5,dgtw,2022
ols_all_dgtw_fit504_val126,ols,all,504,rank_ic,0.03055862264235368,0.0044829049978559075,6.816700924282205,9.315491051769312e-12,0.021772290300441494,0.039344954984265865,251,251,0,5,dgtw,2022
ols_all_dgtw_fit504_val126,ols,all,504,ew_spread_bp,34.76819391039887,8.309080330816839,4.184361268171892,2.8596902357567948e-05,18.48269571734771,51.05369210345003,251,251,0,5,dgtw,2022
ols_all_dgtw_fit504_val126,ols,all,504,cap_spread_bp,14.612103016446397,4.422570757224846,3.3039839990294384,0.0009532127260880251,5.944023613205665,23.28018241968713,251,251,0,5,dgtw,2022
ridge_all_dgtw_fit504_val126,ridge,all,504,rank_ic,0.03412089051195196,0.004932300117057789,6.91784556944311,4.5856377115730574e-12,0.024453759921576,0.04378802110232792,251,251,0,5,dgtw,2022
ridge_all_dgtw_fit504_val126,ridge,all,504,ew_spread_bp,29.647711420007788,8.401822694965277,3.5287237658292803,0.00041756875466639665,13.180441533384588,46.11498130663099,251,251,0,5,dgtw,2022
ridge_all_dgtw_fit504_val126,ridge,all,504,cap_spread_bp,5.550434989407187,3.4016902097017883,1.631669742758195,0.10274907738134023,-1.1167553081708217,12.217625286985196,251,251,0,5,dgtw,2022
lasso_all_dgtw_fit504_val126,lasso,all,504,rank_ic,0.03423620220828094,0.005014398977241646,6.827578412420988,8.635992712630997e-12,0.02440816080877283,0.04406424360778905,251,251,0,5,dgtw,2022
lasso_all_dgtw_fit504_val126,lasso,all,504,ew_spread_bp,33.57034832022398,7.567956850906907,4.435853557516131,9.17081784555529e-06,18.737425455893277,48.40327118455468,251,251,0,5,dgtw,2022
lasso_all_dgtw_fit504_val126,lasso,all,504,cap_spread_bp,3.719066298364749,3.25236905536385,1.1434945527572329,0.25283331507909235,-2.655459914580953,10.093592511310451,251,251,0,5,dgtw,2022
enet_all_dgtw_fit504_val126,enet,all,504,rank_ic,0.034298109379984176,0.005025373674796893,6.824986876497373,8.793335356587817e-12,0.024448557968526564,0.04414766079144179,251,251,0,5,dgtw,2022
enet_all_dgtw_fit504_val126,enet,all,504,ew_spread_bp,33.90042813986775,7.592834946087195,4.464791922987554,8.01466037744888e-06,19.018745104979722,48.78211117475578,251,251,0,5,dgtw,2022
enet_all_dgtw_fit504_val126,enet,all,504,cap_spread_bp,4.303122402376814,3.288069930767871,1.308707689611667,0.1906333859671081,-2.141376240577322,10.747621045330948,251,251,0,5,dgtw,2022
ols_textcore_dgtw_fit504_val126,ols,textcore,504,rank_ic,0.03660496003099346,0.0037406819692630197,9.785638108712375,1.2977408166267573e-22,0.029273358093619573,0.043936561968367344,251,251,0,5,dgtw,2022
ols_textcore_dgtw_fit504_val126,ols,textcore,504,ew_spread_bp,28.154603090175492,7.547082454087143,3.7305280896895847,0.0001910788371532766,13.362593291810526,42.94661288854046,251,251,0,5,dgtw,2022
ols_textcore_dgtw_fit504_val126,ols,textcore,504,cap_spread_bp,5.805684343233275,9.896604977060436,0.5866339372633749,0.5574495849169634,-13.59130498102503,25.202673667491577,251,251,0,5,dgtw,2022
ridge_textcore_dgtw_fit504_val126,ridge,textcore,504,rank_ic,0.03838972484741628,0.004150459248735336,9.249512535055924,2.2551880121294667e-20,0.030254974200593854,0.046524475494238715,251,251,0,5,dgtw,2022
ridge_textcore_dgtw_fit504_val126,ridge,textcore,504,ew_spread_bp,28.924673309607517,8.405329476031474,3.4412301614218372,0.0005790757304670941,12.450530258392906,45.398816360822124,251,251,0,5,dgtw,2022
ridge_textcore_dgtw_fit504_val126,ridge,textcore,504,cap_spread_bp,5.963418791545504,9.402383132804534,0.6342454574882592,0.5259206455707696,-12.464913517598266,24.391751100689273,251,251,0,5,dgtw,2022
lasso_textcore_dgtw_fit504_val126,lasso,textcore,504,rank_ic,0.03768442288741492,0.0046900787914539764,8.03492319917558,9.363753730661788e-16,0.028492037371509984,0.046876808403319856,251,251,0,5,dgtw,2022
lasso_textcore_dgtw_fit504_val126,lasso,textcore,504,ew_spread_bp,33.32529645538965,8.4099184793433,3.9626182509669103,7.413226826241845e-05,16.842159122958922,49.80843378782038,251,251,0,5,dgtw,2022
lasso_textcore_dgtw_fit504_val126,lasso,textcore,504,cap_spread_bp,18.509693009254644,7.50894455789135,2.4650192668958137,0.013700588428330433,3.79243211387956,33.226953904629724,251,251,0,5,dgtw,2022
enet_textcore_dgtw_fit504_val126,enet,textcore,504,rank_ic,0.037700127078079786,0.004700929350710793,8.019717861188326,1.0598832811626046e-15,0.02848647485681937,0.0469137792993402,251,251,0,5,dgtw,2022
enet_textcore_dgtw_fit504_val126,enet,textcore,504,ew_spread_bp,33.71342790271108,8.402844904462334,4.0121444922549445,6.016965111825236e-05,17.244154522288994,50.18270128313317,251,251,0,5,dgtw,2022
enet_textcore_dgtw_fit504_val126,enet,textcore,504,cap_spread_bp,19.571280008675227,7.549336001686175,2.59245051542333,0.009529488947799737,4.774853338178712,34.36770667917175,251,251,0,5,dgtw,2022
ols_textall_dgtw_fit504_val126,ols,textall,504,rank_ic,0.03400917841286248,0.003276176824718158,10.380751782464676,3.033766884904752e-25,0.027587989829430098,0.04043036699629486,251,251,0,5,dgtw,2022
ols_textall_dgtw_fit504_val126,ols,textall,504,ew_spread_bp,31.848974924731955,7.905319434358061,4.028803034360648,5.606156300176119e-05,16.354833547105603,47.34311630235831,251,251,0,5,dgtw,2022
ols_textall_dgtw_fit504_val126,ols,textall,504,cap_spread_bp,16.72166500085612,8.243110337121978,2.0285625591534138,0.04250286532519493,0.5654656195072185,32.87786438220502,251,251,0,5,dgtw,2022
ridge_textall_dgtw_fit504_val126,ridge,textall,504,rank_ic,0.037197748213478286,0.004788576100373242,7.768018599637361,7.97233571323141e-15,0.027812311519517473,0.046583184907439096,251,251,0,5,dgtw,2022
ridge_textall_dgtw_fit504_val126,ridge,textall,504,ew_spread_bp,32.77920016506275,8.57694479708757,3.8217804755130773,0.0001324916096570953,15.968697265382907,49.58970306474259,251,251,0,5,dgtw,2022
ridge_textall_dgtw_fit504_val126,ridge,textall,504,cap_spread_bp,12.414825987323935,5.390417638944684,2.3031287775606315,0.021271598594749846,1.849801553362921,22.97985042128495,251,251,0,5,dgtw,2022
lasso_textall_dgtw_fit504_val126,lasso,textall,504,rank_ic,0.035604431124057305,0.004690172587924108,7.591283786811775,3.167513648088452e-14,0.026411861770449033,0.04479700047766558,251,251,0,5,dgtw,2022
lasso_textall_dgtw_fit504_val126,lasso,textall,504,ew_spread_bp,27.7693287494315,7.493939122986193,3.7055717018376244,0.00021091445071442098,13.081477966042884,42.45717953282012,251,251,0,5,dgtw,2022
lasso_textall_dgtw_fit504_val126,lasso,textall,504,cap_spread_bp,12.413922500322464,7.385613525684468,1.6808248166724908,0.09279694680689228,-2.061614013750983,26.88945901439591,251,251,0,5,dgtw,2022
enet_textall_dgtw_fit504_val126,enet,textall,504,rank_ic,0.03558913891283934,0.004697825485677856,7.575662191228488,3.5730041569393126e-14,0.026381570155256353,0.04479670767042232,251,251,0,5,dgtw,2022
enet_textall_dgtw_fit504_val126,enet,textall,504,ew_spread_bp,28.315147768468982,7.430411119622336,3.8107107820311494,0.0001385678059210627,13.751809583683263,42.8784859532547,251,251,0,5,dgtw,2022
enet_textall_dgtw_fit504_val126,enet,textall,504,cap_spread_bp,12.697589817955777,7.539584473254032,1.6841232912767652,0.09215784395079306,-2.0797242080195204,27.474903843931074,251,251,0,5,dgtw,2022
ols_core_dgtw_fit252_val126,ols,core,252,rank_ic,0.035156467526325785,0.005270172054858718,6.670838667195706,2.5434570642583098e-11,0.024827120106473248,0.04548581494617832,251,251,0,5,dgtw,2022
ols_core_dgtw_fit252_val126,ols,core,252,ew_spread_bp,36.071275944222464,8.825514191565018,4.087158567905037,4.366886630717396e-05,18.773585983707896,53.36896590473703,251,251,0,5,dgtw,2022
ols_core_dgtw_fit252_val126,ols,core,252,cap_spread_bp,4.700693562196906,3.3222965165678824,1.4148928425729395,0.15709991686238794,-1.8108879562390223,11.212275080632836,251,251,0,5,dgtw,2022
ridge_core_dgtw_fit252_val126,ridge,core,252,rank_ic,0.03506153846268948,0.005185097046476845,6.76198307349194,1.3611560958190868e-11,0.024898934995249856,0.04522414193012911,251,251,0,5,dgtw,2022
ridge_core_dgtw_fit252_val126,ridge,core,252,ew_spread_bp,38.914934601472034,8.03824621771945,4.841222021252377,1.2904309643297864e-06,23.1602615158766,54.66960768706747,251,251,0,5,dgtw,2022
ridge_core_dgtw_fit252_val126,ridge,core,252,cap_spread_bp,6.971417077354219,2.891309214009984,2.4111627506230975,0.01590175073927561,1.3045551497258385,12.6382790049826,251,251,0,5,dgtw,2022
lasso_core_dgtw_fit252_val126,lasso,core,252,rank_ic,0.03553843222491525,0.005241319392016456,6.780436292252512,1.1981350274195675e-11,0.02526563498509162,0.045811229464738874,251,251,0,5,dgtw,2022
lasso_core_dgtw_fit252_val126,lasso,core,252,ew_spread_bp,37.26026316222018,8.14472401196357,4.574772958235241,4.767366930498717e-06,21.296897434753006,53.22362888968735,251,251,0,5,dgtw,2022
lasso_core_dgtw_fit252_val126,lasso,core,252,cap_spread_bp,7.25458742045441,3.0106029008430255,2.409679276673449,0.01596654948431012,1.353914163050268,13.155260677858552,251,251,0,5,dgtw,2022
enet_core_dgtw_fit252_val126,enet,core,252,rank_ic,0.03553843222491525,0.005241319392016456,6.780436292252512,1.1981350274195675e-11,0.02526563498509162,0.045811229464738874,251,251,0,5,dgtw,2022
enet_core_dgtw_fit252_val126,enet,core,252,ew_spread_bp,37.26026316222018,8.14472401196357,4.574772958235241,4.767366930498717e-06,21.296897434753006,53.22362888968735,251,251,0,5,dgtw,2022
enet_core_dgtw_fit252_val126,enet,core,252,cap_spread_bp,7.25458742045441,3.0106029008430255,2.409679276673449,0.01596654948431012,1.353914163050268,13.155260677858552,251,251,0,5,dgtw,2022
ols_all_dgtw_fit252_val126,ols,all,252,rank_ic,0.03199800772718513,0.004458024415125497,7.177620566325309,7.093509629985002e-13,0.023260440431338913,0.04073557502303134,251,251,0,5,dgtw,2022
ols_all_dgtw_fit252_val126,ols,all,252,ew_spread_bp,35.32649329253288,8.19409283018218,4.31121467923954,1.623601778057847e-05,19.266366459397926,51.38662012566783,251,251,0,5,dgtw,2022
ols_all_dgtw_fit252_val126,ols,all,252,cap_spread_bp,7.246370142964436,4.509444487069612,1.6069318878949919,0.10806931037352492,-1.591978641974702,16.084718927903573,251,251,0,5,dgtw,2022
ridge_all_dgtw_fit252_val126,ridge,all,252,rank_ic,0.03493524849226152,0.005007561428013259,6.976499239096107,3.026259779294848e-12,0.02512060844298357,0.04474988854153947,251,251,0,5,dgtw,2022
ridge_all_dgtw_fit252_val126,ridge,all,252,ew_spread_bp,30.428072196300448,8.138590886309679,3.738739619838244,0.00018494515915148745,14.47672717422756,46.379417218373334,251,251,0,5,dgtw,2022
ridge_all_dgtw_fit252_val126,ridge,all,252,cap_spread_bp,4.684637578333331,3.2631375166012226,1.4356237070917859,0.15110944508620056,-1.7109944308065383,11.0802695874732,251,251,0,5,dgtw,2022
lasso_all_dgtw_fit252_val126,lasso,all,252,rank_ic,0.03520553120948183,0.005013493267085674,7.0221558769434,2.1847059606346257e-12,0.025379264969259862,0.0450317974497038,251,251,0,5,dgtw,2022
lasso_all_dgtw_fit252_val126,lasso,all,252,ew_spread_bp,32.28131792697481,8.230010406689376,3.9223909001058446,8.767459684745177e-05,16.15079393747379,48.41184191647582,251,251,0,5,dgtw,2022
lasso_all_dgtw_fit252_val126,lasso,all,252,cap_spread_bp,4.791364976663161,3.560606797277132,1.345659672482571,0.1784122976530157,-2.1872961091085266,11.770026062434848,251,251,0,5,dgtw,2022
enet_all_dgtw_fit252_val126,enet,all,252,rank_ic,0.035312431743263505,0.005037823189801844,7.0094623040258925,2.392357353888029e-12,0.025438479730771197,0.045186383755755816,251,251,0,5,dgtw,2022
enet_all_dgtw_fit252_val126,enet,all,252,ew_spread_bp,32.43739622011003,8.158383492943667,3.9759587482208603,7.009627651691208e-05,16.447258401874358,48.427534038345705,251,251,0,5,dgtw,2022
enet_all_dgtw_fit252_val126,enet,all,252,cap_spread_bp,5.1904500375772935,3.4767076459733888,1.4929210523607603,0.1354578536882056,-1.6237717333055812,12.004671808460168,251,251,0,5,dgtw,2022
ols_textcore_dgtw_fit252_val126,ols,textcore,252,rank_ic,0.036509237130262946,0.003862910115450438,9.451226158288634,3.348844803632585e-21,0.028938072428464627,0.044080401832061265,251,251,0,5,dgtw,2022
ols_textcore_dgtw_fit252_val126,ols,textcore,252,ew_spread_bp,29.751096343642963,7.846930737432577,3.791430986094975,0.00014978177196489894,14.371394709094785,45.13079797819114,251,251,0,5,dgtw,2022
ols_textcore_dgtw_fit252_val126,ols,textcore,252,cap_spread_bp,10.655507298519638,8.715825210957842,1.2225471530937952,0.22150078380117366,-6.427196210503951,27.738210807543226,251,251,0,5,dgtw,2022
ridge_textcore_dgtw_fit252_val126,ridge,textcore,252,rank_ic,0.037966919541026774,0.004254290671555575,8.924383045774404,4.481903033763155e-19,0.029628663045013125,0.04630517603704042,251,251,0,5,dgtw,2022
ridge_textcore_dgtw_fit252_val126,ridge,textcore,252,ew_spread_bp,28.59032176047391,7.964055613280445,3.5899199037231955,0.00033077958618664633,12.981059587570185,44.19958393337763,251,251,0,5,dgtw,2022
ridge_textcore_dgtw_fit252_val126,ridge,textcore,252,cap_spread_bp,11.83702155105676,9.046638629440883,1.308444167597787,0.19072270013029136,-5.894064343796169,29.56810744590969,251,251,0,5,dgtw,2022
lasso_textcore_dgtw_fit252_val126,lasso,textcore,252,rank_ic,0.03769783969419454,0.004884909492244346,7.717203308279611,1.189099017021417e-14,0.02812359302165778,0.0472720863667313,251,251,0,5,dgtw,2022
lasso_textcore_dgtw_fit252_val126,lasso,textcore,252,ew_spread_bp,31.120813322195204,8.444062020608504,3.685526378920716,0.00022823044019577138,14.57075587858002,47.67087076581039,251,251,0,5,dgtw,2022
lasso_textcore_dgtw_fit252_val126,lasso,textcore,252,cap_spread_bp,8.349596231911116,8.104199915193924,1.0302801410731637,0.3028785186178833,-7.534343725381534,24.233536189203768,251,251,0,5,dgtw,2022
enet_textcore_dgtw_fit252_val126,enet,textcore,252,rank_ic,0.03769334778393724,0.004885752974512362,7.71495161146565,1.2102814182002874e-14,0.028117447916533568,0.047269247651340905,251,251,0,5,dgtw,2022
enet_textcore_dgtw_fit252_val126,enet,textcore,252,ew_spread_bp,30.519606440620063,8.434408472558921,3.6184643582196223,0.00029635630353685115,13.988469603505088,47.05074327773504,251,251,0,5,dgtw,2022
enet_textcore_dgtw_fit252_val126,enet,textcore,252,cap_spread_bp,8.308502535544834,8.095760411794883,1.0262782138957574,0.3047604633829143,-7.5588962990382935,24.17590137012796,251,251,0,5,dgtw,2022
ols_textall_dgtw_fit252_val126,ols,textall,252,rank_ic,0.034649421972105,0.0035783316426537316,9.683122033487258,3.5568502896549586e-22,0.027636020827763636,0.04166282311644637,251,251,0,5,dgtw,2022
ols_textall_dgtw_fit252_val126,ols,textall,252,ew_spread_bp,35.06913989276154,7.5207717687132,4.662970898631837,3.116768418604712e-06,20.32869809013807,49.80958169538501,251,251,0,5,dgtw,2022
ols_textall_dgtw_fit252_val126,ols,textall,252,cap_spread_bp,12.25649953017023,6.640983565409241,1.8455849814190801,0.06495248884509727,-0.7595890799542797,25.272588140294737,251,251,0,5,dgtw,2022
ridge_textall_dgtw_fit252_val126,ridge,textall,252,rank_ic,0.03822500577098631,0.004823948833999063,7.924007299077777,2.2997611573864864e-15,0.028770239793084157,0.04767977174888846,251,251,0,5,dgtw,2022
ridge_textall_dgtw_fit252_val126,ridge,textall,252,ew_spread_bp,29.34423315470372,8.678227165268769,3.3813626442210003,0.0007212728310874958,12.335220461119803,46.353245848287635,251,251,0,5,dgtw,2022
ridge_textall_dgtw_fit252_val126,ridge,textall,252,cap_spread_bp,14.496949267847864,5.51228502679798,2.6299346273588773,0.008540128873090316,3.6930691428044167,25.30082939289131,251,251,0,5,dgtw,2022
lasso_textall_dgtw_fit252_val126,lasso,textall,252,rank_ic,0.03669664624560283,0.004732135575355052,7.754774913195399,8.850030638964927e-15,0.027421830947946202,0.045971461543259456,251,251,0,5,dgtw,2022
lasso_textall_dgtw_fit252_val126,lasso,textall,252,ew_spread_bp,32.14823641733394,8.173790699113944,3.9330877925243275,8.386159108066564e-05,16.12790102990214,48.16857180476574,251,251,0,5,dgtw,2022
lasso_textall_dgtw_fit252_val126,lasso,textall,252,cap_spread_bp,9.065828480827008,5.3925804242182265,1.681167042055066,0.09273047322975764,-1.5034349343764415,19.63509189603046,251,251,0,5,dgtw,2022
enet_textall_dgtw_fit252_val126,enet,textall,252,rank_ic,0.03677649121492463,0.0047346902106906695,7.767454591196978,8.00790326867896e-15,0.027496668924016556,0.0460563135058327,251,251,0,5,dgtw,2022
enet_textall_dgtw_fit252_val126,enet,textall,252,ew_spread_bp,31.26480955157646,8.206460417286007,3.8097800954136787,0.00013909045061654462,15.180442693142343,47.34917641001057,251,251,0,5,dgtw,2022
enet_textall_dgtw_fit252_val126,enet,textall,252,cap_spread_bp,9.410197149249191,5.419016370525739,1.73651388108581,0.08247301211519985,-1.2108797686142179,20.031274067112598,251,251,0,5,dgtw,2022
ols_core_dgtw_fit756_val126,ols,core,756,rank_ic,0.034884911366708474,0.005271007793419505,6.618262149082746,3.634460951858008e-11,0.024553925929376302,0.045215896804040645,251,251,0,5,dgtw,2022
ols_core_dgtw_fit756_val126,ols,core,756,ew_spread_bp,34.35382323739158,8.73030487834391,3.9350084236586604,8.319377819712283e-05,17.24274010178318,51.46490637299998,251,251,0,5,dgtw,2022
ols_core_dgtw_fit756_val126,ols,core,756,cap_spread_bp,4.6706779027220895,3.4974445996518497,1.335454435271692,0.18172765872872165,-2.1841875505196438,11.525543355963823,251,251,0,5,dgtw,2022
ridge_core_dgtw_fit756_val126,ridge,core,756,rank_ic,0.03523879292507217,0.005099422063270578,6.9103503275175715,4.834582841082047e-12,0.025244109339092904,0.04523347651105143,251,251,0,5,dgtw,2022
ridge_core_dgtw_fit756_val126,ridge,core,756,ew_spread_bp,37.52345341067515,7.831035281823883,4.791633808338017,1.6542863435758408e-06,22.17490629663787,52.87200052471243,251,251,0,5,dgtw,2022
ridge_core_dgtw_fit756_val126,ridge,core,756,cap_spread_bp,8.273531352367803,3.029873725798834,2.73065219910657,0.006320913919513813,2.3350879720979005,14.211974732637705,251,251,0,5,dgtw,2022
lasso_core_dgtw_fit756_val126,lasso,core,756,rank_ic,0.03553843222491525,0.005241319392016456,6.780436292252512,1.1981350274195675e-11,0.02526563498509162,0.045811229464738874,251,251,0,5,dgtw,2022
lasso_core_dgtw_fit756_val126,lasso,core,756,ew_spread_bp,37.26026316222018,8.14472401196357,4.574772958235241,4.767366930498717e-06,21.296897434753006,53.22362888968735,251,251,0,5,dgtw,2022
lasso_core_dgtw_fit756_val126,lasso,core,756,cap_spread_bp,7.25458742045441,3.0106029008430255,2.409679276673449,0.01596654948431012,1.353914163050268,13.155260677858552,251,251,0,5,dgtw,2022
enet_core_dgtw_fit756_val126,enet,core,756,rank_ic,0.03553843222491525,0.005241319392016456,6.780436292252512,1.1981350274195675e-11,0.02526563498509162,0.045811229464738874,251,251,0,5,dgtw,2022
enet_core_dgtw_fit756_val126,enet,core,756,ew_spread_bp,37.26026316222018,8.14472401196357,4.574772958235241,4.767366930498717e-06,21.296897434753006,53.22362888968735,251,251,0,5,dgtw,2022
enet_core_dgtw_fit756_val126,enet,core,756,cap_spread_bp,7.25458742045441,3.0106029008430255,2.409679276673449,0.01596654948431012,1.353914163050268,13.155260677858552,251,251,0,5,dgtw,2022
ols_all_dgtw_fit756_val126,ols,all,756,rank_ic,0.03264752403492148,0.004670808979849768,6.9896936859900345,2.754870523872325e-12,0.023492906655749664,0.041802141414093295,251,251,0,5,dgtw,2022
ols_all_dgtw_fit756_val126,ols,all,756,ew_spread_bp,36.07410583173745,8.2657513667874,4.364286346270557,1.2753842880202423e-05,19.873530847671418,52.27468081580348,251,251,0,5,dgtw,2022
ols_all_dgtw_fit756_val126,ols,all,756,cap_spread_bp,14.092776086775183,4.630833047756145,3.043248577834995,0.002340389193062727,5.0165100947552865,23.16904207879508,251,251,0,5,dgtw,2022
ridge_all_dgtw_fit756_val126,ridge,all,756,rank_ic,0.03410912970509869,0.0049801928856224465,6.8489575581640505,7.439006085740586e-12,0.02434813101321609,0.04387012839698129,251,251,0,5,dgtw,2022
ridge_all_dgtw_fit756_val126,ridge,all,756,ew_spread_bp,34.10228746614595,8.292354749500259,4.112497414344356,3.914018558342686e-05,17.849570810095784,50.35500412219612,251,251,0,5,dgtw,2022
ridge_all_dgtw_fit756_val126,ridge,all,756,cap_spread_bp,4.820764969015036,3.543077312023872,1.3606152348567648,0.17363531452204228,-2.1235389569927365,11.765068895022807,251,251,0,5,dgtw,2022
lasso_all_dgtw_fit756_val126,lasso,all,756,rank_ic,0.034515505841706456,0.0051376667071311955,6.71812863878425,1.840731617000638e-11,0.024445864131158818,0.044585147552254095,251,251,0,5,dgtw,2022
lasso_all_dgtw_fit756_val126,lasso,all,756,ew_spread_bp,35.380044028352245,7.52396132351408,4.702316041655027,2.572269381840938e-06,20.63335081319233,50.12673724351216,251,251,0,5,dgtw,2022
lasso_all_dgtw_fit756_val126,lasso,all,756,cap_spread_bp,4.945915694197529,3.2479733565882976,1.522769786323853,0.12781631146255026,-1.4199951074612045,11.311826495856263,251,251,0,5,dgtw,2022
enet_all_dgtw_fit756_val126,enet,all,756,rank_ic,0.034569670011575966,0.005145389795034344,6.7185716512552816,1.8351450032323908e-11,0.02448489132688872,0.04465444869626321,251,251,0,5,dgtw,2022
enet_all_dgtw_fit756_val126,enet,all,756,ew_spread_bp,35.353488229730935,7.580429207429474,4.663784498519091,3.1044648736945357e-06,20.496119995813658,50.21085646364821,251,251,0,5,dgtw,2022
enet_all_dgtw_fit756_val126,enet,all,756,cap_spread_bp,4.881694824092475,3.245054877119865,1.50434892750572,0.1324915472086192,-1.4784958629185114,11.241885511103462,251,251,0,5,dgtw,2022
ols_textcore_dgtw_fit756_val126,ols,textcore,756,rank_ic,0.03653544099556829,0.0037736883040117098,9.681626581805501,3.609272560046434e-22,0.0291391478308253,0.04393173416031128,251,251,0,5,dgtw,2022
ols_textcore_dgtw_fit756_val126,ols,textcore,756,ew_spread_bp,32.02879028319023,7.781723971830475,4.115899047451844,3.8567309757545336e-05,16.77689156077052,47.28068900560994,251,251,0,5,dgtw,2022
ols_textcore_dgtw_fit756_val126,ols,textcore,756,cap_spread_bp,1.948031194521473,8.234944653535528,0.23655668331481985,0.8130007281265997,-14.192163741088837,18.088226130131783,251,251,0,5,dgtw,2022
ridge_textcore_dgtw_fit756_val126,ridge,textcore,756,rank_ic,0.03762068513949441,0.0042444115987310405,8.863580796627248,7.748469724634982e-19,0.0293017912704175,0.04593957900857132,251,251,0,5,dgtw,2022
ridge_textcore_dgtw_fit756_val126,ridge,textcore,756,ew_spread_bp,27.626030071136114,8.106704670025048,3.4078002339575493,0.000654888195482027,11.737180884584358,43.514879257687866,251,251,0,5,dgtw,2022
ridge_textcore_dgtw_fit756_val126,ridge,textcore,756,cap_spread_bp,14.774681216282612,8.938493908290159,1.6529273687348582,0.09834564629907237,-2.7444449199967664,32.29380735256199,251,251,0,5,dgtw,2022
lasso_textcore_dgtw_fit756_val126,lasso,textcore,756,rank_ic,0.03753157572150266,0.004800347382859785,7.818512438394281,5.345120500257403e-15,0.02812306773781638,0.04694008370518894,251,251,0,5,dgtw,2022
lasso_textcore_dgtw_fit756_val126,lasso,textcore,756,ew_spread_bp,34.94625545314848,8.404140627143411,4.1582187880436265,3.207387574699496e-05,18.47444250293753,51.41806840335943,251,251,0,5,dgtw,2022
lasso_textcore_dgtw_fit756_val126,lasso,textcore,756,cap_spread_bp,19.70012327890978,9.361982239739843,2.104268388299914,0.03535504192918599,1.3509752651160554,38.0492712927035,251,251,0,5,dgtw,2022
enet_textcore_dgtw_fit756_val126,enet,textcore,756,rank_ic,0.037554985722653214,0.004804048480955867,7.817361933695735,5.3941841362847275e-15,0.02813922371999536,0.04697074772531107,251,251,0,5,dgtw,2022
enet_textcore_dgtw_fit756_val126,enet,textcore,756,ew_spread_bp,35.511566492238295,8.382702869544804,4.236290734013173,2.2724250698920277e-05,19.081770774829916,51.94136220964667,251,251,0,5,dgtw,2022
enet_textcore_dgtw_fit756_val126,enet,textcore,756,cap_spread_bp,19.92822209880252,9.461068245341211,2.106339536089438,0.03517486936267006,1.3848690826581844,38.47157511494686,251,251,0,5,dgtw,2022
ols_textall_dgtw_fit756_val126,ols,textall,756,rank_ic,0.03486469428245258,0.003317273234172938,10.510045999013114,7.765566246494496e-26,0.028362958216594913,0.04136643034831024,251,251,0,5,dgtw,2022
ols_textall_dgtw_fit756_val126,ols,textall,756,ew_spread_bp,32.16740222020091,8.023643930756267,4.0090764866691915,6.0956671838818746e-05,16.44134909114524,47.893455349256584,251,251,0,5,dgtw,2022
ols_textall_dgtw_fit756_val126,ols,textall,756,cap_spread_bp,8.106202390600433,7.265565152414472,1.1157015621705084,0.2645499016710948,-6.1340436354612,22.346448416662067,251,251,0,5,dgtw,2022
ridge_textall_dgtw_fit756_val126,ridge,textall,756,rank_ic,0.03736753817386167,0.004884946153735833,7.64952918575864,2.017164914739021e-14,0.02779321964612197,0.046941856701601364,251,251,0,5,dgtw,2022
ridge_textall_dgtw_fit756_val126,ridge,textall,756,ew_spread_bp,33.33993906018302,8.788961782653638,3.793387647444832,0.0001486058864704812,16.11389050468294,50.5659876156831,251,251,0,5,dgtw,2022
ridge_textall_dgtw_fit756_val126,ridge,textall,756,cap_spread_bp,11.26195559433725,5.393559848545269,2.0880375689860533,0.036794445882292186,0.6907725427272133,21.833138645947287,251,251,0,5,dgtw,2022
lasso_textall_dgtw_fit756_val126,lasso,textall,756,rank_ic,0.03502159301093083,0.004765134088453583,7.349550371686665,1.9887469847433506e-13,0.025682101816057706,0.04436108420580395,251,251,0,5,dgtw,2022
lasso_textall_dgtw_fit756_val126,lasso,textall,756,ew_spread_bp,31.077231467757386,7.1750466382796985,4.331293305043731,1.4823606176161782e-05,17.01439846933399,45.14006446618078,251,251,0,5,dgtw,2022
lasso_textall_dgtw_fit756_val126,lasso,textall,756,cap_spread_bp,18.804000821031277,8.182297027745447,2.2981322674144646,0.02155426224882968,2.766993335841068,34.84100830622148,251,251,0,5,dgtw,2022
enet_textall_dgtw_fit756_val126,enet,textall,756,rank_ic,0.03501904189255038,0.004770101765068882,7.34136159295224,2.1143172878543882e-13,0.02566981423042443,0.044368269554676334,251,251,0,5,dgtw,2022
enet_textall_dgtw_fit756_val126,enet,textall,756,ew_spread_bp,30.469312156376905,7.317638350310382,4.163817709723866,3.1297001803463725e-05,16.127004537879458,44.81161977487435,251,251,0,5,dgtw,2022
enet_textall_dgtw_fit756_val126,enet,textall,756,cap_spread_bp,19.03194289735922,8.196907192033079,2.321844380018987,0.020241316605420365,2.9663000163570388,35.0975857783614,251,251,0,5,dgtw,2022
nn3_core_dgtw_fit504_val126,nn3,core,504,rank_ic,0.034696230597779494,0.005051753067546066,6.868156486245971,6.503685841763824e-12,0.024794976526599465,0.04459748466895952,251,251,0,5,dgtw,2022
nn3_core_dgtw_fit504_val126,nn3,core,504,ew_spread_bp,33.540113639898685,8.080989862094816,4.150495695734502,3.317560074145346e-05,17.701664550759546,49.378562729037824,251,251,0,5,dgtw,2022
nn3_core_dgtw_fit504_val126,nn3,core,504,cap_spread_bp,7.056844996972052,3.7612642591095065,1.8761896295589684,0.0606292455862421,-0.31509748722031006,14.428787481164415,251,251,0,5,dgtw,2022
nn3_textcore_dgtw_fit504_val126,nn3,textcore,504,rank_ic,0.038798119360025814,0.004101477631826105,9.459546739683592,3.092809257888654e-21,0.030759370918250015,0.046836867801801615,251,251,0,5,dgtw,2022
nn3_textcore_dgtw_fit504_val126,nn3,textcore,504,ew_spread_bp,34.994022713720824,8.159285373043899,4.2888587803696305,1.795935110584602e-05,19.00211724297032,50.98592818447133,251,251,0,5,dgtw,2022
nn3_textcore_dgtw_fit504_val126,nn3,textcore,504,cap_spread_bp,17.91155387630602,8.462231894558405,2.116646541892093,0.034289856971027564,1.3258841341453973,34.49722361846664,251,251,0,5,dgtw,2022
nn3_all_dgtw_fit504_val126,nn3,all,504,rank_ic,0.037799818028472244,0.005110250743933905,7.396861704553795,1.3944063661887526e-13,0.027783910618392773,0.04781572543855171,251,251,0,5,dgtw,2022
nn3_all_dgtw_fit504_val126,nn3,all,504,ew_spread_bp,34.83162551944515,8.534237049472589,4.081398878133778,4.476545357375263e-05,18.104828266951497,51.558422771938794,251,251,0,5,dgtw,2022
nn3_all_dgtw_fit504_val126,nn3,all,504,cap_spread_bp,10.668382016141038,4.65121347801456,2.2936771374972444,0.02180905092479158,1.552171114825219,19.784592917456855,251,251,0,5,dgtw,2022
nn3_textall_dgtw_fit504_val126,nn3,textall,504,rank_ic,0.03963577958606275,0.004416427652995415,8.974624447698135,2.843200610237414e-19,0.030979740445864976,0.048291818726260524,251,251,0,5,dgtw,2022
nn3_textall_dgtw_fit504_val126,nn3,textall,504,ew_spread_bp,34.19187079913507,8.783806425602394,3.8926029493859415,9.917439224992465e-05,16.97592655778287,51.407815040487264,251,251,0,5,dgtw,2022
nn3_textall_dgtw_fit504_val126,nn3,textall,504,cap_spread_bp,8.033034591975959,8.406559454315286,0.9555674513016633,0.3392908123499443,-8.44351917237669,24.509588356328607,251,251,0,5,dgtw,2022
nn3_core_dgtw_fit252_val126,nn3,core,252,rank_ic,0.03447200359792962,0.004966647207179848,6.940699059135195,3.901643759012288e-12,0.02473755394794067,0.04420645324791857,251,251,0,5,dgtw,2022
nn3_core_dgtw_fit252_val126,nn3,core,252,ew_spread_bp,35.17080822909136,8.050813560340915,4.368602994652138,1.2504384281361131e-05,19.391503604576478,50.950112853606235,251,251,0,5,dgtw,2022
nn3_core_dgtw_fit252_val126,nn3,core,252,cap_spread_bp,9.624648840446282,4.147489615831959,2.320596247837896,0.02030864489622865,1.4957185671617772,17.753579113730787,251,251,0,5,dgtw,2022
nn3_textcore_dgtw_fit252_val126,nn3,textcore,252,rank_ic,0.036009055474077394,0.0038301289335573884,9.401525666299833,5.377754863171675e-21,0.028502140708160106,0.04351597023999468,251,251,0,5,dgtw,2022
nn3_textcore_dgtw_fit252_val126,nn3,textcore,252,ew_spread_bp,35.56826202997857,7.985198850387976,4.4542738003638345,8.417762255284606e-06,19.917559873827493,51.21896418612965,251,251,0,5,dgtw,2022
nn3_textcore_dgtw_fit252_val126,nn3,textcore,252,cap_spread_bp,12.793384510610576,9.026736373153883,1.4172768519815153,0.15640200019160333,-4.898693678708746,30.485462699929897,251,251,0,5,dgtw,2022
nn3_all_dgtw_fit252_val126,nn3,all,252,rank_ic,0.034221201678826224,0.004555319702556645,7.512360034712774,5.807081580975721e-14,0.02529293912374949,0.04314946423390296,251,251,0,5,dgtw,2022
nn3_all_dgtw_fit252_val126,nn3,all,252,ew_spread_bp,37.19354364200958,7.868395870645628,4.726953784921567,2.2791311154265783e-06,21.771771119440466,52.615316164578694,251,251,0,5,dgtw,2022
nn3_all_dgtw_fit252_val126,nn3,all,252,cap_spread_bp,11.514719279529976,4.543305119138413,2.5344367101881136,0.011262827039272737,2.610004875242227,20.419433683817722,251,251,0,5,dgtw,2022
nn3_textall_dgtw_fit252_val126,nn3,textall,252,rank_ic,0.03836516609863414,0.003767089592823912,10.18429882095652,2.3303375497415396e-24,0.030981806170163616,0.04574852602710466,251,251,0,5,dgtw,2022
nn3_textall_dgtw_fit252_val126,nn3,textall,252,ew_spread_bp,34.61975235119293,8.455014086364132,4.094582456938317,4.229298794732839e-05,18.0482292531404,51.19127544924546,251,251,0,5,dgtw,2022
nn3_textall_dgtw_fit252_val126,nn3,textall,252,cap_spread_bp,6.632995850593632,8.796371372644378,0.7540604607965308,0.45081291792284983,-10.607575234428507,23.87356693561577,251,251,0,5,dgtw,2022
nn3_core_dgtw_fit756_val126,nn3,core,756,rank_ic,0.0344445253258553,0.005057563990438232,6.810497186189971,9.726201553712268e-12,0.024531882055089688,0.04435716859662091,251,251,0,5,dgtw,2022
nn3_core_dgtw_fit756_val126,nn3,core,756,ew_spread_bp,34.00727374215601,8.350996252726576,4.072241528195242,4.656285837675819e-05,17.63962185178297,50.37492563252905,251,251,0,5,dgtw,2022
nn3_core_dgtw_fit756_val126,nn3,core,756,cap_spread_bp,7.570836921953194,3.8739231631790445,1.9543074560467955,0.050664867617586554,-0.021912956753216584,15.163586800659605,251,251,0,5,dgtw,2022
nn3_textcore_dgtw_fit756_val126,nn3,textcore,756,rank_ic,0.03773724241482397,0.004122048847928024,9.154972152693642,5.43718310746815e-20,0.029658175130370223,0.04581630969927772,251,251,0,5,dgtw,2022
nn3_textcore_dgtw_fit756_val126,nn3,textcore,756,ew_spread_bp,28.694772067161352,8.406780859512725,3.4132889326705445,0.0006418385457464332,12.217784356595732,45.171759777726976,251,251,0,5,dgtw,2022
nn3_textcore_dgtw_fit756_val126,nn3,textcore,756,cap_spread_bp,10.163011385187136,7.090239573029931,1.433380533973141,0.1517491182827262,-3.7336028197121784,24.05962559008645,251,251,0,5,dgtw,2022
nn3_all_dgtw_fit756_val126,nn3,all,756,rank_ic,0.03870553111887289,0.00532571956704177,7.267662262655018,3.657618629897017e-13,0.028267312575710773,0.04914374966203501,251,251,0,5,dgtw,2022
nn3_all_dgtw_fit756_val126,nn3,all,756,ew_spread_bp,35.56290751785502,9.020313301365261,3.94253573348416,8.062463318147426e-05,17.88341831791151,53.24239671779853,251,251,0,5,dgtw,2022
nn3_all_dgtw_fit756_val126,nn3,all,756,cap_spread_bp,10.120959660602612,4.496600608903875,2.25080244853451,0.02439805239898592,1.3077844142901398,18.934134906915084,251,251,0,5,dgtw,2022
nn3_textall_dgtw_fit756_val126,nn3,textall,756,rank_ic,0.04111761769881323,0.004601871686583135,8.934977004833188,4.0726290343253715e-19,0.03209811493163569,0.050137120465990774,251,251,0,5,dgtw,2022
nn3_textall_dgtw_fit756_val126,nn3,textall,756,ew_spread_bp,35.82979808304625,9.031489767430546,3.967207958564715,7.271953657006525e-05,18.12840341214035,53.53119275395215,251,251,0,5,dgtw,2022
nn3_textall_dgtw_fit756_val126,nn3,textall,756,cap_spread_bp,8.353917610178735,6.932480374919588,1.205040210485361,0.22818777925457534,-5.233494248194388,21.941329468551857,251,251,0,5,dgtw,2022
